timestamp x y theta
1769097853.530932 0.000000 0.000000 0.000001
1769097853.652647 0.000000 0.000000 -0.000001
1769097853.731583 0.000000 0.000000 -0.000002
1769097853.852674 0.000000 0.000000 -0.000003
1769097853.932205 0.000000 0.000000 -0.000004
1769097854.052662 0.000000 0.000000 -0.000002
1769097854.132859 0.000000 0.000000 -0.000001
1769097854.252652 0.000000 0.000000 -0.000001
1769097854.333486 0.000000 0.000000 0.000001
1769097854.452652 0.000000 0.000000 -0.000001
1769097854.534132 0.000000 0.000000 -0.000001
1769097854.652653 0.000000 0.000000 -0.000003
1769097854.734830 0.000000 0.000000 -0.000004
1769097854.852657 0.000025 -0.000000 -0.000047
1769097854.935468 -0.000000 0.000000 -0.000003
1769097855.052652 -0.000000 0.000000 -0.000003
1769097855.136161 -0.000000 0.000000 -0.000003
1769097855.252628 -0.000000 0.000000 -0.000003
1769097855.336802 -0.000000 0.000000 -0.000004
1769097855.452663 -0.000000 0.000000 -0.000004
1769097855.537492 -0.000000 0.000000 -0.000005
1769097855.652647 -0.000000 0.000000 -0.000005
1769097855.738182 -0.000000 0.000000 -0.000004
1769097855.852708 -0.000000 0.000000 -0.000003
1769097855.938821 -0.000000 0.000000 -0.000004
1769097856.052644 0.000025 -0.000000 -0.000062
1769097856.139452 -0.000000 0.000000 -0.000003
1769097856.252650 0.000051 -0.000000 -0.000847
1769097856.340117 0.000215 -0.000000 -0.002332
1769097856.452653 0.001190 -0.000003 -0.000746
1769097856.540856 0.002199 -0.000003 -0.000275
1769097856.652626 0.003012 -0.000003 0.000385
1769097856.741513 0.003619 -0.000004 0.001416
1769097856.852639 0.004961 -0.000003 0.001482
1769097856.942167 0.005656 -0.000002 0.002032
1769097857.052629 0.006176 -0.000002 0.003501
1769097857.142885 0.007717 0.000004 0.003578
1769097857.252655 0.008732 0.000007 0.004465
1769097857.343569 0.009669 0.000012 0.004098
1769097857.452627 0.011567 0.000018 0.004475
1769097857.544240 0.013462 0.000026 0.004765
1769097857.652716 0.015364 0.000035 0.005197
1769097857.744916 0.017276 0.000044 0.005436
1769097857.852656 0.019489 0.000056 0.006207
1769097857.945523 0.020400 0.000063 0.005832
1769097858.052717 0.023336 0.000083 0.005943
1769097858.146243 0.025349 0.000096 0.006293
1769097858.252649 0.027234 0.000112 0.005786
1769097858.346948 0.029351 0.000120 0.005279
1769097858.452655 0.032144 0.000135 0.005163
1769097858.547603 0.034540 0.000155 0.004659
1769097858.652651 0.037788 0.000172 0.003618
1769097858.748284 0.040836 0.000188 0.002999
1769097858.852657 0.044420 0.000195 0.001880
1769097858.949001 0.048931 0.000214 0.001265
1769097859.052657 0.053962 0.000233 -0.001053
1769097859.149622 0.060587 0.000223 -0.002245
1769097859.252696 0.068693 0.000207 -0.003161
1769097859.350391 0.075124 0.000176 -0.002913
1769097859.452677 0.084157 0.000146 -0.002209
1769097859.551018 0.093409 0.000148 -0.002250
1769097859.652706 0.103976 0.000150 0.000025
1769097859.751699 0.112121 0.000133 0.002921
1769097859.852685 0.122604 0.000185 0.002934
1769097859.952341 0.132961 0.000275 0.001468
1769097860.052710 0.143409 0.000306 0.000720
1769097860.152689 0.147484 0.000333 0.000934
1769097860.252685 0.162468 0.000388 -0.001088
1769097860.352718 0.173327 0.000347 -0.001789
1769097860.452711 0.183906 0.000346 -0.002550
1769097860.552694 0.192436 0.000237 -0.001191
1769097860.652695 0.202763 0.000186 0.002076
1769097860.752705 0.213241 0.000191 0.006884
1769097860.852711 0.221543 0.000283 0.009086
1769097860.952693 0.227719 0.000297 0.011847
1769097861.052700 0.242499 0.000458 0.013579
1769097861.152702 0.251154 0.000527 0.012835
1769097861.252701 0.257557 0.000646 0.010783
1769097861.352706 0.272389 0.000760 0.009559
1769097861.452708 0.283120 0.000834 0.008041
1769097861.552736 0.291903 0.000903 0.008110
1769097861.652720 0.302736 0.000887 0.010367
1769097861.752756 0.311239 0.001016 0.010507
1769097861.852708 0.321718 0.000983 0.014491
1769097861.952730 0.332246 0.001185 0.014390
1769097862.052712 0.340724 0.001242 0.017179
1769097862.152710 0.351303 0.001460 0.015254
1769097862.252737 0.362210 0.001681 0.013256
1769097862.352722 0.370967 0.001704 0.013611
1769097862.452730 0.381622 0.001868 0.009171
1769097862.552716 0.392076 0.001853 0.009187
1769097862.652721 0.402478 0.001893 0.011397
1769097862.752714 0.410881 0.001925 0.014046
1769097862.852716 0.421663 0.002059 0.017068
1769097862.952714 0.432367 0.002271 0.019272
1769097863.052801 0.440844 0.002553 0.017031
1769097863.152734 0.451195 0.002700 0.017559
1769097863.252732 0.461824 0.002896 0.016721
1769097863.352730 0.470478 0.003052 0.016536
1769097863.452813 0.481157 0.003303 0.013004
1769097863.552738 0.491914 0.003420 0.012787
1769097863.652773 0.502696 0.003494 0.013238
1769097863.752762 0.506973 0.003578 0.013257
1769097863.852731 0.521450 0.003748 0.014483
1769097863.952769 0.531724 0.003958 0.017399
1769097864.052748 0.539949 0.004108 0.019588
1769097864.152749 0.546525 0.004516 0.016047
1769097864.252725 0.544400 -0.008002 0.015273
1769097864.352728 0.535021 -0.022657 0.011357
1769097864.452737 0.540639 -0.024859 0.010629
1769097864.552742 0.551395 -0.024722 0.010285
1769097864.652722 0.562127 -0.024641 0.011384
1769097864.752747 0.570604 -0.024481 0.012957
1769097864.852772 0.581310 -0.024357 0.016380
1769097864.952749 0.591915 -0.024229 0.019682
1769097865.052737 0.600366 -0.024003 0.020631
1769097865.152742 0.610867 -0.023722 0.020471
1769097865.252748 0.621443 -0.023426 0.020630
1769097865.352765 0.625746 -0.023396 0.023318
1769097865.452740 0.641105 -0.023008 0.021171
1769097865.552752 0.652037 -0.022764 0.020952
1769097865.652804 0.660413 -0.022613 0.018994
1769097865.752751 0.670816 -0.022500 0.019853
1769097865.852740 0.681319 -0.022375 0.023816
1769097865.952769 0.689798 -0.022317 0.028892
1769097866.052767 0.700497 -0.021877 0.029527
1769097866.152757 0.711174 -0.021545 0.030187
1769097866.252755 0.719824 -0.021139 0.027179
1769097866.352776 0.730576 -0.020807 0.024693
1769097866.452770 0.741229 -0.020577 0.024350
1769097866.552761 0.745504 -0.020365 0.022789
1769097866.652764 0.760791 -0.020186 0.024278
1769097866.752762 0.771443 -0.019915 0.024748
1769097866.852852 0.779871 -0.019819 0.028130
1769097866.952764 0.790016 -0.019480 0.028779
1769097867.052768 0.800213 -0.019272 0.031592
1769097867.152782 0.810661 -0.018927 0.034385
1769097867.252777 0.818933 -0.018655 0.035747
1769097867.352770 0.829530 -0.018202 0.034718
1769097867.452770 0.840002 -0.017842 0.033778
1769097867.552812 0.850625 -0.017395 0.029369
1769097867.652766 0.859278 -0.017172 0.028195
1769097867.752776 0.869602 -0.016953 0.027424
1769097867.852865 0.880229 -0.016678 0.029303
1769097867.952855 0.888756 -0.016479 0.031805
1769097868.052829 0.899559 -0.016164 0.034878
1769097868.152778 0.910235 -0.015825 0.037500
1769097868.252778 0.918704 -0.015351 0.033010
1769097868.352773 0.929278 -0.014987 0.032169
1769097868.452802 0.939927 -0.014600 0.030934
1769097868.552778 0.948580 -0.014368 0.031001
1769097868.652776 0.959559 -0.014007 0.029485
1769097868.752790 0.970565 -0.013704 0.029060
1769097868.852786 0.979194 -0.013511 0.030164
1769097868.952803 0.989822 -0.013268 0.032020
1769097869.052793 1.000220 -0.012939 0.034857
1769097869.152790 1.008567 -0.012642 0.037885
1769097869.252788 1.019164 -0.012212 0.039716
1769097869.352817 1.029708 -0.011737 0.039621
1769097869.452804 1.038156 -0.011404 0.040099
1769097869.552823 1.048979 -0.010933 0.036877
1769097869.652819 1.059449 -0.010505 0.033296
1769097869.752829 1.068026 -0.010234 0.032171
1769097869.852822 1.057662 -0.016786 0.028627
1769097869.952803 1.047668 -0.026584 0.024628
1769097870.052807 1.049640 -0.029856 0.026160
1769097870.152794 1.057938 -0.029584 0.026778
1769097870.252795 1.068514 -0.029289 0.027745
1769097870.352802 1.078859 -0.028857 0.026018
1769097870.452818 1.087334 -0.028569 0.026606
1769097870.552798 1.097910 -0.028289 0.026683
1769097870.652801 1.108713 -0.027907 0.023742
1769097870.752808 1.119695 -0.027658 0.023209
1769097870.852807 1.128146 -0.027406 0.021425
1769097870.952888 1.138523 -0.027245 0.024552
1769097871.052809 1.148998 -0.026983 0.027931
1769097871.153421 1.159220 -0.026687 0.031753
1769097871.252834 1.167744 -0.026341 0.032908
1769097871.352827 1.178166 -0.025975 0.034956
1769097871.452813 1.188789 -0.025592 0.036069
1769097871.552847 1.197215 -0.025382 0.037782
1769097871.652853 1.207610 -0.024979 0.035201
1769097871.752863 1.218360 -0.024590 0.032862
1769097871.852861 1.229238 -0.024259 0.032493
1769097871.952856 1.237966 -0.024010 0.032019
1769097872.052854 1.248745 -0.023745 0.034116
1769097872.152813 1.257219 -0.023439 0.033707
1769097872.252818 1.267669 -0.023190 0.038573
1769097872.352821 1.278140 -0.022773 0.039647
1769097872.452844 1.288586 -0.022403 0.042247
1769097872.552833 1.297359 -0.021977 0.039005
1769097872.652822 1.308208 -0.021541 0.036580
1769097872.752834 1.316883 -0.021178 0.033230
1769097872.852838 1.327763 -0.020879 0.032111
1769097872.952825 1.338415 -0.020586 0.033184
1769097873.052835 1.348912 -0.020224 0.034664
1769097873.152833 1.357211 -0.019980 0.037961
1769097873.252829 1.367909 -0.019525 0.040302
1769097873.352832 1.378326 -0.019045 0.041869
1769097873.452863 1.386771 -0.018641 0.040806
1769097873.552853 1.397115 -0.018222 0.042507
1769097873.652857 1.407457 -0.017755 0.042301
1769097873.752837 1.416181 -0.017367 0.042537
1769097873.852923 1.422852 -0.016939 0.037912
1769097873.952912 1.437928 -0.016374 0.037472
1769097874.052841 1.446527 -0.016029 0.037171
1769097874.152841 1.457128 -0.015698 0.040347
1769097874.252844 1.467546 -0.015239 0.042319
1769097874.352858 1.475967 -0.014865 0.045761
1769097874.452850 1.486661 -0.014334 0.047688
1769097874.552851 1.497478 -0.013707 0.044962
1769097874.602301 1.501700 -0.013422 0.043259
1769097874.752880 1.516816 -0.012681 0.040173
1769097874.802976 1.521106 -0.012498 0.039580
1769097874.952857 1.536137 -0.011845 0.038697
1769097875.003677 1.542735 -0.011565 0.039057
1769097875.152862 1.557884 -0.010847 0.039418
1769097875.204315 1.562260 -0.010723 0.042615
1769097875.352865 1.576900 -0.009988 0.044763
1769097875.404967 1.581358 -0.009719 0.044912
1769097875.552868 1.581036 -0.023671 0.046600
1769097875.605573 1.582282 -0.028561 0.046693
1769097875.752890 1.597267 -0.027773 0.049185
1769097875.806185 1.601975 -0.027467 0.046662
1769097875.952872 1.616905 -0.026659 0.042316
1769097876.006908 1.621649 -0.026424 0.040683
1769097876.152877 1.635542 -0.025816 0.041935
1769097876.207582 1.642309 -0.025464 0.042190
1769097876.352864 1.656653 -0.024753 0.047074
1769097876.408255 1.661340 -0.024474 0.048448
1769097876.552885 1.675807 -0.023588 0.047959
1769097876.608880 1.680913 -0.023278 0.047246
1769097876.752898 1.695042 -0.022513 0.047080
1769097876.809581 1.701942 -0.022143 0.046288
1769097876.952866 1.716551 -0.021310 0.043108
1769097877.010188 1.721588 -0.021086 0.043557
1769097877.152876 1.736222 -0.020349 0.044664
1769097877.210910 1.741553 -0.020069 0.046038
1769097877.352877 1.755309 -0.019344 0.048815
1769097877.411440 1.762319 -0.018996 0.051777
1769097877.552888 1.776184 -0.018152 0.054837
1769097877.612041 1.781213 -0.017840 0.056085
1769097877.752918 1.795586 -0.016923 0.056269
1769097877.812652 1.797716 -0.016727 0.054323
1769097877.952879 1.815060 -0.015604 0.046818
1769097878.013304 1.822352 -0.015240 0.046436
1769097878.152889 1.836172 -0.014559 0.048285
1769097878.214020 1.841388 -0.014279 0.049252
1769097878.352898 1.855410 -0.013567 0.054848
1769097878.414716 1.857940 -0.013446 0.057206
1769097878.552901 1.874565 -0.012462 0.059635
1769097878.615449 1.881888 -0.011983 0.057983
1769097878.752896 1.895559 -0.011181 0.058780
1769097878.816075 1.900926 -0.010823 0.057130
1769097878.952894 1.914965 -0.010034 0.058307
1769097879.016807 1.921120 -0.009674 0.056867
1769097879.152904 1.934372 -0.008918 0.054773
1769097879.217406 1.941989 -0.008486 0.053518
1769097879.352866 1.955602 -0.007746 0.055496
1769097879.418082 1.960925 -0.007430 0.057015
1769097879.552926 1.974174 -0.006634 0.062006
1769097879.618661 1.981633 -0.006140 0.063367
1769097879.752908 1.995139 -0.005289 0.064648
1769097879.819372 2.000801 -0.004891 0.063956
1769097879.952911 2.014381 -0.003960 0.058736
1769097880.020051 2.020820 -0.003526 0.056023
1769097880.152924 2.033655 -0.002753 0.053399
1769097880.220705 2.041672 -0.002301 0.053220
1769097880.352910 2.055287 -0.001512 0.053847
1769097880.421331 2.061097 -0.001188 0.055398
1769097880.552929 2.074338 -0.000355 0.055953
1769097880.621932 2.078339 -0.000100 0.056928
1769097880.752927 2.093310 0.000831 0.059036
1769097880.822620 2.101331 0.001322 0.060292
1769097880.952916 2.114860 0.002184 0.059997
1769097881.023246 2.121026 0.002591 0.057543
1769097881.152925 2.121550 -0.016025 0.057331
1769097881.224018 2.120556 -0.026286 0.055971
1769097881.352937 2.133651 -0.025583 0.059360
1769097881.424664 2.140656 -0.025152 0.060646
1769097881.552980 2.152827 -0.024400 0.065569
1769097881.625406 2.160889 -0.023846 0.066478
1769097881.752938 2.173861 -0.022956 0.068679
1769097881.826036 2.180862 -0.022458 0.067251
1769097881.952922 2.192701 -0.021682 0.068912
1769097882.026828 2.201062 -0.021097 0.067964
1769097882.152944 2.214190 -0.020216 0.064828
1769097882.227498 2.218582 -0.019910 0.063446
1769097882.352958 2.233741 -0.018985 0.062668
1769097882.428182 2.240140 -0.018598 0.062980
1769097882.552940 2.252792 -0.017828 0.064714
1769097882.628801 2.260214 -0.017378 0.069029
1769097882.752957 2.271684 -0.016590 0.071194
1769097882.829363 2.277920 -0.016150 0.071952
1769097882.952955 2.292988 -0.015029 0.068876
1769097883.030098 2.300663 -0.014495 0.067685
1769097883.152969 2.312157 -0.013757 0.065840
1769097883.230747 2.321112 -0.013187 0.064721
1769097883.352959 2.333605 -0.012415 0.065682
1769097883.431429 2.340201 -0.012008 0.067230
1769097883.553038 2.352749 -0.011150 0.068457
1769097883.631979 2.360722 -0.010596 0.070300
1769097883.753040 2.371731 -0.009767 0.070057
1769097883.832663 2.380524 -0.009117 0.069366
1769097883.952972 2.392762 -0.008246 0.072626
1769097884.033346 2.399599 -0.007730 0.072363
1769097884.152975 2.412226 -0.006819 0.073827
1769097884.234056 2.420684 -0.006182 0.070822
1769097884.352992 2.427474 -0.005719 0.070344
1769097884.434668 2.440866 -0.004824 0.070433
1769097884.552970 2.452986 -0.004051 0.074503
1769097884.635279 2.457153 -0.003776 0.075695
1769097884.752987 2.472096 -0.002671 0.079499
1769097884.835927 2.479173 -0.002148 0.081347
1769097884.952970 2.491295 -0.001166 0.078701
1769097885.036560 2.499920 -0.000517 0.077151
1769097885.152976 2.510552 0.000272 0.074670
1769097885.237305 2.519934 0.000952 0.073206
1769097885.352984 2.532087 0.001818 0.072622
1769097885.437850 2.539342 0.002330 0.072837
1769097885.552990 2.551500 0.003225 0.072600
1769097885.638521 2.560231 0.003849 0.075891
1769097885.752970 2.572202 0.004736 0.077869
1769097885.839164 2.579214 0.005308 0.078851
1769097885.953027 2.590795 0.006237 0.080641
1769097886.039847 2.599831 0.006974 0.081300
1769097886.152987 2.610242 0.007838 0.079775
1769097886.240433 2.620039 0.008645 0.076050
1769097886.352997 2.631938 0.009578 0.071135
1769097886.441220 2.639424 0.010120 0.071009
1769097886.553013 2.650977 0.010947 0.073860
1769097886.641831 2.660188 0.011637 0.076331
1769097886.752996 2.681319 -0.004375 0.076370
1769097886.842509 2.699740 -0.017137 0.072391
1769097886.953010 2.711226 -0.016252 0.071731
1769097887.043206 2.718817 -0.015663 0.069791
1769097887.153002 2.730058 -0.014857 0.071478
1769097887.243871 2.739089 -0.014169 0.069274
1769097887.352994 2.751157 -0.013272 0.067045
1769097887.444619 2.755600 -0.012934 0.067007
1769097887.553007 2.770778 -0.011877 0.066936
1769097887.645218 2.780417 -0.011189 0.068204
1769097887.753039 2.785529 -0.010853 0.073237
1769097887.845903 2.799399 -0.009806 0.077269
1769097887.953018 2.808569 -0.009060 0.079539
1769097888.046581 2.818756 -0.008229 0.081428
1769097888.153025 2.830135 -0.007257 0.079401
1769097888.247268 2.838195 -0.006557 0.076433
1769097888.353005 2.849403 -0.005645 0.071184
1769097888.447923 2.859459 -0.004920 0.072713
1769097888.553016 2.868669 -0.004242 0.074159
1769097888.648514 2.879034 -0.003452 0.075205
1769097888.753017 2.890100 -0.002617 0.080575
1769097888.849136 2.898396 -0.001907 0.079730
1769097888.953010 2.909163 -0.000984 0.077703
1769097889.049797 2.919298 -0.000129 0.077359
1769097889.153008 2.928056 0.000603 0.078624
1769097889.250502 2.934257 0.001166 0.077148
1769097889.353008 2.949320 0.002377 0.077757
1769097889.451141 2.959556 0.003203 0.077423
1769097889.553053 2.968678 0.003917 0.078537
1769097889.651767 2.978895 0.004715 0.079660
1769097889.753064 2.989575 0.005561 0.084151
1769097889.852536 2.997871 0.006280 0.085856
1769097889.953031 3.008536 0.007227 0.088788
1769097890.053077 3.019197 0.008211 0.089624
1769097890.153039 3.027687 0.009025 0.087629
1769097890.253097 3.037900 0.009932 0.088485
1769097890.353037 3.048260 0.010882 0.086355
1769097890.453046 3.058644 0.011822 0.083883
1769097890.553058 3.067116 0.012566 0.082889
1769097890.653046 3.077685 0.013462 0.083725
1769097890.753054 3.088202 0.014367 0.084765
1769097890.853057 3.098490 0.015276 0.085960
1769097890.953068 3.108728 0.016184 0.089017
1769097891.053045 3.116976 0.016916 0.093806
1769097891.153047 3.127203 0.017894 0.093664
1769097891.253045 3.138013 0.018916 0.093960
1769097891.353047 3.146605 0.019727 0.091374
1769097891.453062 3.157269 0.020695 0.090498
1769097891.553022 3.167935 0.021641 0.088328
1769097891.653060 3.178427 0.022545 0.088671
1769097891.753048 3.186826 0.023271 0.091307
1769097891.853073 3.197565 0.024242 0.093263
1769097891.953133 3.206109 0.025037 0.097038
1769097892.053065 3.216716 0.026062 0.099606
1769097892.153054 3.227243 0.027110 0.099848
1769097892.253060 3.235654 0.027954 0.097581
1769097892.353068 3.246318 0.019630 0.096162
1769097892.453124 3.256920 0.010519 0.089487
1769097892.553070 3.261404 0.010131 0.087656
1769097892.653051 3.276609 0.011467 0.087263
1769097892.753065 3.287377 0.012408 0.086717
1769097892.853054 3.295828 0.013130 0.089164
1769097892.953072 3.306368 0.014062 0.091670
1769097893.053060 3.316781 0.015005 0.096896
1769097893.153068 3.321008 0.015435 0.094427
1769097893.253116 3.331488 0.016447 0.095874
1769097893.353127 3.346274 0.017890 0.093021
1769097893.453062 3.356930 0.018907 0.088880
1769097893.553069 3.361193 0.019299 0.089575
1769097893.653080 3.376144 0.020642 0.090253
1769097893.753093 3.386861 0.021606 0.091652
1769097893.853115 3.391198 0.021996 0.092888
1769097893.953077 3.406088 0.023410 0.092492
1769097894.053075 3.416620 0.024425 0.093985
1769097894.153066 3.424908 0.025244 0.096363
1769097894.253071 3.435308 0.026293 0.096170
1769097894.353096 3.445832 0.027366 0.096236
1769097894.453079 3.450053 0.027866 0.092287
1769097894.553098 3.465294 0.029366 0.091575
1769097894.653088 3.476127 0.030432 0.089663
1769097894.753101 3.484392 0.031237 0.088595
1769097894.853101 3.495030 0.032242 0.089976
1769097894.953066 3.505260 0.033232 0.092735
1769097895.053092 3.513771 0.034110 0.094272
1769097895.153090 3.524450 0.035203 0.097939
1769097895.253142 3.535070 0.036336 0.097380
1769097895.353090 3.543600 0.037259 0.095963
1769097895.453093 3.554176 0.038348 0.094152
1769097895.553164 3.564854 0.039440 0.093346
1769097895.653120 3.573393 0.040306 0.093501
1769097895.753177 3.584323 0.041406 0.092739
1769097895.853090 3.595330 0.042512 0.091848
1769097895.953100 3.603843 0.043394 0.092489
1769097896.053112 3.614273 0.044443 0.096393
1769097896.153098 3.624622 0.045524 0.098711
1769097896.253098 3.632978 0.046437 0.102650
1769097896.353102 3.643542 0.047612 0.102453
1769097896.453103 3.652146 0.048584 0.103489
1769097896.553106 3.662931 0.049813 0.099012
1769097896.653096 3.673698 0.051007 0.093783
1769097896.753119 3.682230 0.051918 0.091172
1769097896.853121 3.692935 0.053011 0.091403
1769097896.953125 3.703488 0.054096 0.093539
1769097897.053115 3.711897 0.054998 0.097271
1769097897.153121 3.722497 0.056134 0.101205
1769097897.253127 3.733080 0.057347 0.099211
1769097897.353126 3.743440 0.058528 0.095571
1769097897.453129 3.751888 0.059510 0.094620
1769097897.553127 3.762257 0.060654 0.096279
1769097897.653139 3.772800 0.061825 0.095394
1769097897.753135 3.781502 0.062813 0.093891
1769097897.853123 3.792377 0.063982 0.093319
1769097897.953124 3.810502 0.054158 0.098081
1769097898.053132 3.828872 0.040430 0.103995
1769097898.153135 3.841762 0.037812 0.110038
1769097898.253128 3.852113 0.039102 0.113637
1769097898.353108 3.860596 0.040219 0.115056
1769097898.453124 3.871192 0.041587 0.115789
1769097898.553134 3.881880 0.042993 0.111494
1769097898.653130 3.890290 0.044096 0.111064
1769097898.753134 3.900836 0.045429 0.106821
1769097898.853136 3.911545 0.046717 0.107729
1769097898.953123 3.920135 0.047782 0.101780
1769097899.053138 3.930799 0.048992 0.094185
1769097899.153140 3.941447 0.050116 0.086130
1769097899.253137 3.949827 0.050973 0.076651
1769097899.353136 3.960336 0.051912 0.067034
1769097899.453141 3.970702 0.052733 0.058945
1769097899.553142 3.979349 0.053379 0.046814
1769097899.653147 3.990131 0.054021 0.036009
1769097899.753170 4.001125 0.054536 0.026969
1769097899.853165 4.009866 0.054879 0.016324
1769097899.953207 4.020611 0.055166 0.006912
1769097900.053152 4.031081 0.055347 0.003124
1769097900.153148 4.039524 0.055488 0.000691
1769097900.253152 4.050148 0.055602 0.005598
1769097900.289239 4.050148 0.055623 0.007495
1769097900.289239 4.050148 0.055623 0.007495
1769097900.553147 4.080139 0.056122 0.008252
1769097900.653143 4.090457 0.056298 0.007908
1769097900.753155 4.099054 0.056454 0.005920
1769097900.853152 4.109903 0.056607 0.003033
1769097900.953164 4.120729 0.056723 0.003411
1769097901.053157 4.129352 0.056844 0.004185
1769097901.153129 4.139949 0.056992 0.005975
1769097901.253161 4.150442 0.057165 0.007311
1769097901.353134 4.158762 0.057330 0.009744
1769097901.453159 4.169383 0.057527 0.009080
1769097901.553173 4.180082 0.057712 0.009361
1769097901.653195 4.188831 0.057876 0.007236
1769097901.753181 4.199732 0.058041 0.005978
1769097901.853166 4.210559 0.058190 0.004953
1769097901.953159 4.214751 0.058313 0.001885
1769097902.053182 4.229626 0.058440 0.002495
1769097902.153181 4.240300 0.058559 0.004352
1769097902.253177 4.248749 0.058679 0.008586
1769097902.353177 4.259323 0.058853 0.011560
1769097902.453164 4.269947 0.059058 0.013299
1769097902.553176 4.274194 0.059188 0.014123
1769097902.653179 4.288994 0.059461 0.014564
1769097902.753185 4.299744 0.059681 0.010276
1769097902.853178 4.308495 0.059847 0.008312
1769097902.953173 4.319448 0.060023 0.005191
1769097903.053154 4.328124 0.060148 0.007013
1769097903.153175 4.338775 0.060296 0.009605
1769097903.253186 4.349197 0.060471 0.010511
1769097903.353189 4.357620 0.060636 0.011676
1769097903.453191 4.368295 0.060843 0.011476
1769097903.553180 4.373627 0.052433 0.008022
1769097903.653204 4.372258 0.037121 -0.003582
1769097903.753209 4.378557 0.030213 -0.008717
1769097903.853187 4.389210 0.030177 -0.009505
1769097903.953224 4.397813 0.030141 -0.010724
1769097904.053199 4.408644 0.030056 -0.010924
1769097904.153207 4.419500 0.029964 -0.010002
1769097904.253189 4.428078 0.029920 -0.008015
1769097904.353194 4.438757 0.029885 -0.004242
1769097904.453199 4.449184 0.029881 -0.000946
1769097904.553187 4.457256 0.029913 -0.000629
1769097904.653248 4.467835 0.029947 -0.001220
1769097904.753209 4.478641 0.029964 -0.001110
1769097904.853195 4.482917 0.029950 0.002906
1769097904.953200 4.498256 0.029980 0.001478
1769097905.053197 4.509140 0.029984 -0.001255
1769097905.153203 4.517645 0.029970 -0.001173
1769097905.253200 4.528047 0.029948 0.000615
1769097905.302806 4.532217 0.029941 0.001783
1769097905.453198 4.547081 0.029947 0.004625
1769097905.503481 4.553583 0.029970 0.004653
1769097905.653224 4.568647 0.030045 0.003914
1769097905.704128 4.572996 0.030060 0.004648
1769097905.853230 4.587250 0.030131 0.000800
1769097905.904849 4.593691 0.030150 -0.001224
1769097906.053211 4.608762 0.030158 -0.004976
1769097906.105595 4.613338 0.030148 -0.003806
1769097906.253238 4.628096 0.030142 -0.003346
1769097906.306229 4.632756 0.030136 0.000067
1769097906.453225 4.647027 0.030189 0.002060
1769097906.506839 4.653508 0.030211 0.004925
1769097906.653222 4.668033 0.030325 0.004352
1769097906.707517 4.672733 0.030371 0.003115
1769097906.853225 4.687598 0.030491 -0.000126
1769097906.908183 4.688685 0.030543 -0.003869
1769097907.053224 4.707083 0.030603 -0.003385
1769097907.108917 4.713989 0.030632 -0.005218
1769097907.253225 4.728441 0.030649 -0.006173
1769097907.309521 4.733237 0.030657 -0.004758
1769097907.453240 4.747673 0.030693 -0.001883
1769097907.510111 4.752625 0.030735 -0.003274
1769097907.653240 4.766906 0.030819 0.000024
1769097907.710723 4.772101 0.030866 -0.000688
1769097907.853245 4.785988 0.030956 -0.000982
1769097907.911496 4.793171 0.030990 -0.003425
1769097908.053262 4.807752 0.031020 -0.004008
1769097908.112151 4.812938 0.031022 -0.002794
1769097908.253241 4.827186 0.031030 -0.002469
1769097908.312883 4.832638 0.031037 -0.001751
1769097908.453242 4.846065 0.031070 0.001932
1769097908.513529 4.853242 0.031098 0.003440
1769097908.653244 4.867275 0.031190 0.004349
1769097908.714147 4.872419 0.031225 0.006336
1769097908.853256 4.886612 0.031348 0.004614
1769097908.914837 4.892405 0.031387 0.005687
1769097909.053245 4.905924 0.031496 0.001560
1769097909.115520 4.913394 0.031522 0.002632
1769097909.253246 4.893212 0.010865 -0.004495
1769097909.316243 4.882933 0.001376 -0.005145
1769097909.453247 4.896873 0.001328 -0.001938
1769097909.516829 4.902896 0.001325 -0.000573
1769097909.653230 4.915652 0.001325 0.003231
1769097909.717548 4.923122 0.001342 0.005024
1769097909.853280 4.936586 0.001386 0.002979
1769097909.918162 4.939752 0.001396 0.000246
1769097910.053266 4.951545 0.001383 0.000609
1769097910.118849 4.963904 0.001390 -0.002203
1769097910.253255 4.977768 0.001355 -0.006184
1769097910.319538 4.983380 0.001338 -0.005628
1769097910.453263 4.996800 0.001303 -0.004942
1769097910.520199 5.002485 0.001304 -0.006379
1769097910.653266 5.016009 0.001288 -0.000655
1769097910.720882 5.022474 0.001311 0.001127
1769097910.853253 5.035169 0.001377 0.002018
1769097910.921551 5.043154 0.001424 -0.000433
1769097911.053276 5.056406 0.001480 -0.001120
1769097911.122181 5.062394 0.001496 -0.001709
1769097911.253278 5.075994 0.001498 -0.003322
1769097911.322870 5.082948 0.001485 -0.003973
1769097911.453275 5.095533 0.001463 -0.002990
1769097911.523494 5.103635 0.001450 -0.000134
1769097911.653267 5.116565 0.001475 0.001575
1769097911.724100 5.122438 0.001497 0.002132
1769097911.853301 5.135651 0.001562 -0.000263
1769097911.924802 5.140301 0.001594 -0.002203
1769097912.053288 5.155044 0.001646 -0.004959
1769097912.125452 5.163074 0.001658 -0.005417
1769097912.253285 5.175847 0.001668 -0.007001
1769097912.326195 5.183079 0.001665 -0.008311
1769097912.453290 5.194902 0.001644 -0.007033
1769097912.526805 5.203388 0.001621 -0.004905
1769097912.653292 5.216158 0.001621 0.000146
1769097912.727462 5.222454 0.001651 0.001090
1769097912.853277 5.235219 0.001726 0.003347
1769097912.928138 5.242436 0.001784 0.002489
1769097913.053304 5.254127 0.001875 0.001051
1769097913.128758 5.262834 0.001934 -0.003349
1769097913.253315 5.275972 0.001980 -0.004426
1769097913.329523 5.282688 0.002012 -0.006507
1769097913.453349 5.295589 0.002020 -0.007739
1769097913.529974 5.302845 0.002030 -0.007822
1769097913.653314 5.316040 0.002044 -0.006540
1769097913.730767 5.322595 0.002063 -0.003491
1769097913.853336 5.335271 0.002110 -0.000796
1769097913.931358 5.341901 0.002147 0.000588
1769097914.053322 5.354587 0.002229 -0.001494
1769097914.132137 5.362681 0.002269 -0.002026
1769097914.253309 5.369623 0.002337 -0.004607
1769097914.332749 5.369624 0.002407 -0.006270
1769097914.453310 5.369627 0.002533 -0.008758
1769097914.533400 5.369629 0.002631 -0.010384
1769097914.653321 5.369631 0.002797 -0.012785
1769097914.734011 5.423211 0.002237 -0.009454
1769097914.853328 5.439855 -0.003630 -0.006505
1769097914.934740 5.452796 -0.007627 -0.005465
1769097915.053321 5.465072 -0.007528 -0.005751
1769097915.135333 5.472179 -0.007452 -0.007389
1769097915.253340 5.484738 -0.007380 -0.006643
1769097915.335970 5.493342 -0.007324 -0.008966
1769097915.453315 5.499977 -0.007211 -0.008582
1769097915.536639 5.513390 -0.007223 -0.008799
1769097915.653348 5.525438 -0.007183 -0.008070
1769097915.737259 5.532573 -0.007138 -0.005663
1769097915.853309 5.544592 -0.007067 0.001018
1769097915.937881 5.551896 -0.006981 0.000483
1769097916.053327 5.563706 -0.006861 0.001116
1769097916.138546 5.573022 -0.006767 -0.001424
1769097916.253319 5.584946 -0.006663 -0.003242
1769097916.339281 5.589349 -0.006599 -0.003146
1769097916.453323 5.604661 -0.006548 -0.005493
1769097916.539984 5.612255 -0.006514 -0.003792
1769097916.653334 5.624174 -0.006464 -0.003221
1769097916.740660 5.633092 -0.006420 0.001240
1769097916.853333 5.642977 -0.006329 0.004391
1769097916.941278 5.652466 -0.006236 0.006602
1769097917.053331 5.664111 -0.006097 0.007123
1769097917.141918 5.671875 -0.005992 0.007890
1769097917.253340 5.683501 -0.005841 0.006243
1769097917.342609 5.692827 -0.005739 0.008125
1769097917.453348 5.704658 -0.005605 0.007472
1769097917.543280 5.712406 -0.005528 0.006649
1769097917.653340 5.723993 -0.005443 0.005882
1769097917.743986 5.733602 -0.005369 0.008137
1769097917.853376 5.739097 -0.005341 0.013168
1769097917.944533 5.753227 -0.005161 0.013254
1769097918.053321 5.762383 -0.005045 0.014634
1769097918.145259 5.772324 -0.004896 0.011499
1769097918.253339 5.783696 -0.004758 0.010521
1769097918.345928 5.791663 -0.004674 0.009058
1769097918.453351 5.803412 -0.004561 0.008204
1769097918.546607 5.813405 -0.004476 0.007283
1769097918.653362 5.822951 -0.004392 0.006952
1769097918.747234 5.832904 -0.004316 0.009067
1769097918.853358 5.843955 -0.004213 0.011000
1769097918.947945 5.852021 -0.004119 0.012144
1769097919.053344 5.863165 -0.003976 0.015062
1769097919.148566 5.873231 -0.003820 0.016113
1769097919.253359 5.882452 -0.003660 0.013622
1769097919.349205 5.892756 -0.003507 0.014425
1769097919.453342 5.903811 -0.003341 0.012637
1769097919.549850 5.912158 -0.003250 0.012999
1769097919.653361 5.923348 -0.003129 0.010747
1769097919.750541 5.933812 -0.003037 0.011861
1769097919.853384 5.938454 -0.003020 0.015868
1769097919.951132 5.953117 -0.002826 0.018636
1769097920.053393 5.963657 -0.002669 0.021225
1769097920.151855 5.971985 -0.002538 0.021652
1769097920.253368 5.982943 -0.002348 0.017151
1769097920.352554 5.991521 -0.002229 0.016873
1769097920.453378 5.988562 -0.017699 0.003839
1769097920.553173 5.993426 -0.033248 -0.012477
1769097920.653387 6.002022 -0.033369 -0.012896
1769097920.753378 6.012651 -0.033518 -0.013271
1769097920.853386 6.023329 -0.033667 -0.011260
1769097920.953380 6.031807 -0.033771 -0.010146
1769097921.053357 6.042310 -0.033886 -0.006370
1769097921.153386 6.052714 -0.033954 -0.005867
1769097921.253383 6.063318 -0.034018 -0.004120
1769097921.353381 6.067546 -0.034042 -0.005612
1769097921.453379 6.082427 -0.034132 -0.007240
1769097921.553441 6.091185 -0.034208 -0.009330
1769097921.653418 6.102118 -0.034319 -0.009340
1769097921.753392 6.113000 -0.034445 -0.010097
1769097921.853423 6.121604 -0.034547 -0.009170
1769097921.953406 6.132030 -0.034655 -0.006745
1769097922.053390 6.142534 -0.034738 -0.004309
1769097922.153415 6.150985 -0.034806 -0.001297
1769097922.253394 6.161718 -0.034845 -0.004315
1769097922.353405 6.172602 -0.034900 -0.004602
1769097922.453396 6.181309 -0.034948 -0.006677
1769097922.553398 6.192041 -0.035021 -0.007184
1769097922.653403 6.202721 -0.035112 -0.008142
1769097922.753399 6.211427 -0.035196 -0.010016
1769097922.853405 6.222181 -0.035325 -0.007722
1769097922.953413 6.232987 -0.035431 -0.004909
1769097923.053427 6.237289 -0.035484 -0.004134
1769097923.153406 6.252046 -0.035544 -0.002125
1769097923.253397 6.262474 -0.035553 -0.001235
1769097923.353408 6.266624 -0.035561 0.000722
1769097923.453451 6.281633 -0.035574 0.001283
1769097923.553391 6.292591 -0.035595 0.000830
1769097923.653448 6.301396 -0.035651 0.003578
1769097923.753465 6.312253 -0.035682 0.000558
1769097923.853438 6.322730 -0.035748 0.000431
1769097923.953436 6.330879 -0.035804 -0.000287
1769097924.053399 6.337029 -0.035852 -0.001364
1769097924.153431 6.351405 -0.035902 -0.000887
1769097924.253421 6.361984 -0.035929 0.001433
1769097924.353416 6.370262 -0.035936 -0.000482
1769097924.453407 6.380969 -0.035944 -0.001306
1769097924.553420 6.391600 -0.035966 -0.003534
1769097924.653429 6.402053 -0.036011 -0.006666
1769097924.753419 6.410607 -0.036066 -0.007534
1769097924.853445 6.421516 -0.036148 -0.009302
1769097924.953446 6.431994 -0.036235 -0.006694
1769097925.053422 6.440524 -0.036273 -0.007414
1769097925.153430 6.450977 -0.036324 -0.002814
1769097925.253427 6.461178 -0.036334 -0.000871
1769097925.353467 6.471707 -0.036328 0.000510
1769097925.453431 6.480389 -0.036313 -0.000438
1769097925.553479 6.491247 -0.036311 0.000688
1769097925.653487 6.499929 -0.036301 -0.001579
1769097925.753446 6.510788 -0.036300 -0.002880
1769097925.853449 6.521444 -0.036308 -0.005827
1769097925.953434 6.529999 -0.036344 -0.006672
1769097926.053450 6.561196 -0.044635 -0.004912
1769097926.153445 6.596872 -0.054640 -0.004250
1769097926.253435 6.609941 -0.056475 0.000605
1769097926.353451 6.620597 -0.056471 0.001223
1769097926.453451 6.631176 -0.056463 0.002187
1769097926.553457 6.639580 -0.056445 -0.002058
1769097926.653438 6.650312 -0.056463 -0.003787
1769097926.753448 6.661272 -0.056505 -0.006680
1769097926.853447 6.669903 -0.056536 -0.008533
1769097926.953451 6.680837 -0.056602 -0.008547
1769097927.053451 6.691493 -0.056655 -0.008345
1769097927.153461 6.699795 -0.056690 -0.004869
1769097927.253473 6.710299 -0.056714 -0.002214
1769097927.353452 6.720879 -0.056719 0.000651
1769097927.453441 6.729459 -0.056697 0.002366
1769097927.553461 6.740268 -0.056655 0.001303
1769097927.653538 6.750899 -0.056619 -0.001162
1769097927.753488 6.759403 -0.056611 -0.000071
1769097927.853484 6.765807 -0.056583 -0.004756
1769097927.953465 6.780387 -0.056617 -0.009844
1769097927.980416 6.782625 -0.056630 -0.009728
1769097927.980416 6.782625 -0.056630 -0.009728
1769097928.253444 6.810026 -0.056758 -0.005512
1769097928.353512 6.820354 -0.056756 -0.005614
1769097928.381736 6.822728 -0.056753 -0.004475
1769097928.381736 6.822728 -0.056753 -0.004475
1769097928.653465 6.849464 -0.056702 -0.009036
1769097928.753491 6.860120 -0.056718 -0.010667
1769097928.853471 6.868903 -0.056729 -0.009439
1769097928.953500 6.879813 -0.056761 -0.010897
1769097929.053469 6.890519 -0.056804 -0.009449
1769097929.153476 6.898974 -0.056812 -0.010910
1769097929.253472 6.909554 -0.056846 -0.009290
1769097929.353498 6.920236 -0.056851 -0.008717
1769097929.453490 6.928767 -0.056826 -0.004894
1769097929.553497 6.939246 -0.056793 -0.002855
1769097929.653503 6.949701 -0.056740 -0.005663
1769097929.753481 6.960256 -0.056706 -0.005127
1769097929.853494 6.968939 -0.056664 -0.006696
1769097929.953526 6.979874 -0.056672 -0.007114
1769097930.053490 6.990606 -0.056697 -0.007970
1769097930.153551 6.999237 -0.056706 -0.006301
1769097930.253486 7.009868 -0.056713 -0.004172
1769097930.353497 7.020322 -0.056697 -0.002204
1769097930.453500 7.028625 -0.056658 -0.001217
1769097930.553511 7.039079 -0.056614 -0.000215
1769097930.653503 7.049963 -0.056565 -0.000948
1769097930.753490 7.058468 -0.056525 0.000304
1769097930.853557 7.064669 -0.056492 0.000378
1769097930.953491 7.079426 -0.056458 -0.001684
1769097931.053503 7.090082 -0.056445 -0.002452
1769097931.153499 7.098460 -0.056431 -0.005194
1769097931.253514 7.108990 -0.056447 -0.003150
1769097931.353508 7.119671 -0.056439 -0.000815
1769097931.453508 7.128024 -0.056407 0.002492
1769097931.553499 7.138427 -0.056327 0.001712
1769097931.653535 7.148688 -0.062672 0.001883
1769097931.753499 7.158836 -0.072640 -0.001879
1769097931.853514 7.169435 -0.076312 -0.003565
1769097931.953511 7.178067 -0.076282 -0.008095
1769097932.053523 7.188647 -0.076293 -0.007741
1769097932.153523 7.199455 -0.076328 -0.007936
1769097932.253509 7.207985 -0.076344 -0.007010
1769097932.353509 7.218465 -0.076372 -0.005498
1769097932.453510 7.229070 -0.076388 -0.004365
1769097932.553504 7.237549 -0.076410 0.000593
1769097932.653495 7.248332 -0.076402 0.000022
1769097932.753520 7.259139 -0.076396 -0.000999
1769097932.853521 7.267821 -0.076385 -0.005485
1769097932.953564 7.278477 -0.076417 -0.005282
1769097933.053518 7.289183 -0.076471 -0.007726
1769097933.153507 7.297915 -0.076524 -0.009853
1769097933.253524 7.308824 -0.076617 -0.009453
1769097933.353532 7.319581 -0.076705 -0.009278
1769097933.453559 7.328085 -0.076738 -0.007021
1769097933.553543 7.338488 -0.076756 -0.006174
1769097933.653507 7.348942 -0.076756 -0.004661
1769097933.753545 7.357447 -0.076736 -0.006735
1769097933.853578 7.368255 -0.076749 -0.006130
1769097933.953542 7.376962 -0.076739 -0.009148
1769097934.053547 7.383569 -0.076744 -0.007673
1769097934.153551 7.398628 -0.076813 -0.010467
1769097934.253533 7.409183 -0.076876 -0.012356
1769097934.353596 7.417434 -0.076909 -0.012924
1769097934.453523 7.428065 -0.076973 -0.012219
1769097934.553526 7.438594 -0.077018 -0.010391
1769097934.653532 7.447150 -0.077036 -0.007029
1769097934.753550 7.457882 -0.077063 -0.006008
1769097934.853554 7.468462 -0.077085 -0.007088
1769097934.953550 7.476991 -0.077107 -0.009344
1769097935.053549 7.487824 -0.077167 -0.011840
1769097935.153555 7.498759 -0.077265 -0.011092
1769097935.253593 7.507516 -0.077335 -0.013070
1769097935.353552 7.517893 -0.077433 -0.011857
1769097935.453598 7.528346 -0.077509 -0.011405
1769097935.553568 7.538521 -0.077565 -0.008283
1769097935.653555 7.546468 -0.077570 -0.009083
1769097935.753642 7.557124 -0.077604 -0.008070
1769097935.803205 7.557125 -0.077579 -0.007194
1769097935.953558 7.572362 -0.077590 -0.008907
1769097936.003931 7.583225 -0.077660 -0.009682
1769097936.153548 7.598305 -0.077730 -0.011999
1769097936.204592 7.602583 -0.077761 -0.011194
1769097936.353562 7.617718 -0.077909 -0.010894
1769097936.405207 7.618072 -0.077917 -0.010800
1769097936.553564 7.632550 -0.078089 -0.008199
1769097936.605830 7.643493 -0.078184 -0.005805
1769097936.753562 7.658112 -0.078280 -0.006513
1769097936.806428 7.662528 -0.078312 -0.004858
1769097936.953551 7.677171 -0.078407 -0.007237
1769097937.007126 7.681859 -0.078445 -0.008428
1769097937.153633 7.696760 -0.078597 -0.009531
1769097937.207786 7.701769 -0.078646 -0.011306
1769097937.353579 7.803925 -0.064896 -0.020906
1769097937.408422 7.843242 -0.059832 -0.026870
1769097937.553590 7.857535 -0.060224 -0.026863
1769097937.609060 7.862220 -0.060349 -0.026603
1769097937.753568 7.876512 -0.060712 -0.023443
1769097937.809700 7.881763 -0.060827 -0.024847
1769097937.953579 7.895945 -0.061143 -0.024553
1769097938.010377 7.902937 -0.061298 -0.024845
1769097938.153556 7.917227 -0.061600 -0.019172
1769097938.211063 7.921631 -0.061670 -0.017101
1769097938.353585 7.936766 -0.061851 -0.010187
1769097938.411662 7.938548 -0.061852 -0.008482
1769097938.553632 7.952005 -0.061881 0.005083
1769097938.612262 7.963424 -0.061785 0.011960
1769097938.753577 7.975291 -0.061508 0.028165
1769097938.812900 7.982302 -0.061283 0.034674
1769097938.953574 7.996463 -0.060663 0.050026
1769097939.013604 8.001601 -0.060382 0.055643
1769097939.153598 8.015745 -0.059508 0.057442
1769097939.214335 8.022927 -0.059059 0.056651
1769097939.353678 8.036519 -0.058235 0.053300
1769097939.415076 8.041847 -0.057917 0.051984
1769097939.553613 8.055400 -0.057129 0.049016
1769097939.615669 8.062665 -0.056732 0.052131
1769097939.753623 8.076283 -0.055933 0.056964
1769097939.816334 8.078988 -0.055757 0.059604
1769097939.953606 8.095409 -0.054727 0.059457
1769097940.016931 8.102693 -0.054272 0.060357
1769097940.153628 8.116405 -0.053406 0.061225
1769097940.217587 8.121950 -0.053040 0.058331
1769097940.353612 8.135856 -0.052181 0.053791
1769097940.418264 8.141970 -0.051836 0.051838
1769097940.553587 8.155246 -0.051127 0.051908
1769097940.618995 8.162934 -0.050719 0.050621
1769097940.753607 8.176125 -0.050022 0.053578
1769097940.819633 8.181609 -0.049717 0.053685
1769097940.953601 8.195079 -0.048956 0.055043
1769097941.020257 8.201573 -0.048577 0.053914
1769097941.153607 8.214410 -0.047837 0.052411
1769097941.220998 8.222349 -0.047400 0.050731
1769097941.353621 8.235821 -0.046691 0.049203
1769097941.421679 8.240092 -0.046460 0.047341
1769097941.553630 8.255311 -0.045698 0.042436
1769097941.622329 8.262136 -0.045375 0.044101
1769097941.753640 8.270587 -0.044954 0.045570
1769097941.822992 8.282734 -0.044372 0.047463
1769097941.953654 8.295592 -0.043708 0.049586
1769097942.023635 8.301463 -0.043394 0.051597
1769097942.153629 8.314521 -0.042670 0.051546
1769097942.224243 8.321447 -0.042292 0.052706
1769097942.353713 8.333932 -0.041601 0.049472
1769097942.424945 8.342320 -0.041156 0.045795
1769097942.553607 8.355341 -0.040527 0.040860
1769097942.625557 8.361442 -0.040250 0.041822
1769097942.753622 8.369987 -0.039855 0.044526
1769097942.826208 8.382265 -0.039271 0.043468
1769097942.953622 8.375985 -0.057770 0.042767
1769097943.026908 8.372036 -0.068441 0.041334
1769097943.153638 8.383400 -0.067886 0.039777
1769097943.227495 8.391610 -0.067507 0.037663
1769097943.353689 8.404541 -0.066932 0.037344
1769097943.428232 8.410915 -0.066646 0.036934
1769097943.553619 8.424220 -0.066092 0.036424
1769097943.628829 8.431947 -0.065787 0.035345
1769097943.753691 8.443775 -0.065324 0.036901
1769097943.829549 8.452219 -0.064988 0.036437
1769097943.953771 8.464491 -0.064486 0.040324
1769097944.030186 8.471788 -0.064159 0.042530
1769097944.153665 8.483047 -0.063622 0.041965
1769097944.230867 8.491858 -0.063212 0.042274
1769097944.353622 8.504487 -0.062631 0.039792
1769097944.431523 8.511185 -0.062326 0.038646
1769097944.553647 8.523802 -0.061792 0.031356
1769097944.632228 8.531731 -0.061505 0.030808
1769097944.753658 8.543104 -0.061099 0.029797
1769097944.832844 8.552096 -0.060796 0.032044
1769097944.953676 8.564406 -0.060355 0.033922
1769097945.033556 8.571227 -0.060106 0.036444
1769097945.153662 8.583374 -0.059647 0.034429
1769097945.234182 8.591267 -0.059365 0.035060
1769097945.353645 8.602215 -0.058972 0.032747
1769097945.434880 8.611060 -0.058673 0.032492
1769097945.553670 8.623436 -0.058256 0.028830
1769097945.635508 8.631885 -0.057998 0.026683
1769097945.753701 8.642919 -0.057692 0.025781
1769097945.836181 8.649065 -0.057514 0.023262
1769097945.953642 8.663336 -0.057145 0.026368
1769097946.036864 8.671543 -0.056891 0.027848
1769097946.153677 8.682107 -0.056538 0.030667
1769097946.237426 8.691314 -0.056219 0.029683
1769097946.353689 8.703299 -0.055811 0.027923
1769097946.438205 8.711949 -0.055533 0.025646
1769097946.553722 8.722370 -0.055203 0.022618
1769097946.638788 8.731481 -0.054958 0.017527
1769097946.753641 8.743439 -0.054688 0.014877
1769097946.839518 8.752122 -0.054504 0.015569
1769097946.953651 8.762111 -0.054272 0.014205
1769097947.040081 8.768412 -0.054127 0.014853
1769097947.153653 8.782552 -0.053831 0.013191
1769097947.240761 8.791185 -0.053635 0.012660
1769097947.353741 8.801218 -0.053398 0.011473
1769097947.441442 8.811027 -0.053205 0.010703
1769097947.553710 8.822775 -0.052982 0.009568
1769097947.642100 8.830523 -0.052841 0.008386
1769097947.753811 8.837829 -0.052698 0.004901
1769097947.842816 8.851967 -0.052571 0.007313
1769097947.953681 8.863499 -0.052421 0.010001
1769097948.043420 8.870849 -0.052320 0.013197
1769097948.153710 8.882280 -0.052142 0.016613
1769097948.244069 8.891651 -0.051965 0.017826
1769097948.353625 8.901308 -0.051772 0.016722
1769097948.444748 8.911088 -0.051588 0.014361
1769097948.553649 8.911579 -0.067683 0.013783
1769097948.645401 8.910463 -0.081261 0.008221
1769097948.753694 8.922140 -0.081146 0.004326
1769097948.846061 8.932113 -0.081089 0.003609
1769097948.953693 8.941756 -0.081039 0.003611
1769097949.046691 8.951540 -0.080986 0.001886
1769097949.153714 8.962661 -0.080929 0.004393
1769097949.247227 8.970581 -0.080872 0.003690
1769097949.353685 8.981662 -0.080794 0.003788
1769097949.447878 8.991614 -0.080729 0.002680
1769097949.553689 9.000817 -0.080669 0.000309
1769097949.648557 9.011101 -0.080635 -0.002859
1769097949.753695 9.022303 -0.080636 -0.004850
1769097949.849287 9.030345 -0.080651 -0.003549
1769097949.953732 9.041566 -0.080671 -0.004235
1769097950.049942 9.051667 -0.080700 -0.001455
1769097950.153703 9.062679 -0.080711 0.001297
1769097950.250533 9.070451 -0.080701 0.003204
1769097950.353714 9.081002 -0.080667 0.002754
1769097950.451263 9.091044 -0.080636 0.004239
1769097950.553729 9.101933 -0.080596 0.003807
1769097950.651844 9.106383 -0.080551 -0.000398
1769097950.753740 9.121767 -0.080532 -0.005556
1769097950.852594 9.132449 -0.080563 -0.012933
1769097950.953710 9.136720 -0.080576 -0.010764
1769097951.053153 9.151601 -0.080704 -0.011681
1769097951.153790 9.162207 -0.080789 -0.008241
1769097951.253717 9.166254 -0.080781 -0.010028
1769097951.353728 9.181386 -0.080881 -0.007752
1769097951.453724 9.192118 -0.080923 -0.006774
1769097951.553725 9.196188 -0.080910 -0.009131
1769097951.653754 9.211172 -0.081019 -0.011345
1769097951.753749 9.221599 -0.081111 -0.010812
1769097951.853751 9.230129 -0.081199 -0.011208
1769097951.953741 9.241164 -0.081315 -0.012905
1769097952.053756 9.251920 -0.081438 -0.013157
1769097952.153731 9.262018 -0.081551 -0.013029
1769097952.253716 9.266119 -0.081598 -0.010716
1769097952.353716 9.276670 -0.081680 -0.012372
1769097952.453731 9.291043 -0.081802 -0.011254
1769097952.553745 9.299442 -0.081833 -0.013438
1769097952.653732 9.310097 -0.081927 -0.011459
1769097952.753751 9.316268 -0.081935 -0.016623
1769097952.853734 9.330765 -0.082113 -0.022651
1769097952.953801 9.341367 -0.082291 -0.024824
1769097953.053742 9.351562 -0.082480 -0.025881
1769097953.153729 9.359658 -0.082613 -0.023633
1769097953.253770 9.370080 -0.082768 -0.024382
1769097953.353773 9.380402 -0.082924 -0.024184
1769097953.453771 9.390875 -0.083081 -0.023505
1769097953.553738 9.400793 -0.083240 -0.024001
1769097953.653750 9.409267 -0.083362 -0.025561
1769097953.753743 9.419792 -0.083551 -0.026278
1769097953.853793 9.430745 -0.083755 -0.029089
1769097953.953752 9.441294 -0.083982 -0.030410
1769097954.053756 9.450095 -0.084166 -0.034844
1769097954.153763 9.456016 -0.093483 -0.034372
1769097954.253772 9.461683 -0.103714 -0.032743
1769097954.353779 9.469312 -0.104874 -0.027227
1769097954.453792 9.475586 -0.104983 -0.024956
1769097954.553787 9.489957 -0.105267 -0.024240
1769097954.653772 9.500558 -0.105449 -0.025746
1769097954.753785 9.509236 -0.105608 -0.026595
1769097954.853795 9.519938 -0.105840 -0.028124
1769097954.953792 9.530665 -0.106109 -0.029956
1769097955.053807 9.539064 -0.106354 -0.029680
1769097955.153800 9.549716 -0.106665 -0.030180
1769097955.253789 9.560114 -0.106980 -0.027707
1769097955.353788 9.570361 -0.107274 -0.027284
1769097955.453782 9.578838 -0.107523 -0.024920
1769097955.553778 9.589237 -0.107802 -0.025075
1769097955.653780 9.599712 -0.108094 -0.024030
1769097955.753814 9.610062 -0.108394 -0.024932
1769097955.853798 9.618614 -0.108647 -0.027795
1769097955.953846 9.625192 -0.108868 -0.028348
1769097956.053880 9.639841 -0.109348 -0.030775
1769097956.153774 9.650593 -0.109751 -0.030363
1769097956.253769 9.658588 -0.110056 -0.031778
1769097956.353778 9.668910 -0.110452 -0.027388
1769097956.453795 9.679410 -0.110810 -0.025250
1769097956.553796 9.689658 -0.111132 -0.023634
1769097956.653809 9.698210 -0.111395 -0.025205
1769097956.753800 9.708382 -0.111716 -0.025491
1769097956.853810 9.718756 -0.112043 -0.027199
1769097956.953803 9.729003 -0.112387 -0.026753
1769097957.053801 9.739705 -0.112774 -0.031345
1769097957.153789 9.748255 -0.113119 -0.028694
1769097957.253814 9.758907 -0.113504 -0.022633
1769097957.353812 9.769383 -0.113797 -0.014137
1769097957.453800 9.779709 -0.113979 -0.002829
1769097957.553798 9.788163 -0.114071 0.012487
1769097957.653793 9.798539 -0.114032 0.021721
1769097957.753824 9.809342 -0.113871 0.033873
1769097957.853825 9.817765 -0.113703 0.042764
1769097957.953801 9.828360 -0.113369 0.043753
1769097958.053796 9.838930 -0.113031 0.042512
1769097958.153799 9.849273 -0.112731 0.041101
1769097958.253798 9.857720 -0.112523 0.043689
1769097958.353830 9.868568 -0.112193 0.043680
1769097958.453806 9.879189 -0.111863 0.047167
1769097958.553815 9.887735 -0.111598 0.046604
1769097958.653820 9.898051 -0.111246 0.045909
1769097958.753814 9.908569 -0.110882 0.045104
1769097958.853928 9.918987 -0.110526 0.042389
1769097958.953824 9.927282 -0.110276 0.044979
1769097959.053819 9.937750 -0.109906 0.036609
1769097959.153833 9.948703 -0.109601 0.034938
1769097959.253826 9.959075 -0.109341 0.031451
1769097959.353807 9.967678 -0.109171 0.032040
1769097959.453815 9.978153 -0.108942 0.033833
1769097959.553847 9.988070 -0.108704 0.035956
1769097959.653812 9.998617 -0.108404 0.037081
1769097959.753845 10.001170 -0.119542 0.027367
1769097959.853861 10.000770 -0.135132 0.007983
1769097959.953866 10.007485 -0.139633 -0.000135
1769097960.053844 10.017784 -0.139732 -0.001049
1769097960.153823 10.028261 -0.139845 -0.001922
1769097960.253823 10.038636 -0.139971 -0.000377
1769097960.353843 10.047036 -0.140067 -0.005018
1769097960.453832 10.057742 -0.140209 -0.001516
1769097960.553823 10.068244 -0.140320 -0.002623
1769097960.653828 10.078316 -0.140432 0.001143
1769097960.753837 10.088363 -0.140522 0.004331
1769097960.853901 10.096359 -0.140611 0.007411
1769097960.953841 10.102557 -0.140703 0.009086
1769097961.053838 10.117815 -0.140719 0.008021
1769097961.153836 10.126567 -0.140808 -0.001498
1769097961.253828 10.136840 -0.140962 -0.005636
1769097961.353841 10.147468 -0.141170 -0.006238
1769097961.453829 10.158248 -0.141376 -0.005833
1769097961.553854 10.166827 -0.141566 -0.002512
1769097961.653844 10.177606 -0.141725 -0.002192
1769097961.753848 10.186158 -0.141872 -0.001268
1769097961.853843 10.196861 -0.142011 -0.004775
1769097961.953852 10.207008 -0.142175 -0.006385
1769097962.053847 10.217409 -0.142363 -0.006247
1769097962.153841 10.225784 -0.142537 -0.006799
1769097962.253851 10.236488 -0.142731 -0.008958
1769097962.353863 10.247319 -0.142953 -0.009663
1769097962.453849 10.257948 -0.143187 -0.010684
1769097962.553859 10.266273 -0.143399 -0.012142
1769097962.653848 10.276724 -0.143650 -0.009012
1769097962.753860 10.287252 -0.143865 -0.005446
1769097962.853861 10.297576 -0.144042 -0.002011
1769097962.953855 10.301901 -0.144181 -0.003679
1769097963.053858 10.316503 -0.144374 -0.002840
1769097963.153850 10.327157 -0.144561 -0.005731
1769097963.253867 10.337378 -0.144835 -0.010129
1769097963.353870 10.345777 -0.145120 -0.013582
1769097963.453861 10.356152 -0.145464 -0.011710
1769097963.553865 10.366653 -0.145797 -0.011258
1769097963.653857 10.377027 -0.146128 -0.009600
1769097963.753914 10.387250 -0.146444 -0.008898
1769097963.853863 10.395421 -0.146725 -0.011538
1769097963.953880 10.405692 -0.147043 -0.013325
1769097964.053950 10.415788 -0.147373 -0.011049
1769097964.153883 10.426339 -0.147694 -0.011074
1769097964.253875 10.436788 -0.148020 -0.013903
1769097964.353894 10.445668 -0.148350 -0.016127
1769097964.453888 10.456268 -0.148715 -0.024037
1769097964.553866 10.466845 -0.149153 -0.021339
1769097964.653882 10.477270 -0.149569 -0.017583
1769097964.753877 10.485721 -0.149925 -0.013115
1769097964.853875 10.496018 -0.150266 -0.012322
1769097964.953875 10.506391 -0.150593 -0.011990
1769097965.053872 10.514715 -0.150900 -0.012652
1769097965.153899 10.525088 -0.151231 -0.016687
1769097965.253881 10.535685 -0.151585 -0.025686
1769097965.353902 10.538091 -0.154745 -0.030184
1769097965.453882 10.527230 -0.160022 -0.030290
1769097965.500606 10.520251 -0.162429 -0.030358
1769097965.500606 10.520251 -0.162429 -0.030358
1769097965.753892 10.520246 -0.162854 -0.030720
1769097965.853907 10.560596 -0.164294 -0.030451
1769097965.954003 10.560594 -0.164494 -0.030043
1769097966.053893 10.586015 -0.165440 -0.030172
1769097966.153961 10.594512 -0.165865 -0.032408
1769097966.253893 10.605361 -0.166377 -0.035257
1769097966.353921 10.616159 -0.166912 -0.039028
1769097966.453936 10.620481 -0.167224 -0.042506
1769097966.503728 10.624813 -0.167474 -0.043647
1769097966.653899 10.646447 -0.168654 -0.041484
1769097966.704378 10.646525 -0.168746 -0.038509
1769097966.853898 10.665539 -0.169712 -0.036355
1769097966.905058 10.665538 -0.169802 -0.034149
1769097967.053905 10.680156 -0.170569 -0.030872
1769097967.105690 10.684528 -0.170805 -0.032300
1769097967.253916 10.694721 -0.171455 -0.030264
1769097967.306391 10.705218 -0.171897 -0.029191
1769097967.453916 10.724313 -0.172815 -0.025431
1769097967.507034 10.724969 -0.172969 -0.025467
1769097967.653946 10.739283 -0.173673 -0.019006
1769097967.707723 10.750154 -0.174000 -0.011914
1769097967.854043 10.760231 -0.174423 -0.000354
1769097967.908390 10.769403 -0.174531 0.007705
1769097968.053924 10.775008 -0.174877 0.027838
1769097968.109053 10.775007 -0.175093 0.035224
1769097968.109053 10.775007 -0.175093 0.035224
1769097968.109053 10.775007 -0.175093 0.035224
1769097968.453999 10.774990 -0.177195 0.079911
1769097968.510326 10.774986 -0.177655 0.086948
1769097968.653923 10.844664 -0.172051 0.101019
1769097968.710979 10.846151 -0.172193 0.105848
1769097968.853943 10.676950 -0.166122 0.081822
1769097968.911613 10.610921 -0.163160 0.074125
1769097969.053942 10.624681 -0.162701 0.086285
1769097969.112307 10.629741 -0.162494 0.092479
1769097969.253928 10.645075 -0.161579 0.104313
1769097969.312904 10.649911 -0.161293 0.106865
1769097969.453934 10.657428 -0.161019 0.113804
1769097969.513677 10.668635 -0.159971 0.111841
1769097969.653986 10.682300 -0.158996 0.109997
1769097969.714343 10.689785 -0.158409 0.108615
1769097969.854049 10.704173 -0.157390 0.107234
1769097969.915019 10.709416 -0.157060 0.106931
1769097970.053940 10.723235 -0.156086 0.107339
1769097970.115700 10.728709 -0.155722 0.107511
1769097970.253948 10.741669 -0.154822 0.106678
1769097970.316374 10.748008 -0.154367 0.105887
1769097970.453948 10.763002 -0.153265 0.105109
1769097970.517058 10.768491 -0.152911 0.105481
1769097970.653965 10.782380 -0.151922 0.105147
1769097970.717677 10.788359 -0.151516 0.104587
1769097970.853964 10.801411 -0.150619 0.100612
1769097970.918337 10.809160 -0.150048 0.100161
1769097971.053952 10.822624 -0.149134 0.099867
1769097971.119025 10.828529 -0.148741 0.101458
1769097971.253981 10.841258 -0.147845 0.102566
1769097971.319639 10.847271 -0.147401 0.101019
1769097971.453977 10.861467 -0.146347 0.096563
1769097971.520347 10.867453 -0.145945 0.094561
1769097971.653969 10.880391 -0.145064 0.088922
1769097971.720973 10.888311 -0.144509 0.087239
1769097971.854004 10.901749 -0.143641 0.085382
1769097971.921690 10.908296 -0.143226 0.084248
1769097972.053969 10.920547 -0.142474 0.084256
1769097972.122376 10.928397 -0.141957 0.083619
1769097972.253970 10.941545 -0.141130 0.086223
1769097972.323032 10.945540 -0.140938 0.087368
1769097972.454004 10.960338 -0.139921 0.088406
1769097972.523615 10.968204 -0.139376 0.088240
1769097972.653992 10.981121 -0.138513 0.086469
1769097972.724305 10.986912 -0.138154 0.084627
1769097972.853993 11.000378 -0.137284 0.083121
1769097972.924948 11.007473 -0.136850 0.084830
1769097973.053973 11.021793 -0.135914 0.085141
1769097973.125656 11.027756 -0.135560 0.086448
1769097973.253976 11.040446 -0.134721 0.089575
1769097973.326229 11.047315 -0.134255 0.090969
1769097973.453996 11.060843 -0.133292 0.086518
1769097973.526892 11.066873 -0.132923 0.087197
1769097973.654016 11.080023 -0.132043 0.085865
1769097973.727505 11.087313 -0.131574 0.086239
1769097973.854035 11.099074 -0.130828 0.082844
1769097973.928181 11.107569 -0.130271 0.081975
1769097974.053987 11.120609 -0.129459 0.078711
1769097974.128835 11.126973 -0.129101 0.078238
1769097974.253991 11.139839 -0.128337 0.081367
1769097974.329474 11.147392 -0.127855 0.081293
1769097974.454012 11.166485 -0.126382 0.102399
1769097974.530163 11.177359 -0.124925 0.114140
1769097974.654036 11.189815 -0.123722 0.113824
1769097974.730787 11.196304 -0.123116 0.111074
1769097974.854017 11.204654 -0.122394 0.108973
1769097974.931501 11.217619 -0.121097 0.107426
1769097975.054033 11.230325 -0.119908 0.106913
1769097975.132092 11.236935 -0.119307 0.106644
1769097975.254017 11.248672 -0.118206 0.108173
1769097975.332724 11.257319 -0.117365 0.107574
1769097975.454031 11.269095 -0.116228 0.108107
1769097975.533379 11.275905 -0.115582 0.106997
1769097975.654119 11.287856 -0.114435 0.107393
1769097975.734063 11.296754 -0.113566 0.106052
1769097975.854055 11.308753 -0.112418 0.102893
1769097975.934669 11.316580 -0.111693 0.101625
1769097976.054034 11.327724 -0.110675 0.096595
1769097976.135291 11.336824 -0.109866 0.096483
1769097976.254012 11.349179 -0.108758 0.096626
1769097976.335970 11.356196 -0.108140 0.099472
1769097976.454056 11.368267 -0.107026 0.100686
1769097976.536633 11.376111 -0.106295 0.100199
1769097976.654014 11.386448 -0.105332 0.096449
1769097976.737292 11.392826 -0.104764 0.096615
1769097976.854039 11.407526 -0.103425 0.096477
1769097976.937878 11.416259 -0.102639 0.095522
1769097977.054043 11.426819 -0.101708 0.096800
1769097977.138600 11.436064 -0.100860 0.094458
1769097977.254024 11.447691 -0.099821 0.094593
1769097977.339149 11.456272 -0.099048 0.093919
1769097977.454049 11.466429 -0.098142 0.097243
1769097977.539850 11.472780 -0.097567 0.097893
1769097977.654083 11.487387 -0.096191 0.098383
1769097977.740358 11.495985 -0.095384 0.097090
1769097977.854072 11.505882 -0.094478 0.096960
1769097977.941052 11.515520 -0.093582 0.092261
1769097978.054037 11.527455 -0.092535 0.090204
1769097978.141707 11.535176 -0.091881 0.089736
1769097978.254043 11.547107 -0.090857 0.090542
1769097978.342339 11.556257 -0.090067 0.093247
1769097978.454057 11.566089 -0.089187 0.091412
1769097978.543048 11.575631 -0.088332 0.092369
1769097978.654078 11.586737 -0.087333 0.091988
1769097978.743671 11.594333 -0.086656 0.091287
1769097978.854043 11.605712 -0.085636 0.090910
1769097978.944462 11.615202 -0.084787 0.091587
1769097979.054052 11.625022 -0.083897 0.089403
1769097979.145066 11.634799 -0.083023 0.089042
1769097979.254070 11.646078 -0.082019 0.086714
1769097979.345878 11.655825 -0.081166 0.087048
1769097979.454076 11.665217 -0.080328 0.086985
1769097979.546470 11.675201 -0.079428 0.089224
1769097979.654100 11.686378 -0.078384 0.090222
1769097979.747236 11.694050 -0.077660 0.088357
1769097979.854086 11.704886 -0.076660 0.085954
1769097979.947906 11.714670 -0.075781 0.082682
1769097980.054064 11.734987 -0.085239 0.088969
1769097980.148620 11.754306 -0.093353 0.094494
1769097980.254079 11.765702 -0.092231 0.096119
1769097980.349193 11.773822 -0.091410 0.094935
1769097980.454102 11.784458 -0.090344 0.094284
1769097980.549835 11.794446 -0.089341 0.093462
1769097980.654075 11.803396 -0.088445 0.096753
1769097980.750562 11.809784 -0.087776 0.094429
1769097980.854092 11.824382 -0.086321 0.094070
1769097980.951251 11.834552 -0.085294 0.093956
1769097981.054067 11.843057 -0.084411 0.092333
1769097981.151956 11.853452 -0.083381 0.091510
1769097981.254107 11.864041 -0.082341 0.089913
1769097981.352609 11.874565 -0.081324 0.091102
1769097981.454100 11.883412 -0.080436 0.091136
1769097981.553311 11.893974 -0.079394 0.095077
1769097981.654116 11.904315 -0.078326 0.097624
1769097981.753898 11.912518 -0.077452 0.096951
1769097981.854088 11.922977 -0.076374 0.093871
1769097981.954095 11.933430 -0.075329 0.094142
1769097982.054116 11.942107 -0.074440 0.089864
1769097982.154102 11.952705 -0.073396 0.087927
1769097982.254098 11.963533 -0.072350 0.086481
1769097982.354112 11.973931 -0.071354 0.083729
1769097982.454114 11.982524 -0.070533 0.084925
1769097982.554104 11.992937 -0.069561 0.087732
1769097982.654103 12.003622 -0.068542 0.090972
1769097982.754111 12.011851 -0.067717 0.090615
1769097982.854103 12.022298 -0.066702 0.086451
1769097982.954087 12.032798 -0.065736 0.075614
1769097983.054106 12.041347 -0.065031 0.067905
1769097983.154167 12.051872 -0.064269 0.055397
1769097983.254124 12.062786 -0.063614 0.043924
1769097983.354106 12.073580 -0.063098 0.034182
1769097983.454107 12.082050 -0.062755 0.029084
1769097983.554104 12.092393 -0.062394 0.022904
1769097983.654133 12.102917 -0.062118 0.016127
1769097983.754121 12.111105 -0.061943 0.006006
1769097983.854136 12.121471 -0.061829 -0.005380
1769097983.954124 12.132116 -0.061841 -0.017139
1769097984.054186 12.142934 -0.061995 -0.028315
1769097984.154125 12.151394 -0.062177 -0.040091
1769097984.254173 12.161706 -0.062528 -0.049531
1769097984.354136 12.172364 -0.063024 -0.061312
1769097984.454134 12.182894 -0.063636 -0.071123
1769097984.554129 12.191143 -0.064169 -0.077293
1769097984.654127 12.201461 -0.064926 -0.084439
1769097984.754135 12.212019 -0.065780 -0.092601
1769097984.854155 12.222416 -0.066706 -0.100635
1769097984.954214 12.226706 -0.067046 -0.111670
1769097985.054120 12.241512 -0.068655 -0.126373
1769097985.154146 12.252274 -0.069981 -0.138730
1769097985.254147 12.260664 -0.071101 -0.147566
1769097985.354160 12.270796 -0.072553 -0.155051
1769097985.454150 12.281468 -0.074187 -0.160505
1769097985.554151 12.289908 -0.075507 -0.167033
1769097985.569417 12.291829 -0.075823 -0.167779
1769097985.569417 12.291829 -0.075823 -0.167779
1769097985.854164 12.318929 -0.101810 -0.193925
1769097985.954184 12.329123 -0.111230 -0.202120
1769097986.054174 12.339550 -0.114347 -0.211980
1769097986.154160 12.350375 -0.116622 -0.223494
1769097986.254152 12.358660 -0.118473 -0.233687
1769097986.354172 12.369142 -0.120940 -0.239840
1769097986.454177 12.379484 -0.123471 -0.246967
1769097986.554143 12.387333 -0.125428 -0.255226
1769097986.654164 12.397245 -0.127985 -0.262833
1769097986.754156 12.407353 -0.130690 -0.274551
1769097986.854153 12.417674 -0.133581 -0.285045
1769097986.954169 12.421613 -0.134662 -0.293268
1769097987.054151 12.435966 -0.138990 -0.304031
1769097987.154185 12.446095 -0.142181 -0.313747
1769097987.254164 12.455854 -0.145367 -0.325024
1769097987.354185 12.459919 -0.146678 -0.335533
1769097987.454178 12.473786 -0.151501 -0.343763
1769097987.554168 12.483860 -0.155100 -0.350839
1769097987.654167 12.491657 -0.157931 -0.357325
1769097987.754167 12.501537 -0.161603 -0.364072
1769097987.854169 12.511577 -0.165441 -0.375100
1769097987.954223 12.521169 -0.169217 -0.388285
1769097988.054193 12.529029 -0.172427 -0.396042
1769097988.154177 12.538982 -0.176599 -0.406672
1769097988.254169 12.548805 -0.180840 -0.414521
1769097988.354178 12.556653 -0.184296 -0.418823
1769097988.454186 12.566304 -0.188606 -0.427184
1769097988.554165 12.575773 -0.192930 -0.439097
1769097988.654177 12.583390 -0.196513 -0.447593
1769097988.754189 12.592829 -0.201052 -0.458423
1769097988.854187 12.602450 -0.205834 -0.467919
1769097988.954186 12.610180 -0.209737 -0.478841
1769097989.054178 12.619985 -0.214829 -0.488501
1769097989.154200 12.629597 -0.219959 -0.501168
1769097989.254184 12.637203 -0.224123 -0.508837
1769097989.354203 12.646248 -0.229179 -0.517227
1769097989.454203 12.655272 -0.234334 -0.525429
1769097989.554181 12.662454 -0.238501 -0.531548
1769097989.654191 12.671618 -0.243893 -0.541410
1769097989.754188 12.680914 -0.249503 -0.552791
1769097989.854274 12.688111 -0.253971 -0.560226
1769097989.954225 12.697174 -0.259683 -0.573799
1769097990.054227 12.706219 -0.265579 -0.584699
1769097990.154202 12.713251 -0.270254 -0.592938
1769097990.254204 12.721927 -0.276145 -0.599670
1769097990.354216 12.730752 -0.282205 -0.608285
1769097990.454207 12.737730 -0.287100 -0.612536
1769097990.554199 12.746315 -0.293165 -0.621692
1769097990.654203 12.754994 -0.299399 -0.633081
1769097990.754205 12.763410 -0.305615 -0.644112
1769097990.854189 12.770140 -0.310680 -0.657453
1769097990.954209 12.778601 -0.317222 -0.671274
1769097991.054239 12.787006 -0.323935 -0.681162
1769097991.154211 12.793784 -0.329432 -0.690846
1769097991.254287 12.801899 -0.336140 -0.697083
1769097991.354218 12.809705 -0.342665 -0.704457
1769097991.454217 12.817951 -0.353071 -0.719886
1769097991.554203 12.823697 -0.363789 -0.740300
1769097991.654218 12.831211 -0.372705 -0.753298
1769097991.754250 12.839124 -0.380116 -0.765250
1769097991.854217 12.842357 -0.383112 -0.774860
1769097991.954231 12.853146 -0.393691 -0.784163
1769097992.054245 12.860743 -0.401292 -0.794556
1769097992.154233 12.866724 -0.407396 -0.803504
1769097992.254230 12.874066 -0.415032 -0.811332
1769097992.354288 12.879949 -0.421188 -0.821517
1769097992.454228 12.887147 -0.428913 -0.826387
1769097992.554229 12.894171 -0.436510 -0.834449
1769097992.654243 12.901123 -0.444163 -0.845571
1769097992.754233 12.906901 -0.450620 -0.857642
1769097992.854292 12.911076 -0.455379 -0.865874
1769097992.954237 12.920736 -0.466759 -0.881429
1769097993.054242 12.927434 -0.474908 -0.890523
1769097993.154220 12.932695 -0.481428 -0.895282
1769097993.254239 12.939391 -0.489777 -0.903940
1769097993.354212 12.945718 -0.497809 -0.912924
1769097993.454227 12.950919 -0.504508 -0.921652
1769097993.554255 12.957386 -0.512980 -0.934357
1769097993.654262 12.963436 -0.521185 -0.943357
1769097993.754274 12.969688 -0.529833 -0.951635
1769097993.854252 12.972255 -0.533344 -0.960484
1769097993.954222 12.980740 -0.545566 -0.970965
1769097994.054263 12.986814 -0.554555 -0.978884
1769097994.154230 12.991485 -0.561516 -0.988212
1769097994.254261 12.994966 -0.566741 -0.995048
1769097994.354248 13.002704 -0.578672 -0.997324
1769097994.454256 13.008205 -0.587155 -0.998450
1769097994.554251 13.012915 -0.594411 -0.998922
1769097994.654242 13.018865 -0.603598 -0.998453
1769097994.754269 13.024689 -0.612596 -0.999739
1769097994.854256 13.030456 -0.621516 -1.001575
1769097994.954260 13.034912 -0.628472 -1.001182
1769097995.054248 13.040607 -0.637322 -1.001264
1769097995.154265 13.046382 -0.646280 -1.003005
1769097995.254267 13.051046 -0.653511 -1.002745
1769097995.354244 13.056813 -0.662441 -1.001452
1769097995.454245 13.062557 -0.671308 -1.000908
1769097995.554267 13.067111 -0.678333 -1.001824
1769097995.654246 13.072854 -0.687220 -1.002983
1769097995.754341 13.078741 -0.696330 -1.006042
1769097995.854281 13.081042 -0.699971 -1.003377
1769097995.954270 13.089305 -0.712922 -1.005798
1769097996.054292 13.095142 -0.722144 -1.005040
1769097996.154269 13.099660 -0.729235 -1.006227
1769097996.254255 13.105310 -0.738116 -1.005127
1769097996.354276 13.110856 -0.746746 -1.006934
1769097996.454290 13.115126 -0.753531 -1.002252
1769097996.554270 13.118675 -0.759003 -1.004632
1769097996.654284 13.126736 -0.771616 -1.004961
1769097996.754271 13.132557 -0.780724 -1.006484
1769097996.854299 13.134937 -0.784367 -1.009971
1769097996.954287 13.135061 -0.784337 -1.014527
1769097997.004235 13.135134 -0.784312 -1.016777
1769097997.154315 13.153161 -0.813425 -1.019043
1769097997.204870 13.156690 -0.818967 -1.022366
1769097997.354285 13.156100 -0.829738 -1.027378
1769097997.405513 13.153668 -0.829799 -1.025977
1769097997.554280 13.164523 -0.847187 -1.025117
1769097997.606165 13.164800 -0.847474 -1.025355
1769097997.754293 13.172467 -0.859530 -1.029335
1769097997.806859 13.172956 -0.860141 -1.029526
1769097997.954350 13.186242 -0.881696 -1.035029
1769097998.007554 13.186621 -0.882102 -1.036454
1769097998.154312 13.196106 -0.897708 -1.035330
1769097998.208175 13.196555 -0.898331 -1.033602
1769097998.354311 13.201613 -0.906372 -1.033315
1769097998.408753 13.209255 -0.919111 -1.029256
1769097998.554303 13.217089 -0.931835 -1.021163
1769097998.609568 13.217677 -0.932763 -1.019188
1769097998.754303 13.225024 -0.944553 -1.018945
1769097998.810136 13.229831 -0.952372 -1.017783
1769097998.954300 13.235114 -0.960841 -1.018846
1769097999.010817 13.237822 -0.965219 -1.019795
1769097999.154303 13.248913 -0.983233 -1.022822
1769097999.211489 13.249295 -0.983758 -1.025108
1769097999.354376 13.256928 -0.996021 -1.029277
1769097999.412088 13.257012 -0.995995 -1.031150
1769097999.412088 13.257012 -0.995995 -1.031150
1769097999.412088 13.257012 -0.995995 -1.031150
1769097999.754346 13.280212 -1.033885 -1.038092
1769097999.813464 13.282980 -1.038305 -1.040034
1769097999.954320 13.290531 -1.050588 -1.040105
1769098000.014173 13.293453 -1.055313 -1.042338
1769098000.154307 13.300378 -1.066589 -1.045580
1769098000.214849 13.303726 -1.072085 -1.047155
1769098000.354329 13.311257 -1.084563 -1.045952
1769098000.415558 13.314249 -1.089462 -1.043942
1769098000.554328 13.321327 -1.100957 -1.043737
1769098000.616129 13.325066 -1.107125 -1.042160
1769098000.754339 13.332238 -1.118816 -1.041643
1769098000.816825 13.335057 -1.123356 -1.041984
1769098000.954328 13.342251 -1.135114 -1.042620
1769098001.017475 13.345421 -1.140333 -1.042179
1769098001.154340 13.352506 -1.151855 -1.046426
1769098001.218194 13.356479 -1.158472 -1.045536
1769098001.354334 13.363630 -1.170185 -1.046772
1769098001.418847 13.366392 -1.174720 -1.044583
1769098001.554404 13.373286 -1.186039 -1.042133
1769098001.619536 13.376515 -1.191304 -1.041148
1769098001.754346 13.384359 -1.204172 -1.039433
1769098001.820184 13.386613 -1.207776 -1.039267
1769098001.954385 13.394363 -1.220469 -1.041222
1769098002.020836 13.397700 -1.225928 -1.043619
1769098002.154356 13.404423 -1.237009 -1.046489
1769098002.221606 13.408490 -1.243847 -1.047759
1769098002.354355 13.415416 -1.255456 -1.046139
1769098002.422193 13.418421 -1.260419 -1.046847
1769098002.554343 13.425257 -1.271812 -1.044794
1769098002.622949 13.428626 -1.277371 -1.044540
1769098002.754352 13.434915 -1.287859 -1.039751
1769098002.823537 13.439111 -1.294785 -1.041434
1769098002.954358 13.432930 -1.319394 -1.043066
1769098003.024231 13.429068 -1.331655 -1.044487
1769098003.154348 13.435886 -1.343085 -1.046261
1769098003.224867 13.439411 -1.349060 -1.045749
1769098003.354344 13.445523 -1.359342 -1.046576
1769098003.425568 13.449669 -1.366354 -1.046580
1769098003.554350 13.456111 -1.377246 -1.047897
1769098003.626241 13.459695 -1.383354 -1.045868
1769098003.754391 13.465907 -1.393793 -1.046598
1769098003.826923 13.470084 -1.400888 -1.045965
1769098003.954391 13.476509 -1.411721 -1.048990
1769098004.027596 13.479637 -1.417059 -1.047503
1769098004.154377 13.486331 -1.428446 -1.052252
1769098004.228200 13.490077 -1.434911 -1.053103
1769098004.354373 13.496167 -1.445461 -1.053124
1769098004.428885 13.500477 -1.452954 -1.051705
1769098004.554377 13.506832 -1.463976 -1.048942
1769098004.629500 13.509927 -1.469298 -1.048544
1769098004.754401 13.514027 -1.476386 -1.044599
1769098004.830243 13.520353 -1.487257 -1.048061
1769098004.954374 13.526706 -1.498385 -1.055473
1769098005.030868 13.530004 -1.504228 -1.063506
1769098005.154364 13.536047 -1.515182 -1.076679
1769098005.231606 13.539692 -1.522043 -1.083891
1769098005.354383 13.544905 -1.531978 -1.096855
1769098005.432211 13.548814 -1.539709 -1.101933
1769098005.554382 13.554396 -1.550928 -1.109227
1769098005.632882 13.557903 -1.558074 -1.115649
1769098005.754412 13.562564 -1.567750 -1.122564
1769098005.833569 13.566333 -1.575663 -1.130591
1769098005.954418 13.571450 -1.586689 -1.144791
1769098006.034176 13.574703 -1.593981 -1.154552
1769098006.154398 13.579297 -1.604451 -1.170424
1769098006.234766 13.582523 -1.612162 -1.179110
1769098006.354404 13.586807 -1.622636 -1.189986
1769098006.435431 13.590049 -1.630865 -1.195111
1769098006.554410 13.594492 -1.642183 -1.206681
1769098006.636045 13.596916 -1.648650 -1.211978
1769098006.754407 13.601111 -1.659978 -1.224076
1769098006.836611 13.603985 -1.667960 -1.234040
1769098006.954392 13.608071 -1.679843 -1.244297
1769098007.037329 13.610335 -1.686524 -1.252696
1769098007.154399 13.614171 -1.698234 -1.265732
1769098007.237966 13.616783 -1.706627 -1.275225
1769098007.354420 13.619870 -1.716898 -1.286224
1769098007.438617 13.621709 -1.722888 -1.296732
1769098007.554415 13.625531 -1.736604 -1.305180
1769098007.639311 13.627732 -1.744619 -1.310104
1769098007.754421 13.630443 -1.754455 -1.321151
1769098007.839881 13.632177 -1.760815 -1.329503
1769098007.954454 13.635698 -1.775226 -1.343205
1769098008.040634 13.637704 -1.783893 -1.354472
1769098008.154430 13.639891 -1.793796 -1.366754
1769098008.241271 13.641828 -1.803155 -1.375604
1769098008.354421 13.644086 -1.814724 -1.383465
1769098008.441897 13.645532 -1.822138 -1.390689
1769098008.554479 13.642168 -1.816891 -1.398362
1769098008.642579 13.639291 -1.811699 -1.406729
1769098008.754431 13.641072 -1.822231 -1.417146
1769098008.843229 13.642580 -1.831789 -1.426179
1769098008.954413 13.644300 -1.843357 -1.440083
1769098009.043879 13.645344 -1.851080 -1.448899
1769098009.154423 13.646777 -1.862904 -1.459351
1769098009.244531 13.647856 -1.872485 -1.468513
1769098009.354442 13.648512 -1.877946 -1.475765
1769098009.445218 13.649795 -1.891722 -1.482064
1769098009.554435 13.650780 -1.902874 -1.489232
1769098009.645834 13.651452 -1.910646 -1.497878
1769098009.754465 13.652286 -1.922085 -1.509030
1769098009.846521 13.652807 -1.930050 -1.518516
1769098009.954442 13.653246 -1.937292 -1.527393
1769098010.047201 13.653777 -1.951508 -1.534201
1769098010.154505 13.654153 -1.962799 -1.540252
1769098010.247658 13.654340 -1.970636 -1.540464
1769098010.354449 13.654681 -1.981572 -1.543429
1769098010.448348 13.654935 -1.991305 -1.540926
1769098010.554459 13.655242 -2.000566 -1.541156
1769098010.648907 13.655543 -2.010704 -1.538765
1769098010.754438 13.655915 -2.021901 -1.539875
1769098010.849710 13.656151 -2.029960 -1.542075
1769098010.954456 13.656462 -2.041144 -1.546011
1769098011.050398 13.656672 -2.051509 -1.547105
1769098011.154464 13.656872 -2.060905 -1.549130
1769098011.251130 13.657070 -2.071494 -1.548437
1769098011.354467 13.657293 -2.082346 -1.546697
1769098011.451723 13.657476 -2.090509 -1.547461
1769098011.554451 13.657653 -2.100863 -1.544784
1769098011.652481 13.657872 -2.110832 -1.543843
1769098011.754483 13.658130 -2.121740 -1.542621
1769098011.853049 13.658331 -2.130137 -1.542767
1769098011.954489 13.658589 -2.141044 -1.542792
1769098012.053724 13.658886 -2.151825 -1.546414
1769098012.154528 13.659055 -2.160535 -1.549639
1769098012.254352 13.659251 -2.171186 -1.554999
1769098012.354467 13.659367 -2.181893 -1.554957
1769098012.454524 13.659481 -2.190533 -1.554486
1769098012.554468 13.659608 -2.201175 -1.550322
1769098012.654468 13.659822 -2.211711 -1.549059
1769098012.754491 13.659956 -2.219946 -1.549145
1769098012.854471 13.660141 -2.230669 -1.551080
1769098012.954483 13.660319 -2.241552 -1.554255
1769098013.054491 13.660397 -2.250206 -1.554345
1769098013.154480 13.660535 -2.261175 -1.556439
1769098013.254540 13.660626 -2.271943 -1.555650
1769098013.354561 13.660736 -2.280556 -1.558217
1769098013.454588 13.660789 -2.290907 -1.557154
1769098013.554506 13.660868 -2.301543 -1.556633
1769098013.654500 13.660934 -2.310020 -1.555311
1769098013.754491 13.661067 -2.320745 -1.553034
1769098013.854521 13.661233 -2.331432 -1.552352
1769098013.954563 13.661258 -2.335686 -1.551563
1769098014.054525 13.661496 -2.350636 -1.554652
1769098014.154483 13.647724 -2.333457 -1.566472
1769098014.254553 13.631857 -2.307795 -1.576298
1769098014.354461 13.630582 -2.321064 -1.575767
1769098014.454524 13.630449 -2.329682 -1.575801
1769098014.554497 13.630311 -2.340265 -1.573885
1769098014.654496 13.630220 -2.350834 -1.574637
1769098014.754479 13.630085 -2.359226 -1.573630
1769098014.854492 13.629969 -2.369948 -1.574923
1769098014.954496 13.629853 -2.380739 -1.576948
1769098015.054518 13.629729 -2.389571 -1.578482
1769098015.154529 13.629571 -2.400387 -1.579397
1769098015.254507 13.629399 -2.411151 -1.580759
1769098015.354495 13.629238 -2.419821 -1.584897
1769098015.454515 13.628994 -2.430536 -1.585634
1769098015.554513 13.628722 -2.440974 -1.583427
1769098015.654526 13.628506 -2.449234 -1.580051
1769098015.754522 13.628332 -2.459683 -1.578350
1769098015.854561 13.628185 -2.470234 -1.576211
1769098015.954563 13.628087 -2.480892 -1.579029
1769098016.054528 13.627910 -2.489144 -1.578953
1769098016.154526 13.627712 -2.499992 -1.581814
1769098016.254509 13.627510 -2.510876 -1.584761
1769098016.354523 13.627305 -2.519548 -1.586005
1769098016.454511 13.627000 -2.530283 -1.583523
1769098016.554510 13.626750 -2.540637 -1.582928
1769098016.654532 13.626489 -2.550947 -1.582611
1769098016.754537 13.626235 -2.559229 -1.580898
1769098016.854536 13.625981 -2.569373 -1.579885
1769098016.954536 13.625727 -2.580185 -1.578331
1769098017.054530 13.625520 -2.588531 -1.579743
1769098017.154516 13.625278 -2.599270 -1.580077
1769098017.254537 13.625042 -2.610103 -1.584544
1769098017.354537 13.624731 -2.620716 -1.587518
1769098017.454530 13.624555 -2.625045 -1.591102
1769098017.554549 13.624124 -2.640183 -1.591570
1769098017.654557 13.623804 -2.650945 -1.589612
1769098017.754530 13.623565 -2.659113 -1.587303
1769098017.854547 13.623319 -2.669629 -1.585087
1769098017.954571 13.623076 -2.680018 -1.584826
1769098018.054547 13.622848 -2.688675 -1.585385
1769098018.154545 13.622566 -2.699462 -1.585964
1769098018.254547 13.622267 -2.710331 -1.585583
1769098018.354552 13.622016 -2.719020 -1.587625
1769098018.454561 13.621745 -2.729824 -1.591388
1769098018.554555 13.621459 -2.738439 -1.594053
1769098018.654612 13.621062 -2.748966 -1.592829
1769098018.754541 13.620698 -2.759579 -1.592354
1769098018.854557 13.620361 -2.767969 -1.588876
1769098018.954561 13.620041 -2.778821 -1.589204
1769098019.054574 13.619731 -2.789472 -1.588395
1769098019.154566 13.619462 -2.798014 -1.589793
1769098019.254560 13.619147 -2.808454 -1.594096
1769098019.354584 13.618740 -2.819411 -1.595576
1769098019.454559 13.618335 -2.830127 -1.599175
1769098019.554544 13.618077 -2.834441 -1.599383
1769098019.654553 13.617530 -2.849544 -1.598420
1769098019.754649 13.609908 -2.835453 -1.604477
1769098019.854596 13.598823 -2.815781 -1.613067
1769098019.954597 13.595439 -2.818789 -1.613861
1769098020.054702 13.594885 -2.829369 -1.613828
1769098020.154582 13.594558 -2.833670 -1.611160
1769098020.254594 13.593838 -2.848805 -1.612439
1769098020.354576 13.593370 -2.857402 -1.612636
1769098020.454576 13.592837 -2.867947 -1.616088
1769098020.554557 13.592259 -2.878719 -1.622335
1769098020.654589 13.591591 -2.889222 -1.622063
1769098020.754592 13.591057 -2.897812 -1.623158
1769098020.854572 13.590407 -2.908434 -1.620363
1769098020.954568 13.589797 -2.919030 -1.618034
1769098021.054680 13.589289 -2.927244 -1.615036
1769098021.154566 13.588716 -2.937928 -1.617724
1769098021.254588 13.588090 -2.948535 -1.619241
1769098021.354585 13.587772 -2.952892 -1.621693
1769098021.454598 13.586859 -2.968130 -1.623165
1769098021.554679 13.586184 -2.978823 -1.625378
1769098021.654579 13.585607 -2.987458 -1.625757
1769098021.754635 13.584928 -2.997969 -1.626057
1769098021.854680 13.584244 -3.008289 -1.626133
1769098021.954614 13.583650 -3.016795 -1.623847
1769098022.054631 13.582972 -3.027315 -1.621297
1769098022.154577 13.582310 -3.038048 -1.619580
1769098022.254585 13.581783 -3.046520 -1.620188
1769098022.354611 13.581142 -3.057156 -1.620624
1769098022.454607 13.580488 -3.068024 -1.626566
1769098022.554590 13.579906 -3.076444 -1.628578
1769098022.654607 13.579173 -3.087289 -1.632360
1769098022.754667 13.578419 -3.097987 -1.632251
1769098022.854609 13.577809 -3.106621 -1.631482
1769098022.954663 13.577087 -3.116898 -1.626871
1769098023.054596 13.576434 -3.126915 -1.627609
1769098023.154700 13.575758 -3.137380 -1.631280
1769098023.254627 13.575169 -3.145769 -1.633033
1769098023.354632 13.574411 -3.156549 -1.633859
1769098023.454684 13.573642 -3.167251 -1.634918
1769098023.554593 13.572871 -3.177826 -1.636224
1769098023.654597 13.572236 -3.186173 -1.637234
1769098023.754608 13.571434 -3.196898 -1.639774
1769098023.854640 13.570610 -3.207513 -1.640461
1769098023.954642 13.570240 -3.211804 -1.641315
1769098024.054622 13.569157 -3.226602 -1.638934
1769098024.154633 13.568409 -3.237224 -1.637039
1769098024.254687 13.567808 -3.245683 -1.635269
1769098024.354630 13.567081 -3.256277 -1.637173
1769098024.454610 13.566452 -3.264792 -1.638665
1769098024.554608 13.565654 -3.275702 -1.641996
1769098024.654634 13.564836 -3.286564 -1.644497
1769098024.754637 13.564115 -3.295248 -1.643566
1769098024.854677 13.563278 -3.305907 -1.644318
1769098024.954650 13.562469 -3.316203 -1.642982
1769098025.054621 13.561826 -3.324654 -1.645901
1769098025.154686 13.561000 -3.334980 -1.643939
1769098025.254620 13.560184 -3.345426 -1.643561
1769098025.354617 13.556505 -3.344735 -1.644683
1769098025.454659 13.550839 -3.333583 -1.646297
1769098025.554642 13.547851 -3.335594 -1.646622
1769098025.654648 13.546984 -3.346354 -1.648573
1769098025.754652 13.546634 -3.350689 -1.652380
1769098025.854664 13.545347 -3.365766 -1.653396
1769098025.954676 13.544613 -3.374255 -1.651867
1769098026.054694 13.543709 -3.384908 -1.647927
1769098026.154629 13.542875 -3.395386 -1.645419
1769098026.254638 13.542102 -3.405602 -1.645557
1769098026.354643 13.541488 -3.413888 -1.648445
1769098026.454664 13.540674 -3.424419 -1.650740
1769098026.554656 13.539789 -3.435242 -1.650196
1769098026.654646 13.539093 -3.443711 -1.644919
1769098026.754651 13.538295 -3.454543 -1.639758
1769098026.854627 13.537558 -3.465119 -1.632827
1769098026.954652 13.537008 -3.473516 -1.624133
1769098027.054665 13.536402 -3.484063 -1.611479
1769098027.154757 13.535930 -3.494721 -1.599644
1769098027.254737 13.535652 -3.503284 -1.588561
1769098027.354722 13.535414 -3.514053 -1.575420
1769098027.454641 13.535332 -3.524785 -1.567591
1769098027.504373 13.535307 -3.528727 -1.563971
1769098027.654628 13.535359 -3.543607 -1.551872
1769098027.705072 13.535383 -3.547929 -1.547585
1769098027.854682 13.535693 -3.565315 -1.540149
1769098027.905760 13.535777 -3.569583 -1.539919
1769098028.054684 13.536117 -3.584593 -1.538777
1769098028.106422 13.536207 -3.589065 -1.537030
1769098028.254630 13.536563 -3.603139 -1.533901
1769098028.307117 13.536494 -3.603104 -1.531126
1769098028.454733 13.536226 -3.602993 -1.523442
1769098028.507764 13.536103 -3.602949 -1.520726
1769098028.654636 13.537897 -3.643178 -1.521761
1769098028.708475 13.537796 -3.643175 -1.523263
1769098028.854663 13.538391 -3.662263 -1.528496
1769098028.909112 13.538539 -3.668606 -1.528420
1769098029.054663 13.538228 -3.668555 -1.528077
1769098029.109746 13.538730 -3.683265 -1.527967
1769098029.254628 13.538826 -3.694012 -1.521834
1769098029.310328 13.538741 -3.695646 -1.518787
1769098029.454640 13.539218 -3.712699 -1.516375
1769098029.511019 13.539840 -3.727163 -1.516339
1769098029.654690 13.540216 -3.742018 -1.517819
1769098029.711681 13.540261 -3.746263 -1.518143
1769098029.854762 13.539822 -3.746206 -1.518912
1769098029.912344 13.539824 -3.749542 -1.519634
1769098030.054716 13.540865 -3.778799 -1.525876
1769098030.113072 13.541055 -3.786953 -1.524423
1769098030.254698 13.541321 -3.801440 -1.520485
1769098030.313725 13.541499 -3.808507 -1.520283
1769098030.454679 13.541440 -3.815809 -1.517061
1769098030.514405 13.541711 -3.824225 -1.515971
1769098030.654687 13.542208 -3.840626 -1.520579
1769098030.715066 13.542060 -3.840620 -1.522528
1769098030.854691 13.541765 -3.840611 -1.526971
1769098030.915760 13.542679 -3.865554 -1.527424
1769098031.054695 13.529293 -3.853284 -1.547233
1769098031.116345 13.521514 -3.848060 -1.554057
1769098031.254724 13.521332 -3.861897 -1.555006
1769098031.317033 13.521230 -3.867135 -1.553550
1769098031.454695 13.521002 -3.876519 -1.553669
1769098031.517639 13.521018 -3.887808 -1.552743
1769098031.654715 13.520878 -3.901528 -1.557082
1769098031.718244 13.520793 -3.906969 -1.558288
1769098031.854709 13.520560 -3.916499 -1.558999
1769098031.918965 13.520523 -3.928137 -1.560733
1769098032.054707 13.520261 -3.941489 -1.561544
1769098032.119582 13.520138 -3.947020 -1.563118
1769098032.254700 13.519889 -3.960738 -1.563984
1769098032.320331 13.519766 -3.966746 -1.562699
1769098032.454728 13.519533 -3.979732 -1.557909
1769098032.520868 13.519470 -3.987426 -1.558221
1769098032.654724 13.519288 -4.000553 -1.557098
1769098032.721668 13.519203 -4.006170 -1.558681
1769098032.854734 13.518962 -4.015275 -1.557841
1769098032.922288 13.518951 -4.025992 -1.564829
1769098033.054733 13.518692 -4.039100 -1.568821
1769098033.123113 13.518548 -4.047205 -1.569438
1769098033.254722 13.518266 -4.060648 -1.569518
1769098033.323598 13.518119 -4.066404 -1.569059
1769098033.454730 13.517870 -4.079445 -1.566331
1769098033.524229 13.517744 -4.086176 -1.564952
1769098033.654740 13.517538 -4.098639 -1.565780
1769098033.724935 13.517437 -4.106751 -1.567162
1769098033.854737 13.517233 -4.119722 -1.570026
1769098033.925656 13.517102 -4.126487 -1.572441
1769098034.054752 13.516847 -4.138498 -1.576420
1769098034.126280 13.516674 -4.146883 -1.576794
1769098034.254765 13.516363 -4.160008 -1.577409
1769098034.326941 13.516182 -4.166260 -1.573409
1769098034.454745 13.515909 -4.175075 -1.570152
1769098034.527639 13.515786 -4.187232 -1.568760
1769098034.654743 13.515581 -4.199559 -1.566485
1769098034.728270 13.515473 -4.205595 -1.566897
1769098034.854739 13.515302 -4.218548 -1.569947
1769098034.928996 13.515186 -4.226069 -1.571928
1769098035.054754 13.514975 -4.238022 -1.576915
1769098035.129568 13.514824 -4.246586 -1.580216
1769098035.254755 13.514536 -4.259156 -1.581518
1769098035.330343 13.514373 -4.266586 -1.581468
1769098035.454762 13.514147 -4.273906 -1.579429
1769098035.530978 13.513956 -4.286613 -1.579407
1769098035.654755 13.513726 -4.299153 -1.578148
1769098035.731660 13.513603 -4.305657 -1.578710
1769098035.854780 13.513374 -4.318225 -1.579620
1769098035.932291 13.513217 -4.325936 -1.580492
1769098036.054808 13.512977 -4.337395 -1.584011
1769098036.132965 13.512771 -4.346251 -1.584344
1769098036.254761 13.512455 -4.358896 -1.585048
1769098036.333678 13.512245 -4.366872 -1.582554
1769098036.454762 13.511981 -4.377849 -1.582856
1769098036.536998 13.511786 -4.386664 -1.580601
1769098036.536998 13.511786 -4.386664 -1.580601
1769098036.536998 13.511786 -4.386664 -1.580601
1769098036.854768 13.503580 -4.401197 -1.577235
1769098036.935540 13.501470 -4.406362 -1.575830
1769098037.054775 13.501340 -4.418961 -1.578893
1769098037.136286 13.501236 -4.425790 -1.579276
1769098037.254764 13.501050 -4.437723 -1.580840
1769098037.336878 13.500909 -4.446111 -1.580629
1769098037.454806 13.500696 -4.458934 -1.579056
1769098037.537529 13.500604 -4.463000 -1.577685
1769098037.654776 13.500429 -4.477828 -1.575154
1769098037.738165 13.500344 -4.486331 -1.576211
1769098037.854814 13.500223 -4.496660 -1.577382
1769098037.938917 13.500154 -4.502941 -1.579477
1769098038.054774 13.499978 -4.517521 -1.581982
1769098038.139543 13.499842 -4.526436 -1.583692
1769098038.254791 13.499653 -4.537124 -1.583754
1769098038.340197 13.499489 -4.546599 -1.584986
1769098038.454798 13.499276 -4.558447 -1.584097
1769098038.540772 13.499151 -4.565665 -1.583494
1769098038.654791 13.498989 -4.577073 -1.582192
1769098038.741415 13.498876 -4.586063 -1.580473
1769098038.854801 13.498771 -4.596285 -1.579981
1769098038.942107 13.498685 -4.602704 -1.575573
1769098039.054797 13.498616 -4.617413 -1.566936
1769098039.142753 13.498661 -4.626545 -1.562504
1769098039.254802 13.498738 -4.636446 -1.551805
1769098039.343469 13.498912 -4.646083 -1.548556
1769098039.454800 13.499157 -4.657984 -1.544772
1769098039.544119 13.499350 -4.666988 -1.543530
1769098039.654827 13.499568 -4.676871 -1.541223
1769098039.744756 13.499810 -4.686401 -1.542421
1769098039.854850 13.500083 -4.697741 -1.539945
1769098039.945413 13.500185 -4.701871 -1.542708
1769098040.054816 13.500577 -4.716874 -1.542970
1769098040.146071 13.500829 -4.726486 -1.545508
1769098040.254847 13.501068 -4.736159 -1.547637
1769098040.346753 13.501218 -4.742688 -1.547043
1769098040.454814 13.501589 -4.757138 -1.541353
1769098040.547458 13.501931 -4.766814 -1.531315
1769098040.654840 13.502349 -4.776327 -1.515750
1769098040.748030 13.502941 -4.786486 -1.505830
1769098040.854820 13.503733 -4.797731 -1.495707
1769098040.948715 13.504048 -4.801887 -1.486527
1769098041.054819 13.505355 -4.816651 -1.477391
1769098041.149491 13.506305 -4.826052 -1.474760
1769098041.254822 13.507268 -4.835261 -1.465090
1769098041.350210 13.508419 -4.845610 -1.457946
1769098041.454834 13.509725 -4.856708 -1.455988
1769098041.550842 13.510698 -4.864945 -1.456939
1769098041.654830 13.511997 -4.875999 -1.458193
1769098041.751543 13.513164 -4.885967 -1.456264
1769098041.854873 13.514454 -4.896721 -1.454822
1769098041.952249 13.515463 -4.904923 -1.449505
1769098042.054835 13.516788 -4.915348 -1.451151
1769098042.152797 13.518079 -4.925650 -1.452927
1769098042.254839 13.519172 -4.934433 -1.456171
1769098042.353581 13.520424 -4.944817 -1.457820
1769098042.454840 13.512034 -4.940604 -1.453599
1769098042.554174 13.503506 -4.936066 -1.444543
1769098042.654842 13.504675 -4.944894 -1.442265
1769098042.754843 13.506104 -4.955613 -1.440964
1769098042.854847 13.507231 -4.964043 -1.438701
1769098042.954847 13.508635 -4.974381 -1.438356
1769098043.054857 13.510069 -4.984819 -1.438606
1769098043.154857 13.511244 -4.993224 -1.437011
1769098043.254854 13.512712 -5.003787 -1.438702
1769098043.354857 13.514166 -5.014476 -1.438801
1769098043.454862 13.515341 -5.023108 -1.443190
1769098043.554846 13.516194 -5.029309 -1.447454
1769098043.654884 13.518078 -5.044179 -1.447731
1769098043.754879 13.519418 -5.054652 -1.446516
1769098043.854865 13.520010 -5.058821 -1.447377
1769098043.954897 13.521935 -5.073513 -1.445764
1769098044.054876 13.523351 -5.084010 -1.444598
1769098044.154855 13.524480 -5.092243 -1.444815
1769098044.254864 13.525851 -5.102487 -1.445669
1769098044.354865 13.527272 -5.113234 -1.447628
1769098044.454922 13.528404 -5.121698 -1.447609
1769098044.554866 13.529786 -5.132271 -1.445891
1769098044.654913 13.531191 -5.142944 -1.445316
1769098044.754885 13.532619 -5.153792 -1.443616
1769098044.854877 13.533208 -5.157984 -1.444541
1769098044.954871 13.535100 -5.172420 -1.442179
1769098045.054874 13.536518 -5.182885 -1.440341
1769098045.154871 13.537672 -5.191037 -1.438638
1769098045.254873 13.539143 -5.201393 -1.440973
1769098045.354881 13.540627 -5.212056 -1.448629
1769098045.454891 13.541958 -5.222305 -1.457322
1769098045.554898 13.542590 -5.226570 -1.469640
1769098045.654955 13.544189 -5.241507 -1.479425
1769098045.754904 13.545223 -5.252171 -1.486324
1769098045.854954 13.546006 -5.260541 -1.494825
1769098045.954921 13.546894 -5.271115 -1.500329
1769098046.054918 13.547716 -5.281694 -1.501751
1769098046.154905 13.548511 -5.292069 -1.504227
1769098046.254992 13.549137 -5.300299 -1.504749
1769098046.354908 13.549902 -5.310675 -1.505181
1769098046.454903 13.550676 -5.321151 -1.505948
1769098046.554905 13.551308 -5.329761 -1.506549
1769098046.654900 13.552085 -5.340747 -1.507876
1769098046.754886 13.552833 -5.351633 -1.508848
1769098046.854915 13.553427 -5.360094 -1.508537
1769098046.954911 13.553878 -5.366435 -1.505569
1769098047.054897 13.554877 -5.380652 -1.501234
1769098047.154909 13.555689 -5.391253 -1.499647
1769098047.254911 13.556370 -5.399626 -1.501941
1769098047.354920 13.557187 -5.410150 -1.502772
1769098047.454928 13.557990 -5.420802 -1.506762
1769098047.554903 13.558610 -5.429338 -1.506346
1769098047.654907 13.559368 -5.440069 -1.508092
1769098047.754911 13.560087 -5.450449 -1.506669
1769098047.854954 13.560818 -5.460982 -1.504979
1769098047.954955 13.561425 -5.469339 -1.505302
1769098048.054940 13.553900 -5.467659 -1.509281
1769098048.150027 13.544771 -5.463878 -1.515527
1769098048.254914 13.542927 -5.468686 -1.517239
1769098048.354916 13.543569 -5.479222 -1.515295
1769098048.454925 13.544243 -5.490059 -1.517468
1769098048.554919 13.544790 -5.498773 -1.519770
1769098048.654926 13.545430 -5.509741 -1.521126
1769098048.754937 13.546037 -5.520583 -1.523730
1769098048.854926 13.546496 -5.528980 -1.520501
1769098048.954924 13.547087 -5.539544 -1.519823
1769098049.054938 13.547709 -5.550183 -1.516343
1769098049.154922 13.548248 -5.558724 -1.514097
1769098049.254998 13.548690 -5.565110 -1.515790
1769098049.355003 13.549575 -5.579534 -1.516979
1769098049.454950 13.550221 -5.589867 -1.518150
1769098049.554939 13.550741 -5.598253 -1.520031
1769098049.654958 13.551348 -5.608666 -1.519260
1769098049.754945 13.551970 -5.619455 -1.520934
1769098049.854938 13.552486 -5.628170 -1.524436
1769098049.954972 13.553068 -5.638839 -1.522695
1769098050.054971 13.553658 -5.649454 -1.522216
1769098050.154938 13.554244 -5.659892 -1.520665
1769098050.250018 13.554527 -5.664162 -1.518595
1769098050.354955 13.555343 -5.678742 -1.516153
1769098050.454957 13.555975 -5.689556 -1.516763
1769098050.554964 13.556500 -5.698218 -1.520682
1769098050.654957 13.557087 -5.708756 -1.523257
1769098050.754961 13.557641 -5.719298 -1.525202
1769098050.854957 13.558079 -5.727972 -1.523306
1769098050.954970 13.558637 -5.738689 -1.524294
1769098051.054967 13.559187 -5.749255 -1.521727
1769098051.154981 13.559664 -5.757850 -1.518974
1769098051.254960 13.560260 -5.768312 -1.517983
1769098051.354974 13.560843 -5.778496 -1.516985
1769098051.454978 13.561451 -5.789034 -1.514842
1769098051.554980 13.561958 -5.797519 -1.517314
1769098051.654968 13.562563 -5.808259 -1.517492
1769098051.754969 13.563160 -5.819025 -1.518899
1769098051.850003 13.563433 -5.823340 -1.523939
1769098051.950003 13.564185 -5.838510 -1.524858
1769098052.050013 13.564713 -5.849155 -1.524422
1769098052.150005 13.564918 -5.853153 -1.520342
1769098052.254987 13.565695 -5.867731 -1.521216
1769098052.350002 13.566275 -5.878421 -1.519545
1769098052.454985 13.566751 -5.886733 -1.520434
1769098052.554965 13.567348 -5.897496 -1.522986
1769098052.654987 13.567894 -5.908013 -1.524003
1769098052.754978 13.568335 -5.916580 -1.526305
1769098052.850000 13.568861 -5.927324 -1.527716
1769098052.954976 13.569380 -5.938249 -1.525843
1769098053.050003 13.569595 -5.942624 -1.523792
1769098053.154973 13.570322 -5.957720 -1.521076
1769098053.250015 13.570862 -5.968287 -1.520252
1769098053.354993 13.571301 -5.976603 -1.518661
1769098053.450002 13.571854 -5.986839 -1.516502
1769098053.550011 13.572442 -5.997376 -1.514961
1769098053.650004 13.567092 -6.003296 -1.521766
1769098053.750001 13.557248 -6.009111 -1.531264
1769098053.850006 13.553224 -6.017841 -1.537725
1769098053.950026 13.553498 -6.026392 -1.539177
1769098054.050009 13.553816 -6.036921 -1.537717
1769098054.150012 13.554152 -6.047548 -1.534593
1769098054.254974 13.554438 -6.056201 -1.530965
1769098054.355004 13.554821 -6.066902 -1.528170
1769098054.450015 13.555229 -6.077522 -1.529323
1769098054.550001 13.555545 -6.086044 -1.531312
1769098054.650004 13.555930 -6.096616 -1.533338
1769098054.750025 13.556296 -6.107291 -1.533960
1769098054.850016 13.556434 -6.111337 -1.535115
1769098054.950022 13.556952 -6.126517 -1.533673
1769098055.050024 13.557319 -6.137320 -1.535022
1769098055.150026 13.557441 -6.141625 -1.533182
1769098055.250026 13.557794 -6.152149 -1.533367
1769098055.350031 13.558313 -6.166795 -1.530771
1769098055.450034 13.558446 -6.170971 -1.528927
1769098055.550035 13.558407 -6.170974 -1.527788
1769098055.650023 13.559469 -6.196154 -1.527767
1769098055.750097 13.559455 -6.196152 -1.530153
1769098055.850033 13.560053 -6.211197 -1.535071
1769098055.950096 13.560084 -6.211191 -1.539829
1769098056.050054 13.560864 -6.236946 -1.542411
1769098056.150043 13.561016 -6.241271 -1.543315
1769098056.250041 13.561347 -6.252100 -1.541449
1769098056.350019 13.561838 -6.267226 -1.540445
1769098056.450042 13.562000 -6.271426 -1.538577
1769098056.550041 13.562508 -6.286150 -1.536987
1769098056.600019 13.562514 -6.286150 -1.536326
1769098056.750023 13.562864 -6.296675 -1.534025
1769098056.800689 13.562861 -6.296875 -1.533288
1769098056.950045 13.563952 -6.327001 -1.536172
1769098057.001374 13.564102 -6.331401 -1.538748
1769098057.150052 13.564563 -6.346657 -1.542554
1769098057.202005 13.564689 -6.350857 -1.543109
1769098057.350049 13.564721 -6.350854 -1.544593
1769098057.402589 13.564738 -6.350853 -1.545111
1769098057.550035 13.564796 -6.350849 -1.546545
1769098057.603254 13.564821 -6.350847 -1.547054
1769098057.750082 13.566276 -6.405890 -1.548897
1769098057.803926 13.566383 -6.406695 -1.551233
1769098057.950091 13.566857 -6.420553 -1.552327
1769098058.004607 13.567147 -6.431714 -1.554419
1769098058.150062 13.567600 -6.446100 -1.554747
1769098058.205226 13.567756 -6.450942 -1.554365
1769098058.350068 13.568203 -6.465298 -1.553019
1769098058.405913 13.568293 -6.466539 -1.550863
1769098058.550076 13.568735 -6.480120 -1.549216
1769098058.606571 13.569032 -6.491099 -1.547921
1769098058.750068 13.569521 -6.505414 -1.545205
1769098058.807333 13.569699 -6.509812 -1.547061
1769098058.950051 13.570211 -6.524959 -1.552176
1769098059.010648 13.570392 -6.530725 -1.552862
1769098059.010648 13.570392 -6.530725 -1.552862
1769098059.010648 13.570392 -6.530725 -1.552862
1769098059.350065 13.554856 -6.557423 -1.543300
1769098059.409280 13.552043 -6.560154 -1.537655
1769098059.550084 13.552699 -6.575149 -1.532448
1769098059.609856 13.552824 -6.577199 -1.531940
1769098059.750086 13.553432 -6.589885 -1.531716
1769098059.810448 13.553925 -6.601338 -1.531937
1769098059.950147 13.554570 -6.615267 -1.535236
1769098060.011142 13.554790 -6.619613 -1.537331
1769098060.150076 13.555425 -6.634732 -1.540885
1769098060.211790 13.555570 -6.637286 -1.541862
1769098060.350096 13.556072 -6.649929 -1.540934
1769098060.412425 13.556438 -6.660325 -1.541832
1769098060.550095 13.556989 -6.674638 -1.539740
1769098060.613126 13.557127 -6.677341 -1.537258
1769098060.750095 13.557617 -6.689203 -1.532476
1769098060.813690 13.558103 -6.701146 -1.532945
1769098060.950093 13.558657 -6.714667 -1.535026
1769098061.014465 13.558788 -6.717686 -1.535870
1769098061.150121 13.559373 -6.733739 -1.537277
1769098061.215156 13.559585 -6.739990 -1.535864
1769098061.350104 13.560113 -6.755269 -1.534071
1769098061.415858 13.560256 -6.759621 -1.531912
1769098061.550109 13.560817 -6.774392 -1.530612
1769098061.616439 13.561060 -6.780590 -1.529968
1769098061.750118 13.561542 -6.792804 -1.529054
1769098061.817151 13.561856 -6.800512 -1.528822
1769098061.950120 13.562412 -6.813765 -1.530781
1769098062.017795 13.562633 -6.819620 -1.531779
1769098062.150119 13.563125 -6.833368 -1.534081
1769098062.218510 13.563348 -6.840001 -1.536942
1769098062.350113 13.563807 -6.854772 -1.538874
1769098062.419125 13.563923 -6.859049 -1.537400
1769098062.550111 13.564379 -6.873723 -1.534083
1769098062.619636 13.564502 -6.877824 -1.532591
1769098062.750119 13.564850 -6.888473 -1.530871
1769098062.820426 13.565312 -6.900808 -1.530562
1769098062.950125 13.565766 -6.913818 -1.531702
1769098063.021012 13.565964 -6.919881 -1.532373
1769098063.150131 13.566399 -6.933070 -1.534002
1769098063.221738 13.566625 -6.940253 -1.533928
1769098063.350146 13.566844 -6.948355 -1.532515
1769098063.422362 13.567286 -6.961292 -1.532722
1769098063.550121 13.567694 -6.974313 -1.531526
1769098063.623088 13.567805 -6.978590 -1.530445
1769098063.750142 13.568309 -6.993188 -1.527496
1769098063.823724 13.568563 -7.000204 -1.525859
1769098063.950125 13.568822 -7.007706 -1.527274
1769098064.024364 13.569348 -7.020633 -1.528565
1769098064.150148 13.569818 -7.033248 -1.533972
1769098064.225065 13.570049 -7.040373 -1.535623
1769098064.350123 13.570269 -7.047745 -1.538830
1769098064.425689 13.570659 -7.060656 -1.538747
1769098064.550153 13.571044 -7.073323 -1.537912
1769098064.626321 13.571218 -7.078831 -1.538386
1769098064.750200 13.571521 -7.088147 -1.537147
1769098064.826938 13.571959 -7.101030 -1.537299
1769098064.950156 13.554111 -7.113844 -1.550628
1769098065.027718 13.541484 -7.117312 -1.556736
1769098065.150168 13.541610 -7.127765 -1.557223
1769098065.228250 13.541768 -7.140826 -1.558328
1769098065.350149 13.541892 -7.153530 -1.559059
1769098065.429022 13.541930 -7.157959 -1.561414
1769098065.550163 13.541989 -7.168719 -1.559344
1769098065.629662 13.542092 -7.180629 -1.557514
1769098065.750169 13.542222 -7.193322 -1.553449
1769098065.830334 13.542258 -7.197575 -1.550858
1769098065.950165 13.542511 -7.212507 -1.547609
1769098066.030992 13.542518 -7.215157 -1.546991
1769098066.150162 13.542821 -7.231816 -1.550801
1769098066.231680 13.542922 -7.240180 -1.552545
1769098066.350163 13.542951 -7.246802 -1.553212
1769098066.432369 13.543120 -7.260336 -1.553496
1769098066.550182 13.543245 -7.272797 -1.553154
1769098066.632962 13.543295 -7.279950 -1.550765
1769098066.750176 13.543431 -7.292162 -1.547975
1769098066.833606 13.543496 -7.299153 -1.547578
1769098066.950154 13.543545 -7.306869 -1.548369
1769098067.034299 13.543766 -7.320257 -1.548747
1769098067.150253 13.543927 -7.332405 -1.548974
1769098067.234993 13.543955 -7.336733 -1.549924
1769098067.350250 13.544166 -7.352071 -1.551770
1769098067.435631 13.544228 -7.359736 -1.552818
1769098067.550202 13.544244 -7.367211 -1.553778
1769098067.636356 13.544396 -7.380969 -1.552123
1769098067.750188 13.544522 -7.392802 -1.548958
1769098067.836968 13.544518 -7.397057 -1.545749
1769098067.950193 13.544658 -7.407459 -1.543074
1769098068.037657 13.544932 -7.420614 -1.544544
1769098068.150213 13.545115 -7.431980 -1.545574
1769098068.238345 13.545141 -7.436283 -1.547684
1769098068.350198 13.545373 -7.451215 -1.549709
1769098068.439021 13.545464 -7.459667 -1.552624
1769098068.550248 13.545508 -7.466477 -1.554681
1769098068.639685 13.545671 -7.480836 -1.554624
1769098068.750202 13.545768 -7.492398 -1.553114
1769098068.840293 13.545757 -7.496627 -1.551682
1769098068.950213 13.545933 -7.511079 -1.548659
1769098069.040997 13.546037 -7.520339 -1.546988
1769098069.150207 13.546186 -7.531986 -1.546819
1769098069.241603 13.546203 -7.536339 -1.550197
1769098069.350181 13.546401 -7.551246 -1.555117
1769098069.442372 13.546459 -7.560337 -1.559154
1769098069.550236 13.546459 -7.566408 -1.562024
1769098069.642967 13.546528 -7.580349 -1.560496
1769098069.750239 13.546592 -7.591772 -1.560209
1769098069.843659 13.546578 -7.596051 -1.556306
1769098069.950232 13.546663 -7.606810 -1.553137
1769098070.044253 13.546845 -7.620461 -1.554108
1769098070.150205 13.546966 -7.631537 -1.553276
1769098070.244919 13.546975 -7.635714 -1.552843
1769098070.350219 13.547170 -7.650722 -1.555588
1769098070.445593 13.547189 -7.654647 -1.560003
1769098070.550231 13.536795 -7.671280 -1.568639
1769098070.646311 13.526972 -7.690886 -1.575519
1769098070.750213 13.526923 -7.699752 -1.573579
1769098070.846896 13.526883 -7.710151 -1.572168
1769098070.950215 13.526861 -7.720912 -1.569925
1769098071.047561 13.526874 -7.729234 -1.571324
1769098071.150290 13.526850 -7.735845 -1.565902
1769098071.248229 13.526884 -7.750478 -1.566596
1769098071.350309 13.526875 -7.754904 -1.570595
1769098071.448933 13.526853 -7.769804 -1.572781
1769098071.550245 13.526813 -7.780469 -1.573396
1769098071.649593 13.526769 -7.790986 -1.574209
1769098071.750268 13.526762 -7.795528 -1.577109
1769098071.850183 13.526684 -7.810758 -1.575176
1769098071.950268 13.526661 -7.821319 -1.574654
1769098072.050271 13.526656 -7.825496 -1.572202
1769098072.150304 13.526644 -7.840125 -1.569206
1769098072.250233 13.526659 -7.850655 -1.565772
1769098072.350249 13.526675 -7.854983 -1.568182
1769098072.450307 13.526693 -7.869941 -1.569603
1769098072.550256 13.526679 -7.880850 -1.573141
1769098072.650257 13.526679 -7.885102 -1.578676
1769098072.750247 13.526567 -7.900212 -1.580004
1769098072.850258 13.526490 -7.910765 -1.581314
1769098072.950267 13.526460 -7.915043 -1.576817
1769098073.050246 13.526396 -7.929849 -1.575320
1769098073.150254 13.526379 -7.940530 -1.573702
1769098073.250234 13.526379 -7.944807 -1.573820
1769098073.350261 13.526331 -7.959614 -1.575688
1769098073.450255 13.526273 -7.970294 -1.575802
1769098073.550307 13.526261 -7.974470 -1.577044
1769098073.650291 13.526178 -7.989859 -1.580258
1769098073.750255 13.526179 -7.994262 -1.583401
1769098073.850296 13.526102 -8.005245 -1.585139
1769098073.950252 13.525956 -8.020100 -1.583894
1769098074.050273 13.525893 -8.030628 -1.580766
1769098074.150318 13.525874 -8.038929 -1.577054
1769098074.250273 13.525874 -8.049559 -1.575063
1769098074.350260 13.525903 -8.058139 -1.576001
1769098074.450286 13.525914 -8.069021 -1.578356
1769098074.550267 13.525900 -8.079701 -1.582248
1769098074.650281 13.525848 -8.090204 -1.585656
1769098074.750279 13.525883 -8.094455 -1.588426
1769098074.850284 13.525736 -8.109005 -1.588413
1769098074.950281 13.525667 -8.119886 -1.589182
1769098075.050267 13.525611 -8.130311 -1.588892
1769098075.150275 13.525679 -8.134638 -1.588359
1769098075.250307 13.525574 -8.149264 -1.589478
1769098075.350283 13.525527 -8.159892 -1.589207
1769098075.450289 13.525516 -8.168268 -1.587744
1769098075.550303 13.525470 -8.179073 -1.588353
1769098075.650292 13.525458 -8.187778 -1.591053
1769098075.750324 13.525468 -8.194129 -1.590984
1769098075.850294 13.525292 -8.209337 -1.594589
1769098075.950284 13.525180 -8.219963 -1.595194
1769098076.050319 13.525238 -8.224239 -1.595034
1769098076.150303 13.516666 -8.230331 -1.588638
1769098076.250295 13.506833 -8.230947 -1.583832
1769098076.350352 13.505563 -8.233545 -1.580696
1769098076.450288 13.505583 -8.248274 -1.580485
1769098076.550284 13.505625 -8.258877 -1.583461
1769098076.650352 13.505678 -8.267406 -1.586013
1769098076.750279 13.505678 -8.278084 -1.585632
1769098076.850308 13.505669 -8.288991 -1.586079
1769098076.950305 13.505699 -8.297696 -1.588023
1769098077.050310 13.505678 -8.308450 -1.587114
1769098077.150306 13.505678 -8.319002 -1.589175
1769098077.250302 13.505702 -8.327403 -1.587714
1769098077.350424 13.505793 -8.333477 -1.590784
1769098077.450304 13.505711 -8.348003 -1.590496
1769098077.550326 13.505704 -8.358757 -1.591434
1769098077.650368 13.505833 -8.363084 -1.593198
1769098077.750338 13.505701 -8.378266 -1.596537
1769098077.850326 13.505629 -8.388764 -1.596759
1769098077.950324 13.505598 -8.397366 -1.597320
1769098078.050339 13.505527 -8.407510 -1.592728
1769098078.150305 13.505575 -8.413659 -1.592067
1769098078.250328 13.505462 -8.428412 -1.589959
1769098078.350314 13.505491 -8.436966 -1.587871
1769098078.450346 13.505503 -8.447443 -1.588913
1769098078.550318 13.505501 -8.458047 -1.590083
1769098078.650345 13.505540 -8.466526 -1.592202
1769098078.750318 13.505521 -8.477307 -1.595104
1769098078.850328 13.505463 -8.488289 -1.597705
1769098078.950333 13.505580 -8.492641 -1.599358
1769098079.050397 13.505489 -8.503545 -1.599163
1769098079.150324 13.505297 -8.518118 -1.598508
1769098079.250363 13.505286 -8.526595 -1.597788
1769098079.350353 13.505229 -8.537020 -1.594049
1769098079.450333 13.505190 -8.547751 -1.593993
1769098079.550365 13.505298 -8.552028 -1.593698
1769098079.650342 13.505156 -8.567060 -1.594976
1769098079.750384 13.505093 -8.577714 -1.598055
1769098079.850351 13.505051 -8.586368 -1.599087
1769098079.950343 13.504940 -8.597096 -1.599328
1769098080.050345 13.504819 -8.607975 -1.597118
1769098080.150354 13.504783 -8.616680 -1.596772
1769098080.250343 13.504693 -8.627408 -1.593210
1769098080.350364 13.504645 -8.637835 -1.592230
1769098080.450354 13.504637 -8.646161 -1.590301
1769098080.550368 13.504599 -8.656691 -1.589783
1769098080.650347 13.504565 -8.667169 -1.588504
1769098080.750344 13.504667 -8.671552 -1.593833
1769098080.850362 13.504501 -8.686762 -1.596270
1769098080.950371 13.504401 -8.697618 -1.597852
1769098081.050347 13.504342 -8.706171 -1.599865
1769098081.150367 13.504199 -8.716873 -1.597812
1769098081.250349 13.504082 -8.727451 -1.596233
1769098081.350353 13.503989 -8.737573 -1.592258
1769098081.450365 13.503969 -8.745927 -1.592142
1769098081.550352 13.503898 -8.756557 -1.591044
1769098081.650379 13.503825 -8.767111 -1.592088
1769098081.750371 13.493796 -8.791560 -1.598191
1769098081.850384 13.478538 -8.832145 -1.603790
1769098081.950374 13.473151 -8.856765 -1.604596
1769098082.050383 13.472956 -8.867520 -1.605346
1769098082.150388 13.472993 -8.871927 -1.608797
1769098082.250359 13.472786 -8.882502 -1.607805
1769098082.350365 13.472461 -8.896797 -1.607115
1769098082.450370 13.472299 -8.907045 -1.605527
1769098082.550372 13.472228 -8.915347 -1.603322
1769098082.650377 13.472103 -8.925775 -1.601679
1769098082.750397 13.471979 -8.936608 -1.601793
1769098082.850383 13.471896 -8.945291 -1.603715
1769098082.950391 13.471726 -8.956046 -1.606781
1769098083.050386 13.471509 -8.966849 -1.607510
1769098083.150377 13.471368 -8.975377 -1.607719
1769098083.250411 13.471149 -8.986105 -1.605341
1769098083.350399 13.470952 -8.996962 -1.604447
1769098083.450373 13.470997 -9.001217 -1.604640
1769098083.550397 13.470687 -9.016096 -1.603649
1769098083.650388 13.470530 -9.026574 -1.603800
1769098083.750390 13.470563 -9.030904 -1.603482
1769098083.850375 13.470244 -9.045732 -1.602229
1769098083.950415 13.470052 -9.056638 -1.601213
1769098084.050435 13.470078 -9.061048 -1.605716
1769098084.150411 13.469687 -9.076428 -1.604851
1769098084.250406 13.469459 -9.087181 -1.605201
1769098084.350421 13.469444 -9.091407 -1.603849
1769098084.450405 13.469111 -9.105857 -1.601048
1769098084.550412 13.468946 -9.116361 -1.598939
1769098084.650413 13.468954 -9.120611 -1.594825
1769098084.750434 13.468722 -9.135597 -1.596017
1769098084.850424 13.468581 -9.146330 -1.597738
1769098084.950423 13.468586 -9.150534 -1.598955
1769098085.050401 13.468258 -9.165463 -1.600091
1769098085.150396 13.468026 -9.176268 -1.600427
1769098085.250424 13.467996 -9.180597 -1.601224
1769098085.350417 13.467643 -9.195831 -1.601565
1769098085.450417 13.467427 -9.206587 -1.602132
1769098085.550407 13.467438 -9.210818 -1.603904
1769098085.650517 13.467101 -9.225469 -1.603522
1769098085.750415 13.466903 -9.236049 -1.602755
1769098085.850435 13.466768 -9.244578 -1.601201
1769098085.950459 13.466564 -9.255511 -1.601824
1769098086.050430 13.466419 -9.264219 -1.604732
1769098086.150417 13.466179 -9.275151 -1.607700
1769098086.250439 13.465916 -9.285929 -1.609862
1769098086.350464 13.465870 -9.290178 -1.605660
1769098086.450502 13.465487 -9.304750 -1.602281
1769098086.550433 13.465276 -9.315532 -1.599289
1769098086.650497 13.465159 -9.324012 -1.597898
1769098086.750441 13.464990 -9.334642 -1.596606
1769098086.850482 13.464824 -9.345298 -1.596629
1769098086.950444 13.464835 -9.349453 -1.599529
1769098087.050443 13.464531 -9.364411 -1.601840
1769098087.100479 13.464464 -9.368662 -1.601270
1769098087.250471 13.464311 -9.379673 -1.601657
1769098087.301153 13.464027 -9.390666 -1.602663
1769098087.450497 13.441156 -9.390827 -1.609019
1769098087.501774 13.433097 -9.389867 -1.611040
1769098087.650469 13.432651 -9.404566 -1.607890
1769098087.702404 13.432679 -9.404975 -1.607677
1769098087.850497 13.432281 -9.419372 -1.605760
1769098087.903036 13.431941 -9.430395 -1.606056
1769098088.050478 13.431530 -9.445081 -1.609987
1769098088.103712 13.431412 -9.449409 -1.612286
1769098088.250515 13.430906 -9.464459 -1.614640
1769098088.304332 13.430912 -9.465300 -1.613000
1769098088.450487 13.430405 -9.479454 -1.606084
1769098088.504947 13.430040 -9.490697 -1.602104
1769098088.650463 13.429734 -9.505261 -1.587070
1769098088.705602 13.429689 -9.509514 -1.582468
1769098088.850477 13.429662 -9.524201 -1.572006
1769098088.906164 13.429702 -9.525408 -1.571801
1769098089.050481 13.429876 -9.539025 -1.567222
1769098089.106869 13.429998 -9.550367 -1.560358
1769098089.250459 13.430275 -9.558551 -1.552598
1769098089.307502 13.430556 -9.570008 -1.552249
1769098089.450480 13.431001 -9.584553 -1.552926
1769098089.508294 13.431144 -9.588857 -1.551725
1769098089.650486 13.431603 -9.603818 -1.548926
1769098089.708907 13.431797 -9.609097 -1.548688
1769098089.850521 13.432197 -9.618607 -1.546860
1769098089.909567 13.432546 -9.630075 -1.546076
1769098090.050493 13.433050 -9.644197 -1.548042
1769098090.110315 13.433234 -9.649256 -1.550033
1769098090.250483 13.433675 -9.663336 -1.551564
1769098090.310965 13.433789 -9.665603 -1.553133
1769098090.450492 13.434270 -9.682906 -1.551616
1769098090.511591 13.434490 -9.690449 -1.552715
1769098090.650504 13.434922 -9.704549 -1.550346
1769098090.712237 13.435070 -9.708725 -1.548955
1769098090.850485 13.435533 -9.723430 -1.544412
1769098090.912888 13.435647 -9.726057 -1.542003
1769098091.050488 13.436102 -9.738159 -1.540567
1769098091.113602 13.436502 -9.750022 -1.541082
1769098091.250517 13.436992 -9.764021 -1.546686
1769098091.314200 13.437160 -9.768350 -1.551051
1769098091.450503 13.437564 -9.783488 -1.555220
1769098091.514922 13.437678 -9.786533 -1.554526
1769098091.650491 13.438089 -9.802599 -1.551900
1769098091.715455 13.438300 -9.810263 -1.549306
1769098091.850546 13.438729 -9.823935 -1.546958
1769098091.916151 13.438905 -9.829412 -1.546285
1769098092.050533 13.439206 -9.838209 -1.546919
1769098092.116863 13.439527 -9.850203 -1.547007
1769098092.250513 13.439916 -9.863590 -1.546698
1769098092.317517 13.440033 -9.867110 -1.546187
1769098092.450515 13.440474 -9.882746 -1.548212
1769098092.518181 13.440599 -9.886608 -1.550650
1769098092.650517 13.440991 -9.902208 -1.551814
1769098092.718849 13.441185 -9.910187 -1.550487
1769098092.850523 13.441538 -9.923416 -1.545063
1769098092.919578 13.441674 -9.927642 -1.542439
1769098093.050524 13.422513 -9.949402 -1.551482
1769098093.120207 13.411431 -9.956647 -1.557739
1769098093.250534 13.411601 -9.967393 -1.559592
1769098093.320952 13.411752 -9.979881 -1.562814
1769098093.450530 13.411871 -9.993236 -1.564305
1769098093.521606 13.411911 -9.997589 -1.565489
1769098093.650531 13.412020 -10.012675 -1.565287
1769098093.722335 13.412062 -10.017305 -1.564007
1769098093.850553 13.412160 -10.027584 -1.563192
1769098093.922937 13.412251 -10.039968 -1.562149
1769098094.050544 13.412362 -10.052819 -1.561611
1769098094.123671 13.412402 -10.057019 -1.562195
1769098094.250511 13.412539 -10.071926 -1.561435
1769098094.324268 13.412612 -10.079392 -1.562127
1769098094.450562 13.412693 -10.087187 -1.565128
1769098094.524928 13.412771 -10.100159 -1.566707
1769098094.650537 13.412821 -10.113183 -1.568205
1769098094.725631 13.412819 -10.117386 -1.564620
1769098094.850605 13.412910 -10.132218 -1.560927
1769098094.928952 13.412961 -10.138212 -1.558883
1769098094.928952 13.412961 -10.138212 -1.558883
1769098094.928952 13.412961 -10.138212 -1.558883
1769098095.250560 13.413337 -10.172404 -1.560464
1769098095.327606 13.413361 -10.176680 -1.562071
1769098095.450542 13.413454 -10.191637 -1.563918
1769098095.528322 13.413488 -10.197634 -1.566151
1769098095.650587 13.413546 -10.206720 -1.568494
1769098095.728904 13.413584 -10.217680 -1.569968
1769098095.850581 13.413599 -10.232590 -1.567710
1769098095.929686 13.413616 -10.236816 -1.568193
1769098096.050556 13.413649 -10.251599 -1.564357
1769098096.130268 13.413678 -10.257863 -1.562379
1769098096.250573 13.413729 -10.266353 -1.561757
1769098096.331000 13.413815 -10.277083 -1.562858
1769098096.450559 13.413898 -10.291636 -1.565172
1769098096.531638 13.413916 -10.298234 -1.566947
1769098096.650580 13.413951 -10.306643 -1.572792
1769098096.732318 13.413940 -10.320251 -1.571041
1769098096.850579 13.413975 -10.332563 -1.569837
1769098096.932944 13.413995 -10.336841 -1.568140
1769098097.050581 13.414066 -10.351699 -1.566194
1769098097.133697 13.414093 -10.354499 -1.566174
1769098097.250580 13.414207 -10.370654 -1.569998
1769098097.334394 13.414235 -10.379204 -1.570202
1769098097.450573 13.414270 -10.385613 -1.570651
1769098097.535057 13.414304 -10.399319 -1.572418
1769098097.650586 13.414322 -10.411655 -1.577497
1769098097.735792 13.414325 -10.419049 -1.580607
1769098097.850644 13.414311 -10.426490 -1.578104
1769098097.936415 13.414250 -10.440239 -1.577266
1769098098.050600 13.414229 -10.452005 -1.571763
1769098098.137148 13.414247 -10.459335 -1.569948
1769098098.250574 13.414263 -10.464710 -1.569480
1769098098.337770 13.414292 -10.478560 -1.570547
1769098098.450609 13.414297 -10.490425 -1.573063
1769098098.538470 13.414283 -10.499546 -1.576181
1769098098.650598 13.402991 -10.504248 -1.574803
1769098098.739210 13.394026 -10.506141 -1.576592
1769098098.850595 13.393937 -10.521024 -1.575979
1769098098.939812 13.393890 -10.530238 -1.575386
1769098099.050680 13.393835 -10.541854 -1.576061
1769098099.140460 13.393807 -10.545857 -1.572784
1769098099.250607 13.393766 -10.560536 -1.570588
1769098099.341194 13.393749 -10.569165 -1.567438
1769098099.450618 13.393718 -10.575165 -1.565715
1769098099.541900 13.393735 -10.589496 -1.566236
1769098099.650591 13.393713 -10.601082 -1.568899
1769098099.742553 13.393670 -10.605409 -1.571998
1769098099.850636 13.393587 -10.620519 -1.574200
1769098099.943238 13.393505 -10.629721 -1.573310
1769098100.050662 13.393439 -10.635605 -1.570998
1769098100.143845 13.393414 -10.649931 -1.570343
1769098100.250686 13.393399 -10.661140 -1.570229
1769098100.344608 13.393361 -10.665368 -1.568848
1769098100.450624 13.393329 -10.680225 -1.570410
1769098100.545183 13.393274 -10.689793 -1.570715
1769098100.650633 13.393211 -10.699637 -1.571020
1769098100.745945 13.393156 -10.709447 -1.573405
1769098100.850612 13.393085 -10.719252 -1.572274
1769098100.949286 13.393020 -10.729997 -1.573618
1769098100.949286 13.393020 -10.729997 -1.573618
1769098100.949286 13.393020 -10.729997 -1.573618
1769098101.250638 13.392840 -10.759728 -1.566183
1769098101.347833 13.392841 -10.769978 -1.564430
1769098101.450619 13.392851 -10.780708 -1.563168
1769098101.548519 13.392859 -10.789149 -1.568267
1769098101.650654 13.392826 -10.799990 -1.571768
1769098101.749094 13.392778 -10.808470 -1.576285
1769098101.850654 13.392686 -10.819452 -1.577594
1769098101.949727 13.392590 -10.830133 -1.576958
1769098102.050689 13.392529 -10.834614 -1.574043
1769098102.150411 13.392438 -10.849630 -1.571229
1769098102.250649 13.392376 -10.860282 -1.569623
1769098102.350634 13.392299 -10.864458 -1.568749
1769098102.450677 13.392245 -10.879238 -1.570056
1769098102.550678 13.392173 -10.889943 -1.570664
1769098102.650663 13.392111 -10.894269 -1.572131
1769098102.750646 13.392032 -10.909455 -1.573413
1769098102.850652 13.391948 -10.920389 -1.575540
1769098102.950660 13.391859 -10.924719 -1.575086
1769098103.050726 13.391714 -10.939806 -1.575455
1769098103.150633 13.391585 -10.950412 -1.573158
1769098103.250665 13.391484 -10.954666 -1.569434
1769098103.350667 13.391435 -10.969419 -1.568114
1769098103.450627 13.391393 -10.980124 -1.568018
1769098103.550639 13.391345 -10.988601 -1.571424
1769098103.650651 13.391257 -10.999282 -1.573751
1769098103.750689 13.391146 -11.009785 -1.576654
1769098103.850736 13.391033 -11.014064 -1.574189
1769098103.950644 13.390891 -11.029275 -1.575011
1769098104.050669 13.390787 -11.033603 -1.575657
1769098104.150653 13.390645 -11.044563 -1.575085
1769098104.250663 13.390510 -11.069026 -1.580723
1769098104.350718 13.389767 -11.082954 -1.591113
1769098104.450711 13.389319 -11.098363 -1.588583
1769098104.550635 13.389055 -11.108940 -1.586261
1769098104.650754 13.388799 -11.119439 -1.588009
1769098104.750649 13.388644 -11.123563 -1.589238
1769098104.850637 13.388263 -11.138720 -1.592299
1769098104.950676 13.387929 -11.149349 -1.593489
1769098105.050663 13.387756 -11.153647 -1.597373
1769098105.150626 13.387288 -11.168730 -1.592783
1769098105.250631 13.386990 -11.179356 -1.590999
1769098105.350672 13.386825 -11.183633 -1.588939
1769098105.450646 13.386491 -11.198459 -1.589523
1769098105.550671 13.386224 -11.208986 -1.589820
1769098105.650656 13.386099 -11.213257 -1.595020
1769098105.750658 13.385691 -11.228136 -1.594610
1769098105.850710 13.385525 -11.232438 -1.592217
1769098105.950765 13.385207 -11.243293 -1.591393
1769098106.050650 13.384778 -11.258577 -1.592564
1769098106.150637 13.384572 -11.262877 -1.593907
1769098106.250646 13.384200 -11.273683 -1.592330
1769098106.350686 13.383760 -11.288509 -1.592593
1769098106.450705 13.383418 -11.299034 -1.590262
1769098106.550713 13.383150 -11.307534 -1.589800
1769098106.650686 13.382846 -11.318212 -1.588942
1769098106.750685 13.382657 -11.322562 -1.591055
1769098106.850708 13.382221 -11.337543 -1.592484
1769098106.950688 13.381850 -11.348397 -1.594095
1769098107.050746 13.381615 -11.352697 -1.595127
1769098107.150699 13.381206 -11.363603 -1.591475
1769098107.250724 13.380770 -11.378228 -1.590570
1769098107.350704 13.380432 -11.388905 -1.590254
1769098107.450715 13.380222 -11.393130 -1.590352
1769098107.550702 13.379817 -11.407780 -1.589672
1769098107.650724 13.379505 -11.418380 -1.591154
1769098107.751618 13.379303 -11.422554 -1.590388
1769098107.850727 13.378893 -11.437583 -1.590547
1769098107.950779 13.378586 -11.446312 -1.591087
1769098108.050744 13.378234 -11.457165 -1.596400
1769098108.150712 13.377829 -11.467993 -1.598619
1769098108.250739 13.377581 -11.472269 -1.597860
1769098108.350704 13.377058 -11.487246 -1.594748
1769098108.450786 13.376697 -11.497670 -1.592003
1769098108.550797 13.376403 -11.506120 -1.589900
1769098108.650722 13.376075 -11.516822 -1.590843
1769098108.750741 13.375731 -11.527347 -1.592075
1769098108.850733 13.375364 -11.537898 -1.594148
1769098108.950719 13.375145 -11.542195 -1.601647
1769098109.050719 13.374518 -11.557400 -1.607314
1769098109.150725 13.373954 -11.568073 -1.614525
1769098109.250741 13.373652 -11.572518 -1.625973
1769098109.350719 13.372689 -11.587354 -1.634046
1769098109.450726 13.371878 -11.597784 -1.642031
1769098109.550722 13.371470 -11.602046 -1.649566
1769098109.650749 13.370192 -11.616579 -1.657670
1769098109.750820 13.369136 -11.627236 -1.669729
1769098109.850752 13.361405 -11.623863 -1.679387
1769098109.950722 13.349866 -11.628819 -1.690540
1769098110.050837 13.345938 -11.636956 -1.704283
1769098110.150748 13.344746 -11.645480 -1.715880
1769098110.250740 13.343161 -11.655998 -1.722782
1769098110.350847 13.341503 -11.666499 -1.730358
1769098110.450756 13.340790 -11.670747 -1.733848
1769098110.550750 13.338305 -11.685553 -1.744375
1769098110.650741 13.336411 -11.696088 -1.756255
1769098110.751629 13.334805 -11.704442 -1.765342
1769098110.850746 13.332720 -11.714793 -1.775101
1769098110.950743 13.330474 -11.725364 -1.785939
1769098111.050746 13.329555 -11.729620 -1.799236
1769098111.150778 13.326016 -11.744600 -1.808170
1769098111.250759 13.323421 -11.755065 -1.816251
1769098111.350756 13.322368 -11.759241 -1.822644
1769098111.450754 13.319740 -11.769361 -1.826915
1769098111.550754 13.315970 -11.783423 -1.833905
1769098111.650795 13.314809 -11.787557 -1.845483
1769098111.750762 13.310648 -11.802062 -1.857687
1769098111.850777 13.308143 -11.810357 -1.867558
1769098111.950751 13.306269 -11.816461 -1.878980
1769098112.050767 13.301644 -11.830872 -1.890981
1769098112.150777 13.298304 -11.840849 -1.903002
1769098112.250760 13.296945 -11.844931 -1.915914
1769098112.350842 13.292060 -11.858616 -1.925470
1769098112.450759 13.288415 -11.868550 -1.933028
1769098112.550762 13.286909 -11.872623 -1.935573
1769098112.650761 13.281594 -11.886515 -1.943357
1769098112.750772 13.277723 -11.896352 -1.952081
1769098112.850796 13.276130 -11.900363 -1.964319
1769098112.950778 13.270343 -11.914195 -1.976832
1769098113.050788 13.265969 -11.924209 -1.987193
1769098113.150809 13.261667 -11.933788 -1.995929
1769098113.250782 13.258145 -11.941458 -2.000996
1769098113.350774 13.253651 -11.951099 -2.006214
1769098113.450779 13.249222 -11.960438 -2.012038
1769098113.550785 13.247311 -11.964332 -2.021259
1769098113.650811 13.240728 -11.977661 -2.030441
1769098113.750793 13.235944 -11.987038 -2.039785
1769098113.850836 13.233973 -11.990711 -2.047554
1769098113.950808 13.226848 -12.004173 -2.057424
1769098114.050798 13.221551 -12.013858 -2.067676
1769098114.150855 13.219401 -12.017606 -2.074744
1769098114.250795 13.212077 -12.030609 -2.083171
1769098114.350794 13.206850 -12.039637 -2.093574
1769098114.450805 13.204639 -12.043297 -2.101288
1769098114.550790 13.197036 -12.055992 -2.109778
1769098114.650800 13.191433 -12.065091 -2.119518
1769098114.750795 13.189066 -12.068785 -2.129854
1769098114.850794 13.180789 -12.081716 -2.140322
1769098114.950804 13.174754 -12.090861 -2.151851
1769098115.050816 13.172434 -12.094250 -2.161113
1769098115.150819 13.164075 -12.106479 -2.169568
1769098115.250818 13.157984 -12.115166 -2.177751
1769098115.350811 13.155449 -12.118649 -2.186046
1769098115.450808 13.147104 -12.131289 -2.198636
1769098115.550845 13.140223 -12.139440 -2.219254
1769098115.650837 13.134357 -12.145357 -2.235737
1769098115.750840 13.127745 -12.153544 -2.243174
1769098115.850817 13.120809 -12.161982 -2.250557
1769098115.950824 13.115150 -12.168667 -2.258940
1769098116.050838 13.108217 -12.176782 -2.265059
1769098116.150823 13.101160 -12.184940 -2.270615
1769098116.250817 13.094486 -12.192563 -2.278383
1769098116.350822 13.089012 -12.198682 -2.285667
1769098116.450823 13.081776 -12.206749 -2.299241
1769098116.550823 13.074687 -12.214420 -2.312315
1769098116.650820 13.067357 -12.222174 -2.323675
1769098116.750825 13.064249 -12.225283 -2.329950
1769098116.850837 13.053841 -12.235935 -2.339657
1769098116.950835 13.050665 -12.238961 -2.347213
1769098117.050847 13.042936 -12.246606 -2.358673
1769098117.150830 13.032201 -12.256981 -2.367429
1769098117.200174 13.032126 -12.256986 -2.371989
1769098117.350832 13.021280 -12.267189 -2.388486
1769098117.400865 13.013714 -12.274164 -2.391552
1769098117.550830 13.007301 -12.279926 -2.406137
1769098117.601573 12.999166 -12.287181 -2.412211
1769098117.750849 12.987739 -12.297047 -2.431862
1769098117.802541 12.987422 -12.297314 -2.438329
1769098117.950929 12.976392 -12.306461 -2.455394
1769098118.002900 12.968146 -12.313139 -2.460409
1769098118.150837 12.956627 -12.322289 -2.472062
1769098118.203499 12.953242 -12.324932 -2.474946
1769098118.350846 12.945089 -12.331293 -2.485445
1769098118.404147 12.936679 -12.337721 -2.491243
1769098118.550858 12.924981 -12.346457 -2.508361
1769098118.604939 12.924259 -12.347032 -2.515329
1769098118.750844 12.912831 -12.355294 -2.533092
1769098118.805560 12.908728 -12.358159 -2.538564
1769098118.950894 12.896627 -12.366496 -2.556175
1769098119.006181 12.887691 -12.372410 -2.560723
1769098119.150851 12.875391 -12.380470 -2.573335
1769098119.206913 12.871530 -12.382955 -2.577079
1769098119.350869 12.863167 -12.388344 -2.590570
1769098119.407566 12.853762 -12.394120 -2.598259
1769098119.550859 12.841189 -12.401687 -2.612826
1769098119.608255 12.837491 -12.403869 -2.617130
1769098119.750896 12.827953 -12.409396 -2.630362
1769098119.808899 12.822965 -12.412206 -2.635291
1769098119.950882 12.811401 -12.418632 -2.648843
1769098120.009595 12.801618 -12.423825 -2.653594
1769098120.150871 12.789136 -12.430370 -2.665852
1769098120.210207 12.785376 -12.432317 -2.670176
1769098120.350876 12.772103 -12.439015 -2.680338
1769098120.410885 12.767161 -12.441462 -2.686092
1769098120.550875 12.758635 -12.445701 -2.700039
1769098120.611537 12.748241 -12.450533 -2.707212
1769098120.750880 12.735222 -12.456454 -2.723471
1769098120.812185 12.731261 -12.458225 -2.729302
1769098120.950886 12.721599 -12.462460 -2.740142
1769098121.012928 12.711190 -12.466832 -2.742421
1769098121.150880 12.697383 -12.462888 -2.757212
1769098121.213547 12.683421 -12.464033 -2.765114
1769098121.350887 12.670779 -12.468976 -2.780617
1769098121.414168 12.668197 -12.470000 -2.787586
1769098121.550961 12.656990 -12.474195 -2.803310
1769098121.614859 12.645976 -12.478016 -2.809571
1769098121.750922 12.632815 -12.482530 -2.822201
1769098121.815402 12.629917 -12.483548 -2.828202
1769098121.950923 12.618738 -12.487178 -2.835760
1769098122.016087 12.609148 -12.490168 -2.841062
1769098122.150989 12.595489 -12.494360 -2.853887
1769098122.216758 12.592284 -12.495335 -2.858367
1769098122.350899 12.581234 -12.498577 -2.870351
1769098122.417373 12.569424 -12.501763 -2.875902
1769098122.550908 12.556049 -12.505281 -2.889722
1769098122.618065 12.551745 -12.506390 -2.895497
1769098122.750909 12.537108 -12.509914 -2.907193
1769098122.818756 12.531595 -12.511209 -2.912352
1769098122.950924 12.518580 -12.514166 -2.923231
1769098123.019350 12.514744 -12.515019 -2.928587
1769098123.150934 12.498006 -12.518573 -2.940251
1769098123.219950 12.493771 -12.519489 -2.947090
1769098123.350930 12.478999 -12.522352 -2.961797
1769098123.420661 12.474886 -12.523145 -2.969469
1769098123.550966 12.460055 -12.525681 -2.986239
1769098123.621308 12.453156 -12.526748 -2.994776
1769098123.750954 12.445014 -12.527974 -3.003991
1769098123.821940 12.432635 -12.529595 -3.008627
1769098123.950930 12.419671 -12.531244 -3.014322
1769098124.022586 12.415562 -12.531807 -3.018656
1769098124.150940 12.400908 -12.533559 -3.031652
1769098124.223218 12.396153 -12.534125 -3.039950
1769098124.351006 12.385807 -12.535224 -3.055104
1769098124.423939 12.373186 -12.536217 -3.063613
1769098124.550943 12.358991 -12.537255 -3.076261
1769098124.624731 12.354273 -12.537619 -3.083281
1769098124.750937 12.338023 -12.538482 -3.095842
1769098124.825323 12.330001 -12.538828 -3.102198
1769098124.950940 12.315163 -12.539374 -3.113349
1769098125.025920 12.310629 -12.539603 -3.121180
1769098125.150956 12.294569 -12.539934 -3.131982
1769098125.226639 12.288583 -12.540059 -3.139841
1769098125.350962 12.271241 -12.540070 3.126705
1769098125.427230 12.266337 -12.540159 3.115217
1769098125.550951 12.250330 -12.539709 3.100129
1769098125.627961 12.244064 -12.539566 3.092221
1769098125.750979 12.234455 -12.539272 3.083719
1769098125.828558 12.222785 -12.538658 3.077450
1769098125.950961 12.206430 -12.537646 3.066766
1769098126.029253 12.201570 -12.537492 3.055308
1769098126.151031 12.185418 -12.536152 3.038549
1769098126.229948 12.178635 -12.535601 3.028793
1769098126.350970 12.164474 -12.534122 3.014119
1769098126.430530 12.157589 -12.533354 3.008651
1769098126.550972 12.129501 -12.531536 3.002986
1769098126.631223 12.114498 -12.530789 2.996927
1769098126.750951 12.105695 -12.529765 2.986796
1769098126.831984 12.091907 -12.527689 2.978899
1769098126.950964 12.078566 -12.525538 2.970302
1769098127.032634 12.073842 -12.524936 2.962298
1769098127.150966 12.057338 -12.521991 2.958921
1769098127.236009 12.047933 -12.520317 2.960013
1769098127.236009 12.047933 -12.520317 2.960013
1769098127.236009 12.047933 -12.520317 2.960013
1769098127.550971 12.014035 -12.514549 2.964937
1769098127.634498 12.006423 -12.513308 2.965431
1769098127.751006 11.993367 -12.511181 2.966122
1769098127.835136 11.984151 -12.509668 2.966516
1769098127.951087 11.977434 -12.508617 2.966660
1769098128.035796 11.962737 -12.506139 2.964482
1769098128.151064 11.949575 -12.503889 2.964080
1769098128.236504 11.944832 -12.503162 2.963466
1769098128.350983 11.928467 -12.500430 2.963581
1769098128.437222 11.919108 -12.498906 2.965027
1769098128.550979 11.912927 -12.497906 2.969558
1769098128.637848 11.901708 -12.496158 2.968812
1769098128.751944 11.885774 -12.493541 2.969700
1769098128.838595 11.882480 -12.493017 2.973492
1769098128.951008 11.869659 -12.490968 2.974304
1769098129.039187 11.854551 -12.488508 2.973603
1769098129.150996 11.842231 -12.486470 2.974550
1769098129.239886 11.833640 -12.485076 2.975511
1769098129.350992 11.826820 -12.483944 2.978163
1769098129.440593 11.811698 -12.481528 2.980935
1769098129.551011 11.799349 -12.479612 2.982662
1769098129.641245 11.791279 -12.478399 2.982081
1769098129.751056 11.778989 -12.476504 2.981214
1769098129.841960 11.768667 -12.474847 2.980471
1769098129.951027 11.762622 -12.473903 2.980674
1769098130.042575 11.746704 -12.471386 2.988520
1769098130.151044 11.741300 -12.470513 2.999293
1769098130.243276 11.729498 -12.468880 3.008637
1769098130.351030 11.713550 -12.466889 3.021384
1769098130.443937 11.702923 -12.465698 3.031574
1769098130.551012 11.697387 -12.464982 3.045003
1769098130.644583 11.681420 -12.463603 3.054072
1769098130.751026 11.669014 -12.462590 3.064583
1769098130.845210 11.664394 -12.462064 3.076935
1769098130.951035 11.648079 -12.461119 3.084720
1769098131.045842 11.637338 -12.460552 3.093181
1769098131.151034 11.631213 -12.460276 3.098130
1769098131.246596 11.614825 -12.459719 3.107763
1769098131.351032 11.602940 -12.459490 3.113929
1769098131.447297 11.598374 -12.459342 3.123039
1769098131.551047 11.582089 -12.459292 3.133462
1769098131.647847 11.570989 -12.459435 3.138756
1769098131.751081 11.577366 -12.434814 3.127740
1769098131.848639 11.573965 -12.408390 3.111165
1769098131.951045 11.558151 -12.408022 3.107253
1769098132.049353 11.546799 -12.407662 3.109394
1769098132.151116 11.541692 -12.407594 3.108363
1769098132.250089 11.525308 -12.407179 3.108664
1769098132.351039 11.513458 -12.406910 3.110795
1769098132.450659 11.508694 -12.406895 3.110089
1769098132.551035 11.492655 -12.406530 3.110605
1769098132.651042 11.481119 -12.406238 3.114258
1769098132.751057 11.476426 -12.406201 3.115173
1769098132.851076 11.459799 -12.405961 3.111717
1769098132.951058 11.447736 -12.405774 3.107028
1769098133.051125 11.442935 -12.405732 3.107855
1769098133.151073 11.426472 -12.405233 3.107778
1769098133.251046 11.421848 -12.405240 3.105379
1769098133.351053 11.405666 -12.404804 3.109576
1769098133.451050 11.393906 -12.404679 3.110033
1769098133.551077 11.389232 -12.404686 3.111533
1769098133.651097 11.377505 -12.404503 3.111843
1769098133.751076 11.361320 -12.404158 3.109000
1769098133.851100 11.349690 -12.403912 3.106452
1769098133.951128 11.344868 -12.403884 3.106698
1769098134.051076 11.328252 -12.403452 3.106692
1769098134.151131 11.316370 -12.403214 3.104785
1769098134.251088 11.311703 -12.403139 3.107658
1769098134.351082 11.295827 -12.402710 3.110686
1769098134.451096 11.291188 -12.402679 3.112053
1769098134.551095 11.279709 -12.402409 3.117240
1769098134.651082 11.263401 -12.402197 3.117070
1769098134.751088 11.258631 -12.402226 3.115023
1769098134.851091 11.246722 -12.402005 3.114431
1769098134.951098 11.230256 -12.401551 3.114925
1769098135.051081 11.218510 -12.401305 3.114648
1769098135.151097 11.214217 -12.401153 3.120585
1769098135.251118 11.198074 -12.400885 3.123099
1769098135.351100 11.186292 -12.400784 3.121099
1769098135.451080 11.181848 -12.400867 3.115948
1769098135.551078 11.170174 -12.400673 3.116780
1769098135.651110 11.158805 -12.400479 3.116211
1769098135.751119 11.142859 -12.400136 3.118110
1769098135.851127 11.138022 -12.400113 3.118166
1769098135.951150 11.121212 -12.399793 3.114605
1769098136.051167 11.109551 -12.399555 3.112994
1769098136.151161 11.104906 -12.399513 3.113824
1769098136.251109 11.088827 -12.399131 3.117958
1769098136.351097 11.077263 -12.398960 3.120933
1769098136.451109 11.072505 -12.398957 3.122323
1769098136.551111 11.060993 -12.398797 3.123518
1769098136.651111 11.044914 -12.398560 3.118884
1769098136.751102 11.033327 -12.398370 3.116599
1769098136.851129 11.028652 -12.398203 3.121767
1769098136.951125 11.025356 -12.398047 3.119359
1769098137.051101 11.019025 -12.397791 3.119752
1769098137.151124 11.009314 -12.397651 3.120662
1769098137.251126 11.004991 -12.397676 3.120467
1769098137.351125 10.989047 -12.397434 3.122069
1769098137.451190 10.977532 -12.397255 3.125739
1769098137.551129 10.965735 -12.397152 3.125831
1769098137.651130 10.960782 -12.397199 3.121609
1769098137.752168 10.944059 -12.396896 3.119619
1769098137.851148 10.932576 -12.396647 3.120848
1769098137.951161 10.927850 -12.396605 3.120062
1769098138.051133 10.911988 -12.396249 3.125886
1769098138.151118 10.900649 -12.396095 3.130223
1769098138.251138 10.891330 -12.396034 3.130521
1769098138.351146 10.879546 -12.395938 3.129508
1769098138.451140 10.867724 -12.395840 3.126455
1769098138.551150 10.863100 -12.395822 3.124390
1769098138.651132 10.846854 -12.395528 3.127235
1769098138.751116 10.835215 -12.395346 3.130077
1769098138.851145 10.823581 -12.395196 3.129430
1769098138.951197 10.818836 -12.395183 3.127410
1769098139.051145 10.803130 -12.394954 3.129133
1769098139.151145 10.791526 -12.394884 3.127721
1769098139.251147 10.782230 -12.394849 3.128546
1769098139.351159 10.770679 -12.394787 3.129324
1769098139.451136 10.758750 -12.394720 3.126390
1769098139.551157 10.753841 -12.394832 3.119255
1769098139.651175 10.737192 -12.394496 3.118959
1769098139.751179 10.725462 -12.394239 3.121463
1769098139.851159 10.716340 -12.394151 3.121516
1769098139.951187 10.704692 -12.393965 3.126681
1769098140.051171 10.693038 -12.393834 3.130295
1769098140.151161 10.683724 -12.393818 3.127578
1769098140.251162 10.676759 -12.393788 3.127732
1769098140.351149 10.660509 -12.393615 3.128288
1769098140.451165 10.651147 -12.393606 3.125954
1769098140.551170 10.644020 -12.393557 3.127867
1769098140.651165 10.627506 -12.393360 3.127238
1769098140.751169 10.616154 -12.393249 3.124497
1769098140.851163 10.607088 -12.393139 3.126154
1769098140.951153 10.600236 -12.393042 3.130077
1769098141.051154 10.584491 -12.392971 3.130679
1769098141.151168 10.572981 -12.392972 3.129794
1769098141.251157 10.563473 -12.392979 3.128678
1769098141.351164 10.551665 -12.392908 3.126230
1769098141.451172 10.539842 -12.392790 3.123642
1769098141.551185 10.535059 -12.392799 3.121974
1769098141.651201 10.518783 -12.392544 3.124537
1769098141.751225 10.513959 -12.392588 3.123166
1769098141.851193 10.497540 -12.392374 3.125959
1769098141.951308 10.486283 -12.392272 3.127369
1769098142.051193 10.474985 -12.392196 3.129112
1769098142.151176 10.463482 -12.385258 3.131297
1769098142.251192 10.458797 -12.374948 3.128035
1769098142.351177 10.442188 -12.371438 3.121310
1769098142.451193 10.430195 -12.371291 3.115841
1769098142.551209 10.425453 -12.371258 3.115397
1769098142.651205 10.409255 -12.370851 3.116285
1769098142.751270 10.397880 -12.370614 3.119778
1769098142.851197 10.388861 -12.370462 3.124993
1769098142.951200 10.377069 -12.370364 3.124176
1769098143.051201 10.365620 -12.370264 3.121783
1769098143.151179 10.354167 -12.370121 3.121571
1769098143.251282 10.344939 -12.369998 3.118962
1769098143.351217 10.333143 -12.369789 3.118012
1769098143.451260 10.321414 -12.369561 3.121159
1769098143.551204 10.316639 -12.369483 3.120814
1769098143.651212 10.300258 -12.369177 3.118319
1769098143.752388 10.288787 -12.368917 3.121146
1769098143.851216 10.279574 -12.368712 3.124556
1769098143.951237 10.268076 -12.368538 3.127099
1769098144.051216 10.256446 -12.368380 3.131863
1769098144.151230 10.251887 -12.368324 3.131964
1769098144.251220 10.240006 -12.368247 3.126721
1769098144.351210 10.223857 -12.367972 3.124356
1769098144.451207 10.212311 -12.367697 3.125953
1769098144.551223 10.207543 -12.367610 3.124489
1769098144.651202 10.196164 -12.367399 3.127194
1769098144.751210 10.180504 -12.367155 3.129748
1769098144.851216 10.168873 -12.367020 3.127830
1769098144.951233 10.164288 -12.366916 3.129287
1769098145.051282 10.147971 -12.366659 3.130111
1769098145.151234 10.136229 -12.366475 3.129793
1769098145.251227 10.126672 -12.366334 3.127405
1769098145.351240 10.114644 -12.366100 3.126516
1769098145.451238 10.102805 -12.365810 3.127951
1769098145.551244 10.098208 -12.365664 3.126782
1769098145.651253 10.082020 -12.365313 3.130455
1769098145.751259 10.077456 -12.365086 3.137794
1769098145.851259 10.065868 -12.364962 3.137100
1769098145.951262 10.049505 -12.364816 3.136524
1769098146.051227 10.037975 -12.364629 3.137398
1769098146.151255 10.033335 -12.364523 3.133436
1769098146.251291 10.016770 -12.364247 3.133285
1769098146.351239 10.004965 -12.364004 3.136038
1769098146.451243 9.995738 -12.363830 3.135515
1769098146.551262 9.988934 -12.363692 3.134556
1769098146.651251 9.972904 -12.363454 3.137460
1769098146.751248 9.961579 -12.363309 3.138293
1769098146.851306 9.957071 -12.363176 3.139024
1769098146.951258 9.941160 -12.363024 -3.141282
1769098147.051264 9.929320 -12.362910 3.140337
1769098147.151274 9.924486 -12.362798 3.137861
1769098147.251269 9.908032 -12.362559 3.136649
1769098147.351252 9.896556 -12.357633 3.129744
1769098147.451265 9.885157 -12.346830 3.119399
1769098147.551275 9.880545 -12.340744 3.120520
1769098147.651269 9.864431 -12.340272 3.123208
1769098147.700920 9.860068 -12.340119 3.123626
1769098147.851290 9.848389 -12.339723 3.122271
1769098147.901487 9.836766 -12.339429 3.121993
1769098148.051287 9.820328 -12.338911 3.119085
1769098148.102167 9.815613 -12.338744 3.120769
1769098148.251256 9.803952 -12.338282 3.125089
1769098148.302810 9.792120 -12.337991 3.125199
1769098148.451278 9.776301 -12.337450 3.126972
1769098148.503583 9.771714 -12.337283 3.128500
1769098148.651282 9.755835 -12.336792 3.134519
1769098148.704206 9.750878 -12.336680 3.133655
1769098148.851302 9.732882 -12.336329 3.133011
1769098148.904760 9.728131 -12.336208 3.131539
1769098149.051276 9.711683 -12.335792 3.125940
1769098149.105508 9.710706 -12.335698 3.125691
1769098149.251348 9.695375 -12.335179 3.126041
1769098149.306153 9.683181 -12.334905 3.127161
1769098149.451293 9.667230 -12.334466 3.126930
1769098149.506774 9.662559 -12.334318 3.128018
1769098149.651293 9.646488 -12.333906 3.128760
1769098149.707465 9.645124 -12.333813 3.128976
1769098149.851304 9.630495 -12.333393 3.132546
1769098149.908043 9.618065 -12.333198 3.132287
1769098150.051326 9.602137 -12.332876 3.123632
1769098150.108742 9.597363 -12.332732 3.123563
1769098150.251282 9.580928 -12.332257 3.122782
1769098150.309446 9.579044 -12.332170 3.121873
1769098150.451313 9.564784 -12.331718 3.129014
1769098150.510002 9.552460 -12.331513 3.130560
1769098150.651315 9.536958 -12.331244 3.123869
1769098150.710698 9.532302 -12.331139 3.123880
1769098150.851300 9.516138 -12.330774 3.120919
1769098150.911426 9.513725 -12.330713 3.118221
1769098151.051318 9.499602 -12.330303 3.118491
1769098151.112020 9.486662 -12.329982 3.118522
1769098151.251321 9.471089 -12.329582 3.116727
1769098151.312623 9.466421 -12.329434 3.118760
1769098151.451315 9.450603 -12.329005 3.123190
1769098151.513254 9.447878 -12.328921 3.123851
1769098151.651367 9.429801 -12.328573 3.126151
1769098151.713991 9.421606 -12.328420 3.127703
1769098151.851365 9.406135 -12.328128 3.128012
1769098151.914630 9.401359 -12.328017 3.126326
1769098152.051330 9.384882 -12.327629 3.125554
1769098152.115390 9.378158 -12.327461 3.124850
1769098152.251338 9.368529 -12.327215 3.125822
1769098152.316031 9.355549 -12.327012 3.126532
1769098152.451390 9.340600 -12.326750 3.131926
1769098152.516696 9.335966 -12.326682 3.129262
1769098152.651319 9.326359 -12.319619 3.124555
1769098152.717341 9.325887 -12.316166 3.122515
1769098152.851349 9.306601 -12.315769 3.119000
1769098152.918063 9.301962 -12.315685 3.116636
1769098153.051398 9.285259 -12.315285 3.113706
1769098153.118736 9.281288 -12.315202 3.111531
1769098153.251343 9.269209 -12.314897 3.111543
1769098153.319309 9.256060 -12.314516 3.115947
1769098153.451355 9.241602 -12.314218 3.119912
1769098153.519973 9.236837 -12.314154 3.120400
1769098153.651357 9.220477 -12.313882 3.118425
1769098153.720654 9.215940 -12.313828 3.114590
1769098153.851332 9.204008 -12.313617 3.111545
1769098153.921328 9.190347 -12.313215 3.115079
1769098154.051364 9.175658 -12.312881 3.116921
1769098154.121966 9.169030 -12.312757 3.117264
1769098154.251361 9.154601 -12.312482 3.120426
1769098154.322696 9.149702 -12.312399 3.122221
1769098154.451368 9.138501 -12.312238 3.121494
1769098154.523368 9.124762 -12.311976 3.123979
1769098154.651373 9.110313 -12.311754 3.125981
1769098154.723930 9.105469 -12.311702 3.122849
1769098154.851364 9.088720 -12.311383 3.120080
1769098154.924660 9.083250 -12.311251 3.122166
1769098155.051372 9.072292 -12.310988 3.122529
1769098155.125278 9.058760 -12.310704 3.126101
1769098155.251376 9.044830 -12.310453 3.133800
1769098155.325922 9.040074 -12.310374 3.133474
1769098155.451426 9.024079 -12.310181 3.132584
1769098155.526670 9.015856 -12.310056 3.133130
1769098155.651379 9.007736 -12.309926 3.129751
1769098155.727295 8.993578 -12.309714 3.130406
1769098155.851451 8.979339 -12.309483 3.133859
1769098155.927910 8.974583 -12.309386 3.132381
1769098156.051404 8.958166 -12.309144 3.131572
1769098156.128643 8.949784 -12.309013 3.132855
1769098156.251399 8.942156 -12.308872 3.133534
1769098156.329271 8.928043 -12.308732 3.134225
1769098156.451387 8.914191 -12.308593 3.136668
1769098156.529870 8.909382 -12.308538 3.134203
1769098156.651387 8.892781 -12.308350 3.129926
1769098156.730644 8.885845 -12.308226 3.129571
1769098156.851388 8.876194 -12.308025 3.128249
1769098156.931263 8.861730 -12.307788 3.129430
1769098157.051383 8.848183 -12.307568 3.130474
1769098157.131846 8.843530 -12.307474 3.132118
1769098157.251398 8.827258 -12.307275 3.131979
1769098157.332532 8.820011 -12.307170 3.131893
1769098157.451453 8.811016 -12.307024 3.132306
1769098157.533217 8.796232 -12.306858 3.131135
1769098157.651409 8.782534 -12.306695 3.124566
1769098157.733854 8.774667 -12.306568 3.124445
1769098157.851395 8.755291 -12.300484 3.121425
1769098157.934556 8.746537 -12.296290 3.119253
1769098158.051439 8.730366 -12.295989 3.122506
1769098158.135212 8.721067 -12.295868 3.125062
1769098158.251411 8.714138 -12.295812 3.128106
1769098158.335740 8.699068 -12.295628 3.128656
1769098158.451411 8.685865 -12.295464 3.125989
1769098158.536447 8.681095 -12.295446 3.118579
1769098158.651414 8.664446 -12.295104 3.118369
1769098158.737162 8.656020 -12.294943 3.122084
1769098158.851476 8.647943 -12.294832 3.121051
1769098158.937764 8.632789 -12.294554 3.122890
1769098159.051424 8.620210 -12.294346 3.126258
1769098159.138356 8.615647 -12.294323 3.122830
1769098159.251434 8.599778 -12.294082 3.126334
1769098159.339080 8.589796 -12.293978 3.128098
1769098159.451439 8.583316 -12.293969 3.124782
1769098159.539796 8.571318 -12.293821 3.123888
1769098159.651446 8.555298 -12.293571 3.121404
1769098159.740459 8.545307 -12.293395 3.121390
1769098159.851492 8.532801 -12.293183 3.124650
1769098159.941016 8.528221 -12.293123 3.128338
1769098160.051467 8.512092 -12.292970 3.127132
1769098160.141829 8.501787 -12.292896 3.124344
1769098160.251437 8.495833 -12.292875 3.124831
1769098160.342435 8.480369 -12.292665 3.123467
1769098160.451444 8.467761 -12.292493 3.122972
1769098160.543063 8.458997 -12.292383 3.123192
1769098160.651452 8.451258 -12.292287 3.125079
1769098160.743756 8.435426 -12.292059 3.123520
1769098160.851452 8.423465 -12.291893 3.123433
1769098160.944470 8.418762 -12.291807 3.129524
1769098161.051460 8.402740 -12.291644 3.132772
1769098161.145086 8.392536 -12.291582 3.136035
1769098161.251453 8.386315 -12.291538 3.138492
1769098161.345895 8.370191 -12.291473 3.132446
1769098161.451441 8.357860 -12.291366 3.125146
1769098161.546533 8.348856 -12.291246 3.127465
1769098161.651436 8.336651 -12.291113 3.127249
1769098161.747080 8.327819 -12.291042 3.129659
1769098161.851473 8.315590 -12.290947 3.132454
1769098161.947769 8.304485 -12.290894 3.132301
1769098162.051491 8.299386 -12.290904 3.132795
1769098162.148442 8.283366 -12.290788 3.133706
1769098162.251473 8.271266 -12.290713 3.134127
1769098162.349142 8.266428 -12.290715 3.130719
1769098162.451486 8.249647 -12.290557 3.129316
1769098162.549804 8.238212 -12.290420 3.130791
1769098162.651491 8.228491 -12.290304 3.129141
1769098162.750495 8.217294 -12.290152 3.133151
1769098162.851475 8.205767 -12.290048 3.138455
1769098162.951086 8.201084 -12.290032 3.137922
1769098163.051481 8.194694 -12.280251 3.126514
1769098163.151475 8.183186 -12.268950 3.116882
1769098163.251553 8.171711 -12.268654 3.114151
1769098163.351490 8.167078 -12.268568 3.112656
1769098163.451469 8.150558 -12.268103 3.117041
1769098163.551469 8.138691 -12.267819 3.117528
1769098163.651497 8.133983 -12.267726 3.116041
1769098163.751492 8.117763 -12.267340 3.118531
1769098163.851570 8.106249 -12.267097 3.120334
1769098163.951553 8.101719 -12.267010 3.120782
1769098164.051521 8.085322 -12.266670 3.125124
1769098164.151491 8.073455 -12.266459 3.125858
1769098164.251506 8.068646 -12.266376 3.120327
1769098164.351501 8.051946 -12.265993 3.118566
1769098164.451486 8.040208 -12.265682 3.121781
1769098164.551509 8.035581 -12.265525 3.122124
1769098164.651480 8.019312 -12.265159 3.127480
1769098164.751492 8.014659 -12.265021 3.127980
1769098164.851506 7.998388 -12.264763 3.127343
1769098164.951513 7.986724 -12.264545 3.128658
1769098165.051523 7.982121 -12.264428 3.127290
1769098165.151495 7.965622 -12.264145 3.125222
1769098165.251542 7.953779 -12.263936 3.123872
1769098165.351516 7.948947 -12.263813 3.125272
1769098165.451517 7.932348 -12.263488 3.124719
1769098165.551521 7.920784 -12.263239 3.126356
1769098165.651607 7.911550 -12.263035 3.130515
1769098165.751561 7.899987 -12.262841 3.131021
1769098165.851518 7.888398 -12.262681 3.128520
1769098165.951551 7.883693 -12.262576 3.130968
1769098166.051523 7.867093 -12.262343 3.127587
1769098166.151517 7.855277 -12.262103 3.124057
1769098166.251573 7.850496 -12.261985 3.120863
1769098166.351510 7.833998 -12.261589 3.123820
1769098166.451521 7.822309 -12.261349 3.123238
1769098166.551538 7.817578 -12.261206 3.127638
1769098166.651530 7.801586 -12.260921 3.129585
1769098166.751518 7.790175 -12.260729 3.128176
1769098166.851585 7.778788 -12.260530 3.127933
1769098166.951537 7.774133 -12.260410 3.130458
1769098167.051606 7.757635 -12.260197 3.127843
1769098167.151549 7.745944 -12.260005 3.121499
1769098167.251600 7.741212 -12.259903 3.122398
1769098167.351533 7.724788 -12.259555 3.122380
1769098167.451539 7.720133 -12.259455 3.120107
1769098167.551516 7.708643 -12.259211 3.124650
1769098167.651545 7.692448 -12.258968 3.124455
1769098167.751570 7.680756 -12.258808 3.119308
1769098167.851550 7.676073 -12.258769 3.119443
1769098167.951580 7.659674 -12.258441 3.117276
1769098168.051622 7.647881 -12.258188 3.114039
1769098168.151558 7.643148 -12.258101 3.114066
1769098168.251564 7.630618 -12.253638 3.115142
1769098168.351555 7.630862 -12.248631 3.118474
1769098168.451561 7.619968 -12.247508 3.119788
1769098168.551604 7.603948 -12.247161 3.123599
1769098168.651555 7.592460 -12.246959 3.124916
1769098168.751547 7.587828 -12.246869 3.128410
1769098168.851573 7.571303 -12.246644 3.129264
1769098168.951538 7.566571 -12.246558 3.129928
1769098169.051543 7.549892 -12.246302 3.127922
1769098169.151544 7.538099 -12.246054 3.127256
1769098169.251571 7.533370 -12.245898 3.126641
1769098169.351629 7.517123 -12.245608 3.129514
1769098169.451549 7.505405 -12.245407 3.135491
1769098169.551623 7.500802 -12.245286 3.135925
1769098169.651589 7.484455 -12.245101 3.134000
1769098169.751609 7.472790 -12.244917 3.133882
1769098169.851561 7.468061 -12.244772 3.132190
1769098169.951566 7.451512 -12.244523 3.130187
1769098170.051607 7.446733 -12.244384 3.128349
1769098170.151574 7.434712 -12.244138 3.128109
1769098170.251582 7.422921 -12.243894 3.125055
1769098170.351578 7.407055 -12.243549 3.125444
1769098170.451696 7.402398 -12.243353 3.132037
1769098170.551566 7.386609 -12.243121 3.133335
1769098170.651579 7.375122 -12.242954 3.133297
1769098170.751588 7.363252 -12.242769 3.135099
1769098170.851645 7.358549 -12.242655 3.130334
1769098170.951589 7.342023 -12.242376 3.128205
1769098171.051632 7.330179 -12.242118 3.130512
1769098171.151592 7.325424 -12.241946 3.130798
1769098171.251600 7.309025 -12.241677 3.132574
1769098171.351592 7.299711 -12.241490 3.136568
1769098171.451599 7.293134 -12.241340 3.135705
1769098171.551580 7.276939 -12.241151 3.132792
1769098171.651599 7.265804 -12.240961 3.136081
1769098171.751584 7.254215 -12.240792 3.136852
1769098171.851624 7.249386 -12.240662 3.132698
1769098171.951689 7.232631 -12.240402 3.130793
1769098172.051609 7.220885 -12.240153 3.133568
1769098172.151626 7.216180 -12.239958 3.133839
1769098172.251691 7.200059 -12.239682 3.138951
1769098172.351607 7.190747 -12.239493 -3.139260
1769098172.451621 7.179135 -12.239353 -3.139398
1769098172.551608 7.167392 -12.239208 -3.138362
1769098172.651624 7.162715 -12.239055 -3.140651
1769098172.751613 7.146264 -12.238885 -3.141167
1769098172.851610 7.141534 -12.238703 -3.140760
1769098172.951610 7.124931 -12.238528 -3.137980
1769098173.051633 7.112987 -12.238370 -3.138553
1769098173.151683 7.101346 -12.238208 -3.137938
1769098173.251675 7.096740 -12.238026 -3.135912
1769098173.351622 7.080597 -12.237931 -3.137081
1769098173.451628 7.069459 -12.232233 3.134443
1769098173.551606 7.064579 -12.220934 3.124930
1769098173.651693 7.047658 -12.215801 3.118515
1769098173.752922 7.036102 -12.215354 3.114271
1769098173.851727 7.026796 -12.214920 3.113286
1769098173.951664 7.019719 -12.214546 3.111185
1769098174.051675 7.003963 -12.213917 3.112537
1769098174.151637 6.992282 -12.213439 3.113653
1769098174.251611 6.987605 -12.213160 3.116592
1769098174.351719 6.971444 -12.212617 3.116105
1769098174.451649 6.959834 -12.212183 3.117455
1769098174.551651 6.955185 -12.211924 3.117247
1769098174.651731 6.938719 -12.211402 3.115091
1769098174.751715 6.926757 -12.210969 3.112694
1769098174.851634 6.921952 -12.210726 3.113787
1769098174.951628 6.905381 -12.210134 3.114163
1769098175.051635 6.894046 -12.209685 3.118455
1769098175.151651 6.889444 -12.209419 3.120814
1769098175.251663 6.873560 -12.208950 3.123304
1769098175.351659 6.861903 -12.208615 3.120776
1769098175.451631 6.850398 -12.208270 3.116164
1769098175.551658 6.845645 -12.208095 3.112196
1769098175.651665 6.829708 -12.207570 3.108465
1769098175.751656 6.817815 -12.207121 3.111188
1769098175.851728 6.813087 -12.206909 3.111545
1769098175.951663 6.796519 -12.206364 3.110319
1769098176.051679 6.784885 -12.205962 3.109335
1769098176.151732 6.780254 -12.205772 3.112686
1769098176.251733 6.764191 -12.205271 3.112629
1769098176.351651 6.752552 -12.204907 3.115523
1769098176.451648 6.747873 -12.204748 3.117530
1769098176.551643 6.731229 -12.204320 3.113193
1769098176.651635 6.719291 -12.203970 3.106304
1769098176.751656 6.714559 -12.203819 3.106187
1769098176.851662 6.698112 -12.203231 3.108249
1769098176.951757 6.693480 -12.203061 3.110893
1769098177.051656 6.677239 -12.202582 3.114080
1769098177.151653 6.665551 -12.202281 3.114472
1769098177.251632 6.660922 -12.202193 3.112193
1769098177.351653 6.644554 -12.201744 3.109908
1769098177.451635 6.632763 -12.201398 3.109966
1769098177.551675 6.627981 -12.201242 3.110689
1769098177.651655 6.611661 -12.200740 3.111653
1769098177.751650 6.599744 -12.200368 3.111171
1769098177.851660 6.594965 -12.200234 3.108374
1769098177.951696 6.578747 -12.199698 3.110448
1769098178.001062 6.578746 -12.199690 3.111407
1769098178.151636 6.562582 -12.199229 3.112008
1769098178.201833 6.551054 -12.198917 3.112907
1769098178.351634 6.534520 -12.198529 3.117782
1769098178.402394 6.529791 -12.198431 3.115113
1769098178.551729 6.513217 -12.198015 3.109817
1769098178.603022 6.508298 -12.197872 3.111119
1769098178.751657 6.496982 -12.190639 3.120671
1769098178.803701 6.485056 -12.187808 3.123912
1769098178.951728 6.468937 -12.187604 3.131529
1769098179.004289 6.468351 -12.187583 3.134757
1769098179.151702 6.453093 -12.187445 3.132526
1769098179.204973 6.441158 -12.187326 3.132587
1769098179.351719 6.425582 -12.187153 3.134273
1769098179.405716 6.420775 -12.187106 3.132178
1769098179.551699 6.403945 -12.186890 3.129073
1769098179.606395 6.402846 -12.186854 3.130779
1769098179.751716 6.387441 -12.186600 3.128956
1769098179.807016 6.375362 -12.186422 3.129964
1769098179.951744 6.359725 -12.186197 3.137978
1769098180.007648 6.355045 -12.186151 3.137985
1769098180.151708 6.338673 -12.186040 3.137692
1769098180.208304 6.337112 -12.186011 3.138827
1769098180.351792 6.322247 -12.185879 3.135964
1769098180.408981 6.309714 -12.185777 3.134657
1769098180.551708 6.293819 -12.185589 3.137806
1769098180.609603 6.289012 -12.185523 3.138217
1769098180.751751 6.284303 -12.185406 3.138212
1769098180.810347 6.270566 -12.185324 3.139479
1769098180.951748 6.261011 -12.185138 -3.137022
1769098181.010946 6.261009 -12.185042 -3.134260
1769098181.151721 6.261004 -12.184753 -3.127789
1769098181.211572 6.223937 -12.185141 -3.128502
1769098181.351727 6.211996 -12.185015 -3.132660
1769098181.412306 6.208536 -12.184935 -3.134201
1769098181.551737 6.190859 -12.184768 -3.134491
1769098181.612985 6.186148 -12.184653 -3.131826
1769098181.751787 6.163244 -12.184584 -3.126363
1769098181.813571 6.162148 -12.184436 -3.123279
1769098181.951769 6.153905 -12.184202 -3.119729
1769098182.014262 6.139410 -12.184346 -3.120344
1769098182.151823 6.130648 -12.184114 -3.115955
1769098182.214836 6.125211 -12.184053 -3.114629
1769098182.351745 6.109826 -12.184010 -3.117189
1769098182.415480 6.091869 -12.184232 -3.116188
1769098182.551740 6.081237 -12.184047 -3.119407
1769098182.616217 6.073265 -12.184016 -3.119162
1769098182.751739 6.060580 -12.183851 -3.115480
1769098182.816888 6.047685 -12.183976 -3.115145
1769098182.951740 6.033058 -12.183970 -3.116017
1769098183.017477 6.029429 -12.183888 -3.117655
1769098183.151802 6.016719 -12.183839 -3.120874
1769098183.218171 6.003321 -12.183939 -3.124430
1769098183.351805 5.988319 -12.183840 -3.126057
1769098183.418872 5.983560 -12.183731 -3.125666
1769098183.551760 5.967138 -12.183661 -3.126456
1769098183.619539 5.962972 -12.183576 -3.128900
1769098183.751778 5.950763 -12.183458 -3.126060
1769098183.820132 5.937557 -12.183512 -3.125162
1769098183.951804 5.923459 -12.171179 3.138075
1769098184.020885 5.916586 -12.161772 3.129305
1769098184.151775 5.901813 -12.161327 3.126363
1769098184.221500 5.897036 -12.161142 3.122469
1769098184.351762 5.880366 -12.160584 3.119020
1769098184.422146 5.872733 -12.160285 3.121474
1769098184.551774 5.863992 -12.159861 3.123173
1769098184.622820 5.850489 -12.159496 3.125615
1769098184.751789 5.836165 -12.159084 3.126911
1769098184.823479 5.831512 -12.158924 3.125633
1769098184.951782 5.815045 -12.158485 3.123841
1769098185.024191 5.807168 -12.158231 3.123893
1769098185.151747 5.798481 -12.157917 3.116076
1769098185.224933 5.784488 -12.157491 3.116416
1769098185.351776 5.770035 -12.157002 3.120044
1769098185.425595 5.765282 -12.156813 3.118836
1769098185.551793 5.748961 -12.156282 3.119793
1769098185.626201 5.743352 -12.156063 3.121738
1769098185.751816 5.732850 -12.155711 3.119782
1769098185.826782 5.719025 -12.155355 3.122426
1769098185.951807 5.704814 -12.154986 3.124780
1769098186.027525 5.700109 -12.154825 3.124525
1769098186.151794 5.683410 -12.154371 3.119229
1769098186.228220 5.677182 -12.154155 3.118540
1769098186.351805 5.662199 -12.153662 3.123272
1769098186.428755 5.655951 -12.153442 3.125274
1769098186.551789 5.638912 -12.153008 3.133838
1769098186.629473 5.634231 -12.152822 3.136205
1769098186.751798 5.618495 -12.152503 3.133371
1769098186.830115 5.610115 -12.152287 3.131766
1769098186.951798 5.602330 -12.151980 3.131158
1769098187.030814 5.587817 -12.151692 3.129601
1769098187.151863 5.573839 -12.151316 3.128755
1769098187.231515 5.569007 -12.151128 3.127645
1769098187.351854 5.552533 -12.150699 3.125419
1769098187.432121 5.545581 -12.150470 3.124485
1769098187.551807 5.536434 -12.150107 3.132154
1769098187.632750 5.522053 -12.149846 3.133136
1769098187.751829 5.508531 -12.149562 3.134510
1769098187.833463 5.503798 -12.149395 3.135661
1769098187.951834 5.487249 -12.149082 3.130274
1769098188.034109 5.479646 -12.148870 3.124725
1769098188.151826 5.470699 -12.148545 3.128653
1769098188.234707 5.455818 -12.148220 3.130171
1769098188.351845 5.444762 -12.147933 3.129933
1769098188.435395 5.434659 -12.147712 3.130937
1769098188.551825 5.421604 -12.147427 3.132369
1769098188.636117 5.413835 -12.147243 3.130840
1769098188.751844 5.400627 -12.146943 3.133621
1769098188.836760 5.390957 -12.146734 3.133428
1769098188.951838 5.383933 -12.146523 3.128635
1769098189.037432 5.368845 -12.146217 3.125199
1769098189.151919 5.378517 -12.146322 3.130790
1769098189.238113 5.390973 -12.146168 3.134215
1769098189.351837 5.374821 -12.145909 3.138719
1769098189.438670 5.365036 -12.145768 -3.140196
1769098189.551850 5.358472 -12.145616 -3.140258
1769098189.639280 5.343349 -12.145532 3.140808
1769098189.751874 5.330453 -12.145380 -3.140476
1769098189.840006 5.325772 -12.145264 3.140225
1769098189.951849 5.309218 -12.145099 3.139138
1769098190.040652 5.299950 -12.144971 3.140380
1769098190.151835 5.292435 -12.144808 3.140247
1769098190.241277 5.277036 -12.144675 3.139978
1769098190.351856 5.264536 -12.144521 -3.140285
1769098190.441949 5.259954 -12.144401 -3.139448
1769098190.551861 5.243709 -12.144310 -3.139637
1769098190.642575 5.234332 -12.144231 -3.139934
1769098190.751939 5.227667 -12.144139 3.141290
1769098190.843301 5.211860 -12.144040 3.136880
1769098190.951852 5.199189 -12.143874 3.135132
1769098191.044003 5.194432 -12.143755 3.133908
1769098191.151870 5.178081 -12.143549 3.134772
1769098191.244719 5.167410 -12.143431 3.136132
1769098191.351871 5.161753 -12.143320 3.140358
1769098191.445401 5.146120 -12.143232 3.139764
1769098191.551868 5.133861 -12.143137 3.139856
1769098191.645999 5.129257 -12.143067 3.139585
1769098191.751905 5.112732 -12.142986 3.137368
1769098191.846763 5.101998 -12.142921 3.130810
1769098191.951976 5.095980 -12.142862 3.132658
1769098192.047433 5.079845 -12.142681 3.134135
1769098192.151877 5.067828 -12.142557 3.134023
1769098192.248014 5.063242 -12.142484 3.137558
1769098192.351878 5.047072 -12.142396 3.140272
1769098192.448762 5.036016 -12.142370 3.137998
1769098192.551877 5.025845 -12.142338 3.137166
1769098192.649447 5.014440 -12.142265 3.135485
1769098192.751888 5.009275 -12.142261 3.126818
1769098192.850087 4.997531 -12.142144 3.123886
1769098192.951880 4.981206 -12.141923 3.126437
1769098193.050739 4.969610 -12.141819 3.126090
1769098193.151886 4.964958 -12.141811 3.127598
1769098193.251358 4.948858 -12.141635 3.130603
1769098193.351893 4.937295 -12.141560 3.131246
1769098193.451892 4.932613 -12.141569 3.131088
1769098193.551895 4.916266 -12.141473 3.132402
1769098193.651910 4.904296 -12.141432 3.131247
1769098193.751904 4.899541 -12.141468 3.127702
1769098193.851924 4.882939 -12.141296 3.124188
1769098193.951967 4.871194 -12.141176 3.124623
1769098194.051950 4.861930 -12.141117 3.127086
1769098194.151899 4.850314 -12.141056 3.131590
1769098194.251924 4.845682 -12.141094 3.133769
1769098194.351909 4.839056 -12.131841 3.135006
1769098194.451905 4.837294 -12.122020 3.138135
1769098194.551916 4.832865 -12.121749 3.137778
1769098194.651947 4.821078 -12.121837 3.131554
1769098194.751913 4.804959 -12.121843 3.130779
1769098194.851910 4.793011 -12.121869 3.132431
1769098194.951913 4.788334 -12.121977 3.130814
1769098195.054995 4.772135 -12.121947 3.132449
1769098195.151928 4.767476 -12.122036 3.135987
1769098195.251926 4.755939 -12.122107 3.136789
1769098195.351948 4.739670 -12.122206 3.138602
1769098195.451919 4.734888 -12.122353 3.140165
1769098195.551928 4.718264 -12.122477 3.134098
1769098195.651921 4.706503 -12.122560 3.127119
1769098195.751928 4.701768 -12.122671 3.130238
1769098195.851943 4.685290 -12.122655 3.133175
1769098195.951959 4.673625 -12.122739 3.134826
1769098196.051936 4.662211 -12.122854 3.138325
1769098196.151942 4.652927 -12.123000 3.136215
1769098196.251939 4.641365 -12.123138 3.133467
1769098196.352001 4.636685 -12.123296 3.134482
1769098196.451935 4.620235 -12.123363 3.136464
1769098196.552000 4.608342 -12.123479 3.134750
1769098196.651937 4.598678 -12.123605 3.131331
1769098196.751964 4.586783 -12.123669 3.130310
1769098196.851955 4.575116 -12.123727 3.130085
1769098196.951954 4.570512 -12.123873 3.131095
1769098197.051943 4.554441 -12.123911 3.138703
1769098197.151957 4.542751 -12.124079 3.140693
1769098197.251962 4.538099 -12.124290 3.138268
1769098197.351948 4.521571 -12.124440 3.139964
1769098197.451955 4.509826 -12.124608 3.139323
1769098197.551964 4.505148 -12.124775 3.137244
1769098197.651969 4.488540 -12.124868 -3.139852
1769098197.751981 4.476972 -12.125022 -3.136875
1769098197.852041 4.472186 -12.125134 -3.132785
1769098197.952048 4.460874 -12.125337 -3.133700
1769098198.052042 4.449585 -12.125533 -3.129605
1769098198.151958 4.433366 -12.125823 -3.131844
1769098198.251959 4.428656 -12.125953 -3.126168
1769098198.351971 4.412309 -12.126270 -3.126841
1769098198.451972 4.400341 -12.126511 -3.130868
1769098198.552063 4.395589 -12.126685 -3.138422
1769098198.651979 4.379007 -12.126858 -3.137418
1769098198.751966 4.374274 -12.126986 -3.135719
1769098198.851987 4.358130 -12.127222 -3.134296
1769098198.951962 4.346416 -12.127459 -3.134018
1769098199.052000 4.341683 -12.127640 -3.130400
1769098199.152000 4.325490 -12.127978 -3.134893
1769098199.251997 4.313799 -12.128217 -3.135085
1769098199.352000 4.309092 -12.128408 -3.133854
1769098199.451998 4.292568 -12.128712 -3.134235
1769098199.551983 4.276585 -12.125598 -3.127577
1769098199.652006 4.262085 -12.121028 -3.119733
1769098199.752000 4.249483 -12.120346 -3.117213
1769098199.852008 4.237944 -12.120765 -3.112018
1769098199.952062 4.233367 -12.120997 -3.109685
1769098200.052011 4.217062 -12.121670 -3.114139
1769098200.076554 4.217064 -12.121720 -3.115913
1769098200.076554 4.217064 -12.121720 -3.115913
1769098200.351997 4.183961 -12.123027 -3.125299
1769098200.452011 4.172326 -12.123422 -3.128522
1769098200.552063 4.167573 -12.123700 -3.127271
1769098200.651994 4.151458 -12.124162 -3.125716
1769098200.752018 4.146707 -12.124472 -3.125557
1769098200.852022 4.146714 -12.124701 -3.125400
1769098200.876531 4.146715 -12.124756 -3.125362
1769098201.052061 4.107629 -12.125810 -3.124938
1769098201.152009 4.103233 -12.126142 -3.123451
1769098201.252020 4.087173 -12.126708 -3.125624
1769098201.352030 4.079971 -12.127120 -3.128654
1769098201.452031 4.075428 -12.127509 -3.135410
1769098201.552040 4.058782 -12.127919 -3.136304
1769098201.652048 4.047074 -12.128343 -3.138616
1769098201.752048 4.030963 -12.128768 -3.136640
1769098201.852040 4.026366 -12.129189 -3.132964
1769098201.952043 4.009878 -12.129732 -3.136540
1769098202.052079 3.998148 -12.130195 -3.140403
1769098202.152089 3.993398 -12.130602 -3.138753
1769098202.252048 3.981590 -12.131028 3.140435
1769098202.352033 3.972159 -12.131422 3.139440
1769098202.452055 3.960224 -12.131824 3.138384
1769098202.552021 3.943657 -12.132211 3.136874
1769098202.652028 3.939012 -12.132641 3.135945
1769098202.752020 3.927507 -12.133045 3.136936
1769098202.852023 3.927516 -12.133484 3.140016
1769098202.883182 3.927519 -12.133612 3.140965
1769098202.883182 3.927519 -12.133612 3.140965
1769098203.152045 3.878397 -12.134871 3.141215
1769098203.252037 3.873677 -12.135342 3.136108
1769098203.352055 3.857108 -12.135717 3.134388
1769098203.452042 3.845420 -12.136083 3.141514
1769098203.552108 3.840772 -12.136502 -3.140408
1769098203.652111 3.829139 -12.136957 -3.138903
1769098203.752076 3.813077 -12.137471 -3.137913
1769098203.852062 3.803824 -12.137960 -3.140608
1769098203.952081 3.796798 -12.138431 -3.140824
1769098204.052102 3.780607 -12.138887 -3.140393
1769098204.152059 3.768949 -12.139346 3.140885
1769098204.252069 3.764177 -12.139829 3.137029
1769098204.352053 3.747354 -12.140230 3.136733
1769098204.452055 3.735695 -12.140645 3.136416
1769098204.552073 3.731122 -12.141080 3.136989
1769098204.652071 3.715462 -12.141457 -3.139407
1769098204.752070 3.700838 -12.132711 -3.134180
1769098204.852091 3.686766 -12.118530 -3.132949
1769098204.892471 3.679178 -12.112818 -3.132410
1769098204.892471 3.679178 -12.112818 -3.132410
1769098205.152078 3.650310 -12.114115 -3.141312
1769098205.252074 3.640850 -12.114531 -3.135484
1769098205.352085 3.633745 -12.114928 -3.130674
1769098205.452087 3.617832 -12.115465 -3.128098
1769098205.552077 3.606373 -12.115969 -3.123144
1769098205.652102 3.597396 -12.116439 -3.121763
1769098205.752088 3.585839 -12.116981 -3.124087
1769098205.852118 3.574154 -12.117499 -3.122959
1769098205.952108 3.564645 -12.117989 -3.122042
1769098206.052181 3.557643 -12.118435 -3.124091
1769098206.152078 3.541225 -12.119021 -3.127295
1769098206.252095 3.529385 -12.119490 -3.125710
1769098206.352160 3.524759 -12.119829 -3.124471
1769098206.452134 3.508796 -12.120384 -3.120819
1769098206.552100 3.497136 -12.120906 -3.116253
1769098206.652105 3.492410 -12.121273 -3.114804
1769098206.753826 3.476096 -12.121963 -3.116757
1769098206.852108 3.466689 -12.122448 -3.116911
1769098206.952160 3.454978 -12.122965 -3.116704
1769098207.052090 3.443166 -12.123487 -3.115714
1769098207.152140 3.438388 -12.123819 -3.114263
1769098207.252101 3.421693 -12.124469 -3.114297
1769098207.352110 3.410033 -12.124977 -3.112466
1769098207.452102 3.400751 -12.125432 -3.110202
1769098207.552109 3.389194 -12.125968 -3.108647
1769098207.652092 3.377891 -12.126516 -3.107298
1769098207.752172 3.368663 -12.127012 -3.108601
1769098207.852116 3.361509 -12.127435 -3.111299
1769098207.952155 3.345094 -12.128103 -3.115422
1769098208.052137 3.340343 -12.128429 -3.121124
1769098208.152174 3.328453 -12.128881 -3.121638
1769098208.252118 3.312339 -12.129427 -3.119958
1769098208.352109 3.300908 -12.129908 -3.120099
1769098208.452108 3.291754 -12.130366 -3.118343
1769098208.501803 3.285071 -12.130650 -3.119583
1769098208.652125 3.268814 -12.131401 -3.116235
1769098208.702536 3.264212 -12.131630 -3.115580
1769098208.852126 3.252479 -12.132262 -3.113604
1769098208.903122 3.241046 -12.132694 -3.115369
1769098209.052135 3.224759 -12.133424 -3.117689
1769098209.103737 3.224399 -12.133542 -3.117851
1769098209.252139 3.208803 -12.134228 -3.121151
1769098209.304514 3.197273 -12.134600 -3.119881
1769098209.452141 3.181359 -12.135344 -3.112739
1769098209.505081 3.176708 -12.135611 -3.113762
1769098209.652155 3.160069 -12.136422 -3.115350
1769098209.705700 3.159262 -12.136573 -3.116262
1769098209.852227 3.143534 -12.137324 -3.123952
1769098209.906455 3.131315 -12.137682 -3.124840
1769098210.052147 3.144208 -12.116373 -3.129339
1769098210.107087 3.150457 -12.107822 -3.131880
1769098210.252132 3.134009 -12.108300 -3.130057
1769098210.307710 3.132755 -12.108427 -3.129173
1769098210.452158 3.118094 -12.108896 -3.127390
1769098210.508486 3.105919 -12.109194 -3.127383
1769098210.652164 3.090082 -12.109745 -3.119006
1769098210.709060 3.085325 -12.109938 -3.119068
1769098210.852142 3.068501 -12.110541 -3.125783
1769098210.909725 3.063010 -12.110722 -3.125560
1769098211.052229 3.051925 -12.111073 -3.120391
1769098211.110368 3.039776 -12.111391 -3.118551
1769098211.252166 3.024724 -12.111917 -3.108825
1769098211.310955 3.020069 -12.112099 -3.106848
1769098211.452174 3.003680 -12.112754 -3.109318
1769098211.511635 3.001469 -12.112869 -3.111223
1769098211.652187 2.987314 -12.113370 -3.111273
1769098211.712302 2.974487 -12.113776 -3.111754
1769098211.852211 2.959106 -12.114296 -3.112398
1769098211.912942 2.954198 -12.114463 -3.111681
1769098212.052185 2.937931 -12.115004 -3.113684
1769098212.113567 2.931959 -12.115198 -3.113031
1769098212.252165 2.915565 -12.115729 -3.108175
1769098212.314211 2.910129 -12.115935 -3.107830
1769098212.452163 2.899784 -12.116382 -3.106464
1769098212.514954 2.887076 -12.116882 -3.107500
1769098212.652184 2.871810 -12.117501 -3.108217
1769098212.715605 2.867384 -12.117683 -3.109728
1769098212.852204 2.855720 -12.118098 -3.109011
1769098212.916224 2.843079 -12.118508 -3.104391
1769098213.052239 2.828501 -12.119065 -3.100730
1769098213.116939 2.823772 -12.119267 -3.100976
1769098213.252172 2.812164 -12.119749 -3.098938
1769098213.317627 2.799719 -12.120280 -3.100756
1769098213.452195 2.784904 -12.120886 -3.102746
1769098213.518223 2.780173 -12.121059 -3.099859
1769098213.652295 2.763761 -12.121732 -3.100249
1769098213.718906 2.756846 -12.122005 -3.102753
1769098213.852232 2.740312 -12.122611 -3.101488
1769098213.919668 2.735886 -12.122758 -3.101965
1769098214.052185 2.719925 -12.123332 -3.099012
1769098214.120233 2.715768 -12.123472 -3.095356
1769098214.252211 2.703717 -12.123963 -3.093848
1769098214.320889 2.690271 -12.124588 -3.094208
1769098214.452224 2.675523 -12.125238 -3.092156
1769098214.521689 2.670923 -12.125426 -3.094698
1769098214.652194 2.654361 -12.126131 -3.099385
1769098214.722275 2.649604 -12.126322 -3.101140
1769098214.852223 2.637669 -12.126779 -3.097357
1769098214.925601 2.623872 -12.127372 -3.096389
1769098214.925601 2.623872 -12.127372 -3.096389
1769098214.925601 2.623872 -12.127372 -3.096389
1769098215.252291 2.597422 -12.112926 -3.129354
1769098215.324155 2.594153 -12.106895 -3.137948
1769098215.452230 2.582896 -12.106937 -3.137907
1769098215.524744 2.568809 -12.106982 -3.140095
1769098215.652315 2.554294 -12.106978 3.139467
1769098215.725513 2.549536 -12.106968 3.138133
1769098215.852240 2.533639 -12.106916 3.139257
1769098215.926134 2.525813 -12.106918 3.141500
1769098216.052254 2.511264 -12.106959 -3.136101
1769098216.126775 2.505648 -12.106992 -3.135171
1769098216.252212 2.495373 -12.107095 -3.140678
1769098216.327419 2.483957 -12.107138 -3.141018
1769098216.452224 2.468137 -12.107198 3.141185
1769098216.528114 2.462129 -12.107241 3.138438
1769098216.652246 2.451688 -12.107310 3.136655
1769098216.728804 2.437347 -12.107288 3.137882
1769098216.852251 2.423640 -12.107320 3.137094
1769098216.929372 2.417609 -12.107359 3.138725
1769098217.052253 2.408220 -12.107406 -3.139283
1769098217.130069 2.393918 -12.107512 -3.140280
1769098217.252256 2.379955 -12.107654 3.138489
1769098217.330687 2.375170 -12.107735 3.137962
1769098217.452308 2.358640 -12.107785 3.135465
1769098217.531372 2.351876 -12.107822 3.133192
1769098217.652259 2.342237 -12.107870 3.133412
1769098217.732138 2.327696 -12.107833 3.137289
1769098217.852284 2.314112 -12.107895 3.141348
1769098217.932673 2.309453 -12.107924 -3.137978
1769098218.052268 2.293331 -12.108047 -3.138384
1769098218.133347 2.286107 -12.108113 -3.138405
1769098218.252315 2.276978 -12.108198 -3.135920
1769098218.334093 2.262372 -12.108320 -3.135037
1769098218.452286 2.248781 -12.108449 -3.135459
1769098218.534659 2.243973 -12.108501 -3.137921
1769098218.652273 2.227669 -12.108579 -3.135663
1769098218.735317 2.220020 -12.108619 -3.132390
1769098218.852335 2.211666 -12.108660 -3.127214
1769098218.936045 2.196933 -12.108859 -3.124446
1769098219.052281 2.183627 -12.109060 -3.121891
1769098219.136683 2.178948 -12.109112 -3.124120
1769098219.252284 2.162724 -12.109309 -3.124633
1769098219.337459 2.154423 -12.109381 -3.125982
1769098219.452282 2.139492 -12.109517 -3.126850
1769098219.538127 2.134661 -12.109554 -3.130335
1769098219.652285 2.117955 -12.109703 -3.129133
1769098219.738873 2.109513 -12.109760 -3.128902
1769098219.852311 2.102084 -12.109792 -3.126266
1769098219.939517 2.090769 -12.109891 -3.122202
1769098220.052285 2.074953 -12.110128 -3.117965
1769098220.140190 2.071349 -12.110144 -3.117548
1769098220.252289 2.053448 -12.110485 -3.121615
1769098220.340892 2.043201 -12.110637 -3.126731
1769098220.452296 2.059051 -12.105577 -3.121668
1769098220.541531 2.064950 -12.101280 -3.108824
1769098220.652296 2.049389 -12.101684 -3.104014
1769098220.742069 2.040295 -12.101928 -3.098762
1769098220.852329 2.033245 -12.102057 -3.095714
1769098220.942865 2.017869 -12.102612 -3.098371
1769098221.052289 2.005279 -12.102987 -3.101654
1769098221.143561 1.996707 -12.103176 -3.099399
1769098221.252307 1.984256 -12.103510 -3.099955
1769098221.344169 1.974195 -12.103770 -3.101266
1769098221.452315 1.967405 -12.103858 -3.101603
1769098221.544875 1.951904 -12.104288 -3.100856
1769098221.652316 1.940130 -12.104555 -3.099880
1769098221.745506 1.929929 -12.104802 -3.094532
1769098221.852331 1.917869 -12.105161 -3.089521
1769098221.946115 1.913140 -12.105214 -3.090848
1769098222.052374 1.901841 -12.105603 -3.094809
1769098222.146807 1.886259 -12.106155 -3.097798
1769098222.252324 1.874400 -12.106496 -3.102797
1769098222.347484 1.864120 -12.106757 -3.104504
1769098222.452324 1.854057 -12.107009 -3.100910
1769098222.548162 1.847175 -12.107171 -3.099999
1769098222.652344 1.831517 -12.107716 -3.099294
1769098222.748797 1.820896 -12.108056 -3.097370
1769098222.852331 1.809234 -12.108447 -3.098901
1769098222.949528 1.804828 -12.108510 -3.095937
1769098223.052335 1.792987 -12.108887 -3.091677
1769098223.150153 1.776735 -12.109516 -3.093615
1769098223.252342 1.766841 -12.109819 -3.099443
1769098223.350832 1.760010 -12.109970 -3.102817
1769098223.452403 1.743563 -12.110443 -3.108939
1769098223.551600 1.732388 -12.110651 -3.115225
1769098223.652388 1.723060 -12.110759 -3.119373
1769098223.752252 1.716185 -12.110836 -3.130907
1769098223.852326 1.700258 -12.110873 3.140543
1769098223.952383 1.688843 -12.110744 3.127437
1769098224.052364 1.684144 -12.110648 3.114983
1769098224.152352 1.667538 -12.110130 3.102606
1769098224.252353 1.655752 -12.109592 3.092563
1769098224.352348 1.644243 -12.108958 3.088190
1769098224.452335 1.635422 -12.108399 3.080362
1769098224.552419 1.628806 -12.107940 3.070046
1769098224.652342 1.613179 -12.106743 3.057594
1769098224.752372 1.601707 -12.105694 3.047763
1769098224.852360 1.592236 -12.104713 3.035698
1769098224.952367 1.585113 -12.103911 3.027195
1769098225.052353 1.568509 -12.101873 3.018146
1769098225.152349 1.557137 -12.100323 3.007834
1769098225.252368 1.552551 -12.099642 2.997006
1769098225.352379 1.541052 -12.097911 2.988830
1769098225.452369 1.525667 -12.095421 2.982271
1769098225.552365 1.516326 -12.093799 2.972600
1769098225.652381 1.509367 -12.091651 2.960379
1769098225.752380 1.502754 -12.089308 2.944872
1769098225.852396 1.491722 -12.086941 2.929502
1769098225.952420 1.486996 -12.085917 2.918956
1769098226.052386 1.471031 -12.082243 2.910268
1769098226.152431 1.459757 -12.079519 2.903898
1769098226.252362 1.455108 -12.078358 2.897852
1769098226.352391 1.439567 -12.074438 2.888763
1769098226.452396 1.428283 -12.071454 2.878340
1769098226.552392 1.423882 -12.070239 2.866978
1769098226.652370 1.407820 -12.065616 2.854081
1769098226.752386 1.396507 -12.062167 2.845762
1769098226.852395 1.391974 -12.060754 2.833508
1769098226.952389 1.376119 -12.055650 2.821943
1769098227.052391 1.365276 -12.052001 2.813617
1769098227.152399 1.356703 -12.049030 2.802242
1769098227.252461 1.350447 -12.046816 2.793814
1769098227.352391 1.339855 -12.042970 2.782118
1769098227.452446 1.325133 -12.037402 2.771502
1769098227.552407 1.314063 -12.033059 2.762396
1769098227.652403 1.303414 -12.028738 2.750162
1769098227.752408 1.299309 -12.027035 2.738168
1769098227.852412 1.284165 -12.020503 2.729798
1769098227.952431 1.273541 -12.015800 2.723807
1769098228.052400 1.269221 -12.013891 2.714529
1769098228.152422 1.254225 -12.007021 2.707169
1769098228.252448 1.245576 -12.002955 2.696211
1769098228.352418 1.234972 -11.997849 2.683407
1769098228.452394 1.224406 -11.992581 2.670326
1769098228.552448 1.215938 -11.988219 2.658225
1769098228.652416 1.205762 -11.982837 2.646748
1769098228.752496 1.195736 -11.977396 2.639221
1769098228.852444 1.185500 -11.971716 2.633616
1769098228.952414 1.175853 -11.966282 2.626223
1769098229.052429 1.171866 -11.964027 2.616256
1769098229.152405 1.157789 -11.955802 2.604111
1769098229.252425 1.147814 -11.949762 2.592176
1769098229.352428 1.143628 -11.947139 2.583664
1769098229.452425 1.129391 -11.938111 2.574397
1769098229.552451 1.119503 -11.931690 2.567776
1769098229.652446 1.115572 -11.929072 2.567593
1769098229.752474 1.101925 -11.920181 2.566972
1769098229.852447 1.092383 -11.913936 2.571023
1769098229.952452 1.088340 -11.911272 2.570145
1769098230.052438 1.074650 -11.902426 2.570209
1769098230.152440 1.065158 -11.896282 2.570058
1769098230.252434 1.055512 -11.890020 2.568052
1769098230.352445 1.051624 -11.887530 2.559715
1769098230.452451 1.037852 -11.878454 2.560217
1769098230.552444 1.028288 -11.872173 2.561631
1769098230.652517 1.018839 -11.865992 2.562837
1769098230.752442 1.011494 -11.861220 2.565222
1769098230.852446 1.013741 -11.850307 2.558035
1769098230.952451 1.010798 -11.830954 2.548149
1769098231.052453 1.003572 -11.821795 2.547473
1769098231.152520 0.995785 -11.816529 2.545666
1769098231.252462 0.989788 -11.812490 2.542842
1769098231.352466 0.976597 -11.803500 2.541929
1769098231.452433 0.967033 -11.796966 2.540956
1769098231.552458 0.963152 -11.794311 2.540936
1769098231.652464 0.949614 -11.785051 2.543213
1769098231.752488 0.939886 -11.778440 2.549214
1769098231.852486 0.936166 -11.775930 2.549238
1769098231.952515 0.926692 -11.769554 2.550956
1769098232.052486 0.913678 -11.760818 2.548632
1769098232.152465 0.904056 -11.754311 2.546403
1769098232.252474 0.899993 -11.751599 2.540535
1769098232.352472 0.890218 -11.744923 2.544373
1769098232.452476 0.876795 -11.735879 2.555701
1769098232.552482 0.867396 -11.729742 2.566221
1769098232.652468 0.859749 -11.724884 2.574759
1769098232.752502 0.850092 -11.718839 2.586076
1769098232.852549 0.840151 -11.712765 2.596592
1769098232.952479 0.830093 -11.706763 2.606768
1769098233.052485 0.826243 -11.704470 2.616107
1769098233.152491 0.816204 -11.698690 2.620946
1769098233.252466 0.802476 -11.690909 2.628148
1769098233.352472 0.791917 -11.685045 2.636346
1769098233.452491 0.788004 -11.682913 2.649534
1769098233.552472 0.773668 -11.675305 2.662921
1769098233.652501 0.763735 -11.670181 2.674856
1769098233.752535 0.753784 -11.665235 2.684486
1769098233.852509 0.743849 -11.660423 2.692862
1769098233.952511 0.735120 -11.656328 2.700330
1769098234.052493 0.728850 -11.653407 2.711373
1769098234.152492 0.718334 -11.648617 2.720007
1769098234.252503 0.703967 -11.642244 2.724320
1769098234.352503 0.693100 -11.637509 2.732416
1769098234.452513 0.688805 -11.635667 2.743465
1769098234.552496 0.673416 -11.629305 2.756725
1769098234.652485 0.662692 -11.625064 2.768647
1769098234.752593 0.654357 -11.621877 2.777038
1769098234.852505 0.648126 -11.619511 2.786133
1769098234.952512 0.633101 -11.614034 2.793388
1769098235.052504 0.622434 -11.610275 2.804444
1769098235.152514 0.611789 -11.606649 2.810154
1769098235.252526 0.600853 -11.602999 2.817025
1769098235.352522 0.592234 -11.600205 2.824894
1769098235.452520 0.585640 -11.598106 2.832139
1769098235.552500 0.570036 -11.593261 2.845226
1769098235.652556 0.558954 -11.590024 2.859906
1769098235.752542 0.548234 -11.587059 2.873967
1769098235.852548 0.543749 -11.585900 2.880961
1769098235.952538 0.527842 -11.581762 2.889293
1769098236.052531 0.525800 -11.576036 2.897196
1769098236.152529 0.536072 -11.569955 2.905832
1769098236.252527 0.525975 -11.564139 2.917491
1769098236.352520 0.514535 -11.561630 2.926429
1769098236.452536 0.509955 -11.560682 2.934610
1769098236.552525 0.494150 -11.557473 2.939709
1769098236.652524 0.483025 -11.555323 2.952112
1769098236.752539 0.471378 -11.553220 2.963210
1769098236.852524 0.466763 -11.552482 2.973853
1769098236.952542 0.450628 -11.549880 2.985234
1769098237.052542 0.439333 -11.548243 2.993082
1769098237.152541 0.428240 -11.546730 3.001741
1769098237.252522 0.423458 -11.546165 3.008089
1769098237.352546 0.406540 -11.543994 3.007754
1769098237.452544 0.394997 -11.542542 3.008109
1769098237.552543 0.390577 -11.542045 3.009757
1769098237.652570 0.379288 -11.540635 3.012640
1769098237.752569 0.363692 -11.538679 3.017156
1769098237.852569 0.352224 -11.537309 3.018687
1769098237.952658 0.340751 -11.535937 3.019781
1769098238.052542 0.331627 -11.534832 3.019264
1769098238.152559 0.320249 -11.533449 3.015537
1769098238.252546 0.308786 -11.532017 3.014332
1769098238.352557 0.297065 -11.530532 3.013591
1769098238.452567 0.292562 -11.529975 3.013157
1769098238.552564 0.280940 -11.528497 3.015096
1769098238.652568 0.265547 -11.526550 3.017598
1769098238.752569 0.254495 -11.525184 3.019457
1769098238.802006 0.254497 -11.525184 3.019886
1769098238.952565 0.239118 -11.523275 3.024817
1769098239.002611 0.227700 -11.521921 3.023799
1769098239.152549 0.211260 -11.519936 3.019642
1769098239.203288 0.211078 -11.519925 3.017293
1769098239.352557 0.190229 -11.517291 3.017878
1769098239.404011 0.189904 -11.517239 3.017909
1769098239.552594 0.167249 -11.514396 3.021293
1769098239.604553 0.162819 -11.513836 3.024450
1769098239.752584 0.146857 -11.511906 3.026182
1769098239.805338 0.146235 -11.511807 3.026235
1769098239.952625 0.131014 -11.509920 3.025129
1769098240.006115 0.119029 -11.508493 3.020170
1769098240.152597 0.102673 -11.506409 3.020444
1769098240.206621 0.098099 -11.505798 3.021565
1769098240.352592 0.086481 -11.504257 3.019456
1769098240.407350 0.074735 -11.502762 3.019498
1769098240.552588 0.059547 -11.500763 3.023527
1769098240.608031 0.054712 -11.500135 3.021474
1769098240.752611 0.043924 -11.498726 3.020372
1769098240.808713 0.031708 -11.497187 3.022939
1769098240.952643 0.016054 -11.495174 3.018200
1769098241.009418 0.011470 -11.494565 3.017317
1769098241.152594 0.002525 -11.492422 3.017528
1769098241.210064 0.003697 -11.492147 3.018391
1769098241.352619 -0.010842 -11.490181 3.016829
1769098241.410785 -0.022437 -11.488686 3.016872
1769098241.552636 -0.038279 -11.486599 3.017963
1769098241.611323 -0.040164 -11.486330 3.015631
1769098241.752598 -0.058006 -11.484010 3.012998
1769098241.811980 -0.065817 -11.482978 3.010417
1769098241.952701 -0.081382 -11.480877 3.009120
1769098242.012720 -0.083749 -11.480542 3.008016
1769098242.152609 -0.102169 -11.477974 3.007831
1769098242.213313 -0.108852 -11.477025 3.007500
1769098242.352648 -0.124629 -11.474801 3.008086
1769098242.414117 -0.127212 -11.474410 3.010007
1769098242.552639 -0.144742 -11.471999 3.011066
1769098242.614749 -0.151511 -11.471083 3.010229
1769098242.752630 -0.167735 -11.468876 3.008802
1769098242.815293 -0.170617 -11.468468 3.006727
1769098242.952689 -0.183717 -11.466689 2.995765
1769098243.016043 -0.196818 -11.464744 2.989363
1769098243.152657 -0.211838 -11.462343 2.980628
1769098243.216797 -0.217616 -11.461348 2.977376
1769098243.352641 -0.227625 -11.459565 2.967868
1769098243.417407 -0.239944 -11.457345 2.962367
1769098243.552634 -0.254086 -11.454633 2.949250
1769098243.617974 -0.257494 -11.453940 2.942348
1769098243.752708 -0.269700 -11.451399 2.928957
1769098243.818713 -0.282721 -11.448517 2.922236
1769098243.952676 -0.297146 -11.445111 2.909428
1769098244.019411 -0.300881 -11.444177 2.902273
1769098244.152666 -0.317211 -11.440018 2.890666
1769098244.220038 -0.323473 -11.438350 2.883966
1769098244.352653 -0.338823 -11.434125 2.872052
1769098244.420654 -0.345469 -11.432214 2.865365
1769098244.552677 -0.360376 -11.427820 2.851943
1769098244.621306 -0.364427 -11.426563 2.844279
1769098244.752683 -0.375849 -11.422990 2.827760
1769098244.821903 -0.388877 -11.418660 2.822727
1769098244.952656 -0.402544 -11.413919 2.811254
1769098245.022570 -0.408564 -11.411774 2.806738
1769098245.152660 -0.417540 -11.408524 2.799049
1769098245.223254 -0.430083 -11.403959 2.792076
1769098245.352668 -0.443358 -11.398908 2.781075
1769098245.423815 -0.447819 -11.397112 2.773806
1769098245.552665 -0.458292 -11.392878 2.759078
1769098245.624583 -0.471013 -11.387631 2.749350
1769098245.752653 -0.484608 -11.381742 2.733998
1769098245.825077 -0.489020 -11.379734 2.729595
1769098245.952676 -0.503502 -11.373127 2.718412
1769098246.025746 -0.510434 -11.369849 2.713606
1769098246.152647 -0.521948 -11.364343 2.699618
1769098246.226387 -0.528121 -11.361315 2.694129
1769098246.352653 -0.555434 -11.305309 2.656239
1769098246.427114 -0.568896 -11.268399 2.632644
1769098246.552640 -0.582063 -11.260739 2.620302
1769098246.627805 -0.586044 -11.258310 2.610647
1769098246.752636 -0.599889 -11.249840 2.598883
1769098246.828506 -0.606879 -11.245447 2.591211
1769098246.952727 -0.613678 -11.241062 2.583331
1769098247.029164 -0.625735 -11.233358 2.577681
1769098247.152664 -0.637424 -11.225654 2.561558
1769098247.229758 -0.641364 -11.222975 2.551198
1769098247.352644 -0.654866 -11.213639 2.537965
1769098247.430544 -0.660301 -11.209768 2.529791
1769098247.552664 -0.668196 -11.204071 2.516966
1769098247.631256 -0.680051 -11.195345 2.510236
1769098247.752630 -0.690942 -11.187110 2.500195
1769098247.831799 -0.694426 -11.184402 2.494176
1769098247.952691 -0.707118 -11.174560 2.481038
1769098248.032393 -0.712632 -11.170141 2.471789
1769098248.152709 -0.723562 -11.161219 2.461131
1769098248.233044 -0.728989 -11.156689 2.453511
1769098248.352708 -0.741406 -11.146177 2.439768
1769098248.433760 -0.748237 -11.140214 2.429836
1769098248.552691 -0.758795 -11.130824 2.417362
1769098248.634465 -0.764271 -11.125826 2.408912
1769098248.752715 -0.770481 -11.120040 2.401394
1769098248.835139 -0.779206 -11.111887 2.396114
1769098248.952688 -0.790401 -11.101292 2.381815
1769098249.035689 -0.795815 -11.096016 2.371666
1769098249.152720 -0.805412 -11.086510 2.355873
1769098249.236455 -0.812164 -11.079576 2.346508
1769098249.352699 -0.817148 -11.074368 2.335928
1769098249.437059 -0.827374 -11.063563 2.330369
1769098249.552713 -0.836235 -11.054026 2.320096
1769098249.637710 -0.841569 -11.048157 2.314583
1769098249.752758 -0.850332 -11.038404 2.302415
1769098249.838485 -0.856793 -11.031008 2.294040
1769098249.952719 -0.865469 -11.020871 2.284826
1769098250.039039 -0.868553 -11.017216 2.272291
1769098250.152712 -0.879041 -11.004503 2.258646
1769098250.239697 -0.885369 -10.996601 2.248989
1769098250.352729 -0.889439 -10.991346 2.244031
1769098250.440250 -0.898692 -10.979457 2.237880
1769098250.552739 -0.906367 -10.969381 2.228283
1769098250.640871 -0.909244 -10.965533 2.218180
1769098250.752732 -0.918850 -10.952450 2.207473
1769098250.841678 -0.924851 -10.944015 2.198193
1769098250.952716 -0.931294 -10.934736 2.185996
1769098251.042340 -0.935177 -10.928983 2.178410
1769098251.152741 -0.944190 -10.915582 2.165859
1769098251.243023 -0.949615 -10.907234 2.158351
1769098251.352740 -0.956525 -10.896464 2.150748
1769098251.443625 -0.958878 -10.892604 2.146478
1769098251.552735 -0.847514 -11.108971 2.250171
1769098251.644326 -0.722570 -11.137766 2.336646
1769098251.752761 -0.731132 -11.128496 2.322577
1769098251.844956 -0.734217 -11.125038 2.310149
1769098251.952819 -0.745355 -11.112355 2.302753
1769098252.045666 -0.752054 -11.104541 2.298522
1769098252.152754 -0.756166 -11.099581 2.291731
1769098252.246259 -0.766383 -11.087619 2.279844
1769098252.352758 -0.774154 -11.078127 2.268818
1769098252.446951 -0.779466 -11.071465 2.256944
1769098252.552762 -0.787202 -11.061601 2.244099
1769098252.647644 -0.793789 -11.052933 2.235773
1769098252.752763 -0.801455 -11.042711 2.224920
1769098252.848349 -0.804165 -11.038972 2.214275
1769098252.952773 -0.813824 -11.025687 2.200529
1769098253.049024 -0.820024 -11.016880 2.189540
1769098253.152755 -0.823124 -11.012289 2.183664
1769098253.249656 -0.832192 -10.999108 2.174359
1769098253.352761 -0.838921 -10.989089 2.162670
1769098253.450363 -0.841675 -10.984980 2.149611
1769098253.552817 -0.850506 -10.971092 2.139649
1769098253.650991 -0.856428 -10.961513 2.128581
1769098253.752768 -0.862468 -10.951534 2.117855
1769098253.851689 -0.864885 -10.947461 2.110274
1769098253.952776 -0.872998 -10.933657 2.100735
1769098254.052242 -0.878687 -10.923740 2.091148
1769098254.152780 -0.883360 -10.915424 2.080738
1769098254.252773 -0.889046 -10.904988 2.070417
1769098254.352785 -0.894467 -10.894796 2.059255
1769098254.452819 -0.896718 -10.890532 2.047762
1769098254.552800 -0.902178 -10.879761 2.037488
1769098254.652799 -0.909356 -10.865124 2.027707
1769098254.752794 -0.914364 -10.854717 2.017264
1769098254.852794 -0.918166 -10.846599 2.009728
1769098254.952785 -0.920955 -10.840646 2.002413
1769098255.052781 -0.927515 -10.826051 1.994877
1769098255.152812 -0.932229 -10.815201 1.990277
1769098255.252813 -0.934131 -10.810791 1.981090
1769098255.352794 -0.940429 -10.795728 1.971236
1769098255.452792 -0.944780 -10.784934 1.961273
1769098255.552850 -0.948861 -10.774479 1.951241
1769098255.652800 -0.952282 -10.765543 1.940854
1769098255.752789 -0.954891 -10.758651 1.930985
1769098255.852827 -0.960753 -10.742601 1.924482
1769098255.952864 -0.964970 -10.730687 1.916570
1769098256.052819 -0.969013 -10.719020 1.905289
1769098256.152803 -0.972246 -10.709301 1.892354
1769098256.252802 -0.974657 -10.701870 1.880855
1769098256.352805 -0.979799 -10.685006 1.872238
1769098256.452821 -0.983357 -10.672982 1.866027
1769098256.552834 -1.055513 -10.657396 1.764084
1769098256.652807 -1.097152 -10.489780 1.655575
1769098256.752867 -1.099202 -10.456938 1.646129
1769098256.852820 -1.100034 -10.443986 1.644765
1769098256.952816 -1.100432 -10.438889 1.637129
1769098257.052831 -1.101618 -10.420677 1.636887
1769098257.152822 -1.102430 -10.407980 1.635947
1769098257.252813 -1.102768 -10.402825 1.635142
1769098257.352839 -1.103512 -10.390370 1.638936
1769098257.452818 -1.104717 -10.373006 1.640608
1769098257.552868 -1.105678 -10.360625 1.638162
1769098257.652835 -1.106458 -10.350651 1.635104
1769098257.752836 -1.107030 -10.343158 1.631597
1769098257.852817 -1.108089 -10.325665 1.630797
1769098257.952833 -1.108880 -10.312575 1.630619
1769098258.052818 -1.109182 -10.307368 1.634200
1769098258.152828 -1.110388 -10.289842 1.634819
1769098258.252832 -1.111287 -10.277410 1.633175
1769098258.352849 -1.111735 -10.272400 1.630939
1769098258.452853 -1.112627 -10.259686 1.629926
1769098258.552859 -1.113713 -10.242046 1.634371
1769098258.652836 -1.114547 -10.229226 1.640098
1769098258.752840 -1.114997 -10.224014 1.638087
1769098258.852841 -1.116275 -10.205835 1.632791
1769098258.952852 -1.116610 -10.200814 1.635862
1769098259.052832 -1.117799 -10.183070 1.641337
1769098259.152905 -1.118773 -10.170447 1.648631
1769098259.252873 -1.119594 -10.160359 1.652919
1769098259.352865 -1.120338 -10.152831 1.647732
1769098259.452847 -1.121737 -10.135063 1.645598
1769098259.552874 -1.122304 -10.129830 1.639004
1769098259.652843 -1.123363 -10.116852 1.636231
1769098259.752856 -1.124744 -10.098895 1.637533
1769098259.852869 -1.125717 -10.086439 1.640630
1769098259.952930 -1.126256 -10.081374 1.640024
1769098260.052877 -1.127656 -10.063736 1.641024
1769098260.152938 -1.128794 -10.050981 1.639096
1769098260.252859 -1.129341 -10.045925 1.641447
1769098260.352863 -1.130861 -10.027891 1.639659
1769098260.452886 -1.131894 -10.015260 1.639016
1769098260.552861 -1.132403 -10.010117 1.640210
1769098260.652885 -1.133689 -9.992503 1.645232
1769098260.752882 -1.134808 -9.979771 1.650424
1769098260.852903 -1.135470 -9.974686 1.648891
1769098260.952875 -1.137106 -9.956969 1.652066
1769098261.052866 -1.138278 -9.944676 1.654028
1769098261.152872 -1.138930 -9.939563 1.651068
1769098261.252875 -1.140444 -9.921966 1.653183
1769098261.352892 -1.141620 -9.901412 1.652813
1769098261.452894 -1.142744 -9.878941 1.646197
1769098261.552907 -1.143312 -9.871304 1.644097
1769098261.652879 -1.144723 -9.854102 1.646831
1769098261.752895 -1.145879 -9.841443 1.648665
1769098261.852920 -1.147044 -9.829375 1.651289
1769098261.952942 -1.147710 -9.824229 1.649118
1769098262.052908 -1.149316 -9.806384 1.647722
1769098262.152897 -1.150449 -9.793488 1.647487
1769098262.252888 -1.151036 -9.788332 1.646438
1769098262.352895 -1.152480 -9.770440 1.652873
1769098262.452905 -1.153592 -9.757916 1.660832
1769098262.552899 -1.154136 -9.752812 1.663306
1769098262.652906 -1.155944 -9.735314 1.659481
1769098262.752907 -1.157323 -9.722588 1.652854
1769098262.852914 -1.158369 -9.712645 1.653284
1769098262.952899 -1.159668 -9.700027 1.653620
1769098263.052902 -1.161001 -9.687024 1.649452
1769098263.152921 -1.162210 -9.674267 1.647157
1769098263.252920 -1.163213 -9.664221 1.646641
1769098263.352913 -1.164367 -9.651811 1.649229
1769098263.452931 -1.165590 -9.639655 1.652981
1769098263.552912 -1.166897 -9.627095 1.656386
1769098263.652929 -1.167956 -9.617387 1.655314
1769098263.752939 -1.168780 -9.610064 1.654604
1769098263.852973 -1.170479 -9.592224 1.651812
1769098263.952962 -1.171793 -9.579691 1.648344
1769098264.052943 -1.172913 -9.569583 1.648246
1769098264.152992 -1.173787 -9.561875 1.650749
1769098264.252937 -1.175363 -9.544926 1.655415
1769098264.352966 -1.176676 -9.532321 1.659346
1769098264.452949 -1.177810 -9.522464 1.660286
1769098264.552977 -1.179243 -9.509720 1.660914
1769098264.652952 -1.180647 -9.497120 1.660465
1769098264.752971 -1.181419 -9.491921 1.655557
1769098264.852945 -1.183122 -9.473746 1.655494
1769098264.952959 -1.184323 -9.461109 1.661679
1769098265.052958 -1.185373 -9.450908 1.666677
1769098265.152938 -1.186256 -9.443372 1.669026
1769098265.252963 -1.188169 -9.425910 1.668485
1769098265.352960 -1.189585 -9.413545 1.665468
1769098265.452933 -1.190182 -9.408690 1.667404
1769098265.552975 -1.191974 -9.390830 1.672173
1769098265.652941 -1.193391 -9.377882 1.674175
1769098265.752965 -1.194097 -9.372577 1.670854
1769098265.852943 -1.195985 -9.354525 1.669638
1769098265.952972 -1.197337 -9.342083 1.670818
1769098266.052995 -1.197986 -9.337037 1.671408
1769098266.152965 -1.184867 -9.331899 1.678154
1769098266.252943 -1.161573 -9.339205 1.680531
1769098266.352982 -1.152368 -9.342238 1.676450
1769098266.452973 -1.153942 -9.329442 1.670972
1769098266.552974 -1.155901 -9.311783 1.667098
1769098266.652984 -1.157436 -9.298683 1.663619
1769098266.752962 -1.158143 -9.293552 1.666741
1769098266.852963 -1.160075 -9.275783 1.669665
1769098266.952981 -1.161492 -9.263466 1.671099
1769098267.052970 -1.162716 -9.253449 1.670542
1769098267.152986 -1.164190 -9.240920 1.671148
1769098267.252984 -1.165710 -9.228112 1.672525
1769098267.352992 -1.167125 -9.215741 1.675772
1769098267.452983 -1.167861 -9.210564 1.673531
1769098267.552967 -1.169755 -9.192788 1.675447
1769098267.652982 -1.171143 -9.180139 1.680811
1769098267.752996 -1.171778 -9.175076 1.684880
1769098267.853007 -1.174069 -9.157325 1.684007
1769098267.952990 -1.175771 -9.144600 1.678560
1769098268.053012 -1.177088 -9.134477 1.677352
1769098268.152991 -1.178636 -9.121684 1.676408
1769098268.252976 -1.179368 -9.116389 1.675885
1769098268.352987 -1.181486 -9.098310 1.676096
1769098268.452998 -1.183059 -9.085400 1.675273
1769098268.552998 -1.183877 -9.080176 1.671171
1769098268.653027 -1.185849 -9.062606 1.673995
1769098268.752994 -1.187323 -9.050109 1.679302
1769098268.853070 -1.188045 -9.045052 1.681586
1769098268.953011 -1.190270 -9.027179 1.680111
1769098269.053002 -1.191931 -9.014262 1.673618
1769098269.102562 -1.192527 -9.009239 1.673957
1769098269.253010 -1.194657 -8.991107 1.675459
1769098269.303188 -1.194746 -8.991068 1.675807
1769098269.452992 -1.196781 -8.973303 1.687586
1769098269.503922 -1.198303 -8.960829 1.689846
1769098269.653027 -1.200621 -8.943569 1.687611
1769098269.704686 -1.201327 -8.938349 1.686236
1769098269.853036 -1.203597 -8.920828 1.687726
1769098269.905318 -1.204349 -8.915373 1.686659
1769098270.053025 -1.206030 -8.902831 1.688659
1769098270.105985 -1.207624 -8.889821 1.687988
1769098270.253041 -1.209898 -8.872372 1.685366
1769098270.306635 -1.210121 -8.871466 1.683329
1769098270.453038 -1.212859 -8.850216 1.688478
1769098270.507332 -1.213856 -8.842720 1.691320
1769098270.653035 -1.216194 -8.825580 1.693716
1769098270.708113 -1.216443 -8.824295 1.693129
1769098270.853055 -1.218759 -8.807496 1.688634
1769098270.908920 -1.220421 -8.794284 1.687691
1769098271.053044 -1.222757 -8.755554 1.690611
1769098271.109548 -1.223579 -8.741340 1.691573
1769098271.253056 -1.225362 -8.729617 1.691492
1769098271.310175 -1.227048 -8.716609 1.694813
1769098271.453082 -1.229463 -8.699803 1.696637
1769098271.510820 -1.230179 -8.695092 1.698149
1769098271.653018 -1.232803 -8.677311 1.695760
1769098271.711415 -1.233255 -8.675119 1.692063
1769098271.853103 -1.235515 -8.659160 1.690801
1769098271.912109 -1.237260 -8.645379 1.692919
1769098272.053085 -1.239636 -8.628511 1.696782
1769098272.112824 -1.240408 -8.623503 1.697478
1769098272.253061 -1.242984 -8.606205 1.697331
1769098272.313474 -1.243463 -8.603566 1.697159
1769098272.453048 -1.246263 -8.583611 1.698021
1769098272.514209 -1.247282 -8.576234 1.699830
1769098272.653060 -1.249091 -8.563636 1.705250
1769098272.714808 -1.250219 -8.555699 1.707493
1769098272.853065 -1.253386 -8.533601 1.705081
1769098272.915459 -1.254125 -8.528652 1.706095
1769098273.053074 -1.256715 -8.511033 1.709989
1769098273.116026 -1.257222 -8.507854 1.712409
1769098273.253070 -1.259388 -8.493616 1.714558
1769098273.316720 -1.261465 -8.479689 1.711621
1769098273.453070 -1.263855 -8.463403 1.706575
1769098273.517450 -1.264679 -8.458194 1.701786
1769098273.653083 -1.267256 -8.439980 1.700968
1769098273.718065 -1.268355 -8.432643 1.700978
1769098273.853099 -1.269910 -8.422336 1.705635
1769098273.918691 -1.271911 -8.408259 1.705309
1769098274.053104 -1.274280 -8.392186 1.703949
1769098274.119267 -1.275056 -8.387162 1.703256
1769098274.253096 -1.277696 -8.369180 1.703196
1769098274.319879 -1.278428 -8.364835 1.700810
1769098274.453096 -1.280464 -8.351130 1.702670
1769098274.520493 -1.282414 -8.336800 1.705690
1769098274.653087 -1.284737 -8.320932 1.709703
1769098274.721220 -1.285590 -8.315745 1.709082
1769098274.853096 -1.288327 -8.298433 1.707275
1769098274.921961 -1.289613 -8.290458 1.704012
1769098275.053108 -1.291225 -8.280765 1.702380
1769098275.122555 -1.293275 -8.266128 1.701190
1769098275.253099 -1.295584 -8.249954 1.702667
1769098275.323192 -1.296394 -8.244849 1.702888
1769098275.453107 -1.299056 -8.226844 1.700596
1769098275.523801 -1.300243 -8.218955 1.699438
1769098275.653119 -1.302399 -8.204480 1.700593
1769098275.724492 -1.303783 -8.194879 1.702962
1769098275.853160 -1.286528 -8.205336 1.695011
1769098275.925178 -1.276059 -8.214014 1.687040
1769098276.053105 -1.278420 -8.196091 1.682484
1769098276.125913 -1.279556 -8.187441 1.679466
1769098276.253120 -1.281627 -8.170813 1.683001
1769098276.326624 -1.282325 -8.165656 1.687902
1769098276.453195 -1.284621 -8.148238 1.695309
1769098276.527161 -1.285471 -8.142201 1.698732
1769098276.653113 -1.287180 -8.130908 1.693043
1769098276.727851 -1.288855 -8.118519 1.690968
1769098276.853140 -1.291234 -8.100805 1.689300
1769098276.928503 -1.291947 -8.095633 1.693548
1769098277.053185 -1.293642 -8.082772 1.699857
1769098277.129109 -1.295649 -8.067454 1.700642
1769098277.253128 -1.296662 -8.059858 1.703056
1769098277.329855 -1.298323 -8.047607 1.702014
1769098277.453113 -1.300064 -8.035259 1.701443
1769098277.530521 -1.302024 -8.021304 1.700645
1769098277.653131 -1.304213 -8.005368 1.701721
1769098277.731229 -1.304926 -8.000304 1.701035
1769098277.853142 -1.307289 -7.982698 1.698430
1769098277.931889 -1.308577 -7.973079 1.699822
1769098278.053206 -1.309725 -7.964717 1.704906
1769098278.132498 -1.311921 -7.949022 1.705992
1769098278.253133 -1.313009 -7.941885 1.706215
1769098278.333184 -1.314739 -7.929390 1.709321
1769098278.453134 -1.317247 -7.911779 1.710986
1769098278.533824 -1.317726 -7.908600 1.711475
1769098278.653147 -1.319954 -7.893756 1.707104
1769098278.734560 -1.321853 -7.880871 1.701535
1769098278.853158 -1.324079 -7.865324 1.699144
1769098278.935301 -1.325164 -7.858001 1.700015
1769098279.053155 -1.327665 -7.840272 1.705364
1769098279.135946 -1.328888 -7.832291 1.707275
1769098279.253233 -1.330395 -7.822991 1.705714
1769098279.336597 -1.332691 -7.807215 1.701668
1769098279.453164 -1.334761 -7.793001 1.700239
1769098279.537222 -1.335505 -7.787823 1.706192
1769098279.653165 -1.338070 -7.769825 1.711100
1769098279.737807 -1.339622 -7.759352 1.711780
1769098279.853149 -1.340743 -7.751956 1.713452
1769098279.938491 -1.343155 -7.735848 1.712447
1769098280.053201 -1.345275 -7.721854 1.716351
1769098280.139206 -1.346083 -7.716894 1.717148
1769098280.253176 -1.348842 -7.699029 1.717550
1769098280.339905 -1.350499 -7.688411 1.712725
1769098280.453179 -1.351670 -7.681330 1.708801
1769098280.540495 -1.354112 -7.664481 1.708226
1769098280.653178 -1.333510 -7.667730 1.699923
1769098280.741179 -1.316877 -7.671425 1.694811
1769098280.853178 -1.318071 -7.663499 1.698191
1769098280.941796 -1.320329 -7.647124 1.697192
1769098281.053188 -1.322285 -7.633349 1.694384
1769098281.142488 -1.323158 -7.628109 1.690198
1769098281.253246 -1.325562 -7.610380 1.692817
1769098281.343120 -1.327036 -7.600059 1.697223
1769098281.453195 -1.328214 -7.592346 1.698518
1769098281.543911 -1.330477 -7.575696 1.700645
1769098281.653197 -1.332403 -7.562123 1.705326
1769098281.744544 -1.333908 -7.552090 1.707096
1769098281.853242 -1.335062 -7.545116 1.708024
1769098281.945103 -1.337586 -7.528105 1.705323
1769098282.053203 -1.339576 -7.514761 1.701435
1769098282.145854 -1.340366 -7.509636 1.703471
1769098282.253186 -1.342879 -7.491506 1.707368
1769098282.349195 -1.344589 -7.479768 1.709627
1769098282.349195 -1.344589 -7.479768 1.709627
1769098282.349195 -1.344589 -7.479768 1.709627
1769098282.653208 -1.349917 -7.443800 1.706709
1769098282.747835 -1.350704 -7.438769 1.707944
1769098282.853216 -1.353236 -7.421151 1.711509
1769098282.948529 -1.355001 -7.409305 1.711592
1769098283.053215 -1.355938 -7.403479 1.708538
1769098283.149148 -1.358426 -7.386097 1.705720
1769098283.253225 -1.360339 -7.372966 1.706650
1769098283.349819 -1.362055 -7.361419 1.709413
1769098283.453211 -1.363707 -7.350623 1.715692
1769098283.550359 -1.365603 -7.338450 1.715620
1769098283.653216 -1.367544 -7.325969 1.711534
1769098283.751047 -1.368412 -7.320856 1.708728
1769098283.853255 -1.370996 -7.303071 1.708723
1769098283.951706 -1.372848 -7.290526 1.713289
1769098284.053245 -1.373714 -7.285024 1.713486
1769098284.152421 -1.376335 -7.267219 1.711573
1769098284.253238 -1.378149 -7.254839 1.712432
1769098284.353104 -1.378926 -7.249854 1.712599
1769098284.453243 -1.381520 -7.232285 1.714902
1769098284.553371 -1.383400 -7.219934 1.715219
1769098284.653248 -1.384934 -7.209718 1.714277
1769098284.753249 -1.386814 -7.196801 1.713044
1769098284.853247 -1.388661 -7.183976 1.711143
1769098284.953261 -1.389413 -7.178792 1.711206
1769098285.055468 -1.392012 -7.161021 1.713206
1769098285.153260 -1.393875 -7.148694 1.713748
1769098285.253258 -1.394670 -7.143693 1.715656
1769098285.353255 -1.397276 -7.126063 1.715619
1769098285.453261 -1.384664 -7.084402 1.715149
1769098285.553267 -1.370473 -7.049395 1.716145
1769098285.653273 -1.372525 -7.030527 1.713925
1769098285.753249 -1.374438 -7.017569 1.708441
1769098285.853267 -1.376276 -7.004979 1.704368
1769098285.953268 -1.377021 -7.000003 1.708211
1769098286.053308 -1.379540 -6.982410 1.713740
1769098286.153248 -1.380306 -6.977431 1.717020
1769098286.253279 -1.382957 -6.959868 1.714900
1769098286.353276 -1.384859 -6.947098 1.712991
1769098286.453264 -1.386343 -6.936812 1.715733
1769098286.553269 -1.387424 -6.929403 1.716173
1769098286.653275 -1.390075 -6.911285 1.722214
1769098286.753266 -1.391960 -6.898668 1.729278
1769098286.853255 -1.393536 -6.888616 1.727881
1769098286.953254 -1.395536 -6.876186 1.724884
1769098287.053277 -1.397507 -6.863920 1.721005
1769098287.153290 -1.399092 -6.854071 1.724366
1769098287.253280 -1.401146 -6.841343 1.724016
1769098287.353326 -1.403171 -6.828715 1.721109
1769098287.453280 -1.404044 -6.823565 1.718037
1769098287.553284 -1.406783 -6.805826 1.717101
1769098287.653289 -1.408760 -6.793196 1.721711
1769098287.753364 -1.410735 -6.780948 1.726957
1769098287.853305 -1.411592 -6.775952 1.728195
1769098287.953327 -1.414355 -6.758904 1.726641
1769098288.053312 -1.416359 -6.746453 1.724391
1769098288.153311 -1.417194 -6.741455 1.723809
1769098288.253291 -1.420066 -6.723426 1.724388
1769098288.353282 -1.422167 -6.710549 1.721597
1769098288.453279 -1.423825 -6.700404 1.722934
1769098288.553303 -1.425798 -6.688090 1.728681
1769098288.653287 -1.427869 -6.675579 1.732821
1769098288.753301 -1.429603 -6.665541 1.732488
1769098288.853306 -1.430955 -6.658223 1.727978
1769098288.953318 -1.433937 -6.640459 1.724748
1769098289.053311 -1.436052 -6.627695 1.725155
1769098289.153314 -1.437006 -6.622527 1.722757
1769098289.253327 -1.439823 -6.604908 1.726164
1769098289.353304 -1.441919 -6.592293 1.729467
1769098289.453321 -1.442807 -6.587553 1.729050
1769098289.553342 -1.444895 -6.575267 1.729322
1769098289.653319 -1.447722 -6.558305 1.729434
1769098289.753331 -1.449747 -6.546194 1.731683
1769098289.853311 -1.451470 -6.535934 1.735369
1769098289.953872 -1.452750 -6.528471 1.735550
1769098290.053345 -1.455694 -6.511023 1.731988
1769098290.153343 -1.457815 -6.498239 1.732137
1769098290.253326 -1.447625 -6.502331 1.733801
1769098290.353333 -1.433434 -6.517205 1.737307
1769098290.453334 -1.433487 -6.503746 1.740549
1769098290.553329 -1.435619 -6.491451 1.741395
1769098290.653310 -1.437326 -6.481597 1.737668
1769098290.753311 -1.439504 -6.468894 1.732671
1769098290.853348 -1.441683 -6.455954 1.727207
1769098290.953339 -1.443439 -6.445593 1.729916
1769098291.053335 -1.445552 -6.433061 1.732849
1769098291.153382 -1.447663 -6.420554 1.734581
1769098291.253373 -1.448556 -6.415490 1.734320
1769098291.353354 -1.451503 -6.398065 1.735244
1769098291.453345 -1.453683 -6.385439 1.737030
1769098291.553342 -1.454632 -6.380355 1.735764
1769098291.653335 -1.457707 -6.362438 1.733948
1769098291.753347 -1.459878 -6.349611 1.735913
1769098291.853346 -1.461633 -6.339279 1.735436
1769098291.953412 -1.463809 -6.326578 1.738033
1769098292.053396 -1.464677 -6.321568 1.746049
1769098292.153367 -1.467837 -6.304052 1.747232
1769098292.253423 -1.470097 -6.291573 1.747353
1769098292.353361 -1.471897 -6.281532 1.746501
1769098292.453345 -1.474154 -6.268822 1.745165
1769098292.553374 -1.476425 -6.255984 1.744176
1769098292.653346 -1.478262 -6.245691 1.742978
1769098292.753397 -1.480529 -6.232903 1.740419
1769098292.853388 -1.482691 -6.220509 1.742739
1769098292.953348 -1.484445 -6.210486 1.746999
1769098293.053447 -1.486611 -6.198327 1.750476
1769098293.153379 -1.488897 -6.185802 1.751425
1769098293.253362 -1.489805 -6.180873 1.750609
1769098293.353370 -1.492117 -6.168173 1.747669
1769098293.453391 -1.495217 -6.150752 1.743122
1769098293.553390 -1.497455 -6.138114 1.743919
1769098293.653392 -1.499215 -6.128246 1.751368
1769098293.753379 -1.501532 -6.115650 1.756199
1769098293.853390 -1.503827 -6.103513 1.757465
1769098293.953413 -1.505768 -6.093470 1.752674
1769098294.053439 -1.507230 -6.086064 1.749646
1769098294.153409 -1.510443 -6.068739 1.752027
1769098294.253366 -1.512778 -6.056299 1.754582
1769098294.353387 -1.514651 -6.046245 1.753941
1769098294.453402 -1.517036 -6.033352 1.752492
1769098294.553405 -1.519365 -6.020732 1.750127
1769098294.653384 -1.521223 -6.010752 1.754418
1769098294.753394 -1.522577 -6.003510 1.760654
1769098294.853455 -1.525891 -5.986338 1.761151
1769098294.953408 -1.528289 -5.973860 1.759842
1769098295.053409 -1.530363 -5.964459 1.751220
1769098295.153400 -1.531785 -5.951224 1.738710
1769098295.253439 -1.533221 -5.938317 1.736796
1769098295.353430 -1.534858 -5.928505 1.737577
1769098295.453396 -1.536953 -5.915920 1.739749
1769098295.553417 -1.539053 -5.903414 1.742689
1769098295.653417 -1.541143 -5.891090 1.748669
1769098295.753484 -1.541952 -5.886124 1.749294
1769098295.853417 -1.545107 -5.868438 1.746779
1769098295.953436 -1.546893 -5.858245 1.742503
1769098296.053427 -1.548135 -5.850805 1.744023
1769098296.153442 -1.551151 -5.833012 1.746980
1769098296.253410 -1.553220 -5.820763 1.748354
1769098296.353411 -1.555296 -5.808516 1.745419
1769098296.453416 -1.556134 -5.803507 1.735010
1769098296.553418 -1.558879 -5.786491 1.723653
1769098296.653432 -1.560749 -5.773899 1.711927
1769098296.755864 -1.562126 -5.763872 1.698313
1769098296.853427 -1.563119 -5.756295 1.689387
1769098296.953420 -1.565201 -5.738544 1.679590
1769098297.053425 -1.566584 -5.725580 1.669581
1769098297.153442 -1.567577 -5.715659 1.659386
1769098297.253429 -1.568721 -5.703053 1.653447
1769098297.353433 -1.569802 -5.690547 1.647721
1769098297.453431 -1.570269 -5.685489 1.638262
1769098297.553441 -1.571493 -5.667332 1.625948
1769098297.653431 -1.572187 -5.654394 1.614073
1769098297.753438 -1.572484 -5.649200 1.599315
1769098297.853428 -1.573004 -5.631436 1.591137
1769098297.953445 -1.573269 -5.618556 1.586848
1769098298.053521 -1.573348 -5.613723 1.584069
1769098298.153439 -1.573521 -5.595721 1.577501
1769098298.253440 -1.573521 -5.583314 1.568066
1769098298.353450 -1.573498 -5.578355 1.558600
1769098298.453454 -1.573189 -5.560454 1.548130
1769098298.553449 -1.572793 -5.547619 1.539422
1769098298.653446 -1.572331 -5.536983 1.533973
1769098298.753430 -1.571695 -5.524018 1.530307
1769098298.853452 -1.571017 -5.511433 1.526777
1769098298.953450 -1.570418 -5.501758 1.520451
1769098299.053460 -1.569910 -5.494465 1.514662
1769098299.153487 -1.569040 -5.481865 1.505266
1769098299.253494 -1.567648 -5.463921 1.492990
1769098299.353454 -1.566452 -5.451272 1.482326
1769098299.453496 -1.565881 -5.446343 1.471646
1769098299.553452 -1.563924 -5.428654 1.459171
1769098299.602987 -1.563892 -5.428648 1.452370
1769098299.753487 -1.561643 -5.411226 1.444377
1769098299.803569 -1.559976 -5.398645 1.441908
1769098299.953489 -1.531245 -5.370265 1.428559
1769098300.004223 -1.522282 -5.366280 1.423906
1769098300.153477 -1.519505 -5.348707 1.418378
1769098300.204877 -1.517484 -5.335985 1.417004
1769098300.353473 -1.514543 -5.318430 1.417088
1769098300.405602 -1.513650 -5.313162 1.420016
1769098300.553474 -1.511540 -5.300833 1.424782
1769098300.606233 -1.509603 -5.288286 1.423606
1769098300.753483 -1.506809 -5.271022 1.418749
1769098300.806896 -1.506001 -5.266263 1.418162
1769098300.953490 -1.503031 -5.248499 1.419156
1769098301.007662 -1.502763 -5.247428 1.421143
1769098301.153489 -1.499903 -5.230407 1.409409
1769098301.208327 -1.497755 -5.217687 1.405059
1769098301.353485 -1.494701 -5.200589 1.401885
1769098301.408921 -1.494412 -5.199266 1.404298
1769098301.553483 -1.490823 -5.178838 1.408092
1769098301.609551 -1.489541 -5.171518 1.408438
1769098301.753496 -1.486407 -5.153929 1.404227
1769098301.810292 -1.486041 -5.152214 1.399314
1769098301.953471 -1.483126 -5.136534 1.396330
1769098302.010981 -1.480639 -5.122896 1.396338
1769098302.153500 -1.477455 -5.105930 1.397683
1769098302.211658 -1.476370 -5.100246 1.399223
1769098302.353575 -1.474195 -5.089037 1.401467
1769098302.412309 -1.471848 -5.075739 1.399847
1769098302.553504 -1.468770 -5.058893 1.401392
1769098302.612986 -1.467833 -5.053744 1.397926
1769098302.753520 -1.464597 -5.036185 1.388244
1769098302.813643 -1.464086 -5.033635 1.384674
1769098302.953559 -1.461060 -5.018474 1.387459
1769098303.014378 -1.458418 -5.004674 1.388800
1769098303.153522 -1.455262 -4.988327 1.381022
1769098303.215130 -1.454277 -4.983385 1.382138
1769098303.353513 -1.450887 -4.966132 1.382693
1769098303.415787 -1.449566 -4.959523 1.381784
1769098303.553505 -1.445927 -4.941419 1.386212
1769098303.616458 -1.444626 -4.935018 1.383880
1769098303.753537 -1.441363 -4.919040 1.379210
1769098303.817063 -1.439910 -4.912057 1.377201
1769098303.953566 -1.436258 -4.894469 1.376929
1769098304.017708 -1.435196 -4.889650 1.382557
1769098304.153598 -1.432562 -4.877441 1.393626
1769098304.218288 -1.429924 -4.863757 1.393787
1769098304.353520 -1.426694 -4.847979 1.385682
1769098304.419028 -1.425621 -4.843136 1.383628
1769098304.553527 -1.421865 -4.825369 1.379621
1769098304.619771 -1.420890 -4.821239 1.379185
1769098304.753551 -1.416095 -4.828420 1.359921
1769098304.820432 -1.413402 -4.836134 1.344456
1769098304.953551 -1.409165 -4.819444 1.340177
1769098305.021219 -1.407964 -4.815088 1.339907
1769098305.153548 -1.404599 -4.801946 1.329489
1769098305.221734 -1.400939 -4.787512 1.327018
1769098305.353530 -1.396865 -4.772107 1.322166
1769098305.422322 -1.395472 -4.767067 1.321230
1769098305.553558 -1.390763 -4.749590 1.327538
1769098305.623031 -1.388668 -4.741713 1.333854
1769098305.753553 -1.384384 -4.724866 1.340239
1769098305.823577 -1.382698 -4.718016 1.348532
1769098305.953565 -1.379112 -4.702605 1.357308
1769098306.024269 -1.377967 -4.697705 1.362091
1769098306.153560 -1.374116 -4.679942 1.371929
1769098306.224911 -1.372345 -4.671456 1.377252
1769098306.353555 -1.370338 -4.662017 1.388363
1769098306.425581 -1.367512 -4.647146 1.392167
1769098306.553572 -1.364634 -4.631775 1.397169
1769098306.626317 -1.363347 -4.624642 1.405742
1769098306.753566 -1.361515 -4.614371 1.421482
1769098306.826946 -1.359286 -4.599864 1.430367
1769098306.953574 -1.357134 -4.584970 1.439438
1769098307.027598 -1.356443 -4.580225 1.445639
1769098307.153582 -1.354713 -4.567491 1.454793
1769098307.228352 -1.352841 -4.552185 1.458780
1769098307.353571 -1.351010 -4.536996 1.469873
1769098307.429076 -1.350369 -4.531912 1.474786
1769098307.553584 -1.348575 -4.514578 1.490789
1769098307.629545 -1.347760 -4.505433 1.502165
1769098307.753587 -1.346907 -4.496365 1.515301
1769098307.830123 -1.345866 -4.479409 1.520486
1769098307.953592 -1.344914 -4.462830 1.523649
1769098308.030826 -1.344453 -4.454519 1.525926
1769098308.153670 -1.343860 -4.443910 1.532190
1769098308.231559 -1.343139 -4.426866 1.538990
1769098308.353594 -1.342540 -4.410686 1.550417
1769098308.432162 -1.342311 -4.405300 1.557848
1769098308.553676 -1.341953 -4.386428 1.570743
1769098308.632807 -1.341890 -4.376117 1.575932
1769098308.753599 -1.341894 -4.358919 1.584597
1769098308.833508 -1.341893 -4.353464 1.587058
1769098308.953610 -1.342126 -4.334162 1.589924
1769098309.034275 -1.342223 -4.325511 1.596300
1769098309.153685 -1.500848 -4.485229 1.705983
1769098309.234950 -1.582250 -4.558554 1.782453
1769098309.353605 -1.585491 -4.543015 1.795185
1769098309.435494 -1.586582 -4.537628 1.798530
1769098309.553599 -1.589526 -4.524175 1.805684
1769098309.636270 -1.593540 -4.507101 1.811289
1769098309.753665 -1.595191 -4.499806 1.816689
1769098309.836854 -1.599454 -4.482384 1.815249
1769098309.953662 -1.603172 -4.466773 1.812941
1769098310.037592 -1.604382 -4.461407 1.812228
1769098310.153626 -1.608903 -4.442555 1.817128
1769098310.238268 -1.611107 -4.433424 1.819975
1769098310.353643 -1.613305 -4.424189 1.819841
1769098310.438913 -1.617564 -4.406920 1.818265
1769098310.553621 -1.621293 -4.391482 1.815368
1769098310.639570 -1.623541 -4.382041 1.813150
1769098310.753632 -1.625662 -4.372964 1.813216
1769098310.840194 -1.629850 -4.355612 1.812079
1769098310.953685 -1.633326 -4.341006 1.805708
1769098311.040853 -1.635578 -4.331421 1.803989
1769098311.153728 -1.637584 -4.322771 1.805637
1769098311.241563 -1.641669 -4.305559 1.803848
1769098311.353622 -1.645136 -4.290672 1.799760
1769098311.442245 -1.646399 -4.285144 1.796552
1769098311.553623 -1.649515 -4.271500 1.793466
1769098311.642895 -1.653488 -4.253976 1.795820
1769098311.753647 -1.656785 -4.239598 1.799573
1769098311.843566 -1.657974 -4.234321 1.801615
1769098311.953671 -1.662254 -4.215886 1.802071
1769098312.044210 -1.665010 -4.203955 1.802530
1769098312.153674 -1.666550 -4.197125 1.801652
1769098312.244854 -1.669732 -4.183395 1.800392
1769098312.353625 -1.674015 -4.164657 1.798835
1769098312.445594 -1.676601 -4.153266 1.794305
1769098312.553715 -1.678273 -4.145698 1.794832
1769098312.646201 -1.682352 -4.127645 1.797808
1769098312.753651 -1.685585 -4.113420 1.798305
1769098312.846903 -1.686779 -4.108037 1.794901
1769098312.953656 -1.691121 -4.088658 1.793463
1769098313.047612 -1.692312 -4.083171 1.792147
1769098313.153652 -1.695368 -4.069262 1.793497
1769098313.248248 -1.699428 -4.051054 1.791699
1769098313.353644 -1.702384 -4.037591 1.791371
1769098313.448903 -1.703502 -4.032273 1.793577
1769098313.553760 -1.691990 -4.039305 1.793471
1769098313.649543 -1.680278 -4.050790 1.791177
1769098313.753660 -1.681666 -4.044281 1.789541
1769098313.850199 -1.685744 -4.025496 1.786603
1769098313.953727 -1.688718 -4.011559 1.781739
1769098314.050954 -1.691413 -3.998924 1.779091
1769098314.153656 -1.693879 -3.987397 1.782304
1769098314.251449 -1.696678 -3.974404 1.782388
1769098314.353655 -1.699581 -3.960844 1.781984
1769098314.452207 -1.700651 -3.955743 1.780848
1769098314.553721 -1.704736 -3.936430 1.779838
1769098314.652841 -1.707586 -3.922904 1.777740
1769098314.756232 -1.708769 -3.917235 1.774641
1769098314.853497 -1.712718 -3.898037 1.773748
1769098314.953645 -1.715417 -3.884882 1.774782
1769098315.053675 -1.716533 -3.879479 1.777052
1769098315.153658 -1.720470 -3.860753 1.779202
1769098315.253644 -1.723338 -3.847157 1.778932
1769098315.353682 -1.726174 -3.833684 1.776143
1769098315.453703 -1.727289 -3.828203 1.776076
1769098315.553686 -1.731219 -3.809117 1.775692
1769098315.653683 -1.733969 -3.795834 1.773335
1769098315.753690 -1.736167 -3.785073 1.774287
1769098315.853743 -1.737733 -3.777360 1.773582
1769098315.953710 -1.741506 -3.758836 1.771415
1769098316.053725 -1.744237 -3.745238 1.770564
1769098316.153695 -1.746397 -3.734547 1.770339
1769098316.253705 -1.748064 -3.726259 1.768855
1769098316.353696 -1.750739 -3.712959 1.765166
1769098316.453770 -1.754432 -3.694129 1.768333
1769098316.553704 -1.757022 -3.681122 1.775914
1769098316.653707 -1.759224 -3.670390 1.778711
1769098316.753737 -1.762005 -3.656959 1.778850
1769098316.853730 -1.764814 -3.643275 1.778331
1769098316.953720 -1.765881 -3.637839 1.777102
1769098317.053723 -1.769866 -3.618354 1.775433
1769098317.153708 -1.772621 -3.604685 1.773334
1769098317.253783 -1.773657 -3.599265 1.777458
1769098317.353728 -1.777575 -3.580230 1.775485
1769098317.453710 -1.780309 -3.566817 1.773494
1769098317.553735 -1.781381 -3.561405 1.775234
1769098317.653726 -1.785318 -3.542241 1.777778
1769098317.753757 -1.786385 -3.536880 1.778868
1769098317.853783 -1.790435 -3.517273 1.775158
1769098317.953782 -1.779744 -3.503454 1.774930
1769098318.053791 -1.765870 -3.497943 1.774926
1769098318.153730 -1.767036 -3.484503 1.777699
1769098318.253723 -1.770793 -3.466519 1.777439
1769098318.353747 -1.773612 -3.452940 1.776411
1769098318.453726 -1.775890 -3.441912 1.775216
1769098318.553728 -1.777480 -3.434021 1.777123
1769098318.653729 -1.781384 -3.415136 1.775854
1769098318.753737 -1.784122 -3.401721 1.771289
1769098318.853712 -1.786285 -3.390979 1.769305
1769098318.953755 -1.787781 -3.383275 1.772557
1769098319.053740 -1.791571 -3.364395 1.775506
1769098319.153760 -1.794233 -3.351227 1.774030
1769098319.253746 -1.795297 -3.345764 1.771579
1769098319.353736 -1.799097 -3.326676 1.766685
1769098319.453748 -1.801788 -3.312736 1.764082
1769098319.553731 -1.802830 -3.307139 1.763007
1769098319.653739 -1.805411 -3.293695 1.761826
1769098319.753784 -1.808973 -3.275077 1.760809
1769098319.853753 -1.811433 -3.262124 1.760915
1769098319.953779 -1.812423 -3.256773 1.761314
1769098320.053756 -1.816083 -3.237582 1.762785
1769098320.153754 -1.818692 -3.223911 1.760972
1769098320.253752 -1.821270 -3.210311 1.754887
1769098320.353754 -1.823290 -3.199148 1.754544
1769098320.453758 -1.825833 -3.185364 1.752622
1769098320.553762 -1.828269 -3.172127 1.751265
1769098320.653761 -1.829278 -3.166756 1.751916
1769098320.753778 -1.831787 -3.153296 1.750659
1769098320.853765 -1.835299 -3.134070 1.750381
1769098320.953762 -1.836324 -3.128495 1.749073
1769098321.053851 -1.839801 -3.109317 1.750352
1769098321.153769 -1.842311 -3.095571 1.750538
1769098321.253766 -1.843327 -3.090099 1.747709
1769098321.353772 -1.846772 -3.071068 1.749392
1769098321.453776 -1.849263 -3.057527 1.752522
1769098321.553795 -1.851239 -3.047112 1.753501
1769098321.653817 -1.852676 -3.039393 1.757119
1769098321.753793 -1.856237 -3.020363 1.753360
1769098321.853814 -1.858674 -3.006966 1.748824
1769098321.953842 -1.861101 -2.993440 1.746538
1769098322.053782 -1.862045 -2.987893 1.752539
1769098322.153781 -1.865467 -2.969070 1.754753
1769098322.253786 -1.867849 -2.955921 1.753532
1769098322.353788 -1.861216 -2.954526 1.751238
1769098322.453794 -1.853698 -2.945728 1.750235
1769098322.553790 -1.854640 -2.927746 1.750420
1769098322.653782 -1.857011 -2.914414 1.748743
1769098322.753792 -1.857962 -2.908930 1.745209
1769098322.853803 -1.861336 -2.889527 1.743645
1769098322.953797 -1.863683 -2.875960 1.745702
1769098323.053798 -1.864598 -2.870518 1.748231
1769098323.153878 -1.867965 -2.851559 1.747876
1769098323.253815 -1.870344 -2.837919 1.745928
1769098323.353805 -1.871276 -2.832326 1.744719
1769098323.453811 -1.874638 -2.812663 1.743519
1769098323.553868 -1.876963 -2.798887 1.743094
1769098323.653846 -1.877851 -2.793648 1.741567
1769098323.756482 -1.881006 -2.775084 1.740991
1769098323.853824 -1.883278 -2.761584 1.737963
1769098323.953867 -1.884145 -2.756132 1.740641
1769098324.053828 -1.886413 -2.742525 1.740637
1769098324.153815 -1.889644 -2.723437 1.736693
1769098324.253818 -1.891869 -2.709745 1.732745
1769098324.353811 -1.892759 -2.704174 1.728710
1769098324.453818 -1.895825 -2.684721 1.729350
1769098324.553817 -1.897971 -2.671198 1.732706
1769098324.653818 -1.898849 -2.665832 1.730870
1769098324.753834 -1.901842 -2.647089 1.728089
1769098324.853836 -1.903953 -2.633484 1.724881
1769098324.953829 -1.904801 -2.627930 1.723579
1769098325.053832 -1.907802 -2.608264 1.722262
1769098325.153837 -1.909882 -2.594475 1.718695
1769098325.253834 -1.911516 -2.583617 1.714781
1769098325.353830 -1.913496 -2.570045 1.712648
1769098325.453926 -1.915474 -2.556401 1.709717
1769098325.553848 -1.917378 -2.543309 1.707564
1769098325.653860 -1.918262 -2.537716 1.703979
1769098325.753855 -1.920897 -2.518587 1.700316
1769098325.853840 -1.922812 -2.504498 1.695576
1769098325.953905 -1.923557 -2.499162 1.695712
1769098326.053912 -1.926032 -2.480064 1.698069
1769098326.153844 -1.927847 -2.466549 1.697286
1769098326.253845 -1.929322 -2.455619 1.696331
1769098326.353865 -1.931139 -2.441846 1.695882
1769098326.453857 -1.932951 -2.427973 1.694586
1769098326.553848 -1.933684 -2.422453 1.697386
1769098326.653841 -1.936192 -2.403105 1.693420
1769098326.753855 -1.925943 -2.395454 1.693426
1769098326.853846 -1.907733 -2.394216 1.698768
1769098326.953937 -1.901707 -2.384673 1.703646
1769098327.053857 -1.903542 -2.371158 1.703699
1769098327.153877 -1.905052 -2.360152 1.701843
1769098327.253868 -1.906157 -2.352208 1.699089
1769098327.353872 -1.908719 -2.332660 1.696374
1769098327.453873 -1.910533 -2.318709 1.694156
1769098327.553864 -1.911223 -2.313466 1.696305
1769098327.653868 -1.913688 -2.294186 1.695123
1769098327.753903 -1.915395 -2.280833 1.693056
1769098327.853871 -1.916786 -2.269785 1.693705
1769098327.953913 -1.918516 -2.256024 1.694568
1769098328.053903 -1.920253 -2.242292 1.691717
1769098328.153879 -1.920964 -2.236849 1.690239
1769098328.253877 -1.923302 -2.217398 1.686250
1769098328.353945 -1.924928 -2.203448 1.682752
1769098328.453879 -1.925544 -2.197862 1.689143
1769098328.553881 -1.927812 -2.178631 1.691678
1769098328.653922 -1.929426 -2.165083 1.689854
1769098328.753899 -1.930054 -2.159600 1.688377
1769098328.853893 -1.932296 -2.140187 1.686980
1769098328.953896 -1.933911 -2.125950 1.686732
1769098329.053886 -1.934505 -2.120385 1.688093
1769098329.153926 -1.936702 -2.101093 1.684152
1769098329.253888 -1.938191 -2.087325 1.682867
1769098329.353890 -1.938748 -2.081806 1.684239
1769098329.453897 -1.940186 -2.068439 1.686789
1769098329.553905 -1.942353 -2.049398 1.685397
1769098329.653898 -1.943827 -2.035960 1.682597
1769098329.753898 -1.944412 -2.030344 1.680141
1769098329.853919 -1.946490 -2.010502 1.678621
1769098329.903318 -1.946461 -2.010497 1.676412
1769098330.053944 -1.948361 -1.991222 1.681874
1769098330.103956 -1.949824 -1.977523 1.682325
1769098330.253906 -1.951766 -1.958379 1.679906
1769098330.304657 -1.952297 -1.952858 1.680315
1769098330.453920 -1.954208 -1.933476 1.680918
1769098330.505351 -1.954173 -1.933061 1.681346
1769098330.653932 -1.956077 -1.913807 1.678621
1769098330.708666 -1.957550 -1.899247 1.676521
1769098330.708666 -1.957550 -1.899247 1.676521
1769098330.708666 -1.957550 -1.899247 1.676521
1769098331.053918 -1.961586 -1.856177 1.678540
1769098331.107134 -1.962161 -1.850272 1.677836
1769098331.253951 -1.948726 -1.875771 1.651180
1769098331.307794 -1.942940 -1.882627 1.643018
1769098331.453929 -1.944132 -1.863180 1.637156
1769098331.508508 -1.944432 -1.857566 1.639923
1769098331.653931 -1.945132 -1.843958 1.646181
1769098331.709116 -1.946068 -1.829825 1.647697
1769098331.853968 -1.947159 -1.811398 1.642420
1769098331.909814 -1.947452 -1.805807 1.643257
1769098332.053964 -1.948217 -1.791866 1.640375
1769098332.110534 -1.948637 -1.784472 1.639516
1769098332.253938 -1.949620 -1.766553 1.633595
1769098332.311093 -1.950459 -1.751576 1.633187
1769098332.453947 -1.951356 -1.733450 1.634269
1769098332.511716 -1.951627 -1.727959 1.634307
1769098332.653955 -1.952667 -1.708892 1.633902
1769098332.712357 -1.952742 -1.706573 1.634162
1769098332.853963 -1.953616 -1.689490 1.634353
1769098332.916389 -1.954503 -1.673928 1.634197
1769098332.916389 -1.954503 -1.673928 1.634197
1769098332.916389 -1.954503 -1.673928 1.634197
1769098333.253974 -1.956592 -1.630765 1.630883
1769098333.314445 -1.956670 -1.627865 1.628267
1769098333.453956 -1.957810 -1.603689 1.617310
1769098333.515106 -1.957954 -1.598471 1.614231
1769098333.653977 -1.958442 -1.578920 1.598137
1769098333.715842 -1.958438 -1.575551 1.586485
1769098333.853964 -1.958459 -1.558919 1.572569
1769098333.916495 -1.958355 -1.543395 1.567689
1769098334.053994 -1.958032 -1.525663 1.550289
1769098334.117034 -1.957879 -1.520193 1.546129
1769098334.253982 -1.957242 -1.501261 1.534311
1769098334.317668 -1.956868 -1.493416 1.527820
1769098334.454002 -1.956272 -1.481708 1.511210
1769098334.518405 -1.955271 -1.465985 1.503157
1769098334.653998 -1.953844 -1.447803 1.490939
1769098334.719023 -1.953383 -1.442268 1.481926
1769098334.853991 -1.951570 -1.423155 1.473836
1769098334.919694 -1.951130 -1.418866 1.475947
1769098335.053978 -1.949672 -1.403905 1.466775
1769098335.120254 -1.947969 -1.388114 1.458751
1769098335.254009 -1.945792 -1.370388 1.438164
1769098335.320930 -1.945016 -1.364769 1.433354
1769098335.453991 -1.942205 -1.345403 1.421298
1769098335.521570 -1.941464 -1.340519 1.413281
1769098335.654011 -1.932830 -1.312839 1.410412
1769098335.722207 -1.927055 -1.290719 1.406899
1769098335.853993 -1.924633 -1.276351 1.393766
1769098335.922796 -1.922772 -1.266048 1.385087
1769098336.054039 -1.919338 -1.248488 1.375473
1769098336.123542 -1.918195 -1.242909 1.365657
1769098336.253995 -1.914030 -1.223770 1.354787
1769098336.324269 -1.912807 -1.218392 1.351713
1769098336.454018 -1.908550 -1.199743 1.339601
1769098336.524945 -1.906084 -1.189312 1.331403
1769098336.654018 -1.901906 -1.172448 1.320646
1769098336.725578 -1.900500 -1.167000 1.314676
1769098336.854034 -1.895456 -1.148333 1.299444
1769098336.926184 -1.892872 -1.139359 1.292018
1769098337.054006 -1.889930 -1.129430 1.284638
1769098337.126836 -1.885236 -1.113779 1.280267
1769098337.254075 -1.880318 -1.097774 1.266604
1769098337.327483 -1.877890 -1.090174 1.258785
1769098337.454031 -1.872710 -1.074476 1.242350
1769098337.528182 -1.869528 -1.065324 1.235307
1769098337.654035 -1.863385 -1.048180 1.227901
1769098337.728807 -1.861471 -1.043019 1.221812
1769098337.854059 -1.854756 -1.025156 1.210862
1769098337.929475 -1.851342 -1.016389 1.203387
1769098338.054046 -1.847821 -1.007451 1.191423
1769098338.130127 -1.842620 -0.994426 1.181805
1769098338.254053 -1.835198 -0.976451 1.167020
1769098338.330855 -1.832288 -0.969604 1.159196
1769098338.454046 -1.827420 -0.958507 1.150776
1769098338.531402 -1.820443 -0.943205 1.146817
1769098338.654108 -1.813858 -0.929060 1.138961
1769098338.731982 -1.810591 -0.922175 1.132195
1769098338.854057 -1.803144 -0.906634 1.116222
1769098338.932703 -1.798464 -0.897230 1.105051
1769098339.054051 -1.790551 -0.881759 1.087144
1769098339.133355 -1.788112 -0.877052 1.079792
1769098339.254067 -1.778737 -0.859688 1.070124
1769098339.334018 -1.774718 -0.852398 1.065177
1769098339.454064 -1.769366 -0.842708 1.052854
1769098339.534777 -1.760913 -0.827974 1.045971
1769098339.654064 -1.752806 -0.814117 1.035667
1769098339.735390 -1.749885 -0.809068 1.023970
1769098339.854066 -1.739467 -0.792085 1.012713
1769098339.936085 -1.734751 -0.784537 1.006541
1769098340.054087 -1.717281 -0.775731 1.000263
1769098340.136686 -1.699875 -0.761829 0.994308
1769098340.254061 -1.691063 -0.748618 0.982850
1769098340.337218 -1.687834 -0.743901 0.976364
1769098340.454077 -1.676761 -0.727870 0.961695
1769098340.538000 -1.671251 -0.720115 0.948674
1769098340.654081 -1.665293 -0.711823 0.936532
1769098340.738579 -1.654531 -0.697408 0.930145
1769098340.854094 -1.645043 -0.684942 0.924870
1769098340.939261 -1.641645 -0.680504 0.915526
1769098341.054072 -1.629801 -0.665416 0.902349
1769098341.139972 -1.623493 -0.657640 0.893464
1769098341.254092 -1.617318 -0.650077 0.877736
1769098341.340623 -1.605425 -0.636040 0.871813
1769098341.454091 -1.597109 -0.626344 0.861532
1769098341.541234 -1.591839 -0.620227 0.851979
1769098341.654107 -1.579331 -0.606114 0.839650
1769098341.741999 -1.571551 -0.597509 0.829057
1769098341.854101 -1.560929 -0.586062 0.817794
1769098341.942598 -1.554072 -0.578784 0.807835
1769098342.054111 -1.543396 -0.567729 0.789206
1769098342.143198 -1.535897 -0.560209 0.775800
1769098342.254104 -1.526107 -0.550656 0.768778
1769098342.344041 -1.520108 -0.544745 0.760785
1769098342.454113 -1.506371 -0.531634 0.749965
1769098342.544632 -1.499056 -0.524759 0.737423
1769098342.654111 -1.487940 -0.514678 0.721725
1769098342.745342 -1.478493 -0.506399 0.710208
1769098342.854089 -1.473140 -0.501772 0.703940
1769098342.946068 -1.458724 -0.489595 0.694665
1769098343.054118 -1.447298 -0.480135 0.688786
1769098343.146511 -1.443104 -0.476502 0.678100
1769098343.254119 -1.428372 -0.464632 0.670498
1769098343.347217 -1.419123 -0.457208 0.661732
1769098343.454129 -1.413274 -0.452450 0.651287
1769098343.547905 -1.397973 -0.440869 0.641493
1769098343.654123 -1.386112 -0.432076 0.626538
1769098343.748603 -1.381675 -0.428771 0.618801
1769098343.854157 -1.366041 -0.417717 0.611029
1769098343.949228 -1.355971 -0.410638 0.603524
1769098344.054157 -1.350628 -0.406819 0.597173
1769098344.149890 -1.339134 -0.398863 0.585227
1769098344.254138 -1.323116 -0.388331 0.573537
1769098344.350651 -1.318808 -0.385441 0.564540
1769098344.454142 -1.306624 -0.387942 0.553378
1769098344.551219 -1.290577 -0.387660 0.547393
1769098344.654130 -1.280495 -0.381453 0.539734
1769098344.751829 -1.273660 -0.377116 0.528904
1769098344.854140 -1.257236 -0.367459 0.516991
1769098344.952519 -1.252411 -0.364565 0.510458
1769098345.054212 -1.240008 -0.357589 0.501944
1769098345.153172 -1.222773 -0.348226 0.490359
1769098345.254159 -1.212871 -0.342989 0.483150
1769098345.353870 -1.200647 -0.336600 0.471674
1769098345.454153 -1.188964 -0.330679 0.463885
1769098345.554166 -1.176460 -0.324419 0.456034
1769098345.654171 -1.171570 -0.321979 0.453230
1769098345.754164 -1.153934 -0.313455 0.441487
1769098345.854213 -1.141043 -0.307425 0.427020
1769098345.954179 -1.130772 -0.302792 0.416701
1769098346.054174 -1.118084 -0.297233 0.410302
1769098346.154166 -1.105784 -0.291883 0.404049
1769098346.254229 -1.100722 -0.289535 0.393604
1769098346.354190 -1.083018 -0.282316 0.386071
1769098346.454186 -1.070131 -0.277203 0.380560
1769098346.554179 -1.064868 -0.275007 0.371950
1769098346.654176 -1.046375 -0.267926 0.360438
1769098346.754180 -1.040994 -0.265921 0.355323
1769098346.854178 -1.022752 -0.259397 0.345176
1769098346.954166 -1.009780 -0.254872 0.336521
1769098347.054228 -1.004571 -0.252992 0.327974
1769098347.154191 -0.986121 -0.246793 0.316611
1769098347.254199 -0.972586 -0.242457 0.304327
1769098347.354168 -0.967169 -0.240571 0.289318
1769098347.454185 -0.948286 -0.235181 0.279696
1769098347.554177 -0.934994 -0.231446 0.271982
1769098347.654210 -0.929640 -0.229953 0.266272
1769098347.754196 -0.916184 -0.226249 0.256168
1769098347.854203 -0.898090 -0.221607 0.244674
1769098347.954198 -0.884749 -0.218360 0.233415
1769098348.054283 -0.879553 -0.216881 0.218594
1769098348.154206 -0.860284 -0.212675 0.206905
1769098348.254188 -0.846505 -0.209768 0.200342
1769098348.354208 -0.840952 -0.208593 0.201586
1769098348.454182 -0.822423 -0.204742 0.201344
1769098348.554202 -0.809242 -0.201956 0.198224
1769098348.654203 -0.798258 -0.199743 0.198776
1769098348.754233 -0.790204 -0.198140 0.197285
1769098348.854217 -0.801951 -0.212218 0.188913
1769098348.954280 -0.823113 -0.229834 0.181584
1769098349.054197 -0.821593 -0.231126 0.179967
1769098349.154204 -0.802335 -0.227622 0.178909
1769098349.254195 -0.788699 -0.225132 0.179011
1769098349.354221 -0.777800 -0.223139 0.177094
1769098349.454269 -0.764315 -0.220701 0.173934
1769098349.554223 -0.758796 -0.219763 0.172342
1769098349.654229 -0.744908 -0.217384 0.170733
1769098349.754246 -0.725818 -0.214162 0.167236
1769098349.854240 -0.711951 -0.211926 0.167402
1769098349.954226 -0.706501 -0.211170 0.171623
1769098350.054232 -0.687652 -0.207951 0.172055
1769098350.154221 -0.673805 -0.205597 0.171832
1769098350.254220 -0.668215 -0.204718 0.171012
1769098350.354258 -0.648809 -0.201473 0.166619
1769098350.454237 -0.634971 -0.199245 0.160306
1769098350.554269 -0.629337 -0.198442 0.157663
1769098350.654236 -0.609685 -0.195472 0.156592
1769098350.754215 -0.595824 -0.193395 0.158235
1769098350.854220 -0.584949 -0.191752 0.158027
1769098350.954246 -0.571479 -0.189663 0.157101
1769098351.054293 -0.566010 -0.188890 0.155984
1769098351.154234 -0.552073 -0.186857 0.154657
1769098351.254266 -0.532970 -0.184026 0.148843
1769098351.354248 -0.519184 -0.182155 0.144781
1769098351.454250 -0.513568 -0.181585 0.146701
1769098351.554237 -0.494518 -0.179019 0.148522
1769098351.654296 -0.480655 -0.177151 0.151105
1769098351.754316 -0.469601 -0.175639 0.151590
1769098351.854289 -0.455994 -0.173711 0.147532
1769098351.954266 -0.442243 -0.171849 0.143167
1769098352.054290 -0.436623 -0.171275 0.142265
1769098352.154256 -0.416809 -0.168764 0.139537
1769098352.254260 -0.402678 -0.167044 0.138416
1769098352.354279 -0.391648 -0.165767 0.138797
1769098352.454242 -0.378166 -0.164137 0.139877
1769098352.554262 -0.364565 -0.162497 0.141169
1769098352.654312 -0.358888 -0.161995 0.140841
1769098352.754278 -0.339115 -0.159412 0.135571
1769098352.854268 -0.325133 -0.157820 0.130640
1769098352.954273 -0.319409 -0.157269 0.125820
1769098353.054262 -0.300048 -0.155147 0.124068
1769098353.154281 -0.286000 -0.153712 0.126347
1769098353.254272 -0.287945 -0.161137 0.119139
1769098353.354334 -0.278480 -0.169388 0.103611
1769098353.454265 -0.267501 -0.170885 0.096746
1769098353.554296 -0.261861 -0.170505 0.092913
1769098353.654295 -0.242004 -0.168916 0.088097
1769098353.754311 -0.227747 -0.167937 0.084500
1769098353.854305 -0.221984 -0.167669 0.082692
1769098353.954309 -0.202755 -0.166188 0.079898
1769098354.054319 -0.189040 -0.165273 0.079746
1769098354.154281 -0.183439 -0.165020 0.080095
1769098354.254287 -0.163782 -0.163558 0.077183
1769098354.354300 -0.149952 -0.162704 0.074293
1769098354.454334 -0.138702 -0.161977 0.068305
1769098354.554287 -0.124525 -0.161226 0.064147
1769098354.654298 -0.118798 -0.161078 0.065396
1769098354.754284 -0.099084 -0.159901 0.062669
1769098354.854300 -0.085425 -0.159124 0.060694
1769098354.954298 -0.074466 -0.158550 0.059452
1769098355.054306 -0.060428 -0.157721 0.052420
1769098355.154315 -0.046188 -0.157027 0.047773
1769098355.254296 -0.034780 -0.156589 0.044991
1769098355.354290 -0.026215 -0.156204 0.038399
1769098355.454289 -0.007390 -0.155491 0.035476
1769098355.554290 0.006158 -0.155069 0.035992
1769098355.654289 0.011815 -0.154874 0.035217
1769098355.754313 0.031264 -0.154116 0.034079
1769098355.791055 0.031275 -0.154112 0.033488
1769098355.791055 0.031275 -0.154112 0.033488
1769098356.054330 0.070352 -0.152906 0.021183
1769098356.154328 0.084651 -0.152696 0.019140
1769098356.254366 0.090469 -0.152524 0.015518
1769098356.354300 0.109211 -0.152147 0.012529
1769098356.393066 0.109204 -0.152149 0.012871
1769098356.393066 0.109204 -0.152149 0.012871
1769098356.654308 0.147985 -0.151415 0.021004
1769098356.754314 0.162193 -0.151070 0.026277
1769098356.854337 0.167754 -0.151115 0.035454
1769098356.954326 0.187180 -0.150429 0.043686
1769098357.054332 0.200948 -0.149903 0.055949
1769098357.154337 0.214717 -0.149145 0.065902
1769098357.254340 0.219852 -0.149041 0.075349
1769098357.354320 0.238719 -0.147567 0.084399
1769098357.454395 0.252422 -0.146414 0.092608
1769098357.554338 0.266186 -0.145152 0.099764
1769098357.654335 0.262646 -0.150952 0.108558
1769098357.754359 0.266978 -0.159007 0.115018
1769098357.854368 0.274729 -0.161737 0.125142
1769098357.954442 0.280088 -0.161402 0.136230
1769098358.054346 0.299514 -0.158725 0.147740
1769098358.154353 0.313308 -0.156737 0.157593
1769098358.254353 0.318858 -0.155992 0.161526
1769098358.354357 0.337959 -0.152876 0.167471
1769098358.454373 0.343409 -0.152217 0.176756
1769098358.554369 0.357351 -0.149843 0.186446
1769098358.654359 0.376908 -0.146226 0.196166
1769098358.754364 0.390624 -0.143590 0.202678
1769098358.854367 0.395959 -0.142753 0.211735
1769098358.954366 0.414792 -0.138680 0.222037
1769098359.054363 0.427783 -0.135838 0.227460
1769098359.154369 0.432991 -0.134756 0.235479
1769098359.254440 0.452086 -0.130131 0.241791
1769098359.354355 0.465694 -0.126812 0.250635
1769098359.454380 0.470975 -0.125672 0.262425
1769098359.554357 0.489815 -0.120611 0.274322
1769098359.654359 0.503093 -0.116928 0.284416
1769098359.757269 0.508291 -0.115534 0.291550
1769098359.854383 0.526923 -0.109874 0.302415
1769098359.954413 0.540201 -0.105738 0.314923
1769098360.054388 0.545447 -0.104212 0.324490
1769098360.154386 0.563529 -0.098157 0.333688
1769098360.254441 0.576796 -0.093695 0.343047
1769098360.354372 0.590056 -0.089063 0.349635
1769098360.454381 0.600355 -0.085422 0.359575
1769098360.554398 0.612938 -0.080785 0.369587
1769098360.604208 0.612878 -0.080943 0.373811
1769098360.754413 0.630607 -0.074090 0.387954
1769098360.804791 0.643532 -0.068787 0.393490
1769098360.954446 0.661786 -0.061267 0.408787
1769098361.005547 0.666770 -0.059174 0.413158
1769098361.154378 0.684628 -0.051431 0.426311
1769098361.206062 0.689966 -0.049040 0.428782
1769098361.354397 0.702495 -0.043509 0.442119
1769098361.406682 0.715524 -0.037310 0.445745
1769098361.554420 0.732616 -0.029135 0.458911
1769098361.607245 0.737880 -0.026575 0.464566
1769098361.754425 0.754886 -0.018062 0.476576
1769098361.807961 0.755741 -0.017707 0.479010
1769098361.954412 0.777198 -0.006725 0.474893
1769098362.008698 0.784446 -0.003137 0.477600
1769098362.154468 0.767241 -0.011506 0.491039
1769098362.209423 0.768402 -0.010436 0.498047
1769098362.354426 0.777697 -0.005772 0.503886
1769098362.409991 0.790343 0.001061 0.506015
1769098362.554430 0.806618 0.009736 0.505605
1769098362.610629 0.812234 0.012726 0.504841
1769098362.754428 0.828720 0.021498 0.508761
1769098362.811294 0.830419 0.022294 0.509765
1769098362.954427 0.846193 0.030707 0.509784
1769098363.012017 0.858940 0.037615 0.514089
1769098363.154438 0.874564 0.046006 0.522540
1769098363.212531 0.880199 0.049022 0.528093
1769098363.354420 0.896387 0.058006 0.527361
1769098363.413221 0.902623 0.061436 0.525731
1769098363.554434 0.913517 0.067170 0.529055
1769098363.613935 0.926541 0.074502 0.529780
1769098363.754423 0.942646 0.083373 0.531419
1769098363.814579 0.947633 0.086007 0.536317
1769098363.954457 0.964163 0.095233 0.540074
1769098364.015236 0.966729 0.096501 0.541104
1769098364.154453 0.980679 0.104184 0.549376
1769098364.215865 0.993737 0.111897 0.548494
1769098364.354449 1.009758 0.121050 0.545306
1769098364.416557 1.014708 0.123798 0.542664
1769098364.554503 1.031490 0.133299 0.541751
1769098364.617239 1.034471 0.134841 0.542651
1769098364.754468 1.047849 0.142382 0.548649
1769098364.817703 1.061034 0.150188 0.552960
1769098364.954443 1.076277 0.159071 0.553012
1769098365.018431 1.081085 0.161753 0.552613
1769098365.154455 1.097739 0.171361 0.556625
1769098365.219140 1.104738 0.175374 0.558876
1769098365.354436 1.114843 0.180937 0.563307
1769098365.419816 1.128161 0.188947 0.566204
1769098365.554487 1.142977 0.197632 0.569948
1769098365.620511 1.147679 0.200202 0.577345
1769098365.757362 1.163972 0.210021 0.583519
1769098365.821156 1.165666 0.210698 0.585290
1769098365.954485 1.180837 0.219829 0.586471
1769098366.021811 1.194223 0.228203 0.587760
1769098366.154473 1.208957 0.237085 0.589090
1769098366.222509 1.213757 0.239821 0.591081
1769098366.354482 1.230121 0.249934 0.593279
1769098366.423180 1.236529 0.253765 0.591804
1769098366.554477 1.199014 0.241461 0.553803
1769098366.624032 1.179776 0.235212 0.534051
1769098366.754498 1.189240 0.240171 0.516674
1769098366.824434 1.203696 0.247981 0.508984
1769098366.954500 1.219051 0.255758 0.500589
1769098367.025209 1.224003 0.258067 0.497581
1769098367.154500 1.235710 0.263649 0.494387
1769098367.225743 1.250020 0.270902 0.488820
1769098367.354516 1.265503 0.278262 0.479906
1769098367.426432 1.272759 0.281636 0.468884
1769098367.554496 1.288224 0.288665 0.452444
1769098367.627126 1.295612 0.291857 0.443633
1769098367.754534 1.311150 0.298524 0.432230
1769098367.827782 1.319855 0.302141 0.429973
1769098367.954508 1.329106 0.305683 0.427476
1769098368.028394 1.344086 0.312024 0.421874
1769098368.154493 1.359663 0.318221 0.409363
1769098368.229043 1.367590 0.321242 0.397991
1769098368.354512 1.383631 0.327245 0.383101
1769098368.429738 1.390279 0.329532 0.377853
1769098368.554509 1.401961 0.333569 0.367612
1769098368.630359 1.417373 0.339089 0.360934
1769098368.754509 1.433063 0.344273 0.354831
1769098368.830977 1.438353 0.345872 0.347277
1769098368.954518 1.457205 0.352058 0.335318
1769098369.031614 1.464432 0.354273 0.324012
1769098369.154517 1.475901 0.357673 0.311017
1769098369.232310 1.492261 0.362545 0.302763
1769098369.354524 1.507666 0.366841 0.289773
1769098369.432996 1.512977 0.368141 0.288243
1769098369.554518 1.531677 0.373185 0.275684
1769098369.633548 1.539570 0.375138 0.264146
1769098369.754520 1.550900 0.377801 0.253735
1769098369.834339 1.567898 0.381893 0.243222
1769098369.954567 1.583858 0.385419 0.230934
1769098370.035013 1.589301 0.386543 0.220709
1769098370.154528 1.608191 0.390416 0.207157
1769098370.235645 1.616618 0.391980 0.200364
1769098370.354524 1.632577 0.394853 0.191898
1769098370.436390 1.643526 0.396709 0.185275
1769098370.554536 1.660337 0.399419 0.177963
1769098370.636971 1.665967 0.400227 0.168122
1769098370.754559 1.685219 0.403038 0.156675
1769098370.837508 1.694133 0.404263 0.147925
1769098370.954554 1.680600 0.411767 0.159725
1769098371.038076 1.681565 0.419442 0.166630
1769098371.154552 1.697279 0.421950 0.157151
1769098371.238760 1.706582 0.423342 0.153075
1769098371.354574 1.722237 0.425664 0.150653
1769098371.439467 1.727854 0.426407 0.154732
1769098371.554563 1.747455 0.429379 0.152072
1769098371.640099 1.758708 0.431064 0.149911
1769098371.754569 1.766392 0.432164 0.149969
1769098371.840743 1.783798 0.434772 0.147457
1769098371.954618 1.799309 0.437086 0.139150
1769098372.041445 1.809534 0.438583 0.133720
1769098372.154578 1.818675 0.439912 0.131479
1769098372.242108 1.836608 0.442306 0.131957
1769098372.354559 1.841987 0.443114 0.130913
1769098372.442743 1.846209 0.443781 0.132353
1769098372.554565 1.846365 0.443928 0.133310
1769098372.643480 1.846362 0.444024 0.133552
1769098372.755479 1.846339 0.444145 0.133400
1769098372.844013 1.846316 0.444241 0.133282
1769098372.954562 1.846288 0.444359 0.133135
1769098373.044608 1.846266 0.444455 0.133017
1769098373.154581 1.846238 0.444572 0.132876
1769098373.245224 1.846216 0.444668 0.132761
1769098373.354584 1.846189 0.444784 0.132626
1769098373.445818 1.846166 0.444880 0.132514
1769098373.554605 1.846167 0.444997 0.132397
1769098373.646382 1.846118 0.445090 0.132276
1769098373.754585 1.846092 0.445202 0.132150
1769098373.846994 1.846071 0.445297 0.132045
1769098373.954609 1.846073 0.445410 0.131937
1769098374.047558 1.846051 0.445505 0.131835
1769098374.154614 1.846000 0.445611 0.131706
1769098374.248194 1.846002 0.445708 0.131619
1769098374.354628 1.845982 0.445815 0.131511
1769098374.448757 1.845934 0.445906 0.131401
1769098374.554613 1.845938 0.446013 0.131309
1769098374.649404 1.845918 0.446106 0.131216
1769098374.754603 1.845868 0.446207 0.131102
1769098374.850041 1.845873 0.446300 0.131024
1769098374.954635 1.845827 0.446399 0.130916
1769098375.050676 1.845835 0.446492 0.130843
1769098375.154624 1.845814 0.446589 0.130751
1769098375.251265 1.845795 0.446679 0.130668
1769098375.354622 1.845748 0.446773 0.130567
1769098375.451856 1.845757 0.446863 0.130500
1769098375.554623 1.845710 0.446955 0.130404
1769098375.652485 1.845692 0.447042 0.130326
1769098375.754605 1.845674 0.447133 0.130248
1769098375.853103 1.845656 0.447219 0.130173
1769098375.954646 1.845666 0.447307 0.130112
1769098376.053719 1.845649 0.447392 0.130041
1769098376.154634 1.845605 0.447477 0.129957
1769098376.254317 1.845616 0.447560 0.129903
1769098376.354631 1.845600 0.447643 0.129837
1769098376.454611 1.845557 0.447724 0.129759
1769098376.554639 1.845570 0.447804 0.129710
1769098376.654633 1.845555 0.447884 0.129649
1769098376.754670 1.845540 0.447962 0.129590
1769098376.854633 1.845526 0.448039 0.129532
1769098376.954643 1.845512 0.448115 0.129476
1769098377.054644 1.845499 0.448189 0.129422
1769098377.154644 1.845485 0.448263 0.129370
1769098377.254661 1.845473 0.448336 0.129319
1769098377.354666 1.845460 0.448407 0.129270
1769098377.454647 1.845448 0.448478 0.129222
1769098377.554661 1.845409 0.448548 0.129162
1769098377.654688 1.845425 0.448615 0.129132
1769098377.754678 1.845414 0.448682 0.129090
1769098377.854757 1.845403 0.448748 0.129049
1769098377.954655 1.845393 0.448813 0.129010
1769098378.054676 1.845355 0.448878 0.128958
1769098378.154653 1.845373 0.448940 0.128936
1769098378.254630 1.845336 0.449003 0.128888
1769098378.354677 1.845355 0.449061 0.128869
1769098378.454664 1.845346 0.449121 0.128838
