timestamp x y theta
1769099704.454864 0.000000 -0.000000 0.000006
1769099704.554860 0.000000 -0.000000 0.000008
1769099704.654878 0.000000 -0.000000 0.000012
1769099704.754885 0.000000 -0.000000 0.000014
1769099704.854887 0.000000 -0.000000 0.000012
1769099704.954897 -0.000000 -0.000000 0.000015
1769099705.054892 -0.000000 -0.000000 0.000016
1769099705.154903 -0.000000 -0.000000 0.000018
1769099705.254877 0.000025 0.000000 0.000053
1769099705.354915 -0.000000 -0.000000 0.000019
1769099705.454904 -0.000000 -0.000000 0.000019
1769099705.554906 -0.000000 -0.000000 0.000019
1769099705.654878 -0.000000 -0.000000 0.000020
1769099705.754934 -0.000000 -0.000000 0.000029
1769099705.854939 0.000025 0.000000 0.000074
1769099705.954903 -0.000000 -0.000000 0.000030
1769099706.054924 -0.000000 -0.000000 0.000029
1769099706.154917 -0.000000 -0.000000 0.000030
1769099706.254916 0.000025 0.000000 0.000080
1769099706.354934 -0.000000 -0.000000 0.000030
1769099706.454930 -0.000000 -0.000000 0.000029
1769099706.554913 -0.000000 -0.000000 0.000029
1769099706.654915 -0.000000 -0.000000 0.000029
1769099706.754922 -0.000000 -0.000000 0.000029
1769099706.854936 -0.000000 -0.000000 0.000029
1769099706.954913 -0.000000 -0.000000 0.000029
1769099707.057646 -0.000000 -0.000000 0.000033
1769099707.154951 -0.000000 -0.000000 0.000033
1769099707.254927 -0.000000 -0.000000 0.000033
1769099707.354933 0.000025 0.000000 0.000094
1769099707.454945 -0.000000 -0.000000 0.000033
1769099707.554934 -0.000000 -0.000000 0.000033
1769099707.654917 -0.000000 -0.000000 0.000032
1769099707.754964 -0.000000 -0.000000 0.000032
1769099707.854945 -0.000000 -0.000000 0.000031
1769099707.954948 -0.000000 -0.000000 0.000031
1769099708.054942 -0.000000 -0.000000 0.000031
1769099708.154946 0.000025 0.000000 0.000096
1769099708.254929 -0.000000 -0.000000 0.000030
1769099708.354911 -0.000000 -0.000000 0.000030
1769099708.454947 -0.000000 -0.000000 0.000029
1769099708.554939 -0.000000 -0.000000 0.000029
1769099708.654939 -0.000000 -0.000000 0.000029
1769099708.754944 -0.000000 -0.000000 0.000029
1769099708.854939 0.000025 0.000000 0.000096
1769099708.954958 -0.000000 -0.000000 0.000030
1769099709.054964 -0.000000 -0.000000 0.000030
1769099709.154959 -0.000000 -0.000000 0.000029
1769099709.254978 -0.000000 -0.000000 0.000029
1769099709.354980 -0.000000 -0.000000 0.000029
1769099709.454959 -0.000000 -0.000000 0.000029
1769099709.554972 -0.000000 -0.000000 0.000029
1769099709.654989 -0.000000 -0.000000 0.000030
1769099709.754981 -0.000000 -0.000000 0.000030
1769099709.854974 -0.000000 -0.000000 0.000031
1769099709.954974 -0.000000 -0.000000 0.000031
1769099710.054992 -0.000000 -0.000000 0.000033
1769099710.154984 -0.000000 -0.000000 0.000033
1769099710.254996 -0.000000 -0.000000 0.000034
1769099710.354976 -0.000000 -0.000000 0.000034
1769099710.401396 -0.000000 -0.000000 0.000035
1769099710.550009 -0.000000 -0.000000 0.000036
1769099710.602076 -0.000000 -0.000000 0.000037
1769099710.750014 -0.000000 -0.000000 0.000037
1769099710.802778 -0.000000 -0.000000 0.000036
1769099710.955012 0.000025 0.000000 0.000094
1769099711.050035 -0.000000 -0.000000 0.000031
1769099711.150011 -0.000000 -0.000000 0.000031
1769099711.204099 0.000025 0.000000 0.000139
1769099711.355005 0.000329 0.000000 0.000535
1769099711.404801 0.000693 0.000001 -0.000756
1769099711.550008 0.002151 -0.000002 -0.001711
1769099711.606194 0.002831 -0.000003 -0.001211
1769099711.750046 0.004758 -0.000007 -0.001575
1769099711.806086 0.005672 -0.000008 -0.001611
1769099711.950020 0.008555 -0.000013 -0.001601
1769099712.006781 0.009612 -0.000016 -0.001282
1769099712.150023 0.012301 -0.000019 0.000306
1769099712.207454 0.013709 -0.000018 0.000524
1769099712.350002 0.016477 -0.000016 -0.000285
1769099712.408169 0.017521 -0.000017 -0.000706
1769099712.550026 0.020274 -0.000020 -0.000410
1769099712.608849 0.021849 -0.000022 -0.000555
1769099712.750026 0.025589 -0.000026 -0.000703
1769099712.809548 0.027056 -0.000026 -0.000495
1769099712.950037 0.031056 -0.000023 -0.002325
1769099713.010351 0.032722 -0.000031 -0.002674
1769099713.150046 0.038042 -0.000042 -0.003007
1769099713.210999 0.040643 -0.000048 -0.003723
1769099713.350049 0.049811 -0.000090 -0.003938
1769099713.411637 0.054721 -0.000096 -0.006121
1769099713.550058 0.068187 -0.000173 -0.007793
1769099713.612401 0.076378 -0.000261 -0.007012
1769099713.750042 0.092965 -0.000363 -0.010170
1769099713.813109 0.099526 -0.000434 -0.010224
1769099713.950064 0.116680 -0.000612 -0.009930
1769099714.013830 0.124442 -0.000660 -0.009603
1769099714.150048 0.142345 -0.000711 -0.012351
1769099714.214585 0.153353 -0.000796 -0.014445
1769099714.350038 0.173929 -0.001128 -0.016824
1769099714.415611 0.182519 -0.001398 -0.014726
1769099714.550057 0.203765 -0.001829 -0.014107
1769099714.616241 0.214162 -0.001908 -0.015663
1769099714.750058 0.235251 -0.002020 -0.020030
1769099714.816879 0.248458 -0.002294 -0.018892
1769099714.950067 0.272450 -0.002688 -0.023138
1769099715.017609 0.283197 -0.002791 -0.028948
1769099715.150041 0.308858 -0.003654 -0.029878
1769099715.218463 0.321493 -0.004013 -0.028825
1769099715.350071 0.345948 -0.004702 -0.023856
1769099715.419210 0.361695 -0.004881 -0.027302
1769099715.550093 0.388126 -0.005822 -0.024908
1769099715.620014 0.401485 -0.006376 -0.021870
1769099715.750105 0.425390 -0.007183 -0.017525
1769099715.820813 0.441432 -0.007469 -0.016291
1769099715.950063 0.467374 -0.007878 -0.017193
1769099716.021631 0.479769 -0.008034 -0.019667
1769099716.150082 0.506343 -0.008741 -0.021560
1769099716.222526 0.520554 -0.009102 -0.020500
1769099716.350100 0.544609 -0.009338 -0.022935
1769099716.423250 0.561125 -0.009780 -0.021559
1769099716.550081 0.549140 -0.023005 -0.030639
1769099716.624144 0.539749 -0.031412 -0.027730
1769099716.750099 0.544234 -0.032303 -0.019216
1769099716.824947 0.580222 -0.033406 -0.014337
1769099716.950090 0.586537 -0.034427 -0.004047
1769099717.025658 0.586520 -0.035076 0.001927
1769099717.150097 0.586491 -0.036226 0.011526
1769099717.226479 0.659173 -0.036021 0.012704
1769099717.350099 0.676005 -0.036574 0.013857
1769099717.427284 0.675997 -0.036999 0.012941
1769099717.550109 0.722582 -0.036867 0.011619
1769099717.628011 0.722575 -0.037286 0.010249
1769099717.750114 0.751761 -0.038393 0.015716
1769099717.828762 0.774256 -0.038588 0.014905
1769099717.950119 0.794180 -0.039355 0.021125
1769099718.029487 0.794169 -0.040194 0.024491
1769099718.029487 0.794169 -0.040194 0.024491
1769099718.230177 0.834990 -0.041079 0.029052
1769099718.350120 0.874482 -0.041071 0.027427
1769099718.430951 0.898373 -0.040998 0.025124
1769099718.550110 0.911564 -0.041883 0.028194
1769099718.631610 0.930470 -0.042213 0.029425
1769099718.750128 0.961875 -0.042887 0.030311
1769099718.832134 0.970147 -0.043068 0.023352
1769099718.950133 0.998866 -0.043268 0.021670
1769099719.032786 1.014969 -0.043188 0.017122
1769099719.150127 1.035256 -0.043900 0.016602
1769099719.233581 1.052807 -0.044300 0.014122
1769099719.350114 1.082324 -0.057778 -0.012930
1769099719.436901 1.102958 -0.068128 -0.035490
1769099719.436901 1.102958 -0.068128 -0.035490
1769099719.436901 1.102958 -0.068128 -0.035490
1769099719.750138 1.161603 -0.071785 -0.045102
1769099719.835582 1.174855 -0.073270 -0.044567
1769099719.950135 1.196331 -0.074923 -0.047888
1769099720.036154 1.213363 -0.076278 -0.046671
1769099720.150134 1.233991 -0.077586 -0.050970
1769099720.236834 1.246907 -0.078255 -0.058086
1769099720.350137 1.268536 -0.080123 -0.061438
1769099720.437475 1.285143 -0.081516 -0.066547
1769099720.550144 1.303260 -0.083682 -0.062802
1769099720.638159 1.320185 -0.084973 -0.062360
1769099720.750141 1.341157 -0.086520 -0.066245
1769099720.838891 1.354632 -0.088127 -0.065819
1769099720.950145 1.375704 -0.089990 -0.071863
1769099721.039488 1.392842 -0.091874 -0.071692
1769099721.150146 1.410784 -0.093868 -0.071752
1769099721.240047 1.428156 -0.095440 -0.071740
1769099721.350151 1.448873 -0.097296 -0.073646
1769099721.440815 1.462993 -0.098354 -0.081316
1769099721.550172 1.483465 -0.100568 -0.087849
1769099721.641633 1.500368 -0.102595 -0.089091
1769099721.750189 1.517767 -0.104324 -0.093229
1769099721.842208 1.535488 -0.105904 -0.096996
1769099721.950184 1.555631 -0.108022 -0.101553
1769099722.042720 1.569911 -0.109222 -0.110054
1769099722.150179 1.590174 -0.111902 -0.110771
1769099722.243361 1.607891 -0.114082 -0.114605
1769099722.350184 1.624548 -0.116333 -0.110507
1769099722.443985 1.642609 -0.118263 -0.111190
1769099722.550189 1.663205 -0.114031 -0.098129
1769099722.644886 1.677579 -0.110199 -0.078547
1769099722.750186 1.697927 -0.111932 -0.084352
1769099722.845459 1.716242 -0.113726 -0.084346
1769099722.950203 1.732446 -0.115270 -0.083792
1769099723.046094 1.750636 -0.116874 -0.085736
1769099723.150203 1.770523 -0.118671 -0.087389
1769099723.246636 1.785564 -0.119982 -0.093353
1769099723.350199 1.805269 -0.122320 -0.093675
1769099723.447461 1.823645 -0.124714 -0.087368
1769099723.550272 1.839281 -0.125982 -0.088934
1769099723.648035 1.858008 -0.127540 -0.092952
1769099723.750324 1.877439 -0.129548 -0.096311
1769099723.848600 1.892840 -0.130948 -0.103525
1769099723.950228 1.912699 -0.132968 -0.106412
1769099724.049232 1.931481 -0.134866 -0.109386
1769099724.150219 1.946637 -0.136198 -0.111271
1769099724.249976 1.965720 -0.138205 -0.110375
1769099724.350224 1.985164 -0.140148 -0.116985
1769099724.450218 2.000469 -0.142586 -0.111195
1769099724.550217 2.019799 -0.145019 -0.110040
1769099724.650257 2.038720 -0.147162 -0.108054
1769099724.750242 2.053830 -0.149088 -0.105751
1769099724.850236 2.072728 -0.151154 -0.109286
1769099724.950221 2.092117 -0.153502 -0.107079
1769099725.050225 2.107880 -0.155536 -0.100376
1769099725.150236 2.127148 -0.157916 -0.090018
1769099725.250239 2.145958 -0.159607 -0.077670
1769099725.350225 2.160840 -0.160941 -0.065918
1769099725.450257 2.179624 -0.162306 -0.058738
1769099725.550303 2.198873 -0.163559 -0.050138
1769099725.650370 2.214525 -0.165142 -0.034274
1769099725.750352 2.224418 -0.170618 -0.028983
1769099725.850313 2.233558 -0.176231 -0.020870
1769099725.950344 2.248203 -0.176897 -0.011085
1769099726.050248 2.267528 -0.177307 -0.001051
1769099726.150258 2.286559 -0.177412 0.001180
1769099726.250264 2.302221 -0.177942 0.010742
1769099726.350333 2.321623 -0.177922 0.021452
1769099726.450323 2.340725 -0.177495 0.030056
1769099726.550328 2.355742 -0.177713 0.045376
1769099726.650260 2.375085 -0.176911 0.050058
1769099726.750330 2.394449 -0.175928 0.054816
1769099726.850319 2.410030 -0.175356 0.058780
1769099726.950241 2.429154 -0.174813 0.072385
1769099727.050359 2.447818 -0.173698 0.085020
1769099727.150329 2.465935 -0.172324 0.095555
1769099727.250330 2.481139 -0.171156 0.104206
1769099727.350337 2.500797 -0.169150 0.108911
1769099727.450307 2.519408 -0.167217 0.114585
1769099727.550269 2.534718 -0.165557 0.117520
1769099727.650376 2.553808 -0.163562 0.130980
1769099727.750363 2.572292 -0.161026 0.140948
1769099727.850337 2.590752 -0.158418 0.150569
1769099727.950247 2.606067 -0.156039 0.153298
1769099728.050241 2.625614 -0.153193 0.164981
1769099728.150252 2.644759 -0.150206 0.176655
1769099728.250254 2.659607 -0.147235 0.179352
1769099728.350228 2.678421 -0.143653 0.190995
1769099728.450245 2.697494 -0.139731 0.199501
1769099728.550225 2.712676 -0.136647 0.205479
1769099728.650294 2.731620 -0.132493 0.210497
1769099728.750237 2.747039 -0.129386 0.224586
1769099728.850248 2.765706 -0.124858 0.232815
1769099728.950331 2.775544 -0.132588 0.253903
1769099729.050222 2.780093 -0.143017 0.276597
1769099729.150275 2.797465 -0.139395 0.280651
1769099729.250281 2.816067 -0.134020 0.286726
1769099729.350281 2.830428 -0.129733 0.294690
1769099729.450348 2.848989 -0.123997 0.308351
1769099729.550343 2.867104 -0.117840 0.317481
1769099729.650299 2.881628 -0.113169 0.330087
1769099729.750292 2.899928 -0.106713 0.337522
1769099729.850346 2.918532 -0.100093 0.343831
1769099729.950298 2.932776 -0.095224 0.354187
1769099730.050319 2.950479 -0.088729 0.366637
1769099730.150321 2.967735 -0.081818 0.377805
1769099730.250340 2.985195 -0.074683 0.384318
1769099730.350430 2.999464 -0.069219 0.396776
1769099730.450334 3.017114 -0.061746 0.403013
1769099730.550305 3.034666 -0.054322 0.412519
1769099730.650300 3.051956 -0.046571 0.420143
1769099730.750326 3.065849 -0.040126 0.427095
1769099730.850309 3.082858 -0.032046 0.435642
1769099730.950305 3.100476 -0.023635 0.442291
1769099731.050318 3.114531 -0.017014 0.446178
1769099731.150335 3.131895 -0.008773 0.452891
1769099731.250309 3.148817 -0.000438 0.456692
1769099731.350331 3.165375 0.008105 0.454209
1769099731.450334 3.179203 0.014869 0.459134
1769099731.550334 3.196567 0.023598 0.459702
1769099731.650347 3.210500 0.030462 0.458382
1769099731.750340 3.228179 0.038761 0.465299
1769099731.850349 3.245373 0.047282 0.464850
1769099731.950354 3.258941 0.054109 0.459360
1769099732.050336 3.276180 0.062570 0.449156
1769099732.150326 3.293797 0.059662 0.440026
1769099732.250351 3.308022 0.051506 0.431053
1769099732.350329 3.325568 0.055573 0.423774
1769099732.450336 3.342903 0.063313 0.414444
1769099732.550346 3.356798 0.069530 0.405310
1769099732.650357 3.374685 0.077024 0.399154
1769099732.750352 3.392755 0.084435 0.384759
1769099732.850342 3.407137 0.089921 0.378722
1769099732.950345 3.425067 0.097083 0.369540
1769099733.050338 3.442480 0.103850 0.356745
1769099733.150344 3.459755 0.110264 0.334785
1769099733.250317 3.474469 0.115175 0.317520
1769099733.350351 3.493230 0.121091 0.298419
1769099733.450363 3.508154 0.125511 0.282011
1769099733.550363 3.525963 0.130765 0.258096
1769099733.650389 3.543880 0.135488 0.239919
1769099733.750386 3.562812 0.140181 0.218020
1769099733.850396 3.578125 0.143681 0.196681
1769099733.950422 3.596896 0.147492 0.173208
1769099734.050364 3.615450 0.150568 0.158323
1769099734.150361 3.630282 0.153117 0.139757
1769099734.250382 3.649283 0.155877 0.121840
1769099734.350360 3.668692 0.158240 0.096578
1769099734.450391 3.683774 0.159632 0.079170
1769099734.550371 3.703030 0.161206 0.061037
1769099734.650383 3.721972 0.162450 0.045653
1769099734.750372 3.737259 0.163246 0.026245
1769099734.850378 3.756686 0.163499 0.012434
1769099734.950379 3.776201 0.163485 -0.001882
1769099735.050390 3.791694 0.163457 -0.021273
1769099735.150391 3.810774 0.163060 -0.043363
1769099735.250380 3.829774 0.162130 -0.060422
1769099735.350387 3.858139 0.158084 -0.083462
1769099735.450387 3.897709 0.151267 -0.100431
1769099735.550405 3.924168 0.147367 -0.120217
1769099735.650409 3.931681 0.146664 -0.132237
1769099735.750489 3.958271 0.142931 -0.151458
1769099735.850444 3.977375 0.139831 -0.170051
1769099735.950438 3.992435 0.137221 -0.192469
1769099736.050416 4.011657 0.133004 -0.203503
1769099736.150397 4.030389 0.128752 -0.216421
1769099736.250401 4.045139 0.125373 -0.234173
1769099736.350403 4.063734 0.120805 -0.257962
1769099736.450397 4.082708 0.115447 -0.278607
1769099736.550401 4.097671 0.111069 -0.299745
1769099736.650422 4.116129 0.105013 -0.314977
1769099736.750401 4.130520 0.100339 -0.337474
1769099736.850426 4.148133 0.093991 -0.353830
1769099736.950404 4.165588 0.087535 -0.377701
1769099737.050414 4.183811 0.080001 -0.394683
1769099737.150413 4.197943 0.073988 -0.413939
1769099737.250416 4.215054 0.066320 -0.428293
1769099737.350421 4.232184 0.058463 -0.448228
1769099737.450430 4.249713 0.049821 -0.466439
1769099737.550421 4.262699 0.043192 -0.487281
1769099737.650454 4.279950 0.033895 -0.507026
1769099737.750551 4.295960 0.024984 -0.528916
1769099737.850482 4.312324 0.015252 -0.544971
1769099737.950466 4.324945 0.007647 -0.564701
1769099738.050493 4.340975 -0.002519 -0.587007
1769099738.150443 4.356600 -0.012940 -0.608335
1769099738.250445 4.371958 -0.023727 -0.626106
1769099738.350439 4.386637 -0.034396 -0.640999
1769099738.450434 4.398656 -0.043199 -0.652820
1769099738.550452 4.405853 -0.057490 -0.667847
1769099738.650437 4.405679 -0.074564 -0.683774
1769099738.750434 4.410511 -0.086726 -0.692214
1769099738.850444 4.425092 -0.098702 -0.686035
1769099738.950451 4.439726 -0.110472 -0.685056
1769099739.050458 4.453960 -0.121895 -0.690939
1769099739.150446 4.468719 -0.133988 -0.690191
1769099739.250455 4.480881 -0.143754 -0.693144
1769099739.350453 4.495462 -0.155680 -0.691507
1769099739.450456 4.510072 -0.167505 -0.692247
1769099739.500183 4.515947 -0.172153 -0.693032
1769099739.650495 4.536911 -0.188936 -0.694022
1769099739.700940 4.543041 -0.193853 -0.694017
1769099739.850514 4.558040 -0.206173 -0.680037
1769099739.901452 4.573408 -0.218250 -0.674854
1769099740.050470 4.591284 -0.231709 -0.661163
1769099740.102104 4.600446 -0.238599 -0.656109
1769099740.250459 4.621930 -0.254327 -0.645199
1769099740.302705 4.628565 -0.259183 -0.638081
1769099740.450466 4.650280 -0.274717 -0.621524
1769099740.503329 4.657100 -0.279546 -0.613155
1769099740.650482 4.681628 -0.296020 -0.597344
1769099740.704080 4.688374 -0.300475 -0.590115
1769099740.850546 4.709813 -0.314097 -0.582081
1769099740.904788 4.717052 -0.318638 -0.578942
1769099741.050586 4.742245 -0.334436 -0.561769
1769099741.105422 4.749414 -0.338815 -0.552205
1769099741.250569 4.771553 -0.351773 -0.522956
1769099741.306143 4.773296 -0.352973 -0.511150
1769099741.450504 4.801289 -0.368307 -0.484631
1769099741.506800 4.812452 -0.374036 -0.473245
1769099741.650542 4.835526 -0.385320 -0.439126
1769099741.707440 4.843937 -0.389228 -0.422512
1769099741.850531 4.838011 -0.413268 -0.388921
1769099741.908070 4.838097 -0.423666 -0.369661
1769099742.050501 4.861849 -0.431952 -0.339451
1769099742.108738 4.870213 -0.434803 -0.323707
1769099742.250513 4.894714 -0.442423 -0.286793
1769099742.309369 4.904096 -0.445052 -0.270104
1769099742.450504 4.931049 -0.451701 -0.233790
1769099742.510108 4.939426 -0.453668 -0.214710
1769099742.650510 4.963798 -0.458302 -0.175940
1769099742.710755 4.973270 -0.459756 -0.162388
1769099742.850536 4.997528 -0.463090 -0.128842
1769099742.911559 5.010926 -0.464612 -0.112351
1769099743.050537 5.035742 -0.466916 -0.070777
1769099743.112448 5.045862 -0.467505 -0.053003
1769099743.250530 5.069455 -0.468229 -0.016676
1769099743.313495 5.082835 -0.468180 -0.008511
1769099743.450562 4.930589 -0.439356 0.029027
1769099743.513896 4.857988 -0.425557 0.044128
1769099743.650537 4.883567 -0.423779 0.055142
1769099743.714828 4.894620 -0.422970 0.061630
1769099743.850593 4.910551 -0.421756 0.080953
1769099743.915480 4.931896 -0.419618 0.085643
1769099744.050531 4.952685 -0.417246 0.084536
1769099744.116270 4.966835 -0.415814 0.083899
1769099744.250607 4.991857 -0.413134 0.081290
1769099744.316896 5.002230 -0.411994 0.083285
1769099744.450537 5.026323 -0.409330 0.081889
1769099744.517730 5.037909 -0.408002 0.080394
1769099744.650553 5.061238 -0.405407 0.082094
1769099744.718305 5.075807 -0.403883 0.078673
1769099744.850545 5.100244 -0.401460 0.080563
1769099744.919035 5.110825 -0.400325 0.082694
1769099745.050561 5.134201 -0.397624 0.082545
1769099745.122344 5.146856 -0.396211 0.083006
1769099745.122344 5.146856 -0.396211 0.083006
1769099745.122344 5.146856 -0.396211 0.083006
1769099745.450567 5.207746 -0.389358 0.075064
1769099745.520996 5.219583 -0.388026 0.075888
1769099745.650603 5.234080 -0.386209 0.083623
1769099745.721692 5.256131 -0.383792 0.080869
1769099745.850566 5.279777 -0.380975 0.073753
1769099745.922377 5.290656 -0.379829 0.077254
1769099746.050581 5.314546 -0.377323 0.081763
1769099746.122999 5.327213 -0.375928 0.086578
1769099746.250572 5.348571 -0.373512 0.091860
1769099746.323701 5.363690 -0.371801 0.092220
1769099746.450607 5.387402 -0.369065 0.094104
1769099746.524434 5.398763 -0.367639 0.090387
1769099746.650592 5.396278 -0.377193 0.101607
1769099746.725117 5.396076 -0.382423 0.110224
1769099746.850614 5.418513 -0.379175 0.104615
1769099746.925735 5.430093 -0.377574 0.103903
1769099747.050620 5.453622 -0.374465 0.097989
1769099747.126398 5.467423 -0.372705 0.099946
1769099747.250595 5.488300 -0.369975 0.103022
1769099747.327052 5.503551 -0.367944 0.101382
1769099747.450596 5.526387 -0.364857 0.103339
1769099747.527911 5.538332 -0.363118 0.102452
1769099747.650620 5.561262 -0.359922 0.094667
1769099747.729198 5.575764 -0.358109 0.100074
1769099747.850666 5.596118 -0.355244 0.103149
1769099747.929101 5.611693 -0.353039 0.103627
1769099748.050641 5.634052 -0.349849 0.100338
1769099748.129805 5.646214 -0.348063 0.098754
1769099748.250609 5.668464 -0.345098 0.100350
1769099748.330453 5.682991 -0.343143 0.098931
1769099748.450633 5.702739 -0.340450 0.101503
1769099748.530910 5.718808 -0.338375 0.109163
1769099748.650638 5.740932 -0.335277 0.111500
1769099748.731651 5.752974 -0.333524 0.110268
1769099748.850633 5.775537 -0.330570 0.115809
1769099748.932219 5.790532 -0.328454 0.119226
1769099749.050635 5.809845 -0.325657 0.126182
1769099749.132829 5.825983 -0.323232 0.125928
1769099749.250649 5.847596 -0.319919 0.125257
1769099749.333501 5.862984 -0.317560 0.123190
1769099749.450645 5.882368 -0.314532 0.115703
1769099749.534255 5.897761 -0.312333 0.121328
1769099749.650741 5.916662 -0.309339 0.126613
1769099749.734789 5.933053 -0.306620 0.123276
1769099749.850672 5.978034 -0.331484 0.137509
1769099749.935427 6.007646 -0.349658 0.145866
1769099750.050652 6.029414 -0.345829 0.154002
1769099750.136200 6.044969 -0.342966 0.157278
1769099750.250664 6.063228 -0.339456 0.161742
1769099750.336760 6.080152 -0.336296 0.167683
1769099750.450656 6.101447 -0.332095 0.163987
1769099750.537320 6.114811 -0.329545 0.163751
1769099750.650640 6.135736 -0.325627 0.168236
1769099750.737811 6.151476 -0.322519 0.172957
1769099750.850706 6.169132 -0.318864 0.175254
1769099750.938527 6.186162 -0.315317 0.170588
1769099751.050677 6.206637 -0.311058 0.170450
1769099751.139186 6.222540 -0.307707 0.169162
1769099751.250675 6.239788 -0.303913 0.165015
1769099751.339772 6.257017 -0.300423 0.170764
1769099751.450664 6.277388 -0.296004 0.173725
1769099751.540315 6.290843 -0.292824 0.167132
1769099751.650692 6.311760 -0.288438 0.166135
1769099751.740927 6.328835 -0.284852 0.165607
1769099751.850693 6.345793 -0.281158 0.169276
1769099751.941533 6.363057 -0.277482 0.172585
1769099752.050680 6.383171 -0.273109 0.174128
1769099752.142165 6.397193 -0.270008 0.180749
1769099752.250665 6.417558 -0.265460 0.178357
1769099752.342805 6.434897 -0.261724 0.177832
1769099752.450685 6.451921 -0.258092 0.190200
1769099752.543315 6.469458 -0.254128 0.193149
1769099752.650706 6.489205 -0.249644 0.193117
1769099752.744056 6.503464 -0.246347 0.192611
1769099752.850696 6.523784 -0.241835 0.192278
1769099752.944730 6.541470 -0.237889 0.192181
1769099753.050693 6.541818 -0.255263 0.187275
1769099753.145360 6.545536 -0.270241 0.189478
1769099753.250726 6.565170 -0.265774 0.192941
1769099753.346000 6.579601 -0.262245 0.186143
1769099753.450696 6.599497 -0.257822 0.187978
1769099753.546635 6.617061 -0.253827 0.190563
1769099753.650694 6.633435 -0.249909 0.195044
1769099753.747188 6.651468 -0.245654 0.197293
1769099753.850758 6.667026 -0.241691 0.192525
1769099753.947840 6.685860 -0.237295 0.193546
1769099754.050716 6.705340 -0.232736 0.191274
1769099754.148472 6.719991 -0.229172 0.190578
1769099754.250703 6.739051 -0.224779 0.199818
1769099754.348992 6.757164 -0.220320 0.200417
1769099754.450705 6.776050 -0.215767 0.200431
1769099754.549706 6.791131 -0.212068 0.200219
1769099754.650727 6.810447 -0.207466 0.200929
1769099754.750346 6.829024 -0.203011 0.201785
1769099754.850733 6.843896 -0.199277 0.202977
1769099754.950741 6.862616 -0.194714 0.203450
1769099755.050808 6.877819 -0.190958 0.208304
1769099755.150733 6.896922 -0.186299 0.200676
1769099755.250808 6.915890 -0.181947 0.203403
1769099755.350756 6.930625 -0.178417 0.211256
1769099755.450721 6.948924 -0.173956 0.214521
1769099755.550731 6.967574 -0.169434 0.215899
1769099755.650745 6.986174 -0.164866 0.214218
1769099755.750780 6.993920 -0.162870 0.221986
1769099755.850781 7.020458 -0.156507 0.224098
1769099755.950735 7.035162 -0.152690 0.221422
1769099756.050741 7.052964 -0.148301 0.231461
1769099756.150754 7.071599 -0.143381 0.226456
1769099756.250809 7.095284 -0.157632 0.226163
1769099756.350777 7.115452 -0.173511 0.227822
1769099756.450758 7.133699 -0.169750 0.227812
1769099756.550840 7.152070 -0.164965 0.234391
1769099756.650766 7.166716 -0.160989 0.237988
1769099756.750769 7.185469 -0.155937 0.237423
1769099756.850760 7.204421 -0.150859 0.240126
1769099756.950776 7.219436 -0.146591 0.234121
1769099757.050746 7.238158 -0.141580 0.237927
1769099757.150752 7.256645 -0.136492 0.243925
1769099757.160937 7.258129 -0.136052 0.243658
1769099757.160937 7.258129 -0.136052 0.243658
1769099757.450766 7.309019 -0.121684 0.236143
1769099757.550779 7.324094 -0.117463 0.238544
1769099757.650795 7.342642 -0.112393 0.243910
1769099757.750768 7.360372 -0.107349 0.244378
1769099757.850790 7.375278 -0.103132 0.253087
1769099757.950812 7.393969 -0.097748 0.252842
1769099758.050768 7.412751 -0.092420 0.251852
1769099758.150822 7.427999 -0.088191 0.263905
1769099758.250781 7.446407 -0.082892 0.269260
1769099758.350791 7.464567 -0.077536 0.272413
1769099758.450787 7.479332 -0.073166 0.273692
1769099758.550793 7.498187 -0.067641 0.270699
1769099758.650787 7.517071 -0.062178 0.267981
1769099758.750783 7.531836 -0.057830 0.263104
1769099758.850776 7.550167 -0.052620 0.266088
1769099758.950804 7.568647 -0.047225 0.269119
1769099759.050801 7.575876 -0.044813 0.265847
1769099759.150781 7.601962 -0.037397 0.264676
1769099759.250802 7.620932 -0.031975 0.268237
1769099759.350853 7.628569 -0.029769 0.279104
1769099759.450840 7.646323 -0.039745 0.272517
1769099759.550811 7.650683 -0.056042 0.253702
1769099759.650853 7.667505 -0.054219 0.257658
1769099759.750855 7.686421 -0.048953 0.255182
1769099759.850835 7.705122 -0.043838 0.251866
1769099759.950845 7.712643 -0.041793 0.260737
1769099760.050831 7.738320 -0.034688 0.265232
1769099760.150826 7.756353 -0.029595 0.266180
1769099760.250804 7.771262 -0.025455 0.270514
1769099760.350804 7.790233 -0.020115 0.269451
1769099760.450807 7.809045 -0.014800 0.274148
1769099760.550890 7.816323 -0.012518 0.268450
1769099760.650810 7.841827 -0.005220 0.267845
1769099760.750810 7.860517 0.000205 0.268424
1769099760.850817 7.875342 0.004661 0.262540
1769099760.950812 7.894286 0.009978 0.262854
1769099761.050831 7.909319 0.014231 0.267903
1769099761.150816 7.927611 0.019513 0.272126
1769099761.250821 7.945761 0.024840 0.273602
1769099761.350832 7.960522 0.029324 0.264126
1769099761.450838 7.979317 0.034747 0.258011
1769099761.550835 7.998226 0.040044 0.250738
1769099761.650919 8.013100 0.044199 0.243760
1769099761.750890 8.031050 0.049019 0.235378
1769099761.850897 8.049512 0.053824 0.225141
1769099761.950938 8.064495 0.057608 0.214939
1769099762.050860 8.083645 0.062095 0.200853
1769099762.150841 8.102744 0.066217 0.197258
1769099762.250848 8.117737 0.069585 0.188331
1769099762.350904 8.136137 0.073461 0.179572
1769099762.450918 8.154972 0.077189 0.173446
1769099762.550857 8.170130 0.080248 0.162146
1769099762.650862 8.186058 0.076683 0.155977
1769099762.750861 8.199804 0.070465 0.155457
1769099762.850850 8.213279 0.070670 0.153102
1769099762.950856 8.232040 0.073956 0.143265
1769099763.050861 8.251128 0.077016 0.131990
1769099763.150853 8.258652 0.078604 0.114055
1769099763.250873 8.285852 0.082112 0.106602
1769099763.350880 8.304931 0.084582 0.104200
1769099763.450934 8.319837 0.086665 0.100439
1769099763.550876 8.338690 0.089082 0.101893
1769099763.650882 8.357436 0.091511 0.102953
1769099763.750934 8.372574 0.093625 0.102064
1769099763.850916 8.391469 0.096116 0.104879
1769099763.950908 8.410055 0.098670 0.110608
1769099764.050895 8.428717 0.101325 0.114348
1769099764.150882 8.443393 0.103545 0.115071
1769099764.250893 8.462451 0.106220 0.115608
1769099764.350873 8.481950 0.108953 0.116104
1769099764.450886 8.497296 0.111219 0.118439
1769099764.550881 8.516007 0.113950 0.119856
1769099764.650901 8.534672 0.116700 0.123829
1769099764.750887 8.549853 0.119125 0.120540
1769099764.850905 8.569243 0.121973 0.122869
1769099764.950881 8.588444 0.124811 0.123940
1769099765.050905 8.596070 0.126237 0.127854
1769099765.150953 8.622648 0.130178 0.133651
1769099765.250903 8.640885 0.133152 0.131891
1769099765.350896 8.655951 0.135647 0.132261
1769099765.450915 8.675377 0.138733 0.132504
1769099765.550907 8.694653 0.141786 0.132274
1769099765.650906 8.709804 0.144237 0.138625
1769099765.750918 8.728232 0.147252 0.138736
1769099765.850912 8.744072 0.137762 0.131362
1769099765.950947 8.754476 0.120307 0.117886
1769099766.050915 8.771566 0.115470 0.109497
1769099766.150945 8.790765 0.118032 0.103574
1769099766.250934 8.806033 0.120094 0.100899
1769099766.350927 8.824809 0.122447 0.096621
1769099766.450910 8.843542 0.124667 0.088359
1769099766.550926 8.858778 0.126392 0.086068
1769099766.650928 8.877959 0.128411 0.085262
1769099766.750934 8.896964 0.130413 0.088610
1769099766.850933 8.912012 0.132106 0.095699
1769099766.950941 8.930955 0.134315 0.092595
1769099767.051011 8.950185 0.136491 0.091445
1769099767.150985 8.965599 0.138294 0.092159
1769099767.250944 8.977224 0.139650 0.098865
1769099767.350946 9.003857 0.142659 0.101756
1769099767.450938 9.018788 0.144617 0.104379
1769099767.550963 9.037565 0.147056 0.101825
1769099767.650958 9.056942 0.149520 0.098877
1769099767.750978 9.072499 0.151500 0.090050
1769099767.850971 9.091751 0.153643 0.084334
1769099767.950941 9.110622 0.155618 0.078290
1769099768.050954 9.125829 0.157217 0.074847
1769099768.150935 9.144938 0.159077 0.066507
1769099768.250942 9.164006 0.160783 0.064230
1769099768.350955 9.179646 0.162217 0.064829
1769099768.450948 9.199146 0.163931 0.066747
1769099768.550974 9.217862 0.165641 0.070508
1769099768.650971 9.233035 0.167200 0.066483
1769099768.750964 9.244545 0.168416 0.066030
1769099768.850970 9.271805 0.170619 0.063231
1769099768.950969 9.286764 0.171960 0.060536
1769099769.050974 9.300796 0.165656 0.067119
1769099769.150975 9.309846 0.152226 0.061821
1769099769.250971 9.319876 0.146143 0.060048
1769099769.350965 9.338893 0.147606 0.057550
1769099769.450988 9.358567 0.149065 0.052830
1769099769.550979 9.374042 0.150211 0.054042
1769099769.600875 9.385445 0.151045 0.050511
1769099769.750987 9.411189 0.152971 0.053065
1769099769.801562 9.418914 0.153589 0.052404
1769099769.951001 9.444958 0.155511 0.047633
1769099770.002135 9.456566 0.156232 0.047648
1769099770.150975 9.483664 0.157920 0.046578
1769099770.202852 9.491552 0.158407 0.049091
1769099770.351006 9.517693 0.160018 0.050348
1769099770.403584 9.525853 0.160558 0.046059
1769099770.550981 9.552470 0.162046 0.045673
1769099770.604116 9.564720 0.162700 0.042120
1769099770.751060 9.591190 0.164057 0.040340
1769099770.804649 9.599350 0.164472 0.041903
1769099770.951004 9.625697 0.165894 0.038527
1769099771.005271 9.634268 0.166318 0.039646
1769099771.150999 9.659755 0.167567 0.030029
1769099771.206076 9.671069 0.168047 0.027333
1769099771.351021 9.698214 0.169135 0.026743
1769099771.409403 9.701353 0.169363 0.027127
1769099771.409403 9.701353 0.169363 0.027127
1769099771.409403 9.701353 0.169363 0.027127
1769099771.751025 9.767126 0.171811 0.008815
1769099771.807807 9.767091 0.172058 0.001510
1769099771.951027 9.805721 0.172441 -0.008730
1769099772.008444 9.805695 0.172662 -0.008405
1769099772.151019 9.839094 0.172699 -0.011867
1769099772.209209 9.839080 0.172814 -0.014908
1769099772.351070 9.899526 0.150430 -0.030641
1769099772.409712 9.915892 0.141187 -0.038731
1769099772.551032 9.942427 0.140089 -0.050041
1769099772.610483 9.946031 0.139940 -0.054380
1769099772.751057 9.961497 0.139232 -0.067253
1769099772.811152 9.989727 0.137297 -0.075762
1769099772.951033 9.995887 0.136869 -0.085352
1769099773.011822 10.022955 0.134437 -0.082639
1769099773.011822 10.022955 0.134437 -0.082639
1769099773.011822 10.022955 0.134437 -0.082639
1769099773.011822 10.022955 0.134437 -0.082639
1769099773.011822 10.022955 0.134437 -0.082639
1769099773.551055 10.122784 0.124207 -0.099847
1769099773.613682 10.132256 0.122818 -0.103644
1769099773.751080 10.149185 0.120175 -0.118041
1769099773.814173 10.158845 0.118632 -0.120187
1769099773.951058 10.175907 0.115866 -0.142044
1769099774.014930 10.175933 0.115762 -0.153708
1769099774.151059 10.175967 0.115929 -0.178106
1769099774.215345 10.175971 0.116203 -0.189383
1769099774.351063 10.254537 0.100468 -0.207313
1769099774.415887 10.273377 0.096557 -0.215610
1769099774.551063 10.300144 0.090738 -0.224765
1769099774.616530 10.310207 0.088504 -0.225665
1769099774.751059 10.333963 0.083129 -0.226947
1769099774.817074 10.344707 0.080685 -0.224207
1769099774.951072 10.359506 0.077442 -0.228425
1769099775.017572 10.380917 0.072515 -0.230696
1769099775.151072 10.404958 0.066842 -0.237607
1769099775.218307 10.415051 0.064462 -0.239631
1769099775.351123 10.438622 0.058900 -0.238142
1769099775.418876 10.445213 0.057406 -0.239173
1769099775.551128 10.439094 0.044345 -0.243152
1769099775.619413 10.433750 0.038067 -0.244661
1769099775.751142 10.456347 0.032632 -0.251097
1769099775.820002 10.470117 0.029160 -0.250529
1769099775.951104 10.492669 0.023479 -0.245382
1769099776.020601 10.504499 0.020555 -0.244778
1769099776.151070 10.525894 0.015209 -0.246030
1769099776.221372 10.540058 0.011650 -0.251970
1769099776.351089 10.562797 0.005732 -0.249166
1769099776.421913 10.574381 0.002753 -0.247993
1769099776.551104 10.598681 -0.003448 -0.246174
1769099776.622517 10.609163 -0.006156 -0.242991
1769099776.751099 10.632346 -0.011998 -0.246261
1769099776.823084 10.644860 -0.015203 -0.248743
1769099776.951114 10.658630 -0.018746 -0.254612
1769099777.023863 10.680449 -0.024445 -0.254994
1769099777.151109 10.702949 -0.030283 -0.252318
1769099777.224480 10.710392 -0.032194 -0.254510
1769099777.351113 10.736576 -0.039072 -0.261218
1769099777.425114 10.747703 -0.042134 -0.258652
1769099777.551142 10.770458 -0.048335 -0.257872
1769099777.625678 10.783271 -0.051846 -0.254840
1769099777.751187 10.803481 -0.057342 -0.244946
1769099777.826337 10.818608 -0.061259 -0.240742
1769099777.951191 10.841199 -0.066990 -0.232629
1769099778.026995 10.852848 -0.069895 -0.229521
1769099778.151110 10.875303 -0.075335 -0.215962
1769099778.227689 10.885135 -0.077650 -0.207112
1769099778.351124 10.908800 -0.082858 -0.191187
1769099778.428275 10.924259 -0.086038 -0.185316
1769099778.551138 10.946844 -0.090513 -0.175544
1769099778.629021 10.958758 -0.092885 -0.170294
1769099778.751119 10.964542 -0.110433 -0.182473
1769099778.829695 10.964553 -0.121976 -0.183725
1769099778.951133 10.984050 -0.125974 -0.170952
1769099779.030296 10.999741 -0.128929 -0.163931
1769099779.151131 11.022172 -0.132994 -0.156753
1769099779.230888 11.034480 -0.135228 -0.147151
1769099779.351149 11.056513 -0.138931 -0.135667
1769099779.431595 11.068001 -0.140816 -0.127109
1769099779.551261 11.090600 -0.144151 -0.117999
1769099779.632188 11.106625 -0.146350 -0.116272
1769099779.751146 11.128627 -0.149406 -0.119263
1769099779.832896 11.136512 -0.150643 -0.122023
1769099779.951200 11.163576 -0.154387 -0.118020
1769099780.033452 11.178265 -0.156392 -0.117688
1769099780.151136 11.189815 -0.158140 -0.117314
1769099780.234110 11.213961 -0.161237 -0.117023
1769099780.351156 11.235797 -0.164135 -0.119925
1769099780.434771 11.248809 -0.165924 -0.125393
1769099780.551154 11.270432 -0.168993 -0.120756
1769099780.635437 11.285622 -0.171090 -0.116795
1769099780.751147 11.296361 -0.172722 -0.114040
1769099780.836043 11.320592 -0.175810 -0.116708
1769099780.951174 11.342474 -0.178791 -0.119745
1769099781.036720 11.355566 -0.180692 -0.116420
1769099781.151157 11.376680 -0.183596 -0.112940
1769099781.237413 11.389813 -0.185410 -0.114038
1769099781.351184 11.410955 -0.188214 -0.114599
1769099781.438006 11.427175 -0.190373 -0.117762
1769099781.551163 11.445600 -0.192932 -0.123732
1769099781.638628 11.462966 -0.195383 -0.123549
1769099781.751158 11.484014 -0.198345 -0.118433
1769099781.839199 11.497070 -0.200152 -0.119185
1769099781.951267 11.506878 -0.208139 -0.113926
1769099782.039862 11.514682 -0.214308 -0.107897
1769099782.151176 11.532742 -0.216553 -0.111262
1769099782.240453 11.550307 -0.218742 -0.110817
1769099782.351174 11.571012 -0.221283 -0.108907
1769099782.440977 11.584726 -0.222955 -0.109886
1769099782.551196 11.605284 -0.225439 -0.110533
1769099782.641670 11.621944 -0.227471 -0.114022
1769099782.751205 11.639733 -0.229708 -0.115016
1769099782.842254 11.657469 -0.231924 -0.113758
1769099782.951211 11.677637 -0.234413 -0.113604
1769099783.042958 11.691542 -0.236158 -0.113478
1769099783.151221 11.712067 -0.238696 -0.111703
1769099783.243680 11.729485 -0.240843 -0.114304
1769099783.351211 11.746729 -0.243072 -0.113101
1769099783.444218 11.764834 -0.245358 -0.108208
1769099783.551327 11.784873 -0.247763 -0.105301
1769099783.644852 11.792241 -0.248784 -0.105796
1769099783.751321 11.819147 -0.251955 -0.107830
1769099783.845492 11.836443 -0.254093 -0.108847
1769099783.951241 11.846419 -0.255437 -0.112112
1769099784.046127 11.872358 -0.258646 -0.110042
1769099784.151231 11.892055 -0.261111 -0.107272
1769099784.246730 11.899718 -0.262291 -0.100057
1769099784.351295 11.926449 -0.265335 -0.103501
1769099784.447387 11.944306 -0.267558 -0.103579
1769099784.551218 11.953050 -0.268808 -0.106929
1769099784.648061 11.979268 -0.271880 -0.103395
1769099784.751234 11.998474 -0.274163 -0.104841
1769099784.848725 12.012675 -0.275889 -0.108119
1769099784.951297 12.032457 -0.278260 -0.109671
1769099785.049445 12.050870 -0.280495 -0.115228
1769099785.151240 12.065135 -0.287745 -0.109192
1769099785.250021 12.074737 -0.294128 -0.101350
1769099785.351237 12.093801 -0.296242 -0.099742
1769099785.450559 12.112708 -0.298343 -0.103674
1769099785.551289 12.128263 -0.300145 -0.107474
1769099785.651228 12.147569 -0.302412 -0.106262
1769099785.751286 12.166085 -0.304575 -0.109701
1769099785.851290 12.184977 -0.306882 -0.111939
1769099785.951286 12.192494 -0.307941 -0.119816
1769099786.051256 12.219052 -0.311464 -0.128707
1769099786.151339 12.238291 -0.314334 -0.142460
1769099786.251248 12.253600 -0.316987 -0.151967
1769099786.351348 12.272234 -0.320284 -0.155045
1769099786.451348 12.290927 -0.323641 -0.163320
1769099786.551326 12.298313 -0.325232 -0.171178
1769099786.651245 12.325001 -0.330353 -0.183949
1769099786.751254 12.344243 -0.334431 -0.199994
1769099786.851317 12.351801 -0.336261 -0.214925
1769099786.951350 12.377802 -0.342440 -0.230396
1769099787.051262 12.396250 -0.347282 -0.243479
1769099787.151258 12.403730 -0.349518 -0.258855
1769099787.251255 12.430109 -0.357130 -0.284727
1769099787.351322 12.448522 -0.363208 -0.309224
1769099787.451328 12.462989 -0.368381 -0.325042
1769099787.551240 12.481053 -0.375084 -0.341390
1769099787.651295 12.495479 -0.380747 -0.368549
1769099787.751273 12.513260 -0.388115 -0.392130
1769099787.851330 12.531195 -0.396112 -0.411626
1769099787.951250 12.545372 -0.402821 -0.427014
1769099788.051323 12.562647 -0.411213 -0.447613
1769099788.151232 12.579621 -0.419983 -0.464022
1769099788.251325 12.593442 -0.427372 -0.492177
1769099788.351231 12.614840 -0.441509 -0.511082
1769099788.451245 12.636409 -0.456491 -0.535753
1769099788.551258 12.649781 -0.465096 -0.553765
1769099788.651285 12.659086 -0.471163 -0.571904
1769099788.751285 12.681559 -0.486170 -0.589649
1769099788.851323 12.697632 -0.497439 -0.609405
1769099788.951285 12.703690 -0.501954 -0.627250
1769099789.051291 12.725090 -0.517962 -0.645295
1769099789.151292 12.740235 -0.529923 -0.662368
1769099789.251292 12.752108 -0.539655 -0.684365
1769099789.351289 12.767031 -0.552399 -0.703287
1769099789.451309 12.781713 -0.565453 -0.722371
1769099789.551326 12.787431 -0.570915 -0.729417
1769099789.651325 12.807070 -0.589192 -0.750835
1769099789.751319 12.820745 -0.602667 -0.771634
1769099789.851327 12.826316 -0.608353 -0.793186
1769099789.951339 12.845390 -0.628361 -0.813699
1769099790.051317 12.857924 -0.642508 -0.833486
1769099790.151312 12.863079 -0.648415 -0.855540
1769099790.251319 12.880511 -0.669096 -0.875695
1769099790.351322 12.892436 -0.684035 -0.898798
1769099790.451311 12.901994 -0.696576 -0.922001
1769099790.551313 12.913307 -0.711992 -0.947133
1769099790.651319 12.924319 -0.727838 -0.960241
1769099790.751328 12.932905 -0.740485 -0.978695
1769099790.851318 12.943479 -0.756516 -1.004754
1769099790.951333 12.953720 -0.773140 -1.026346
1769099791.051322 12.957705 -0.780012 -1.035395
1769099791.151333 12.971159 -0.803566 -1.052635
1769099791.251332 12.980092 -0.819950 -1.073572
1769099791.351323 12.988754 -0.836614 -1.095218
1769099791.451327 12.992110 -0.843367 -1.109603
1769099791.551444 12.992560 -0.860806 -1.138479
1769099791.651333 12.993652 -0.885126 -1.151588
1769099791.751366 12.998993 -0.902279 -1.170802
1769099791.851373 13.001757 -0.909057 -1.183301
1769099791.951410 13.011612 -0.934345 -1.205562
1769099792.051349 13.018113 -0.952628 -1.224152
1769099792.151341 13.020792 -0.960192 -1.244428
1769099792.251358 13.028977 -0.985733 -1.260415
1769099792.351432 13.034348 -1.003705 -1.274114
1769099792.451348 13.038670 -1.018665 -1.291631
1769099792.551365 13.043765 -1.037786 -1.300421
1769099792.651373 13.048697 -1.056884 -1.308910
1769099792.751330 13.050655 -1.064519 -1.319516
1769099792.851346 13.057036 -1.090431 -1.329974
1769099792.951355 13.061347 -1.109277 -1.339283
1769099793.051359 13.064872 -1.124627 -1.356490
1769099793.151358 13.068746 -1.143807 -1.365502
1769099793.251360 13.072559 -1.162987 -1.368849
1769099793.351372 13.073993 -1.170820 -1.372081
1769099793.451369 13.079062 -1.197189 -1.378612
1769099793.551375 13.082411 -1.215736 -1.391761
1769099793.651366 13.083984 -1.223710 -1.409756
1769099793.751390 13.088089 -1.250741 -1.418906
1769099793.851406 13.090814 -1.269801 -1.426320
1769099793.951416 13.092046 -1.277464 -1.437885
1769099794.051374 13.095402 -1.303578 -1.445055
1769099794.151371 13.097731 -1.322879 -1.455031
1769099794.251374 13.099479 -1.338343 -1.467271
1769099794.351370 13.101254 -1.357506 -1.472626
1769099794.451386 13.103103 -1.376603 -1.477840
1769099794.551382 13.104110 -1.384438 -1.489489
1769099794.651386 13.106221 -1.410782 -1.501527
1769099794.751379 13.104475 -1.419334 -1.506826
1769099794.851386 13.100878 -1.420093 -1.512697
1769099794.951382 13.100084 -1.426691 -1.518262
1769099795.051396 13.101368 -1.453009 -1.524180
1769099795.151394 13.102279 -1.471998 -1.530104
1769099795.251397 13.102881 -1.487668 -1.536897
1769099795.351398 13.103437 -1.507230 -1.550044
1769099795.451397 13.103666 -1.522584 -1.557021
1769099795.551403 13.103835 -1.541830 -1.560102
1769099795.651402 13.103967 -1.560889 -1.564898
1769099795.687372 13.104096 -1.566573 -1.571095
1769099795.687372 13.104096 -1.566573 -1.571095
1769099795.951446 13.103380 -1.615157 -1.601023
1769099796.051418 13.102993 -1.630628 -1.611385
1769099796.151407 13.102563 -1.641550 -1.614474
1769099796.251411 13.101496 -1.667586 -1.625334
1769099796.351412 13.100495 -1.687151 -1.635734
1769099796.451500 13.100349 -1.695134 -1.650522
1769099796.551425 13.098134 -1.721558 -1.661499
1769099796.651424 13.096426 -1.740650 -1.667987
1769099796.751422 13.095816 -1.748285 -1.670577
1769099796.851414 13.093176 -1.774986 -1.680104
1769099796.951424 13.091111 -1.793733 -1.686727
1769099797.051425 13.090137 -1.801565 -1.686729
1769099797.151428 13.086921 -1.828378 -1.683781
1769099797.251428 13.084867 -1.847035 -1.681015
1769099797.351446 13.083106 -1.862126 -1.675915
1769099797.451473 13.081023 -1.881038 -1.673410
1769099797.551517 13.079059 -1.900011 -1.675998
1769099797.651472 13.076842 -1.918890 -1.676998
1769099797.751531 13.075936 -1.926690 -1.677629
1769099797.851506 13.072976 -1.953541 -1.671290
1769099797.951467 13.064975 -1.965867 -1.670420
1769099798.051442 13.052916 -1.971295 -1.676362
1769099798.151467 13.046312 -1.986470 -1.676381
1769099798.251446 13.044081 -2.005805 -1.677380
1769099798.351465 13.042998 -2.013452 -1.672527
1769099798.451449 13.040157 -2.039847 -1.670944
1769099798.551445 13.038159 -2.059082 -1.670851
1769099798.651452 13.037140 -2.066645 -1.667367
1769099798.751454 13.034205 -2.093753 -1.670076
1769099798.851453 13.031976 -2.113269 -1.669069
1769099798.951465 13.030223 -2.128160 -1.664514
1769099799.051464 13.028912 -2.139476 -1.662259
1769099799.151462 13.026177 -2.165205 -1.656941
1769099799.251459 13.024147 -2.184702 -1.656192
1769099799.351461 13.023039 -2.192512 -1.652619
1769099799.451526 13.020367 -2.219453 -1.652661
1769099799.551472 13.018884 -2.234699 -1.653442
1769099799.651465 13.017068 -2.253836 -1.651996
1769099799.751507 13.015290 -2.272947 -1.654803
1769099799.851501 13.013695 -2.288498 -1.658258
1769099799.951514 13.011610 -2.308099 -1.658256
1769099800.051479 13.009730 -2.326891 -1.659373
1769099800.151480 13.008168 -2.342097 -1.659826
1769099800.251474 13.007091 -2.353555 -1.663800
1769099800.351480 13.004618 -2.379830 -1.664670
1769099800.451483 13.002702 -2.399350 -1.667914
1769099800.551493 13.001069 -2.414847 -1.672095
1769099800.651480 12.998971 -2.434025 -1.665588
1769099800.751497 12.997100 -2.452886 -1.660923
1769099800.851483 12.996472 -2.460514 -1.665819
1769099800.901163 12.994517 -2.479379 -1.663366
1769099801.051494 12.991760 -2.506589 -1.664826
1769099801.101805 12.990808 -2.514334 -1.660839
1769099801.251497 12.980645 -2.548404 -1.660146
1769099801.302516 12.977859 -2.551235 -1.656282
1769099801.451513 12.974571 -2.585172 -1.648331
1769099801.503088 12.973548 -2.596410 -1.647865
1769099801.651543 12.970934 -2.623341 -1.647729
1769099801.703729 12.970052 -2.631451 -1.645795
1769099801.851556 12.967579 -2.657484 -1.637577
1769099801.904379 12.966866 -2.665240 -1.634024
1769099802.051528 12.964833 -2.691405 -1.623974
1769099802.105137 12.964185 -2.703142 -1.623178
1769099802.251527 12.962639 -2.730222 -1.620663
1769099802.305911 12.962159 -2.738801 -1.617343
1769099802.451530 12.960814 -2.765104 -1.597878
1769099802.506466 12.960578 -2.766904 -1.594044
1769099802.651565 12.959730 -2.791539 -1.578576
1769099802.707173 12.959642 -2.811936 -1.576520
1769099802.851541 12.959334 -2.838699 -1.562746
1769099802.907891 12.959296 -2.847333 -1.559380
1769099803.051552 12.959404 -2.872870 -1.540929
1769099803.108496 12.959313 -2.875471 -1.536910
1769099803.251563 12.960370 -2.900138 -1.534096
1769099803.310197 12.961211 -2.920716 -1.529132
1769099803.451552 12.962354 -2.946688 -1.514307
1769099803.510163 12.962676 -2.954451 -1.502998
1769099803.651537 12.964838 -2.981227 -1.480616
1769099803.710573 12.965012 -2.984443 -1.471848
1769099803.851562 12.967480 -3.007086 -1.452657
1769099803.911434 12.970262 -3.027916 -1.433958
1769099804.051564 12.974036 -3.051795 -1.384676
1769099804.112033 12.975722 -3.060394 -1.357381
1769099804.251546 12.981371 -3.083144 -1.294339
1769099804.312664 12.983994 -3.091873 -1.264664
1769099804.451551 12.979314 -3.087451 -1.176900
1769099804.513293 12.975491 -3.080987 -1.141238
1769099804.651635 12.985446 -3.101580 -1.067711
1769099804.713970 12.987176 -3.104949 -1.034070
1769099804.851579 12.996469 -3.120955 -0.951360
1769099804.914699 13.006997 -3.135607 -0.914620
1769099805.051580 13.019656 -3.151093 -0.824837
1769099805.115499 13.025217 -3.157094 -0.785993
1769099805.251581 13.040141 -3.171390 -0.700900
1769099805.316175 13.047235 -3.177247 -0.661509
1769099805.451576 13.057749 -3.185309 -0.580800
1769099805.516949 13.072718 -3.195055 -0.543959
1769099805.651640 13.090417 -3.205110 -0.464552
1769099805.717566 13.094991 -3.207379 -0.425190
1769099805.851672 13.111194 -3.214727 -0.357242
1769099805.918286 13.128927 -3.221211 -0.318486
1769099806.051664 13.149206 -3.227126 -0.243415
1769099806.118853 13.157897 -3.229119 -0.205319
1769099806.251594 13.171533 -3.231934 -0.135038
1769099806.319724 13.190156 -3.234359 -0.103408
1769099806.451600 13.158175 -3.114682 -0.092411
1769099806.520437 13.131422 -3.050470 -0.094441
1769099806.651602 13.147093 -3.051815 -0.068567
1769099806.721261 13.169586 -3.053491 -0.069045
1769099806.851664 13.193531 -3.055122 -0.084601
1769099806.922150 13.200798 -3.055694 -0.094701
1769099807.051623 13.227083 -3.058519 -0.130322
1769099807.122937 13.234972 -3.059617 -0.154513
1769099807.251616 13.262958 -3.064359 -0.197994
1769099807.323636 13.270125 -3.065859 -0.233302
1769099807.451616 13.294312 -3.072172 -0.285934
1769099807.524333 13.301199 -3.074210 -0.321771
1769099807.651628 13.317923 -3.079822 -0.382600
1769099807.724893 13.336442 -3.087415 -0.421243
1769099807.851610 13.354270 -3.095938 -0.489475
1769099807.925646 13.359814 -3.098779 -0.535021
1769099808.051625 13.378864 -3.110573 -0.619919
1769099808.126228 13.387008 -3.116623 -0.678959
1769099808.251616 13.455725 -3.153394 -0.736785
1769099808.326938 13.477499 -3.168830 -0.776419
1769099808.451635 13.489944 -3.181796 -0.900123
1769099808.527542 13.493753 -3.186622 -0.976130
1769099808.651642 13.502176 -3.199809 -1.114494
1769099808.728247 13.506167 -3.208265 -1.198727
1769099808.851630 13.510613 -3.221454 -1.338807
1769099808.928878 13.511857 -3.225739 -1.425557
1769099809.051646 13.513614 -3.241141 -1.567307
1769099809.129579 13.513516 -3.246845 -1.656888
1769099809.251701 13.513053 -3.255748 -1.798115
1769099809.330292 13.509826 -3.268861 -1.896442
1769099809.451659 13.505233 -3.280348 -2.043020
1769099809.530939 13.502223 -3.286135 -2.144529
1769099809.651696 13.498063 -3.292603 -2.286717
1769099809.731462 13.489414 -3.302257 -2.381363
1769099809.851673 13.481144 -3.309539 -2.511472
1769099809.932009 13.475477 -3.313686 -2.590590
1769099810.051667 13.459721 -3.322608 -2.698851
1769099810.132432 13.452168 -3.325843 -2.765930
1769099810.251669 13.437152 -3.331487 -2.873071
1769099810.333082 13.425603 -3.334448 -2.936914
1769099810.451673 13.409123 -3.337130 -3.032005
1769099810.533795 13.399933 -3.337786 -3.096649
1769099810.651726 13.389123 -3.338210 3.112647
1769099810.734431 13.381386 -3.337757 3.097050
1769099810.851677 13.379251 -3.337568 3.096312
1769099810.934813 13.379150 -3.337532 3.096303
1769099811.051686 13.379088 -3.337484 3.095846
1769099811.135361 13.379062 -3.337452 3.095563
1769099811.251688 13.379030 -3.337410 3.095218
1769099811.335980 13.379008 -3.337383 3.095004
1769099811.451684 13.378981 -3.337348 3.094744
1769099811.536622 13.378962 -3.337325 3.094576
1769099811.651674 13.378939 -3.337295 3.094374
1769099811.737281 13.378923 -3.337274 3.094241
1769099811.851737 13.378902 -3.337248 3.094082
1769099811.937937 13.378887 -3.337229 3.093977
1769099812.051723 13.378868 -3.337206 3.093852
1769099812.138597 13.378855 -3.337189 3.093768
1769099812.251700 13.378838 -3.337167 3.093670
1769099812.339262 13.378826 -3.337151 3.093602
1769099812.451687 13.378810 -3.337132 3.093524
1769099812.539900 13.378799 -3.337117 3.093470
1769099812.651711 13.378784 -3.337099 3.093408
1769099812.740556 13.378718 -3.337047 3.096210
1769099812.851714 13.378306 -3.337019 3.101733
1769099812.941230 13.378094 -3.336972 3.107962
1769099813.051765 13.377900 -3.336881 3.117902
1769099813.141811 13.377719 -3.336926 3.125547
1769099813.251706 13.377697 -3.336905 3.135722
1769099813.342498 13.377743 -3.336872 -3.138526
1769099813.451732 13.377703 -3.336817 -3.129070
1769099813.543224 13.377728 -3.336852 -3.120573
1769099813.651788 13.377870 -3.336830 -3.110027
1769099813.743787 13.377811 -3.336730 -3.100771
1769099813.851767 13.377717 -3.336738 -3.091031
1769099813.944498 13.377848 -3.336777 -3.082507
1769099814.051772 13.377865 -3.336756 -3.070582
1769099814.145171 13.377784 -3.336745 -3.061416
1769099814.251735 13.377771 -3.336672 -3.051147
1769099814.345833 13.377957 -3.336687 -3.042144
1769099814.451740 13.377867 -3.336690 -3.031040
1769099814.546532 13.377778 -3.336613 -3.021390
1769099814.651749 13.377914 -3.336644 -3.012690
1769099814.747128 13.377879 -3.336629 -3.002666
1769099814.851763 13.377714 -3.336569 -2.992262
1769099814.947895 13.377797 -3.336604 -2.984333
1769099815.051739 13.377882 -3.336566 -2.975370
1769099815.148425 13.377809 -3.336476 -2.964840
1769099815.251749 13.377754 -3.336548 -2.955307
1769099815.349074 13.377837 -3.336516 -2.946993
1769099815.451754 13.377788 -3.336518 -2.936992
1769099815.549684 13.377656 -3.336531 -2.927465
1769099815.651763 13.377756 -3.336513 -2.918643
1769099815.750406 13.377768 -3.336492 -2.909269
1769099815.851848 13.377638 -3.336440 -2.898905
1769099815.950979 13.377705 -3.336486 -2.889921
1769099816.051749 13.377797 -3.336452 -2.880524
1769099816.151620 13.377696 -3.336364 -2.869583
1769099816.251763 13.377602 -3.336469 -2.860665
1769099816.351770 13.377628 -3.336463 -2.852358
1769099816.451818 13.377573 -3.336469 -2.842957
1769099816.551783 13.377483 -3.336432 -2.834404
1769099816.651772 13.377513 -3.336469 -2.826213
1769099816.751780 13.377598 -3.336423 -2.816836
1769099816.851796 13.377534 -3.336420 -2.806498
1769099816.951767 13.377515 -3.336433 -2.797500
1769099817.051763 13.377604 -3.336391 -2.788685
1769099817.151768 13.377555 -3.336369 -2.778065
1769099817.251788 13.377424 -3.336360 -2.768233
1769099817.351799 13.377481 -3.336391 -2.759277
1769099817.451795 13.377482 -3.336392 -2.750113
1769099817.551794 13.377372 -3.336334 -2.739460
1769099817.651840 13.377289 -3.336385 -2.731313
1769099817.751805 13.377375 -3.336374 -2.721521
1769099817.851821 13.377314 -3.336416 -2.711841
1769099817.951873 13.377252 -3.336379 -2.704148
1769099818.051813 13.377224 -3.336382 -2.695546
1769099818.151860 13.377257 -3.336423 -2.685462
1769099818.251792 13.377159 -3.336458 -2.676395
1769099818.351814 13.377144 -3.336400 -2.669346
1769099818.451811 13.377150 -3.336368 -2.659308
1769099818.551799 13.377137 -3.336431 -2.649044
1769099818.651833 13.377066 -3.336462 -2.640156
1769099818.751813 13.377011 -3.336394 -2.631112
1769099818.851813 13.377005 -3.336387 -2.620275
1769099818.951805 13.377027 -3.336452 -2.611655
1769099819.051817 13.376966 -3.336417 -2.604101
1769099819.151821 13.376943 -3.336467 -2.592532
1769099819.251819 13.376976 -3.336469 -2.583131
1769099819.351822 13.376879 -3.336469 -2.575430
1769099819.451812 13.376806 -3.336539 -2.564749
1769099819.551827 13.376849 -3.336511 -2.553488
1769099819.651828 13.376824 -3.336480 -2.546490
1769099819.751837 13.376803 -3.336534 -2.537765
1769099819.851838 13.376847 -3.336507 -2.527809
1769099819.951852 13.376837 -3.336456 -2.519461
1769099820.051854 13.376864 -3.336488 -2.512064
1769099820.151837 13.376824 -3.336519 -2.502944
1769099820.251841 13.376778 -3.336464 -2.492131
1769099820.351835 13.376898 -3.336449 -2.483400
1769099820.451841 13.376829 -3.336485 -2.473175
1769099820.551828 13.376728 -3.336442 -2.460423
1769099820.651857 13.376783 -3.336429 -2.451313
1769099820.751844 13.376781 -3.336466 -2.442351
1769099820.851890 13.376702 -3.336410 -2.430143
1769099820.951851 13.376805 -3.336415 -2.420462
1769099821.051860 13.376808 -3.336418 -2.412235
1769099821.151850 13.376731 -3.336365 -2.400787
1769099821.251846 13.376789 -3.336395 -2.390286
1769099821.351862 13.376813 -3.336384 -2.382723
1769099821.451862 13.376793 -3.336360 -2.373208
1769099821.551862 13.376794 -3.336360 -2.363519
1769099821.651855 13.376854 -3.336314 -2.354940
1769099821.751905 13.376829 -3.336324 -2.346436
1769099821.851877 13.376797 -3.336324 -2.335398
1769099821.951862 13.376769 -3.336290 -2.324563
1769099822.051879 13.376863 -3.336247 -2.315747
1769099822.151884 13.376854 -3.336236 -2.305898
1769099822.251888 13.376820 -3.336273 -2.294635
1769099822.351879 13.376805 -3.336214 -2.285030
1769099822.451867 13.376897 -3.336130 -2.275143
1769099822.551875 13.376895 -3.336127 -2.264289
1769099822.651876 13.376894 -3.336126 -2.254420
1769099822.751929 13.376885 -3.336076 -2.246771
1769099822.851854 13.376956 -3.336005 -2.235319
1769099822.951961 13.376891 -3.336082 -2.224563
1769099823.051878 13.376898 -3.336013 -2.217354
1769099823.151941 13.376983 -3.335922 -2.208638
1769099823.251869 13.376934 -3.335979 -2.197804
1769099823.351893 13.376899 -3.335975 -2.189591
1769099823.451936 13.376967 -3.335903 -2.179654
1769099823.551888 13.376989 -3.335853 -2.164488
1769099823.651896 13.376897 -3.335856 -2.147390
1769099823.751895 13.376921 -3.335923 -2.127745
1769099823.851910 13.376932 -3.335861 -2.107709
1769099823.951904 13.376936 -3.335865 -2.087235
1769099824.051987 13.376963 -3.335823 -2.066764
1769099824.151913 13.376885 -3.335839 -2.049006
1769099824.251951 13.376874 -3.335827 -2.028919
1769099824.351904 13.376941 -3.335798 -2.009913
1769099824.451906 13.376953 -3.335776 -1.990259
1769099824.551910 13.376889 -3.335735 -1.970547
1769099824.651899 13.376925 -3.335778 -1.950166
1769099824.751920 13.376871 -3.335713 -1.930174
1769099824.851916 13.376909 -3.335759 -1.910748
1769099824.951895 13.376892 -3.335806 -1.892056
1769099825.051916 13.376836 -3.335772 -1.873927
1769099825.151899 13.376852 -3.335858 -1.854370
1769099825.251923 13.376860 -3.335834 -1.834914
1769099825.351927 13.376812 -3.335776 -1.816057
1769099825.451929 13.376852 -3.335793 -1.795751
1769099825.551934 13.376845 -3.335815 -1.776806
1769099825.651937 13.376790 -3.335811 -1.757609
1769099825.751934 13.376821 -3.335848 -1.738574
1769099825.851913 13.376805 -3.335918 -1.720481
1769099825.951935 13.376764 -3.335839 -1.701428
1769099826.051980 13.376764 -3.335838 -1.682651
1769099826.151951 13.376792 -3.335872 -1.662842
1769099826.251939 13.376746 -3.335817 -1.644273
1769099826.351945 13.376757 -3.335775 -1.625375
1769099826.451939 13.376790 -3.335787 -1.606113
1769099826.551940 13.376751 -3.335767 -1.588844
1769099826.651946 13.376757 -3.335748 -1.571751
1769099826.751943 13.376780 -3.335775 -1.552296
1769099826.851930 13.376782 -3.335753 -1.533068
1769099826.951960 13.376741 -3.335656 -1.514045
1769099827.051947 13.376773 -3.335695 -1.494807
1769099827.152003 13.376775 -3.335673 -1.476179
1769099827.251959 13.376753 -3.335670 -1.460627
1769099827.351938 13.376792 -3.335738 -1.447807
1769099827.451939 13.376798 -3.335745 -1.438669
1769099827.551973 13.376774 -3.335674 -1.430301
1769099827.651946 13.376809 -3.335820 -1.420544
1769099827.751975 13.376809 -3.335800 -1.412209
1769099827.851995 13.376800 -3.335809 -1.404177
1769099827.952009 13.376971 -3.336725 -1.393163
1769099828.051971 13.377138 -3.337623 -1.381263
1769099828.151998 13.377308 -3.338491 -1.369778
1769099828.251973 13.377372 -3.338869 -1.359046
1769099828.351969 13.377675 -3.340197 -1.348158
1769099828.451962 13.377915 -3.341233 -1.335647
1769099828.551985 13.378041 -3.341784 -1.325365
1769099828.651986 13.378704 -3.344349 -1.314112
1769099828.751989 13.379248 -3.346377 -1.302454
1769099828.851979 13.379476 -3.347243 -1.293132
1769099828.951960 13.380392 -3.350395 -1.281954
1769099829.051988 13.381506 -3.354073 -1.270498
1769099829.152030 13.382083 -3.355990 -1.259369
1769099829.251988 13.383956 -3.361800 -1.250635
1769099829.351994 13.387640 -3.372774 -1.247309
1769099829.451998 13.390538 -3.381378 -1.249395
1769099829.552019 13.391870 -3.385344 -1.251169
1769099829.652026 13.395203 -3.395326 -1.255618
1769099829.752007 13.398629 -3.405796 -1.257434
1769099829.851984 13.403649 -3.421257 -1.259413
1769099829.952027 13.405174 -3.426022 -1.256091
1769099830.052011 13.411311 -3.375878 -1.261772
1769099830.152008 13.414559 -3.268882 -1.273088
1769099830.252010 13.417488 -3.228834 -1.275882
1769099830.352007 13.420878 -3.239927 -1.274031
1769099830.451993 13.425283 -3.254155 -1.274446
1769099830.551995 13.428966 -3.266068 -1.279196
1769099830.652056 13.431710 -3.275375 -1.276801
1769099830.751995 13.438158 -3.296946 -1.277599
1769099830.852014 13.442829 -3.312569 -1.271517
1769099830.952078 13.446562 -3.324617 -1.272270
1769099831.052027 13.451172 -3.339698 -1.278321
1769099831.152037 13.453142 -3.345872 -1.289278
1769099831.252020 13.459287 -3.367496 -1.296201
1769099831.352026 13.463667 -3.383251 -1.308277
1769099831.452033 13.465490 -3.389475 -1.324237
1769099831.552014 13.470838 -3.411083 -1.336067
1769099831.601458 13.470972 -3.411068 -1.342813
1769099831.752031 13.476064 -3.432402 -1.355218
1769099831.802196 13.479505 -3.447845 -1.361925
1769099831.952032 13.484171 -3.469992 -1.382547
1769099832.002997 13.484344 -3.470275 -1.386272
1769099832.152084 13.488451 -3.492411 -1.394994
1769099832.203615 13.489669 -3.499132 -1.397836
1769099832.352041 13.493586 -3.520776 -1.407817
1769099832.404199 13.496192 -3.536506 -1.411418
1769099832.552056 13.500009 -3.558480 -1.419111
1769099832.605052 13.500978 -3.564806 -1.416683
1769099832.752048 13.503735 -3.581127 -1.420769
1769099832.805750 13.504832 -3.588732 -1.418348
1769099832.952062 13.507898 -3.609310 -1.412646
1769099833.006245 13.510444 -3.624899 -1.410712
1769099833.152101 13.514141 -3.646664 -1.411988
1769099833.207060 13.514328 -3.647285 -1.415170
1769099833.352072 13.517622 -3.668868 -1.414682
1769099833.407950 13.518854 -3.677146 -1.413656
1769099833.552060 13.521980 -3.697850 -1.411846
1769099833.608466 13.524500 -3.713419 -1.414722
1769099833.752048 13.527909 -3.734973 -1.417888
1769099833.809290 13.528290 -3.737189 -1.418979
1769099833.952151 13.516888 -3.756787 -1.423012
1769099834.009867 13.513279 -3.772588 -1.427155
1769099834.152080 13.516194 -3.794847 -1.427303
1769099834.210489 13.516468 -3.797526 -1.426041
1769099834.352082 13.518937 -3.816649 -1.421548
1769099834.411118 13.520330 -3.825886 -1.423074
1769099834.552125 13.524605 -3.854283 -1.430768
1769099834.611993 13.525367 -3.860744 -1.428808
1769099834.752065 13.528393 -3.883146 -1.429027
1769099834.812565 13.528789 -3.886551 -1.429258
1769099834.952096 13.531212 -3.905806 -1.427945
1769099835.013263 13.533521 -3.922740 -1.428675
1769099835.152156 13.536451 -3.942755 -1.432603
1769099835.214030 13.537003 -3.946552 -1.435337
1769099835.352139 13.539526 -3.964822 -1.440019
1769099835.414760 13.540780 -3.975342 -1.439529
1769099835.552084 13.544001 -4.003190 -1.436699
1769099835.615364 13.544091 -4.004898 -1.436773
1769099835.752132 13.547499 -4.031589 -1.439635
1769099835.815997 13.547619 -4.033226 -1.440168
1769099835.952156 13.550140 -4.052876 -1.445044
1769099836.016759 13.552025 -4.068484 -1.445091
1769099836.152081 13.554660 -4.090890 -1.449192
1769099836.220077 13.554784 -4.093153 -1.449679
1769099836.220077 13.554784 -4.093153 -1.449679
1769099836.220077 13.554784 -4.093153 -1.449679
1769099836.552114 13.559747 -4.144320 -1.437635
1769099836.618798 13.560775 -4.152473 -1.442265
1769099836.752122 13.563202 -4.172705 -1.453218
1769099836.819436 13.565219 -4.191032 -1.457356
1769099836.952102 13.566965 -4.211015 -1.454237
1769099837.020098 13.567610 -4.217496 -1.458911
1769099837.152108 13.569872 -4.239592 -1.466879
1769099837.220883 13.570425 -4.245354 -1.469767
1769099837.352129 13.571924 -4.261380 -1.470241
1769099837.421505 13.573780 -4.280001 -1.473903
1769099837.552145 13.562104 -4.300317 -1.483182
1769099837.622289 13.554763 -4.302770 -1.488040
1769099837.752175 13.555645 -4.322155 -1.481422
1769099837.822928 13.557025 -4.340379 -1.478137
1769099837.952177 13.557617 -4.350314 -1.482074
1769099838.023545 13.558890 -4.366218 -1.486706
1769099838.152132 13.559900 -4.381999 -1.490307
1769099838.224164 13.560781 -4.395491 -1.493043
1769099838.352153 13.561763 -4.411101 -1.501856
1769099838.424913 13.562576 -4.424850 -1.507129
1769099838.552150 13.563301 -4.439837 -1.509730
1769099838.625635 13.564077 -4.451977 -1.511332
1769099838.752152 13.565266 -4.471071 -1.515309
1769099838.826145 13.565864 -4.484761 -1.516300
1769099838.952159 13.566828 -4.509188 -1.521512
1769099839.026959 13.566966 -4.515300 -1.522731
1769099839.152165 13.567260 -4.531326 -1.520836
1769099839.227541 13.567966 -4.550370 -1.529716
1769099839.352148 13.568214 -4.569276 -1.540717
1769099839.428159 13.568161 -4.572422 -1.545934
1769099839.552225 13.568405 -4.591387 -1.563314
1769099839.628950 13.568276 -4.603064 -1.572469
1769099839.752176 13.567922 -4.620310 -1.588742
1769099839.829562 13.567495 -4.633174 -1.596368
1769099839.952209 13.566737 -4.651475 -1.607503
1769099840.030205 13.566337 -4.661282 -1.614631
1769099840.152174 13.565268 -4.680202 -1.629720
1769099840.230954 13.563976 -4.695919 -1.638613
1769099840.352180 13.562385 -4.711713 -1.651940
1769099840.431592 13.560657 -4.727284 -1.656810
1769099840.552242 13.559051 -4.740203 -1.663857
1769099840.632259 13.557657 -4.752230 -1.670671
1769099840.752168 13.554354 -4.778053 -1.681399
1769099840.833016 13.553573 -4.784511 -1.694455
1769099840.952132 13.550118 -4.807414 -1.713602
1769099841.033690 13.548522 -4.817469 -1.725143
1769099841.152192 13.546479 -4.829575 -1.737609
1769099841.234183 13.544118 -4.841845 -1.741772
1769099841.352210 13.533476 -4.890696 -1.749108
1769099841.434899 13.528158 -4.913574 -1.755093
1769099841.552196 13.523836 -4.935098 -1.774091
1769099841.635564 13.521454 -4.945730 -1.786156
1769099841.752238 13.518602 -4.957444 -1.796781
1769099841.836204 13.513627 -4.977302 -1.801383
1769099841.952260 13.511450 -4.985459 -1.805236
1769099842.036959 13.507330 -5.000941 -1.810728
1769099842.152204 13.503008 -5.016378 -1.819487
1769099842.237605 13.500020 -5.027014 -1.829676
1769099842.352222 13.494928 -5.044625 -1.842964
1769099842.438177 13.489528 -5.062530 -1.854181
1769099842.552222 13.483702 -5.081081 -1.867295
1769099842.638746 13.481795 -5.087122 -1.876458
1769099842.752221 13.474730 -5.108410 -1.888255
1769099842.839573 13.470603 -5.119932 -1.896277
1769099842.952246 13.467054 -5.129680 -1.908066
1769099843.040216 13.461127 -5.145020 -1.913862
1769099843.152220 13.453182 -5.165789 -1.921830
1769099843.240864 13.448807 -5.177101 -1.931596
1769099843.352231 13.445076 -5.186378 -1.941958
1769099843.441452 13.437874 -5.203784 -1.956850
1769099843.552221 13.429915 -5.221926 -1.968355
1769099843.641974 13.427346 -5.228016 -1.980567
1769099843.752249 13.417831 -5.248737 -1.989645
1769099843.842775 13.412382 -5.260319 -1.994978
1769099843.952324 13.408656 -5.268961 -2.009237
1769099844.043405 13.402242 -5.282904 -2.024292
1769099844.152293 13.395322 -5.297135 -2.038945
1769099844.244071 13.389939 -5.307807 -2.047968
1769099844.352312 13.378886 -5.328768 -2.048159
1769099844.444508 13.372669 -5.340858 -2.048837
1769099844.552337 13.368600 -5.348759 -2.047227
1769099844.645199 13.362076 -5.361826 -2.051682
1769099844.752252 13.354457 -5.376887 -2.057100
1769099844.845906 13.345258 -5.394651 -2.061521
1769099844.952237 13.342545 -5.381267 -2.049073
1769099845.046475 13.332122 -5.382189 -2.039282
1769099845.152314 13.324759 -5.396874 -2.037506
1769099845.247113 13.319861 -5.406582 -2.030903
1769099845.352352 13.315440 -5.416123 -2.036067
1769099845.447910 13.306145 -5.435128 -2.036914
1769099845.552324 13.302709 -5.442144 -2.033498
1769099845.648559 13.295870 -5.456071 -2.028858
1769099845.752260 13.285955 -5.476621 -2.017540
1769099845.851909 13.279227 -5.491185 -2.007570
1769099845.851909 13.279227 -5.491185 -2.007570
1769099845.851909 13.279227 -5.491185 -2.007570
1769099846.152262 13.264932 -5.522692 -1.973241
1769099846.250443 13.258796 -5.537430 -1.966954
1769099846.352338 13.252667 -5.552640 -1.964572
1769099846.451201 13.244268 -5.573324 -1.956487
1769099846.552249 13.241736 -5.579098 -1.943753
1769099846.652260 13.236042 -5.593993 -1.931122
1769099846.654592 13.235938 -5.594279 -1.930997
1769099846.654592 13.235938 -5.594279 -1.930997
1769099846.952353 13.218904 -5.642040 -1.907968
1769099847.052244 13.213721 -5.657529 -1.901164
1769099847.152259 13.211699 -5.663723 -1.897501
1769099847.252323 13.206597 -5.679223 -1.890158
1769099847.352333 13.202587 -5.691290 -1.877908
1769099847.452254 13.197953 -5.706151 -1.864832
1769099847.552286 13.191867 -5.727371 -1.855536
1769099847.652358 13.190103 -5.733385 -1.850066
1769099847.752345 13.185825 -5.749022 -1.846939
1769099847.852319 13.181436 -5.764858 -1.835310
1769099847.952360 13.177406 -5.780091 -1.821655
1769099848.052289 13.174473 -5.792557 -1.819404
1769099848.152389 13.170841 -5.808055 -1.812463
1769099848.252303 13.165891 -5.829726 -1.799021
1769099848.352385 13.164487 -5.835588 -1.790051
1769099848.452309 13.161101 -5.851157 -1.781357
1769099848.552341 13.156513 -5.873469 -1.775260
1769099848.652308 13.154987 -5.879816 -1.762249
1769099848.752311 13.137893 -5.891236 -1.756157
1769099848.852328 13.118127 -5.907769 -1.758456
1769099848.952300 13.115894 -5.913541 -1.752489
1769099849.052321 13.113130 -5.929423 -1.743319
1769099849.152323 13.110526 -5.945464 -1.734777
1769099849.252319 13.108441 -5.958216 -1.725965
1769099849.352328 13.105927 -5.974070 -1.714823
1769099849.452345 13.103603 -5.989791 -1.701953
1769099849.552358 13.101899 -6.002467 -1.690824
1769099849.652344 13.100009 -6.018229 -1.679882
1769099849.752341 13.098443 -6.033110 -1.672179
1769099849.852379 13.096505 -6.055403 -1.668965
1769099849.952367 13.095877 -6.061867 -1.662487
1769099850.052337 13.093940 -6.084615 -1.655263
1769099850.152328 13.093280 -6.091141 -1.646151
1769099850.252338 13.092012 -6.106845 -1.635877
1769099850.352333 13.090790 -6.122710 -1.624135
1769099850.452301 13.089393 -6.144988 -1.616183
1769099850.552324 13.088915 -6.151366 -1.616961
1769099850.652336 13.088015 -6.167459 -1.618296
1769099850.752321 13.087170 -6.180437 -1.615494
1769099850.852341 13.086249 -6.196749 -1.617745
1769099850.952353 13.085407 -6.212652 -1.626532
1769099851.052430 13.084496 -6.225099 -1.627707
1769099851.152364 13.083508 -6.240782 -1.634903
1769099851.252346 13.082334 -6.257090 -1.646387
1769099851.352349 13.080244 -6.279548 -1.660712
1769099851.452347 13.079619 -6.285995 -1.674050
1769099851.552435 13.077672 -6.302002 -1.678446
1769099851.652387 13.075988 -6.314776 -1.673145
1769099851.752401 13.074184 -6.330186 -1.670272
1769099851.852393 13.072418 -6.345918 -1.670754
1769099851.871727 13.072156 -6.348352 -1.671547
1769099851.871727 13.072156 -6.348352 -1.671547
1769099852.152361 13.067419 -6.391090 -1.680547
1769099852.252355 13.064793 -6.413149 -1.677809
1769099852.352359 13.055778 -6.402894 -1.675233
1769099852.452367 13.043481 -6.405017 -1.676066
1769099852.552382 13.039977 -6.417348 -1.677028
1769099852.652387 13.039279 -6.423842 -1.675741
1769099852.752383 13.037609 -6.439773 -1.669226
1769099852.852371 13.035427 -6.462316 -1.657948
1769099852.952375 13.034724 -6.468732 -1.649750
1769099853.052430 13.032972 -6.491093 -1.637721
1769099853.075689 13.032879 -6.491067 -1.634576
1769099853.075689 13.032879 -6.491067 -1.634576
1769099853.352443 13.030651 -6.535632 -1.608743
1769099853.452386 13.030217 -6.551970 -1.607887
1769099853.552389 13.030006 -6.558442 -1.602894
1769099853.652424 13.029587 -6.574462 -1.593342
1769099853.752388 13.029388 -6.587276 -1.583333
1769099853.852508 13.029300 -6.603186 -1.571270
1769099853.952435 13.029405 -6.618946 -1.561761
1769099854.052409 13.029624 -6.631747 -1.555684
1769099854.152420 13.029974 -6.647853 -1.545683
1769099854.252412 13.030549 -6.664228 -1.543222
1769099854.352402 13.030929 -6.677232 -1.542402
1769099854.452405 13.031416 -6.693378 -1.542183
1769099854.552477 13.031917 -6.709165 -1.535177
1769099854.652405 13.032524 -6.721943 -1.535902
1769099854.752402 13.033230 -6.738027 -1.537554
1769099854.852406 13.033915 -6.760547 -1.535737
1769099854.952459 13.034021 -6.767123 -1.531229
1769099855.052418 13.034507 -6.783308 -1.528339
1769099855.152413 13.034937 -6.796165 -1.528949
1769099855.252414 13.035596 -6.812025 -1.530367
1769099855.352412 13.036193 -6.827799 -1.529270
1769099855.452415 13.037098 -6.849871 -1.526485
1769099855.552455 13.037272 -6.856328 -1.526666
1769099855.652439 13.037805 -6.872467 -1.529635
1769099855.752457 13.038084 -6.885356 -1.527442
1769099855.852458 13.038633 -6.901344 -1.526120
1769099855.952523 13.039290 -6.917261 -1.523199
1769099856.052447 13.040181 -6.939383 -1.519522
1769099856.152491 13.036823 -6.938886 -1.521494
1769099856.252425 13.032211 -6.944717 -1.527314
1769099856.352497 13.031074 -6.957816 -1.530273
1769099856.452435 13.031411 -6.970796 -1.533379
1769099856.552459 13.031863 -6.986666 -1.535516
1769099856.652451 13.032284 -7.002482 -1.531460
1769099856.752486 13.032675 -7.015137 -1.527947
1769099856.852442 13.033214 -7.031000 -1.527157
1769099856.952443 13.033685 -7.047138 -1.529561
1769099857.052463 13.033961 -7.060115 -1.530590
1769099857.152448 13.034430 -7.076234 -1.530617
1769099857.252449 13.034983 -7.092305 -1.530793
1769099857.352462 13.035543 -7.104952 -1.535513
1769099857.452462 13.036039 -7.120754 -1.532597
1769099857.552454 13.036481 -7.133675 -1.530032
1769099857.652448 13.037146 -7.149860 -1.532592
1769099857.752456 13.037729 -7.166124 -1.538492
1769099857.852461 13.038082 -7.179099 -1.541152
1769099857.952486 13.038466 -7.195057 -1.535272
1769099858.052492 13.039008 -7.210934 -1.529969
1769099858.152488 13.039886 -7.233108 -1.530764
1769099858.252474 13.040021 -7.239499 -1.530181
1769099858.352474 13.040786 -7.262228 -1.533892
1769099858.452496 13.040677 -7.262219 -1.534684
1769099858.552466 13.041457 -7.284978 -1.537714
1769099858.652469 13.041538 -7.284978 -1.542642
1769099858.691448 13.041591 -7.284980 -1.544538
1769099858.852475 13.041918 -7.284993 -1.552253
1769099858.952499 13.043468 -7.345748 -1.552181
1769099859.052485 13.044024 -7.358725 -1.554779
1769099859.152494 13.044537 -7.374995 -1.557237
1769099859.252498 13.044943 -7.391161 -1.553764
1769099859.352560 13.045129 -7.391176 -1.551356
1769099859.452485 13.046005 -7.419099 -1.548210
1769099859.552486 13.046806 -7.441252 -1.550118
1769099859.652489 13.047467 -7.457057 -1.547299
1769099859.752511 13.047884 -7.463198 -1.540185
1769099859.852529 13.048804 -7.479448 -1.539942
1769099859.952509 13.048513 -7.533770 -1.517935
1769099860.052503 13.044622 -7.594923 -1.493063
1769099860.152535 13.043383 -7.634145 -1.470760
1769099860.252500 13.043949 -7.640535 -1.454313
1769099860.296676 13.043807 -7.640546 -1.447256
1769099860.296676 13.043807 -7.640546 -1.447256
1769099860.552527 13.042119 -7.640592 -1.407480
1769099860.652582 13.041077 -7.640603 -1.392446
1769099860.752576 13.039840 -7.640610 -1.377715
1769099860.852507 13.059955 -7.744372 -1.364567
1769099860.952514 13.060635 -7.750676 -1.353662
1769099861.052513 13.063515 -7.765895 -1.345700
1769099861.152514 13.066558 -7.781439 -1.335817
1769099861.252518 13.068987 -7.793977 -1.329954
1769099861.352529 13.074015 -7.816313 -1.319292
1769099861.452534 13.077616 -7.831995 -1.309815
1769099861.552533 13.078499 -7.838085 -1.291809
1769099861.652527 13.082162 -7.853222 -1.280089
1769099861.752573 13.088071 -7.874783 -1.272027
1769099861.852565 13.089294 -7.881114 -1.266089
1769099861.902165 13.090873 -7.887134 -1.265410
1769099862.052557 13.099869 -7.918116 -1.254533
1769099862.102865 13.099521 -7.918198 -1.250468
1769099862.252549 13.108054 -7.945730 -1.235640
1769099862.303462 13.107754 -7.945882 -1.231325
1769099862.452538 13.114163 -7.966504 -1.213315
1769099862.504152 13.116331 -7.972985 -1.213606
1769099862.652540 13.123315 -7.993656 -1.205534
1769099862.704869 13.126648 -8.003194 -1.199333
1769099862.852545 13.133909 -8.024121 -1.182895
1769099862.905554 13.136145 -8.030347 -1.178287
1769099863.052562 13.143964 -8.050788 -1.164898
1769099863.106297 13.146681 -8.057740 -1.160405
1769099863.252553 13.154325 -8.077102 -1.149457
1769099863.306880 13.158173 -8.086427 -1.144536
1769099863.452555 13.166691 -8.106757 -1.131794
1769099863.507494 13.169425 -8.113333 -1.125937
1769099863.652555 13.178172 -8.133335 -1.116420
1769099863.708229 13.181401 -8.140551 -1.110934
1769099863.852571 13.169555 -8.139477 -1.126353
1769099863.908953 13.161797 -8.138996 -1.137838
1769099864.052593 13.170165 -8.158450 -1.125050
1769099864.109653 13.173610 -8.166270 -1.121822
1769099864.252583 13.181775 -8.184822 -1.108068
1769099864.310200 13.184875 -8.191646 -1.104527
1769099864.452564 13.197681 -8.218251 -1.088038
1769099864.510803 13.198498 -8.220612 -1.080416
1769099864.652588 13.206852 -8.237865 -1.062394
1769099864.711422 13.214841 -8.252552 -1.058484
1769099864.852594 13.224790 -8.271277 -1.059909
1769099864.912275 13.225167 -8.272423 -1.060073
1769099865.052662 13.235302 -8.291653 -1.046889
1769099865.112828 13.238830 -8.298319 -1.041333
1769099865.252608 13.248820 -8.316412 -1.034318
1769099865.313598 13.252843 -8.323602 -1.034641
1769099865.452670 13.262681 -8.341075 -1.036845
1769099865.514239 13.268205 -8.350912 -1.033892
1769099865.652612 13.278581 -8.369194 -1.038163
1769099865.714840 13.282447 -8.376207 -1.037693
1769099865.852635 13.292584 -8.394408 -1.036575
1769099865.915492 13.296907 -8.402206 -1.031775
1769099866.052613 13.306642 -8.419211 -1.030828
1769099866.116141 13.312279 -8.428970 -1.030134
1769099866.252634 13.322624 -8.446933 -1.034041
1769099866.316751 13.326752 -8.454263 -1.031732
1769099866.452628 13.337200 -8.472523 -1.027656
1769099866.517513 13.341725 -8.480398 -1.025470
1769099866.652631 13.351395 -8.497028 -1.019793
1769099866.718131 13.357120 -8.506670 -1.015920
1769099866.852626 13.370949 -8.529580 -1.010021
1769099866.918715 13.371838 -8.531421 -1.007222
1769099867.052642 13.382401 -8.549067 -1.006375
1769099867.119576 13.387327 -8.557241 -1.008766
1769099867.252617 13.397151 -8.573552 -1.008723
1769099867.320113 13.403191 -8.583533 -1.008267
1769099867.452638 13.413357 -8.600399 -1.017589
1769099867.520744 13.418150 -8.608507 -1.026267
1769099867.652651 13.421391 -8.617948 -1.038880
1769099867.721505 13.423928 -8.624830 -1.041043
1769099867.852667 13.433437 -8.641869 -1.057759
1769099867.922148 13.438187 -8.650619 -1.064514
1769099868.052693 13.451164 -8.674724 -1.075065
1769099868.122943 13.452351 -8.676984 -1.081571
1769099868.252658 13.461319 -8.694218 -1.092451
1769099868.323710 13.465928 -8.703347 -1.100659
1769099868.452662 13.474193 -8.719996 -1.118856
1769099868.524597 13.479646 -8.731394 -1.125785
1769099868.652677 13.487917 -8.749023 -1.136037
1769099868.724766 13.491694 -8.757261 -1.143677
1769099868.852656 13.502168 -8.781007 -1.158937
1769099868.925500 13.503332 -8.783743 -1.165093
1769099869.052671 13.511069 -8.802147 -1.176361
1769099869.126182 13.515271 -8.812474 -1.183954
1769099869.252676 13.521896 -8.829130 -1.197129
1769099869.326814 13.526396 -8.840757 -1.203812
1769099869.452665 13.535412 -8.864662 -1.216896
1769099869.527530 13.536550 -8.867563 -1.227309
1769099869.652720 13.543072 -8.885962 -1.241477
1769099869.728116 13.546731 -8.896832 -1.247936
1769099869.852686 13.552279 -8.913591 -1.256078
1769099869.928727 13.556343 -8.926052 -1.261944
1769099870.052700 13.562077 -8.944052 -1.275815
1769099870.129514 13.564863 -8.953329 -1.282550
1769099870.252695 13.570145 -8.971443 -1.299380
1769099870.330218 13.573283 -8.982836 -1.308903
1769099870.452698 13.580161 -9.009223 -1.322830
1769099870.530749 13.581053 -9.012619 -1.328288
1769099870.652705 13.585448 -9.030519 -1.334829
1769099870.731351 13.587766 -9.040164 -1.339946
1769099870.852704 13.592061 -9.058499 -1.354911
1769099870.932036 13.594673 -9.070483 -1.365192
1769099871.052715 13.598094 -9.087038 -1.380386
1769099871.132690 13.600615 -9.100453 -1.384899
1769099871.252709 13.598269 -9.106936 -1.387566
1769099871.333434 13.596184 -9.108939 -1.391328
1769099871.452716 13.599422 -9.126880 -1.402176
1769099871.533984 13.601495 -9.139058 -1.413928
1769099871.652755 13.604008 -9.154992 -1.431401
1769099871.734738 13.605983 -9.168994 -1.440203
1769099871.852746 13.609111 -9.193568 -1.448200
1769099871.935264 13.609631 -9.197574 -1.454327
1769099872.052726 13.611680 -9.214941 -1.468273
1769099872.136026 13.612961 -9.227147 -1.475616
1769099872.252785 13.615374 -9.252740 -1.490877
1769099872.336699 13.615862 -9.257092 -1.499818
1769099872.452735 13.617293 -9.275234 -1.512897
1769099872.538129 13.618194 -9.288406 -1.516478
1769099872.652793 13.619276 -9.303801 -1.515872
1769099872.737888 13.620236 -9.317693 -1.516310
1769099872.852741 13.621266 -9.332264 -1.522256
1769099872.938546 13.622133 -9.346639 -1.528042
1769099873.052742 13.623100 -9.364640 -1.530865
1769099873.139259 13.623724 -9.375829 -1.532027
1769099873.252788 13.624646 -9.393392 -1.532273
1769099873.342123 13.625353 -9.407115 -1.531791
1769099873.452750 13.626163 -9.421677 -1.536072
1769099873.542150 13.626870 -9.436380 -1.536875
1769099873.652777 13.627690 -9.453779 -1.542004
1769099873.741421 13.628135 -9.465232 -1.542284
1769099873.852784 13.628779 -9.482841 -1.544830
1769099873.941963 13.629274 -9.496826 -1.540876
1769099874.052755 13.629910 -9.511458 -1.542190
1769099874.142498 13.630476 -9.525713 -1.544079
1769099874.252778 13.631111 -9.542986 -1.548589
1769099874.344480 13.631489 -9.554546 -1.551354
1769099874.452765 13.631927 -9.571464 -1.551909
1769099874.545156 13.632299 -9.586255 -1.557621
1769099874.652769 13.632620 -9.603023 -1.557366
1769099874.744500 13.632904 -9.614648 -1.559051
1769099874.852838 13.633261 -9.631276 -1.559313
1769099874.946136 13.633541 -9.645848 -1.563104
1769099875.052787 13.623309 -9.644148 -1.564083
1769099875.145889 13.614256 -9.645462 -1.564607
1769099875.252772 13.614426 -9.662536 -1.562772
1769099875.346448 13.614644 -9.674481 -1.565986
1769099875.452776 13.614882 -9.691006 -1.569647
1769099875.547136 13.615058 -9.705779 -1.574025
1769099875.652779 13.615173 -9.719430 -1.577111
1769099875.747845 13.615214 -9.734864 -1.580736
1769099875.852777 13.615174 -9.751350 -1.590329
1769099875.948490 13.614976 -9.766532 -1.587808
1769099876.052794 13.614922 -9.779707 -1.590204
1769099876.149164 13.614811 -9.795204 -1.589355
1769099876.252797 13.614716 -9.811260 -1.592833
1769099876.349892 13.614596 -9.823751 -1.596947
1769099876.452805 13.614330 -9.840326 -1.601917
1769099876.550494 13.613972 -9.856162 -1.599950
1769099876.652802 13.613778 -9.869491 -1.604917
1769099876.751071 13.613445 -9.885236 -1.606292
1769099876.852780 13.613082 -9.901158 -1.605763
1769099876.951805 13.612824 -9.913865 -1.605055
1769099877.052803 13.612448 -9.930047 -1.610253
1769099877.152480 13.612078 -9.942891 -1.615252
1769099877.252807 13.611449 -9.959221 -1.620285
1769099877.352828 13.610756 -9.975383 -1.618037
1769099877.452798 13.610169 -9.990913 -1.615109
1769099877.552816 13.609757 -10.003429 -1.619788
1769099877.652869 13.609108 -10.019231 -1.629067
1769099877.752858 13.608422 -10.032102 -1.636325
1769099877.852862 13.607414 -10.048348 -1.646891
1769099877.952847 13.606204 -10.064253 -1.656196
1769099878.052844 13.604813 -10.080259 -1.662688
1769099878.152864 13.603703 -10.092406 -1.668195
1769099878.252840 13.602206 -10.108093 -1.673153
1769099878.352834 13.600586 -10.124170 -1.683823
1769099878.452844 13.599194 -10.136984 -1.700080
1769099878.552829 13.597184 -10.152757 -1.713847
1769099878.652839 13.585315 -10.206789 -1.723879
1769099878.752832 13.573319 -10.259134 -1.730659
1769099878.852819 13.570371 -10.276477 -1.738083
1769099878.952841 13.567898 -10.291365 -1.750645
1769099879.052863 13.565102 -10.306717 -1.758975
1769099879.152847 13.562110 -10.322320 -1.768439
1769099879.252846 13.559605 -10.334898 -1.781339
1769099879.352823 13.556322 -10.350358 -1.795878
1769099879.452849 13.552952 -10.365299 -1.802983
1769099879.552846 13.549446 -10.380292 -1.810038
1769099879.652850 13.546510 -10.392481 -1.816542
1769099879.752875 13.542617 -10.407901 -1.824372
1769099879.852870 13.538484 -10.423619 -1.834437
1769099879.952883 13.534262 -10.439123 -1.849045
1769099880.052871 13.530771 -10.451483 -1.859556
1769099880.152859 13.526254 -10.466709 -1.870571
1769099880.252838 13.522607 -10.478764 -1.884608
1769099880.352843 13.517761 -10.493850 -1.895912
1769099880.452843 13.512558 -10.509306 -1.909176
1769099880.552891 13.508185 -10.521689 -1.915432
1769099880.652894 13.502661 -10.536971 -1.920451
1769099880.752855 13.497246 -10.551761 -1.924074
1769099880.852871 13.492840 -10.563648 -1.923752
1769099880.952871 13.487349 -10.578574 -1.926188
1769099881.052877 13.481671 -10.593907 -1.925697
1769099881.152875 13.477190 -10.605980 -1.926264
1769099881.252877 13.471525 -10.621221 -1.928949
1769099881.352947 13.465782 -10.636502 -1.926980
1769099881.452895 13.461306 -10.648478 -1.923819
1769099881.552892 13.455938 -10.663095 -1.923646
1769099881.652901 13.450483 -10.677904 -1.925319
1769099881.752893 13.445970 -10.690077 -1.927195
1769099881.852952 13.440350 -10.705225 -1.929263
1769099881.952893 13.434719 -10.720263 -1.929411
1769099882.052896 13.430428 -10.731758 -1.929408
1769099882.152888 13.424869 -10.746537 -1.926633
1769099882.252889 13.415337 -10.718854 -1.930539
1769099882.352909 13.404418 -10.683992 -1.933519
1769099882.452955 13.398094 -10.690091 -1.936841
1769099882.552985 13.393472 -10.702229 -1.941891
1769099882.652905 13.387493 -10.717661 -1.943596
1769099882.752899 13.381852 -10.732187 -1.941342
1769099882.852978 13.377450 -10.743643 -1.938500
1769099882.952925 13.371937 -10.758144 -1.940753
1769099883.052915 13.366337 -10.772695 -1.942747
1769099883.152895 13.360566 -10.787637 -1.943035
1769099883.252892 13.355961 -10.799517 -1.942217
1769099883.352969 13.350252 -10.814283 -1.945093
1769099883.452911 13.344605 -10.828738 -1.945528
1769099883.552952 13.338836 -10.843554 -1.944492
1769099883.652982 13.334190 -10.855545 -1.942366
1769099883.752995 13.328492 -10.870337 -1.943442
1769099883.852954 13.323854 -10.882392 -1.947461
1769099883.952942 13.317848 -10.897694 -1.949561
1769099884.052906 13.311849 -10.912933 -1.948995
1769099884.152905 13.307193 -10.924860 -1.947270
1769099884.252937 13.301553 -10.939330 -1.946845
1769099884.352912 13.295792 -10.954133 -1.950269
1769099884.452929 13.291068 -10.966168 -1.949151
1769099884.552962 13.285258 -10.980981 -1.948995
1769099884.652939 13.279335 -10.996069 -1.951798
1769099884.752947 13.274563 -11.008174 -1.953695
1769099884.852936 13.268616 -11.023103 -1.951342
1769099884.952989 13.262789 -11.037879 -1.947225
1769099885.052943 13.258271 -11.049527 -1.948612
1769099885.152944 13.252446 -11.064473 -1.952497
1769099885.252991 13.246343 -11.079868 -1.954571
1769099885.352938 13.241470 -11.092080 -1.957312
1769099885.452959 13.235485 -11.107007 -1.959311
1769099885.553011 13.229684 -11.121330 -1.959422
1769099885.653032 13.223886 -11.135646 -1.958778
1769099885.752954 13.219244 -11.147175 -1.958444
1769099885.852985 13.214002 -11.148076 -1.952053
1769099885.952986 13.208283 -11.143158 -1.945551
1769099886.052939 13.203477 -11.149478 -1.947057
1769099886.152985 13.197525 -11.164690 -1.947525
1769099886.252971 13.191682 -11.179641 -1.944231
1769099886.352964 13.187213 -11.191266 -1.945429
1769099886.452966 13.181492 -11.206027 -1.945991
1769099886.552966 13.176815 -11.218200 -1.949313
1769099886.652972 13.170757 -11.233624 -1.947895
1769099886.752950 13.164945 -11.248531 -1.952158
1769099886.852978 13.160208 -11.260561 -1.952943
1769099886.952991 13.154305 -11.275399 -1.951296
1769099887.053028 13.148461 -11.290219 -1.950175
1769099887.152962 13.143870 -11.301982 -1.951702
1769099887.252960 13.137972 -11.316948 -1.955286
1769099887.352962 13.132254 -11.331247 -1.956930
1769099887.452963 13.126116 -11.346510 -1.958192
1769099887.552987 13.121321 -11.358453 -1.954939
1769099887.653025 13.115452 -11.373129 -1.952327
1769099887.753037 13.109570 -11.387948 -1.953412
1769099887.853003 13.104873 -11.399798 -1.953638
1769099887.953018 13.098831 -11.414886 -1.951813
1769099888.053047 13.092871 -11.429845 -1.954881
1769099888.152990 13.088060 -11.441916 -1.959481
1769099888.252993 13.081948 -11.456953 -1.960989
1769099888.352979 13.075883 -11.471872 -1.958649
1769099888.452999 13.071221 -11.483474 -1.957366
1769099888.553020 13.065288 -11.498201 -1.958101
1769099888.653080 13.060401 -11.510233 -1.958347
1769099888.753015 13.054315 -11.525267 -1.960072
1769099888.852989 13.048160 -11.540367 -1.960299
1769099888.953015 13.043347 -11.552229 -1.961316
1769099889.053016 13.037342 -11.566885 -1.959991
1769099889.153022 13.031221 -11.581940 -1.958008
1769099889.253019 13.026529 -11.593456 -1.954132
1769099889.353079 13.020640 -11.608139 -1.957399
1769099889.452997 13.014691 -11.622829 -1.961628
1769099889.553066 13.009723 -11.634940 -1.961829
1769099889.653076 13.000614 -11.644158 -1.960105
1769099889.753066 12.989745 -11.648961 -1.955297
1769099889.853016 12.983129 -11.656460 -1.955414
1769099889.953054 12.977176 -11.671251 -1.955372
1769099890.053027 12.971238 -11.686003 -1.955308
1769099890.153024 12.966374 -11.698115 -1.956275
1769099890.253035 12.960303 -11.713129 -1.959804
1769099890.353034 12.954200 -11.727986 -1.961881
1769099890.453031 12.949317 -11.739918 -1.962625
1769099890.553012 12.943205 -11.754816 -1.960151
1769099890.653041 12.937303 -11.769287 -1.960066
1769099890.753093 12.932459 -11.781182 -1.962467
1769099890.853021 12.926207 -11.796351 -1.963870
1769099890.953054 12.920058 -11.811180 -1.962552
1769099891.053061 12.915193 -11.822998 -1.961417
1769099891.153058 12.909139 -11.837744 -1.960454
1769099891.253104 12.903219 -11.852271 -1.961862
1769099891.353050 12.898348 -11.864182 -1.962912
1769099891.453028 12.892226 -11.879057 -1.962300
1769099891.553033 12.886057 -11.894031 -1.964514
1769099891.653031 12.881073 -11.906020 -1.966427
1769099891.753109 12.874756 -11.921124 -1.964806
1769099891.853095 12.868824 -11.935477 -1.962496
1769099891.953062 12.864042 -11.947069 -1.960431
1769099892.053086 12.858035 -11.961740 -1.963850
1769099892.153068 12.851788 -11.976785 -1.964442
1769099892.253068 12.846748 -11.988917 -1.965429
1769099892.353067 12.840534 -12.003875 -1.969404
1769099892.402878 12.838011 -12.009822 -1.968990
1769099892.553076 12.829260 -12.030524 -1.972376
1769099892.603468 12.825559 -12.039190 -1.970365
1769099892.753077 12.816866 -12.059731 -1.974366
1769099892.804172 12.814247 -12.065858 -1.977457
1769099892.953082 12.805193 -12.086525 -1.994103
1769099893.004997 12.802465 -12.092487 -1.999854
1769099893.153080 12.793173 -12.112480 -2.017107
1769099893.205521 12.788928 -12.121342 -2.021160
1769099893.353096 12.757231 -12.125802 -2.045410
1769099893.406178 12.745711 -12.126326 -2.056747
1769099893.553090 12.735179 -12.146047 -2.062576
1769099893.607006 12.730305 -12.155210 -2.071052
1769099893.753092 12.721220 -12.171695 -2.088594
1769099893.807601 12.716191 -12.180615 -2.095642
1769099893.953115 12.705366 -12.199206 -2.101926
1769099894.008269 12.701839 -12.205219 -2.107780
1769099894.153123 12.690589 -12.223938 -2.130179
1769099894.208786 12.686560 -12.230326 -2.133922
1769099894.353155 12.674854 -12.248577 -2.144600
1769099894.409399 12.669150 -12.257322 -2.146095
1769099894.553102 12.657337 -12.275288 -2.152338
1769099894.610032 12.653375 -12.281259 -2.157965
1769099894.753106 12.641388 -12.298872 -2.169687
1769099894.810766 12.636857 -12.305441 -2.177538
1769099894.953114 12.624767 -12.322358 -2.189039
1769099895.011457 12.618333 -12.331126 -2.192966
1769099895.153124 12.605730 -12.348154 -2.206379
1769099895.212002 12.601228 -12.354092 -2.206549
1769099895.353115 12.588455 -12.371120 -2.219901
1769099895.412591 12.583468 -12.377615 -2.227339
1769099895.553123 12.570514 -12.394033 -2.247027
1769099895.613328 12.563637 -12.402433 -2.253826
1769099895.753168 12.549867 -12.418858 -2.266093
1769099895.814057 12.544756 -12.424938 -2.272906
1769099895.953132 12.531140 -12.440778 -2.282966
1769099896.014692 12.525543 -12.447100 -2.285417
1769099896.153179 12.512075 -12.462301 -2.302431
1769099896.215262 12.504402 -12.470742 -2.310292
1769099896.353133 12.489725 -12.486417 -2.325299
1769099896.416063 12.484235 -12.492093 -2.328335
1769099896.553153 12.469991 -12.506801 -2.339502
1769099896.616645 12.463732 -12.513202 -2.346946
1769099896.753143 12.449561 -12.527350 -2.358408
1769099896.817407 12.441340 -12.535463 -2.366999
1769099896.953146 12.419484 -12.542872 -2.385357
1769099897.018079 12.410138 -12.545030 -2.397324
1769099897.153165 12.395112 -12.558437 -2.403350
1769099897.218764 12.388103 -12.564652 -2.408188
1769099897.353137 12.373546 -12.577484 -2.424987
1769099897.419767 12.364588 -12.585138 -2.433593
1769099897.553200 12.348631 -12.598350 -2.449177
1769099897.620104 12.341758 -12.603913 -2.454736
1769099897.753212 12.325878 -12.616534 -2.463669
1769099897.820797 12.318314 -12.622499 -2.470610
1769099897.953189 12.303450 -12.634007 -2.481360
1769099898.021628 12.293853 -12.641385 -2.489656
1769099898.153180 12.277461 -12.653614 -2.505860
1769099898.222269 12.270244 -12.658913 -2.518183
1769099898.353177 12.254000 -12.670312 -2.532413
1769099898.422854 12.245870 -12.675838 -2.534565
1769099898.553147 12.230620 -12.686261 -2.544103
1769099898.623431 12.220483 -12.693109 -2.551417
1769099898.753172 12.203900 -12.704054 -2.569451
1769099898.824121 12.196045 -12.708979 -2.575543
1769099898.953199 12.178928 -12.719549 -2.589137
1769099899.025053 12.169632 -12.725174 -2.597620
1769099899.153182 12.154008 -12.734441 -2.608630
1769099899.225605 12.143528 -12.740489 -2.611361
1769099899.353246 12.126677 -12.750094 -2.618418
1769099899.426204 12.118355 -12.754784 -2.625113
1769099899.553166 12.100849 -12.764517 -2.643633
1769099899.626997 12.091065 -12.769624 -2.648335
1769099899.753232 12.075166 -12.777812 -2.656430
1769099899.827660 12.063954 -12.783490 -2.660370
1769099899.953224 12.049455 -12.790810 -2.673575
1769099900.028405 12.037882 -12.796532 -2.685217
1769099900.153205 12.020523 -12.804721 -2.696770
1769099900.228952 12.011379 -12.808901 -2.704462
1769099900.353290 11.993473 -12.816941 -2.715601
1769099900.429841 11.982955 -12.821542 -2.721255
1769099900.553228 11.973570 -12.815980 -2.741649
1769099900.630527 11.965410 -12.812741 -2.754091
1769099900.753206 11.947651 -12.819712 -2.766279
1769099900.831143 11.938053 -12.823370 -2.773479
1769099900.953212 11.920123 -12.829977 -2.782353
1769099901.031868 11.909061 -12.833944 -2.788907
1769099901.153275 11.893122 -12.839631 -2.799424
1769099901.232703 11.880435 -12.844157 -2.811213
1769099901.353240 11.863002 -12.850096 -2.827179
1769099901.433336 11.851561 -12.853764 -2.839062
1769099901.553200 11.835818 -12.858482 -2.852168
1769099901.633957 11.823192 -12.862091 -2.858804
1769099901.753240 11.805737 -12.866968 -2.862506
1769099901.834800 11.794400 -12.870112 -2.867378
1769099901.953315 11.776243 -12.875052 -2.881737
1769099902.035408 11.766162 -12.877666 -2.892026
1769099902.153248 11.748553 -12.881875 -2.901208
1769099902.236178 11.735765 -12.884874 -2.912421
1769099902.353267 11.719949 -12.888285 -2.921939
1769099902.436764 11.706696 -12.891174 -2.932217
1769099902.553327 11.689166 -12.894765 -2.940137
1769099902.637445 11.678402 -12.896935 -2.946391
1769099902.753336 11.660449 -12.900445 -2.964491
1769099902.838292 11.647201 -12.902815 -2.982346
1769099902.953362 11.631630 -12.905227 -2.995144
1769099903.038874 11.617565 -12.907208 -2.998603
1769099903.153351 11.599925 -12.909742 -3.008297
1769099903.239665 11.588978 -12.911273 -3.019239
1769099903.353257 11.571505 -12.913338 -3.030410
1769099903.440290 11.557938 -12.914807 -3.039124
1769099903.553258 11.542327 -12.916340 -3.050343
1769099903.641292 11.527764 -12.917627 -3.060214
1769099903.753273 11.510444 -12.918902 -3.067433
1769099903.841788 11.499353 -12.919669 -3.072775
1769099903.953331 11.481797 -12.920811 -3.083210
1769099904.042402 11.470175 -12.921470 -3.092449
1769099904.153250 11.452496 -12.922110 -3.100379
1769099904.243119 11.437780 -12.922546 -3.103254
1769099904.353361 11.423717 -12.923236 -3.099611
1769099904.443722 11.409170 -12.923857 -3.091828
1769099904.553379 11.392121 -12.924688 -3.090476
1769099904.644389 11.377863 -12.925446 -3.092651
1769099904.753265 11.363356 -12.926093 -3.092672
1769099904.845065 11.348017 -12.926729 -3.091826
1769099904.953265 11.330704 -12.927462 -3.092163
1769099905.045572 11.319049 -12.927908 -3.088141
1769099905.153260 11.302337 -12.928797 -3.088696
1769099905.246215 11.290386 -12.929384 -3.085323
1769099905.353262 11.273261 -12.930421 -3.086859
1769099905.446997 11.258308 -12.931152 -3.086562
1769099905.553242 11.244127 -12.931938 -3.095827
1769099905.647667 11.228766 -12.932507 -3.104855
1769099905.753247 11.212284 -12.933007 -3.113482
1769099905.848262 11.198143 -12.933324 -3.120510
1769099905.953309 11.184630 -12.933730 -3.134813
1769099906.048769 11.169377 -12.933817 3.136124
1769099906.153321 11.152509 -12.933630 3.124077
1769099906.249453 11.139921 -12.933242 3.117434
1769099906.353291 11.123358 -12.932708 3.108501
1769099906.450058 11.108105 -12.932104 3.099917
1769099906.553290 11.094658 -12.931531 3.089954
1769099906.650707 11.079034 -12.930676 3.081325
1769099906.753383 11.062514 -12.929718 3.063605
1769099906.851317 11.049724 -12.928747 3.049293
1769099906.953341 11.033677 -12.927091 3.039927
1769099907.051801 11.017996 -12.925285 3.042342
1769099907.153330 11.005092 -12.924000 3.042711
1769099907.252434 10.989544 -12.922542 3.039877
1769099907.353404 10.973577 -12.920863 3.039497
1769099907.453104 10.960657 -12.919428 3.042711
1769099907.553301 10.944320 -12.917752 3.041243
1769099907.653331 10.928168 -12.916044 3.039654
1769099907.753361 10.915734 -12.914719 3.037560
1769099907.853336 10.900029 -12.913045 3.039380
1769099907.953362 10.899119 -12.901498 3.042551
1769099908.053317 10.901325 -12.890094 3.043018
1769099908.153339 10.885608 -12.888205 3.041568
1769099908.253324 10.869491 -12.886339 3.041479
1769099908.353327 10.856448 -12.885020 3.040104
1769099908.453323 10.840522 -12.883385 3.042982
1769099908.553339 10.824789 -12.881871 3.042134
1769099908.653333 10.812295 -12.880536 3.042966
1769099908.753336 10.796544 -12.878881 3.045117
1769099908.853342 10.780285 -12.877305 3.044096
1769099908.953337 10.767592 -12.876135 3.037138
1769099909.053319 10.751848 -12.874481 3.033198
1769099909.153402 10.736292 -12.872735 3.035395
1769099909.253341 10.720663 -12.871101 3.040953
1769099909.353341 10.708034 -12.869805 3.044765
1769099909.453348 10.692223 -12.868192 3.043333
1769099909.553343 10.676102 -12.866522 3.040802
1769099909.653346 10.662975 -12.865194 3.038879
1769099909.753366 10.646790 -12.863532 3.040886
1769099909.853370 10.630857 -12.861968 3.040858
1769099909.953424 10.618766 -12.860722 3.042896
1769099910.053340 10.603047 -12.859131 3.046702
1769099910.153367 10.586888 -12.857631 3.047677
1769099910.253366 10.573877 -12.856544 3.039749
1769099910.353366 10.557770 -12.854884 3.037037
1769099910.453361 10.541920 -12.853193 3.037717
1769099910.553363 10.529330 -12.851787 3.044499
1769099910.653365 10.513816 -12.850284 3.048376
1769099910.665891 10.512234 -12.850162 3.047384
1769099910.665891 10.512234 -12.850162 3.047384
1769099910.953388 10.469455 -12.846237 3.041690
1769099911.053382 10.453571 -12.844713 3.041414
1769099911.153373 10.437417 -12.843160 3.041092
1769099911.253373 10.424960 -12.841814 3.048298
1769099911.353446 10.409533 -12.840398 3.053429
1769099911.453374 10.394023 -12.839123 3.054778
1769099911.553380 10.381130 -12.838158 3.050767
1769099911.653492 10.364961 -12.836698 3.049022
1769099911.753541 10.359203 -12.826279 3.061495
1769099911.853427 10.343433 -12.825037 3.065303
1769099911.953498 10.331052 -12.824097 3.068760
1769099912.053387 10.315296 -12.822977 3.068686
1769099912.153389 10.299329 -12.821879 3.068784
1769099912.253391 10.286583 -12.821136 3.065325
1769099912.353401 10.270624 -12.820074 3.065251
1769099912.453462 10.254355 -12.818922 3.061443
1769099912.553413 10.241933 -12.817918 3.065249
1769099912.653404 10.226073 -12.816695 3.073215
1769099912.753404 10.210212 -12.815777 3.074257
1769099912.853403 10.197930 -12.815053 3.073468
1769099912.953403 10.181768 -12.814127 3.068359
1769099913.053406 10.165446 -12.813022 3.068239
1769099913.153408 10.149493 -12.811912 3.070172
1769099913.253409 10.137230 -12.811119 3.069649
1769099913.353426 10.122358 -12.810117 3.071004
1769099913.453422 10.107200 -12.809132 3.071855
1769099913.553425 10.091185 -12.808129 3.077132
1769099913.653435 10.078237 -12.807488 3.073312
1769099913.753445 10.061985 -12.806521 3.068594
1769099913.853435 10.045644 -12.805359 3.069793
1769099913.953514 10.032775 -12.804445 3.076723
1769099914.053422 10.016901 -12.803548 3.077934
1769099914.153430 10.001190 -12.802725 3.076178
1769099914.253438 9.988487 -12.802104 3.071500
1769099914.353434 9.972135 -12.801153 3.069119
1769099914.453423 9.955812 -12.800156 3.069242
1769099914.553431 9.942897 -12.799304 3.069210
1769099914.653431 9.926940 -12.798154 3.072070
1769099914.753508 9.911167 -12.797120 3.082855
1769099914.853515 9.898351 -12.796517 3.092053
1769099914.953459 9.882214 -12.795966 3.099057
1769099915.053447 9.866172 -12.795489 3.104545
1769099915.153451 9.856872 -12.791326 3.112610
1769099915.253443 9.845287 -12.786099 3.120048
1769099915.353436 9.833549 -12.784780 3.127134
1769099915.453446 9.817977 -12.784708 3.135508
1769099915.553526 9.802504 -12.784680 -3.135554
1769099915.653467 9.786312 -12.784939 -3.129466
1769099915.753495 9.773270 -12.785234 -3.129829
1769099915.853456 9.757191 -12.785591 -3.136774
1769099915.953463 9.740933 -12.785721 -3.140302
1769099916.053462 9.728154 -12.785765 -3.137792
1769099916.153455 9.712074 -12.785856 -3.134526
1769099916.253456 9.696331 -12.786075 -3.133124
1769099916.353461 9.683738 -12.786295 -3.133647
1769099916.453463 9.667957 -12.786641 -3.139197
1769099916.553490 9.651716 -12.786907 3.140114
1769099916.653474 9.636100 -12.787019 3.139182
1769099916.753512 9.623573 -12.787086 3.139398
1769099916.853534 9.608010 -12.787110 -3.140881
1769099916.953471 9.592738 -12.787255 -3.139540
1769099917.053474 9.577231 -12.787443 -3.139775
1769099917.153549 9.561517 -12.787636 3.138811
1769099917.253476 9.548907 -12.787693 3.134396
1769099917.353503 9.532644 -12.787666 3.132438
1769099917.453487 9.517012 -12.787602 3.133581
1769099917.553490 9.501520 -12.787599 3.134028
1769099917.653484 9.489189 -12.787630 3.135121
1769099917.753486 9.473606 -12.787762 3.132656
1769099917.853519 9.457239 -12.787882 3.129417
1769099917.953528 9.441016 -12.787881 3.126401
1769099918.053527 9.427987 -12.787805 3.126473
1769099918.153513 9.411959 -12.787615 3.128196
1769099918.253499 9.399104 -12.787544 3.130385
1769099918.353503 9.383223 -12.787583 3.129341
1769099918.453512 9.367401 -12.787603 3.127336
1769099918.553499 9.354433 -12.787581 3.124525
1769099918.653501 9.337921 -12.787419 3.122875
1769099918.753541 9.325203 -12.780817 3.122461
1769099918.853502 9.314557 -12.770755 3.123670
1769099918.953511 9.303509 -12.767069 3.127491
1769099919.053519 9.287464 -12.767044 3.126442
1769099919.153518 9.271457 -12.767025 3.125856
1769099919.253511 9.258999 -12.766995 3.124330
1769099919.353525 9.243119 -12.766793 3.123150
1769099919.453533 9.226679 -12.766537 3.121751
1769099919.553600 9.213708 -12.766377 3.122447
1769099919.653526 9.197821 -12.766236 3.121804
1769099919.753588 9.182224 -12.766114 3.121733
1769099919.853549 9.169393 -12.766007 3.120075
1769099919.953556 9.153178 -12.765785 3.119251
1769099920.053550 9.136934 -12.765533 3.115464
1769099920.153533 9.124322 -12.765320 3.112726
1769099920.253550 9.108324 -12.764894 3.114605
1769099920.353623 9.092548 -12.764619 3.115504
1769099920.453549 9.076755 -12.764384 3.116642
1769099920.553596 9.064113 -12.764223 3.115940
1769099920.653543 9.048384 -12.763903 3.114834
1769099920.753554 9.032805 -12.763564 3.111833
1769099920.853540 9.016983 -12.763172 3.110560
1769099920.953552 9.001794 -12.762771 3.112563
1769099921.053553 8.989434 -12.762557 3.110381
1769099921.153544 8.973636 -12.762233 3.110333
1769099921.253546 8.957590 -12.761925 3.109491
1769099921.353549 8.944608 -12.761634 3.109350
1769099921.453560 8.928895 -12.761222 3.105373
1769099921.553557 8.913254 -12.760669 3.104122
1769099921.653556 8.897053 -12.760092 3.108010
1769099921.753596 8.884207 -12.759750 3.108831
1769099921.853584 8.868718 -12.759341 3.109631
1769099921.953585 8.853384 -12.758946 3.107720
1769099922.053599 8.837700 -12.758506 3.106139
1769099922.153590 8.824757 -12.758152 3.104599
1769099922.253629 8.808861 -12.757622 3.104706
1769099922.353573 8.782786 -12.751747 3.105497
1769099922.453568 8.747583 -12.741145 3.106733
1769099922.553591 8.725551 -12.735927 3.107780
1769099922.653639 8.710165 -12.735407 3.109213
1769099922.753596 8.694049 -12.734920 3.103587
1769099922.853572 8.677989 -12.734253 3.100728
1769099922.953648 8.665123 -12.733735 3.098270
1769099923.053586 8.649342 -12.733045 3.101319
1769099923.103142 8.643491 -12.732758 3.104955
1769099923.253609 8.619032 -12.731909 3.103882
1769099923.303821 8.612791 -12.731720 3.102203
1769099923.453605 8.590670 -12.730941 3.101280
1769099923.504775 8.581054 -12.730612 3.097860
1769099923.653604 8.559376 -12.729708 3.095272
1769099923.705092 8.552676 -12.729388 3.097452
1769099923.853618 8.530580 -12.728473 3.101081
1769099923.905734 8.521444 -12.728129 3.102558
1769099924.053631 8.499368 -12.727371 3.097694
1769099924.106443 8.492797 -12.727148 3.094715
1769099924.253659 8.470198 -12.726206 3.088967
1769099924.307119 8.460263 -12.725684 3.091053
1769099924.453620 8.438723 -12.724718 3.091351
1769099924.507617 8.432282 -12.724384 3.094844
1769099924.653700 8.411152 -12.723427 3.101563
1769099924.708284 8.401148 -12.723075 3.099815
1769099924.853627 8.379839 -12.722183 3.098170
1769099924.909053 8.372602 -12.721901 3.094514
1769099925.053628 8.351401 -12.720925 3.090270
1769099925.109600 8.340924 -12.720390 3.093095
1769099925.253628 8.320534 -12.719501 3.095515
1769099925.310216 8.312992 -12.719246 3.093126
1769099925.453648 8.289394 -12.718232 3.091339
1769099925.511035 8.281849 -12.717943 3.087938
1769099925.653704 8.260308 -12.716928 3.083698
1769099925.711620 8.252342 -12.716511 3.084174
1769099925.853647 8.231607 -12.715359 3.089543
1769099925.912221 8.221249 -12.714854 3.091400
1769099926.053649 8.214637 -12.707180 3.099601
1769099926.112992 8.212573 -12.704005 3.099818
1769099926.253655 8.192743 -12.703313 3.091471
1769099926.313688 8.181833 -12.702791 3.091734
1769099926.453656 8.160840 -12.701853 3.090786
1769099926.514380 8.152836 -12.701514 3.092255
1769099926.653652 8.130375 -12.700553 3.095415
1769099926.714973 8.122474 -12.700279 3.093709
1769099926.853716 8.101488 -12.699450 3.093484
1769099926.915688 8.092603 -12.699074 3.092710
1769099927.053741 8.072692 -12.698200 3.087398
1769099927.116205 8.061710 -12.697605 3.089053
1769099927.253646 8.041421 -12.696557 3.095311
1769099927.316918 8.032473 -12.696177 3.095782
1769099927.453722 8.013077 -12.695385 3.094815
1769099927.517644 8.001687 -12.694896 3.093079
1769099927.653656 7.980832 -12.693961 3.089243
1769099927.718203 7.972317 -12.693524 3.090433
1769099927.853666 7.951657 -12.692481 3.090814
1769099927.918905 7.942453 -12.692038 3.090548
1769099928.053698 7.923248 -12.691083 3.094405
1769099928.119611 7.911423 -12.690569 3.092985
1769099928.253741 7.891248 -12.689643 3.091172
1769099928.320232 7.882830 -12.689223 3.088348
1769099928.453667 7.862397 -12.688084 3.082605
1769099928.520899 7.852769 -12.687539 3.081710
1769099928.653700 7.833505 -12.686400 3.086289
1769099928.721613 7.821789 -12.685806 3.083876
1769099928.853744 7.802182 -12.684717 3.084497
1769099928.922296 7.793234 -12.684242 3.082160
1769099929.053701 7.772998 -12.683048 3.080756
1769099929.122891 7.761190 -12.682341 3.079143
1769099929.253692 7.741390 -12.681085 3.077543
1769099929.323657 7.732591 -12.680533 3.078995
1769099929.453716 7.713068 -12.679344 3.082830
1769099929.524178 7.702782 -12.678741 3.083577
1769099929.653766 7.703816 -12.671061 3.069539
1769099929.724860 7.701825 -12.666214 3.063658
1769099929.853734 7.684919 -12.664890 3.059863
1769099929.925622 7.672299 -12.663857 3.061107
1769099930.053746 7.652985 -12.662294 3.063997
1769099930.126201 7.643768 -12.661562 3.065065
1769099930.253695 7.624235 -12.660076 3.063973
1769099930.326795 7.613187 -12.659222 3.063664
1769099930.453708 7.595261 -12.657843 3.058876
1769099930.527586 7.582845 -12.656794 3.058738
1769099930.653723 7.563625 -12.655155 3.059991
1769099930.728182 7.552588 -12.654254 3.061596
1769099930.853732 7.535270 -12.652906 3.061236
1769099930.928735 7.522626 -12.651919 3.060409
1769099931.053735 7.503586 -12.650407 3.055558
1769099931.129472 7.493607 -12.649556 3.055287
1769099931.253741 7.474484 -12.647893 3.054357
1769099931.330106 7.463688 -12.646937 3.054490
1769099931.453719 7.443842 -12.645169 3.058969
1769099931.530639 7.434472 -12.644358 3.062660
1769099931.653743 7.416205 -12.642867 3.063876
1769099931.731425 7.403555 -12.641847 3.062434
1769099931.853766 7.384604 -12.640259 3.055386
1769099931.932131 7.374276 -12.639361 3.053257
1769099932.053775 7.355303 -12.637656 3.055449
1769099932.132706 7.343578 -12.636626 3.057972
1769099932.253798 7.327131 -12.635233 3.056368
1769099932.333363 7.313657 -12.634057 3.057431
1769099932.453751 7.295052 -12.632449 3.053746
1769099932.534142 7.285094 -12.631551 3.051924
1769099932.653747 7.266912 -12.629869 3.048157
1769099932.734771 7.253748 -12.628565 3.050021
1769099932.853769 7.235614 -12.626825 3.056095
1769099932.935352 7.225264 -12.625845 3.062038
1769099933.053770 7.207142 -12.624298 3.070003
1769099933.136101 7.194470 -12.623334 3.072867
1769099933.253771 7.201490 -12.610281 3.072391
1769099933.336756 7.203732 -12.600519 3.072092
1769099933.453795 7.185605 -12.599149 3.084794
1769099933.537333 7.175302 -12.598418 3.096481
1769099933.653775 7.157857 -12.597496 3.109460
1769099933.738114 7.144365 -12.596945 3.116529
1769099933.853809 7.126531 -12.596340 3.123219
1769099933.938797 7.115739 -12.595964 3.130826
1769099934.053827 7.097440 -12.595544 3.137216
1769099934.139623 7.084201 -12.595333 3.139162
1769099934.253791 7.068625 -12.595105 3.139928
1769099934.340053 7.054994 -12.594944 3.139557
1769099934.453786 7.037560 -12.594723 3.139973
1769099934.540750 7.024154 -12.594571 3.138995
1769099934.653794 7.008626 -12.594375 3.134675
1769099934.741413 6.994312 -12.594160 3.132047
1769099934.853797 6.976735 -12.593848 3.131844
1769099934.942074 6.965442 -12.593624 3.135639
1769099935.053806 6.948173 -12.593407 3.138818
1769099935.142734 6.934753 -12.593267 3.139808
1769099935.253853 6.917479 -12.593117 3.139591
1769099935.343425 6.905969 -12.593009 3.137193
1769099935.453786 6.888570 -12.592823 3.135989
1769099935.544024 6.874281 -12.592642 3.137085
1769099935.653813 6.857533 -12.592468 3.137468
1769099935.744647 6.846206 -12.592357 3.136183
1769099935.853847 6.829251 -12.592185 3.137766
1769099935.945390 6.814718 -12.592059 3.133252
1769099936.053828 6.800500 -12.591859 3.130794
1769099936.146123 6.785226 -12.591614 3.126285
1769099936.253821 6.767944 -12.591246 3.125991
1769099936.346751 6.753778 -12.590965 3.127210
1769099936.453837 6.740206 -12.590670 3.130430
1769099936.547337 6.726002 -12.590439 3.129085
1769099936.653860 6.708915 -12.590136 3.127761
1769099936.748039 6.694282 -12.589842 3.126266
1769099936.853833 6.674982 -12.584329 3.124425
1769099936.948706 6.654924 -12.579289 3.127899
1769099937.053839 6.638142 -12.578896 3.130019
1769099937.149430 6.626182 -12.578588 3.129920
1769099937.253838 6.610121 -12.578215 3.127455
1769099937.350087 6.595429 -12.577826 3.124265
1769099937.453907 6.579411 -12.577317 3.122651
1769099937.550733 6.564189 -12.576774 3.118810
1769099937.653849 6.548280 -12.576152 3.117829
1769099937.751498 6.536250 -12.575625 3.121071
1769099937.853855 6.520679 -12.575069 3.123939
1769099937.952113 6.505557 -12.574599 3.122062
1769099938.053883 6.489926 -12.574074 3.120426
1769099938.152865 6.474533 -12.573511 3.116175
1769099938.253861 6.459149 -12.572878 3.112935
1769099938.353433 6.446891 -12.572319 3.109198
1769099938.453860 6.431217 -12.571617 3.110032
1769099938.553909 6.416455 -12.570949 3.108882
1769099938.653919 6.401216 -12.570236 3.106902
1769099938.753872 6.385391 -12.569460 3.103948
1769099938.853868 6.369187 -12.568613 3.097762
1769099938.953940 6.356095 -12.567832 3.091420
1769099939.053927 6.340381 -12.566816 3.092673
1769099939.153874 6.324720 -12.565854 3.094481
1769099939.253878 6.312557 -12.565108 3.093308
1769099939.353875 6.297137 -12.564193 3.090644
1769099939.453859 6.281706 -12.563237 3.087516
1769099939.553885 6.265925 -12.562214 3.083629
1769099939.653959 6.249715 -12.561103 3.081820
1769099939.753905 6.237056 -12.560139 3.082949
1769099939.853902 6.221402 -12.559019 3.080426
1769099939.953900 6.205944 -12.557880 3.077983
1769099940.053917 6.193454 -12.556906 3.078158
1769099940.153888 6.177443 -12.555720 3.074111
1769099940.253870 6.160869 -12.554412 3.069400
1769099940.353894 6.147985 -12.553311 3.065234
1769099940.453888 6.132613 -12.551957 3.068201
1769099940.553917 6.116974 -12.550641 3.071198
1769099940.653962 6.120105 -12.544767 3.064161
1769099940.753907 6.124634 -12.537765 3.055141
1769099940.853908 6.114136 -12.536119 3.051942
1769099940.953905 6.097933 -12.534541 3.048069
1769099941.053960 6.082022 -12.532924 3.046554
1769099941.153967 6.069245 -12.531564 3.046877
1769099941.253915 6.053917 -12.529947 3.049141
1769099941.353922 6.038379 -12.528318 3.049443
1769099941.453918 6.022205 -12.526635 3.046111
1769099941.553907 6.009574 -12.525238 3.042987
1769099941.653918 5.993626 -12.523484 3.038662
1769099941.753919 5.977719 -12.521642 3.038474
1769099941.853994 5.964880 -12.520096 3.041233
1769099941.953939 5.949637 -12.518345 3.042245
1769099942.053959 5.934193 -12.516604 3.043540
1769099942.153932 5.918690 -12.514905 3.041566
1769099942.253920 5.905586 -12.513410 3.040517
1769099942.353931 5.890191 -12.511669 3.037919
1769099942.453904 5.874539 -12.509842 3.036485
1769099942.553934 5.859333 -12.508055 3.037469
1769099942.653931 5.847044 -12.506592 3.040639
1769099942.753935 5.831688 -12.504866 3.038863
1769099942.853936 5.815936 -12.503098 3.036191
1769099942.953951 5.799796 -12.501235 3.034118
1769099943.053995 5.787260 -12.499705 3.032915
1769099943.153917 5.771669 -12.497797 3.033497
1769099943.253946 5.756723 -12.495967 3.034390
1769099943.353945 5.741393 -12.494123 3.037036
1769099943.453926 5.725970 -12.492352 3.037406
1769099943.554015 5.710382 -12.490542 3.037631
1769099943.653945 5.698043 -12.489073 3.036236
1769099943.753937 5.682689 -12.487254 3.032942
1769099943.853971 5.667060 -12.485371 3.031536
1769099943.954003 5.651333 -12.483445 3.033264
1769099944.053947 5.638614 -12.481892 3.033164
1769099944.153938 5.623119 -12.480063 3.029933
1769099944.253964 5.619213 -12.474080 3.029179
1769099944.353963 5.621671 -12.467528 3.027398
1769099944.453944 5.608907 -12.464579 3.023892
1769099944.553979 5.592819 -12.462483 3.021558
1769099944.653955 5.577519 -12.460442 3.024298
1769099944.753970 5.565069 -12.458790 3.026618
1769099944.853973 5.549368 -12.456801 3.029904
1769099944.953975 5.533896 -12.454881 3.035421
1769099945.054015 5.518482 -12.453063 3.040566
1769099945.153957 5.502805 -12.451299 3.053641
1769099945.254051 5.490082 -12.449957 3.064641
1769099945.353999 5.474179 -12.448527 3.074520
1769099945.454044 5.458783 -12.447338 3.080536
1769099945.553991 5.446097 -12.446404 3.091533
1769099945.653975 5.430043 -12.445421 3.095842
1769099945.753990 5.414296 -12.444530 3.099023
1769099945.854022 5.398344 -12.443674 3.105905
1769099945.954041 5.385396 -12.443034 3.114096
1769099946.053996 5.370085 -12.442432 3.127297
1769099946.154004 5.354375 -12.442073 3.135513
1769099946.254066 5.338847 -12.441846 -3.140774
1769099946.354079 5.326119 -12.441657 -3.131662
1769099946.454000 5.310618 -12.441593 -3.126711
1769099946.553995 5.294400 -12.441638 -3.123917
1769099946.653979 5.281695 -12.441693 -3.117772
1769099946.754064 5.265524 -12.441915 -3.108450
1769099946.854094 5.249858 -12.442301 -3.099270
1769099946.954019 5.234340 -12.442834 -3.095294
1769099947.054097 5.221900 -12.443296 -3.100311
1769099947.154015 5.206549 -12.443840 -3.107872
1769099947.254079 5.190877 -12.444310 -3.109404
1769099947.353996 5.174342 -12.444795 -3.106582
1769099947.453996 5.161755 -12.445168 -3.103093
1769099947.553997 5.146511 -12.445673 -3.102424
1769099947.654022 5.131089 -12.446196 -3.100620
1769099947.754040 5.115092 -12.446770 -3.097771
1769099947.854045 5.105976 -12.443775 -3.101737
1769099947.954055 5.095131 -12.439376 -3.106943
1769099948.054096 5.080672 -12.438318 -3.104329
1769099948.154032 5.064665 -12.438867 -3.100772
1769099948.254087 5.052246 -12.439377 -3.098478
1769099948.354047 5.037173 -12.440032 -3.097771
1769099948.454085 5.021269 -12.440716 -3.099692
1769099948.554059 5.008650 -12.441236 -3.102864
1769099948.589691 5.001579 -12.441507 -3.101324
1769099948.589691 5.001579 -12.441507 -3.101324
1769099948.854105 4.963019 -12.443051 -3.102590
1769099948.954023 4.947462 -12.443687 -3.101520
1769099949.054026 4.931833 -12.444349 -3.097241
1769099949.154034 4.916282 -12.445097 -3.098619
1769099949.254029 4.903764 -12.445674 -3.100162
1769099949.354071 4.888083 -12.446327 -3.096109
1769099949.454037 4.872027 -12.447007 -3.090962
1769099949.554016 4.855902 -12.447794 -3.087694
1769099949.654096 4.843543 -12.448442 -3.085977
1769099949.754103 4.828003 -12.449263 -3.081446
1769099949.854078 4.812294 -12.450160 -3.081311
1769099949.954118 4.799640 -12.450852 -3.079189
1769099950.054069 4.783297 -12.451759 -3.076916
1769099950.154096 4.767689 -12.452637 -3.080031
1769099950.192073 4.763063 -12.452886 -3.080087
1769099950.354062 4.751952 -12.453333 -3.069849
1769099950.454049 4.730096 -12.454724 -3.063435
1769099950.554091 4.714990 -12.455677 -3.062241
1769099950.654112 4.692565 -12.457194 -3.061388
1769099950.754182 4.679324 -12.457951 -3.057011
1769099950.854087 4.663719 -12.458930 -3.051655
1769099950.954069 4.647769 -12.459978 -3.048867
1769099951.054068 4.635457 -12.460746 -3.049794
1769099951.154060 4.620171 -12.461840 -3.052471
1769099951.195485 4.620175 -12.461740 -3.053762
1769099951.354064 4.620188 -12.461428 -3.058628
1769099951.454062 4.620196 -12.461289 -3.061631
1769099951.554067 4.620202 -12.461194 -3.064586
1769099951.654076 4.543492 -12.466930 -3.063042
1769099951.754142 4.528108 -12.468109 -3.062084
1769099951.854070 4.515900 -12.466208 -3.062012
1769099951.954112 4.500212 -12.462428 -3.065301
1769099952.054084 4.484307 -12.461411 -3.062733
1769099952.154087 4.471719 -12.462379 -3.063633
1769099952.254080 4.455767 -12.463622 -3.066607
1769099952.354082 4.439753 -12.464826 -3.060942
1769099952.454086 4.424087 -12.466130 -3.057644
1769099952.554117 4.411304 -12.467223 -3.052697
1769099952.654095 4.395398 -12.468638 -3.054777
1769099952.754088 4.379638 -12.469996 -3.061314
1769099952.854097 4.366838 -12.471068 -3.061688
1769099952.954110 4.350441 -12.472466 -3.061714
1769099953.054095 4.334754 -12.473842 -3.060436
1769099953.154094 4.322597 -12.474931 -3.059852
1769099953.254093 4.307076 -12.476264 -3.054683
1769099953.354128 4.291669 -12.477639 -3.052161
1769099953.454104 4.275540 -12.479109 -3.054606
1769099953.554102 4.262895 -12.480223 -3.053463
1769099953.654158 4.247071 -12.481615 -3.050685
1769099953.754210 4.231309 -12.483050 -3.045848
1769099953.803999 4.225195 -12.483627 -3.040716
1769099953.954113 4.203793 -12.485807 -3.042755
1769099954.004717 4.194554 -12.486744 -3.044857
1769099954.154139 4.172636 -12.488891 -3.049602
1769099954.205483 4.163252 -12.489762 -3.048278
1769099954.354143 4.141401 -12.491876 -3.046958
1769099954.406080 4.134612 -12.492532 -3.044877
1769099954.554127 4.113877 -12.494565 -3.040944
1769099954.606691 4.104368 -12.495535 -3.040326
1769099954.754123 4.082666 -12.497770 -3.038877
1769099954.807486 4.075826 -12.498509 -3.043791
1769099954.954161 4.053962 -12.500717 -3.047393
1769099955.008038 4.043565 -12.501716 -3.042842
1769099955.154134 4.024770 -12.503668 -3.036751
1769099955.208573 4.014742 -12.504748 -3.034566
1769099955.354184 3.993117 -12.507118 -3.037098
1769099955.409334 3.986141 -12.507891 -3.039613
1769099955.554147 3.979629 -12.503516 -3.036710
1769099955.609949 3.974994 -12.501905 -3.032593
1769099955.754156 3.953056 -12.504468 -3.036389
1769099955.810539 3.946196 -12.505255 -3.032520
1769099955.954149 3.925118 -12.507746 -3.022792
1769099956.011250 3.915561 -12.508940 -3.023656
1769099956.154163 3.894852 -12.511492 -3.024065
1769099956.212039 3.887211 -12.512405 -3.023606
1769099956.354148 3.866202 -12.514929 -3.022045
1769099956.412543 3.855349 -12.516250 -3.017479
1769099956.554149 3.834852 -12.518866 -3.013712
1769099956.613311 3.827426 -12.519842 -3.011581
1769099956.754159 3.807022 -12.522558 -3.009883
1769099956.814035 3.796254 -12.523999 -3.010744
1769099956.954163 3.775651 -12.526741 -3.015956
1769099957.014588 3.767527 -12.527774 -3.015475
1769099957.154162 3.747446 -12.530301 -3.015977
1769099957.215252 3.736787 -12.531640 -3.016511
1769099957.354190 3.716487 -12.534140 -3.025481
1769099957.416101 3.708298 -12.535082 -3.032667
1769099957.554172 3.688161 -12.537244 -3.046971
1769099957.616708 3.677048 -12.538324 -3.058197
1769099957.754183 3.655811 -12.540048 -3.070327
1769099957.817445 3.648048 -12.540611 -3.077741
1769099957.954239 3.627805 -12.541879 -3.090063
1769099958.018007 3.618767 -12.542350 -3.093172
1769099958.154191 3.598906 -12.543282 -3.101965
1769099958.218653 3.587709 -12.543716 -3.108270
1769099958.354187 3.566599 -12.544248 -3.125874
1769099958.419360 3.558444 -12.544330 -3.130789
1769099958.554185 3.538292 -12.544392 -3.137315
1769099958.620245 3.527065 -12.544383 3.138666
1769099958.754189 3.507091 -12.544117 3.126116
1769099958.820796 3.498544 -12.543913 3.119160
1769099958.954228 3.478458 -12.543304 3.114059
1769099959.024204 3.468230 -12.542945 3.113842
1769099959.024204 3.468230 -12.542945 3.113842
1769099959.024204 3.468230 -12.542945 3.113842
1769099959.354204 3.410450 -12.524267 3.101686
1769099959.422644 3.398823 -12.519564 3.098826
1769099959.554204 3.379898 -12.518642 3.093260
1769099959.623366 3.367705 -12.517995 3.092987
1769099959.754226 3.348299 -12.516910 3.089950
1769099959.823994 3.338158 -12.516349 3.090929
1769099959.954240 3.319438 -12.515335 3.096797
1769099960.024681 3.307612 -12.514758 3.096071
1769099960.154211 3.288746 -12.513798 3.096656
1769099960.225432 3.278375 -12.513269 3.097270
1769099960.354224 3.260245 -12.512338 3.094469
1769099960.425982 3.247809 -12.511673 3.094860
1769099960.554237 3.228610 -12.510617 3.097418
1769099960.626706 3.218244 -12.510073 3.099628
1769099960.754321 3.197817 -12.509088 3.106833
1769099960.827262 3.188468 -12.508645 3.107141
1769099960.954227 3.169129 -12.507771 3.102690
1769099961.028021 3.157977 -12.507225 3.103070
1769099961.154233 3.139727 -12.506301 3.108324
1769099961.228714 3.127157 -12.505752 3.107431
1769099961.354239 3.107913 -12.504903 3.112042
1769099961.429350 3.098803 -12.504518 3.111544
1769099961.554231 3.079790 -12.503791 3.109625
1769099961.630037 3.068302 -12.503340 3.109321
1769099961.754250 3.050635 -12.502599 3.108719
1769099961.830822 3.037462 -12.502050 3.107355
1769099961.954281 3.018433 -12.501237 3.112957
1769099962.031378 3.008532 -12.500873 3.113685
1769099962.154244 2.989515 -12.500262 3.116642
1769099962.232062 2.977961 -12.499919 3.114773
1769099962.354234 2.960918 -12.499367 3.115673
1769099962.432840 2.947447 -12.498928 3.117633
1769099962.554303 2.928486 -12.498302 3.118044
1769099962.633439 2.918655 -12.497962 3.116730
1769099962.754226 2.900545 -12.497389 3.119564
1769099962.834126 2.887631 -12.497033 3.121343
1769099962.954254 2.893078 -12.496487 3.116618
1769099963.034791 2.898748 -12.496072 3.112882
1769099963.154230 2.880354 -12.495441 3.113900
1769099963.235466 2.867909 -12.495018 3.114870
1769099963.354226 2.851217 -12.494482 3.120929
1769099963.436058 2.837487 -12.494144 3.122085
1769099963.554220 2.819661 -12.493767 3.121657
1769099963.636742 2.809518 -12.493560 3.121341
1769099963.754329 2.791267 -12.493163 3.124195
1769099963.837574 2.777340 -12.492904 3.120014
1769099963.954343 2.759274 -12.492472 3.120199
1769099964.038173 2.748952 -12.492240 3.119981
1769099964.154378 2.731083 -12.491894 3.125459
1769099964.239254 2.731084 -12.491923 3.124986
1769099964.354282 2.699989 -12.491448 3.124157
1769099964.439502 2.693539 -12.491393 3.120895
1769099964.554317 2.670889 -12.490997 3.120947
1769099964.639952 2.664280 -12.490881 3.123856
1769099964.754316 2.642186 -12.490595 3.124567
1769099964.840595 2.628129 -12.490429 3.129839
1769099964.954299 2.611284 -12.490334 3.129874
1769099965.041439 2.599950 -12.490314 3.132053
1769099965.154300 2.582257 -12.490285 3.130358
1769099965.242154 2.568129 -12.490239 3.123601
1769099965.354336 2.550853 -12.490101 3.123806
1769099965.442711 2.544772 -12.490086 3.131788
1769099965.554314 2.522322 -12.489994 3.137832
1769099965.643352 2.508121 -12.490010 3.137632
1769099965.754316 2.490714 -12.489995 3.135252
1769099965.844041 2.484422 -12.490083 3.128590
1769099965.954338 2.462131 -12.489917 3.125105
1769099966.044667 2.447676 -12.489843 3.126042
1769099966.154331 2.433021 -12.489791 3.128509
1769099966.245381 2.418644 -12.489749 3.136295
1769099966.354321 2.401836 -12.489807 -3.141018
1769099966.446024 2.401831 -12.489840 -3.136196
1769099966.554308 2.401824 -12.489802 -3.130593
1769099966.646507 2.401818 -12.489703 -3.125903
1769099966.754312 2.401811 -12.489520 -3.120507
1769099966.847311 2.401804 -12.489301 -3.115931
1769099966.954352 2.401795 -12.488988 -3.110747
1769099967.047930 2.297852 -12.491878 -3.111788
1769099967.154337 2.299759 -12.486759 -3.110543
1769099967.248571 2.298653 -12.482319 -3.111836
1769099967.354365 2.281557 -12.482488 -3.114939
1769099967.449341 2.269277 -12.482510 -3.113840
1769099967.554344 2.252721 -12.482651 -3.110008
1769099967.650044 2.237864 -12.482868 -3.104542
1769099967.754365 2.224304 -12.483085 -3.102714
1769099967.850699 2.209018 -12.483413 -3.105776
1769099967.954355 2.192774 -12.483690 -3.104159
1769099968.051262 2.177292 -12.483988 -3.105683
1769099968.154353 2.163848 -12.484169 -3.105268
1769099968.252062 2.148553 -12.484447 -3.104692
1769099968.354356 2.132523 -12.484773 -3.102255
1769099968.452594 2.117334 -12.485128 -3.102331
1769099968.554388 2.104326 -12.485435 -3.106770
1769099968.653469 2.088199 -12.485806 -3.112293
1769099968.754375 2.072188 -12.486058 -3.123096
1769099968.854182 2.059703 -12.486132 -3.128782
1769099968.954367 2.043379 -12.486204 -3.136940
1769099969.054369 2.027842 -12.486144 3.134601
1769099969.154372 2.141233 -12.485966 3.123731
1769099969.254372 2.258236 -12.485656 3.117296
1769099969.354394 2.243754 -12.485088 3.101126
1769099969.454387 2.227920 -12.484256 3.090153
1769099969.554378 2.212214 -12.483254 3.085068
1769099969.654382 2.200410 -12.482412 3.078380
1769099969.754400 2.185025 -12.481282 3.069752
1769099969.854409 2.168797 -12.479955 3.057792
1769099969.954410 2.153146 -12.478490 3.038616
1769099970.054385 2.140789 -12.477105 3.025229
1769099970.154399 2.125024 -12.475124 3.017262
1769099970.254399 2.109376 -12.473016 3.012259
1769099970.261512 2.108473 -12.472893 3.011154
1769099970.261512 2.108473 -12.472893 3.011154
1769099970.554394 2.065437 -12.466587 2.981146
1769099970.654397 2.049303 -12.463885 2.972635
1769099970.754399 2.036266 -12.461595 2.957712
1769099970.854457 2.020669 -12.458681 2.947332
1769099970.954425 2.005301 -12.455624 2.938740
1769099971.054407 1.993033 -12.453067 2.929201
1769099971.154403 1.977623 -12.449727 2.919631
1769099971.254405 1.962030 -12.446175 2.912894
1769099971.354408 1.949344 -12.443204 2.902563
1769099971.454410 1.934009 -12.439439 2.889645
1769099971.554411 1.918822 -12.435528 2.878830
1769099971.654454 1.903489 -12.431375 2.872357
1769099971.754443 1.891189 -12.428006 2.857151
1769099971.854444 1.875721 -12.423530 2.843123
1769099971.954459 1.860536 -12.418895 2.830406
1769099972.054424 1.847990 -12.414906 2.825426
1769099972.154419 1.832815 -12.409993 2.818163
1769099972.254422 1.817940 -12.405048 2.810296
1769099972.354425 1.806061 -12.401014 2.799080
1769099972.454432 1.791601 -12.395845 2.791565
1769099972.554465 1.777105 -12.390535 2.780142
1769099972.654457 1.761651 -12.384629 2.768550
1769099972.754445 1.644795 -12.375602 2.756452
1769099972.854434 1.510738 -12.364728 2.753936
1769099972.954439 1.480752 -12.358153 2.752202
1769099973.054438 1.468879 -12.353277 2.756413
1769099973.154442 1.453884 -12.347186 2.755368
1769099973.254436 1.438906 -12.341063 2.755221
1769099973.354482 1.426937 -12.336192 2.756806
1769099973.454446 1.411816 -12.330073 2.758293
1769099973.554456 1.397160 -12.324167 2.766614
1769099973.654449 1.385404 -12.319509 2.768021
1769099973.754455 1.371435 -12.314008 2.771740
1769099973.854487 1.356755 -12.308285 2.772487
1769099973.954502 1.341641 -12.302404 2.770001
1769099974.054467 1.329488 -12.297688 2.765279
1769099974.154474 1.314477 -12.291766 2.769932
1769099974.254479 1.299639 -12.286002 2.773516
1769099974.354481 1.287715 -12.281369 2.782102
1769099974.454465 1.272739 -12.275681 2.781974
1769099974.554470 1.257842 -12.270008 2.781564
1769099974.654468 1.245775 -12.265426 2.781953
1769099974.754543 1.230398 -12.259615 2.781900
1769099974.854512 1.218149 -12.255014 2.781186
1769099974.954494 1.203550 -12.249542 2.785352
1769099975.054477 1.189097 -12.244245 2.787074
1769099975.154477 1.174118 -12.238808 2.791460
1769099975.254478 1.161929 -12.234429 2.790921
1769099975.354478 1.147131 -12.229091 2.785999
1769099975.454478 1.131918 -12.223504 2.790056
1769099975.554482 1.120076 -12.219227 2.790688
1769099975.654514 1.104869 -12.213766 2.793170
1769099975.754538 1.089816 -12.208410 2.797525
1769099975.854517 1.077925 -12.204226 2.801151
1769099975.954520 1.062890 -12.198971 2.802016
1769099976.054495 1.047482 -12.193607 2.801089
1769099976.154494 1.034952 -12.189278 2.797280
1769099976.254495 1.019803 -12.183977 2.799761
1769099976.354510 1.012355 -12.171262 2.804414
1769099976.454546 1.010368 -12.157100 2.811457
1769099976.554512 0.997740 -12.149436 2.810624
1769099976.654523 0.982659 -12.144317 2.807898
1769099976.754523 0.970498 -12.140212 2.803443
1769099976.854520 0.955135 -12.134952 2.805744
1769099976.954526 0.939583 -12.129667 2.808892
1769099977.054528 0.927535 -12.125620 2.815138
1769099977.154515 0.912598 -12.120639 2.818564
1769099977.254512 0.900590 -12.116716 2.819751
1769099977.354541 0.885258 -12.111741 2.816337
1769099977.454550 0.869691 -12.106627 2.815070
1769099977.554518 0.857334 -12.102572 2.814192
1769099977.654534 0.842197 -12.097542 2.818605
1769099977.754550 0.826861 -12.092517 2.827819
1769099977.854557 0.815038 -12.088803 2.827892
1769099977.954546 0.800231 -12.084170 2.821774
1769099978.054536 0.785125 -12.079344 2.822914
1769099978.154558 0.769718 -12.074462 2.822819
1769099978.254542 0.757138 -12.070469 2.826039
1769099978.354531 0.741664 -12.065550 2.829090
1769099978.488753 0.723714 -12.059971 2.831882
1769099978.554555 0.714842 -12.057252 2.834485
1769099978.654558 0.699547 -12.052586 2.837503
1769099978.754551 0.684065 -12.047910 2.836379
1769099978.854540 0.671926 -12.044235 2.835574
1769099978.954564 0.656415 -12.039514 2.836961
1769099979.054551 0.640845 -12.034816 2.839408
1769099979.154565 0.628819 -12.031267 2.844645
1769099979.254543 0.613793 -12.026861 2.843764
1769099979.354549 0.599012 -12.022505 2.846111
1769099979.454551 0.586878 -12.018993 2.845037
1769099979.554557 0.571205 -12.014399 2.843312
1769099979.654554 0.555692 -12.009843 2.841389
1769099979.754580 0.543475 -12.006285 2.844758
1769099979.854611 0.528290 -12.001866 2.847864
1769099979.954612 0.525375 -11.994966 2.851542
1769099980.054589 0.530019 -11.986135 2.859602
1769099980.154578 0.524986 -11.980854 2.860023
1769099980.254582 0.509306 -11.976613 2.861904
1769099980.354567 0.493666 -11.972417 2.862723
1769099980.454567 0.481419 -11.969213 2.866171
1769099980.554582 0.466846 -11.965412 2.867422
1769099980.654594 0.452012 -11.961548 2.871068
1769099980.754576 0.436786 -11.957632 2.870302
1769099980.854573 0.424457 -11.954482 2.870645
1769099980.954578 0.408693 -11.950390 2.867392
1769099981.054577 0.393290 -11.946319 2.870800
1769099981.154580 0.380896 -11.943146 2.874497
1769099981.254581 0.365354 -11.939154 2.878901
1769099981.354610 0.350221 -11.935319 2.882901
1769099981.454613 0.335102 -11.931531 2.879782
1769099981.554608 0.322969 -11.928510 2.880431
1769099981.654586 0.306866 -11.924434 2.880702
1769099981.754616 0.291293 -11.920511 2.879336
1769099981.854633 0.279205 -11.917539 2.881118
1769099981.954593 0.264320 -11.913863 2.886198
1769099982.054622 0.248847 -11.910121 2.890570
1769099982.154613 0.233376 -11.906433 2.887940
1769099982.254617 0.221257 -11.903536 2.889494
1769099982.354601 0.205791 -11.899773 2.889268
1769099982.454627 0.189984 -11.895934 2.887595
1769099982.554677 0.177228 -11.892909 2.886677
1769099982.654624 0.161775 -11.889153 2.889409
1769099982.754647 0.146455 -11.885481 2.887867
1769099982.854688 0.134392 -11.882620 2.887291
1769099982.954646 0.118738 -11.878807 2.888475
1769099983.054640 0.103085 -11.874988 2.887215
1769099983.154615 0.087753 -11.871241 2.887500
1769099983.254631 0.075716 -11.868385 2.891586
1769099983.354638 0.060186 -11.864676 2.898221
1769099983.454619 0.044570 -11.861059 2.895369
1769099983.554650 0.032172 -11.850632 2.897902
1769099983.654640 0.016567 -11.832070 2.901481
1769099983.704488 0.010321 -11.823240 2.897570
1769099983.854739 -0.012204 -11.817977 2.887622
1769099983.905235 -0.021784 -11.815618 2.886136
1769099984.054670 -0.043012 -11.810367 2.873941
1769099984.105892 -0.049289 -11.808798 2.866635
1769099984.254651 -0.071028 -11.803012 2.843325
1769099984.306527 -0.077659 -11.801140 2.838695
1769099984.454658 -0.099253 -11.794719 2.825211
1769099984.507267 -0.105858 -11.792705 2.821691
1769099984.654667 -0.126765 -11.786103 2.817703
1769099984.707749 -0.136131 -11.783114 2.813946
1769099984.854657 -0.156928 -11.776371 2.800400
1769099984.908465 -0.163532 -11.774207 2.788642
1769099985.054688 -0.184269 -11.766876 2.772208
1769099985.109200 -0.191289 -11.764295 2.766721
1769099985.254717 -0.211437 -11.756672 2.756954
1769099985.309703 -0.220833 -11.752987 2.755141
1769099985.454681 -0.240769 -11.745100 2.739909
1769099985.510410 -0.247620 -11.742330 2.734636
1769099985.654679 -0.267581 -11.734018 2.720814
1769099985.711086 -0.277092 -11.729902 2.715121
1769099985.854661 -0.296954 -11.721079 2.697608
1769099985.911756 -0.303644 -11.718090 2.689885
1769099986.054692 -0.322998 -11.709084 2.682608
1769099986.112400 -0.329596 -11.705984 2.679692
1769099986.254676 -0.348915 -11.696727 2.660333
1769099986.312887 -0.358210 -11.692041 2.656219
1769099986.454697 -0.377268 -11.682306 2.638456
1769099986.513556 -0.383934 -11.678837 2.633135
1769099986.654690 -0.402326 -11.669014 2.618876
1769099986.714021 -0.409397 -11.665172 2.612104
1769099986.854691 -0.426980 -11.655327 2.599912
1769099986.914698 -0.436480 -11.649824 2.593288
1769099987.054688 -0.454837 -11.638955 2.581008
1769099987.115405 -0.462058 -11.634566 2.576900
1769099987.254683 -0.471807 -11.610060 2.555381
1769099987.315840 -0.475758 -11.598686 2.545428
1769099987.454686 -0.492411 -11.587761 2.532601
1769099987.516559 -0.501656 -11.581498 2.524527
1769099987.654719 -0.518981 -11.569488 2.504047
1769099987.717221 -0.526114 -11.564357 2.499759
1769099987.854739 -0.541919 -11.552780 2.493559
1769099987.918103 -0.550938 -11.546082 2.487539
1769099988.054717 -0.567194 -11.533821 2.479783
1769099988.118453 -0.573648 -11.528934 2.472824
1769099988.254701 -0.590010 -11.516168 2.454462
1769099988.319324 -0.597410 -11.510196 2.445272
1769099988.454705 -0.612917 -11.497414 2.427986
1769099988.519860 -0.621573 -11.490012 2.425043
1769099988.654741 -0.634389 -11.479076 2.414911
1769099988.720266 -0.643039 -11.471530 2.411102
1769099988.854711 -0.658551 -11.457831 2.399312
1769099988.921046 -0.664857 -11.452213 2.391217
1769099989.054735 -0.679808 -11.438428 2.374305
1769099989.121942 -0.687002 -11.431651 2.363931
1769099989.254741 -0.700558 -11.418583 2.355295
1769099989.322416 -0.709002 -11.410323 2.347932
1769099989.454754 -0.722763 -11.396638 2.337704
1769099989.522986 -0.729677 -11.389565 2.332334
1769099989.654758 -0.743025 -11.375717 2.321456
1769099989.723766 -0.751517 -11.366702 2.318972
1769099989.854758 -0.764972 -11.352403 2.318037
1769099989.924329 -0.770985 -11.346025 2.318698
1769099990.054734 -0.784448 -11.331760 2.319531
1769099990.125023 -0.791552 -11.324262 2.318832
1769099990.254745 -0.804136 -11.311006 2.317034
1769099990.325653 -0.812537 -11.302083 2.313560
1769099990.454752 -0.826176 -11.287430 2.310055
1769099990.526491 -0.832423 -11.280688 2.311201
1769099990.654744 -0.845818 -11.266317 2.309901
1769099990.726992 -0.852951 -11.258675 2.305473
1769099990.854774 -0.865143 -11.245456 2.299659
1769099990.927721 -0.873555 -11.236169 2.298620
1769099991.054756 -0.873978 -11.221292 2.288503
1769099991.128297 -0.872459 -11.214030 2.280388
1769099991.254771 -0.885238 -11.199382 2.275608
1769099991.329008 -0.892356 -11.191152 2.277147
1769099991.454784 -0.903890 -11.177856 2.280811
1769099991.529744 -0.912178 -11.168354 2.279751
1769099991.654763 -0.924477 -11.154169 2.275170
1769099991.730350 -0.931983 -11.145394 2.272807
1769099991.854790 -0.943596 -11.131708 2.272318
1769099991.930980 -0.951984 -11.121843 2.271981
1769099992.054801 -0.964198 -11.107494 2.268609
1769099992.131692 -0.970594 -11.100012 2.263568
1769099992.254771 -0.982821 -11.085429 2.260589
1769099992.332285 -0.989288 -11.077712 2.257603
1769099992.454789 -1.001623 -11.062884 2.252412
1769099992.532903 -1.009128 -11.053701 2.250523
1769099992.654804 -1.019875 -11.040477 2.251926
1769099992.733498 -1.028329 -11.030118 2.254506
1769099992.854797 -1.040004 -11.015939 2.257187
1769099992.934085 -1.046271 -11.008389 2.252977
1769099993.054802 -1.058247 -10.993757 2.247324
1769099993.134726 -1.066040 -10.984094 2.247552
1769099993.254822 -1.076645 -10.970873 2.249814
1769099993.335515 -1.085140 -10.960359 2.247104
1769099993.454823 -1.096542 -10.946144 2.244219
1769099993.536050 -1.103126 -10.937971 2.241322
1769099993.654843 -1.114720 -10.923395 2.240096
1769099993.736618 -1.122546 -10.913544 2.236736
1769099993.854826 -1.132683 -10.900651 2.232270
1769099993.937315 -1.140958 -10.889947 2.233762
1769099994.054801 -1.152297 -10.875400 2.235918
1769099994.137862 -1.159679 -10.865996 2.238055
1769099994.254815 -1.169445 -10.853669 2.233790
1769099994.338486 -1.178139 -10.842591 2.231219
1769099994.454833 -1.189471 -10.828035 2.229111
1769099994.539110 -1.196035 -10.819540 2.228898
1769099994.654881 -1.195179 -10.811086 2.217835
1769099994.739842 -1.194295 -10.804285 2.210878
1769099994.854828 -1.203494 -10.791934 2.207940
1769099994.940416 -1.211921 -10.780568 2.206171
1769099995.054840 -1.222470 -10.766217 2.202612
1769099995.141150 -1.228971 -10.757310 2.197484
1769099995.254822 -1.239326 -10.742859 2.195481
1769099995.341617 -1.247323 -10.731687 2.196314
1769099995.454852 -1.257828 -10.717053 2.197858
1769099995.542314 -1.264283 -10.708083 2.197733
1769099995.654835 -1.274644 -10.693735 2.194951
1769099995.742950 -1.282691 -10.682498 2.193795
1769099995.854878 -1.291371 -10.670340 2.190187
1769099995.943701 -1.299968 -10.658226 2.184301
1769099996.054866 -1.309963 -10.643834 2.181807
1769099996.144275 -1.316498 -10.634510 2.173245
1769099996.254855 -1.326249 -10.620423 2.158296
1769099996.344892 -1.333840 -10.609094 2.145058
1769099996.454843 -1.343440 -10.594262 2.129364
1769099996.545614 -1.349474 -10.584472 2.125092
1769099996.654876 -1.358647 -10.569419 2.118085
1769099996.746208 -1.365906 -10.557321 2.109517
1769099996.854873 -1.373216 -10.545043 2.098139
1769099996.946820 -1.380623 -10.532305 2.089804
1769099997.054880 -1.389025 -10.517471 2.079571
1769099997.147524 -1.394982 -10.506918 2.064299
1769099997.254855 -1.403145 -10.491707 2.048528
1769099997.348105 -1.409780 -10.478812 2.039126
1769099997.454887 -1.416084 -10.466190 2.037490
1769099997.548773 -1.422753 -10.452946 2.032714
1769099997.654905 -1.430125 -10.438154 2.023606
1769099997.749434 -1.435328 -10.427352 2.018558
1769099997.854907 -1.442210 -10.412807 2.007289
1769099997.950045 -1.448635 -10.398875 1.995809
1769099998.054912 -1.455529 -10.383355 1.988056
1769099998.150585 -1.461325 -10.370068 1.979494
1769099998.254902 -1.466397 -10.357857 1.965022
1769099998.351275 -1.471831 -10.343672 1.953094
1769099998.454896 -1.477865 -10.328454 1.943242
1769099998.552172 -1.482473 -10.316564 1.932250
1769099998.654907 -1.488220 -10.301196 1.917960
1769099998.752662 -1.493265 -10.286937 1.911754
1769099998.854885 -1.498530 -10.271852 1.904418
1769099998.953251 -1.502646 -10.259844 1.898594
1769099999.054909 -1.507704 -10.244654 1.893185
1769099999.153836 -1.512612 -10.229651 1.889814
1769099999.254910 -1.516768 -10.216905 1.885128
1769099999.354506 -1.521487 -10.202070 1.887260
1769099999.454913 -1.526445 -10.186783 1.889527
1769099999.554914 -1.530276 -10.175074 1.892414
1769099999.654960 -1.535138 -10.160498 1.892436
1769099999.750002 -1.540242 -10.145315 1.888893
1769099999.850039 -1.545160 -10.130439 1.886970
1769099999.954933 -1.550042 -10.115444 1.885116
1769100000.054941 -1.553794 -10.103629 1.888497
1769100000.154906 -1.558662 -10.088583 1.893666
1769100000.254923 -1.563713 -10.073450 1.897472
1769100000.354909 -1.567719 -10.061689 1.896888
1769100000.454915 -1.572880 -10.046558 1.890244
1769100000.554936 -1.577939 -10.031119 1.879928
1769100000.650020 -1.582733 -10.015706 1.869971
1769100000.754937 -1.586488 -10.003281 1.861983
1769100000.854975 -1.590868 -9.988458 1.855042
1769100000.954944 -1.595237 -9.973608 1.843877
1769100001.054941 -1.598745 -9.961131 1.833147
1769100001.155004 -1.602903 -9.945729 1.819796
1769100001.250007 -1.606698 -9.930421 1.808766
1769100001.354961 -1.610312 -9.915031 1.796864
1769100001.454954 -1.613117 -9.902728 1.789676
1769100001.554984 -1.616579 -9.887098 1.785181
1769100001.654941 -1.619968 -9.871696 1.777028
1769100001.754970 -1.622598 -9.859688 1.760685
1769100001.854982 -1.625694 -9.843696 1.746318
1769100001.954992 -1.628396 -9.828150 1.735735
1769100002.050038 -1.626443 -9.816922 1.725833
1769100002.150030 -1.623056 -9.809610 1.718691
1769100002.254965 -1.624483 -9.795035 1.710341
1769100002.354948 -1.626601 -9.779496 1.699696
1769100002.454950 -1.628552 -9.763779 1.691467
1769100002.554952 -1.630087 -9.750773 1.681295
1769100002.654966 -1.631721 -9.734636 1.674264
1769100002.754955 -1.633254 -9.718618 1.671976
1769100002.854980 -1.634524 -9.705800 1.672081
1769100002.950023 -1.636134 -9.689900 1.674793
1769100003.054976 -1.637789 -9.674008 1.668331
1769100003.154970 -1.638942 -9.661168 1.666584
1769100003.254996 -1.640356 -9.644881 1.664538
1769100003.354982 -1.641585 -9.631709 1.658926
1769100003.454983 -1.642991 -9.615521 1.656070
1769100003.550032 -1.644340 -9.599716 1.653548
1769100003.654997 -1.645364 -9.587145 1.653023
1769100003.755008 -1.646564 -9.571566 1.656686
1769100003.850113 -1.647935 -9.555598 1.650753
1769100003.950031 -1.649073 -9.539416 1.645467
1769100004.050007 -1.649985 -9.526625 1.636672
1769100004.150003 -1.651009 -9.510439 1.635955
1769100004.250002 -1.651987 -9.494786 1.638439
1769100004.350007 -1.652722 -9.482441 1.639065
1769100004.450010 -1.653635 -9.466853 1.637086
1769100004.550077 -1.654588 -9.450561 1.633941
1769100004.650010 -1.655537 -9.434123 1.630059
1769100004.750022 -1.656241 -9.420926 1.624073
1769100004.855012 -1.657014 -9.404899 1.620685
1769100004.950011 -1.657510 -9.392248 1.622877
1769100005.050026 -1.658234 -9.376840 1.626064
1769100005.150016 -1.659107 -9.360991 1.621154
1769100005.250019 -1.659810 -9.344684 1.617274
1769100005.350075 -1.660365 -9.331671 1.608924
1769100005.450054 -1.660903 -9.315330 1.607360
1769100005.550023 -1.661411 -9.299255 1.609055
1769100005.650030 -1.657842 -9.301828 1.606155
1769100005.750030 -1.652991 -9.305699 1.594258
1769100005.850044 -1.651837 -9.294588 1.594301
1769100005.950059 -1.652101 -9.281523 1.591610
1769100006.050042 -1.652346 -9.265081 1.586434
1769100006.150027 -1.652496 -9.249105 1.583912
1769100006.250024 -1.652486 -9.236408 1.586722
1769100006.350042 -1.652642 -9.220577 1.587794
1769100006.450024 -1.652863 -9.204921 1.584278
1769100006.550045 -1.652969 -9.192350 1.579882
1769100006.650049 -1.652999 -9.176451 1.576497
1769100006.750046 -1.652973 -9.160033 1.573311
1769100006.850046 -1.652858 -9.146972 1.571748
1769100006.950049 -1.652694 -9.131014 1.571476
1769100007.050050 -1.652595 -9.115182 1.570679
1769100007.150055 -1.652482 -9.099914 1.574020
1769100007.250059 -1.652522 -9.087541 1.568808
1769100007.350059 -1.652490 -9.071027 1.560288
1769100007.450063 -1.652260 -9.055096 1.554558
1769100007.550116 -1.651905 -9.039273 1.555932
1769100007.650104 -1.651625 -9.026552 1.558848
1769100007.750079 -1.651469 -9.010591 1.555053
1769100007.850081 -1.651171 -8.995085 1.553447
1769100007.950074 -1.650982 -8.982471 1.547554
1769100008.050088 -1.650646 -8.966322 1.545338
1769100008.150069 -1.650255 -8.950010 1.541579
1769100008.250068 -1.649723 -8.934178 1.538957
1769100008.350073 -1.649176 -8.921828 1.543134
1769100008.450074 -1.648668 -8.905984 1.545854
1769100008.550073 -1.648250 -8.889859 1.544995
1769100008.650085 -1.647942 -8.876887 1.536559
1769100008.750085 -1.647376 -8.860987 1.529987
1769100008.850083 -1.646614 -8.844677 1.530254
1769100008.950083 -1.645984 -8.831622 1.532167
1769100009.050086 -1.645375 -8.815567 1.527179
1769100009.150089 -1.644631 -8.800166 1.528689
1769100009.250088 -1.640980 -8.787448 1.525006
1769100009.350139 -1.635263 -8.771137 1.523933
1769100009.450087 -1.632603 -8.754889 1.519982
1769100009.550101 -1.631800 -8.741948 1.517606
1769100009.650124 -1.630760 -8.725929 1.517092
1769100009.750140 -1.629772 -8.710298 1.521946
1769100009.850101 -1.629186 -8.697710 1.517265
1769100009.950118 -1.628276 -8.681655 1.514894
1769100010.050079 -1.627333 -8.665576 1.507926
1769100010.150102 -1.626458 -8.652862 1.504334
1769100010.250113 -1.625304 -8.636499 1.502852
1769100010.350109 -1.624170 -8.620632 1.498657
1769100010.450113 -1.623198 -8.607920 1.496892
1769100010.550104 -1.621933 -8.592247 1.500477
1769100010.650111 -1.620798 -8.576228 1.499600
1769100010.750119 -1.619863 -8.563143 1.494887
1769100010.850118 -1.618521 -8.547080 1.490857
1769100010.950123 -1.617132 -8.531166 1.485168
1769100011.050103 -1.615887 -8.518230 1.488172
1769100011.150129 -1.614556 -8.502238 1.485862
1769100011.250105 -1.613259 -8.486593 1.481383
1769100011.350124 -1.611871 -8.471034 1.477608
1769100011.450123 -1.610650 -8.458393 1.477066
1769100011.550127 -1.609112 -8.442194 1.475107
1769100011.650108 -1.607508 -8.426254 1.470456
1769100011.750110 -1.605787 -8.410609 1.471555
1769100011.850157 -1.604531 -8.398167 1.470065
1769100011.950177 -1.603012 -8.382978 1.470734
1769100012.050128 -1.601470 -8.367019 1.467274
1769100012.150185 -1.600102 -8.354071 1.462457
1769100012.250153 -1.598365 -8.337962 1.454208
1769100012.350211 -1.596384 -8.321710 1.454129
1769100012.450187 -1.594899 -8.308731 1.449044
1769100012.550203 -1.592988 -8.293180 1.447190
1769100012.650146 -1.591061 -8.277395 1.445372
1769100012.750171 -1.589417 -8.264689 1.446421
1769100012.850154 -1.587503 -8.256288 1.446648
1769100012.950155 -1.585611 -8.255007 1.443287
1769100012.999855 -1.584919 -8.255764 1.439539
1769100013.150151 -1.581803 -8.233455 1.442509
1769100013.200463 -1.580953 -8.227092 1.443693
1769100013.350221 -1.578181 -8.204979 1.438482
1769100013.401204 -1.576876 -8.195534 1.439277
1769100013.550167 -1.573894 -8.173131 1.429267
1769100013.601760 -1.572964 -8.166318 1.426437
1769100013.750202 -1.569666 -8.143999 1.424200
1769100013.802459 -1.568611 -8.137202 1.423041
1769100013.950213 -1.565376 -8.115773 1.419279
1769100014.003055 -1.563861 -8.106495 1.425290
1769100014.150213 -1.560642 -8.084454 1.421027
1769100014.203735 -1.559582 -8.077507 1.419534
1769100014.350186 -1.556023 -8.055714 1.414975
1769100014.404547 -1.554770 -8.048217 1.413572
1769100014.550177 -1.551236 -8.026735 1.411702
1769100014.605100 -1.549551 -8.016707 1.413492
1769100014.750186 -1.546080 -7.995523 1.409388
1769100014.805700 -1.544823 -7.988531 1.411860
1769100014.950165 -1.541284 -7.967545 1.410693
1769100015.006428 -1.539992 -7.959807 1.407113
1769100015.150244 -1.535744 -7.936025 1.401641
1769100015.207142 -1.534463 -7.929148 1.400943
1769100015.350195 -1.530557 -7.908043 1.406688
1769100015.407552 -1.529256 -7.900411 1.405178
1769100015.550266 -1.525681 -7.879984 1.400865
1769100015.608389 -1.523832 -7.869233 1.394842
1769100015.750247 -1.519803 -7.848195 1.394163
1769100015.809035 -1.518376 -7.840658 1.393110
1769100015.950222 -1.514375 -7.819418 1.388279
1769100016.009598 -1.512856 -7.812024 1.390219
1769100016.150266 -1.508526 -7.789475 1.389333
1769100016.210298 -1.507101 -7.782143 1.389872
1769100016.350219 -1.503082 -7.761439 1.388897
1769100016.411124 -1.501413 -7.752966 1.383692
1769100016.550212 -1.496735 -7.730443 1.380537
1769100016.611646 -1.495056 -7.722901 1.384597
1769100016.750204 -1.462767 -7.744810 1.375297
1769100016.812256 -1.448216 -7.754602 1.365800
1769100016.950234 -1.443221 -7.732253 1.361946
1769100017.013090 -1.441501 -7.724562 1.358721
1769100017.150297 -1.436836 -7.703992 1.354230
1769100017.213621 -1.434721 -7.695110 1.354203
1769100017.350212 -1.430162 -7.676061 1.352070
1769100017.414225 -1.427524 -7.665238 1.355178
1769100017.550275 -1.422899 -7.645524 1.355764
1769100017.615036 -1.421002 -7.637278 1.351036
1769100017.750304 -1.416298 -7.617250 1.338293
1769100017.815757 -1.413430 -7.605869 1.335521
1769100017.950297 -1.408342 -7.586013 1.334972
1769100018.016351 -1.406253 -7.578113 1.337259
1769100018.150285 -1.401351 -7.558787 1.334190
1769100018.217176 -1.399039 -7.549540 1.329802
1769100018.350268 -1.394239 -7.531111 1.330846
1769100018.417737 -1.391302 -7.519450 1.327984
1769100018.550307 -1.386086 -7.499392 1.320464
1769100018.618306 -1.383536 -7.489978 1.318510
1769100018.750266 -1.378735 -7.472573 1.321746
1769100018.819237 -1.375705 -7.460925 1.321146
1769100018.950249 -1.370715 -7.442114 1.320308
1769100019.019864 -1.368088 -7.432276 1.317206
1769100019.150259 -1.363301 -7.414358 1.307243
1769100019.220452 -1.359969 -7.402477 1.308275
1769100019.350308 -1.354621 -7.383342 1.303473
1769100019.421031 -1.352139 -7.374774 1.304275
1769100019.550322 -1.346913 -7.356539 1.304566
1769100019.621755 -1.344023 -7.346319 1.305688
1769100019.750250 -1.339077 -7.328495 1.300044
1769100019.822342 -1.335677 -7.316510 1.295533
1769100019.950297 -1.330177 -7.297816 1.290437
1769100020.023051 -1.327075 -7.287338 1.288718
1769100020.150274 -1.321911 -7.270101 1.293070
1769100020.223713 -1.318484 -7.258189 1.290282
1769100020.350250 -1.313388 -7.246268 1.298369
1769100020.424356 -1.310917 -7.240544 1.302684
1769100020.550255 -1.305609 -7.221624 1.310258
1769100020.624977 -1.302593 -7.210745 1.316394
1769100020.750238 -1.297909 -7.193507 1.324938
1769100020.825610 -1.294682 -7.181238 1.333801
1769100020.950261 -1.290113 -7.162799 1.351581
1769100021.026241 -1.287894 -7.153531 1.361632
1769100021.150245 -1.283812 -7.134842 1.367017
1769100021.226985 -1.281357 -7.123382 1.370004
1769100021.350316 -1.277705 -7.105874 1.372959
1769100021.427581 -1.274996 -7.092864 1.380548
1769100021.550387 -1.271393 -7.074776 1.389450
1769100021.628281 -1.269596 -7.065320 1.392380
1769100021.750420 -1.266211 -7.046852 1.400371
1769100021.828783 -1.264135 -7.035009 1.400660
1769100021.950291 -1.261158 -7.018353 1.398927
1769100022.029591 -1.258739 -7.005140 1.396856
1769100022.150381 -1.255229 -6.986469 1.398414
1769100022.230194 -1.253378 -6.976265 1.398035
1769100022.350314 -1.250110 -6.958320 1.405359
1769100022.430804 -1.248026 -6.946435 1.407083
1769100022.550373 -1.245233 -6.930607 1.409379
1769100022.631521 -1.242876 -6.916816 1.408641
1769100022.750384 -1.239783 -6.898964 1.404572
1769100022.832214 -1.237685 -6.887151 1.402142
1769100022.950309 -1.234836 -6.871058 1.399752
1769100023.032790 -1.232512 -6.858093 1.404468
1769100023.150321 -1.229488 -6.840342 1.408024
1769100023.233595 -1.227430 -6.828084 1.406373
1769100023.350315 -1.224714 -6.812678 1.407153
1769100023.434410 -1.222260 -6.798625 1.405784
1769100023.550322 -1.219082 -6.780899 1.408316
1769100023.634844 -1.217283 -6.770575 1.406557
1769100023.750350 -1.214256 -6.753172 1.410020
1769100023.835485 -1.212081 -6.740195 1.411379
1769100023.950459 -1.209988 -6.713410 1.424047
1769100024.036402 -1.208180 -6.690368 1.431253
1769100024.150322 -1.205474 -6.672695 1.430060
1769100024.236895 -1.203825 -6.661802 1.425909
1769100024.350331 -1.201186 -6.644475 1.428059
1769100024.437458 -1.199091 -6.630418 1.431600
1769100024.550319 -1.196639 -6.613170 1.430037
1769100024.638263 -1.194982 -6.602019 1.430255
1769100024.750456 -1.192463 -6.584907 1.428039
1769100024.838861 -1.190403 -6.571287 1.426822
1769100024.950416 -1.188080 -6.556481 1.428131
1769100025.039423 -1.185878 -6.542065 1.428052
1769100025.150325 -1.183320 -6.525177 1.431803
1769100025.240115 -1.181340 -6.511547 1.433999
1769100025.350347 -1.179249 -6.497331 1.436442
1769100025.440786 -1.177145 -6.482666 1.433671
1769100025.550362 -1.174536 -6.465220 1.431419
1769100025.641345 -1.172754 -6.453870 1.435028
1769100025.750395 -1.170249 -6.437016 1.436820
1769100025.842072 -1.168224 -6.423071 1.438031
1769100025.950403 -1.166153 -6.408958 1.438681
1769100026.042759 -1.163966 -6.393922 1.439631
1769100026.150374 -1.161531 -6.377198 1.437935
1769100026.243301 -1.159759 -6.365787 1.436697
1769100026.350377 -1.157190 -6.349010 1.435973
1769100026.443967 -1.154970 -6.334263 1.438119
1769100026.550385 -1.152929 -6.320806 1.444472
1769100026.644689 -1.150838 -6.305928 1.446201
1769100026.750372 -1.148503 -6.289361 1.444292
1769100026.845271 -1.146733 -6.277411 1.443444
1769100026.950375 -1.144338 -6.260793 1.440451
1769100027.045897 -1.142151 -6.245820 1.441442
1769100027.150398 -1.139866 -6.229882 1.441813
1769100027.246695 -1.138139 -6.218202 1.443473
1769100027.350383 -1.135852 -6.201711 1.443244
1769100027.447288 -1.133709 -6.186364 1.442091
1769100027.550488 -1.116098 -6.173318 1.430649
1769100027.647925 -1.098650 -6.157596 1.422575
1769100027.750390 -1.095986 -6.141146 1.422158
1769100027.848619 -1.093923 -6.128695 1.428328
1769100027.950405 -1.091537 -6.113314 1.431659
1769100028.049299 -1.089185 -6.097859 1.432124
1769100028.150473 -1.087213 -6.084854 1.429448
1769100028.249868 -1.084788 -6.068745 1.426460
1769100028.350394 -1.082324 -6.052624 1.425097
1769100028.450406 -1.080361 -6.039992 1.421521
1769100028.550405 -1.077862 -6.024288 1.426448
1769100028.650421 -1.075528 -6.009121 1.430558
1769100028.654025 -1.075460 -6.008669 1.430561
1769100028.654025 -1.075460 -6.008669 1.430561
1769100028.950412 -1.068889 -5.964796 1.420491
1769100029.050422 -1.066799 -5.951826 1.419366
1769100029.150414 -1.064192 -5.935824 1.426213
1769100029.250434 -1.061765 -5.920261 1.429564
1769100029.350411 -1.059881 -5.908116 1.429543
1769100029.450451 -1.057499 -5.892269 1.429317
1769100029.550491 -1.055129 -5.876138 1.424421
1769100029.650429 -1.052752 -5.860389 1.423802
1769100029.750461 -1.050804 -5.847939 1.421436
1769100029.850422 -1.048327 -5.832737 1.427661
1769100029.950463 -1.045920 -5.817280 1.431761
1769100030.050458 -1.043649 -5.801952 1.433711
1769100030.150432 -1.041826 -5.789355 1.428692
1769100030.250453 -1.039440 -5.773429 1.427152
1769100030.350447 -1.037038 -5.757519 1.425230
1769100030.450437 -1.035040 -5.744905 1.428223
1769100030.550446 -1.032664 -5.729504 1.431792
1769100030.650440 -1.030352 -5.714139 1.432679
1769100030.750439 -1.028056 -5.698693 1.437192
1769100030.850443 -1.026264 -5.686231 1.435980
1769100030.950442 -1.024007 -5.670388 1.436604
1769100031.050456 -1.021740 -5.654552 1.433900
1769100031.150456 -1.005725 -5.652110 1.434907
1769100031.250449 -0.988923 -5.654595 1.438902
1769100031.350449 -0.985359 -5.640648 1.441517
1769100031.450460 -0.983283 -5.625448 1.443299
1769100031.550457 -0.981614 -5.613049 1.438752
1769100031.650458 -0.979452 -5.597194 1.436528
1769100031.750488 -0.977189 -5.581067 1.436492
1769100031.850489 -0.974979 -5.565364 1.434397
1769100031.950492 -0.973244 -5.553330 1.436565
1769100032.050515 -0.971040 -5.537526 1.440098
1769100032.150503 -0.968941 -5.521966 1.444975
1769100032.250468 -0.966978 -5.506848 1.443038
1769100032.350549 -0.965274 -5.494142 1.441779
1769100032.450474 -0.963078 -5.478132 1.442435
1769100032.550473 -0.960897 -5.462142 1.441685
1769100032.650495 -0.959185 -5.449453 1.442548
1769100032.750490 -0.957128 -5.434008 1.444863
1769100032.850543 -0.955082 -5.418239 1.445510
1769100032.950481 -0.953397 -5.405341 1.446969
1769100033.050483 -0.951325 -5.389269 1.445702
1769100033.150483 -0.949231 -5.373335 1.441639
1769100033.250551 -0.947475 -5.360502 1.441594
1769100033.350505 -0.945305 -5.344543 1.446053
1769100033.450569 -0.943257 -5.328672 1.451005
1769100033.550510 -0.941685 -5.316199 1.451986
1769100033.650494 -0.939760 -5.300352 1.448302
1769100033.750501 -0.937775 -5.284596 1.449314
1769100033.850528 -0.936163 -5.271812 1.450114
1769100033.950538 -0.934180 -5.255706 1.447146
1769100034.050495 -0.932214 -5.240326 1.450723
1769100034.150503 -0.930297 -5.224955 1.453871
1769100034.250518 -0.928757 -5.212533 1.457322
1769100034.350514 -0.926880 -5.196824 1.458357
1769100034.450507 -0.925018 -5.181307 1.453568
1769100034.550596 -0.923433 -5.168701 1.449907
1769100034.650510 -0.921392 -5.152786 1.449744
1769100034.750511 -0.923113 -5.144635 1.453687
1769100034.850504 -0.925958 -5.138950 1.450280
1769100034.950517 -0.925395 -5.128652 1.450982
1769100035.050561 -0.923368 -5.112671 1.451535
1769100035.150531 -0.921721 -5.099659 1.449519
1769100035.250523 -0.919698 -5.083500 1.444940
1769100035.350584 -0.917602 -5.067632 1.446137
1769100035.450525 -0.915902 -5.054945 1.449144
1769100035.550603 -0.913847 -5.039149 1.458511
1769100035.650575 -0.911978 -5.023327 1.465419
1769100035.678320 -0.911593 -5.019853 1.465749
1769100035.678320 -0.911593 -5.019853 1.465749
1769100035.950571 -0.907246 -4.978319 1.479757
1769100036.050542 -0.905997 -4.965285 1.487759
1769100036.150605 -0.904590 -4.949505 1.500191
1769100036.250563 -0.903393 -4.933800 1.510203
1769100036.350608 -0.902510 -4.921046 1.526312
1769100036.450563 -0.901673 -4.904978 1.534688
1769100036.550547 -0.901001 -4.889241 1.541305
1769100036.650557 -0.900495 -4.876698 1.547083
1769100036.750560 -0.899953 -4.860345 1.556110
1769100036.850552 -0.899567 -4.844149 1.562906
1769100036.950562 -0.899323 -4.831520 1.575413
1769100037.050554 -0.899231 -4.815842 1.589598
1769100037.150560 -0.899350 -4.799982 1.599516
1769100037.250556 -0.899519 -4.786965 1.605857
1769100037.350561 -0.899902 -4.770891 1.607110
1769100037.450588 -0.900315 -4.755146 1.614913
1769100037.550576 -0.900870 -4.739730 1.624800
1769100037.650611 -0.901406 -4.726834 1.636970
1769100037.750575 -0.902249 -4.711319 1.642748
1769100037.850664 -0.903228 -4.695800 1.647012
1769100037.950622 -0.904035 -4.683393 1.657588
1769100038.050634 -0.905317 -4.667252 1.666220
1769100038.150640 -0.906694 -4.651300 1.671049
1769100038.250597 -0.908187 -4.635265 1.679110
1769100038.350605 -0.902886 -4.635586 1.687744
1769100038.450592 -0.894708 -4.639787 1.697827
1769100038.550607 -0.892783 -4.634147 1.701118
1769100038.650612 -0.894730 -4.618446 1.700055
1769100038.750661 -0.896675 -4.602426 1.701053
1769100038.850605 -0.898606 -4.586580 1.698913
1769100038.950563 -0.900089 -4.573947 1.696719
1769100039.050686 -0.901929 -4.558299 1.696335
1769100039.150622 -0.903789 -4.542596 1.697190
1769100039.250592 -0.905270 -4.529958 1.699930
1769100039.350612 -0.907185 -4.514111 1.699881
1769100039.450615 -0.909085 -4.498237 1.695575
1769100039.550598 -0.910552 -4.485319 1.693335
1769100039.650605 -0.912418 -4.468908 1.694030
1769100039.750659 -0.914222 -4.453124 1.695051
1769100039.850692 -0.915601 -4.440857 1.695258
1769100039.950647 -0.917397 -4.425301 1.693286
1769100040.050633 -0.919208 -4.409361 1.692688
1769100040.150668 -0.920612 -4.396837 1.689989
1769100040.250615 -0.922431 -4.380663 1.684673
1769100040.350631 -0.924099 -4.364831 1.682103
1769100040.450696 -0.925337 -4.352388 1.684151
1769100040.550618 -0.927018 -4.336534 1.685883
1769100040.650652 -0.928713 -4.320831 1.684888
1769100040.750686 -0.930343 -4.305652 1.680492
1769100040.850627 -0.931640 -4.292825 1.677415
1769100040.950694 -0.933304 -4.276444 1.677104
1769100041.050692 -0.934956 -4.260292 1.677083
1769100041.150638 -0.936237 -4.247584 1.676345
1769100041.250646 -0.937794 -4.232260 1.676597
1769100041.350625 -0.939425 -4.216461 1.680122
1769100041.450659 -0.940771 -4.203792 1.679810
1769100041.550656 -0.942485 -4.187669 1.675957
1769100041.650654 -0.944138 -4.171482 1.672987
1769100041.750679 -0.945382 -4.158484 1.676533
1769100041.850650 -0.946950 -4.142857 1.678895
1769100041.950699 -0.948566 -4.127112 1.678390
1769100042.050695 -0.949864 -4.114488 1.676147
1769100042.150658 -0.941971 -4.138712 1.680288
1769100042.250676 -0.943670 -4.122685 1.681184
1769100042.350661 -0.945036 -4.109778 1.681407
1769100042.450669 -0.946702 -4.093945 1.681609
1769100042.550646 -0.948368 -4.078036 1.685710
1769100042.650666 -0.949687 -4.065719 1.688750
1769100042.750675 -0.951475 -4.050018 1.693008
1769100042.850660 -0.953352 -4.034049 1.690042
1769100042.950668 -0.955164 -4.018311 1.687902
1769100043.050687 -0.956588 -4.005377 1.690130
1769100043.150686 -0.958410 -3.989237 1.691818
1769100043.250680 -0.959844 -3.976517 1.693790
1769100043.300155 -0.960952 -3.967156 1.692319
1769100043.450732 -0.963460 -3.945413 1.688962
1769100043.500812 -0.964180 -3.938950 1.689330
1769100043.650686 -0.966688 -3.916737 1.688308
1769100043.701436 -0.967782 -3.907037 1.686653
1769100043.850811 -0.970203 -3.884756 1.686811
1769100043.902100 -0.970910 -3.878063 1.689634
1769100044.050704 -0.973351 -3.856626 1.696572
1769100044.105476 -0.974177 -3.849748 1.696028
1769100044.105476 -0.974177 -3.849748 1.696028
1769100044.105476 -0.974177 -3.849748 1.696028
1769100044.450712 -0.980456 -3.796786 1.695049
1769100044.504045 -0.981290 -3.789640 1.695381
1769100044.650722 -0.983855 -3.768079 1.697584
1769100044.704718 -0.985075 -3.758077 1.698350
1769100044.850706 -0.987729 -3.736298 1.701962
1769100044.906151 -0.988589 -3.729325 1.700915
1769100045.050768 -0.991229 -3.707654 1.696143
1769100045.105978 -0.992066 -3.700508 1.694902
1769100045.250716 -0.994546 -3.679387 1.698551
1769100045.306584 -0.995786 -3.669151 1.702467
1769100045.450724 -0.998422 -3.648211 1.703800
1769100045.507195 -0.999332 -3.641044 1.703148
1769100045.650709 -1.002009 -3.619903 1.704028
1769100045.707880 -1.003329 -3.609735 1.702645
1769100045.850729 -0.992040 -3.616877 1.705226
1769100045.908597 -0.987355 -3.620891 1.704213
1769100046.050700 -0.990046 -3.599774 1.705036
1769100046.109282 -0.991008 -3.592104 1.708198
1769100046.250744 -0.993691 -3.571602 1.706499
1769100046.309938 -0.995031 -3.561373 1.703512
1769100046.450734 -0.997686 -3.540073 1.699830
1769100046.510968 -0.998665 -3.532056 1.699399
1769100046.650779 -1.001287 -3.510846 1.699585
1769100046.711185 -1.002315 -3.502581 1.700275
1769100046.850787 -1.004801 -3.482530 1.703467
1769100046.911852 -1.006185 -3.471775 1.703986
1769100047.050832 -1.008885 -3.450876 1.705232
1769100047.112539 -1.009915 -3.442962 1.703032
1769100047.250750 -1.012550 -3.422193 1.701373
1769100047.313195 -1.013653 -3.413251 1.702155
1769100047.450797 -1.016114 -3.393691 1.704376
1769100047.513755 -1.017546 -3.382631 1.705484
1769100047.650804 -1.020167 -3.362329 1.701533
1769100047.714451 -1.021191 -3.354262 1.699132
1769100047.850775 -1.023778 -3.333307 1.701014
1769100047.915060 -1.024947 -3.323917 1.700818
1769100048.050766 -1.027330 -3.304491 1.700236
1769100048.115830 -1.028682 -3.293498 1.703245
1769100048.250830 -1.031165 -3.273638 1.710930
1769100048.316555 -1.032389 -3.264382 1.710655
1769100048.450823 -1.034956 -3.245165 1.705601
1769100048.517137 -1.036489 -3.233381 1.705080
1769100048.650848 -1.039127 -3.212702 1.705018
1769100048.717795 -1.040186 -3.204208 1.708181
1769100048.850833 -1.042816 -3.184162 1.710755
1769100048.918455 -1.044032 -3.174986 1.710562
1769100049.050775 -1.046458 -3.156625 1.708566
1769100049.119182 -1.048053 -3.144507 1.707929
1769100049.250832 -1.050648 -3.124413 1.705449
1769100049.319802 -1.051733 -3.115747 1.703030
1769100049.450786 -1.041379 -3.109062 1.707546
1769100049.520520 -1.035833 -3.106201 1.712810
1769100049.650831 -1.038734 -3.085051 1.717783
1769100049.721278 -1.039932 -3.076451 1.715092
1769100049.850819 -1.042631 -3.056800 1.713111
1769100049.921782 -1.044063 -3.046218 1.711243
1769100050.050780 -1.046551 -3.027615 1.710304
1769100050.122355 -1.048204 -3.015294 1.712075
1769100050.250799 -1.050800 -2.996027 1.711137
1769100050.323036 -1.051998 -2.987067 1.711199
1769100050.450804 -1.054577 -2.967875 1.712150
1769100050.523681 -1.056038 -2.957055 1.710649
1769100050.650835 -1.058438 -2.939005 1.705843
1769100050.724323 -1.060106 -2.926172 1.705296
1769100050.850800 -1.062605 -2.906809 1.711724
1769100050.924963 -1.063847 -2.897471 1.714208
1769100051.050882 -1.066452 -2.878665 1.714740
1769100051.125630 -1.067978 -2.867548 1.714237
1769100051.250829 -1.070381 -2.849998 1.713330
1769100051.326208 -1.071955 -2.838529 1.712771
1769100051.450825 -1.074363 -2.820814 1.704321
1769100051.526947 -1.076000 -2.808048 1.699467
1769100051.650830 -1.078265 -2.789270 1.689704
1769100051.727609 -1.079372 -2.779552 1.678576
1769100051.850875 -1.081315 -2.760677 1.663034
1769100051.928232 -1.082334 -2.748993 1.650619
1769100052.050818 -1.083600 -2.731502 1.638942
1769100052.128722 -1.084428 -2.718148 1.635527
1769100052.250842 -1.085526 -2.699244 1.627374
1769100052.329413 -1.086054 -2.689317 1.619822
1769100052.450893 -1.086897 -2.670831 1.604994
1769100052.529995 -1.087294 -2.658959 1.595849
1769100052.650841 -1.087668 -2.641965 1.581733
1769100052.730828 -1.087802 -2.628368 1.576193
1769100052.850843 -1.087821 -2.610319 1.566436
1769100052.931448 -1.087721 -2.598390 1.563293
1769100053.050848 -1.075749 -2.588466 1.555769
1769100053.132083 -1.067516 -2.578989 1.550485
1769100053.250907 -1.067047 -2.560669 1.533345
1769100053.332793 -1.066521 -2.548491 1.523526
1769100053.450869 -1.065507 -2.529541 1.509687
1769100053.533422 -1.064808 -2.518859 1.506959
1769100053.650861 -1.063568 -2.500925 1.498934
1769100053.734115 -1.062588 -2.488391 1.488552
1769100053.850874 -1.061257 -2.472974 1.473973
1769100053.934722 -1.059904 -2.459194 1.464506
1769100054.050894 -1.057893 -2.441150 1.452897
1769100054.135360 -1.056595 -2.430288 1.443348
1769100054.250888 -1.054362 -2.412925 1.430812
1769100054.335860 -1.052439 -2.399174 1.425499
1769100054.450887 -1.049862 -2.381644 1.413182
1769100054.536632 -1.048108 -2.370624 1.409622
1769100054.650878 -1.045174 -2.352747 1.398419
1769100054.737361 -1.042803 -2.339433 1.386993
1769100054.850889 -1.039901 -2.324248 1.378863
1769100054.937892 -1.037182 -2.310474 1.371609
1769100055.050880 -1.033682 -2.293461 1.362078
1769100055.138564 -1.031351 -2.282530 1.348366
1769100055.250939 -1.027379 -2.265147 1.335303
1769100055.339126 -1.024058 -2.251459 1.327733
1769100055.450872 -1.020432 -2.236983 1.320979
1769100055.539800 -1.016807 -2.222856 1.316578
1769100055.650872 -1.012471 -2.206224 1.313311
1769100055.740486 -1.009534 -2.195134 1.317033
1769100055.850998 -1.005152 -2.178306 1.311638
1769100055.941293 -1.001441 -2.164364 1.310933
1769100056.050925 -0.997579 -2.149959 1.306144
1769100056.141790 -0.993629 -2.135504 1.304191
1769100056.250949 -0.989072 -2.118891 1.308487
1769100056.342413 -0.986138 -2.108058 1.310741
1769100056.450886 -0.981769 -2.091770 1.308284
1769100056.543217 -0.977927 -2.077620 1.306679
1769100056.650927 -0.968807 -2.090422 1.305795
1769100056.743841 -0.960364 -2.099297 1.304511
1769100056.850917 -0.955882 -2.082998 1.301347
1769100056.944469 -0.952068 -2.069296 1.300549
1769100057.050926 -0.948269 -2.055838 1.303100
1769100057.145237 -0.944350 -2.041825 1.303662
1769100057.250928 -0.939798 -2.025570 1.301020
1769100057.345811 -0.936428 -2.013710 1.297713
1769100057.450926 -0.931806 -1.997546 1.294659
1769100057.546378 -0.927591 -1.982894 1.296024
1769100057.650919 -0.923181 -1.967488 1.298167
1769100057.747086 -0.919862 -1.955848 1.297903
1769100057.850946 -0.915461 -1.940387 1.296384
1769100057.947832 -0.911250 -1.925641 1.298576
1769100058.050936 -0.906742 -1.909677 1.303193
1769100058.148481 -0.903330 -1.897503 1.312337
1769100058.250952 -0.899017 -1.881570 1.324467
1769100058.349052 -0.895148 -1.866460 1.339280
1769100058.451007 -0.892161 -1.854049 1.348650
1769100058.549646 -0.888712 -1.838928 1.355185
1769100058.650950 -0.885252 -1.823105 1.360941
1769100058.750533 -0.882520 -1.810310 1.368501
1769100058.851001 -0.879175 -1.794194 1.379014
1769100058.950954 -0.876080 -1.778508 1.385575
1769100059.050966 -0.873691 -1.766025 1.394765
1769100059.150944 -0.870925 -1.750635 1.410602
1769100059.250974 -0.868333 -1.734755 1.421996
1769100059.350969 -0.866387 -1.722137 1.430239
1769100059.451010 -0.864061 -1.706302 1.436575
1769100059.550941 -0.861809 -1.690088 1.441364
1769100059.651012 -0.860077 -1.677441 1.454324
1769100059.750967 -0.858105 -1.661593 1.465550
1769100059.851045 -0.856410 -1.646297 1.477627
1769100059.951017 -0.855122 -1.633608 1.485988
1769100060.050972 -0.853698 -1.617712 1.488224
1769100060.150974 -0.852280 -1.601540 1.485576
1769100060.250972 -0.836846 -1.550406 1.485260
1769100060.351029 -0.820536 -1.494385 1.487135
1769100060.451035 -0.818476 -1.476534 1.492597
1769100060.550982 -0.817403 -1.463646 1.494472
1769100060.651012 -0.816160 -1.448047 1.496330
1769100060.751038 -0.814915 -1.432274 1.496045
1769100060.851032 -0.813871 -1.419322 1.498657
1769100060.950990 -0.812593 -1.402918 1.495843
1769100061.050991 -0.811307 -1.387230 1.499294
1769100061.150989 -0.810313 -1.374586 1.498420
1769100061.250974 -0.809133 -1.358999 1.503070
1769100061.350975 -0.808020 -1.342937 1.504904
1769100061.451008 -0.807119 -1.330116 1.506635
1769100061.551008 -0.806043 -1.314484 1.504096
1769100061.651015 -0.804895 -1.298588 1.500808
1769100061.751006 -0.803661 -1.282247 1.497983
1769100061.851012 -0.802679 -1.270063 1.490962
1769100061.951018 -0.801366 -1.254427 1.484948
1769100062.051004 -0.799952 -1.238666 1.475964
1769100062.151005 -0.798403 -1.223191 1.461709
1769100062.251006 -0.796985 -1.210628 1.448959
1769100062.351016 -0.794991 -1.194556 1.436620
1769100062.451072 -0.792798 -1.178674 1.427832
1769100062.551060 -0.790986 -1.166075 1.419563
1769100062.651024 -0.788597 -1.150237 1.413472
1769100062.751072 -0.786106 -1.134473 1.408608
1769100062.851023 -0.784043 -1.121846 1.395392
1769100062.951076 -0.781195 -1.105787 1.383305
1769100063.051032 -0.778070 -1.089664 1.370786
1769100063.151040 -0.775512 -1.077067 1.363735
1769100063.251099 -0.772264 -1.061662 1.356491
1769100063.351028 -0.769565 -1.049400 1.349687
1769100063.451030 -0.765975 -1.033741 1.342003
1769100063.551018 -0.762188 -1.017942 1.331951
1769100063.568723 -0.761647 -1.015709 1.329526
1769100063.568723 -0.761647 -1.015709 1.329526
1769100063.851070 -0.743914 -0.967149 1.301730
1769100063.951055 -0.738110 -0.952372 1.292196
1769100064.051044 -0.733337 -0.936538 1.282345
1769100064.151041 -0.728860 -0.921423 1.271154
1769100064.251047 -0.725012 -0.909037 1.261711
1769100064.351045 -0.719954 -0.893392 1.255884
1769100064.451056 -0.715014 -0.878396 1.249591
1769100064.551038 -0.710063 -0.863713 1.241971
1769100064.651067 -0.706044 -0.852137 1.230562
1769100064.751057 -0.700821 -0.837567 1.217662
1769100064.851058 -0.695147 -0.822438 1.205288
1769100064.951056 -0.690400 -0.810084 1.190113
1769100065.051057 -0.684315 -0.794896 1.179519
1769100065.151110 -0.678237 -0.780233 1.170970
1769100065.251062 -0.673357 -0.768692 1.164531
1769100065.351055 -0.667025 -0.753931 1.153650
1769100065.451083 -0.660609 -0.739483 1.140561
1769100065.551075 -0.655150 -0.727641 1.127675
1769100065.651074 -0.648202 -0.713093 1.117428
1769100065.751101 -0.641063 -0.698612 1.110997
1769100065.851116 -0.635294 -0.687037 1.104429
1769100065.951084 -0.628177 -0.672947 1.095597
1769100066.051108 -0.621103 -0.659333 1.087565
1769100066.151135 -0.615097 -0.648043 1.074320
1769100066.251100 -0.607217 -0.633696 1.064577
1769100066.351090 -0.599087 -0.619307 1.056084
1769100066.451089 -0.592675 -0.608182 1.047855
1769100066.551088 -0.584712 -0.594568 1.037745
1769100066.651095 -0.576536 -0.580975 1.029902
1769100066.751093 -0.569741 -0.569902 1.021540
1769100066.779205 -0.566872 -0.565248 1.016960
1769100066.779205 -0.566872 -0.565248 1.016960
1769100067.051109 -0.545308 -0.531654 0.990691
1769100067.151098 -0.536388 -0.518340 0.985987
1769100067.251099 -0.527450 -0.505130 0.979247
1769100067.351099 -0.520656 -0.495165 0.963680
1769100067.451109 -0.504387 -0.500427 0.949246
1769100067.551103 -0.485100 -0.512483 0.936213
1769100067.651099 -0.472698 -0.506680 0.930724
1769100067.751116 -0.464935 -0.496335 0.918763
1769100067.851122 -0.455324 -0.483840 0.908646
1769100067.951109 -0.445555 -0.471367 0.890996
1769100068.051118 -0.437495 -0.461453 0.880917
1769100068.151117 -0.427172 -0.448954 0.866330
1769100068.251171 -0.417019 -0.437068 0.854447
1769100068.351116 -0.406603 -0.425208 0.844589
1769100068.451120 -0.398144 -0.415775 0.841380
1769100068.551140 -0.387592 -0.403976 0.836524
1769100068.651138 -0.376804 -0.392010 0.824839
1769100068.751125 -0.368030 -0.382500 0.810071
1769100068.851130 -0.357004 -0.370906 0.796194
1769100068.951179 -0.345668 -0.359389 0.786204
1769100069.051130 -0.336480 -0.350218 0.778977
1769100069.151149 -0.325208 -0.339098 0.769810
1769100069.251106 -0.313882 -0.328184 0.763580
1769100069.351132 -0.304748 -0.319415 0.753700
1769100069.451154 -0.293184 -0.308570 0.744777
1769100069.551188 -0.281307 -0.297642 0.731396
1769100069.651190 -0.269509 -0.287109 0.720868
1769100069.751206 -0.260316 -0.279055 0.714156
1769100069.851159 -0.248405 -0.268768 0.708907
1769100069.951246 -0.236572 -0.258689 0.702547
1769100070.051136 -0.224531 -0.248531 0.690143
1769100070.151207 -0.215012 -0.240574 0.676698
1769100070.251167 -0.202416 -0.230380 0.662361
1769100070.351162 -0.189592 -0.220372 0.652792
1769100070.451161 -0.179452 -0.212474 0.640475
1769100070.551174 -0.166935 -0.203023 0.631667
1769100070.651206 -0.154228 -0.193657 0.621279
1769100070.751180 -0.143750 -0.186112 0.612039
1769100070.851208 -0.130206 -0.176598 0.602325
1769100070.951167 -0.116898 -0.167484 0.592174
1769100071.051180 -0.100647 -0.151381 0.584263
1769100071.151163 -0.077657 -0.127523 0.578383
1769100071.251167 -0.060782 -0.112891 0.568456
1769100071.351184 -0.047651 -0.104423 0.559485
1769100071.451173 -0.036780 -0.097440 0.542296
1769100071.551229 -0.023016 -0.089075 0.531529
1769100071.651178 -0.009408 -0.081067 0.524577
1769100071.751185 0.001330 -0.074745 0.518423
1769100071.851298 0.015087 -0.066730 0.508735
1769100071.951191 0.028815 -0.058940 0.493295
1769100072.051190 0.040013 -0.052781 0.480341
1769100072.151178 0.054369 -0.045233 0.470037
1769100072.251263 0.068982 -0.037753 0.458866
1769100072.351164 0.080516 -0.031912 0.447366
1769100072.451188 0.094663 -0.025035 0.439226
1769100072.551192 0.108762 -0.018362 0.436162
1769100072.651199 0.120237 -0.012895 0.428614
1769100072.751204 0.135024 -0.006060 0.416637
1769100072.851191 0.149851 0.000551 0.400853
1769100072.951202 0.161701 0.005596 0.392400
1769100073.051182 0.176056 0.011573 0.386348
1769100073.151178 0.190800 0.017606 0.379486
1769100073.251183 0.202609 0.022421 0.370106
1769100073.351299 0.217409 0.028205 0.357472
1769100073.451203 0.232288 0.033786 0.346514
1769100073.551212 0.244579 0.038295 0.335500
1769100073.651211 0.259949 0.043663 0.328093
1769100073.751270 0.275022 0.048863 0.316490
1769100073.851245 0.286713 0.052892 0.303912
1769100073.951233 0.301859 0.057831 0.291995
1769100074.000747 0.308014 0.059756 0.287920
1769100074.151228 0.329810 0.066214 0.274297
1769100074.201420 0.339034 0.068792 0.269429
1769100074.351233 0.360509 0.074764 0.253724
1769100074.402111 0.366878 0.076507 0.249927
1769100074.551286 0.388253 0.082095 0.237092
1769100074.602894 0.394771 0.083798 0.230160
1769100074.751236 0.416156 0.088949 0.208773
1769100074.803526 0.425900 0.090953 0.205168
1769100074.951233 0.404289 0.073711 0.191279
1769100075.006874 0.394704 0.066820 0.191206
1769100075.006874 0.394704 0.066820 0.191206
1769100075.006874 0.394704 0.066820 0.191206
1769100075.351218 0.443939 0.076146 0.159012
1769100075.405431 0.454021 0.077801 0.151022
1769100075.551240 0.475918 0.081034 0.133911
1769100075.606174 0.482925 0.082045 0.126550
1769100075.751325 0.504306 0.084543 0.123560
1769100075.806784 0.511402 0.085420 0.121440
1769100075.951340 0.532803 0.088017 0.109742
1769100076.007415 0.540404 0.088874 0.103368
1769100076.151256 0.562006 0.091177 0.076944
1769100076.208237 0.572556 0.091908 0.074120
1769100076.351254 0.594009 0.093534 0.060597
1769100076.408763 0.601298 0.094037 0.055863
1769100076.551328 0.622420 0.095249 0.043878
1769100076.609860 0.630351 0.095642 0.037823
1769100076.751335 0.651338 0.096569 0.021289
1769100076.810239 0.662423 0.096873 0.012868
1769100076.951256 0.683418 0.097108 -0.002328
1769100077.010903 0.690967 0.097177 -0.008938
1769100077.151320 0.711848 0.097140 -0.020316
1769100077.211481 0.720153 0.097041 -0.025097
1769100077.351244 0.740781 0.096578 -0.037940
1769100077.412220 0.751842 0.096122 -0.045290
1769100077.551260 0.772925 0.095059 -0.058661
1769100077.612895 0.780888 0.094622 -0.063038
1769100077.751262 0.801778 0.093416 -0.077580
1769100077.813588 0.810405 0.092860 -0.085496
1769100077.951297 0.829987 0.091307 -0.100274
1769100078.014296 0.841244 0.090189 -0.107041
1769100078.151325 0.862403 0.087884 -0.118719
1769100078.214781 0.870536 0.086863 -0.119673
1769100078.351269 0.890834 0.084413 -0.118567
1769100078.415415 0.899774 0.083420 -0.119890
1769100078.551252 0.919401 0.081204 -0.118720
1769100078.616240 0.930989 0.079913 -0.119156
1769100078.751254 0.931085 0.063916 -0.121786
1769100078.816709 0.929679 0.056201 -0.120883
1769100078.951328 0.950370 0.053619 -0.119265
1769100079.017380 0.958697 0.052528 -0.114477
1769100079.151286 0.978617 0.050209 -0.110662
1769100079.218148 0.987975 0.049258 -0.113297
1769100079.351329 1.007113 0.047176 -0.117020
1769100079.418774 1.019182 0.045743 -0.116460
1769100079.551290 1.039655 0.043387 -0.120311
1769100079.619485 1.048264 0.042322 -0.119072
1769100079.751308 1.068047 0.039859 -0.115512
1769100079.820171 1.078009 0.038773 -0.116061
1769100079.951366 1.096762 0.036731 -0.116866
1769100080.020713 1.108635 0.035281 -0.114336
1769100080.151301 1.128551 0.032957 -0.115784
1769100080.221406 1.137651 0.031790 -0.112942
1769100080.351300 1.157738 0.029309 -0.107164
1769100080.422178 1.167911 0.028223 -0.107248
1769100080.551338 1.185162 0.026420 -0.105952
1769100080.622790 1.197421 0.025252 -0.107984
1769100080.751351 1.216906 0.023250 -0.108746
1769100080.823401 1.227136 0.022170 -0.108619
1769100080.951319 1.247904 0.019972 -0.112125
1769100081.024200 1.256867 0.018934 -0.110008
1769100081.151322 1.276336 0.016827 -0.106975
1769100081.224795 1.287046 0.015682 -0.104136
1769100081.351328 1.304610 0.013908 -0.101142
1769100081.425431 1.317262 0.012627 -0.095674
1769100081.551338 1.337005 0.010815 -0.084260
1769100081.626086 1.346743 0.009975 -0.077632
1769100081.751346 1.365916 0.008451 -0.063274
1769100081.826773 1.375572 0.007943 -0.059402
1769100081.951374 1.394626 0.006951 -0.047817
1769100082.027341 1.406050 0.006426 -0.039880
1769100082.151407 1.423494 0.005753 -0.028390
1769100082.228089 1.436462 0.005377 -0.020217
1769100082.351335 1.461922 -0.007732 -0.016259
1769100082.428664 1.475870 -0.016003 -0.013965
1769100082.551413 1.494877 -0.016257 -0.004908
1769100082.629493 1.506505 -0.016264 0.001711
1769100082.751352 1.523109 -0.016076 0.010914
1769100082.830144 1.536622 -0.015846 0.018298
1769100082.951357 1.555609 -0.015433 0.028871
1769100083.030827 1.565855 -0.015111 0.033189
1769100083.151366 1.584746 -0.014362 0.043824
1769100083.231383 1.596906 -0.013730 0.052349
1769100083.351362 1.613271 -0.012779 0.063743
1769100083.432201 1.626532 -0.011904 0.074241
1769100083.551364 1.644552 -0.010432 0.085533
1769100083.632823 1.657070 -0.009270 0.092415
1769100083.751400 1.673579 -0.007638 0.098038
1769100083.833498 1.686358 -0.006347 0.103711
1769100083.951484 1.705738 -0.004278 0.118414
1769100084.034120 1.716221 -0.002945 0.127839
1769100084.151376 1.734164 -0.000413 0.139634
1769100084.234675 1.746517 0.001491 0.144964
1769100084.351377 1.762605 0.004107 0.150888
1769100084.435434 1.776470 0.006344 0.158443
1769100084.551450 1.794429 0.009402 0.168105
1769100084.636093 1.805223 0.011340 0.173608
1769100084.751396 1.822418 0.014465 0.188741
1769100084.836727 1.835063 0.017054 0.199904
1769100084.951451 1.850227 0.020369 0.211055
1769100085.037518 1.864161 0.023625 0.213467
1769100085.151461 1.881378 0.027606 0.218919
1769100085.238121 1.894706 0.030739 0.224270
1769100085.351408 1.909817 0.034283 0.235499
1769100085.438784 1.923613 0.037738 0.240865
1769100085.551433 1.940606 0.042082 0.248557
1769100085.639486 1.951524 0.044968 0.251336
1769100085.751404 1.968819 0.049669 0.247020
1769100085.840249 1.982124 0.053154 0.247287
1769100085.951414 1.996663 0.056894 0.249194
1769100086.040817 4.797775 -0.375724 0.349648
1769100086.151414 4.811307 -0.370608 0.350341
1769100086.241482 4.824911 -0.365534 0.355525
1769100086.351422 4.840719 -0.359444 0.356664
1769100086.442212 4.851530 -0.355343 0.360007
1769100086.551416 4.867952 -0.349050 0.359108
1769100086.642911 4.881612 -0.343890 0.357286
1769100086.751420 4.897697 -0.337891 0.361652
1769100086.843449 4.908798 -0.333614 0.362125
1769100086.951546 4.924632 -0.327477 0.366982
1769100087.044132 4.935688 -0.323127 0.370505
1769100087.151432 4.951380 -0.316880 0.370201
1769100087.244864 4.965115 -0.311462 0.367499
1769100087.351495 4.978591 -0.306166 0.364945
1769100087.445446 4.993122 -0.300519 0.359852
1769100087.551434 5.008676 -0.294624 0.355722
1769100087.646096 5.019821 -0.290411 0.351103
1769100087.751524 5.035303 -0.284665 0.343223
1769100087.846779 5.049835 -0.279413 0.330778
1769100087.951486 5.062957 -0.274727 0.315040
1769100088.047520 5.077798 -0.269790 0.302613
1769100088.151443 5.093227 -0.264977 0.296257
1769100088.248185 5.105109 -0.261313 0.294122
1769100088.351444 5.120744 -0.256512 0.289186
1769100088.448748 5.135323 -0.252167 0.282922
1769100088.551520 5.148162 -0.248344 0.270397
1769100088.649537 5.163382 -0.244110 0.258064
1769100088.751465 5.179431 -0.239946 0.248158
1769100088.850184 5.191742 -0.236755 0.237467
1769100088.951458 5.207127 -0.233024 0.229745
1769100089.050944 5.222546 -0.229435 0.222597
1769100089.151513 5.235198 -0.226636 0.218434
1769100089.251405 5.250909 -0.223209 0.209535
1769100089.351480 5.266810 -0.219946 0.196254
1769100089.451484 5.279496 -0.217561 0.187614
1769100089.551534 5.295287 -0.214696 0.177711
1769100089.651507 5.310946 -0.211977 0.171168
1769100089.751525 5.294128 -0.219871 0.153795
1769100089.851477 5.280098 -0.227747 0.136862
1769100089.951500 5.295620 -0.225890 0.126378
1769100090.051478 5.308607 -0.224291 0.117140
1769100090.151481 5.324750 -0.222477 0.108621
1769100090.251539 5.340399 -0.220856 0.099170
1769100090.351496 5.352909 -0.219691 0.092099
1769100090.451485 5.368740 -0.218300 0.082050
1769100090.551486 5.384696 -0.217039 0.068471
1769100090.651553 5.397854 -0.216137 0.053782
1769100090.751560 5.413875 -0.215460 0.047215
1769100090.851491 5.427907 -0.214976 0.044999
1769100090.951491 5.431893 -0.214890 0.044120
1769100091.051518 5.432728 -0.214905 0.044524
1769100091.151511 5.432713 -0.214971 0.044457
1769100091.251501 5.432719 -0.215038 0.044378
1769100091.351574 5.432694 -0.215107 0.044287
1769100091.451530 5.432729 -0.215164 0.044225
1769100091.551502 5.432734 -0.215224 0.044150
1769100091.651537 5.432738 -0.215282 0.044077
1769100091.751556 5.432742 -0.215338 0.044005
1769100091.851526 5.432747 -0.215393 0.043933
1769100091.951541 5.432750 -0.215446 0.043864
1769100092.051545 5.432754 -0.215496 0.043796
1769100092.151514 5.432757 -0.215545 0.043729
1769100092.251531 5.432760 -0.215593 0.043663
1769100092.351591 5.432734 -0.215641 0.043584
1769100092.451536 5.432766 -0.215683 0.043533
1769100092.551545 5.432769 -0.215726 0.043471
1769100092.651540 5.432771 -0.215767 0.043409
1769100092.751569 5.432774 -0.215807 0.043348
1769100092.851526 5.432776 -0.215846 0.043288
1769100092.951528 5.432778 -0.215884 0.043228
1769100093.051549 5.432780 -0.215920 0.043170
1769100093.151531 5.432781 -0.215955 0.043112
1769100093.251553 5.432783 -0.215989 0.043055
1769100093.351600 5.432784 -0.216022 0.043000
1769100093.451570 5.432786 -0.216054 0.042944
1769100093.551568 5.432787 -0.216084 0.042890
1769100093.651578 5.432788 -0.216114 0.042836
1769100093.751548 5.432789 -0.216142 0.042784
1769100093.851574 5.432790 -0.216170 0.042732
1769100093.951587 5.432791 -0.216197 0.042680
1769100094.051615 5.432792 -0.216223 0.042628
1769100094.151607 5.432793 -0.216248 0.042578
1769100094.251572 5.432793 -0.216272 0.042528
1769100094.351578 5.432794 -0.216295 0.042479
1769100094.451577 5.432794 -0.216317 0.042431
1769100094.551557 5.432795 -0.216339 0.042383
1769100094.651557 5.432765 -0.216359 0.042322
1769100094.751572 5.432795 -0.216380 0.042289
1769100094.851561 5.432795 -0.216399 0.042243
1769100094.951565 5.432796 -0.216418 0.042198
1769100095.051595 5.432796 -0.216436 0.042153
1769100095.151615 5.432766 -0.216452 0.042095
1769100095.251569 5.432766 -0.216469 0.042051
1769100095.351646 5.432796 -0.216486 0.042021
1769100095.451592 5.432796 -0.216502 0.041978
1769100095.551573 5.432796 -0.216517 0.041936
1769100095.651649 5.432796 -0.216531 0.041894
1769100095.751676 5.432795 -0.216545 0.041853
1769100095.851694 5.432795 -0.216558 0.041812
1769100095.951603 5.432795 -0.216571 0.041772
1769100096.051637 5.432795 -0.216584 0.041732
1769100096.151592 5.432795 -0.216596 0.041692
1769100096.251586 5.432794 -0.216607 0.041653
1769100096.351613 5.432794 -0.216618 0.041614
1769100096.451655 5.432794 -0.216629 0.041576
1769100096.551650 5.432793 -0.216639 0.041538
1769100096.651626 5.432763 -0.216646 0.041486
1769100096.751620 5.432793 -0.216658 0.041464
1769100096.851594 5.432792 -0.216667 0.041427
