timestamp x y theta
1769100595.526434 0.000000 0.000000 0.000004
1769100595.651798 0.000000 0.000000 0.000010
1769100595.727145 0.000000 0.000000 0.000011
1769100595.851832 0.000000 0.000000 0.000011
1769100595.927932 0.000000 0.000000 0.000008
1769100596.051804 0.000000 0.000000 0.000008
1769100596.128472 0.000000 0.000000 0.000008
1769100596.251813 0.000000 0.000000 0.000010
1769100596.329261 0.000000 0.000000 0.000011
1769100596.451813 0.000000 0.000000 0.000011
1769100596.529613 0.000000 0.000000 0.000011
1769100596.651819 0.000000 0.000000 0.000013
1769100596.730227 0.000000 0.000000 0.000012
1769100596.851819 0.000000 0.000000 0.000014
1769100596.930877 0.000000 0.000000 0.000014
1769100597.051832 0.000000 0.000000 0.000014
1769100597.131520 0.000000 0.000000 0.000015
1769100597.251822 0.000000 0.000000 0.000015
1769100597.332152 0.000000 0.000000 0.000016
1769100597.451823 0.000000 0.000000 0.000016
1769100597.532836 0.000000 0.000000 0.000017
1769100597.651833 0.000000 0.000000 0.000018
1769100597.733498 0.000000 0.000000 0.000017
1769100597.851834 0.000000 0.000000 0.000018
1769100597.934152 0.000000 0.000000 0.000017
1769100598.051860 0.000000 0.000000 0.000017
1769100598.134750 0.000000 0.000000 0.000018
1769100598.251854 0.000000 0.000000 0.000019
1769100598.335414 0.000000 0.000000 0.000018
1769100598.451849 0.000000 0.000000 0.000018
1769100598.536010 0.000000 0.000000 0.000019
1769100598.651844 0.000000 0.000000 0.000019
1769100598.736683 0.000000 0.000000 0.000020
1769100598.851847 0.000000 0.000000 0.000020
1769100598.937345 0.000000 0.000000 0.000021
1769100599.051841 0.000000 0.000000 0.000023
1769100599.137929 0.000000 0.000000 0.000023
1769100599.251854 0.000000 0.000000 0.000022
1769100599.338612 0.000000 0.000000 0.000023
1769100599.451872 0.000000 0.000000 0.000022
1769100599.539236 0.000000 0.000000 0.000022
1769100599.651864 0.000000 0.000000 0.000022
1769100599.739843 0.000000 0.000000 0.000022
1769100599.851889 0.000000 0.000000 0.000023
1769100599.940468 0.000000 0.000000 0.000022
1769100600.051872 0.000000 0.000000 0.000023
1769100600.141118 0.000000 0.000000 0.000022
1769100600.251872 0.000000 0.000000 0.000022
1769100600.341746 0.000000 0.000000 0.000022
1769100600.451883 0.000000 0.000000 0.000022
1769100600.542394 0.000000 0.000000 0.000022
1769100600.651870 0.000000 0.000000 0.000023
1769100600.743038 0.000000 0.000000 0.000023
1769100600.851882 0.000000 0.000000 0.000023
1769100600.943798 0.000000 0.000000 0.000023
1769100601.051894 0.000000 0.000000 0.000023
1769100601.144417 0.000000 0.000000 0.000024
1769100601.251901 0.000000 0.000000 0.000025
1769100601.345030 0.000000 0.000000 0.000026
1769100601.451883 0.000000 0.000000 0.000027
1769100601.545655 0.000000 0.000000 0.000028
1769100601.651920 0.000000 0.000000 0.000029
1769100601.746258 0.000000 0.000000 0.000029
1769100601.851934 0.000000 0.000000 0.000030
1769100601.946953 0.000000 0.000000 0.000032
1769100602.051921 0.000000 0.000000 0.000033
1769100602.147542 0.000000 0.000000 0.000032
1769100602.251904 0.000000 0.000000 0.000034
1769100602.348180 0.000000 0.000000 0.000034
1769100602.451898 0.000000 0.000000 0.000035
1769100602.548795 0.000000 0.000000 0.000037
1769100602.651889 0.000000 0.000000 0.000038
1769100602.749456 0.000000 0.000000 0.000038
1769100602.851962 0.000000 0.000000 0.000039
1769100602.950091 0.000000 0.000000 0.000039
1769100603.051920 0.000000 0.000000 0.000040
1769100603.150690 0.000000 0.000000 0.000041
1769100603.251907 0.000000 0.000000 0.000042
1769100603.351419 0.000000 0.000000 0.000044
1769100603.451930 0.000000 0.000000 0.000044
1769100603.551936 0.000051 -0.000000 0.000525
1769100603.651933 0.000633 0.000000 0.001222
1769100603.751929 0.001544 0.000002 0.001491
1769100603.851932 0.002227 0.000003 0.001928
1769100603.951929 0.003822 0.000006 0.001267
1769100604.051938 0.006454 0.000010 0.001275
1769100604.151912 0.009314 0.000014 0.000706
1769100604.251910 0.013339 0.000016 0.001271
1769100604.351995 0.017085 0.000020 0.002113
1769100604.451941 0.022299 0.000032 0.001779
1769100604.551917 0.027513 0.000040 0.002007
1769100604.651929 0.033132 0.000050 0.000864
1769100604.752023 0.038093 0.000049 -0.000166
1769100604.851935 0.044446 0.000047 -0.000404
1769100604.951927 0.050824 0.000034 0.000107
1769100605.051940 0.055886 0.000032 -0.000326
1769100605.151923 0.062441 0.000025 -0.000982
1769100605.252000 0.069199 0.000003 -0.000702
1769100605.351939 0.075021 -0.000012 0.000119
1769100605.451944 0.082462 -0.000017 0.000541
1769100605.551925 0.088436 -0.000025 0.001909
1769100605.651973 0.095674 0.000009 0.001800
1769100605.751981 0.103090 0.000011 0.002094
1769100605.852051 0.109443 0.000007 0.004185
1769100605.951935 0.117695 0.000053 0.005952
1769100606.051953 0.126249 0.000131 0.004793
1769100606.152009 0.133235 0.000171 0.005012
1769100606.251960 0.142676 0.000197 0.005508
1769100606.351966 0.152192 0.000275 0.002934
1769100606.451954 0.161684 0.000303 0.000552
1769100606.551961 0.169378 0.000310 -0.001507
1769100606.652027 0.179022 0.000255 -0.000482
1769100606.751947 0.188513 0.000239 0.001985
1769100606.851944 0.196157 0.000234 0.004251
1769100606.951959 0.205851 0.000257 0.005980
1769100607.051964 0.213444 0.000328 0.006477
1769100607.151963 0.222910 0.000372 0.008058
1769100607.251974 0.232250 0.000422 0.008585
1769100607.351971 0.241766 0.000507 0.007797
1769100607.451965 0.249359 0.000535 0.009159
1769100607.551976 0.259179 0.000630 0.008439
1769100607.651974 0.269126 0.000712 0.006507
1769100607.751979 0.276972 0.000721 0.006524
1769100607.851953 0.286615 0.000774 0.007061
1769100607.951998 0.294208 0.000832 0.007356
1769100608.051976 0.303624 0.000880 0.009117
1769100608.151980 0.312912 0.000991 0.011082
1769100608.251987 0.320404 0.001101 0.012592
1769100608.351986 0.330046 0.001304 0.012741
1769100608.451985 0.339739 0.001415 0.013451
1769100608.551980 0.347357 0.001443 0.015015
1769100608.651985 0.356974 0.001626 0.013036
1769100608.751986 0.366566 0.001684 0.012858
1769100608.851999 0.374362 0.001770 0.012402
1769100608.951988 0.383929 0.001840 0.013027
1769100609.051991 0.393647 0.001959 0.013803
1769100609.151986 0.401392 0.002009 0.016029
1769100609.251998 0.410959 0.002089 0.018474
1769100609.351999 0.420372 0.002272 0.018472
1769100609.452046 0.427914 0.002442 0.017535
1769100609.552023 0.437352 0.002699 0.016793
1769100609.652025 0.446766 0.002846 0.018637
1769100609.752020 0.454637 0.003012 0.018441
1769100609.852066 0.465241 0.003144 0.020410
1769100609.952005 0.476072 0.003323 0.018321
1769100610.052013 0.484701 0.003480 0.017565
1769100610.152004 0.495381 0.003641 0.017739
1769100610.252004 0.505908 0.003853 0.019193
1769100610.352030 0.514284 0.004092 0.020219
1769100610.452022 0.524735 0.004333 0.022731
1769100610.552000 0.535413 0.004611 0.024029
1769100610.652001 0.543964 0.004901 0.022006
1769100610.752006 0.554617 0.005157 0.021583
1769100610.852009 0.550254 -0.005771 0.022084
1769100610.952018 0.539041 -0.020411 0.025804
1769100611.052013 0.544825 -0.023916 0.024539
1769100611.151999 0.555807 -0.023658 0.025044
1769100611.252087 0.564385 -0.023492 0.026865
1769100611.352064 0.574962 -0.023240 0.028873
1769100611.452022 0.585411 -0.022965 0.031953
1769100611.552032 0.593862 -0.022735 0.034274
1769100611.652080 0.604179 -0.022224 0.033146
1769100611.752043 0.614854 -0.021839 0.034067
1769100611.852013 0.623478 -0.021466 0.031943
1769100611.952022 0.634383 -0.021150 0.032493
1769100612.052035 0.645237 -0.020864 0.030521
1769100612.152055 0.653762 -0.020589 0.030489
1769100612.252030 0.664413 -0.020244 0.032221
1769100612.352034 0.674886 -0.019909 0.035578
1769100612.452034 0.683486 -0.019592 0.038232
1769100612.552095 0.694057 -0.019135 0.038351
1769100612.652033 0.704576 -0.018635 0.037519
1769100612.752048 0.712947 -0.018252 0.037149
1769100612.852055 0.723646 -0.017875 0.038685
1769100612.952018 0.734469 -0.017353 0.037603
1769100613.052044 0.743295 -0.016983 0.037037
1769100613.152032 0.754170 -0.016521 0.034578
1769100613.252042 0.764946 -0.016159 0.034170
1769100613.352042 0.773447 -0.015927 0.036356
1769100613.452048 0.783943 -0.015489 0.037436
1769100613.552034 0.794363 -0.015059 0.039734
1769100613.652074 0.802706 -0.014618 0.039663
1769100613.752081 0.813502 -0.014069 0.040936
1769100613.852086 0.824095 -0.013521 0.038546
1769100613.952061 0.832592 -0.013155 0.037502
1769100614.052054 0.843368 -0.012775 0.037474
1769100614.152098 0.854091 -0.012318 0.035838
1769100614.252058 0.864814 -0.011879 0.036313
1769100614.352040 0.873184 -0.011483 0.035553
1769100614.452070 0.883628 -0.010981 0.035142
1769100614.552060 0.894196 -0.010446 0.033905
1769100614.652062 0.902491 -0.010072 0.035421
1769100614.752069 0.913010 -0.009574 0.036482
1769100614.852058 0.923555 -0.009075 0.036672
1769100614.952132 0.932226 -0.008598 0.035161
1769100615.052065 0.943024 -0.008094 0.034256
1769100615.152062 0.953897 -0.007571 0.030765
1769100615.252076 0.962394 -0.007210 0.028427
1769100615.352070 0.972996 -0.006920 0.030543
1769100615.452071 0.983468 -0.006532 0.032376
1769100615.552093 0.993862 -0.006075 0.034371
1769100615.652062 1.002405 -0.005564 0.033347
1769100615.752116 1.013079 -0.005136 0.036332
1769100615.852143 1.023697 -0.004561 0.034203
1769100615.952089 1.032245 -0.004180 0.034594
1769100616.052092 1.042841 -0.003722 0.035093
1769100616.152056 1.053589 -0.003271 0.034068
1769100616.252079 1.062366 -0.002915 0.034232
1769100616.352124 1.073342 -0.002461 0.034605
1769100616.452150 1.075488 -0.010457 0.035404
1769100616.552130 1.068873 -0.024988 0.038988
1769100616.652084 1.072719 -0.030967 0.041160
1769100616.752095 1.081037 -0.030556 0.044644
1769100616.852100 1.091602 -0.029961 0.044869
1769100616.952093 1.102395 -0.029354 0.043660
1769100617.052138 1.113216 -0.028836 0.043761
1769100617.152136 1.121835 -0.028340 0.039857
1769100617.252096 1.132657 -0.027857 0.038237
1769100617.352096 1.143178 -0.027419 0.037549
1769100617.452144 1.151726 -0.027063 0.038285
1769100617.552106 1.162500 -0.026638 0.040985
1769100617.652119 1.171023 -0.026288 0.043616
1769100617.752190 1.181614 -0.025736 0.043627
1769100617.852073 1.192057 -0.025247 0.043889
1769100617.952132 1.202600 -0.024740 0.043965
1769100618.052123 1.211119 -0.024314 0.044379
1769100618.152108 1.221990 -0.023770 0.042322
1769100618.252102 1.230764 -0.023360 0.041684
1769100618.352090 1.241690 -0.022946 0.041994
1769100618.401648 1.245948 -0.022725 0.040652
1769100618.552153 1.260754 -0.022041 0.038473
1769100618.602286 1.267011 -0.021775 0.039055
1769100618.752173 1.281614 -0.021073 0.040790
1769100618.802876 1.285951 -0.020845 0.040893
1769100618.952111 1.300930 -0.020157 0.042247
1769100619.003477 1.307358 -0.019861 0.042006
1769100619.152097 1.321585 -0.019147 0.037282
1769100619.204222 1.326147 -0.018969 0.037708
1769100619.352114 1.340705 -0.018366 0.035458
1769100619.404714 1.347433 -0.018122 0.035446
1769100619.552126 1.362178 -0.017557 0.035449
1769100619.605303 1.366770 -0.017413 0.036320
1769100619.752154 1.381248 -0.016813 0.036084
1769100619.805963 1.385890 -0.016656 0.037233
1769100619.952141 1.400137 -0.015987 0.036026
1769100620.006591 1.406937 -0.015711 0.036563
1769100620.152142 1.421758 -0.015055 0.034845
1769100620.207272 1.426565 -0.014846 0.034740
1769100620.352139 1.441435 -0.014299 0.030503
1769100620.407880 1.446211 -0.014142 0.030146
1769100620.552133 1.460662 -0.013692 0.030788
1769100620.608534 1.465719 -0.013482 0.030643
1769100620.752129 1.479756 -0.012931 0.032123
1769100620.809135 1.486768 -0.012650 0.032801
1769100620.952196 1.501025 -0.012073 0.033921
1769100621.009920 1.505914 -0.011835 0.032338
1769100621.152144 1.520095 -0.011327 0.031938
1769100621.210584 1.525427 -0.011097 0.031548
1769100621.352185 1.539545 -0.010600 0.031309
1769100621.411113 1.546694 -0.010295 0.029027
1769100621.552171 1.561148 -0.009877 0.029151
1769100621.611776 1.566245 -0.009699 0.028771
1769100621.752145 1.580198 -0.009287 0.030590
1769100621.812511 1.585646 -0.009104 0.032006
1769100621.952162 1.599168 -0.008604 0.035323
1769100622.012900 1.606426 -0.008305 0.035206
1769100622.152156 1.634592 -0.028832 0.026723
1769100622.213659 1.646026 -0.038024 0.023389
1769100622.352147 1.660161 -0.037646 0.020800
1769100622.414216 1.666012 -0.037514 0.019721
1769100622.552177 1.679494 -0.037228 0.020402
1769100622.614852 1.687065 -0.037061 0.021527
1769100622.752150 1.701051 -0.036672 0.022502
1769100622.815559 1.706506 -0.036525 0.023666
1769100622.952153 1.720052 -0.036113 0.024544
1769100623.016173 1.726072 -0.035944 0.024898
1769100623.152167 1.738925 -0.035533 0.024942
1769100623.216824 1.745099 -0.035341 0.024911
1769100623.352183 1.758430 -0.034914 0.023899
1769100623.417436 1.766378 -0.034706 0.023259
1769100623.552169 1.780316 -0.034334 0.020139
1769100623.618111 1.785986 -0.034235 0.019576
1769100623.752207 1.799423 -0.033980 0.021790
1769100623.818751 1.805666 -0.033843 0.023617
1769100623.952178 1.818375 -0.033529 0.027261
1769100624.019467 1.826282 -0.033310 0.028660
1769100624.152223 1.839804 -0.032915 0.030387
1769100624.220110 1.845585 -0.032736 0.028472
1769100624.352179 1.858982 -0.032377 0.026359
1769100624.420759 1.865696 -0.032215 0.025609
1769100624.552158 1.878389 -0.031871 0.024105
1769100624.621382 1.886511 -0.031713 0.024934
1769100624.752170 1.899999 -0.031393 0.025939
1769100624.822053 1.906534 -0.031237 0.027748
1769100624.952172 1.918495 -0.030910 0.027577
1769100625.022698 1.926159 -0.030705 0.028664
1769100625.152143 1.939039 -0.030313 0.029934
1769100625.223315 1.945100 -0.030137 0.030314
1769100625.352170 1.958467 -0.029687 0.026965
1769100625.423872 1.965759 -0.029492 0.026408
1769100625.552231 1.978100 -0.029126 0.021215
1769100625.624571 1.986437 -0.028965 0.019664
1769100625.752230 1.999409 -0.028752 0.021717
1769100625.825357 2.005689 -0.028648 0.023416
1769100625.952286 2.018718 -0.028382 0.026354
1769100626.025777 2.026023 -0.028186 0.026889
1769100626.152204 2.037872 -0.027902 0.028415
1769100626.226431 2.046321 -0.027684 0.027886
1769100626.352190 2.059177 -0.027362 0.027004
1769100626.427188 2.065552 -0.027234 0.028215
1769100626.552259 2.078612 -0.026953 0.028832
1769100626.627906 2.086469 -0.026771 0.027366
1769100626.752257 2.098198 -0.026537 0.027195
1769100626.828394 2.106723 -0.026349 0.027263
1769100626.952261 2.119150 -0.026077 0.028596
1769100627.029036 2.125534 -0.025954 0.029881
1769100627.152202 2.137926 -0.025651 0.032732
1769100627.229627 2.145732 -0.025420 0.032605
1769100627.352271 2.157052 -0.025087 0.031014
1769100627.430218 2.166009 -0.024856 0.030316
1769100627.552301 2.178661 -0.024562 0.028411
1769100627.630822 2.186281 -0.024403 0.027748
1769100627.752252 2.173684 -0.036479 0.018343
1769100627.834148 2.166716 -0.044740 0.014823
1769100627.834148 2.166716 -0.044740 0.014823
1769100627.834148 2.166716 -0.044740 0.014823
1769100628.152225 2.197995 -0.044397 0.016406
1769100628.232676 2.206044 -0.044324 0.017909
1769100628.352215 2.216875 -0.044179 0.018988
1769100628.433343 2.226062 -0.044063 0.020660
1769100628.552232 2.238640 -0.043859 0.019353
1769100628.633991 2.245752 -0.043768 0.018416
1769100628.752275 2.258204 -0.043652 0.018990
1769100628.834615 2.266579 -0.043550 0.019248
1769100628.952236 2.277286 -0.043391 0.020581
1769100629.035230 2.286282 -0.043183 0.018367
1769100629.152210 2.296240 -0.043024 0.020014
1769100629.235893 2.305504 -0.042834 0.019677
1769100629.352295 2.317674 -0.042632 0.020253
1769100629.436577 2.324816 -0.042518 0.022925
1769100629.552234 2.336856 -0.042291 0.032666
1769100629.637194 2.345676 -0.041992 0.038113
1769100629.752278 2.356306 -0.041583 0.045925
1769100629.837897 2.366062 -0.041132 0.052866
1769100629.952280 2.378069 -0.040509 0.062618
1769100630.038573 2.385389 -0.040088 0.070554
1769100630.152256 2.397033 -0.039295 0.081233
1769100630.239258 2.405874 -0.038549 0.087833
1769100630.352272 2.415969 -0.037673 0.100782
1769100630.439714 2.425526 -0.036684 0.110400
1769100630.552264 2.437152 -0.035333 0.117268
1769100630.640445 2.444600 -0.034454 0.123310
1769100630.752236 2.456295 -0.033019 0.132953
1769100630.841220 2.465563 -0.031771 0.139286
1769100630.952251 2.475626 -0.030363 0.148757
1769100631.041830 2.485402 -0.028868 0.157875
1769100631.152278 2.496522 -0.027035 0.166092
1769100631.242546 2.505446 -0.025531 0.174164
1769100631.352274 2.514951 -0.023863 0.184186
1769100631.443209 2.524619 -0.022011 0.191531
1769100631.552287 2.535896 -0.019757 0.202398
1769100631.643943 2.543658 -0.018130 0.210087
1769100631.752275 2.554809 -0.015732 0.219827
1769100631.844653 2.562439 -0.013996 0.224327
1769100631.952278 2.573588 -0.011478 0.233950
1769100632.045204 2.583247 -0.009173 0.239347
1769100632.152288 2.592656 -0.006915 0.250871
1769100632.246032 2.602657 -0.004328 0.259941
1769100632.352257 2.613452 -0.001436 0.272776
1769100632.446991 2.621019 0.000662 0.284489
1769100632.552287 2.631464 0.003774 0.291356
1769100632.647607 2.641107 0.006709 0.298380
1769100632.752272 2.649951 0.009469 0.307876
1769100632.848328 2.660030 0.012712 0.316632
1769100632.952292 2.670301 0.016163 0.322344
1769100633.048981 2.678194 0.018816 0.330648
1769100633.152293 2.688530 0.022417 0.337819
1769100633.249785 2.698305 0.025926 0.344446
1769100633.352297 2.686303 0.018980 0.353092
1769100633.450637 2.676702 0.013176 0.357014
1769100633.552307 2.686758 0.017026 0.359546
1769100633.651409 2.694425 0.019988 0.359989
1769100633.752320 2.704221 0.023754 0.361056
1769100633.851989 2.713944 0.027509 0.360319
1769100633.952304 2.722079 0.030643 0.359889
1769100634.052298 2.732211 0.034512 0.358147
1769100634.152368 2.742493 0.038416 0.354988
1769100634.252299 2.750646 0.041508 0.352116
1769100634.352308 2.760734 0.045291 0.349988
1769100634.452305 2.770548 0.048943 0.353606
1769100634.552309 2.778448 0.051926 0.355779
1769100634.652302 2.788387 0.055660 0.359432
1769100634.752315 2.798505 0.059546 0.357785
1769100634.852281 2.806192 0.062494 0.355905
1769100634.952316 2.816141 0.066263 0.351799
1769100635.052373 2.826087 0.069974 0.349757
1769100635.152299 2.835995 0.073635 0.348486
1769100635.252338 2.844239 0.076694 0.346262
1769100635.352297 2.854545 0.080456 0.346966
1769100635.452293 2.864749 0.084206 0.345706
1769100635.552355 2.872505 0.087047 0.347819
1769100635.652355 2.882325 0.090652 0.348738
1769100635.752340 2.891827 0.094150 0.350845
1769100635.852334 2.901253 0.097638 0.350273
1769100635.952341 2.909352 0.100619 0.350927
1769100636.052328 2.919708 0.104435 0.347040
1769100636.152308 2.929770 0.108083 0.346049
1769100636.252306 2.937917 0.111004 0.343248
1769100636.352306 2.948027 0.114608 0.341716
1769100636.452307 2.956089 0.117474 0.342140
1769100636.552309 2.966025 0.121036 0.342821
1769100636.652312 2.976135 0.124649 0.345451
1769100636.752321 2.986119 0.128287 0.342566
1769100636.852325 2.994068 0.131156 0.342253
1769100636.952326 3.004051 0.134734 0.341155
1769100637.052342 3.014026 0.138262 0.341923
1769100637.152346 3.022056 0.141121 0.339146
1769100637.252405 3.032483 0.144798 0.336724
1769100637.352337 3.040784 0.147718 0.332077
1769100637.452387 3.051117 0.151250 0.333532
1769100637.552341 3.061127 0.154680 0.334461
1769100637.652359 3.069052 0.157400 0.337061
1769100637.752349 3.079050 0.160899 0.336420
1769100637.852432 3.088963 0.164350 0.338842
1769100637.868629 3.090289 0.164810 0.339040
1769100637.868629 3.090289 0.164810 0.339040
1769100638.152354 3.117351 0.174242 0.332431
1769100638.252326 3.125427 0.177020 0.327239
1769100638.352342 3.135340 0.180340 0.326591
1769100638.452347 3.145635 0.183783 0.325469
1769100638.552351 3.153712 0.186461 0.327588
1769100638.652337 3.163986 0.189944 0.326491
1769100638.752365 3.174000 0.193296 0.329375
1769100638.852362 3.181892 0.195986 0.325960
1769100638.952334 3.171079 0.190851 0.320602
1769100639.052351 3.156310 0.184029 0.310871
1769100639.152434 3.160284 0.184902 0.309900
1769100639.252356 3.170668 0.188218 0.307123
1769100639.352366 3.181078 0.191523 0.300669
1769100639.452368 3.189377 0.194083 0.299912
1769100639.552396 3.199647 0.197232 0.300081
1769100639.652445 3.209503 0.200252 0.303462
1769100639.752396 3.217673 0.202820 0.301955
1769100639.852385 3.227900 0.205989 0.304450
1769100639.952384 3.238027 0.209177 0.303319
1769100640.052377 3.246120 0.211697 0.303629
1769100640.152435 3.256268 0.214848 0.301695
1769100640.252441 3.266196 0.217925 0.299991
1769100640.352430 3.274398 0.220474 0.294918
1769100640.452384 3.284678 0.223582 0.296093
1769100640.552381 3.295230 0.226760 0.296463
1769100640.652385 3.303514 0.229276 0.296102
1769100640.752400 3.313659 0.232359 0.296811
1769100640.852453 3.323679 0.235423 0.297222
1769100640.952435 3.331616 0.237814 0.301971
1769100641.052434 3.341809 0.240967 0.300558
1769100641.152440 3.352097 0.244141 0.299256
1769100641.252442 3.360459 0.246708 0.295799
1769100641.352397 3.370837 0.249838 0.294791
1769100641.452466 3.381129 0.252899 0.293101
1769100641.552378 3.389119 0.255261 0.292557
1769100641.652402 3.399007 0.258175 0.294563
1769100641.752401 3.409405 0.261249 0.298181
1769100641.852415 3.419660 0.264315 0.300070
1769100641.952444 3.427743 0.266747 0.298835
1769100642.052406 3.437791 0.269773 0.298215
1769100642.152410 3.447869 0.272801 0.296551
1769100642.252406 3.455943 0.275198 0.296177
1769100642.352407 3.466300 0.278307 0.292118
1769100642.452420 3.474818 0.280812 0.289958
1769100642.552463 3.485342 0.283881 0.289134
1769100642.652454 3.495763 0.286892 0.290071
1769100642.752416 3.503834 0.289198 0.291852
1769100642.852458 3.513977 0.292179 0.292712
1769100642.952418 3.524007 0.295164 0.290922
1769100643.052416 3.532275 0.297579 0.293935
1769100643.152421 3.542596 0.300649 0.292688
1769100643.252432 3.552827 0.303672 0.290423
1769100643.352429 3.561128 0.306062 0.289596
1769100643.452417 3.571320 0.309005 0.287745
1769100643.552411 3.581713 0.311949 0.284710
1769100643.652445 3.590062 0.314294 0.280681
1769100643.752511 3.600606 0.317231 0.283366
1769100643.852469 3.611050 0.320181 0.282545
1769100643.952433 3.618980 0.322386 0.284228
1769100644.052440 3.628979 0.325225 0.283068
1769100644.152427 3.638980 0.328064 0.284079
1769100644.252438 3.647146 0.330388 0.280704
1769100644.356951 3.657351 0.333264 0.280741
1769100644.452476 3.667917 0.336229 0.276900
1769100644.552431 3.679517 0.332006 0.269952
1769100644.652490 3.694840 0.324649 0.266327
1769100644.752447 3.707008 0.323737 0.268482
1769100644.852451 3.715172 0.325889 0.271360
1769100644.952444 3.725257 0.328621 0.271403
1769100645.052443 3.735631 0.331415 0.275247
1769100645.152444 3.743978 0.333674 0.273276
1769100645.252444 3.753989 0.336384 0.272407
1769100645.352495 3.764241 0.339153 0.268183
1769100645.452506 3.774276 0.341833 0.261857
1769100645.552476 3.782689 0.344016 0.251504
1769100645.652474 3.793443 0.346712 0.239839
1769100645.752448 3.801979 0.348731 0.232249
1769100645.852501 3.812526 0.351160 0.224057
1769100645.952592 3.822731 0.353424 0.214849
1769100646.052435 3.830908 0.355159 0.209104
1769100646.152454 3.841161 0.357286 0.198019
1769100646.252455 3.851662 0.359343 0.186810
1769100646.352444 3.860217 0.360930 0.176790
1769100646.452459 3.870617 0.362779 0.162625
1769100646.552459 3.881159 0.364501 0.152058
1769100646.652470 3.891688 0.366076 0.142777
1769100646.752466 3.900198 0.367265 0.136821
1769100646.852474 3.910891 0.368692 0.137519
1769100646.952469 3.921437 0.370121 0.139226
1769100647.052463 3.929933 0.371305 0.140923
1769100647.152474 3.940438 0.372777 0.142524
1769100647.252522 3.950707 0.374234 0.141386
1769100647.352513 3.959153 0.375419 0.140042
1769100647.452450 3.969495 0.376864 0.134611
1769100647.552555 3.980415 0.378302 0.127077
1769100647.652528 3.989104 0.379373 0.117457
1769100647.752464 4.000004 0.380626 0.110378
1769100647.852535 4.010593 0.381758 0.111565
1769100647.952471 4.018618 0.382626 0.110091
1769100648.052546 4.029038 0.383751 0.110427
1769100648.152485 4.039617 0.384916 0.107133
1769100648.252479 4.048157 0.385811 0.108619
1769100648.352489 4.058671 0.386938 0.106832
1769100648.452536 4.069187 0.388046 0.103108
1769100648.552484 4.077788 0.388916 0.093531
1769100648.652494 4.088504 0.389890 0.084682
1769100648.752539 4.099073 0.390726 0.083205
1769100648.852500 4.107660 0.391400 0.081395
1769100648.952492 4.118399 0.392240 0.085983
1769100649.052461 4.128842 0.393124 0.087342
1769100649.102254 4.133015 0.393472 0.089362
1769100649.252488 4.147505 0.394757 0.088149
1769100649.302905 4.153939 0.395326 0.086261
1769100649.452502 4.168887 0.396581 0.082240
1769100649.503687 4.173051 0.396914 0.082221
1769100649.652537 4.187771 0.398091 0.081179
1769100649.704127 4.192383 0.398463 0.079390
1769100649.852527 4.209047 0.399779 0.081834
1769100649.904868 4.213405 0.400134 0.080443
1769100650.052557 4.228021 0.401304 0.082021
1769100650.105419 4.232603 0.401676 0.081797
1769100650.252501 4.247112 0.388084 0.083344
1769100650.306108 4.251812 0.383082 0.081720
1769100650.452562 4.266330 0.384261 0.082322
1769100650.506799 4.273043 0.384816 0.079546
1769100650.652514 4.287668 0.385955 0.073946
1769100650.707435 4.292484 0.386312 0.072215
1769100650.852575 4.307062 0.387338 0.072329
1769100650.908092 4.312027 0.387688 0.074034
1769100651.052519 4.328146 0.388885 0.078198
1769100651.108644 4.332857 0.389245 0.080851
1769100651.252499 4.346949 0.390367 0.081423
1769100651.309372 4.351937 0.390752 0.081782
1769100651.452515 4.365956 0.391848 0.078638
1769100651.509857 4.373149 0.392399 0.078844
1769100651.652535 4.387512 0.393496 0.075455
1769100651.710428 4.392566 0.393864 0.075896
1769100651.852618 4.406905 0.394924 0.073675
1769100651.910953 4.412228 0.395312 0.072459
1769100652.052543 4.425867 0.396289 0.071944
1769100652.111648 4.432936 0.396791 0.074497
1769100652.252531 4.447079 0.397850 0.080517
1769100652.312147 4.452232 0.398260 0.080778
1769100652.452580 4.466129 0.399374 0.080022
1769100652.512855 4.471395 0.399788 0.077195
1769100652.652538 4.485086 0.400816 0.075674
1769100652.713386 4.492576 0.401376 0.071596
1769100652.852562 4.506927 0.402372 0.071128
1769100652.914036 4.512219 0.402742 0.070935
1769100653.052515 4.525686 0.403703 0.073962
1769100653.114593 4.531442 0.404130 0.074480
1769100653.252545 4.544643 0.405111 0.077452
1769100653.315210 4.552041 0.405676 0.077792
1769100653.452597 4.565920 0.406742 0.078800
1769100653.515782 4.571837 0.407187 0.079825
1769100653.652550 4.584854 0.408188 0.079958
1769100653.716380 4.592579 0.408784 0.079237
1769100653.852612 4.606414 0.409813 0.074979
1769100653.917051 4.612042 0.410208 0.075220
1769100654.052557 4.625609 0.411166 0.075978
1769100654.117589 4.631761 0.411608 0.077631
1769100654.252615 4.644751 0.412576 0.079776
1769100654.318190 4.652268 0.413160 0.082570
1769100654.452575 4.665244 0.414204 0.081218
1769100654.518747 4.670887 0.414638 0.082412
1769100654.652612 4.684403 0.415693 0.078199
1769100654.719428 4.690904 0.416174 0.078360
1769100654.852563 4.705943 0.417277 0.079139
1769100654.920034 4.711722 0.417700 0.077796
1769100655.052634 4.725163 0.418678 0.077877
1769100655.120658 4.731669 0.419149 0.078002
1769100655.252584 4.744051 0.420038 0.082499
1769100655.321248 4.751786 0.420637 0.082916
1769100655.452549 4.764878 0.421662 0.085326
1769100655.521847 4.770848 0.422135 0.084919
1769100655.652603 4.784113 0.423197 0.083997
1769100655.722577 4.790708 0.423714 0.081254
1769100655.852671 4.818231 0.411751 0.074109
1769100655.923113 4.831309 0.405083 0.072088
1769100656.052653 4.844624 0.405992 0.073364
1769100656.123726 4.851374 0.406460 0.075190
1769100656.252580 4.863285 0.407317 0.077898
1769100656.324377 4.871219 0.407907 0.080164
1769100656.452593 4.883861 0.408862 0.081337
1769100656.525158 4.890894 0.409390 0.081149
1769100656.652674 4.902648 0.410271 0.078522
1769100656.725767 4.910839 0.410861 0.080540
1769100656.852653 4.923585 0.411792 0.077672
1769100656.926485 4.930928 0.412303 0.074750
1769100657.052662 4.942742 0.413077 0.061479
1769100657.127213 4.951188 0.413540 0.055517
1769100657.252679 4.963902 0.414114 0.047467
1769100657.327911 4.971254 0.414378 0.043681
1769100657.452600 4.982965 0.414751 0.035105
1769100657.528607 4.991415 0.414977 0.028485
1769100657.652710 5.004062 0.415200 0.012409
1769100657.729404 5.010601 0.415235 0.002606
1769100657.852620 5.023359 0.415160 -0.011695
1769100657.929891 5.030976 0.415005 -0.019162
1769100658.052665 5.042700 0.414686 -0.031099
1769100658.130508 5.051292 0.414377 -0.036375
1769100658.252614 5.063777 0.413833 -0.048004
1769100658.331196 5.070402 0.413478 -0.053823
1769100658.452636 5.082538 0.412734 -0.065201
1769100658.531873 5.091247 0.412136 -0.074294
1769100658.652608 5.103647 0.411123 -0.085405
1769100658.732534 5.110425 0.410498 -0.093030
1769100658.852608 5.123061 0.409241 -0.106376
1769100658.933231 5.131193 0.408323 -0.116635
1769100659.052611 5.142123 0.406969 -0.127307
1769100659.133898 5.150848 0.405811 -0.135207
1769100659.252707 5.162808 0.404107 -0.143912
1769100659.337273 5.171061 0.402857 -0.149865
1769100659.337273 5.171061 0.402857 -0.149865
1769100659.337273 5.171061 0.402857 -0.149865
1769100659.652707 5.202348 0.397621 -0.181989
1769100659.735776 5.209318 0.396318 -0.192186
1769100659.852648 5.221402 0.393914 -0.204874
1769100659.936441 5.230095 0.392096 -0.213235
1769100660.052632 5.241774 0.389526 -0.223658
1769100660.137078 5.248835 0.387914 -0.230557
1769100660.252700 5.260552 0.385135 -0.238342
1769100660.337667 5.267539 0.383427 -0.244743
1769100660.452610 5.278998 0.380520 -0.254382
1769100660.538426 5.288012 0.378155 -0.265066
1769100660.652689 5.297451 0.375574 -0.280485
1769100660.739079 5.306718 0.372889 -0.289702
1769100660.852611 5.318344 0.369364 -0.302738
1769100660.939725 5.325741 0.367052 -0.311720
1769100661.052622 5.336951 0.363429 -0.319411
1769100661.140372 5.345299 0.360662 -0.325893
1769100661.252670 5.354676 0.357487 -0.334907
1769100661.340886 5.363674 0.354340 -0.340541
1769100661.452661 5.385845 0.344913 -0.342653
1769100661.541640 5.401953 0.337968 -0.343319
1769100661.652613 5.413182 0.333941 -0.342934
1769100661.742360 5.422056 0.330776 -0.344370
1769100661.852630 5.431474 0.327390 -0.342993
1769100661.942817 5.440823 0.324033 -0.344264
1769100662.052619 5.451704 0.320119 -0.342805
1769100662.143485 5.458753 0.317592 -0.340856
1769100662.252676 5.469472 0.313770 -0.335477
1769100662.344151 5.478487 0.310613 -0.333687
1769100662.452671 5.487398 0.307503 -0.333001
1769100662.544816 5.496897 0.304195 -0.336757
1769100662.652671 5.507629 0.300397 -0.339799
1769100662.745522 5.515239 0.297690 -0.344411
1769100662.852644 5.526081 0.293782 -0.345551
1769100662.946108 5.535519 0.290371 -0.343092
1769100663.052686 5.544348 0.287207 -0.341692
1769100663.146717 5.553707 0.283859 -0.339564
1769100663.252673 5.563652 0.280311 -0.339909
1769100663.347477 5.572831 0.277035 -0.339065
1769100663.452684 5.581432 0.273968 -0.340164
1769100663.548081 5.591042 0.270526 -0.338890
1769100663.652688 5.601378 0.266837 -0.338398
1769100663.748761 5.609168 0.264048 -0.339759
1769100663.852661 5.619522 0.260347 -0.344154
1769100663.949482 5.629409 0.256769 -0.344551
1769100664.052675 5.637868 0.253707 -0.344849
1769100664.150204 5.647587 0.250210 -0.342433
1769100664.252664 5.657560 0.246647 -0.338483
1769100664.350771 5.667295 0.243239 -0.337560
1769100664.452662 5.675289 0.240447 -0.336954
1769100664.551400 5.684973 0.237060 -0.339312
1769100664.652660 5.695291 0.233407 -0.337605
1769100664.752094 5.705098 0.229965 -0.332521
1769100664.852675 5.713215 0.227173 -0.323945
1769100664.952668 5.723449 0.223730 -0.312480
1769100664.955413 5.723660 0.223661 -0.312212
1769100664.955413 5.723660 0.223661 -0.312212
1769100665.252655 5.751952 0.214818 -0.290095
1769100665.352686 5.762121 0.211815 -0.278742
1769100665.452673 5.770303 0.209508 -0.267701
1769100665.552713 5.780666 0.206680 -0.256201
1769100665.652718 5.790876 0.204023 -0.247296
1769100665.752678 5.799102 0.201952 -0.239713
1769100665.852684 5.809598 0.199390 -0.232889
1769100665.952653 5.820005 0.196944 -0.225792
1769100666.052763 5.828615 0.194969 -0.215156
1769100666.152684 5.839290 0.192637 -0.205508
1769100666.252687 5.849745 0.190474 -0.194885
1769100666.352708 5.857886 0.188863 -0.183054
1769100666.452706 5.868308 0.186927 -0.172482
1769100666.552696 5.878463 0.185169 -0.162138
1769100666.652694 5.886982 0.183778 -0.151438
1769100666.752692 5.897604 0.182145 -0.142271
1769100666.852697 5.907888 0.180678 -0.136842
1769100666.952698 5.916487 0.179501 -0.130064
1769100667.052667 5.908394 0.163825 -0.127378
1769100667.152710 5.898443 0.147097 -0.127692
1769100667.252711 5.907680 0.144644 -0.118253
1769100667.352708 5.916093 0.143616 -0.108469
1769100667.452685 5.926784 0.142419 -0.099745
1769100667.552722 5.937286 0.141360 -0.090047
1769100667.652734 5.945548 0.140610 -0.084443
1769100667.752712 5.956027 0.139737 -0.073284
1769100667.852735 5.966483 0.138988 -0.060089
1769100667.952755 5.977046 0.138370 -0.049997
1769100668.052714 5.985475 0.137952 -0.043782
1769100668.152734 5.995990 0.137500 -0.036429
1769100668.252707 6.006631 0.137123 -0.027824
1769100668.352715 6.017309 0.136857 -0.018954
1769100668.452717 6.025755 0.136708 -0.005759
1769100668.552713 6.036058 0.136661 0.001202
1769100668.652715 6.046554 0.136691 0.007734
1769100668.752723 6.057070 0.136789 0.010304
1769100668.852753 6.065526 0.136885 0.011372
1769100668.952725 6.076150 0.137018 0.014888
1769100669.052724 6.084779 0.137160 0.013174
1769100669.152726 6.095493 0.137321 0.014768
1769100669.252727 6.106281 0.137500 0.010138
1769100669.352729 6.114913 0.137612 0.008066
1769100669.452729 6.125788 0.137707 0.006032
1769100669.552754 6.136527 0.137773 0.007445
1769100669.652744 6.145127 0.137835 0.012531
1769100669.752737 6.155793 0.137965 0.017624
1769100669.852743 6.166335 0.138144 0.022050
1769100669.952749 6.174834 0.138322 0.018048
1769100670.052824 6.185444 0.138519 0.017717
1769100670.152815 6.195951 0.138705 0.015023
1769100670.252740 6.204313 0.138834 0.016700
1769100670.352756 6.215274 0.139016 0.015858
1769100670.452748 6.225748 0.139191 0.016881
1769100670.552755 6.236333 0.139376 0.014638
1769100670.652750 6.244619 0.139509 0.015503
1769100670.752825 6.255241 0.139672 0.016065
1769100670.852747 6.265613 0.139841 0.018247
1769100670.952790 6.276242 0.140044 0.021266
1769100671.052751 6.284781 0.140239 0.022629
1769100671.152765 6.295437 0.140493 0.024244
1769100671.252766 6.305911 0.140734 0.023096
1769100671.352761 6.314432 0.140900 0.020938
1769100671.452759 6.324983 0.141095 0.017083
1769100671.552756 6.335884 0.141256 0.017005
1769100671.652803 6.344306 0.141374 0.022322
1769100671.752804 6.354714 0.141565 0.027023
1769100671.852796 6.365141 0.141807 0.025918
1769100671.952785 6.375664 0.142064 0.026294
1769100672.052778 6.383939 0.142268 0.025014
1769100672.152835 6.394450 0.142532 0.023617
1769100672.252831 6.405051 0.142789 0.023899
1769100672.352849 6.415660 0.143060 0.023690
1769100672.452769 6.424287 0.143275 0.023815
1769100672.552769 6.434938 0.143534 0.022063
1769100672.652771 6.441849 0.140190 0.026156
1769100672.752784 6.445171 0.135690 0.029381
1769100672.852794 6.454440 0.134809 0.033844
1769100672.952788 6.465036 0.135187 0.037564
1769100673.052777 6.475338 0.135596 0.040568
1769100673.152804 6.483822 0.135959 0.038908
1769100673.252854 6.494479 0.136398 0.036131
1769100673.352869 6.503142 0.136743 0.031894
1769100673.452783 6.513979 0.137137 0.029765
1769100673.552799 6.524708 0.137502 0.029613
1769100673.652793 6.535494 0.137879 0.028915
1769100673.752794 6.544042 0.138184 0.032935
1769100673.852786 6.554692 0.138582 0.033379
1769100673.952803 6.565088 0.138974 0.036354
1769100674.052794 6.573573 0.139341 0.034805
1769100674.152793 6.584151 0.139782 0.037993
1769100674.252790 6.594703 0.140247 0.039907
1769100674.352808 6.603202 0.140637 0.041976
1769100674.452806 6.614064 0.141138 0.037127
1769100674.552803 6.624896 0.141598 0.034020
1769100674.652882 6.633521 0.141944 0.034263
1769100674.752798 6.644399 0.142373 0.034336
1769100674.852801 6.655152 0.142799 0.037797
1769100674.952800 6.663601 0.143167 0.041722
1769100675.052801 6.673846 0.143640 0.044013
1769100675.152808 6.684374 0.144143 0.042888
1769100675.252816 6.692665 0.144526 0.045026
1769100675.352806 6.702970 0.145024 0.038769
1769100675.452809 6.713746 0.145492 0.040423
1769100675.552808 6.724292 0.145960 0.041050
1769100675.652831 6.732687 0.146327 0.042163
1769100675.752826 6.743542 0.146800 0.037762
1769100675.852853 6.753758 0.147212 0.038111
1769100675.952819 6.764449 0.147643 0.043019
1769100676.052825 6.772739 0.148006 0.047345
1769100676.152823 6.783384 0.148519 0.050072
1769100676.252823 6.793804 0.149072 0.049922
1769100676.352821 6.802048 0.149507 0.048940
1769100676.452811 6.812544 0.150049 0.045092
1769100676.552842 6.823166 0.150558 0.042935
1769100676.652822 6.833816 0.151056 0.039889
1769100676.752836 6.842588 0.151444 0.043412
1769100676.852833 6.853284 0.151934 0.045962
1769100676.952835 6.864007 0.152456 0.047626
1769100677.052832 6.872380 0.152893 0.045136
1769100677.152829 6.882699 0.153407 0.045828
1769100677.252830 6.893268 0.153934 0.048001
1769100677.352911 6.901815 0.154375 0.049720
1769100677.452823 6.912461 0.154933 0.048542
1769100677.552896 6.923134 0.155501 0.047181
1769100677.652850 6.931731 0.155945 0.046962
1769100677.752837 6.942555 0.156486 0.043857
1769100677.852852 6.953404 0.156988 0.044638
1769100677.952839 6.961648 0.157393 0.044036
1769100678.052866 6.972369 0.157906 0.049765
1769100678.152843 6.982910 0.158470 0.054106
1769100678.252836 6.980164 0.153250 0.056134
1769100678.352905 6.970844 0.143745 0.048723
1769100678.452849 6.972631 0.139820 0.046046
1769100678.552927 6.981280 0.140252 0.045064
1769100678.652861 6.992155 0.140774 0.045902
1769100678.752859 7.003205 0.141312 0.046935
1769100678.852861 7.011777 0.141758 0.048764
1769100678.952846 7.022294 0.142304 0.049979
1769100679.052933 7.032686 0.142850 0.049437
1769100679.152869 7.041156 0.143298 0.051155
1769100679.252866 7.051647 0.143864 0.053273
1769100679.352863 7.062312 0.144465 0.057766
1769100679.452861 7.070879 0.144982 0.056991
1769100679.552872 7.081544 0.145613 0.057324
1769100679.652887 7.092283 0.146248 0.051702
1769100679.752960 7.102674 0.146811 0.048795
1769100679.852901 7.111347 0.147259 0.048011
1769100679.952900 7.122145 0.147794 0.050454
1769100680.052909 7.130766 0.148244 0.055303
1769100680.152939 7.141127 0.148846 0.058069
1769100680.202803 7.147441 0.149217 0.061599
1769100680.352868 7.161973 0.150135 0.061192
1769100680.403457 7.166062 0.150394 0.061000
1769100680.552872 7.180971 0.151321 0.060976
1769100680.604132 7.185450 0.151598 0.061944
1769100680.752884 7.202242 0.152648 0.063607
1769100680.804690 7.206747 0.152933 0.063296
1769100680.952883 7.221718 0.153874 0.059335
1769100681.005376 7.226253 0.154144 0.060134
1769100681.152880 7.240873 0.155014 0.062258
1769100681.206063 7.245455 0.155297 0.062514
1769100681.352968 7.261811 0.156341 0.068186
1769100681.406722 7.266334 0.156645 0.069470
1769100681.552929 7.280693 0.157636 0.068339
1769100681.607416 7.285357 0.157953 0.064886
1769100681.752921 7.299662 0.158861 0.063167
1769100681.808007 7.306545 0.159286 0.061884
1769100681.952889 7.320960 0.160135 0.062373
1769100682.008720 7.326048 0.160428 0.065463
1769100682.152891 7.339832 0.161278 0.069544
1769100682.209405 7.346673 0.161728 0.070198
1769100682.352915 7.360968 0.162683 0.070154
1769100682.409970 7.365763 0.163005 0.070502
1769100682.552913 7.380079 0.163997 0.071624
1769100682.610501 7.385324 0.164364 0.072264
1769100682.752898 7.398960 0.165333 0.071563
1769100682.811249 7.406220 0.165839 0.071911
1769100682.952903 7.420603 0.166816 0.068908
1769100683.011893 7.425780 0.167153 0.068613
1769100683.152928 7.440030 0.168077 0.070662
1769100683.212669 7.445499 0.168440 0.072356
1769100683.352908 7.458861 0.169373 0.075214
1769100683.413102 7.465996 0.169896 0.076932
1769100683.552911 7.479675 0.170920 0.075605
1769100683.613810 7.484913 0.171296 0.077480
1769100683.752967 7.498960 0.172313 0.074990
1769100683.814558 7.506492 0.172852 0.073731
1769100683.952937 7.560033 0.152660 0.068482
1769100684.015140 7.586055 0.143668 0.064517
1769100684.152940 7.600031 0.144489 0.065259
1769100684.215874 7.605392 0.144807 0.063499
1769100684.352925 7.619156 0.145628 0.066461
1769100684.416520 7.625049 0.146001 0.067374
1769100684.552921 7.637976 0.146830 0.072351
1769100684.617272 7.645408 0.147345 0.071634
1769100684.752935 7.659022 0.148283 0.070338
1769100684.817894 7.665270 0.148705 0.067729
1769100684.952948 7.678467 0.149563 0.064409
1769100685.018634 7.684916 0.149950 0.065594
1769100685.152917 7.698130 0.150766 0.067024
1769100685.219216 7.705876 0.151261 0.068383
1769100685.352963 7.719216 0.152149 0.071028
1769100685.419901 7.724858 0.152533 0.071422
1769100685.552946 7.738102 0.153447 0.072603
1769100685.620610 7.744660 0.153903 0.073016
1769100685.752948 7.757308 0.154803 0.069871
1769100685.821217 7.765398 0.155357 0.071927
1769100685.953004 7.778867 0.156309 0.070933
1769100686.021875 7.784845 0.156719 0.070575
1769100686.152972 7.798111 0.157604 0.066392
1769100686.222614 7.804669 0.158026 0.066827
1769100686.352957 7.817088 0.158837 0.069480
1769100686.423282 7.825135 0.159396 0.071958
1769100686.552973 7.837863 0.160329 0.074619
1769100686.624004 7.844736 0.160864 0.074658
1769100686.752994 7.856603 0.161788 0.071373
1769100686.824819 7.864903 0.162414 0.068691
1769100686.952979 7.878141 0.163363 0.067645
1769100687.025384 7.884423 0.163826 0.065773
1769100687.152977 7.897786 0.164770 0.066107
1769100687.226110 7.905022 0.165287 0.067794
1769100687.353031 7.916957 0.166158 0.070466
1769100687.426614 7.925109 0.166762 0.069278
1769100687.552996 7.937731 0.167679 0.069890
1769100687.627236 7.943978 0.168142 0.070078
1769100687.753004 7.956864 0.169099 0.072726
1769100687.827912 7.964367 0.169674 0.072703
1769100687.952984 7.975855 0.170568 0.070092
1769100688.028843 7.984385 0.171191 0.068644
1769100688.152993 7.996710 0.172073 0.063521
1769100688.229322 8.004425 0.172585 0.063154
1769100688.352965 8.017982 0.173493 0.064417
1769100688.429925 8.024546 0.173939 0.070160
1769100688.552993 8.036805 0.174843 0.075085
1769100688.630585 8.044560 0.175452 0.074950
1769100688.753010 8.055869 0.176352 0.071359
1769100688.831215 8.064585 0.177019 0.070636
1769100688.952986 8.077227 0.177968 0.071384
1769100689.031954 8.084129 0.178496 0.071263
1769100689.153011 8.096866 0.179458 0.071401
1769100689.232703 8.104927 0.180078 0.069957
1769100689.353017 8.116149 0.180924 0.068917
1769100689.433283 8.124233 0.181526 0.067819
1769100689.553027 8.111316 0.170580 0.074259
1769100689.633851 8.104064 0.163373 0.078851
1769100689.753007 8.116304 0.164406 0.084174
1769100689.834569 8.123183 0.165022 0.083610
1769100689.953007 8.135432 0.166095 0.082112
1769100690.035140 8.143827 0.166819 0.077824
1769100690.153018 8.154749 0.167719 0.075548
1769100690.235884 8.164151 0.168452 0.074886
1769100690.353040 8.176236 0.169383 0.077483
1769100690.436452 8.184627 0.170060 0.080212
1769100690.553024 8.194825 0.170926 0.080971
1769100690.637072 8.204023 0.171699 0.084561
1769100690.753021 8.215943 0.172745 0.084645
1769100690.837846 8.223146 0.173382 0.085697
1769100690.953032 8.234879 0.174429 0.087016
1769100691.038367 8.243690 0.175216 0.089794
1769100691.153039 8.254161 0.176186 0.086768
1769100691.239078 8.263693 0.177040 0.085771
1769100691.353051 8.275468 0.178090 0.082263
1769100691.439715 8.284126 0.178850 0.082159
1769100691.553046 8.293932 0.179719 0.084176
1769100691.640810 8.303344 0.180560 0.088219
1769100691.753079 8.314574 0.181623 0.090839
1769100691.841031 8.323117 0.182458 0.092123
1769100691.953057 8.334899 0.183607 0.090812
1769100692.041750 8.342373 0.184332 0.087997
1769100692.153035 8.354051 0.185422 0.086812
1769100692.242375 8.363474 0.186291 0.085408
1769100692.353042 8.373539 0.187213 0.088156
1769100692.443039 8.383390 0.188136 0.087089
1769100692.553020 8.394916 0.189207 0.089763
1769100692.643833 8.402523 0.189957 0.089292
1769100692.753044 8.413923 0.191053 0.094941
1769100692.844416 8.423350 0.192000 0.096540
1769100692.953070 8.433036 0.193002 0.098695
1769100693.045074 8.442977 0.194037 0.098438
1769100693.153058 8.452159 0.195007 0.096790
1769100693.245759 8.462344 0.196049 0.094235
1769100693.353056 8.473781 0.197184 0.094028
1769100693.446519 8.481914 0.198004 0.094076
1769100693.553104 8.493184 0.199131 0.096609
1769100693.647002 8.502966 0.200134 0.101256
1769100693.753085 8.512039 0.201113 0.102353
1769100693.847751 8.522093 0.202192 0.104672
1769100693.953079 8.533049 0.203394 0.103301
1769100694.048360 8.541207 0.204286 0.103384
1769100694.153068 8.552063 0.205475 0.098724
1769100694.249080 8.562363 0.206573 0.098650
1769100694.353079 8.571436 0.207558 0.096989
1769100694.449688 8.581912 0.208667 0.093907
1769100694.553087 8.592891 0.209793 0.095027
1769100694.650513 8.601188 0.210664 0.097129
1769100694.753080 8.611910 0.211794 0.101562
1769100694.851059 8.622249 0.212928 0.105664
1769100694.953069 8.630887 0.213913 0.109771
1769100695.051754 8.641340 0.215141 0.106091
1769100695.153094 8.662166 0.206268 0.103767
1769100695.252453 8.680556 0.197345 0.099461
1769100695.353088 8.691442 0.198523 0.101097
1769100695.453074 8.702314 0.199700 0.100316
1769100695.553177 8.711003 0.200657 0.102871
1769100695.653108 8.721469 0.201816 0.105065
1769100695.753120 8.732032 0.203011 0.106179
1769100695.853174 8.740363 0.203969 0.107992
1769100695.953161 8.750820 0.205172 0.108073
1769100696.053102 8.761475 0.206409 0.107826
1769100696.153087 8.770041 0.207434 0.106822
1769100696.253106 8.780704 0.208668 0.109014
1769100696.353104 8.791356 0.209917 0.106121
1769100696.453100 8.799983 0.210910 0.103685
1769100696.553090 8.810781 0.212098 0.101459
1769100696.653097 8.819314 0.213042 0.102682
1769100696.753119 8.829945 0.214204 0.109100
1769100696.853106 8.840560 0.215433 0.113876
1769100696.953094 8.848947 0.216455 0.115676
1769100697.053100 8.859443 0.217750 0.114475
1769100697.153100 8.869993 0.219025 0.111855
1769100697.253174 8.878512 0.220051 0.109564
1769100697.353114 8.889306 0.221297 0.110818
1769100697.453158 8.900216 0.222569 0.110380
1769100697.553144 8.908834 0.223578 0.107925
1769100697.653157 8.919464 0.224801 0.105689
1769100697.753115 8.930107 0.226007 0.106023
1769100697.853119 8.938477 0.226976 0.105784
1769100697.953128 8.948740 0.228148 0.107594
1769100698.053070 8.959039 0.229350 0.107590
1769100698.153121 8.969443 0.230580 0.109472
1769100698.253133 8.977907 0.231604 0.109515
1769100698.353132 8.988535 0.232869 0.106731
1769100698.453140 8.999248 0.234101 0.104425
1769100698.553121 9.007897 0.235089 0.101391
1769100698.653132 9.018691 0.236276 0.100794
1769100698.753147 9.027271 0.237260 0.104100
1769100698.853130 9.037762 0.238466 0.109750
1769100698.953125 9.048232 0.239746 0.110049
1769100699.053146 9.058516 0.241011 0.112992
1769100699.153152 9.066897 0.242080 0.111030
1769100699.253128 9.077296 0.243363 0.110109
1769100699.353151 9.087795 0.244648 0.109581
1769100699.453151 9.096489 0.245732 0.111887
1769100699.553143 9.106965 0.247024 0.111714
1769100699.653244 9.117720 0.248348 0.110505
1769100699.753157 9.126218 0.249394 0.111580
1769100699.853158 9.136824 0.250687 0.112089
1769100699.953162 9.147377 0.251982 0.114223
1769100700.053152 9.155737 0.253050 0.117037
1769100700.153162 9.166235 0.254382 0.122390
1769100700.253201 9.176763 0.255771 0.119659
1769100700.353155 9.185270 0.256885 0.117636
1769100700.453153 9.195985 0.258250 0.112102
1769100700.553150 9.206711 0.259568 0.110529
1769100700.653210 9.215412 0.260633 0.112858
1769100700.753143 9.226165 0.261957 0.114573
1769100700.853167 9.236739 0.263289 0.116736
1769100700.953205 9.265068 0.234816 0.123962
1769100701.053161 9.275485 0.236234 0.128159
1769100701.153167 9.286064 0.237716 0.128230
1769100701.253165 9.294534 0.238929 0.130535
1769100701.353163 9.305183 0.240445 0.132002
1769100701.453231 9.315784 0.241964 0.134076
1769100701.553175 9.324144 0.243197 0.130607
1769100701.653164 9.334976 0.244720 0.129063
1769100701.753162 9.345355 0.246179 0.126432
1769100701.853196 9.353863 0.247370 0.130271
1769100701.953171 9.364419 0.248847 0.133229
1769100702.053154 9.374893 0.250354 0.137038
1769100702.153187 9.383222 0.251612 0.137630
1769100702.253170 9.393632 0.253167 0.137732
1769100702.353184 9.403975 0.254698 0.137530
1769100702.453253 9.412540 0.255967 0.136634
1769100702.553180 9.423260 0.257518 0.134835
1769100702.653185 9.434001 0.259071 0.133251
1769100702.753194 9.442525 0.260299 0.136334
1769100702.853197 9.452996 0.261817 0.135204
1769100702.953184 9.463506 0.263315 0.138214
1769100703.053187 9.473521 0.264792 0.137885
1769100703.153176 9.481649 0.265993 0.145625
1769100703.253204 9.492007 0.267574 0.147336
1769100703.353206 9.502537 0.269206 0.149925
1769100703.453201 9.510978 0.270553 0.147071
1769100703.553200 9.521556 0.272202 0.145160
1769100703.653206 9.532301 0.273836 0.145826
1769100703.753221 9.540987 0.275165 0.144644
1769100703.853238 9.551677 0.276778 0.144677
1769100703.953203 9.562340 0.278399 0.146972
1769100704.053194 9.570652 0.279682 0.152020
1769100704.153209 9.581073 0.281326 0.151621
1769100704.253202 9.591451 0.282956 0.153019
1769100704.353190 9.599843 0.284299 0.150997
1769100704.453262 9.610421 0.285960 0.152396
1769100704.553212 9.621097 0.287642 0.152151
1769100704.653241 9.629671 0.288997 0.152430
1769100704.753211 9.640290 0.290675 0.148661
1769100704.853222 9.651047 0.292329 0.145783
1769100704.953211 9.659542 0.293615 0.148054
1769100705.053216 9.670111 0.295223 0.151138
1769100705.153214 9.680696 0.296868 0.156882
1769100705.253204 9.689037 0.298226 0.158227
1769100705.353223 9.699156 0.299879 0.161081
1769100705.453220 9.709609 0.301602 0.154151
1769100705.553207 9.718186 0.302952 0.148036
1769100705.653231 9.728577 0.304512 0.137090
1769100705.753229 9.739386 0.305983 0.125005
1769100705.853247 9.748030 0.307068 0.117971
1769100705.953251 9.758670 0.308314 0.110597
1769100706.053231 9.769062 0.309454 0.101676
1769100706.153232 9.779266 0.310474 0.093903
1769100706.253232 9.787405 0.311228 0.085649
1769100706.353261 9.797669 0.312102 0.076635
1769100706.453239 9.808275 0.312890 0.069181
1769100706.553234 9.798847 0.292973 0.047691
1769100706.653230 9.807378 0.293373 0.033436
1769100706.753230 9.818209 0.293727 0.024537
1769100706.853238 9.828815 0.293967 0.017919
1769100706.953292 9.839270 0.294159 0.017483
1769100707.053222 9.847498 0.294308 0.019831
1769100707.153248 9.857952 0.294514 0.022923
1769100707.253245 9.868580 0.294756 0.025461
1769100707.353238 9.877233 0.294971 0.026545
1769100707.453227 9.887986 0.295248 0.025541
1769100707.553252 9.898716 0.295511 0.024475
1769100707.653259 9.907271 0.295708 0.022517
1769100707.753244 9.918028 0.295939 0.021982
1769100707.853274 9.926784 0.296132 0.022171
1769100707.953288 9.937717 0.296376 0.022945
1769100708.053264 9.948476 0.296618 0.025405
1769100708.153263 9.956899 0.296828 0.023833
1769100708.253255 9.967349 0.297081 0.023921
1769100708.353258 9.977823 0.297344 0.025520
1769100708.453263 9.986177 0.297555 0.029248
1769100708.553254 9.997026 0.297866 0.028208
1769100708.653271 10.007954 0.298174 0.026457
1769100708.753256 10.016681 0.298400 0.023327
1769100708.853264 10.027510 0.298654 0.019737
1769100708.953314 10.038271 0.298857 0.021893
1769100709.053307 10.046700 0.299030 0.022874
1769100709.153267 10.057076 0.299266 0.025425
1769100709.253268 10.067754 0.299542 0.027877
1769100709.353271 10.076056 0.299762 0.030573
1769100709.453318 10.086704 0.300084 0.027324
1769100709.553284 10.097125 0.300378 0.025675
1769100709.653311 10.107548 0.300666 0.025185
1769100709.753277 10.116150 0.300903 0.026345
1769100709.853303 10.126877 0.301197 0.025345
1769100709.953274 10.137604 0.301479 0.024621
1769100710.053285 10.148128 0.301755 0.023135
1769100710.153279 10.156327 0.301963 0.025189
1769100710.253282 10.166523 0.302230 0.026329
1769100710.302969 10.172531 0.302392 0.027219
1769100710.453293 10.187040 0.302832 0.030581
1769100710.503617 10.191115 0.302961 0.030925
1769100710.653340 10.206010 0.303435 0.029989
1769100710.704284 10.210489 0.303581 0.026660
1769100710.853291 10.227612 0.304050 0.022205
1769100710.905013 10.232012 0.304155 0.022474
1769100711.053291 10.246892 0.304514 0.024128
1769100711.105576 10.251413 0.304638 0.022976
1769100711.253310 10.266347 0.305022 0.025738
1769100711.306375 10.270958 0.305148 0.027183
1769100711.453308 10.285371 0.305557 0.027906
1769100711.507068 10.292008 0.305744 0.028380
1769100711.653313 10.306522 0.306173 0.030231
1769100711.707674 10.311227 0.306316 0.031267
1769100711.853320 10.326153 0.306777 0.029209
1769100711.908381 10.331202 0.306923 0.028627
1769100712.053334 10.345787 0.307333 0.026538
1769100712.108772 10.332693 0.286958 0.015876
1769100712.253303 10.346905 0.287188 0.018420
1769100712.309417 10.351731 0.287272 0.020774
1769100712.453318 10.365960 0.287584 0.023275
1769100712.510135 10.371105 0.287710 0.022571
1769100712.653312 10.385190 0.288032 0.022152
1769100712.710829 10.392040 0.288191 0.019933
1769100712.853301 10.406421 0.288471 0.020663
1769100712.911314 10.411458 0.288568 0.019542
1769100713.053316 10.425605 0.288824 0.017450
1769100713.111858 10.430965 0.288913 0.017916
1769100713.253328 10.446839 0.289173 0.019953
1769100713.312884 10.451600 0.289255 0.019516
1769100713.453319 10.465466 0.289504 0.020980
1769100713.513160 10.470885 0.289608 0.023179
1769100713.653347 10.484421 0.289899 0.026818
1769100713.716482 10.492049 0.290090 0.025684
1769100713.716482 10.492049 0.290090 0.025684
1769100713.716482 10.492049 0.290090 0.025684
1769100714.053335 10.525695 0.290818 0.019850
1769100714.115889 10.531661 0.290918 0.021288
1769100714.253332 10.544955 0.291162 0.024043
1769100714.315454 10.552376 0.291323 0.025035
1769100714.453349 10.566263 0.291648 0.026147
1769100714.516133 10.571551 0.291776 0.025868
1769100714.653353 10.585242 0.292112 0.023751
1769100714.716694 10.590633 0.292231 0.025157
1769100714.853336 10.604499 0.292550 0.026067
1769100714.917338 10.610613 0.292689 0.026939
1769100715.053342 10.624011 0.293003 0.024056
1769100715.117944 10.631903 0.293179 0.022403
1769100715.253360 10.645698 0.293452 0.020988
1769100715.318593 10.651254 0.293557 0.020884
1769100715.453348 10.664704 0.293817 0.022506
1769100715.519196 10.670874 0.293955 0.023944
1769100715.653348 10.683758 0.294257 0.028524
1769100715.719862 10.691687 0.294473 0.028441
1769100715.853357 10.705392 0.294834 0.028219
1769100715.920500 10.711153 0.294983 0.026052
1769100716.053389 10.724800 0.295309 0.023208
1769100716.121174 10.731410 0.295451 0.024336
1769100716.253346 10.744258 0.295741 0.026378
1769100716.321760 10.752326 0.295940 0.027042
1769100716.453368 10.765690 0.296284 0.028809
1769100716.522454 10.771519 0.296441 0.028998
1769100716.653363 10.784388 0.296801 0.029925
1769100716.723096 10.791008 0.296985 0.031376
1769100716.853382 10.803111 0.297341 0.031894
1769100716.923755 10.811300 0.297590 0.032284
1769100717.053366 10.824718 0.297998 0.029050
1769100717.124332 10.830873 0.298162 0.027831
1769100717.253386 10.844227 0.298498 0.023286
1769100717.324930 10.851265 0.298655 0.023697
1769100717.453377 10.863331 0.298929 0.026351
1769100717.525488 10.871510 0.299134 0.029299
1769100717.653396 10.884533 0.299506 0.031920
1769100717.726111 10.870854 0.289161 0.022292
1769100717.853394 10.883879 0.289431 0.021335
1769100717.926792 10.891124 0.289566 0.021245
1769100718.053407 10.903085 0.289775 0.021540
1769100718.127347 10.911516 0.289926 0.021438
1769100718.253387 10.924698 0.290166 0.020189
1769100718.327951 10.931173 0.290278 0.019833
1769100718.453394 10.944108 0.290501 0.021320
1769100718.528613 10.951449 0.290637 0.020144
1769100718.653389 10.962961 0.290842 0.022387
1769100718.731933 10.971588 0.291017 0.024153
1769100718.731933 10.971588 0.291017 0.024153
1769100718.731933 10.971588 0.291017 0.024153
1769100719.053396 11.003654 0.291749 0.023668
1769100719.130407 11.011494 0.291913 0.021835
1769100719.253411 11.022861 0.292120 0.018450
1769100719.331107 11.031671 0.292255 0.018796
1769100719.453400 11.044194 0.292459 0.021394
1769100719.531634 11.050922 0.292576 0.023579
1769100719.653399 11.063503 0.292832 0.025702
1769100719.732318 11.071435 0.293004 0.027740
1769100719.853421 11.082531 0.293257 0.026941
1769100719.932913 11.091435 0.293470 0.026094
1769100720.053415 11.103838 0.293765 0.026131
1769100720.133632 11.110861 0.293923 0.027296
1769100720.253412 11.123573 0.294217 0.025684
1769100720.334259 11.130683 0.294372 0.024970
1769100720.453462 11.143083 0.294639 0.023918
1769100720.534979 11.151342 0.294812 0.024449
1769100720.653399 11.162009 0.295039 0.027201
1769100720.735595 11.170987 0.295260 0.029477
1769100720.853424 11.183163 0.295596 0.030978
1769100720.936189 11.190282 0.295798 0.030503
1769100721.053429 11.202544 0.296138 0.029766
1769100721.136895 11.211159 0.296370 0.025924
1769100721.253432 11.221927 0.296621 0.025050
1769100721.337545 11.231281 0.296828 0.025469
1769100721.453422 11.243510 0.297098 0.026166
1769100721.538189 11.250846 0.297263 0.025858
1769100721.653455 11.262944 0.297546 0.026851
1769100721.738767 11.271310 0.297752 0.027655
1769100721.853473 11.283261 0.298063 0.028484
1769100721.939500 11.290452 0.298255 0.029139
1769100722.053434 11.302313 0.298592 0.030887
1769100722.140104 11.311470 0.298863 0.029832
1769100722.253419 11.322023 0.299166 0.027688
1769100722.340751 11.331232 0.299405 0.026761
1769100722.453424 11.341503 0.299659 0.025649
1769100722.541462 11.351162 0.299894 0.026274
1769100722.653447 11.362655 0.300189 0.029650
1769100722.741998 11.370181 0.300394 0.033253
1769100722.853434 11.381806 0.300759 0.034151
1769100722.942687 11.391098 0.301063 0.034193
1769100723.053462 11.400932 0.301385 0.031612
1769100723.143308 11.410795 0.301690 0.031377
1769100723.253518 11.427848 0.290962 0.029418
1769100723.343938 11.440230 0.282085 0.027509
1769100723.453468 11.451949 0.282387 0.025378
1769100723.544552 11.461720 0.282616 0.026199
1769100723.653455 11.471379 0.282841 0.027505
1769100723.745306 11.481257 0.283089 0.027862
1769100723.853494 11.492380 0.283386 0.029425
1769100723.945842 11.500161 0.283614 0.030513
1769100724.053473 11.511557 0.283960 0.033576
1769100724.146580 11.521492 0.284279 0.033156
1769100724.253436 11.531137 0.284575 0.032212
1769100724.347342 11.541313 0.284875 0.029559
1769100724.453496 11.550541 0.285120 0.028990
1769100724.547813 11.560763 0.285389 0.030245
1769100724.653479 11.571994 0.285704 0.032504
1769100724.748452 11.580153 0.285938 0.035236
1769100724.853488 11.591193 0.286289 0.037071
1769100724.949124 11.601120 0.286612 0.038534
1769100725.053492 11.610115 0.286907 0.037190
1769100725.149725 11.620323 0.287247 0.037577
1769100725.253483 11.631363 0.287622 0.037953
1769100725.350505 11.639831 0.287899 0.037928
1769100725.453485 11.651069 0.288276 0.034047
1769100725.551166 11.661720 0.288595 0.031531
1769100725.653503 11.670523 0.288834 0.032714
1769100725.751746 11.680552 0.289121 0.034840
1769100725.853486 11.691139 0.289444 0.037380
1769100725.952410 11.699494 0.289711 0.041580
1769100726.053518 11.710312 0.290115 0.041356
1769100726.153034 11.721051 0.290527 0.040334
1769100726.253474 11.729636 0.290844 0.037915
1769100726.353487 11.740412 0.291230 0.035181
1769100726.453498 11.751187 0.291593 0.033596
1769100726.553502 11.759813 0.291872 0.033914
1769100726.653515 11.770792 0.292232 0.034862
1769100726.753495 11.781517 0.292595 0.035012
1769100726.853511 11.790016 0.292878 0.037043
1769100726.953507 11.800513 0.293245 0.037191
1769100727.053509 11.810985 0.293620 0.037729
1769100727.153516 11.819333 0.293921 0.034887
1769100727.253498 11.830061 0.294298 0.026546
1769100727.353529 11.840992 0.294580 0.015195
1769100727.453500 11.849800 0.294710 0.003537
1769100727.553554 11.860632 0.294755 -0.011037
1769100727.653517 11.869235 0.294676 -0.020066
1769100727.753551 11.879836 0.294468 -0.026643
1769100727.853546 11.890361 0.294193 -0.034969
1769100727.953559 11.898884 0.293894 -0.039499
1769100728.053509 11.909405 0.293467 -0.050785
1769100728.153520 11.919868 0.292942 -0.058927
1769100728.253527 11.930527 0.292289 -0.069952
1769100728.353499 11.939035 0.291695 -0.081584
1769100728.453515 11.949754 0.290840 -0.093127
1769100728.553514 11.960633 0.289821 -0.104356
1769100728.653554 11.969315 0.288927 -0.111882
1769100728.753558 11.980076 0.287746 -0.119832
1769100728.853538 11.990551 0.286494 -0.124392
1769100728.953530 11.998813 0.285472 -0.132761
1769100729.053545 11.999168 0.255175 -0.126910
1769100729.153540 12.007602 0.254117 -0.135874
1769100729.253545 12.018404 0.252655 -0.147846
1769100729.353539 12.029237 0.251055 -0.159445
1769100729.453520 12.037829 0.249697 -0.168436
1769100729.553539 12.048505 0.247908 -0.178985
1769100729.653536 12.058932 0.246043 -0.188070
1769100729.753577 12.069169 0.244134 -0.192313
1769100729.853565 12.077243 0.242616 -0.195143
1769100729.953616 12.087595 0.240625 -0.192623
1769100730.053567 12.098131 0.238621 -0.191829
1769100730.154642 12.106531 0.237036 -0.191181
1769100730.253554 12.117047 0.235047 -0.191995
1769100730.353545 12.127654 0.233014 -0.195418
1769100730.453560 12.136221 0.231355 -0.198153
1769100730.553561 12.146890 0.229257 -0.199787
1769100730.653550 12.155366 0.227583 -0.195656
1769100730.753544 12.165870 0.225542 -0.192199
1769100730.853600 12.176134 0.223588 -0.189652
1769100730.953617 12.184435 0.222029 -0.187281
1769100731.053612 12.194760 0.220101 -0.187680
1769100731.153555 12.205286 0.218120 -0.190349
1769100731.253554 12.213456 0.216557 -0.189097
1769100731.353575 12.224146 0.214510 -0.189831
1769100731.453563 12.234516 0.212525 -0.191054
1769100731.553565 12.245152 0.210472 -0.191717
1769100731.653565 12.253621 0.208822 -0.192855
1769100731.753584 12.264175 0.206759 -0.193497
1769100731.853563 12.272554 0.205136 -0.195924
1769100731.953583 12.282955 0.203091 -0.191588
1769100732.053581 12.293394 0.201082 -0.190281
1769100732.153630 12.301653 0.199511 -0.190016
1769100732.253641 12.311974 0.197542 -0.191906
1769100732.353592 12.322286 0.195547 -0.194345
1769100732.453579 12.332736 0.193485 -0.195661
1769100732.553587 12.341071 0.191831 -0.196640
1769100732.653576 12.351660 0.189711 -0.193786
1769100732.753590 12.361942 0.187690 -0.192008
1769100732.853595 12.372032 0.185728 -0.190393
1769100732.953576 12.382140 0.183767 -0.188718
1769100733.053563 12.390118 0.182226 -0.189035
1769100733.153595 12.400544 0.180223 -0.190333
1769100733.253577 12.410635 0.178266 -0.189317
1769100733.353590 12.419161 0.176615 -0.189457
1769100733.453652 12.429710 0.174580 -0.190978
1769100733.553634 12.440048 0.172567 -0.195004
1769100733.653656 12.448565 0.170878 -0.197624
1769100733.753621 12.459230 0.168737 -0.198368
1769100733.853674 12.469774 0.166618 -0.197107
1769100733.953604 12.478238 0.164932 -0.194796
1769100734.053667 12.488499 0.162920 -0.192218
1769100734.153593 12.498917 0.160898 -0.192280
1769100734.253618 12.507166 0.159286 -0.193453
1769100734.353620 12.517772 0.157198 -0.196267
1769100734.453598 12.528360 0.155095 -0.200032
1769100734.553623 12.536927 0.153342 -0.197532
1769100734.704560 12.541608 0.128995 -0.219239
1769100734.753640 12.547900 0.127583 -0.217900
1769100734.853693 12.556257 0.125725 -0.220044
1769100734.953620 12.566529 0.123431 -0.218895
1769100735.053608 12.576947 0.121121 -0.216569
1769100735.153599 12.584916 0.119379 -0.215907
1769100735.253626 12.595404 0.117085 -0.213708
1769100735.353634 12.605737 0.114855 -0.215454
1769100735.453623 12.614171 0.113020 -0.216719
1769100735.553610 12.624594 0.110720 -0.218340
1769100735.653614 12.635221 0.108345 -0.222774
1769100735.753600 12.643717 0.106423 -0.225703
1769100735.853634 12.654289 0.104009 -0.221540
1769100735.953625 12.664536 0.101711 -0.218582
1769100736.053629 12.672785 0.099873 -0.216091
1769100736.153702 12.683121 0.097591 -0.215607
1769100736.253690 12.692909 0.095417 -0.216874
1769100736.353606 12.692923 0.095409 -0.220112
1769100736.453589 12.711526 0.091240 -0.222512
1769100736.553622 12.721945 0.088877 -0.222213
1769100736.653691 12.732252 0.086555 -0.224935
1769100736.753619 12.736530 0.085574 -0.223018
1769100736.853701 12.750965 0.082281 -0.220636
1769100736.953610 12.750938 0.082217 -0.217550
1769100736.988817 12.750927 0.082187 -0.216474
1769100736.988817 12.750927 0.082187 -0.216474
1769100736.988817 12.750927 0.082187 -0.216474
1769100737.353631 12.750785 0.081701 -0.205646
1769100737.453612 12.808851 0.069487 -0.209976
1769100737.553624 12.819279 0.067158 -0.212817
1769100737.653610 12.827738 0.065215 -0.214719
1769100737.753663 12.838398 0.062780 -0.216059
1769100737.794247 12.838390 0.062740 -0.216114
1769100737.794247 12.838390 0.062740 -0.216114
1769100738.053644 12.867795 0.056042 -0.214895
1769100738.153610 12.878043 0.053711 -0.216233
1769100738.253670 12.886361 0.051795 -0.216312
1769100738.353608 12.896707 0.049437 -0.217499
1769100738.453623 12.907197 0.047037 -0.215889
1769100738.553648 12.915595 0.045107 -0.216768
1769100738.653634 12.926088 0.042712 -0.218696
1769100738.753652 12.936786 0.040258 -0.224188
1769100738.853637 12.945201 0.038275 -0.225434
1769100738.953639 12.955741 0.035800 -0.225836
1769100739.053662 12.966182 0.033354 -0.222733
1769100739.153681 12.974219 0.031491 -0.219782
1769100739.253657 12.984442 0.029164 -0.217146
1769100739.353694 12.994772 0.026844 -0.217403
1769100739.453664 13.002953 0.024986 -0.220168
1769100739.553651 13.013465 0.022575 -0.222503
1769100739.653652 13.023994 0.020134 -0.224055
1769100739.753664 13.032550 0.018132 -0.223880
1769100739.853688 13.043046 0.015680 -0.223677
1769100739.953671 13.053381 0.013271 -0.224700
1769100740.053670 13.061453 0.011360 -0.225266
1769100740.153666 13.071412 0.009027 -0.226328
1769100740.253686 13.071682 -0.014000 -0.237666
1769100740.353687 13.081580 -0.016439 -0.234900
1769100740.453653 13.089700 -0.018428 -0.234523
1769100740.553655 13.099738 -0.020874 -0.234331
1769100740.653671 13.110223 -0.023424 -0.236599
1769100740.753715 13.118663 -0.025501 -0.241643
1769100740.853677 13.129264 -0.028154 -0.243394
1769100740.953707 13.139866 -0.030812 -0.244406
1769100741.053694 13.149942 -0.033341 -0.240469
1769100741.153654 13.158168 -0.035379 -0.237985
1769100741.253680 13.168154 -0.037817 -0.236850
1769100741.353722 13.178192 -0.040252 -0.236150
1769100741.403185 13.181999 -0.041169 -0.236980
1769100741.553693 13.196393 -0.044655 -0.240252
1769100741.603859 13.202679 -0.046191 -0.240660
1769100741.753719 13.217194 -0.049751 -0.240458
1769100741.804596 13.221419 -0.050792 -0.239754
1769100741.953716 13.236048 -0.054394 -0.244085
1769100742.005238 13.240364 -0.055477 -0.244913
1769100742.153686 13.254845 -0.059137 -0.241240
1769100742.205806 13.261247 -0.060730 -0.242432
1769100742.353724 13.275527 -0.064303 -0.238193
1769100742.406458 13.279905 -0.065391 -0.237506
1769100742.553697 13.294000 -0.068859 -0.238933
1769100742.607002 13.298516 -0.069978 -0.239663
1769100742.753779 13.312759 -0.073545 -0.242465
1769100742.807717 13.317471 -0.074755 -0.241051
1769100742.953770 13.331798 -0.078394 -0.242175
1769100743.008296 13.338588 -0.080118 -0.240710
1769100743.154421 13.352579 -0.083642 -0.240059
1769100743.208942 13.357112 -0.084781 -0.240909
1769100743.353720 13.371012 -0.088264 -0.239625
1769100743.409627 13.377451 -0.089857 -0.240189
1769100743.553722 13.389322 -0.092810 -0.239156
1769100743.610385 13.396101 -0.094487 -0.237644
1769100743.753749 13.409723 -0.097848 -0.237612
1769100743.810935 13.414731 -0.099086 -0.239201
1769100743.953726 13.428275 -0.102466 -0.244109
1769100744.011640 13.435245 -0.104227 -0.245557
1769100744.153721 13.449150 -0.107792 -0.243602
1769100744.212272 13.454371 -0.109124 -0.243456
1769100744.353714 13.467244 -0.112398 -0.238685
1769100744.412925 13.474065 -0.114094 -0.238066
1769100744.553716 13.487713 -0.117494 -0.238704
1769100744.613610 13.492791 -0.118774 -0.239877
1769100744.753752 13.505771 -0.122062 -0.241665
1769100744.814336 13.512674 -0.123805 -0.243465
1769100744.953731 13.526226 -0.127283 -0.243367
1769100745.014928 13.531694 -0.128693 -0.242212
1769100745.153738 13.544724 -0.132026 -0.243424
1769100745.215474 13.551935 -0.133867 -0.243795
1769100745.353720 13.565359 -0.137303 -0.242631
1769100745.416110 13.570450 -0.138621 -0.239723
1769100745.553743 13.583848 -0.141998 -0.237347
1769100745.616748 13.589558 -0.143432 -0.236219
1769100745.753767 13.602185 -0.146577 -0.238327
1769100745.817422 13.629203 -0.158712 -0.246375
1769100745.953759 13.642337 -0.162145 -0.250092
1769100746.018142 13.648134 -0.163682 -0.252175
1769100746.153744 13.660610 -0.167006 -0.254903
1769100746.218793 13.668075 -0.169003 -0.251337
1769100746.353753 13.680849 -0.172383 -0.248321
1769100746.419376 13.686914 -0.173963 -0.250531
1769100746.553759 13.699058 -0.177151 -0.252823
1769100746.620061 13.706350 -0.179078 -0.251578
1769100746.753762 13.719099 -0.182445 -0.252957
1769100746.820728 13.725179 -0.184058 -0.254708
1769100746.953747 13.737718 -0.187403 -0.254432
1769100747.021451 13.745270 -0.189406 -0.255800
1769100747.153769 13.758228 -0.192898 -0.258681
1769100747.222039 13.764712 -0.194661 -0.260037
1769100747.353760 13.776786 -0.197969 -0.257471
1769100747.422550 13.784377 -0.200019 -0.255459
1769100747.553749 13.796849 -0.203357 -0.251372
1769100747.623301 13.802534 -0.204869 -0.249516
1769100747.753770 13.815026 -0.208139 -0.251762
1769100747.823934 13.821568 -0.209871 -0.254334
1769100747.953765 13.835328 -0.213548 -0.257188
1769100748.024643 13.841022 -0.215096 -0.258355
1769100748.153760 13.853643 -0.218527 -0.259756
1769100748.225145 13.861763 -0.220733 -0.259709
1769100748.353770 13.874516 -0.224190 -0.261757
1769100748.425822 13.880475 -0.225824 -0.261512
1769100748.553775 13.893040 -0.229265 -0.262803
1769100748.626467 13.899785 -0.231117 -0.262300
1769100748.753784 13.911054 -0.234206 -0.260990
1769100748.827152 13.919202 -0.236423 -0.260521
1769100748.953780 13.931603 -0.239798 -0.261612
1769100749.027776 13.937688 -0.241464 -0.264257
1769100749.153774 13.950404 -0.244971 -0.269934
1769100749.228459 13.957654 -0.247007 -0.271261
1769100749.353778 13.969154 -0.250243 -0.271513
1769100749.429120 13.977514 -0.252585 -0.269032
1769100749.553797 13.989680 -0.255951 -0.264497
1769100749.629726 13.995888 -0.257646 -0.263398
1769100749.753818 14.008002 -0.260941 -0.263773
1769100749.830467 14.014343 -0.262662 -0.267311
1769100749.953829 14.026715 -0.266075 -0.269547
1769100750.031022 14.034216 -0.268156 -0.271216
1769100750.153799 14.045306 -0.271245 -0.272190
1769100750.231742 14.053816 -0.273622 -0.273234
1769100750.353821 14.066042 -0.277066 -0.274543
1769100750.432326 14.072572 -0.278910 -0.276131
1769100750.553802 14.084570 -0.282324 -0.275190
1769100750.632980 14.092305 -0.284521 -0.274331
1769100750.753803 14.103055 -0.287560 -0.271579
1769100750.833608 14.111630 -0.289961 -0.271125
1769100750.953804 14.123478 -0.293278 -0.278480
1769100751.034326 14.130054 -0.295165 -0.286949
1769100751.153833 14.141961 -0.298723 -0.300526
1769100751.235036 14.149733 -0.301160 -0.309130
1769100751.353812 14.156566 -0.316792 -0.311574
1769100751.435644 14.159010 -0.326894 -0.313559
1769100751.553824 14.170624 -0.330691 -0.322767
1769100751.636331 14.178561 -0.333367 -0.330692
1769100751.753814 14.188394 -0.336771 -0.339937
1769100751.837071 14.196725 -0.339735 -0.349155
1769100751.953851 14.207891 -0.343834 -0.362594
1769100752.040378 14.215934 -0.346901 -0.369954
1769100752.040378 14.215934 -0.346901 -0.369954
1769100752.040378 14.215934 -0.346901 -0.369954
1769100752.353825 14.245468 -0.358825 -0.404389
1769100752.439092 14.252073 -0.361668 -0.410740
1769100752.553843 14.262720 -0.366324 -0.419201
1769100752.639489 14.271197 -0.370084 -0.426523
1769100752.753838 14.281810 -0.374911 -0.435099
1769100752.840341 14.288483 -0.378024 -0.443685
1769100752.953827 14.299137 -0.383106 -0.456118
1769100753.041505 14.307213 -0.387089 -0.467098
1769100753.153836 14.317856 -0.392505 -0.480345
1769100753.241541 14.324440 -0.395936 -0.489001
1769100753.353828 14.334618 -0.401379 -0.497846
1769100753.442239 14.342847 -0.405861 -0.503760
1769100753.553833 14.352849 -0.411406 -0.510115
1769100753.642846 14.360608 -0.415767 -0.516654
1769100753.753870 14.368896 -0.420476 -0.526898
1769100753.843447 14.377045 -0.425220 -0.535579
1769100753.953883 14.386782 -0.431031 -0.547084
1769100754.044088 14.394690 -0.435861 -0.559729
1769100754.153857 14.403244 -0.441228 -0.570074
1769100754.244808 14.411616 -0.446624 -0.577624
1769100754.353862 14.421231 -0.452939 -0.588156
1769100754.445287 14.427625 -0.457202 -0.595499
1769100754.603911 14.440223 -0.465751 -0.611330
1769100754.645972 14.444471 -0.468714 -0.613912
1769100754.753870 14.452262 -0.474195 -0.622903
1769100754.846577 14.460565 -0.480152 -0.633621
1769100754.953858 14.469860 -0.486983 -0.644200
1769100755.047214 14.476407 -0.491885 -0.654239
1769100755.153877 14.485441 -0.498832 -0.664996
1769100755.247947 14.493256 -0.504993 -0.676846
1769100755.353856 14.500544 -0.510864 -0.685222
1769100755.448583 14.508243 -0.517159 -0.693835
1769100755.553884 14.516740 -0.524234 -0.702553
1769100755.649240 14.522943 -0.529464 -0.709680
1769100755.753937 14.531189 -0.536523 -0.720559
1769100755.849904 14.538954 -0.543342 -0.730392
1769100755.953919 14.545585 -0.549280 -0.742445
1769100756.050687 14.553065 -0.556145 -0.754282
1769100756.153891 14.560835 -0.563441 -0.762677
1769100756.253884 14.568381 -0.570659 -0.766606
1769100756.254085 14.568394 -0.570671 -0.766617
1769100756.254085 14.568394 -0.570671 -0.766617
1769100756.553978 14.589770 -0.591535 -0.792874
1769100756.652682 14.595661 -0.597464 -0.805645
1769100756.753908 14.603033 -0.605094 -0.816374
1769100756.853916 14.610334 -0.612828 -0.825441
1769100756.856001 14.610459 -0.612962 -0.825719
1769100756.856001 14.610459 -0.612962 -0.825719
1769100757.153908 14.630814 -0.635490 -0.855939
1769100757.253896 14.637444 -0.643099 -0.866692
1769100757.353912 14.632415 -0.649558 -0.881666
1769100757.453909 14.638939 -0.657416 -0.889716
1769100757.553924 14.645321 -0.665238 -0.897245
1769100757.653955 14.651926 -0.673473 -0.908487
1769100757.753936 14.657142 -0.680123 -0.919286
1769100757.853895 14.663472 -0.688380 -0.929137
1769100757.953912 14.669693 -0.696690 -0.938883
1769100758.053939 14.675722 -0.704928 -0.949124
1769100758.153926 14.681917 -0.713595 -0.959853
1769100758.253908 14.686857 -0.720620 -0.968023
1769100758.353932 14.692852 -0.729278 -0.976543
1769100758.453930 14.698861 -0.738095 -0.985774
1769100758.553925 14.703569 -0.745117 -0.992124
1769100758.653929 14.709369 -0.753916 -1.001652
1769100758.753931 14.714949 -0.762567 -1.015443
1769100758.853911 14.719534 -0.769862 -1.027081
1769100758.953934 14.724921 -0.778760 -1.036991
1769100759.053936 14.730422 -0.788018 -1.047453
1769100759.153925 14.735717 -0.797131 -1.055034
1769100759.253920 14.740617 -0.805715 -1.060716
1769100759.353942 14.745606 -0.814560 -1.069811
1769100759.453943 14.749553 -0.821670 -1.077296
1769100759.553933 14.754413 -0.830587 -1.087367
1769100759.653919 14.759404 -0.840029 -1.099254
1769100759.753958 14.764155 -0.849277 -1.107861
1769100759.853953 14.768072 -0.856975 -1.118165
1769100759.953962 14.772859 -0.866764 -1.127496
1769100760.053947 14.777500 -0.876530 -1.137444
1769100760.153934 14.781054 -0.884243 -1.143427
1769100760.253928 14.785451 -0.893887 -1.150538
1769100760.353934 14.788902 -0.901511 -1.157499
1769100760.453956 14.793182 -0.911172 -1.164710
1769100760.553936 14.797501 -0.921117 -1.174727
1769100760.653936 14.800840 -0.928988 -1.185156
1769100760.753944 14.804952 -0.938966 -1.199437
1769100760.853983 14.808945 -0.949091 -1.213638
1769100760.953964 14.811878 -0.956871 -1.220522
1769100761.054025 14.815564 -0.966913 -1.228166
1769100761.153938 14.819180 -0.976980 -1.236605
1769100761.253965 14.822545 -0.986594 -1.243077
1769100761.353940 14.825311 -0.994622 -1.249796
1769100761.453968 14.828632 -1.004422 -1.261523
1769100761.553976 14.831862 -1.014465 -1.270586
1769100761.653958 14.834457 -1.022665 -1.280416
1769100761.753989 14.837499 -1.032713 -1.292166
1769100761.854007 14.840496 -1.043243 -1.301996
1769100761.953969 14.843285 -1.053444 -1.312700
1769100762.053984 14.845499 -1.061768 -1.320904
1769100762.153975 14.848074 -1.071769 -1.329471
1769100762.253970 14.850508 -1.081625 -1.337335
1769100762.353968 14.852451 -1.089795 -1.343579
1769100762.453988 14.854774 -1.099729 -1.354848
1769100762.553974 14.857135 -1.110403 -1.365975
1769100762.654031 14.859335 -1.120903 -1.375798
1769100762.754028 14.860953 -1.128984 -1.384182
1769100762.853980 14.862883 -1.139197 -1.393233
1769100762.953983 14.864326 -1.159627 -1.411239
1769100763.053999 14.865892 -1.169703 -1.418792
1769100763.154033 14.867437 -1.179954 -1.427993
1769100763.253998 14.868662 -1.188234 -1.436591
1769100763.354034 14.870053 -1.198505 -1.443085
1769100763.453995 14.871372 -1.208612 -1.452911
1769100763.553995 14.872557 -1.218857 -1.463906
1769100763.653992 14.873480 -1.227453 -1.475912
1769100763.754065 14.874436 -1.237812 -1.488303
1769100763.854004 14.875288 -1.248405 -1.499066
1769100763.954040 14.875971 -1.258541 -1.504803
1769100764.054034 14.876635 -1.268828 -1.511273
1769100764.154006 14.877131 -1.277108 -1.518413
1769100764.254088 14.877616 -1.287321 -1.525243
1769100764.354006 14.878065 -1.297709 -1.536000
1769100764.454007 14.878354 -1.308061 -1.544348
1769100764.554053 14.878566 -1.316539 -1.555015
1769100764.653985 14.878668 -1.327293 -1.563821
1769100764.754053 14.878642 -1.338101 -1.571484
1769100764.854014 14.878500 -1.348847 -1.579845
1769100764.953994 14.878379 -1.357545 -1.589629
1769100765.054007 14.878081 -1.368079 -1.596806
1769100765.154010 14.877698 -1.378274 -1.602770
1769100765.254035 14.877354 -1.386633 -1.608563
1769100765.354022 14.876898 -1.396898 -1.616816
1769100765.454020 14.876309 -1.407795 -1.629356
1769100765.554028 14.875733 -1.416642 -1.641580
1769100765.654033 14.874912 -1.427080 -1.654836
1769100765.754030 14.873899 -1.437599 -1.666496
1769100765.854048 14.872767 -1.447996 -1.676420
1769100765.954016 14.871744 -1.456584 -1.684073
1769100766.054040 14.870463 -1.466767 -1.691717
1769100766.154025 14.869082 -1.477304 -1.699143
1769100766.254025 14.867695 -1.487488 -1.708900
1769100766.354019 14.866575 -1.495683 -1.722346
1769100766.454021 14.864957 -1.505718 -1.732291
1769100766.554031 14.863169 -1.516133 -1.743505
1769100766.654084 14.861151 -1.526923 -1.749629
1769100766.754080 14.859175 -1.537296 -1.752187
1769100766.854014 14.857485 -1.545858 -1.749079
1769100766.954046 14.855495 -1.556394 -1.747319
1769100767.054038 14.853642 -1.566484 -1.744897
1769100767.154031 14.852200 -1.574407 -1.744694
1769100767.254031 14.850348 -1.584642 -1.743764
1769100767.354051 14.848434 -1.595252 -1.745212
1769100767.454099 14.846594 -1.605449 -1.745885
1769100767.554097 14.845070 -1.613911 -1.747954
1769100767.654048 14.843191 -1.624193 -1.748739
1769100767.754047 14.841319 -1.634530 -1.753057
1769100767.854117 14.839322 -1.644905 -1.754360
1769100767.954077 14.837723 -1.653067 -1.753500
1769100768.054041 14.835787 -1.663500 -1.753851
1769100768.154037 14.833876 -1.673400 -1.749492
1769100768.254035 14.832025 -1.683518 -1.748367
1769100768.354035 14.830239 -1.693513 -1.749841
1769100768.454058 14.828402 -1.703704 -1.753416
1769100768.554064 14.805494 -1.713465 -1.772678
1769100768.654057 14.803782 -1.721568 -1.775337
1769100768.754164 14.801577 -1.731942 -1.776366
1769100768.854073 14.799373 -1.742242 -1.777195
1769100768.954129 14.797190 -1.752293 -1.774410
1769100769.054063 14.795087 -1.762155 -1.772879
1769100769.154065 14.793272 -1.770437 -1.770174
1769100769.254072 14.791119 -1.780620 -1.767933
1769100769.354071 14.788988 -1.790899 -1.766342
1769100769.454049 14.787250 -1.799428 -1.767378
1769100769.554078 14.785101 -1.810040 -1.769028
1769100769.654065 14.783009 -1.820265 -1.770962
1769100769.754097 14.780936 -1.830491 -1.776874
1769100769.854108 14.779074 -1.839096 -1.778669
1769100769.954081 14.776873 -1.849187 -1.779647
1769100770.054106 14.774680 -1.859384 -1.777613
1769100770.154073 14.772562 -1.869273 -1.775307
1769100770.254092 14.770464 -1.879270 -1.768087
1769100770.354094 14.768881 -1.887144 -1.761821
1769100770.454097 14.766941 -1.897442 -1.754836
1769100770.554094 14.765032 -1.907877 -1.747050
1769100770.654099 14.763151 -1.918700 -1.737522
1769100770.754094 14.761728 -1.927160 -1.730141
1769100770.854079 14.760059 -1.937720 -1.723047
1769100770.954098 14.758482 -1.947816 -1.713105
1769100771.054083 14.756972 -1.958396 -1.703971
1769100771.154095 14.755755 -1.966647 -1.689446
1769100771.254107 14.754451 -1.977294 -1.678377
1769100771.354079 14.753360 -1.987378 -1.668088
1769100771.454100 14.752363 -1.997682 -1.657003
1769100771.554087 14.751636 -2.005862 -1.649517
1769100771.654088 14.750843 -2.015990 -1.637142
1769100771.754100 14.750186 -2.026728 -1.621500
1769100771.854136 14.749732 -2.037080 -1.604575
1769100771.954167 14.749447 -2.045846 -1.591012
1769100772.054119 14.749309 -2.056589 -1.576665
1769100772.104046 14.749256 -2.062755 -1.567199
1769100772.254122 14.749360 -2.077381 -1.536670
1769100772.304678 14.749496 -2.081846 -1.528427
1769100772.454099 14.750233 -2.096196 -1.498256
1769100772.505320 14.750746 -2.102765 -1.488755
1769100772.654121 14.752109 -2.117298 -1.464652
1769100772.705983 14.752523 -2.121508 -1.454987
1769100772.854109 14.754303 -2.135751 -1.429591
1769100772.906652 14.755288 -2.142478 -1.420150
1769100773.054126 14.757725 -2.157240 -1.399331
1769100773.107246 14.758519 -2.161742 -1.394006
1769100773.254120 14.761172 -2.176089 -1.380552
1769100773.308024 14.762112 -2.180718 -1.379040
1769100773.454130 14.764949 -2.194927 -1.366268
1769100773.508673 14.766326 -2.201557 -1.359291
1769100773.654148 14.769496 -2.215696 -1.348793
1769100773.709282 14.770541 -2.220282 -1.344901
1769100773.854155 14.773775 -2.234096 -1.341892
1769100773.909979 14.774928 -2.238914 -1.342533
1769100774.054156 14.778206 -2.252614 -1.347855
1769100774.110607 14.750271 -2.259177 -1.335604
1769100774.254132 14.753622 -2.272828 -1.339582
1769100774.311233 14.755272 -2.279641 -1.341331
1769100774.454147 14.758551 -2.293388 -1.342563
1769100774.511869 14.759700 -2.298175 -1.342445
1769100774.654146 14.762908 -2.311626 -1.339449
1769100774.712495 14.764548 -2.318359 -1.340879
1769100774.854147 14.767840 -2.331950 -1.337573
1769100774.913140 14.769092 -2.337006 -1.338162
1769100775.054153 14.772421 -2.350540 -1.337557
1769100775.113885 14.774042 -2.357158 -1.339103
1769100775.254190 14.777355 -2.370741 -1.339579
1769100775.314445 14.778527 -2.375547 -1.340371
1769100775.454170 14.781853 -2.389464 -1.339291
1769100775.515250 14.783573 -2.396613 -1.339112
1769100775.654175 14.786746 -2.409709 -1.337711
1769100775.716300 14.788116 -2.415336 -1.336391
1769100775.854168 14.791212 -2.428000 -1.334292
1769100775.916459 14.792572 -2.433532 -1.333579
1769100776.054172 14.796201 -2.448244 -1.333475
1769100776.117144 14.797501 -2.453545 -1.332608
1769100776.254157 14.800796 -2.466809 -1.336161
1769100776.317801 14.802558 -2.474108 -1.336025
1769100776.454160 14.805791 -2.487495 -1.339416
1769100776.518477 14.807073 -2.492916 -1.338275
1769100776.654173 14.810212 -2.506126 -1.338130
1769100776.719093 14.811620 -2.512006 -1.337262
1769100776.854179 14.814668 -2.524578 -1.336582
1769100776.919734 14.816486 -2.532002 -1.336177
1769100777.054184 14.819708 -2.545018 -1.337915
1769100777.120471 14.821161 -2.550878 -1.338362
1769100777.254155 14.824255 -2.563500 -1.339508
1769100777.321210 14.826113 -2.571135 -1.339987
1769100777.454227 14.829368 -2.584705 -1.339107
1769100777.521815 14.830744 -2.590256 -1.341329
1769100777.654202 14.833805 -2.603052 -1.339048
1769100777.722460 14.835592 -2.610412 -1.339402
1769100777.854211 14.838663 -2.623057 -1.336620
1769100777.923073 14.840058 -2.628742 -1.336323
1769100778.054199 14.843265 -2.641775 -1.334119
1769100778.123784 14.844916 -2.648461 -1.334027
1769100778.254215 14.847953 -2.660722 -1.335981
1769100778.324492 14.849895 -2.668687 -1.336834
1769100778.454232 14.853066 -2.681642 -1.340584
1769100778.525198 14.854467 -2.687422 -1.343072
1769100778.654228 14.857540 -2.700355 -1.343674
1769100778.725922 14.859141 -2.707101 -1.342727
1769100778.854240 14.862030 -2.719050 -1.342989
1769100778.926438 14.863932 -2.727017 -1.341329
1769100779.054216 14.866913 -2.739246 -1.341304
1769100779.127140 14.868367 -2.745234 -1.338992
1769100779.254235 14.871439 -2.757770 -1.340359
1769100779.327845 14.873424 -2.765952 -1.339809
1769100779.454237 14.876509 -2.778672 -1.339696
1769100779.528498 14.877960 -2.784649 -1.340209
1769100779.654224 14.880882 -2.796926 -1.338535
1769100779.729189 14.862702 -2.775267 -1.342038
1769100779.854321 14.865590 -2.787498 -1.338848
1769100779.929863 14.867016 -2.793539 -1.336093
1769100780.054232 14.870015 -2.805990 -1.333474
1769100780.130477 14.871766 -2.813105 -1.334469
1769100780.254240 14.874437 -2.824099 -1.334645
1769100780.331246 14.876443 -2.832339 -1.336335
1769100780.454226 14.879396 -2.844516 -1.338871
1769100780.531785 14.881279 -2.852327 -1.342426
1769100780.654233 14.883934 -2.863574 -1.343096
1769100780.732572 14.885922 -2.872120 -1.341562
1769100780.854229 14.888699 -2.883886 -1.340836
1769100780.933112 14.890505 -2.891514 -1.340011
1769100781.054220 14.893106 -2.902267 -1.341240
1769100781.133762 14.895156 -2.910802 -1.342605
1769100781.254217 14.898032 -2.922763 -1.343759
1769100781.334484 14.899642 -2.929428 -1.343894
1769100781.454251 14.902553 -2.941458 -1.348159
1769100781.535061 14.904583 -2.950134 -1.347477
1769100781.654249 14.907358 -2.961916 -1.349277
1769100781.735780 14.909209 -2.969805 -1.350291
1769100781.854270 14.911716 -2.980320 -1.352990
1769100781.936409 14.913752 -2.989094 -1.349815
1769100782.054272 14.916524 -3.000759 -1.348483
1769100782.137028 14.918388 -3.008559 -1.346891
1769100782.254225 14.920793 -3.018544 -1.345928
1769100782.337865 14.922938 -3.027460 -1.346476
1769100782.454263 14.925738 -3.039203 -1.346690
1769100782.538476 14.927473 -3.046456 -1.348045
1769100782.654264 14.930248 -3.058342 -1.348551
1769100782.739052 14.932376 -3.067465 -1.350641
1769100782.854243 14.935019 -3.078897 -1.349383
1769100782.939729 14.936613 -3.085683 -1.348969
1769100783.054289 14.939206 -3.096805 -1.346772
1769100783.140238 14.941336 -3.105820 -1.347136
1769100783.254283 14.943986 -3.117067 -1.344918
1769100783.340994 14.946054 -3.125789 -1.344864
1769100783.454246 14.948373 -3.135539 -1.345092
1769100783.541569 14.950496 -3.144511 -1.346686
1769100783.654243 14.953147 -3.155775 -1.349243
1769100783.742224 14.955177 -3.164672 -1.347677
1769100783.854245 14.957501 -3.174649 -1.348025
1769100783.942877 14.959632 -3.183868 -1.346055
1769100784.054286 14.962202 -3.194902 -1.344597
1769100784.143564 14.964175 -3.203346 -1.342084
1769100784.254288 14.966394 -3.212696 -1.340401
1769100784.344164 14.968597 -3.221980 -1.340769
1769100784.454308 14.971307 -3.233363 -1.343609
1769100784.544824 14.973092 -3.241081 -1.341737
1769100784.654281 14.975789 -3.252568 -1.345339
1769100784.745466 14.977969 -3.262022 -1.348334
1769100784.854274 14.980081 -3.271282 -1.349904
1769100784.946090 14.982279 -3.281009 -1.348396
1769100785.054292 14.984790 -3.292103 -1.346686
1769100785.146804 14.986577 -3.299910 -1.345150
1769100785.254301 14.989153 -3.311034 -1.345084
1769100785.347430 14.970598 -3.300533 -1.358572
1769100785.454296 14.972560 -3.309600 -1.358081
1769100785.548099 14.974709 -3.319520 -1.358063
1769100785.654276 14.977121 -3.330680 -1.360080
1769100785.748772 14.978866 -3.338785 -1.362217
1769100785.854294 14.981233 -3.350066 -1.358961
1769100785.949418 14.983322 -3.359823 -1.359887
1769100786.054317 14.985184 -3.368556 -1.358539
1769100786.150084 14.987280 -3.378214 -1.360311
1769100786.254296 14.989502 -3.388533 -1.358691
1769100786.350758 14.991611 -3.398300 -1.357166
1769100786.454309 14.993527 -3.407161 -1.356209
1769100786.551444 14.995752 -3.417386 -1.358546
1769100786.654450 14.998080 -3.428206 -1.360443
1769100786.752070 14.999765 -3.436217 -1.360233
1769100786.854313 15.002032 -3.446901 -1.364133
1769100786.952826 15.004153 -3.457119 -1.365252
1769100787.054342 15.005946 -3.465777 -1.364931
1769100787.153511 15.008077 -3.476087 -1.361395
1769100787.254376 15.010243 -3.486380 -1.360926
1769100787.354346 15.012353 -3.496409 -1.359842
1769100787.454328 15.014097 -3.504657 -1.360030
1769100787.554327 15.016287 -3.515029 -1.359707
1769100787.654324 15.018524 -3.525673 -1.360381
1769100787.754322 15.020252 -3.533923 -1.362606
1769100787.854340 15.022411 -3.544425 -1.364648
1769100787.954382 15.024532 -3.554914 -1.372975
1769100788.054385 15.026489 -3.565139 -1.379136
1769100788.154321 15.028015 -3.573404 -1.389119
1769100788.254333 15.029817 -3.583569 -1.398717
1769100788.354345 15.031534 -3.593824 -1.406737
1769100788.454340 15.033179 -3.604150 -1.416663
1769100788.554359 15.034449 -3.612709 -1.425155
1769100788.654349 15.035893 -3.623034 -1.434547
1769100788.754350 15.037218 -3.633276 -1.446733
1769100788.854469 15.038421 -3.643684 -1.460328
1769100788.954319 15.039307 -3.652146 -1.472197
1769100789.054370 15.040241 -3.662421 -1.478944
1769100789.154359 15.041156 -3.672962 -1.487404
1769100789.254359 15.041958 -3.683405 -1.492910
1769100789.354375 15.042578 -3.691699 -1.505420
1769100789.454360 15.043226 -3.702231 -1.515400
1769100789.554398 15.043741 -3.713018 -1.523509
1769100789.654378 15.044126 -3.721724 -1.531533
1769100789.754362 15.044523 -3.732640 -1.529664
1769100789.854373 15.044930 -3.743557 -1.525852
1769100789.954422 15.045268 -3.751979 -1.525150
1769100790.054350 15.045712 -3.762452 -1.526579
1769100790.154369 15.046143 -3.773042 -1.524905
1769100790.254370 15.046493 -3.781513 -1.523794
1769100790.354358 15.046957 -3.792084 -1.521456
1769100790.454377 15.047451 -3.802708 -1.520106
1769100790.554365 15.047871 -3.811213 -1.522055
1769100790.654360 15.048371 -3.821961 -1.522259
1769100790.754358 15.048839 -3.832505 -1.525901
1769100790.854375 15.049178 -3.841199 -1.525941
1769100790.954365 15.049608 -3.852047 -1.526794
1769100791.054378 15.029603 -3.832655 -1.529987
1769100791.154368 15.029891 -3.841199 -1.525547
1769100791.254378 15.030311 -3.851598 -1.523695
1769100791.354390 15.030765 -3.861926 -1.527446
1769100791.454367 15.031193 -3.872324 -1.528834
1769100791.554380 15.031527 -3.880851 -1.530962
1769100791.654366 15.031929 -3.891646 -1.530182
1769100791.754383 15.032342 -3.902369 -1.528940
1769100791.854388 15.032688 -3.910794 -1.529245
1769100791.954397 15.033101 -3.921477 -1.526689
1769100792.054378 15.033530 -3.932019 -1.527818
1769100792.154373 15.033933 -3.942406 -1.526395
1769100792.254382 15.034265 -3.950676 -1.524732
1769100792.354375 15.034702 -3.961291 -1.519951
1769100792.454384 15.035179 -3.971612 -1.517231
1769100792.554394 15.035663 -3.981779 -1.516304
1769100792.654399 15.036059 -3.990132 -1.520652
1769100792.754409 15.036523 -4.000673 -1.521735
1769100792.854403 15.036951 -4.011089 -1.523596
1769100792.954396 15.037362 -4.021509 -1.524948
1769100793.054357 15.037677 -4.030104 -1.523108
1769100793.154399 15.038125 -4.040828 -1.521093
1769100793.254376 15.038573 -4.051270 -1.519467
1769100793.354404 15.038947 -4.059721 -1.521625
1769100793.454379 15.039419 -4.070266 -1.522410
1769100793.554408 15.039898 -4.080893 -1.524631
1769100793.654401 15.040249 -4.089490 -1.522898
1769100793.754387 15.040721 -4.100240 -1.522466
1769100793.854433 15.041191 -4.111038 -1.522257
1769100793.954403 15.041560 -4.119738 -1.525755
1769100794.054402 15.041993 -4.130578 -1.526851
1769100794.154414 15.042405 -4.141291 -1.524644
1769100794.254426 15.042722 -4.149631 -1.521853
1769100794.354403 15.043184 -4.160256 -1.519649
1769100794.454428 15.043679 -4.170800 -1.516404
1769100794.554434 15.044073 -4.179023 -1.517120
1769100794.654408 15.044576 -4.189613 -1.517818
1769100794.754408 15.045060 -4.200156 -1.519609
1769100794.854433 15.045441 -4.208708 -1.522687
1769100794.954444 15.045899 -4.219626 -1.520486
1769100795.054424 15.046359 -4.230219 -1.519703
1769100795.154425 15.046849 -4.241092 -1.519934
1769100795.254453 15.047224 -4.249668 -1.521966
1769100795.354452 15.047669 -4.260053 -1.520994
1769100795.454447 15.048113 -4.270363 -1.518233
1769100795.554467 15.048464 -4.278654 -1.516546
1769100795.654455 15.048965 -4.289331 -1.516390
1769100795.754448 15.049456 -4.299802 -1.516161
1769100795.854501 15.049843 -4.308405 -1.519306
1769100795.954494 15.050324 -4.319054 -1.524215
1769100796.054449 15.050758 -4.329944 -1.524553
1769100796.154444 15.051106 -4.338617 -1.524925
1769100796.254463 15.051534 -4.349327 -1.520844
1769100796.354457 15.052009 -4.359925 -1.518597
1769100796.454448 15.052381 -4.368439 -1.514191
1769100796.554424 15.052896 -4.378932 -1.515009
1769100796.654448 15.032993 -4.419467 -1.522108
1769100796.754440 15.033341 -4.427972 -1.525842
1769100796.854450 15.033767 -4.438793 -1.524709
1769100796.954448 15.034208 -4.449621 -1.525413
1769100797.054449 15.034530 -4.457942 -1.525872
1769100797.154459 15.034939 -4.468616 -1.527917
1769100797.254455 15.035314 -4.478980 -1.529594
1769100797.354468 15.035680 -4.489720 -1.526668
1769100797.454456 15.035990 -4.498167 -1.525827
1769100797.554459 15.036390 -4.508529 -1.520722
1769100797.654471 15.036858 -4.519129 -1.519420
1769100797.754438 15.037212 -4.527647 -1.517733
1769100797.854464 15.037693 -4.538321 -1.522194
1769100797.954475 15.038132 -4.549092 -1.524134
1769100798.054478 15.038458 -4.557515 -1.527080
1769100798.154472 15.038883 -4.568559 -1.525612
1769100798.254472 15.039325 -4.579430 -1.523466
1769100798.354480 15.039681 -4.587722 -1.522979
1769100798.454484 15.040118 -4.598082 -1.520059
1769100798.591336 15.040751 -4.611994 -1.520686
1769100798.654464 15.041071 -4.619194 -1.519086
1769100798.754476 15.041465 -4.627642 -1.520211
1769100798.854525 15.041968 -4.638363 -1.518890
1769100798.954481 15.042476 -4.648860 -1.520356
1769100799.054479 15.042855 -4.657328 -1.520153
1769100799.154493 15.043339 -4.667925 -1.525959
1769100799.254481 15.043767 -4.678794 -1.526616
1769100799.354460 15.044087 -4.687240 -1.526942
1769100799.454492 15.044503 -4.697955 -1.523196
1769100799.554493 15.044395 -4.697943 -1.517872
1769100799.654491 15.045329 -4.716742 -1.518857
1769100799.754510 15.045813 -4.727390 -1.520654
1769100799.854499 15.046274 -4.738038 -1.523767
1769100799.954529 15.046611 -4.746610 -1.524481
1769100800.054547 15.047041 -4.757129 -1.525010
1769100800.154494 15.047470 -4.767868 -1.522210
1769100800.254490 15.047397 -4.767870 -1.522343
1769100800.354527 15.048092 -4.782868 -1.525822
1769100800.454488 15.048696 -4.797454 -1.534072
1769100800.554523 15.049007 -4.808046 -1.540813
1769100800.654513 15.049000 -4.808060 -1.546254
1769100800.754508 15.049360 -4.826850 -1.556154
1769100800.854510 15.049433 -4.837306 -1.563649
1769100800.954503 15.049389 -4.847985 -1.573124
1769100801.054513 15.049268 -4.856471 -1.585203
1769100801.154504 15.049144 -4.862938 -1.598893
1769100801.200288 15.049178 -4.862952 -1.604922
1769100801.200288 15.049178 -4.862952 -1.604922
1769100801.200288 15.049178 -4.862952 -1.604922
1769100801.200288 15.049178 -4.862952 -1.604922
1769100801.654567 15.050819 -4.863072 -1.662392
1769100801.754522 15.051471 -4.863094 -1.674453
1769100801.854533 15.052216 -4.863115 -1.686311
1769100801.954557 15.053049 -4.863135 -1.697960
1769100802.054515 15.041149 -4.956169 -1.705565
1769100802.154514 15.039813 -4.967047 -1.716487
1769100802.254501 15.038719 -4.975509 -1.725508
1769100802.354521 15.037193 -4.986277 -1.733883
1769100802.404270 15.027466 -5.050628 -1.719723
1769100802.554533 15.025506 -5.065001 -1.730314
1769100802.604910 15.024585 -5.071196 -1.732262
1769100802.754550 15.022473 -5.085149 -1.744909
1769100802.805593 15.021773 -5.089515 -1.749054
1769100802.954505 15.019254 -5.104247 -1.761850
1769100803.006360 15.018092 -5.110634 -1.770308
1769100803.154546 15.015235 -5.125134 -1.797087
1769100803.206969 15.014257 -5.129638 -1.806906
1769100803.354580 15.011036 -5.143370 -1.832892
1769100803.407552 15.009388 -5.149741 -1.841844
1769100803.554543 15.005592 -5.163550 -1.866219
1769100803.608466 15.004322 -5.167982 -1.876075
1769100803.754593 15.000032 -5.181774 -1.899974
1769100803.809146 14.998480 -5.186413 -1.908967
1769100803.954696 14.993598 -5.200213 -1.940836
1769100804.009764 14.991103 -5.206672 -1.951929
1769100804.154601 14.985559 -5.220230 -1.981726
1769100804.210465 14.983679 -5.224616 -1.991732
1769100804.354547 14.977821 -5.237549 -2.013157
1769100804.410962 14.975698 -5.242068 -2.024644
1769100804.554588 14.968808 -5.256030 -2.052044
1769100804.611615 14.966574 -5.260360 -2.061618
1769100804.754618 14.959828 -5.272860 -2.091882
1769100804.812347 14.957182 -5.277472 -2.101971
1769100804.954558 14.950055 -5.289504 -2.131589
1769100805.012959 14.946211 -5.295653 -2.144170
1769100805.154560 14.938309 -5.307766 -2.168814
1769100805.213626 14.945243 -5.071647 -2.183041
1769100805.354576 14.937103 -5.083128 -2.199552
1769100805.414325 14.933902 -5.087547 -2.206492
1769100805.554574 14.925867 -5.098385 -2.220805
1769100805.614974 14.921441 -5.104201 -2.226282
1769100805.754664 14.912794 -5.115394 -2.234577
1769100805.815647 14.909527 -5.119558 -2.234971
1769100805.954601 14.900628 -5.130894 -2.235031
1769100806.016152 14.897051 -5.135472 -2.236262
1769100806.154577 14.888819 -5.145978 -2.235856
1769100806.216888 14.884288 -5.151756 -2.235378
1769100806.354577 14.875917 -5.162433 -2.234881
1769100806.417583 14.872646 -5.166615 -2.235186
1769100806.554594 14.864203 -5.177401 -2.235465
1769100806.618256 14.860432 -5.182218 -2.235930
1769100806.754596 14.852240 -5.192665 -2.237965
1769100806.819019 14.847638 -5.198513 -2.240434
1769100806.954587 14.838975 -5.209418 -2.242299
1769100807.019586 14.835557 -5.213684 -2.237703
1769100807.154593 14.827128 -5.224400 -2.224014
1769100807.220401 14.823278 -5.229414 -2.214111
1769100807.354590 14.815635 -5.239628 -2.190208
1769100807.420986 14.811166 -5.245889 -2.178420
1769100807.554604 14.803556 -5.256983 -2.158221
1769100807.621570 14.800387 -5.261750 -2.147035
1769100807.754627 14.792947 -5.273309 -2.123618
1769100807.822300 14.789469 -5.278946 -2.111670
1769100807.954626 14.782857 -5.290066 -2.092009
1769100808.023186 14.778839 -5.297071 -2.080389
1769100808.154610 14.772350 -5.308836 -2.054464
1769100808.223790 14.769591 -5.314066 -2.041137
1769100808.354694 14.763523 -5.326139 -2.016037
1769100808.424460 14.760588 -5.332305 -2.002978
1769100808.554608 14.755469 -5.343518 -1.978524
1769100808.625254 14.752371 -5.350661 -1.963047
1769100808.754630 14.747591 -5.362369 -1.939436
1769100808.825892 14.745089 -5.368878 -1.924548
1769100808.954609 14.740878 -5.380450 -1.901326
1769100809.026485 14.738170 -5.388373 -1.887674
1769100809.154594 14.734145 -5.400851 -1.865042
1769100809.227209 14.732314 -5.406890 -1.857415
1769100809.354689 14.728661 -5.419462 -1.836793
1769100809.427834 14.726744 -5.426617 -1.824015
1769100809.554701 14.723759 -5.438397 -1.797509
1769100809.628472 14.721893 -5.446527 -1.782628
1769100809.754615 14.719334 -5.458911 -1.757739
1769100809.829129 14.718167 -5.465083 -1.742135
1769100809.954721 14.716053 -5.477668 -1.714387
1769100810.029862 14.714972 -5.485158 -1.699860
1769100810.154649 14.713451 -5.496880 -1.677629
1769100810.230452 14.712509 -5.505435 -1.664910
1769100810.354614 14.711342 -5.518127 -1.643814
1769100810.431137 14.710839 -5.524645 -1.626796
1769100810.554589 14.710102 -5.537404 -1.601921
1769100810.631784 14.709842 -5.545023 -1.587916
1769100810.754596 14.709613 -5.556461 -1.567658
1769100810.832536 14.657434 -5.534931 -1.593473
1769100810.954628 14.657159 -5.547214 -1.567402
1769100811.033169 14.657141 -5.553886 -1.553833
1769100811.154638 14.657360 -5.566351 -1.535289
1769100811.233772 14.657635 -5.574313 -1.528452
1769100811.354607 14.658102 -5.585442 -1.519992
1769100811.434518 14.658542 -5.594319 -1.516779
1769100811.554601 14.659219 -5.606901 -1.515535
1769100811.635156 14.659596 -5.613907 -1.514537
1769100811.754627 14.660297 -5.626580 -1.515243
1769100811.835956 14.660754 -5.634956 -1.513127
1769100811.954719 14.661367 -5.645794 -1.513251
1769100812.036411 14.661880 -5.654755 -1.512069
1769100812.154647 14.662581 -5.666809 -1.512223
1769100812.237100 14.662998 -5.673877 -1.511649
1769100812.354712 14.663706 -5.685641 -1.512314
1769100812.437670 14.664219 -5.694187 -1.511478
1769100812.554650 14.664987 -5.706822 -1.510275
1769100812.639073 14.665428 -5.714076 -1.511155
1769100812.754660 14.666149 -5.726312 -1.513450
1769100812.838936 14.666650 -5.734900 -1.514704
1769100812.954664 14.667255 -5.745553 -1.512226
1769100813.039632 14.667813 -5.754971 -1.511538
1769100813.154674 14.668534 -5.766822 -1.505817
1769100813.240225 14.668997 -5.773914 -1.506933
1769100813.354655 14.669752 -5.785565 -1.508302
1769100813.440991 14.670219 -5.792939 -1.509471
1769100813.554718 14.670957 -5.804911 -1.508664
1769100813.641487 14.671521 -5.814017 -1.510468
1769100813.754667 14.672159 -5.824451 -1.510627
1769100813.842111 14.672745 -5.834115 -1.511676
1769100813.954673 14.673450 -5.845883 -1.513333
1769100814.042715 14.673896 -5.853423 -1.514111
1769100814.154664 14.674590 -5.865095 -1.513318
1769100814.243366 14.675151 -5.874281 -1.508611
1769100814.354682 14.675798 -5.884270 -1.507006
1769100814.444096 14.676438 -5.893963 -1.504443
1769100814.554672 14.677210 -5.905267 -1.504256
1769100814.644635 14.677721 -5.912944 -1.505189
1769100814.754670 14.678481 -5.924621 -1.504517
1769100814.845495 14.679107 -5.934204 -1.503818
1769100814.954699 14.679771 -5.944106 -1.502861
1769100815.045951 14.680454 -5.954059 -1.501321
1769100815.154741 14.681250 -5.965342 -1.499673
1769100815.246650 14.681904 -5.974367 -1.499401
1769100815.354676 14.682575 -5.983557 -1.501429
1769100815.447187 14.683285 -5.993485 -1.501887
1769100815.554676 14.684098 -6.004797 -1.499821
1769100815.647874 14.684698 -6.012970 -1.500508
1769100815.754777 14.685522 -6.024274 -1.500546
1769100815.848523 14.686250 -6.034021 -1.503005
1769100815.954707 14.686916 -6.043227 -1.504043
1769100816.049244 14.687642 -6.053570 -1.504438
1769100816.154701 14.688410 -6.064617 -1.499414
1769100816.249901 14.689032 -6.072740 -1.498226
1769100816.354698 14.689889 -6.083666 -1.496230
1769100816.450446 14.671250 -6.083614 -1.484378
1769100816.554706 14.672057 -6.092330 -1.482942
1769100816.651375 14.673019 -6.102763 -1.485792
1769100816.754722 14.673993 -6.113647 -1.485090
1769100816.851851 14.674921 -6.123988 -1.482967
1769100816.954699 14.675758 -6.133140 -1.482738
1769100817.052605 14.676685 -6.143282 -1.481418
1769100817.154708 14.677681 -6.153969 -1.481011
1769100817.253320 14.678438 -6.162071 -1.478843
1769100817.354709 14.679430 -6.172597 -1.477601
1769100817.453971 14.680420 -6.183069 -1.474892
1769100817.554728 14.681261 -6.191673 -1.474556
1769100817.654705 14.682301 -6.202281 -1.474140
1769100817.754744 14.683323 -6.212640 -1.477129
1769100817.854766 14.684351 -6.223454 -1.477943
1769100817.954719 14.685167 -6.232099 -1.481386
1769100818.054737 14.686149 -6.242966 -1.481666
1769100818.154735 14.687122 -6.253754 -1.478790
1769100818.254714 14.687899 -6.262148 -1.477627
1769100818.354759 14.688856 -6.272378 -1.473350
1769100818.454751 14.689843 -6.282504 -1.473515
1769100818.554731 14.690656 -6.290967 -1.472628
1769100818.654744 14.691693 -6.301622 -1.475352
1769100818.754730 14.692734 -6.312505 -1.476128
1769100818.854747 14.693562 -6.321173 -1.476813
1769100818.954797 14.694579 -6.331934 -1.474772
1769100819.054734 14.695603 -6.342642 -1.475838
1769100819.154750 14.696412 -6.351236 -1.476169
1769100819.254788 14.697408 -6.361819 -1.476196
1769100819.354741 14.698411 -6.372478 -1.472217
1769100819.454810 14.699218 -6.380889 -1.469815
1769100819.554740 14.700270 -6.391487 -1.468188
1769100819.654745 14.701328 -6.401932 -1.468694
1769100819.754758 14.702170 -6.410313 -1.471790
1769100819.854775 14.703181 -6.420769 -1.469833
1769100819.954824 14.704234 -6.431648 -1.472304
1769100820.054724 14.705048 -6.440212 -1.472237
1769100820.154747 14.706064 -6.450893 -1.471311
1769100820.254750 14.707089 -6.461496 -1.469197
1769100820.354753 14.707901 -6.469806 -1.466906
1769100820.454751 14.708941 -6.480127 -1.467150
1769100820.554792 14.710008 -6.490621 -1.468183
1769100820.654753 14.711068 -6.501073 -1.467097
1769100820.754774 14.711953 -6.509655 -1.467357
1769100820.854763 14.713072 -6.520430 -1.467482
1769100820.954759 14.714182 -6.531130 -1.466674
1769100821.054760 14.715046 -6.539488 -1.468105
1769100821.154760 14.716124 -6.550096 -1.468248
1769100821.254809 14.717212 -6.560849 -1.468086
1769100821.354765 14.718073 -6.569207 -1.467088
1769100821.454763 14.719190 -6.579854 -1.465678
1769100821.554791 14.720303 -6.590273 -1.462119
1769100821.654771 14.721190 -6.598320 -1.462974
1769100821.754775 14.722331 -6.608812 -1.463518
1769100821.854790 14.723455 -6.619257 -1.465405
1769100821.954822 14.724603 -6.630084 -1.465460
1769100822.054775 14.725500 -6.638616 -1.465376
1769100822.154785 14.706222 -6.689534 -1.472304
1769100822.254774 14.707272 -6.700188 -1.472168
1769100822.354787 14.708052 -6.708147 -1.473079
1769100822.454787 14.709085 -6.718758 -1.471129
1769100822.554787 14.710134 -6.729337 -1.470167
1769100822.654780 14.710982 -6.737804 -1.466591
1769100822.754788 14.712079 -6.748292 -1.468032
1769100822.854785 14.713174 -6.758894 -1.465836
1769100822.954788 14.714258 -6.769232 -1.469117
1769100823.054788 14.715111 -6.777670 -1.469575
1769100823.154832 14.716172 -6.788279 -1.471955
1769100823.254804 14.717238 -6.798987 -1.471461
1769100823.354798 14.718092 -6.807634 -1.468922
1769100823.454796 14.719175 -6.818261 -1.466672
1769100823.554814 14.720275 -6.828754 -1.464563
1769100823.654822 14.721157 -6.837011 -1.463236
1769100823.754884 14.722277 -6.847460 -1.458232
1769100823.854901 14.723455 -6.857873 -1.450447
1769100823.954861 14.724475 -6.866396 -1.439776
1769100824.054822 14.725875 -6.877127 -1.432133
1769100824.154806 14.727378 -6.887818 -1.423972
1769100824.254807 14.728923 -6.898205 -1.416202
1769100824.354801 14.730239 -6.906705 -1.410426
1769100824.454809 14.731970 -6.917294 -1.401638
1769100824.554810 14.733792 -6.927738 -1.391220
1769100824.654814 14.735290 -6.935988 -1.377452
1769100824.754822 14.737281 -6.946188 -1.367685
1769100824.854808 14.739392 -6.956448 -1.355682
1769100824.954807 14.741109 -6.964463 -1.345782
1769100825.054822 14.743437 -6.974721 -1.336815
1769100825.154813 14.745945 -6.985349 -1.327890
1769100825.254890 14.748528 -6.995799 -1.322235
1769100825.354821 14.750525 -7.003801 -1.313904
1769100825.454817 14.753233 -7.014263 -1.304394
1769100825.484035 14.753879 -7.016709 -1.300821
1769100825.484035 14.753879 -7.016709 -1.300821
1769100825.754833 14.761164 -7.042556 -1.267769
1769100825.854830 14.764281 -7.052717 -1.257781
1769100825.954862 14.767445 -7.062599 -1.248954
1769100826.054859 14.770032 -7.070550 -1.240397
1769100826.154825 14.773360 -7.080420 -1.234736
1769100826.254831 14.776846 -7.090523 -1.226090
1769100826.354871 14.779706 -7.098672 -1.217518
1769100826.454861 14.783427 -7.108912 -1.219247
1769100826.554839 14.787119 -7.119149 -1.222328
1769100826.654842 14.789988 -7.127227 -1.223861
1769100826.754836 14.793544 -7.137253 -1.222227
1769100826.854846 14.797058 -7.147057 -1.220488
1769100826.954839 14.799890 -7.154970 -1.213603
1769100827.054840 14.803497 -7.164821 -1.211213
1769100827.154864 14.807123 -7.174658 -1.211507
1769100827.254863 14.810735 -7.184503 -1.214394
1769100827.354874 14.813651 -7.192488 -1.219310
1769100827.454859 14.817319 -7.202685 -1.219258
1769100827.554852 14.820980 -7.212872 -1.219758
1769100827.654857 14.823901 -7.221035 -1.218840
1769100827.754870 14.797182 -7.261327 -1.226815
1769100827.854871 14.799978 -7.269326 -1.224835
1769100827.954889 14.803390 -7.279017 -1.223945
1769100828.054892 14.806907 -7.288953 -1.222958
1769100828.154864 14.810407 -7.298805 -1.222881
1769100828.254870 14.813226 -7.306786 -1.221115
1769100828.354859 14.816783 -7.316752 -1.222197
1769100828.454865 14.820346 -7.326804 -1.225020
1769100828.554860 14.823134 -7.334755 -1.230707
1769100828.654935 14.826615 -7.344787 -1.233801
1769100828.754888 14.830084 -7.354909 -1.231492
1769100828.854906 14.833579 -7.364996 -1.229408
1769100828.954888 14.836292 -7.372857 -1.222623
1769100829.054874 14.839708 -7.382442 -1.223067
1769100829.154874 14.843190 -7.392235 -1.222651
1769100829.254876 14.846765 -7.402294 -1.224399
1769100829.354875 14.849598 -7.410327 -1.226201
1769100829.454878 14.853185 -7.420474 -1.228851
1769100829.554891 14.856704 -7.430498 -1.228376
1769100829.654886 14.859579 -7.438744 -1.228449
1769100829.754885 14.863197 -7.449062 -1.229916
1769100829.854931 14.866699 -7.459087 -1.231401
1769100829.954898 14.869450 -7.467032 -1.230055
1769100830.054914 14.872916 -7.476981 -1.227187
1769100830.154944 14.876419 -7.486922 -1.225081
1769100830.254885 14.879254 -7.494950 -1.222988
1769100830.354908 14.882874 -7.505071 -1.226483
1769100830.454918 14.885739 -7.513241 -1.227619
1769100830.554897 14.889230 -7.523179 -1.233527
1769100830.654898 14.892675 -7.533154 -1.236151
1769100830.754897 14.896121 -7.543217 -1.236962
1769100830.854897 14.898817 -7.551098 -1.234122
1769100830.954961 14.902330 -7.561271 -1.230786
1769100831.054899 14.905729 -7.570996 -1.230205
1769100831.154928 14.909170 -7.580797 -1.230893
1769100831.254905 14.911879 -7.588565 -1.230127
1769100831.354929 14.915323 -7.598398 -1.233065
1769100831.454909 14.918791 -7.608377 -1.239440
1769100831.554907 14.922195 -7.618471 -1.247528
1769100831.654911 14.924842 -7.626567 -1.259381
1769100831.701626 14.926885 -7.632965 -1.265592
1769100831.854934 14.931175 -7.647064 -1.280913
1769100831.954960 14.933552 -7.655193 -1.290739
1769100832.054960 14.936351 -7.665067 -1.297179
1769100832.154922 14.939141 -7.675104 -1.305435
1769100832.254914 14.941370 -7.683369 -1.314203
1769100832.350013 14.943998 -7.693487 -1.323838
1769100832.454938 14.946563 -7.703783 -1.333918
1769100832.554921 14.948946 -7.713855 -1.347211
1769100832.654921 14.951274 -7.724323 -1.357911
1769100832.704408 14.952178 -7.728503 -1.362318
1769100832.854936 14.955158 -7.742972 -1.375690
1769100832.905014 14.956009 -7.747280 -1.379084
1769100833.054929 14.958796 -7.761927 -1.389668
1769100833.105715 14.959929 -7.768107 -1.395937
1769100833.254924 14.962417 -7.782651 -1.407646
1769100833.306223 14.953116 -7.776895 -1.412505
1769100833.454942 14.955321 -7.791280 -1.429376
1769100833.506960 14.956285 -7.798022 -1.436164
1769100833.654956 14.957986 -7.810960 -1.448962
1769100833.707643 14.958806 -7.817656 -1.452317
1769100833.854957 14.960536 -7.832406 -1.453127
1769100833.908196 14.961043 -7.836729 -1.453439
1769100834.054986 14.962683 -7.850705 -1.453684
1769100834.108823 14.963458 -7.857321 -1.452828
1769100834.254961 14.965147 -7.871696 -1.452323
1769100834.309587 14.965669 -7.876114 -1.452547
1769100834.454958 14.967328 -7.890265 -1.453200
1769100834.510122 14.968097 -7.896872 -1.452854
1769100834.654971 14.969753 -7.911238 -1.456826
1769100834.710818 14.970296 -7.916033 -1.459009
1769100834.854972 14.971881 -7.930397 -1.457889
1769100834.911449 14.972461 -7.935550 -1.456739
1769100835.054977 14.974062 -7.949560 -1.455252
1769100835.112121 14.974851 -7.956354 -1.454964
1769100835.250013 14.976461 -7.970193 -1.454099
1769100835.312846 14.977045 -7.975198 -1.455271
1769100835.454971 14.978654 -7.989223 -1.456550
1769100835.513461 14.979478 -7.996449 -1.456973
1769100835.654975 14.981108 -8.010847 -1.456318
1769100835.714038 14.981677 -8.015864 -1.457076
1769100835.850004 14.983244 -8.029743 -1.455908
1769100835.914780 14.983937 -8.035866 -1.456857
1769100836.050010 14.985374 -8.048561 -1.456356
1769100836.115415 14.986192 -8.055779 -1.455505
1769100836.250010 14.987740 -8.069222 -1.454478
1769100836.316193 14.988418 -8.075111 -1.454632
1769100836.455048 14.989940 -8.088348 -1.455792
1769100836.516821 14.990815 -8.095989 -1.457939
1769100836.650002 14.992295 -8.109344 -1.467393
1769100836.717594 14.992895 -8.115140 -1.472529
1769100836.850016 14.994173 -8.128491 -1.482598
1769100836.918292 14.994749 -8.135131 -1.486376
1769100837.054986 14.995926 -8.149555 -1.494372
1769100837.118788 14.996336 -8.154914 -1.501356
1769100837.254986 14.997196 -8.167757 -1.515958
1769100837.319526 14.997558 -8.174505 -1.523523
1769100837.450011 14.998185 -8.188895 -1.537783
1769100837.520378 14.998388 -8.195012 -1.543930
1769100837.650025 14.998721 -8.208368 -1.547881
1769100837.720786 14.998876 -8.215253 -1.548781
1769100837.850036 14.999133 -8.227540 -1.549345
1769100837.921527 14.999304 -8.235794 -1.549702
1769100838.050057 14.999566 -8.248584 -1.547132
1769100838.122070 14.999721 -8.255255 -1.546043
1769100838.250019 15.000004 -8.266980 -1.542301
1769100838.322828 15.000227 -8.275081 -1.542227
1769100838.450028 15.000572 -8.288022 -1.544956
1769100838.523479 15.000747 -8.295274 -1.548635
1769100838.650024 15.000983 -8.307075 -1.551907
1769100838.724319 15.001125 -8.315385 -1.553336
1769100838.850034 14.995010 -8.334999 -1.560025
1769100838.924818 14.990731 -8.344826 -1.563983
1769100839.050030 14.990830 -8.357246 -1.564390
1769100839.125452 14.990889 -8.365740 -1.562726
1769100839.250063 14.990999 -8.378426 -1.565324
1769100839.326073 14.991050 -8.384847 -1.566155
1769100839.450045 14.991136 -8.397573 -1.566739
1769100839.526801 14.991171 -8.404258 -1.564623
1769100839.650045 14.991272 -8.416855 -1.566074
1769100839.727365 14.991336 -8.425770 -1.568156
1769100839.850062 14.991401 -8.438591 -1.569543
1769100839.928015 14.991424 -8.445059 -1.567382
1769100840.050091 14.991483 -8.457554 -1.565640
1769100840.128712 14.991540 -8.465485 -1.563579
1769100840.250060 14.991652 -8.476705 -1.560946
1769100840.329386 14.991763 -8.485408 -1.561106
1769100840.450057 14.991902 -8.497775 -1.562263
1769100840.530091 14.991974 -8.504655 -1.565690
1769100840.650053 14.992052 -8.517203 -1.568976
1769100840.730718 14.992082 -8.525340 -1.570394
1769100840.850074 14.992100 -8.536565 -1.567377
1769100840.931453 14.992134 -8.545771 -1.567313
1769100841.050066 14.992180 -8.558000 -1.567048
1769100841.132123 14.992211 -8.564962 -1.567754
1769100841.250043 14.992259 -8.577056 -1.566895
1769100841.332831 14.992301 -8.584089 -1.568975
1769100841.450070 14.992346 -8.596282 -1.567878
1769100841.533511 14.992385 -8.604831 -1.567564
1769100841.650065 14.992439 -8.615535 -1.570116
1769100841.734206 14.992446 -8.625006 -1.569378
1769100841.850095 14.992455 -8.637081 -1.569844
1769100841.934980 14.992458 -8.645813 -1.569116
1769100842.050070 14.992472 -8.656120 -1.568326
1769100842.135843 14.992489 -8.665552 -1.563394
1769100842.250079 14.992571 -8.677132 -1.560622
1769100842.336360 14.992636 -8.684386 -1.560388
1769100842.450078 14.992749 -8.696062 -1.563788
1769100842.537043 14.992805 -8.704696 -1.563650
1769100842.650074 14.992872 -8.716871 -1.564963
1769100842.737747 14.992899 -8.724348 -1.564574
1769100842.850085 14.992952 -8.735934 -1.566085
1769100842.938210 14.992988 -8.745260 -1.567660
1769100843.050094 14.993006 -8.757376 -1.566766
1769100843.139151 14.993012 -8.765069 -1.566176
1769100843.250096 14.993037 -8.776443 -1.563579
1769100843.339647 14.993088 -8.785685 -1.562539
1769100843.450095 14.993132 -8.795331 -1.558591
1769100843.540338 14.993216 -8.805132 -1.560622
1769100843.650098 14.993283 -8.816496 -1.562932
1769100843.741140 14.993309 -8.824105 -1.566521
1769100843.850134 14.993312 -8.835614 -1.565761
1769100843.941649 14.993306 -8.845346 -1.564397
1769100844.050154 14.993321 -8.856987 -1.561833
1769100844.142365 14.993338 -8.864634 -1.560254
1769100844.250125 14.993398 -8.875854 -1.558296
1769100844.342950 14.993454 -8.885555 -1.557437
1769100844.450093 14.982886 -8.873807 -1.566962
1769100844.543636 14.972842 -8.864960 -1.571992
1769100844.650123 14.972757 -8.875996 -1.572914
1769100844.744334 14.972676 -8.883988 -1.571442
1769100844.850117 14.972606 -8.895041 -1.576119
1769100844.945069 14.972498 -8.905440 -1.578310
1769100845.050129 14.972350 -8.916815 -1.581505
1769100845.145679 14.972212 -8.925018 -1.579752
1769100845.250130 14.972051 -8.935854 -1.575978
1769100845.346450 14.971943 -8.946095 -1.573364
1769100845.450120 14.971858 -8.954922 -1.571613
1769100845.547021 14.971790 -8.965090 -1.571617
1769100845.650173 14.971689 -8.975966 -1.573105
1769100845.747795 14.971587 -8.984195 -1.576053
1769100845.850136 14.971429 -8.994806 -1.574195
1769100845.948377 14.971297 -9.005664 -1.575283
1769100846.050145 14.971160 -9.016431 -1.573395
1769100846.149015 14.971058 -9.024726 -1.575729
1769100846.250128 14.970933 -9.035272 -1.575913
1769100846.349775 14.970816 -9.045860 -1.577092
1769100846.450155 14.970695 -9.056034 -1.574860
1769100846.550146 14.970612 -9.064317 -1.576491
1769100846.650148 14.970509 -9.074772 -1.574401
1769100846.750143 14.970429 -9.085459 -1.576322
1769100846.850142 14.970339 -9.093841 -1.578023
1769100846.950135 14.970198 -9.104398 -1.581870
1769100847.050139 14.970024 -9.115132 -1.585582
1769100847.150155 14.969796 -9.126065 -1.583462
1769100847.250157 14.969643 -9.134496 -1.583464
1769100847.350129 14.969466 -9.144949 -1.578970
1769100847.450159 14.969337 -9.155508 -1.578921
1769100847.550168 14.969206 -9.163734 -1.577174
1769100847.650160 14.969074 -9.174143 -1.580993
1769100847.750160 14.968908 -9.184649 -1.582235
1769100847.850176 14.968722 -9.195256 -1.581720
1769100847.950189 14.968556 -9.204038 -1.579040
1769100848.050196 14.968393 -9.214926 -1.580502
1769100848.150177 14.968225 -9.225583 -1.582592
1769100848.250173 14.968054 -9.234137 -1.582481
1769100848.350161 14.967859 -9.244817 -1.581801
1769100848.450146 14.967674 -9.255449 -1.578885
1769100848.550163 14.967551 -9.263931 -1.578044
1769100848.650172 14.967422 -9.274465 -1.574979
1769100848.750170 14.967323 -9.285077 -1.577647
1769100848.850183 14.967192 -9.293657 -1.576811
1769100848.950161 14.967048 -9.304291 -1.581589
1769100849.050181 14.966846 -9.315048 -1.582171
1769100849.150174 14.966661 -9.323807 -1.582658
1769100849.250187 14.966453 -9.334738 -1.579012
1769100849.350174 14.966294 -9.345371 -1.578014
1769100849.450175 14.966177 -9.353908 -1.580919
1769100849.550182 14.966015 -9.364384 -1.579504
1769100849.650253 14.965863 -9.375069 -1.582170
1769100849.750220 14.965721 -9.383372 -1.582198
1769100849.850186 14.965549 -9.394107 -1.581285
1769100849.950223 14.965388 -9.404661 -1.579393
1769100850.050190 14.956390 -9.386824 -1.584088
1769100850.150164 14.946121 -9.367851 -1.587454
1769100850.250169 14.944669 -9.375106 -1.590602
1769100850.350200 14.944461 -9.383426 -1.587421
1769100850.450191 14.944230 -9.394232 -1.585670
1769100850.550179 14.944036 -9.404761 -1.582096
1769100850.650197 14.943908 -9.413194 -1.581436
1769100850.750174 14.943769 -9.423702 -1.583001
1769100850.850203 14.943607 -9.434308 -1.584518
1769100850.950196 14.943446 -9.443012 -1.585102
1769100851.050193 14.943246 -9.453873 -1.588631
1769100851.150223 14.943030 -9.464684 -1.590632
1769100851.250250 14.942821 -9.473360 -1.587138
1769100851.350213 14.942594 -9.484191 -1.588562
1769100851.450217 14.942352 -9.494612 -1.587283
1769100851.550214 14.942172 -9.503119 -1.589220
1769100851.650223 14.941940 -9.513695 -1.585695
1769100851.750206 14.941736 -9.524200 -1.585639
1769100851.850247 14.941565 -9.532754 -1.583378
1769100851.950232 14.941389 -9.543443 -1.586582
1769100852.050233 14.941185 -9.553972 -1.588459
1769100852.150235 14.940984 -9.562422 -1.590351
1769100852.250230 14.940725 -9.573349 -1.591533
1769100852.350224 14.940456 -9.584280 -1.591764
1769100852.450224 14.940253 -9.592628 -1.589546
1769100852.550226 14.940016 -9.603203 -1.584747
1769100852.650233 14.939827 -9.613810 -1.584927
1769100852.750214 14.939670 -9.622240 -1.585191
1769100852.850241 14.939490 -9.632750 -1.589260
1769100852.950245 14.939276 -9.643378 -1.588998
1769100853.050268 14.939097 -9.652086 -1.590145
1769100853.150238 14.938862 -9.662864 -1.588122
1769100853.250239 14.938647 -9.673447 -1.590719
1769100853.350250 14.938397 -9.684074 -1.593493
1769100853.450244 14.938160 -9.692721 -1.592011
1769100853.550241 14.937887 -9.703371 -1.590906
1769100853.650251 14.937670 -9.711892 -1.587207
1769100853.750236 14.937462 -9.722325 -1.586117
1769100853.850256 14.937269 -9.732503 -1.584880
1769100853.950285 14.937077 -9.742985 -1.588214
1769100854.050274 14.936851 -9.753436 -1.590344
1769100854.150248 14.936647 -9.762096 -1.594262
1769100854.250225 14.936369 -9.772792 -1.592980
1769100854.350306 14.936087 -9.783692 -1.590856
1769100854.450273 14.935872 -9.792395 -1.589671
1769100854.550268 14.935639 -9.803053 -1.590866
1769100854.650260 14.935404 -9.813604 -1.590611
1769100854.750314 14.935208 -9.822081 -1.590291
1769100854.850259 14.934973 -9.832585 -1.590333
1769100854.950231 14.934736 -9.843265 -1.588759
1769100855.050255 14.934555 -9.851848 -1.590517
1769100855.150263 14.934326 -9.862074 -1.590029
1769100855.250270 14.934080 -9.872909 -1.595333
1769100855.350271 14.933836 -9.881330 -1.595962
1769100855.450237 14.933527 -9.892237 -1.598778
1769100855.550270 14.933204 -9.902830 -1.596221
1769100855.650272 14.929455 -9.932459 -1.597438
1769100855.750262 14.923973 -9.972726 -1.596908
1769100855.850297 14.922061 -9.992331 -1.600132
1769100855.950303 14.921744 -10.002706 -1.602180
1769100856.050284 14.921459 -10.011285 -1.604834
1769100856.150254 14.921071 -10.022005 -1.603794
1769100856.250289 14.920684 -10.032754 -1.602869
1769100856.350253 14.920387 -10.041227 -1.602731
1769100856.450276 14.920011 -10.052076 -1.604173
1769100856.550281 14.919594 -10.062827 -1.612821
1769100856.650259 14.919176 -10.071366 -1.618665
1769100856.750339 14.918605 -10.081900 -1.625992
1769100856.850300 14.917926 -10.092434 -1.633375
1769100856.950290 14.917299 -10.100866 -1.638399
1769100857.050286 14.916481 -10.111448 -1.648598
1769100857.150266 14.915538 -10.121962 -1.659063
1769100857.250292 14.914668 -10.130584 -1.671190
1769100857.350291 14.913481 -10.141329 -1.685293
1769100857.450271 14.912155 -10.151927 -1.692962
1769100857.550296 14.911021 -10.160375 -1.690072
1769100857.650317 14.909665 -10.170977 -1.688846
1769100857.750304 14.908318 -10.181634 -1.687913
1769100857.850343 14.907266 -10.190036 -1.691060
1769100857.950329 14.905936 -10.200537 -1.691328
1769100858.050302 14.904579 -10.211115 -1.693876
1769100858.150322 14.903444 -10.219672 -1.693818
1769100858.250303 14.902053 -10.230298 -1.694577
1769100858.350363 14.900636 -10.241123 -1.695990
1769100858.450319 14.899463 -10.249882 -1.697831
1769100858.550313 14.898011 -10.260673 -1.699707
1769100858.650310 14.896850 -10.269072 -1.698508
1769100858.750314 14.895441 -10.279458 -1.696253
1769100858.850316 14.894044 -10.289897 -1.692384
1769100858.950313 14.892936 -10.298285 -1.689277
1769100859.050293 14.891588 -10.308897 -1.691181
1769100859.150295 14.890245 -10.319403 -1.693908
1769100859.250294 14.888899 -10.329669 -1.696583
1769100859.350324 14.887781 -10.338033 -1.700527
1769100859.450321 14.886357 -10.348517 -1.701323
1769100859.550324 14.884928 -10.358971 -1.699361
1769100859.650331 14.883510 -10.369536 -1.697446
1769100859.750355 14.882370 -10.378066 -1.696485
1769100859.850349 14.880969 -10.388652 -1.693772
1769100859.950330 14.879647 -10.398846 -1.693851
1769100860.050332 14.878568 -10.407055 -1.692773
1769100860.150345 14.877218 -10.417425 -1.692603
1769100860.250348 14.875833 -10.428101 -1.693606
1769100860.350333 14.874698 -10.436774 -1.698550
1769100860.450336 14.873246 -10.447672 -1.706728
1769100860.550340 14.871700 -10.458440 -1.717083
1769100860.650316 14.870384 -10.466914 -1.723745
1769100860.750341 14.868712 -10.477334 -1.731959
1769100860.850424 14.867012 -10.487359 -1.735777
1769100860.950354 14.865556 -10.495749 -1.745127
1769100861.050405 14.863655 -10.506299 -1.756452
1769100861.150347 14.861621 -10.516836 -1.766945
1769100861.250346 14.857379 -10.522669 -1.780379
1769100861.350348 14.850222 -10.528220 -1.791817
1769100861.450347 14.845446 -10.536245 -1.801226
1769100861.550339 14.843448 -10.544664 -1.811182
1769100861.599683 14.841911 -10.550970 -1.816553
1769100861.750380 14.838244 -10.565447 -1.828273
1769100861.800719 14.837178 -10.569511 -1.830748
1769100861.950372 14.833336 -10.583789 -1.846201
1769100862.000932 14.832209 -10.587830 -1.850389
1769100862.150414 14.828054 -10.602211 -1.868973
1769100862.201645 14.826152 -10.608489 -1.875677
1769100862.350357 14.821543 -10.622983 -1.891417
1769100862.402239 14.820087 -10.627356 -1.894583
1769100862.550376 14.815262 -10.641522 -1.908907
1769100862.603039 14.813766 -10.645814 -1.914963
1769100862.750365 14.808887 -10.659346 -1.927068
1769100862.803732 14.806588 -10.665530 -1.930281
1769100862.950409 14.801433 -10.679068 -1.939433
1769100863.004264 14.799728 -10.683452 -1.944019
1769100863.150363 14.794253 -10.697212 -1.961094
1769100863.204779 14.792519 -10.701427 -1.965844
1769100863.350390 14.786781 -10.715002 -1.983814
1769100863.405473 14.784739 -10.719657 -1.989609
1769100863.550377 14.778799 -10.732813 -2.003240
1769100863.606199 14.775882 -10.739061 -2.005697
1769100863.750381 14.769761 -10.752033 -2.014518
1769100863.806705 14.767729 -10.756295 -2.018667
1769100863.950406 14.761466 -10.769202 -2.029168
1769100864.007368 14.759305 -10.773591 -2.033253
1769100864.150391 14.752079 -10.788041 -2.038703
1769100864.208148 14.749830 -10.792508 -2.041243
1769100864.350396 14.743306 -10.805313 -2.040043
1769100864.408614 14.740996 -10.809863 -2.040191
1769100864.550398 14.734698 -10.822300 -2.041709
1769100864.609377 14.731471 -10.828654 -2.041760
1769100864.750396 14.725210 -10.840958 -2.042692
1769100864.810011 14.722752 -10.845778 -2.041598
1769100864.950415 14.716697 -10.857680 -2.037507
1769100865.010680 14.713411 -10.864194 -2.036644
1769100865.150396 14.707031 -10.876899 -2.037312
1769100865.211393 14.704760 -10.881411 -2.039708
1769100865.350388 14.698449 -10.893859 -2.046852
1769100865.412104 14.695750 -10.899089 -2.047156
1769100865.550405 14.689582 -10.911058 -2.049462
1769100865.612714 14.686284 -10.917413 -2.046657
1769100865.750413 14.679969 -10.929747 -2.043418
1769100865.813337 14.677317 -10.934977 -2.043098
1769100865.950442 14.671430 -10.946622 -2.047498
1769100866.014038 14.668044 -10.953235 -2.047589
1769100866.150424 14.661829 -10.965384 -2.049845
1769100866.214684 14.659264 -10.970365 -2.048416
1769100866.350420 14.652892 -10.982748 -2.048695
1769100866.415317 14.650036 -10.988293 -2.049928
1769100866.550442 14.644119 -10.999720 -2.051823
1769100866.615899 14.640544 -11.006603 -2.053801
1769100866.750425 14.634279 -11.018615 -2.053916
1769100866.816581 14.631694 -11.023575 -2.053524
1769100866.950428 14.625619 -11.008576 -2.050170
1769100867.017321 14.622709 -11.000925 -2.050569
1769100867.150432 14.615944 -11.014070 -2.050183
1769100867.217989 14.613271 -11.019301 -2.054081
1769100867.350439 14.607115 -11.031137 -2.054844
1769100867.418762 14.604024 -11.037084 -2.052557
1769100867.550438 14.598171 -11.048446 -2.042414
1769100867.619212 14.594478 -11.055754 -2.034398
1769100867.750434 14.588618 -11.067725 -2.022322
1769100867.819921 14.586118 -11.072982 -2.017092
1769100867.950443 14.580704 -11.084568 -2.005410
1769100868.020565 14.577898 -11.090728 -1.998505
1769100868.150458 14.572949 -11.101813 -1.984062
1769100868.221203 14.569627 -11.109471 -1.975219
1769100868.350490 14.564446 -11.121845 -1.964431
1769100868.421949 14.562147 -11.127479 -1.959925
1769100868.550453 14.557211 -11.139751 -1.952322
1769100868.622665 14.554568 -11.146437 -1.946120
1769100868.750433 14.550115 -11.157923 -1.935162
1769100868.824126 14.547092 -11.165949 -1.931648
1769100868.950448 14.542604 -11.178079 -1.928332
1769100869.025789 14.540425 -11.184035 -1.925943
1769100869.150462 14.536202 -11.195675 -1.925999
1769100869.224655 14.533689 -11.202610 -1.926425
1769100869.350461 14.529636 -11.213765 -1.926263
1769100869.425411 14.526657 -11.221920 -1.925630
1769100869.550472 14.522242 -11.234039 -1.924795
1769100869.626018 14.520040 -11.240088 -1.925281
1769100869.750481 14.515687 -11.252008 -1.928585
1769100869.826693 14.513052 -11.259139 -1.928191
1769100869.950474 14.509110 -11.269829 -1.926661
1769100870.027328 14.506165 -11.277846 -1.924750
1769100870.150474 14.502021 -11.289245 -1.921566
1769100870.227924 14.499382 -11.296591 -1.920430
1769100870.350535 14.495548 -11.307306 -1.919824
1769100870.428654 14.492601 -11.315531 -1.921974
1769100870.550487 14.488285 -11.327480 -1.925656
1769100870.629313 14.485950 -11.333885 -1.926379
1769100870.750462 14.481523 -11.345933 -1.926851
1769100870.829974 14.478678 -11.353648 -1.925505
1769100870.950485 14.474826 -11.364145 -1.922877
1769100871.030555 14.471827 -11.372399 -1.922454
1769100871.150482 14.467678 -11.383857 -1.920453
1769100871.231246 14.465379 -11.390255 -1.919914
1769100871.350507 14.461198 -11.401904 -1.919428
1769100871.431835 14.458368 -11.409824 -1.918809
1769100871.550490 14.454671 -11.420200 -1.919087
1769100871.632529 14.451569 -11.428876 -1.919637
1769100871.750507 14.447437 -11.440386 -1.921607
1769100871.833493 14.444987 -11.447174 -1.923130
1769100871.950518 14.440801 -11.458703 -1.924257
1769100872.033833 14.438350 -11.465465 -1.922512
1769100872.150560 14.434253 -11.476799 -1.918342
1769100872.234519 14.431227 -11.485273 -1.916982
1769100872.350507 14.427336 -11.496263 -1.917021
1769100872.435025 14.424918 -11.503113 -1.919781
1769100872.550481 14.403702 -11.508767 -1.920775
1769100872.635737 14.388012 -11.512883 -1.920988
1769100872.750493 14.384505 -11.522711 -1.924342
1769100872.836265 14.381298 -11.531582 -1.925072
1769100872.950517 14.377401 -11.542353 -1.924777
1769100873.037043 14.374353 -11.550756 -1.923602
1769100873.150514 14.370489 -11.561449 -1.921800
1769100873.237557 14.367529 -11.569700 -1.920008
1769100873.350524 14.364153 -11.579217 -1.916664
1769100873.438241 14.361014 -11.588114 -1.916510
1769100873.550516 14.357126 -11.599144 -1.916005
1769100873.638863 14.354732 -11.606008 -1.918784
1769100873.750532 14.350783 -11.617158 -1.922538
1769100873.839613 14.347582 -11.626089 -1.924899
1769100873.950547 14.343692 -11.636846 -1.924720
1769100874.040167 14.341152 -11.643938 -1.923903
1769100874.150522 14.337230 -11.654842 -1.923769
1769100874.240855 14.334107 -11.663516 -1.928262
1769100874.350541 14.330834 -11.672478 -1.936562
1769100874.441553 14.327308 -11.681864 -1.949110
1769100874.550529 14.323097 -11.692632 -1.960047
1769100874.642245 14.320130 -11.700026 -1.969433
1769100874.750560 14.315664 -11.710781 -1.981997
1769100874.843002 14.311801 -11.719763 -1.991093
1769100874.950545 14.307919 -11.728570 -2.001901
1769100875.043594 14.303742 -11.737766 -2.012942
1769100875.150522 14.298995 -11.747924 -2.021442
1769100875.244201 14.295633 -11.754997 -2.026244
1769100875.350547 14.290897 -11.764838 -2.035077
1769100875.444846 14.286490 -11.773804 -2.041749
1769100875.550540 14.282353 -11.782074 -2.051203
1769100875.645545 14.277717 -11.791115 -2.066136
1769100875.750559 14.272418 -11.801029 -2.078671
1769100875.846225 14.268430 -11.808299 -2.089427
1769100875.950561 14.262923 -11.818031 -2.095245
1769100876.046946 14.257897 -11.826824 -2.098905
1769100876.150588 14.253424 -11.834615 -2.095681
1769100876.247420 14.248303 -11.843604 -2.097372
1769100876.350563 14.242907 -11.852996 -2.095191
1769100876.448211 14.238780 -11.860204 -2.096872
1769100876.550540 14.233321 -11.869651 -2.095592
1769100876.648779 14.228041 -11.878818 -2.095746
1769100876.750574 14.223585 -11.886584 -2.097022
1769100876.849393 14.218268 -11.895782 -2.098262
1769100876.950561 14.212842 -11.905141 -2.099522
1769100877.050182 14.207810 -11.913811 -2.100035
1769100877.150581 14.203674 -11.920937 -2.098422
1769100877.250572 14.198407 -11.930006 -2.093902
1769100877.350601 14.193260 -11.938951 -2.089168
1769100877.450560 14.189010 -11.946423 -2.089300
1769100877.550561 14.183797 -11.955609 -2.090739
1769100877.650663 14.178584 -11.964708 -2.089865
1769100877.750584 14.173365 -11.973830 -2.093504
1769100877.850642 14.169031 -11.981332 -2.093306
1769100877.950589 14.163758 -11.990516 -2.094109
1769100878.050606 14.158411 -11.999833 -2.090488
1769100878.150593 14.154376 -12.007685 -2.096084
1769100878.250574 14.148150 -12.016171 -2.101881
1769100878.350574 14.143023 -12.024754 -2.103849
1769100878.450591 14.137663 -12.033853 -2.103778
1769100878.550605 14.133376 -12.041096 -2.101724
1769100878.650597 14.127853 -12.050477 -2.100800
1769100878.750616 14.123389 -12.058053 -2.102607
1769100878.850628 14.117817 -12.067523 -2.107470
1769100878.950603 14.112256 -12.076834 -2.106489
1769100879.050591 14.106942 -12.085743 -2.107891
1769100879.150604 14.102568 -12.093046 -2.105184
1769100879.250638 14.097202 -12.102098 -2.104286
1769100879.350626 14.091920 -12.111030 -2.101054
1769100879.450615 14.087745 -12.118121 -2.099875
1769100879.550682 14.082334 -12.127322 -2.098915
1769100879.650608 14.076933 -12.136524 -2.101877
1769100879.750627 14.072566 -12.143911 -2.103633
1769100879.850638 14.067178 -12.153003 -2.103383
1769100879.950615 14.061686 -12.162277 -2.102811
1769100880.050637 14.057200 -12.169865 -2.103738
1769100880.150646 14.051830 -12.178955 -2.104510
1769100880.250671 14.046558 -12.187821 -2.100400
1769100880.350606 14.041341 -12.196677 -2.100764
1769100880.450686 14.037180 -12.203721 -2.103251
1769100880.550586 14.031883 -12.212686 -2.111956
1769100880.650589 14.026329 -12.221883 -2.119320
1769100880.750615 14.020610 -12.231154 -2.131341
1769100880.850635 14.015894 -12.238614 -2.144634
1769100880.950683 14.009968 -12.247676 -2.155177
1769100881.050595 14.005196 -12.254793 -2.163257
1769100881.150597 13.999235 -12.263562 -2.171928
1769100881.250582 13.993189 -12.272289 -2.178691
1769100881.350590 13.988258 -12.279289 -2.185833
1769100881.450583 13.982213 -12.287754 -2.193973
1769100881.550584 13.976097 -12.296184 -2.204630
1769100881.650603 13.969754 -12.304662 -2.213596
1769100881.750641 13.964615 -12.311441 -2.226297
1769100881.850674 13.957951 -12.320035 -2.236865
1769100881.950601 13.952496 -12.326883 -2.246150
1769100882.050725 13.945604 -12.335366 -2.253181
1769100882.150608 13.938783 -12.343610 -2.258923
1769100882.250614 13.933356 -12.350100 -2.265821
1769100882.350600 13.926657 -12.358022 -2.272237
1769100882.450622 13.919776 -12.366040 -2.283741
1769100882.550645 13.914107 -12.372474 -2.294802
1769100882.650609 13.906834 -12.380580 -2.306162
1769100882.750625 13.899398 -12.388669 -2.317747
1769100882.850617 13.893417 -12.394995 -2.326573
1769100882.950600 13.886006 -12.402746 -2.338850
1769100883.050606 13.878865 -12.410005 -2.346143
1769100883.150617 13.871535 -12.417359 -2.355151
1769100883.250661 13.865441 -12.423364 -2.364533
1769100883.350680 13.858027 -12.430544 -2.370631
1769100883.450643 13.850328 -12.437905 -2.379565
1769100883.550635 13.844126 -12.443736 -2.389949
1769100883.650679 13.836272 -12.450977 -2.403208
1769100883.750643 13.812600 -12.454280 -2.419544
1769100883.850688 13.785744 -12.454703 -2.437784
1769100883.950664 13.772977 -12.460407 -2.447191
1769100884.050676 13.765074 -12.466840 -2.452819
1769100884.150666 13.756875 -12.473458 -2.459284
1769100884.250658 13.750210 -12.478755 -2.463997
1769100884.350654 13.742092 -12.485174 -2.474261
1769100884.450673 13.733633 -12.491688 -2.484356
1769100884.550661 13.726742 -12.496858 -2.492604
1769100884.650653 13.718170 -12.503211 -2.503452
1769100884.750686 13.709597 -12.509422 -2.515321
1769100884.850685 13.702405 -12.514497 -2.524964
1769100884.950699 13.693717 -12.520498 -2.534305
1769100885.050687 13.685002 -12.526425 -2.544128
1769100885.150760 13.676327 -12.532156 -2.550820
1769100885.250675 13.669285 -12.536741 -2.557501
1769100885.350666 13.660477 -12.542444 -2.566164
1769100885.450667 13.651407 -12.548161 -2.573693
1769100885.550674 13.643903 -12.552817 -2.585534
1769100885.650687 13.634563 -12.558506 -2.598793
1769100885.750689 13.625178 -12.564011 -2.610853
1769100885.850720 13.617701 -12.568247 -2.620477
1769100885.950685 13.608476 -12.573402 -2.629553
1769100886.050706 13.599139 -12.578492 -2.637199
1769100886.150671 13.591985 -12.582332 -2.645975
1769100886.250685 13.582643 -12.587261 -2.652873
1769100886.350678 13.573363 -12.592097 -2.662661
1769100886.450695 13.563817 -12.596937 -2.674301
1769100886.550692 13.556224 -12.600707 -2.685867
1769100886.650697 13.546459 -12.605398 -2.698928
1769100886.750669 13.536519 -12.609982 -2.709018
1769100886.850690 13.528506 -12.613589 -2.717560
1769100886.950691 13.518607 -12.617942 -2.724499
1769100887.050698 13.510864 -12.621300 -2.733249
1769100887.150699 13.501463 -12.625275 -2.739745
1769100887.250721 13.491785 -12.629311 -2.751153
1769100887.350702 13.481885 -12.633314 -2.765051
1769100887.450703 13.473811 -12.636457 -2.777086
1769100887.550698 13.463613 -12.640272 -2.787513
1769100887.650682 13.453295 -12.644012 -2.798401
1769100887.750720 13.445157 -12.646892 -2.808763
1769100887.850734 13.434977 -12.650323 -2.818404
1769100887.950762 13.426811 -12.653023 -2.829012
1769100888.050753 13.416777 -12.656204 -2.836866
1769100888.150694 13.406688 -12.659315 -2.844898
1769100888.250716 13.398558 -12.661809 -2.856669
1769100888.350711 13.388285 -12.664786 -2.863125
1769100888.450711 13.377851 -12.667719 -2.873837
1769100888.550714 13.369374 -12.670023 -2.886796
1769100888.650713 13.358868 -12.672672 -2.897011
1769100888.750715 13.348603 -12.675151 -2.906903
1769100888.850745 13.340349 -12.677086 -2.914873
1769100888.950728 13.330149 -12.679397 -2.921029
1769100889.050722 13.319679 -12.681720 -2.928677
1769100889.150721 13.311338 -12.683518 -2.937224
1769100889.250723 13.300954 -12.685622 -2.946241
1769100889.350724 13.296544 -12.687622 -2.960643
1769100889.450724 13.298045 -12.688983 -2.977308
1769100889.550722 13.291465 -12.690520 -2.987329
1769100889.650747 13.280671 -12.692123 -2.999010
1769100889.750754 13.271895 -12.693361 -3.010137
1769100889.850776 13.261164 -12.694690 -3.015749
1769100889.950749 13.250681 -12.695942 -3.023796
1769100890.050761 13.242322 -12.696910 -3.032946
1769100890.150738 13.231995 -12.697986 -3.041368
1769100890.250736 13.221299 -12.698972 -3.051825
1769100890.350744 13.212600 -12.699718 -3.063427
1769100890.450746 13.201677 -12.700472 -3.073151
1769100890.550758 13.192910 -12.701000 -3.084010
1769100890.650751 13.182068 -12.701558 -3.096721
1769100890.750755 13.171713 -12.701941 -3.104929
1769100890.850746 13.161375 -12.702228 -3.112352
1769100890.950754 13.153001 -12.702396 -3.119361
1769100891.050752 13.142335 -12.702577 -3.127199
1769100891.150751 13.131844 -12.702698 -3.137336
1769100891.250768 13.123360 -12.702677 3.139308
1769100891.350763 13.112637 -12.702605 3.128999
1769100891.450757 13.101756 -12.702438 3.112517
1769100891.550767 13.093116 -12.702132 3.101234
1769100891.650758 13.082311 -12.701568 3.091698
1769100891.750781 13.071563 -12.700914 3.083961
1769100891.850794 13.063036 -12.700401 3.076154
1769100891.950761 13.052596 -12.699646 3.070623
1769100892.050788 13.041950 -12.698832 3.060781
1769100892.150774 13.033400 -12.698102 3.050756
1769100892.250770 13.022704 -12.697049 3.040238
1769100892.300231 13.018443 -12.696613 3.034281
1769100892.450766 13.003838 -12.694896 3.019490
1769100892.500910 12.997598 -12.694071 3.015887
1769100892.650769 12.982508 -12.692008 2.999558
1769100892.701582 12.978107 -12.691399 2.991872
1769100892.850789 12.963557 -12.689117 2.978092
1769100892.902199 12.959285 -12.688368 2.975875
1769100893.050780 12.945096 -12.685881 2.973061
1769100893.102857 12.938642 -12.684756 2.973959
1769100893.250782 12.924575 -12.682349 2.973955
1769100893.303572 12.919998 -12.681548 2.973431
1769100893.450781 12.905298 -12.678994 2.967904
1769100893.504224 12.898628 -12.677826 2.964936
1769100893.650895 12.884036 -12.675151 2.962294
1769100893.704917 12.879602 -12.674296 2.964338
1769100893.850814 12.865273 -12.671655 2.968117
1769100893.905557 12.860397 -12.670829 2.966007
1769100894.050809 12.846173 -12.668345 2.961430
1769100894.106297 12.839533 -12.667132 2.961511
1769100894.250791 12.825516 -12.664576 2.958908
1769100894.306918 12.820694 -12.663755 2.954069
1769100894.450804 12.807071 -12.661187 2.952592
1769100894.507635 12.800121 -12.659873 2.950941
1769100894.650799 12.786258 -12.657225 2.946785
1769100894.708239 12.781025 -12.656241 2.944084
1769100894.850802 12.765409 -12.653168 2.944197
1769100894.909143 12.760619 -12.652219 2.945356
1769100895.050804 12.736729 -12.642394 2.939402
1769100895.109694 12.727154 -12.637973 2.935382
1769100895.250903 12.713194 -12.635130 2.935653
1769100895.310248 12.707691 -12.634006 2.934787
1769100895.450821 12.694359 -12.631279 2.930707
1769100895.510949 12.687520 -12.629819 2.929164
1769100895.650842 12.673626 -12.626880 2.926352
1769100895.711623 12.668081 -12.625678 2.927643
1769100895.850813 12.654616 -12.622817 2.929264
1769100895.912296 12.649004 -12.621620 2.930314
1769100896.050830 12.635948 -12.618881 2.929548
1769100896.112969 12.628788 -12.617343 2.930854
1769100896.250818 12.615769 -12.614605 2.930116
1769100896.313588 12.610125 -12.613399 2.930894
1769100896.450889 12.597060 -12.610679 2.927622
1769100896.514217 12.589349 -12.609037 2.925528
1769100896.650827 12.575567 -12.606043 2.920417
1769100896.714960 12.569820 -12.604746 2.918765
1769100896.850845 12.557010 -12.601854 2.918281
1769100896.915618 12.549676 -12.600237 2.917312
1769100897.050836 12.536502 -12.597351 2.919511
1769100897.116245 12.531034 -12.596126 2.921737
1769100897.250836 12.517679 -12.593181 2.923566
1769100897.316812 12.512060 -12.591994 2.920413
1769100897.450840 12.498853 -12.589047 2.918933
1769100897.517491 12.492546 -12.587640 2.916607
1769100897.650859 12.480046 -12.584807 2.917133
1769100897.718171 12.472104 -12.583047 2.914229
1769100897.850887 12.458724 -12.579996 2.912870
1769100897.918719 12.453047 -12.578697 2.912898
1769100898.050854 12.440183 -12.575720 2.914164
1769100898.119467 12.433788 -12.574255 2.914422
1769100898.250853 12.421835 -12.571499 2.916194
1769100898.320075 12.414012 -12.569747 2.915412
1769100898.450863 12.400844 -12.566780 2.912242
1769100898.520790 12.394876 -12.565434 2.909519
1769100898.650866 12.381706 -12.562403 2.901744
1769100898.721395 12.374859 -12.560753 2.900511
1769100898.850878 12.362925 -12.557811 2.900471
1769100898.921987 12.355007 -12.555883 2.902217
1769100899.050871 12.342190 -12.552806 2.903572
1769100899.122624 12.336227 -12.551405 2.903538
1769100899.250894 12.323483 -12.548395 2.903146
1769100899.323368 12.316677 -12.546769 2.902738
1769100899.450872 12.304943 -12.543984 2.900155
1769100899.523991 12.296735 -12.542031 2.898884
1769100899.650961 12.284203 -12.539034 2.896766
1769100899.724671 12.277858 -12.537521 2.894507
1769100899.850889 12.265019 -12.534340 2.892852
1769100899.925415 12.257799 -12.532546 2.892364
1769100900.050906 12.246504 -12.529718 2.898438
1769100900.125945 12.238299 -12.527703 2.906312
1769100900.250903 12.225954 -12.524913 2.920229
1769100900.326592 12.219675 -12.523496 2.930802
1769100900.450883 12.207156 -12.520934 2.941246
1769100900.527206 12.199611 -12.519462 2.945897
1769100900.650885 12.211320 -12.504566 2.947213
1769100900.727956 12.220051 -12.495209 2.950108
1769100900.850898 12.207715 -12.492853 2.962966
1769100900.928707 12.199874 -12.491477 2.970539
1769100901.050913 12.188842 -12.489588 2.983372
1769100901.129315 12.180427 -12.488304 2.988253
1769100901.250914 12.168261 -12.486473 3.002057
1769100901.329940 12.160482 -12.485410 3.011753
1769100901.450919 12.149358 -12.484026 3.025325
1769100901.530627 12.140468 -12.483034 3.034835
1769100901.650938 12.128133 -12.481807 3.045555
1769100901.731235 12.121208 -12.481172 3.049864
1769100901.850919 12.108710 -12.480068 3.058655
1769100901.931940 12.101736 -12.479525 3.062244
1769100902.050906 12.089223 -12.478587 3.073024
1769100902.132575 12.080794 -12.478017 3.084011
1769100902.250906 12.069966 -12.477420 3.097216
1769100902.333130 12.061058 -12.477088 3.103494
1769100902.450938 12.049075 -12.476721 3.108336
1769100902.533834 12.040551 -12.476497 3.106730
1769100902.650931 12.029775 -12.476193 3.106226
1769100902.734584 12.021055 -12.475938 3.105150
1769100902.850918 12.010316 -12.475590 3.105116
1769100902.935242 12.000839 -12.475295 3.102116
1769100903.050937 11.988849 -12.474842 3.100197
1769100903.135899 11.981503 -12.474562 3.097552
1769100903.250956 11.969943 -12.474036 3.100832
1769100903.336587 11.960658 -12.473665 3.102797
1769100903.450930 11.948761 -12.473244 3.105836
1769100903.537187 11.941573 -12.472990 3.107722
1769100903.650933 11.930045 -12.472654 3.106589
1769100903.737767 11.921277 -12.472387 3.104731
1769100903.850952 11.909234 -12.471997 3.100753
1769100903.938482 11.901853 -12.471722 3.099342
1769100904.050979 11.889928 -12.471269 3.095735
1769100904.139135 11.880747 -12.470883 3.094613
1769100904.250963 11.868922 -12.470357 3.095043
1769100904.339772 11.861647 -12.470052 3.095572
1769100904.450961 11.850092 -12.469570 3.095759
1769100904.540472 11.840777 -12.469203 3.095129
1769100904.650959 11.830676 -12.468877 3.091032
1769100904.741071 11.821081 -12.468499 3.091256
1769100904.850987 11.809694 -12.468046 3.089435
1769100904.941810 11.800656 -12.467702 3.084908
1769100905.050977 11.788895 -12.467161 3.081262
1769100905.142468 11.780889 -12.466807 3.076856
1769100905.250971 11.769268 -12.466147 3.080059
1769100905.343167 11.759445 -12.465649 3.081074
1769100905.450976 11.749983 -12.465174 3.086232
1769100905.543754 11.740049 -12.464740 3.086505
1769100905.650974 11.731161 -12.464377 3.087314
1769100905.744435 11.721155 -12.463941 3.086273
1769100905.851014 11.709802 -12.463438 3.084193
1769100905.945033 11.699803 -12.462975 3.083503
1769100906.050990 11.690358 -12.462549 3.081376
1769100906.145778 11.680052 -12.462012 3.079841
1769100906.250991 11.674156 -12.450933 3.077265
1769100906.346403 11.670738 -12.440979 3.077313
1769100906.451046 11.659702 -12.440373 3.078085
1769100906.547132 11.649444 -12.439793 3.083874
1769100906.650977 11.640399 -12.439384 3.083849
1769100906.747823 11.630145 -12.438900 3.084820
1769100906.850999 11.621199 -12.438531 3.080543
1769100906.948615 11.610789 -12.438011 3.079608
1769100907.050995 11.599781 -12.437433 3.076385
1769100907.149389 11.591171 -12.436987 3.073533
1769100907.251016 11.580027 -12.436337 3.073607
1769100907.350106 11.569230 -12.435706 3.074197
1769100907.451015 11.560703 -12.435225 3.077248
1769100907.550637 11.550566 -12.434698 3.078183
1769100907.651013 11.540191 -12.434147 3.080106
1769100907.751010 11.529594 -12.433641 3.078913
1769100907.851027 11.521077 -12.433184 3.083300
1769100907.951048 11.510667 -12.432699 3.080032
1769100908.051011 11.499887 -12.432140 3.078606
1769100908.151026 11.491514 -12.431755 3.072201
1769100908.251030 11.481143 -12.431115 3.072552
1769100908.351014 11.470529 -12.430457 3.069877
1769100908.451020 11.459979 -12.429798 3.069767
1769100908.551017 11.449676 -12.429160 3.073972
1769100908.651023 11.441091 -12.428689 3.075669
1769100908.751029 11.430569 -12.428109 3.076850
1769100908.851020 11.420103 -12.427560 3.074142
1769100908.951016 11.411519 -12.427110 3.072284
1769100909.051008 11.400705 -12.426482 3.070314
1769100909.151012 11.389769 -12.425791 3.071303
1769100909.251036 11.380943 -12.425299 3.066176
1769100909.351034 11.370162 -12.424596 3.067647
1769100909.451035 11.361561 -12.424118 3.064625
1769100909.551035 11.351020 -12.423423 3.067753
1769100909.651028 11.340480 -12.422766 3.069010
1769100909.751065 11.330003 -12.422161 3.069481
1769100909.851065 11.321489 -12.421689 3.071982
1769100909.951066 11.310836 -12.421072 3.074183
1769100910.051055 11.300181 -12.420453 3.074403
1769100910.151040 11.291693 -12.420026 3.068361
1769100910.251046 11.280826 -12.419348 3.064887
1769100910.351047 11.272153 -12.418790 3.063557
1769100910.451105 11.261267 -12.418015 3.065474
1769100910.551055 11.250515 -12.417295 3.065985
1769100910.651035 11.240409 -12.416633 3.068770
1769100910.751029 11.230397 -12.416030 3.069137
1769100910.851033 11.222253 -12.415517 3.073252
1769100910.951048 11.211803 -12.414898 3.069877
1769100911.051054 11.201013 -12.414220 3.069377
1769100911.151036 11.190412 -12.413545 3.068546
1769100911.251073 11.182184 -12.413034 3.066558
1769100911.351070 11.171692 -12.412300 3.067702
1769100911.451070 11.161276 -12.411588 3.065141
1769100911.551110 11.150764 -12.410831 3.066786
1769100911.651085 11.142188 -12.410238 3.068886
1769100911.751073 11.131798 -12.409522 3.073140
1769100911.851062 11.125932 -12.396180 3.067582
1769100911.951086 11.120479 -12.379669 3.059234
1769100912.051085 11.112835 -12.376746 3.055060
1769100912.151077 11.102205 -12.375893 3.054452
1769100912.251076 11.091379 -12.375010 3.050073
1769100912.351071 11.082696 -12.374248 3.051331
1769100912.451075 11.071805 -12.373290 3.050704
1769100912.551071 11.060977 -12.372322 3.052291
1769100912.651095 11.052626 -12.371583 3.055212
1769100912.751081 11.042231 -12.370702 3.056252
1769100912.851099 11.031846 -12.369833 3.058548
1769100912.951094 11.023539 -12.369165 3.057747
1769100913.051080 11.013056 -12.368309 3.058419
1769100913.151078 11.002264 -12.367435 3.057107
1769100913.251068 10.993674 -12.366704 3.058052
1769100913.351090 10.983044 -12.365819 3.054346
1769100913.451088 10.972238 -12.364855 3.052903
1769100913.551097 10.963591 -12.364080 3.050765
1769100913.651085 10.953007 -12.363101 3.054046
1769100913.751122 10.942322 -12.362166 3.057983
1769100913.851086 10.933923 -12.361455 3.065148
1769100913.951105 10.923618 -12.360653 3.076140
1769100914.051090 10.913204 -12.359984 3.085751
1769100914.151100 10.904676 -12.359491 3.095219
1769100914.251098 10.893793 -12.358984 3.103314
1769100914.351096 10.882864 -12.358603 3.108758
1769100914.451113 10.874207 -12.358346 3.116398
1769100914.551121 10.863425 -12.358093 3.124281
1769100914.651111 10.852788 -12.357939 3.129542
1769100914.751112 10.844312 -12.357854 3.133669
1769100914.851111 10.833478 -12.357787 3.135538
1769100914.951110 10.822697 -12.357746 3.138555
1769100915.051093 10.814224 -12.357747 3.137465
1769100915.151116 10.803848 -12.357744 3.136204
1769100915.251129 10.793767 -12.357716 3.135032
1769100915.351134 10.783409 -12.357673 3.134547
1769100915.451166 10.775003 -12.357622 3.133875
1769100915.551129 10.764309 -12.357564 3.130148
1769100915.651102 10.753186 -12.357451 3.131797
1769100915.751132 10.742398 -12.357370 3.130933
1769100915.851138 10.733993 -12.357281 3.135099
1769100915.951128 10.723591 -12.357218 3.136793
1769100916.051124 10.715226 -12.357198 3.136412
1769100916.151120 10.704530 -12.357172 3.136647
1769100916.251136 10.693743 -12.357140 3.138490
1769100916.351128 10.683180 -12.357112 3.136764
1769100916.451191 10.674850 -12.357068 3.134554
1769100916.551132 10.664154 -12.356967 3.132815
1769100916.651136 10.653397 -12.356855 3.131435
1769100916.751135 10.644785 -12.356727 3.132269
1769100916.851144 10.633907 -12.356598 3.132973
1769100916.951147 10.623105 -12.356489 3.135152
1769100917.051128 10.614477 -12.356450 3.131395
1769100917.151144 10.604076 -12.356354 3.132873
1769100917.251144 10.593842 -12.356275 3.132483
1769100917.351141 10.585320 -12.356187 3.133368
1769100917.451148 10.567805 -12.352746 3.128011
1769100917.551203 10.546786 -12.347248 3.122629
1769100917.651186 10.534742 -12.345213 3.120556
1769100917.751158 10.523943 -12.344956 3.118834
1769100917.851176 10.513336 -12.344684 3.122389
1769100917.951170 10.504877 -12.344472 3.126281
1769100918.051162 10.494342 -12.344249 3.129653
1769100918.151161 10.485822 -12.344088 3.130419
1769100918.251155 10.475362 -12.343896 3.134811
1769100918.351155 10.464916 -12.343745 3.133330
1769100918.451174 10.454581 -12.343551 3.132317
1769100918.551170 10.444267 -12.343347 3.130251
1769100918.651146 10.436171 -12.343122 3.131694
1769100918.751230 10.425460 -12.342877 3.129270
1769100918.851168 10.414532 -12.342597 3.131467
1769100918.951162 10.405973 -12.342373 3.131733
1769100919.051174 10.395361 -12.342150 3.131965
1769100919.151176 10.384875 -12.341938 3.133432
1769100919.251188 10.376569 -12.341745 3.135593
1769100919.351174 10.365906 -12.341544 3.134824
1769100919.451176 10.355110 -12.341340 3.132838
1769100919.551175 10.346424 -12.341125 3.132373
1769100919.651186 10.335759 -12.340892 3.129348
1769100919.751193 10.325260 -12.340602 3.130329
1769100919.851215 10.314630 -12.340323 3.130343
1769100919.951180 10.306134 -12.340055 3.134081
1769100920.051249 10.295271 -12.339817 3.133750
1769100920.151195 10.284662 -12.339585 3.136684
1769100920.251189 10.276231 -12.339380 3.138050
1769100920.351185 10.265740 -12.339192 3.136025
1769100920.451193 10.257274 -12.339002 3.133206
1769100920.551190 10.246713 -12.338766 3.133382
1769100920.651203 10.235950 -12.338518 3.131132
1769100920.751258 10.227182 -12.338279 3.128744
1769100920.851193 10.216197 -12.337971 3.128382
1769100920.951209 10.205438 -12.337665 3.127319
1769100921.051208 10.196988 -12.337369 3.131781
1769100921.151201 10.186480 -12.337092 3.132207
1769100921.251199 10.176378 -12.336831 3.134753
1769100921.351207 10.165662 -12.336598 3.133836
1769100921.451204 10.157074 -12.336370 3.133512
1769100921.551208 10.146283 -12.336122 3.130808
1769100921.651222 10.137820 -12.335877 3.128827
1769100921.751232 10.127133 -12.335584 3.127262
1769100921.851225 10.116321 -12.335270 3.126951
1769100921.951246 10.107662 -12.334976 3.128662
1769100922.051259 10.096973 -12.334687 3.128798
1769100922.151262 10.086716 -12.334404 3.130932
1769100922.251261 10.076226 -12.334154 3.130355
1769100922.351214 10.067971 -12.333908 3.134745
1769100922.451222 10.057578 -12.333693 3.132164
1769100922.551229 10.046911 -12.333447 3.131604
1769100922.651202 10.038135 -12.333243 3.125061
1769100922.751229 10.027265 -12.332950 3.125175
1769100922.800980 10.023115 -12.332822 3.123119
1769100922.951229 10.008309 -12.332358 3.120563
1769100923.001540 10.001890 -12.332149 3.122334
1769100923.151237 9.994958 -12.324051 3.113817
1769100923.202171 9.992874 -12.320624 3.112269
1769100923.351246 9.977994 -12.319968 3.113157
1769100923.402863 9.971413 -12.319700 3.114617
1769100923.551239 9.958869 -12.319154 3.109464
1769100923.603492 9.952563 -12.318884 3.108526
1769100923.751265 9.938051 -12.318217 3.105746
1769100923.804191 9.933350 -12.317992 3.103496
1769100923.951258 9.918297 -12.317248 3.101508
1769100924.004928 9.911453 -12.316913 3.102773
1769100924.151231 9.896927 -12.316191 3.105266
1769100924.205503 9.892303 -12.315959 3.106266
1769100924.351255 9.878337 -12.315288 3.110983
1769100924.406221 9.871904 -12.315012 3.112503
1769100924.551245 9.857572 -12.314379 3.114642
1769100924.606812 9.852772 -12.314178 3.111912
1769100924.751246 9.838117 -12.313540 3.108260
1769100924.807524 9.833247 -12.313314 3.104527
1769100924.951276 9.819069 -12.312601 3.102994
1769100925.008202 9.812292 -12.312269 3.101547
1769100925.151314 9.797975 -12.311512 3.103190
1769100925.208867 9.792949 -12.311244 3.103848
1769100925.351267 9.778523 -12.310532 3.107896
1769100925.409573 9.773441 -12.310282 3.108201
1769100925.551274 9.757904 -12.309581 3.105212
1769100925.610291 9.752950 -12.309336 3.104782
1769100925.751277 9.738828 -12.308650 3.102164
1769100925.811001 9.733406 -12.308365 3.100910
1769100925.951294 9.719551 -12.307652 3.096575
1769100926.011716 9.712046 -12.307245 3.098590
1769100926.151276 9.698050 -12.306492 3.096091
1769100926.212355 9.692934 -12.306194 3.097772
1769100926.351273 9.679633 -12.305494 3.099102
1769100926.412884 9.672369 -12.305127 3.100975
1769100926.551287 9.658584 -12.304453 3.100373
1769100926.613611 9.653460 -12.304187 3.102343
1769100926.751285 9.639506 -12.303509 3.099587
1769100926.814295 9.633609 -12.303207 3.097108
1769100926.951261 9.620405 -12.302488 3.094593
1769100927.014916 9.612866 -12.302079 3.093638
1769100927.151282 9.598880 -12.301269 3.092641
1769100927.215565 9.593322 -12.300941 3.093079
1769100927.351299 9.579451 -12.300153 3.098342
1769100927.416211 9.573314 -12.299824 3.097703
1769100927.551299 9.560629 -12.299120 3.101578
1769100927.616869 9.553110 -12.298756 3.099286
1769100927.751311 9.539633 -12.298048 3.096136
1769100927.817518 9.533837 -12.297725 3.094878
1769100927.951327 9.519952 -12.296936 3.095091
1769100928.018206 9.513636 -12.296570 3.092321
1769100928.151298 9.500728 -12.295800 3.090166
1769100928.218831 9.492897 -12.295340 3.090256
1769100928.351281 9.479430 -12.294550 3.092690
1769100928.419594 9.473689 -12.294212 3.094365
1769100928.551304 9.460505 -12.293500 3.096213
1769100928.620044 9.453891 -12.293148 3.098250
1769100928.751304 9.461063 -12.285960 3.097441
1769100928.820834 9.463693 -12.282085 3.096665
1769100928.951316 9.450506 -12.281361 3.093505
1769100929.021382 9.444381 -12.280991 3.093699
1769100929.151319 9.430802 -12.280199 3.088323
1769100929.222088 9.423719 -12.279757 3.089301
1769100929.351319 9.411350 -12.278992 3.091912
1769100929.422668 9.403203 -12.278518 3.094101
1769100929.551327 9.390354 -12.277794 3.095777
1769100929.623298 9.384438 -12.277466 3.095018
1769100929.751353 9.371631 -12.276774 3.095481
1769100929.824009 9.363328 -12.276342 3.093295
1769100929.951326 9.350431 -12.275628 3.091726
1769100930.024684 9.344322 -12.275271 3.089880
1769100930.151336 9.331530 -12.274495 3.092384
1769100930.225336 9.324182 -12.274059 3.091392
1769100930.351337 9.312151 -12.273333 3.094428
1769100930.425972 9.303577 -12.272861 3.094603
1769100930.551346 9.290874 -12.272162 3.097827
1769100930.626689 9.283502 -12.271769 3.099071
1769100930.751341 9.272149 -12.271171 3.099102
1769100930.827358 9.264643 -12.270782 3.097339
1769100930.951348 9.252997 -12.270163 3.094321
1769100931.028084 9.244287 -12.269693 3.091395
1769100931.151351 9.231446 -12.268966 3.086976
1769100931.228605 9.223511 -12.268483 3.086378
1769100931.351365 9.211942 -12.267770 3.084148
1769100931.429327 9.204282 -12.267295 3.086813
1769100931.551334 9.193018 -12.266628 3.087558
1769100931.629979 9.184149 -12.266108 3.092054
1769100931.751351 9.171614 -12.265430 3.090937
1769100931.830730 9.163733 -12.264986 3.091959
1769100931.951393 9.152589 -12.264353 3.088555
1769100932.031409 9.144544 -12.263875 3.087496
1769100932.151370 9.133439 -12.263184 3.086710
1769100932.232144 9.124260 -12.262623 3.084948
1769100932.351334 9.111787 -12.261838 3.085798
1769100932.432709 9.103477 -12.261333 3.084768
1769100932.551365 9.092587 -12.260662 3.087228
1769100932.633389 9.083839 -12.260152 3.087217
1769100932.751364 9.072070 -12.259480 3.089023
1769100932.834282 9.065250 -12.259099 3.087701
1769100932.951387 9.053347 -12.258413 3.090197
1769100933.034678 9.044794 -12.257930 3.087332
1769100933.151372 9.031822 -12.257156 3.085522
1769100933.235448 9.024543 -12.256689 3.082081
1769100933.351358 9.012499 -12.255900 3.080657
1769100933.435935 9.005252 -12.255412 3.081450
1769100933.551429 8.993352 -12.254631 3.084526
1769100933.636693 8.984055 -12.254037 3.088511
1769100933.751393 8.972458 -12.253330 3.089693
1769100933.837279 8.965322 -12.252886 3.089776
1769100933.951424 8.953842 -12.252194 3.087656
1769100934.037982 8.944527 -12.251621 3.087130
1769100934.151397 8.932928 -12.250895 3.082740
1769100934.238630 8.925264 -12.250374 3.084671
1769100934.351394 8.918874 -12.244081 3.084330
1769100934.439350 8.913701 -12.239139 3.088232
1769100934.551398 8.904140 -12.238540 3.086890
1769100934.639940 8.894798 -12.237967 3.090139
1769100934.751442 8.883447 -12.237312 3.089902
1769100934.840550 8.874277 -12.236784 3.092247
1769100934.951383 8.864522 -12.236221 3.092075
1769100935.041294 8.854570 -12.235678 3.088198
1769100935.151381 8.843174 -12.235007 3.085102
1769100935.242025 8.835446 -12.234518 3.082831
1769100935.351418 8.824228 -12.233775 3.084051
1769100935.442574 8.814414 -12.233129 3.080633
1769100935.551393 8.802986 -12.232350 3.082989
1769100935.643184 8.795174 -12.231826 3.083512
1769100935.751411 8.784066 -12.231106 3.086827
1769100935.844169 8.774486 -12.230503 3.085257
1769100935.951473 8.765400 -12.229899 3.087699
1769100936.044566 8.755431 -12.229285 3.084062
1769100936.151424 8.744310 -12.228552 3.083592
1769100936.245364 8.734344 -12.227880 3.081724
1769100936.351427 8.725069 -12.227240 3.078109
1769100936.445859 8.714566 -12.226500 3.077479
1769100936.551428 8.703654 -12.225726 3.077156
1769100936.646579 8.695882 -12.225156 3.080589
1769100936.751420 8.685093 -12.224430 3.080363
1769100936.847302 8.675043 -12.223761 3.081315
1769100936.951437 8.664460 -12.223080 3.080635
1769100937.047876 8.654546 -12.222433 3.080812
1769100937.151428 8.645648 -12.221852 3.073793
1769100937.248557 8.635284 -12.221127 3.073567
1769100937.351437 8.624542 -12.220361 3.069745
1769100937.449281 8.616223 -12.219731 3.068876
1769100937.551432 8.605258 -12.218892 3.067334
1769100937.649926 8.594876 -12.218102 3.066869
1769100937.751421 8.584284 -12.217303 3.069302
1769100937.850549 8.576232 -12.216719 3.067740
1769100937.951457 8.566210 -12.215971 3.071737
1769100938.051313 8.555644 -12.215221 3.069435
1769100938.151496 8.544857 -12.214439 3.067947
1769100938.251449 8.536326 -12.213814 3.064726
1769100938.351433 8.525550 -12.212992 3.063612
1769100938.451454 8.514801 -12.212144 3.061215
1769100938.551454 8.506196 -12.211451 3.062931
1769100938.651461 8.495573 -12.210606 3.063005
1769100938.751455 8.484795 -12.209764 3.069048
1769100938.851464 8.476262 -12.209141 3.075415
1769100938.951514 8.465631 -12.208446 3.083737
1769100939.051456 8.455169 -12.207873 3.093121
1769100939.151459 8.446724 -12.207478 3.103269
1769100939.251542 8.436229 -12.207085 3.111590
1769100939.351462 8.427628 -12.206829 3.120366
1769100939.451464 8.416672 -12.206596 3.128918
1769100939.551466 8.405715 -12.206472 3.135093
1769100939.651472 8.397057 -12.206425 -3.138741
1769100939.751505 8.386276 -12.206462 -3.130336
1769100939.851469 8.375648 -12.206614 -3.119761
1769100939.951468 8.362695 -12.197529 -3.114814
1769100940.051489 8.346889 -12.187188 -3.109591
1769100940.151478 8.336113 -12.186865 -3.100860
1769100940.251485 8.327540 -12.187238 -3.093060
1769100940.351478 8.316975 -12.187774 -3.084499
1769100940.451488 8.306186 -12.188421 -3.075685
1769100940.551478 8.297600 -12.189012 -3.065142
1769100940.651488 8.287028 -12.189857 -3.056766
1769100940.751482 8.276161 -12.190835 -3.047038
1769100940.851493 8.267540 -12.191696 -3.038252
1769100940.951495 8.256868 -12.192856 -3.031980
1769100941.051486 8.246354 -12.194083 -3.020231
1769100941.151491 8.237911 -12.195164 -3.006870
1769100941.251456 8.227433 -12.196627 -2.995041
1769100941.351492 8.217052 -12.198215 -2.986759
1769100941.451468 8.208880 -12.199534 -2.980638
1769100941.551493 8.198368 -12.201292 -2.973743
1769100941.651517 8.187640 -12.203182 -2.966123
1769100941.751539 8.177104 -12.205120 -2.956110
1769100941.851501 8.168523 -12.206770 -2.947922
1769100941.951535 8.157875 -12.208911 -2.939698
1769100942.051531 8.147743 -12.211055 -2.929434
1769100942.151484 8.139533 -12.212880 -2.921271
1769100942.251486 8.129158 -12.215252 -2.908499
1769100942.351503 8.118753 -12.217762 -2.899564
1769100942.451563 8.110423 -12.219851 -2.888192
1769100942.551490 8.100050 -12.222596 -2.878484
1769100942.651518 8.089919 -12.225378 -2.872330
1769100942.751495 8.081805 -12.227656 -2.871354
1769100942.851514 8.071440 -12.230568 -2.872676
1769100942.951518 8.060797 -12.233528 -2.873894
1769100943.051513 8.052420 -12.235849 -2.872955
1769100943.151515 8.042074 -12.238720 -2.873630
1769100943.251509 8.031870 -12.241546 -2.871765
1769100943.351529 8.024158 -12.243694 -2.870109
1769100943.451541 8.014047 -12.246530 -2.869861
1769100943.551537 8.004087 -12.249334 -2.870911
1769100943.651531 7.995702 -12.251688 -2.869602
1769100943.751563 7.985222 -12.254632 -2.870406
1769100943.851532 7.974787 -12.257542 -2.872349
1769100943.951519 7.966690 -12.259784 -2.874599
1769100944.051521 7.956435 -12.262597 -2.875966
1769100944.151542 7.945953 -12.265453 -2.876600
1769100944.251537 7.937671 -12.267717 -2.876350
1769100944.351546 7.927464 -12.270511 -2.874493
1769100944.451542 7.917199 -12.273360 -2.874368
1769100944.551598 7.909224 -12.275594 -2.874610
1769100944.651541 7.899166 -12.278392 -2.872472
1769100944.751551 7.888859 -12.281280 -2.875132
1769100944.851546 7.878880 -12.284057 -2.877373
1769100944.951559 7.870583 -12.286366 -2.878701
1769100945.051556 7.860073 -12.289252 -2.879171
1769100945.151552 7.849609 -12.292111 -2.878812
1769100945.251615 7.841615 -12.294303 -2.878447
1769100945.351550 7.831739 -12.297000 -2.875517
1769100945.451555 7.821510 -12.299818 -2.874333
1769100945.551532 7.811326 -12.298803 -2.872814
1769100945.651562 7.803158 -12.295982 -2.874554
1769100945.751668 7.793093 -12.297503 -2.881337
1769100945.851617 7.782882 -12.300227 -2.892610
1769100945.951609 7.774633 -12.302348 -2.905704
1769100946.051632 7.764195 -12.304878 -2.916866
1769100946.151566 7.753720 -12.307269 -2.927542
1769100946.251543 7.743292 -12.309525 -2.936344
1769100946.351539 7.734891 -12.311280 -2.942925
1769100946.451583 7.724513 -12.313371 -2.950586
1769100946.551578 7.714396 -12.315323 -2.958967
1769100946.651578 7.706162 -12.316845 -2.967737
1769100946.751552 7.695754 -12.318685 -2.981115
1769100946.851648 7.685277 -12.320377 -2.991472
1769100946.951580 7.676734 -12.321667 -2.999619
1769100947.051629 7.665901 -12.323214 -3.010536
1769100947.151580 7.655383 -12.324599 -3.019633
1769100947.251608 7.645040 -12.325850 -3.027045
1769100947.351600 7.636885 -12.326788 -3.039119
1769100947.451590 7.626615 -12.327849 -3.048083
1769100947.551583 7.616364 -12.328819 -3.057181
1769100947.651623 7.605974 -12.329694 -3.066004
1769100947.751625 7.597584 -12.330333 -3.067965
1769100947.851683 7.587077 -12.331095 -3.070952
1769100947.951621 7.576399 -12.331849 -3.074607
1769100948.051621 7.565792 -12.332548 -3.077342
1769100948.151608 7.557297 -12.333084 -3.077480
1769100948.251594 7.546924 -12.333735 -3.075044
1769100948.351600 7.536241 -12.334442 -3.071934
1769100948.451686 7.527825 -12.335015 -3.068249
1769100948.551604 7.517399 -12.335780 -3.072472
1769100948.651678 7.507024 -12.336511 -3.072994
1769100948.751613 7.496471 -12.337244 -3.074786
1769100948.851632 7.488174 -12.337809 -3.077613
1769100948.951637 7.477450 -12.338507 -3.075093
1769100949.051617 7.466972 -12.339210 -3.075140
1769100949.151613 7.456209 -12.339929 -3.075455
1769100949.251586 7.447901 -12.340487 -3.076742
1769100949.351607 7.437343 -12.341179 -3.076548
1769100949.451609 7.426773 -12.341889 -3.077665
1769100949.551637 7.418443 -12.342446 -3.076186
1769100949.651618 7.408024 -12.343154 -3.075076
1769100949.751601 7.397453 -12.343883 -3.074556
1769100949.851642 7.388861 -12.344488 -3.078735
1769100949.951711 7.378101 -12.345199 -3.080963
1769100950.051735 7.367474 -12.345871 -3.083375
1769100950.151597 7.358820 -12.346406 -3.086638
1769100950.251673 7.347998 -12.347040 -3.084730
1769100950.351586 7.337315 -12.347690 -3.081433
1769100950.451640 7.329058 -12.348227 -3.080177
1769100950.551637 7.318762 -12.348907 -3.080656
1769100950.651606 7.308258 -12.349590 -3.080657
1769100950.751587 7.299668 -12.350149 -3.080083
1769100950.851619 7.288933 -12.350835 -3.080014
1769100950.951620 7.278273 -12.351519 -3.077951
1769100951.051609 7.267514 -12.352224 -3.078368
1769100951.151679 7.267648 -12.346999 -3.080643
1769100951.251632 7.272004 -12.337512 -3.085357
1769100951.351627 7.267769 -12.333724 -3.086535
1769100951.451612 7.259250 -12.334209 -3.084548
1769100951.551724 7.248694 -12.334834 -3.083043
1769100951.651647 7.238246 -12.335477 -3.080417
1769100951.751657 7.229819 -12.336014 -3.081947
1769100951.851685 7.219115 -12.336677 -3.084462
1769100951.951630 7.208696 -12.337283 -3.084620
1769100952.051600 7.199976 -12.337781 -3.085553
1769100952.151593 7.189310 -12.338369 -3.086009
1769100952.251608 7.178895 -12.338936 -3.084404
1769100952.351699 7.168429 -12.339518 -3.083828
1769100952.451615 7.159885 -12.339997 -3.083549
1769100952.551695 7.149316 -12.340593 -3.083271
1769100952.651635 7.139216 -12.341182 -3.084300
1769100952.751640 7.128727 -12.341789 -3.082530
1769100952.851682 7.120348 -12.342299 -3.083170
1769100952.951652 7.109789 -12.342933 -3.080913
1769100953.051681 7.099439 -12.343577 -3.084001
1769100953.151739 7.088906 -12.344200 -3.087944
1769100953.251646 7.080406 -12.344677 -3.087800
1769100953.351690 7.069892 -12.345269 -3.089451
1769100953.451660 7.059631 -12.345839 -3.087177
1769100953.501416 7.055404 -12.346080 -3.085337
1769100953.651716 7.040639 -12.346961 -3.082790
1769100953.701994 7.034511 -12.347340 -3.083584
1769100953.851685 7.019734 -12.348224 -3.085975
1769100953.902741 7.015452 -12.348477 -3.086819
1769100954.051703 7.000737 -12.349311 -3.088115
1769100954.103372 6.996146 -12.349567 -3.088088
1769100954.251727 6.981108 -12.350407 -3.087783
1769100954.303970 6.974424 -12.350780 -3.089453
1769100954.451679 6.959962 -12.351561 -3.091747
1769100954.504677 6.955351 -12.351806 -3.090802
1769100954.651680 6.940902 -12.352595 -3.089650
1769100954.705286 6.934324 -12.352953 -3.087569
1769100954.851674 6.919965 -12.353801 -3.085656
1769100954.905992 6.915378 -12.354078 -3.084320
1769100955.051697 6.900876 -12.354969 -3.088319
1769100955.106593 6.896010 -12.355250 -3.089280
1769100955.251693 6.881418 -12.356058 -3.091582
1769100955.307271 6.874385 -12.356431 -3.091767
1769100955.451672 6.859724 -12.357220 -3.087602
1769100955.507889 6.854946 -12.357491 -3.085629
1769100955.651691 6.840852 -12.358321 -3.084196
1769100955.708566 6.835762 -12.358625 -3.084188
1769100955.851710 6.821932 -12.359443 -3.084839
1769100955.909263 6.814951 -12.359852 -3.085641
1769100956.051702 6.800989 -12.360662 -3.085010
1769100956.109901 6.796007 -12.360954 -3.085228
1769100956.251692 6.781789 -12.361769 -3.085445
1769100956.310548 6.774497 -12.362195 -3.089003
1769100956.451695 6.760388 -12.362951 -3.090878
1769100956.511296 6.755610 -12.363194 -3.089564
1769100956.651766 6.741725 -12.363925 -3.087333
1769100956.711937 6.734719 -12.364306 -3.084924
1769100956.851687 6.735090 -12.351072 -3.083927
1769100956.912537 6.736053 -12.345236 -3.086970
1769100957.051676 6.722306 -12.346002 -3.088756
1769100957.113316 6.714998 -12.346399 -3.090444
1769100957.251706 6.701052 -12.347126 -3.092680
1769100957.313871 6.695654 -12.347393 -3.091301
1769100957.451730 6.681427 -12.348122 -3.089141
1769100957.514587 6.675500 -12.348430 -3.087525
1769100957.651717 6.662642 -12.349119 -3.087465
1769100957.715283 6.655152 -12.349521 -3.086993
1769100957.851761 6.641643 -12.350255 -3.087700
1769100957.915932 6.636170 -12.350547 -3.086645
1769100958.051709 6.622542 -12.351302 -3.086363
1769100958.116637 6.616320 -12.351650 -3.086187
1769100958.251794 6.603164 -12.352383 -3.088687
1769100958.317313 6.595359 -12.352799 -3.088984
1769100958.451750 6.581500 -12.353515 -3.092978
1769100958.517944 6.575764 -12.353795 -3.092894
1769100958.651792 6.562382 -12.354452 -3.089459
1769100958.718583 6.555908 -12.354795 -3.087573
1769100958.851728 6.543349 -12.355482 -3.083967
1769100958.919347 6.535462 -12.355942 -3.085744
1769100959.051728 6.522075 -12.356703 -3.085924
1769100959.119923 6.516525 -12.357011 -3.085948
1769100959.251747 6.503218 -12.357736 -3.086025
1769100959.320551 6.496387 -12.358104 -3.084769
1769100959.451737 6.481580 -12.358924 -3.084498
1769100959.521216 6.475578 -12.359256 -3.084907
1769100959.651741 6.462466 -12.359970 -3.085126
1769100959.721928 6.455659 -12.360336 -3.083266
1769100959.851744 6.443353 -12.361019 -3.079850
1769100959.922516 6.435295 -12.361495 -3.078665
1769100960.051807 6.422514 -12.362277 -3.077538
1769100960.123194 6.416424 -12.362648 -3.077490
1769100960.251754 6.403237 -12.363454 -3.080710
1769100960.323868 6.396094 -12.363868 -3.081380
1769100960.451815 6.384258 -12.364540 -3.084198
1769100960.524503 6.375984 -12.364995 -3.085083
1769100960.651755 6.363074 -12.365699 -3.082294
1769100960.725204 6.356164 -12.366091 -3.080822
1769100960.851767 6.344348 -12.366781 -3.079696
1769100960.925785 6.336317 -12.367260 -3.079003
1769100961.051765 6.323552 -12.368028 -3.079017
1769100961.126524 6.316140 -12.368477 -3.078412
1769100961.251766 6.304272 -12.369203 -3.075822
1769100961.327158 6.295877 -12.369742 -3.075030
1769100961.451765 6.282876 -12.370580 -3.075820
1769100961.527892 6.276246 -12.370992 -3.076679
1769100961.651841 6.263390 -12.371782 -3.077521
1769100961.728576 6.255742 -12.372250 -3.076540
1769100961.851805 6.244262 -12.372966 -3.073215
1769100961.929182 6.235600 -12.373545 -3.071253
1769100962.051779 6.223152 -12.374403 -3.068028
1769100962.129857 6.216623 -12.374863 -3.069829
1769100962.251776 6.204115 -12.375723 -3.072631
1769100962.330558 6.197373 -12.376158 -3.072944
1769100962.451783 6.190738 -12.370836 -3.076356
1769100962.531202 6.186493 -12.367134 -3.078899
1769100962.651817 6.175158 -12.367795 -3.079372
1769100962.731820 6.166113 -12.368325 -3.079019
1769100962.851787 6.153725 -12.369047 -3.077732
1769100962.932557 6.146942 -12.369448 -3.077347
1769100963.051793 6.134952 -12.370189 -3.077316
1769100963.133057 6.126214 -12.370729 -3.074122
1769100963.251867 6.114238 -12.371518 -3.072250
1769100963.333745 6.107135 -12.371994 -3.071654
1769100963.451798 6.094770 -12.372835 -3.076301
1769100963.534379 6.086204 -12.373387 -3.078577
1769100963.651800 6.075544 -12.374052 -3.078885
1769100963.735046 6.066165 -12.374640 -3.077935
1769100963.851810 6.054069 -12.375420 -3.074646
1769100963.935650 6.047011 -12.375892 -3.071355
1769100964.051822 6.035081 -12.376726 -3.070665
1769100964.136255 6.026596 -12.377328 -3.072736
1769100964.251807 6.016221 -12.378038 -3.073418
1769100964.336957 6.006823 -12.378684 -3.073977
1769100964.451805 5.994730 -12.379510 -3.071064
1769100964.537643 5.987345 -12.380029 -3.071126
1769100964.651814 5.975187 -12.380878 -3.069777
1769100964.738216 5.966190 -12.381504 -3.073137
1769100964.851842 5.956170 -12.382167 -3.072931
1769100964.938958 5.946808 -12.382792 -3.070671
1769100965.051828 5.935179 -12.383593 -3.066905
1769100965.139580 5.927760 -12.384129 -3.063907
1769100965.251824 5.916402 -12.385005 -3.062012
1769100965.340181 5.906973 -12.385738 -3.062359
1769100965.451823 5.895232 -12.386646 -3.067156
1769100965.540919 5.887719 -12.387207 -3.069821
1769100965.651844 5.875870 -12.388063 -3.070880
1769100965.741577 5.866426 -12.388742 -3.069361
1769100965.851835 5.856531 -12.389471 -3.067147
1769100965.942217 5.846615 -12.390216 -3.065254
1769100966.051838 5.835306 -12.391090 -3.065809
1769100966.142842 5.827699 -12.391663 -3.063395
1769100966.251835 5.816503 -12.392531 -3.063160
1769100966.343543 5.806872 -12.393283 -3.062654
1769100966.451858 5.797276 -12.394034 -3.060967
1769100966.544219 5.787242 -12.394843 -3.062220
1769100966.651844 5.777875 -12.395575 -3.064083
1769100966.744981 5.767647 -12.396360 -3.067478
1769100966.851840 5.756142 -12.397200 -3.068992
1769100966.945582 5.748221 -12.397762 -3.067795
1769100967.051850 5.737104 -12.398565 -3.064852
1769100967.146276 5.727253 -12.399313 -3.062594
1769100967.251870 5.718124 -12.400010 -3.058986
1769100967.346927 5.708131 -12.400817 -3.063738
1769100967.451860 5.697134 -12.401660 -3.064434
1769100967.547616 5.687243 -12.402406 -3.066274
1769100967.651859 5.677925 -12.403098 -3.066294
1769100967.748225 5.667395 -12.403886 -3.065505
1769100967.851895 5.656295 -12.404733 -3.065876
1769100967.948902 5.648015 -12.405357 -3.065248
1769100968.051890 5.642295 -12.401051 -3.066129
1769100968.149571 5.636955 -12.396964 -3.065021
1769100968.251868 5.628285 -12.397624 -3.062134
1769100968.350257 5.617927 -12.398440 -3.058627
1769100968.451869 5.607296 -12.399315 -3.059144
1769100968.550921 5.598722 -12.400004 -3.057358
1769100968.651936 5.587971 -12.400888 -3.062532
1769100968.751587 5.577157 -12.401730 -3.063500
1769100968.851907 5.568491 -12.402404 -3.067222
1769100968.951900 5.557636 -12.403215 -3.064736
1769100969.051945 5.557632 -12.403193 -3.061952
1769100969.151878 5.538838 -12.404703 -3.060508
1769100969.251881 5.538838 -12.404711 -3.060531
1769100969.351883 5.518178 -12.406406 -3.060667
1769100969.451903 5.514017 -12.406762 -3.060634
1769100969.551888 5.499033 -12.407994 -3.059425
1769100969.651906 5.488337 -12.408892 -3.056727
1769100969.751894 5.479612 -12.409647 -3.056013
1769100969.851907 5.468617 -12.410595 -3.056451
1769100969.951926 5.457950 -12.411523 -3.059226
1769100970.051898 5.453632 -12.411883 -3.054674
1769100970.151908 5.438804 -12.413180 -3.050860
1769100970.251895 5.434588 -12.413522 -3.046139
1769100970.351903 5.434577 -12.413437 -3.041528
1769100970.451986 5.409419 -12.415910 -3.041877
1769100970.551929 5.398786 -12.416914 -3.042603
1769100970.651919 5.390194 -12.417714 -3.047872
1769100970.751904 5.379506 -12.418679 -3.049254
1769100970.851904 5.368638 -12.419635 -3.049330
1769100970.951980 5.364175 -12.420004 -3.050316
1769100970.959228 5.364175 -12.420002 -3.050389
1769100970.959228 5.364175 -12.420002 -3.050389
1769100971.251926 5.364171 -12.419932 -3.053304
1769100971.351919 5.364171 -12.419926 -3.054270
1769100971.451931 5.309837 -12.424709 -3.054447
1769100971.551927 5.301240 -12.425482 -3.050708
1769100971.651932 5.290580 -12.426468 -3.050666
1769100971.751945 5.280323 -12.427422 -3.050773
1769100971.851939 5.270012 -12.428365 -3.052502
1769100971.951947 5.259422 -12.429305 -3.052941
1769100972.051956 5.251100 -12.430038 -3.053078
1769100972.151935 5.240661 -12.430964 -3.052132
1769100972.251932 5.230301 -12.431898 -3.049100
1769100972.351948 5.220072 -12.432861 -3.048958
1769100972.452005 5.211885 -12.433642 -3.050028
1769100972.551927 5.201681 -12.434601 -3.052288
1769100972.651931 5.191270 -12.435556 -3.052615
1769100972.751950 5.180583 -12.436524 -3.054294
1769100972.852019 5.172161 -12.437273 -3.051244
1769100972.951963 5.161349 -12.438263 -3.052109
1769100973.052015 5.150461 -12.439254 -3.056707
1769100973.151947 5.141916 -12.440001 -3.066063
1769100973.251939 5.131267 -12.440827 -3.073998
1769100973.351969 5.120763 -12.441546 -3.083575
1769100973.451962 5.112322 -12.442043 -3.087702
1769100973.552010 5.101735 -12.442615 -3.096470
1769100973.651963 5.082600 -12.430580 -3.106168
1769100973.751986 5.068336 -12.415881 -3.111654
1769100973.851992 5.051519 -12.413874 -3.120791
1769100973.951954 5.040557 -12.414028 -3.133151
1769100974.051982 5.040569 -12.414088 3.138365
1769100974.151986 5.025606 -12.414041 3.132172
1769100974.251975 5.017058 -12.414002 3.119470
1769100974.351965 5.002207 -12.413700 3.109227
1769100974.452042 4.991796 -12.413397 3.098284
1769100974.551982 4.981539 -12.412994 3.086498
1769100974.652045 4.973056 -12.412577 3.075375
1769100974.751970 4.962659 -12.411951 3.063418
1769100974.851985 4.952448 -12.411217 3.053298
1769100974.951985 4.941514 -12.410287 3.041718
1769100975.051989 4.932732 -12.409466 3.031850
1769100975.151970 4.921997 -12.408346 3.025858
1769100975.252006 4.911622 -12.407177 3.018716
1769100975.352050 4.903412 -12.406207 3.007174
1769100975.452063 4.893435 -12.404903 3.003299
1769100975.552003 4.883061 -12.403485 2.998918
1769100975.652054 4.872493 -12.401993 2.996355
1769100975.752013 4.863880 -12.400754 2.997459
1769100975.852028 4.853111 -12.399215 2.995587
1769100975.952004 4.842596 -12.397690 2.996625
1769100976.052025 4.834157 -12.396482 2.995880
1769100976.152004 4.823590 -12.394958 2.996929
1769100976.252011 4.812997 -12.393456 2.999515
1769100976.352006 4.804603 -12.392293 3.001762
1769100976.452008 4.794176 -12.390865 3.002764
1769100976.552005 4.783748 -12.389448 3.003515
1769100976.652006 4.775372 -12.388326 3.000234
1769100976.752009 4.764724 -12.386861 2.999403
1769100976.852026 4.754003 -12.385354 2.998193
1769100976.951995 4.745286 -12.384122 2.997725
1769100977.052003 4.734466 -12.382579 2.997025
1769100977.151995 4.723898 -12.381087 2.998235
1769100977.252038 4.715610 -12.379929 3.002322
1769100977.352028 4.705208 -12.378504 3.003891
1769100977.452028 4.694680 -12.377069 3.005808
1769100977.552027 4.686126 -12.375926 3.005986
1769100977.652015 4.675440 -12.374487 3.004838
1769100977.752047 4.666860 -12.373341 3.000791
1769100977.852052 4.656211 -12.371870 3.001044
1769100977.952036 4.645634 -12.370410 2.999185
1769100978.052030 4.637022 -12.369214 2.999444
1769100978.152034 4.626405 -12.367726 3.001859
1769100978.252035 4.615578 -12.366243 3.003880
1769100978.352035 4.607128 -12.365114 3.006242
1769100978.452047 4.596742 -12.363753 3.007970
1769100978.552053 4.586683 -12.362445 3.011009
1769100978.652017 4.576490 -12.361138 3.009793
1769100978.752046 4.568139 -12.360055 3.010837
1769100978.852036 4.557349 -12.358665 3.009937
1769100978.952038 4.546508 -12.357249 3.008942
1769100979.052042 4.537874 -12.356116 3.006504
1769100979.152270 4.527250 -12.354690 3.008480
1769100979.252065 4.530062 -12.350196 3.004977
1769100979.352064 4.541595 -12.343634 3.000301
1769100979.452052 4.537926 -12.340078 2.997892
1769100979.552055 4.527235 -12.338583 3.001600
1769100979.652072 4.519030 -12.337469 3.000978
1769100979.752059 4.508719 -12.336065 2.998550
1769100979.852088 4.498546 -12.334648 2.998611
1769100979.952089 4.488096 -12.333183 2.994824
1769100980.052075 4.479660 -12.331986 2.993995
1769100980.152065 4.468824 -12.330426 2.995047
1769100980.252068 4.458309 -12.328929 2.997811
1769100980.352111 4.449839 -12.327757 2.999493
1769100980.452070 4.439440 -12.326318 3.002678
1769100980.552065 4.429179 -12.324943 3.003046
1769100980.652124 4.420876 -12.323841 3.003844
1769100980.752065 4.410212 -12.322414 3.002634
1769100980.852068 4.399379 -12.320951 3.002090
1769100980.952078 4.390770 -12.319797 2.999485
1769100981.052062 4.380091 -12.318328 2.997537
1769100981.152056 4.369598 -12.316858 2.997493
1769100981.252084 4.361077 -12.315675 2.996226
1769100981.352081 4.350411 -12.314171 2.998089
1769100981.452077 4.339783 -12.312709 3.000069
1769100981.552078 4.331289 -12.311562 3.005028
1769100981.652084 4.320747 -12.310166 3.004518
1769100981.752111 4.310335 -12.308778 3.005024
1769100981.852132 4.301920 -12.307675 3.001705
1769100981.952106 4.291287 -12.306236 2.999557
1769100982.052116 4.280391 -12.304728 3.000446
1769100982.152096 4.271628 -12.303517 3.001926
1769100982.252095 4.260877 -12.302035 3.002362
1769100982.352136 4.250598 -12.300635 3.003598
1769100982.452100 4.242684 -12.299569 3.007611
1769100982.552102 4.232166 -12.298189 3.008656
1769100982.652114 4.221924 -12.296857 3.009096
1769100982.752161 4.213483 -12.295788 3.008949
1769100982.852103 4.202840 -12.294422 3.011583
1769100982.952105 4.192161 -12.293070 3.008538
1769100983.052151 4.183738 -12.291976 3.010095
1769100983.152166 4.173640 -12.290673 3.005434
1769100983.252118 4.163159 -12.289275 3.005036
1769100983.352094 4.152657 -12.287866 3.006394
1769100983.452113 4.142155 -12.286474 3.010239
1769100983.552119 4.133750 -12.285397 3.013230
1769100983.652102 4.123550 -12.284122 3.014114
1769100983.752184 4.113457 -12.282868 3.016568
1769100983.852130 4.103048 -12.281586 3.013479
1769100983.952109 4.094785 -12.280559 3.012561
1769100984.002115 4.088249 -12.279732 3.011587
1769100984.152187 4.073069 -12.277806 3.011950
1769100984.202792 4.068617 -12.277247 3.010826
1769100984.352118 4.053770 -12.275362 3.012459
1769100984.403458 4.049509 -12.274838 3.012668
1769100984.552128 4.034940 -12.273039 3.015238
1769100984.604132 4.028341 -12.272227 3.016132
1769100984.752171 4.013762 -12.270482 3.020873
1769100984.804755 4.009285 -12.269967 3.020942
1769100984.952146 4.016739 -12.253731 3.022635
1769100985.005420 4.020148 -12.247936 3.022711
1769100985.152110 4.005556 -12.246267 3.019595
1769100985.206113 4.000763 -12.245708 3.019264
1769100985.352135 3.986025 -12.243971 3.017209
1769100985.406806 3.979159 -12.243139 3.020051
1769100985.552136 3.964702 -12.241465 3.023468
1769100985.607439 3.960074 -12.240944 3.025401
1769100985.752205 3.945964 -12.239395 3.028584
1769100985.808096 3.940966 -12.238853 3.029849
1769100985.952167 3.926837 -12.237332 3.028673
1769100986.008734 3.919782 -12.236563 3.028093
1769100986.152148 3.905446 -12.234988 3.026515
1769100986.209371 3.900533 -12.234449 3.025757
1769100986.352153 3.886312 -12.232840 3.025423
1769100986.410137 3.879469 -12.232062 3.024982
1769100986.552155 3.865229 -12.230447 3.028964
1769100986.610634 3.860221 -12.229894 3.030755
1769100986.752166 3.846335 -12.228403 3.034574
1769100986.811322 3.841243 -12.227871 3.035021
1769100986.952138 3.828103 -12.226504 3.037307
1769100987.012213 3.821183 -12.225793 3.035713
1769100987.152157 3.807326 -12.224341 3.033864
1769100987.212713 3.801833 -12.223754 3.032722
1769100987.352180 3.786031 -12.222043 3.029178
1769100987.413339 3.780999 -12.221489 3.029283
1769100987.552175 3.767353 -12.219980 3.032228
1769100987.614017 3.761791 -12.219374 3.035138
1769100987.752173 3.746626 -12.217767 3.037526
1769100987.814567 3.741292 -12.217213 3.038281
1769100987.952188 3.727351 -12.215794 3.036755
1769100988.015301 3.721983 -12.215244 3.037559
1769100988.152169 3.708132 -12.213827 3.034802
1769100988.215904 3.702202 -12.213207 3.034384
1769100988.352188 3.688996 -12.211813 3.030578
1769100988.416553 3.681246 -12.210968 3.030799
1769100988.552155 3.667325 -12.209456 3.033476
1769100988.617221 3.661637 -12.208847 3.036273
1769100988.752176 3.648146 -12.207455 3.037992
1769100988.817885 3.642018 -12.206843 3.039063
1769100988.952189 3.629502 -12.205604 3.041006
1769100989.018574 3.621832 -12.204851 3.040354
1769100989.152191 3.608092 -12.203491 3.042063
1769100989.219141 3.602334 -12.202935 3.039814
1769100989.352198 3.588637 -12.201567 3.037122
1769100989.419928 3.582098 -12.200896 3.036085
1769100989.552198 3.569487 -12.199589 3.037695
1769100989.620547 3.561560 -12.198774 3.037840
1769100989.752216 3.548493 -12.197449 3.040314
1769100989.821242 3.542549 -12.196865 3.041719
1769100989.952241 3.529315 -12.195599 3.043819
1769100990.021908 3.522603 -12.194965 3.043949
1769100990.152212 3.510355 -12.193813 3.042622
1769100990.222557 3.502566 -12.193062 3.042297
1769100990.352270 3.489316 -12.191768 3.038982
1769100990.423199 3.482378 -12.191073 3.039126
1769100990.552229 3.469913 -12.183456 3.027672
1769100990.623809 3.461684 -12.178086 3.023098
1769100990.752213 3.450833 -12.176854 3.024621
1769100990.824487 3.442808 -12.175948 3.026781
1769100990.952217 3.430125 -12.174555 3.027925
1769100991.025156 3.424069 -12.173892 3.031338
1769100991.152271 3.411028 -12.172495 3.032265
1769100991.225864 3.403673 -12.171717 3.031983
1769100991.352230 3.391660 -12.170439 3.028818
1769100991.426479 3.383269 -12.169524 3.027571
1769100991.552237 3.370528 -12.168113 3.027008
1769100991.627197 3.364008 -12.167385 3.027283
1769100991.752247 3.351219 -12.165954 3.029362
1769100991.827818 3.343638 -12.165139 3.030869
1769100991.952230 3.332169 -12.163920 3.035469
1769100992.028554 3.323579 -12.163040 3.033710
1769100992.152243 3.311234 -12.161760 3.034801
1769100992.229180 3.304763 -12.161103 3.031698
1769100992.352251 3.292038 -12.159751 3.028655
1769100992.429911 3.283981 -12.158865 3.029324
1769100992.552228 3.272218 -12.157579 3.029579
1769100992.630528 3.263414 -12.156611 3.029715
1769100992.752244 3.251063 -12.155267 3.031886
1769100992.831198 3.244491 -12.154565 3.033452
1769100992.952260 3.232188 -12.153273 3.035919
1769100993.031904 3.224187 -12.152453 3.036882
1769100993.152255 3.213036 -12.151346 3.036607
1769100993.232488 3.204086 -12.150442 3.039248
1769100993.352258 3.191799 -12.149225 3.036670
1769100993.433170 3.185094 -12.148550 3.037061
1769100993.552234 3.172507 -12.147273 3.033236
1769100993.633725 3.163360 -12.146309 3.033568
1769100993.752268 3.151249 -12.145033 3.037147
1769100993.834375 3.141420 -12.144027 3.039695
1769100993.952265 3.128506 -12.142759 3.042429
1769100994.035030 3.119660 -12.141909 3.045412
1769100994.152248 3.108162 -12.140848 3.042371
1769100994.235615 3.097988 -12.139875 3.042701
1769100994.352270 3.086892 -12.138812 3.042043
1769100994.436323 3.076539 -12.137802 3.040703
1769100994.552276 3.063538 -12.136532 3.038646
1769100994.636979 3.053993 -12.135582 3.039362
1769100994.752273 3.042540 -12.134443 3.041994
1769100994.837573 3.032235 -12.133444 3.044739
1769100994.952287 3.019282 -12.132241 3.048415
1769100995.038207 3.011357 -12.131520 3.051266
1769100995.152269 2.998627 -12.130406 3.049198
1769100995.238894 2.990574 -12.129697 3.048173
1769100995.352289 2.977549 -12.128507 3.047338
1769100995.439526 2.967738 -12.127600 3.046394
1769100995.552286 2.954290 -12.126334 3.046539
1769100995.640216 2.946013 -12.125546 3.049588
1769100995.752296 2.933385 -12.124381 3.052858
1769100995.840966 2.923470 -12.123501 3.054822
1769100995.952361 2.918220 -12.116959 3.052610
1769100996.041489 2.912027 -12.111093 3.046365
1769100996.152307 2.899239 -12.109879 3.044386
1769100996.242221 2.890764 -12.109046 3.045368
1769100996.352353 2.878135 -12.107808 3.043688
1769100996.442905 2.867773 -12.106780 3.041238
1769100996.552350 2.856484 -12.105629 3.043764
1769100996.643575 2.844669 -12.104444 3.047005
1769100996.752301 2.833548 -12.103376 3.051486
1769100996.844117 2.821810 -12.102322 3.053015
1769100996.952317 2.808608 -12.101170 3.054186
1769100997.044878 2.799244 -12.100349 3.054707
1769100997.152313 2.785496 -12.099126 3.056317
1769100997.245692 2.773494 -12.098062 3.055932
1769100997.352283 2.759791 -12.096830 3.055946
1769100997.446315 2.750570 -12.095993 3.055139
1769100997.552300 2.737308 -12.094817 3.055344
1769100997.646989 2.725413 -12.093775 3.057752
1769100997.752341 2.714243 -12.092813 3.062973
1769100997.847696 2.702006 -12.091808 3.063730
1769100997.952338 2.688797 -12.090702 3.063637
1769100998.048313 2.679077 -12.089880 3.061092
1769100998.152338 2.665728 -12.088738 3.058943
1769100998.248961 2.655571 -12.087847 3.057965
1769100998.352321 2.642215 -12.086674 3.061800
1769100998.449579 2.629949 -12.085643 3.066199
1769100998.552341 2.619674 -12.084809 3.068288
1769100998.650344 2.607330 -12.083862 3.067935
1769100998.752342 2.594359 -12.082877 3.065882
1769100998.850965 2.582115 -12.081951 3.059969
1769100998.952344 2.571435 -12.081097 3.053134
1769100999.051679 2.558724 -12.079979 3.041876
1769100999.152337 2.545930 -12.078701 3.028433
1769100999.252296 2.535694 -12.077581 3.019160
1769100999.352335 2.522874 -12.076039 3.014045
1769100999.452343 2.510167 -12.074434 3.006224
1769100999.552343 2.500202 -12.073126 2.996903
1769100999.652354 2.487577 -12.071314 2.987153
1769100999.752375 2.477400 -12.069725 2.976407
1769100999.852429 2.464471 -12.067567 2.963299
1769100999.952397 2.451527 -12.065211 2.956129
1769101000.052366 2.441508 -12.063306 2.952295
1769101000.152361 2.429110 -12.060892 2.945864
1769101000.252363 2.416782 -12.058391 2.936930
1769101000.352366 2.406827 -12.056277 2.928391
1769101000.452403 2.394298 -12.053497 2.918539
1769101000.552363 2.381570 -12.050551 2.908201
1769101000.652373 2.371600 -12.048155 2.897033
1769101000.752427 2.363658 -12.035516 2.887037
1769101000.852364 2.356225 -12.022278 2.881336
1769101000.952373 2.346775 -12.019045 2.882101
1769101001.052377 2.334535 -12.015693 2.882600
1769101001.152371 2.322206 -12.012378 2.881677
1769101001.252373 2.312254 -12.009685 2.880967
1769101001.352371 2.300064 -12.006349 2.878991
1769101001.452376 2.287517 -12.002876 2.875253
1769101001.552433 2.277549 -12.000051 2.875800
1769101001.652410 2.265083 -11.996572 2.876107
1769101001.752393 2.252661 -11.993130 2.877166
1769101001.852385 2.242878 -11.990400 2.878887
1769101001.952407 2.230722 -11.987031 2.881206
1769101002.052388 2.218536 -11.983672 2.882121
1769101002.152380 2.208647 -11.980933 2.882322
1769101002.252388 2.196147 -11.977544 2.876783
1769101002.352386 2.183524 -11.974055 2.869508
1769101002.452409 2.173536 -11.971217 2.863811
1769101002.552389 2.161186 -11.967638 2.864651
1769101002.652388 2.151439 -11.964808 2.867679
1769101002.752398 2.139206 -11.961342 2.870532
1769101002.852396 2.126908 -11.957909 2.867154
1769101002.952394 2.114889 -11.954531 2.863077
1769101003.052396 2.105241 -11.951788 2.857585
1769101003.152395 2.092775 -11.948156 2.854712
1769101003.252414 2.080323 -11.944478 2.854913
1769101003.352410 2.070346 -11.941527 2.853685
1769101003.452463 2.057971 -11.937847 2.852101
1769101003.552411 2.045792 -11.934221 2.849764
1769101003.652381 2.036158 -11.931367 2.849255
1769101003.752409 2.024077 -11.927774 2.853065
1769101003.852440 2.011774 -11.924186 2.850952
1769101003.952511 2.001759 -11.921198 2.850296
1769101004.052406 1.989289 -11.917464 2.843317
1769101004.152426 1.979461 -11.914444 2.839069
1769101004.252415 1.967048 -11.910565 2.838381
1769101004.352398 1.954878 -11.906756 2.843392
1769101004.452416 1.945113 -11.903729 2.846986
1769101004.552418 1.933331 -11.900103 2.848824
1769101004.652471 1.921363 -11.896442 2.845614
1769101004.752429 1.909065 -11.892649 2.841391
1769101004.852423 1.899483 -11.889682 2.838538
1769101004.952436 1.887040 -11.885786 2.837163
1769101005.052485 1.874828 -11.881923 2.833721
1769101005.152501 1.864999 -11.878758 2.833125
1769101005.252439 1.852909 -11.874854 2.834440
1769101005.352435 1.840834 -11.870980 2.839384
1769101005.452490 1.831156 -11.867961 2.839451
1769101005.552432 1.834798 -11.860190 2.833292
1769101005.652451 1.842522 -11.851039 2.828741
1769101005.752501 1.837405 -11.846794 2.827698
1769101005.852460 1.825052 -11.842693 2.825371
1769101005.952481 1.812700 -11.838576 2.824114
1769101006.052455 1.802870 -11.835300 2.821533
1769101006.152498 1.790766 -11.831265 2.821175
1769101006.252425 1.779091 -11.827386 2.820594
1769101006.352442 1.767584 -11.823565 2.820291
1769101006.452450 1.757797 -11.820281 2.825408
1769101006.552448 1.745540 -11.816260 2.822772
1769101006.652432 1.733069 -11.812115 2.818287
1769101006.752429 1.723427 -11.808859 2.813374
1769101006.852432 1.711162 -11.804675 2.810318
1769101006.952457 1.699153 -11.800546 2.812832
1769101007.052464 1.689525 -11.797263 2.818871
1769101007.152435 1.677517 -11.793244 2.820075
1769101007.252476 1.665459 -11.789202 2.813728
1769101007.352472 1.655744 -11.785889 2.802729
1769101007.452471 1.643581 -11.781576 2.790880
1769101007.552467 1.631362 -11.777045 2.783310
1769101007.652478 1.621553 -11.773343 2.771594
1769101007.752459 1.609482 -11.768643 2.761229
1769101007.852490 1.600037 -11.764862 2.751559
1769101007.952481 1.588440 -11.760120 2.739724
1769101008.052520 1.576896 -11.755253 2.730113
1769101008.152484 1.567468 -11.751197 2.727530
1769101008.252478 1.555427 -11.745957 2.724887
1769101008.352480 1.543409 -11.740673 2.721396
1769101008.452482 1.533947 -11.736447 2.721579
1769101008.552481 1.522304 -11.731250 2.721979
1769101008.652529 1.510642 -11.726075 2.723900
1769101008.752480 1.501187 -11.721920 2.724755
1769101008.852581 1.489535 -11.716795 2.727487
1769101008.952486 1.478161 -11.711794 2.728506
1769101009.052552 1.468892 -11.707720 2.727110
1769101009.152488 1.457186 -11.702570 2.725630
1769101009.252539 1.445372 -11.697353 2.723249
1769101009.352494 1.435793 -11.693109 2.721202
1769101009.452495 1.423956 -11.687837 2.719486
1769101009.552541 1.412390 -11.682659 2.719922
1769101009.652502 1.403337 -11.678616 2.723116
1769101009.752519 1.391710 -11.673478 2.724924
1769101009.852515 1.379859 -11.668277 2.723592
1769101009.952526 1.370221 -11.664060 2.719206
1769101010.052498 1.358406 -11.658805 2.714415
1769101010.152512 1.346922 -11.653623 2.712810
1769101010.252503 1.335475 -11.648436 2.713485
1769101010.352501 1.319999 -11.637944 2.714991
1769101010.452536 1.298365 -11.622607 2.712455
1769101010.552516 1.283234 -11.613671 2.711373
1769101010.652486 1.274049 -11.609532 2.710659
1769101010.752495 1.262545 -11.604322 2.711361
1769101010.852515 1.250636 -11.598945 2.709236
1769101010.952515 1.241042 -11.594592 2.705637
1769101011.052523 1.229229 -11.589141 2.695606
1769101011.152501 1.219829 -11.584699 2.687173
1769101011.252526 1.208731 -11.579280 2.681684
1769101011.352525 1.197444 -11.573692 2.675301
1769101011.452528 1.186060 -11.567947 2.668515
1769101011.552521 1.176849 -11.563251 2.656355
1769101011.652572 1.165472 -11.557263 2.644590
1769101011.752547 1.156307 -11.552358 2.629159
1769101011.852582 1.145263 -11.546205 2.616757
1769101011.952602 1.133911 -11.539665 2.610824
1769101012.052562 1.122843 -11.533185 2.610743
1769101012.152531 1.114012 -11.528048 2.611306
1769101012.252543 1.103697 -11.522070 2.612357
1769101012.298360 1.099787 -11.519828 2.611506
1769101012.298360 1.099787 -11.519828 2.611506
1769101012.552593 1.072899 -11.504175 2.614959
1769101012.652547 1.061563 -11.497577 2.613397
1769101012.752624 1.052632 -11.492354 2.611602
1769101012.852554 1.041674 -11.485967 2.610240
1769101012.952598 1.030671 -11.479570 2.610158
1769101013.052551 1.022098 -11.474564 2.615381
1769101013.152596 1.011165 -11.468235 2.616316
1769101013.252552 1.000344 -11.461988 2.610399
1769101013.352550 0.989945 -11.455857 2.601997
1769101013.452618 0.979075 -11.449325 2.589600
1769101013.552561 0.970286 -11.443917 2.578574
1769101013.652560 0.959381 -11.437030 2.567713
1769101013.752594 0.949074 -11.430420 2.557074
1769101013.852573 0.938549 -11.423530 2.548382
1769101013.952592 0.930279 -11.418046 2.539763
1769101014.052567 0.919800 -11.410919 2.529217
1769101014.152560 0.909193 -11.403500 2.517357
1769101014.252542 0.900575 -11.397378 2.508793
1769101014.302222 0.894354 -11.392850 2.504093
1769101014.452577 0.879644 -11.382018 2.485005
1769101014.502958 0.875706 -11.379026 2.481638
1769101014.652580 0.861859 -11.368300 2.473153
1769101014.703557 0.857759 -11.365086 2.470160
1769101014.852578 0.843837 -11.354065 2.459625
1769101014.904206 0.839647 -11.350705 2.454190
1769101015.052551 0.825929 -11.339367 2.438828
1769101015.104968 0.819819 -11.334197 2.430828
1769101015.252705 0.799101 -11.314893 2.413925
1769101015.305626 0.792514 -11.308510 2.407622
1769101015.452591 0.779503 -11.296636 2.401280
1769101015.506243 0.775281 -11.292736 2.399149
1769101015.652586 0.762751 -11.281120 2.394902
1769101015.706882 0.756838 -11.275647 2.392287
1769101015.852621 0.743993 -11.263619 2.389820
1769101015.907524 0.740017 -11.259868 2.390942
1769101016.052626 0.727038 -11.247663 2.389325
1769101016.108223 0.722623 -11.243485 2.389149
1769101016.252595 0.710229 -11.231750 2.391162
1769101016.308809 0.704266 -11.226128 2.392649
1769101016.452606 0.691969 -11.214638 2.395309
1769101016.509424 0.687711 -11.210654 2.397543
1769101016.652671 0.674971 -11.198812 2.395747
1769101016.710062 0.668933 -11.193161 2.393512
1769101016.852616 0.656529 -11.181374 2.392428
1769101016.910749 0.652139 -11.177208 2.391216
1769101017.052677 0.639605 -11.165361 2.392760
1769101017.111386 0.634785 -11.160857 2.391511
1769101017.252594 0.622807 -11.149570 2.393129
1769101017.311992 0.616655 -11.143785 2.393387
1769101017.452610 0.604766 -11.132584 2.391493
1769101017.512685 0.600111 -11.128171 2.392890
1769101017.652697 0.588289 -11.117098 2.385812
1769101017.713334 0.581890 -11.111035 2.384195
1769101017.852623 0.569717 -11.099381 2.384204
1769101017.913991 0.565403 -11.095234 2.384952
1769101018.052621 0.553353 -11.083756 2.390724
1769101018.114609 0.548298 -11.079013 2.392127
1769101018.252709 0.536490 -11.068014 2.389542
1769101018.315361 0.529955 -11.061911 2.387426
1769101018.452650 0.517999 -11.050603 2.385208
1769101018.516036 0.513244 -11.046068 2.385307
1769101018.652612 0.501245 -11.034643 2.386456
1769101018.716702 0.494712 -11.028425 2.387558
1769101018.852607 0.482855 -11.017203 2.386529
1769101018.917371 0.478085 -11.012668 2.387150
1769101019.052637 0.466513 -11.001717 2.389014
1769101019.118015 0.461212 -10.996699 2.391320
1769101019.252637 0.449949 -10.986095 2.391223
1769101019.318732 0.443216 -10.979756 2.388655
1769101019.452692 0.431467 -10.968585 2.383615
1769101019.519304 0.425944 -10.963309 2.381175
1769101019.652615 0.413387 -10.951238 2.379683
1769101019.719988 0.408437 -10.946470 2.378365
1769101019.852753 0.396949 -10.935391 2.367185
1769101019.920714 0.391336 -10.929890 2.359108
1769101020.052661 0.406869 -10.919511 2.352472
1769101020.121432 0.413681 -10.912589 2.349225
1769101020.252619 0.402601 -10.901208 2.333384
1769101020.322078 0.396895 -10.895249 2.321365
1769101020.452615 0.386730 -10.884279 2.308218
1769101020.522757 0.380296 -10.877150 2.303358
1769101020.652636 0.371578 -10.867401 2.295310
1769101020.723371 0.365262 -10.860232 2.291735
1769101020.852668 0.354888 -10.848279 2.281927
1769101020.924091 0.350023 -10.842578 2.274600
1769101021.052646 0.339905 -10.830502 2.259371
1769101021.124769 0.334521 -10.823862 2.251757
1769101021.252678 0.325453 -10.812447 2.239357
1769101021.325645 0.319301 -10.804547 2.233551
1769101021.452650 0.310067 -10.792462 2.228044
1769101021.526141 0.305023 -10.785773 2.224197
1769101021.652687 0.296524 -10.774499 2.210134
1769101021.726756 0.290686 -10.766608 2.199340
1769101021.852723 0.281657 -10.754088 2.180528
1769101021.927530 0.276574 -10.746707 2.172817
1769101022.052659 0.268533 -10.734907 2.155482
1769101022.128296 0.263102 -10.726649 2.149369
1769101022.252695 0.255231 -10.714578 2.138573
1769101022.328905 0.250487 -10.707109 2.134621
1769101022.452697 0.243095 -10.695444 2.129546
1769101022.529554 0.237473 -10.686472 2.129812
1769101022.652667 0.229304 -10.673405 2.131067
1769101022.730162 0.225039 -10.666561 2.131892
1769101022.852674 0.216979 -10.653639 2.128500
1769101022.930851 0.211928 -10.645512 2.126844
1769101023.052673 0.204732 -10.633986 2.126335
1769101023.131445 0.199682 -10.625882 2.131690
1769101023.252694 0.192553 -10.614577 2.137083
1769101023.332253 0.186865 -10.605604 2.137806
1769101023.452685 0.178887 -10.593030 2.133648
1769101023.532876 0.174533 -10.586092 2.131411
1769101023.652686 0.166409 -10.573146 2.129081
1769101023.733522 0.161085 -10.564671 2.129179
1769101023.852696 0.152903 -10.551665 2.130626
1769101023.934222 0.148539 -10.544719 2.131550
1769101024.052698 0.140936 -10.532613 2.129789
1769101024.134938 0.135702 -10.524283 2.123946
1769101024.252714 0.128795 -10.513194 2.112185
1769101024.335659 0.123097 -10.503814 2.104133
1769101024.452694 0.115630 -10.491223 2.087317
1769101024.536395 0.111313 -10.483718 2.075730
1769101024.652699 0.104355 -10.471208 2.065073
1769101024.736976 0.099475 -10.462239 2.060240
1769101024.852736 0.092757 -10.449568 2.043345
1769101024.937671 0.089395 -10.441581 2.027713
1769101025.052704 0.083071 -10.428908 2.017633
1769101025.138335 0.078421 -10.419320 2.008607
1769101025.252708 0.073056 -10.407963 2.003538
1769101025.339003 0.068027 -10.397364 1.998696
1769101025.452724 0.062005 -10.384547 1.995626
1769101025.539541 0.058236 -10.376467 1.996461
1769101025.652794 0.052501 -10.364001 1.997663
1769101025.740279 0.047825 -10.353931 1.995269
1769101025.852725 0.042106 -10.341668 1.991975
1769101025.940953 0.038250 -10.333441 1.988476
1769101026.052742 0.032330 -10.320649 1.979757
1769101026.141742 0.027704 -10.310280 1.972819
1769101026.252811 0.022277 -10.297601 1.964138
1769101026.343165 0.018776 -10.289287 1.958567
1769101026.452764 0.013760 -10.277171 1.953852
1769101026.543858 0.009357 -10.266419 1.951899
1769101026.652732 0.004377 -10.254257 1.949550
1769101026.743573 0.000239 -10.244095 1.947697
1769101026.852731 -0.004910 -10.231366 1.945534
1769101026.944690 -0.008359 -10.222810 1.948430
1769101027.052733 -0.013504 -10.210056 1.949178
1769101027.144913 -0.017684 -10.199631 1.950906
1769101027.252748 -0.022759 -10.186989 1.953232
1769101027.345556 -0.026116 -10.178710 1.953635
1769101027.452748 -0.031104 -10.166462 1.955200
1769101027.546216 -0.035582 -10.155583 1.955393
1769101027.652776 -0.039921 -10.145039 1.953587
1769101027.746891 -0.044496 -10.133772 1.950887
1769101027.852798 -0.049519 -10.121218 1.948851
1769101027.947583 -0.053875 -10.110182 1.950161
1769101028.052764 -0.057964 -10.099948 1.951454
1769101028.148219 -0.062555 -10.088609 1.951312
1769101028.252751 -0.067422 -10.076618 1.950811
1769101028.348849 -0.071769 -10.065864 1.950846
1769101028.452754 -0.075577 -10.056382 1.951873
1769101028.549577 -0.080263 -10.044738 1.953592
1769101028.652761 -0.085315 -10.032260 1.953315
1769101028.750262 -0.089219 -10.022690 1.949239
1769101028.852779 -0.094026 -10.010668 1.947990
1769101028.950903 -0.098575 -9.999269 1.948667
1769101029.052780 -0.102423 -9.989615 1.953892
1769101029.151493 -0.107132 -9.978013 1.956364
1769101029.252766 -0.112010 -9.966117 1.955472
1769101029.352165 -0.115885 -9.956671 1.951540
1769101029.452770 -0.120714 -9.944687 1.948167
1769101029.552788 -0.125537 -9.932620 1.945710
1769101029.652793 -0.119324 -9.908029 1.945355
1769101029.752792 -0.114017 -9.880906 1.945217
1769101029.852773 -0.118592 -9.868884 1.948408
1769101029.952808 -0.122342 -9.859408 1.946063
1769101030.052790 -0.126990 -9.847686 1.944915
1769101030.152781 -0.131648 -9.835901 1.946234
1769101030.252854 -0.135480 -9.826251 1.947042
1769101030.352780 -0.140310 -9.814100 1.944694
1769101030.452799 -0.144149 -9.804291 1.943235
1769101030.552866 -0.148804 -9.792265 1.942438
1769101030.652789 -0.153450 -9.780361 1.943027
1769101030.752788 -0.157164 -9.770956 1.945557
1769101030.852792 -0.161939 -9.758970 1.946370
1769101030.952791 -0.166655 -9.747154 1.942568
1769101031.052836 -0.170318 -9.737911 1.933938
1769101031.152833 -0.174698 -9.726232 1.926654
1769101031.252814 -0.179133 -9.714272 1.916535
1769101031.352812 -0.183497 -9.702133 1.904294
1769101031.452802 -0.186952 -9.692152 1.893880
1769101031.552803 -0.190867 -9.680326 1.886313
1769101031.652819 -0.194650 -9.668626 1.878536
1769101031.752818 -0.198291 -9.657097 1.871507
1769101031.852828 -0.201373 -9.647267 1.860594
1769101031.952838 -0.205009 -9.635263 1.847417
1769101032.052892 -0.208459 -9.623184 1.837954
1769101032.152817 -0.211855 -9.610854 1.824164
1769101032.252821 -0.214983 -9.598946 1.813623
1769101032.352817 -0.217428 -9.589541 1.802666
1769101032.452822 -0.220389 -9.577410 1.794783
1769101032.552816 -0.223286 -9.565150 1.788051
1769101032.652831 -0.226115 -9.552707 1.777460
1769101032.752822 -0.228291 -9.542832 1.766387
1769101032.852839 -0.230756 -9.530750 1.755568
1769101032.952824 -0.233165 -9.517943 1.747634
1769101033.052825 -0.235017 -9.507938 1.744530
1769101033.152838 -0.237302 -9.495176 1.747085
1769101033.252830 -0.239562 -9.482910 1.749121
1769101033.352830 -0.241830 -9.470834 1.748609
1769101033.452876 -0.243676 -9.460861 1.747695
1769101033.552829 -0.246003 -9.448109 1.748438
1769101033.652855 -0.248246 -9.435825 1.746586
1769101033.752842 -0.250093 -9.425544 1.745995
1769101033.852837 -0.252397 -9.412844 1.741169
1769101033.952866 -0.254561 -9.400436 1.739674
1769101034.052874 -0.256329 -9.390338 1.739033
1769101034.152843 -0.258501 -9.377986 1.741352
1769101034.252840 -0.260687 -9.365708 1.743054
1769101034.352849 -0.262944 -9.353284 1.742351
1769101034.452858 -0.260436 -9.351997 1.736544
1769101034.552842 -0.257419 -9.349343 1.729558
1769101034.652849 -0.258598 -9.338332 1.727895
1769101034.752851 -0.260616 -9.325649 1.728188
1769101034.852857 -0.262208 -9.315779 1.730340
1769101034.952847 -0.264219 -9.303542 1.730860
1769101035.052850 -0.266302 -9.290972 1.728984
1769101035.152857 -0.267939 -9.281020 1.729865
1769101035.252886 -0.270050 -9.268288 1.729094
1769101035.352869 -0.272117 -9.255672 1.729017
1769101035.452871 -0.273782 -9.245627 1.727090
1769101035.552877 -0.275874 -9.233089 1.720602
1769101035.652863 -0.277832 -9.220419 1.720963
1769101035.752911 -0.279784 -9.207889 1.725686
1769101035.852866 -0.281353 -9.198063 1.729550
1769101035.952888 -0.283306 -9.186201 1.732369
1769101036.052888 -0.285311 -9.174153 1.733929
1769101036.152884 -0.287367 -9.162136 1.727124
1769101036.252887 -0.289358 -9.149814 1.723860
1769101036.352870 -0.291367 -9.137087 1.721385
1769101036.452874 -0.292976 -9.126790 1.719096
1769101036.552879 -0.294931 -9.114047 1.716207
1769101036.652877 -0.296795 -9.101801 1.715822
1769101036.752881 -0.298313 -9.091882 1.715565
1769101036.852909 -0.300172 -9.079501 1.718958
1769101036.952908 -0.302120 -9.066857 1.719746
1769101037.052898 -0.303707 -9.056789 1.717864
1769101037.152911 -0.305621 -9.044181 1.716173
1769101037.252885 -0.307527 -9.031303 1.711795
1769101037.352906 -0.309068 -9.020809 1.710024
1769101037.452888 -0.310917 -9.007918 1.709854
1769101037.552924 -0.312728 -8.995392 1.712274
1769101037.652918 -0.314191 -8.985524 1.713263
1769101037.752919 -0.316085 -8.972965 1.712196
1769101037.852937 -0.318020 -8.960131 1.709507
1769101037.952943 -0.319546 -8.949690 1.708058
1769101038.052933 -0.321365 -8.936843 1.705723
1769101038.152909 -0.322755 -8.926786 1.703921
1769101038.252901 -0.324463 -8.913974 1.703644
1769101038.352926 -0.326082 -8.901440 1.706797
1769101038.452917 -0.327505 -8.891119 1.705970
1769101038.552929 -0.329231 -8.878661 1.705703
1769101038.652914 -0.330914 -8.866427 1.706429
1769101038.752925 -0.332567 -8.854174 1.708929
1769101038.852910 -0.333997 -8.843893 1.704828
1769101038.952909 -0.335745 -8.830918 1.702199
1769101039.052909 -0.337482 -8.817762 1.699834
1769101039.152940 -0.338801 -8.807653 1.698467
1769101039.252936 -0.330203 -8.802342 1.693783
1769101039.352932 -0.316367 -8.800158 1.687216
1769101039.452930 -0.312747 -8.790502 1.685163
1769101039.552990 -0.313941 -8.780548 1.683565
1769101039.652922 -0.315420 -8.767964 1.681892
1769101039.752977 -0.316826 -8.755759 1.678975
1769101039.852999 -0.318180 -8.743647 1.675364
1769101039.952945 -0.319499 -8.731006 1.674706
1769101040.052961 -0.320560 -8.721044 1.675708
1769101040.152945 -0.321888 -8.708459 1.679074
1769101040.252935 -0.323206 -8.696380 1.681498
1769101040.352934 -0.324546 -8.684368 1.682150
1769101040.452952 -0.325679 -8.674224 1.681345
1769101040.552951 -0.327062 -8.661550 1.681164
1769101040.652936 -0.328433 -8.649005 1.679456
1769101040.752938 -0.329794 -8.636224 1.677847
1769101040.852967 -0.330865 -8.626047 1.675329
1769101040.952961 -0.332158 -8.613510 1.674110
1769101041.052944 -0.333437 -8.600827 1.678131
1769101041.152964 -0.334733 -8.588601 1.682256
1769101041.252965 -0.335847 -8.578649 1.681908
1769101041.352968 -0.337192 -8.566788 1.678940
1769101041.452973 -0.338537 -8.554546 1.675263
1769101041.552951 -0.339796 -8.542366 1.672446
1769101041.652977 -0.341076 -8.529755 1.669707
1769101041.752958 -0.342315 -8.517236 1.668074
1769101041.853005 -0.343533 -8.504860 1.669086
1769101041.952998 -0.344477 -8.495403 1.669795
1769101042.052969 -0.345650 -8.483588 1.670575
1769101042.152957 -0.346894 -8.471254 1.670138
1769101042.252959 -0.348129 -8.459132 1.668906
1769101042.352961 -0.349365 -8.446661 1.667786
1769101042.452985 -0.350549 -8.434428 1.666676
1769101042.552973 -0.351557 -8.424037 1.662092
1769101042.652998 -0.352725 -8.411081 1.661773
1769101042.752993 -0.353859 -8.398448 1.665756
1769101042.852988 -0.354813 -8.388163 1.668882
1769101042.952986 -0.356030 -8.375857 1.670031
1769101043.052989 -0.357220 -8.363853 1.668618
1769101043.152973 -0.358411 -8.351323 1.664197
1769101043.252988 -0.359478 -8.339060 1.661369
1769101043.352982 -0.360355 -8.328836 1.655747
1769101043.452998 -0.361334 -8.316248 1.653568
1769101043.552980 -0.362213 -8.304238 1.655105
1769101043.652980 -0.363196 -8.291439 1.653805
1769101043.752992 -0.363954 -8.281247 1.652960
1769101043.853001 -0.364898 -8.268616 1.654206
1769101043.953028 -0.365878 -8.255712 1.653283
1769101044.052998 -0.366781 -8.243480 1.651665
1769101044.153009 -0.367468 -8.233607 1.648298
1769101044.252994 -0.347025 -8.250896 1.623805
1769101044.353020 -0.347549 -8.238053 1.624856
1769101044.402498 -0.347735 -8.233306 1.625907
1769101044.553012 -0.348530 -8.215419 1.629203
1769101044.603116 -0.348892 -8.208194 1.629205
1769101044.752997 -0.349749 -8.190782 1.626517
1769101044.803810 -0.350038 -8.185489 1.620803
1769101044.953003 -0.350711 -8.168095 1.617194
1769101045.004565 -0.351038 -8.159931 1.614494
1769101045.153028 -0.351538 -8.143016 1.609659
1769101045.205197 -0.351693 -8.137479 1.607698
1769101045.353030 -0.352224 -8.117682 1.605541
1769101045.405800 -0.352330 -8.112457 1.606480
1769101045.553025 -0.352809 -8.095367 1.602995
1769101045.606366 -0.353013 -8.087835 1.602832
1769101045.753044 -0.353392 -8.071087 1.599767
1769101045.807050 -0.353498 -8.065526 1.597770
1769101045.953029 -0.353766 -8.048182 1.592434
1769101046.007740 -0.353901 -8.040278 1.588185
1769101046.153084 -0.354020 -8.023291 1.589778
1769101046.208411 -0.354132 -8.015666 1.588204
1769101046.353046 -0.354273 -7.999344 1.589663
1769101046.409075 -0.354375 -7.993614 1.586389
1769101046.553047 -0.354644 -7.974765 1.580238
1769101046.609849 -0.354683 -7.968822 1.579609
1769101046.753052 -0.354795 -7.952412 1.574685
1769101046.810293 -0.354820 -7.944067 1.572239
1769101046.953054 -0.354808 -7.926448 1.567552
1769101047.010907 -0.354767 -7.920502 1.569633
1769101047.153049 -0.354730 -7.903699 1.573096
1769101047.211500 -0.354735 -7.897352 1.573751
1769101047.353071 -0.354795 -7.880865 1.571726
1769101047.412233 -0.354794 -7.872574 1.571747
1769101047.553056 -0.354781 -7.855366 1.570860
1769101047.612887 -0.354778 -7.848913 1.569829
1769101047.753062 -0.354731 -7.831907 1.568269
1769101047.813576 -0.354713 -7.825173 1.567257
1769101047.953053 -0.354611 -7.806710 1.567882
1769101048.014236 -0.354567 -7.800696 1.569929
1769101048.153076 -0.354521 -7.784266 1.572781
1769101048.214884 -0.354496 -7.777482 1.574352
1769101048.353070 -0.354490 -7.761388 1.570139
1769101048.415530 -0.354452 -7.752584 1.567737
1769101048.553077 -0.354279 -7.736140 1.563630
1769101048.616195 -0.354152 -7.728915 1.563472
1769101048.753080 -0.353897 -7.713146 1.564623
1769101048.816768 -0.353784 -7.703974 1.565596
1769101048.953061 -0.346813 -7.708914 1.565340
1769101049.017529 -0.343505 -7.711347 1.565448
1769101049.153136 -0.343307 -7.696061 1.564047
1769101049.218180 -0.343199 -7.686601 1.562692
1769101049.353094 -0.342957 -7.670496 1.559918
1769101049.418804 -0.342816 -7.663363 1.559897
1769101049.553084 -0.342495 -7.645712 1.554259
1769101049.619505 -0.342308 -7.639347 1.555343
1769101049.753096 -0.341965 -7.623632 1.557707
1769101049.820056 -0.341808 -7.614845 1.557572
1769101049.953118 -0.341552 -7.599476 1.557144
1769101050.020746 -0.341408 -7.590677 1.554720
1769101050.153089 -0.341083 -7.575081 1.548427
1769101050.221518 -0.340880 -7.567334 1.545250
1769101050.353095 -0.340403 -7.551979 1.542282
1769101050.422120 -0.340065 -7.542459 1.542892
1769101050.553118 -0.339518 -7.526496 1.542929
1769101050.622700 -0.339275 -7.519427 1.542893
1769101050.753109 -0.338736 -7.503724 1.543722
1769101050.823333 -0.338466 -7.495784 1.544871
1769101050.953089 -0.337889 -7.478467 1.544342
1769101051.024001 -0.337653 -7.471597 1.541921
1769101051.153112 -0.337095 -7.456605 1.537042
1769101051.224726 -0.336694 -7.446471 1.531987
1769101051.353108 -0.335949 -7.430310 1.532893
1769101051.425329 -0.335618 -7.423216 1.534403
1769101051.553128 -0.334956 -7.407952 1.538119
1769101051.626039 -0.334650 -7.399664 1.536328
1769101051.753138 -0.334039 -7.383152 1.530159
1769101051.826747 -0.333709 -7.375833 1.528400
1769101051.953126 -0.333007 -7.360236 1.522477
1769101052.027484 -0.332494 -7.350229 1.520588
1769101052.153121 -0.331694 -7.335223 1.517286
1769101052.228193 -0.331245 -7.327695 1.518678
1769101052.353138 -0.330391 -7.312769 1.520189
1769101052.428725 -0.329897 -7.303792 1.521392
1769101052.553134 -0.329048 -7.287587 1.521901
1769101052.629404 -0.328638 -7.279982 1.521885
1769101052.753134 -0.327822 -7.265064 1.520555
1769101052.830137 -0.327314 -7.255849 1.515559
1769101052.953151 -0.326449 -7.241615 1.511594
1769101053.030730 -0.325760 -7.230869 1.511477
1769101053.153149 -0.324805 -7.215928 1.512126
1769101053.231343 -0.324244 -7.207118 1.513258
1769101053.353145 -0.323459 -7.194380 1.512250
1769101053.432000 -0.322832 -7.183997 1.508052
1769101053.553199 -0.321896 -7.169241 1.501169
1769101053.632615 -0.321177 -7.158940 1.497288
1769101053.753192 -0.314169 -7.156231 1.493898
1769101053.833243 -0.309607 -7.155944 1.492780
1769101053.953187 -0.308439 -7.141252 1.490992
1769101054.033908 -0.307648 -7.131167 1.489719
1769101054.153157 -0.306589 -7.117956 1.492176
1769101054.234567 -0.305769 -7.107317 1.490686
1769101054.353161 -0.304629 -7.092885 1.488571
1769101054.435267 -0.303935 -7.084372 1.485884
1769101054.553186 -0.302671 -7.069623 1.481761
1769101054.635912 -0.301737 -7.059354 1.479394
1769101054.753175 -0.300534 -7.046369 1.476986
1769101054.836530 -0.299503 -7.035617 1.477691
1769101054.953151 -0.298178 -7.021693 1.479706
1769101055.037192 -0.297368 -7.013228 1.480499
1769101055.153183 -0.296020 -6.998723 1.479338
1769101055.237761 -0.295024 -6.988172 1.475801
1769101055.353235 -0.293593 -6.973605 1.469696
1769101055.438467 -0.292683 -6.964852 1.464830
1769101055.553183 -0.291088 -6.950335 1.456739
1769101055.639127 -0.289839 -6.939703 1.454567
1769101055.753218 -0.288355 -6.927371 1.455171
1769101055.839751 -0.287039 -6.916306 1.456028
1769101055.953201 -0.285464 -6.903120 1.456340
1769101056.040419 -0.284206 -6.892638 1.454532
1769101056.153193 -0.282722 -6.880454 1.450807
1769101056.241077 -0.281286 -6.868931 1.448618
1769101056.353199 -0.279461 -6.854754 1.447078
1769101056.441678 -0.278295 -6.845830 1.444872
1769101056.553190 -0.276530 -6.832514 1.442406
1769101056.642482 -0.274971 -6.820876 1.443089
1769101056.753203 -0.273162 -6.807276 1.445506
1769101056.842952 -0.271990 -6.798120 1.443683
1769101056.953209 -0.270209 -6.784382 1.440315
1769101057.043667 -0.268978 -6.775255 1.436669
1769101057.153214 -0.267078 -6.761535 1.430382
1769101057.244476 -0.265337 -6.749367 1.424822
1769101057.353205 -0.263315 -6.735947 1.424577
1769101057.444972 -0.261928 -6.726824 1.424768
1769101057.553254 -0.259976 -6.713860 1.425670
1769101057.645611 -0.258296 -6.702629 1.425124
1769101057.753229 -0.256280 -6.689155 1.424921
1769101057.846250 -0.254843 -6.679596 1.424302
1769101057.953220 -0.252826 -6.666283 1.425910
1769101058.047148 -0.251097 -6.654709 1.431851
1769101058.153225 -0.249500 -6.643498 1.438877
1769101058.247602 -0.247858 -6.631489 1.451053
1769101058.353226 -0.246195 -6.618027 1.465917
1769101058.448284 -0.245150 -6.608575 1.475980
1769101058.553232 -0.233195 -6.617078 1.477271
1769101058.648997 -0.221865 -6.624036 1.478995
1769101058.753242 -0.220627 -6.611232 1.485035
1769101058.849659 -0.219696 -6.601385 1.492103
1769101058.953234 -0.218571 -6.588239 1.497714
1769101059.050385 -0.217568 -6.576031 1.498475
1769101059.153238 -0.216475 -6.562982 1.500996
1769101059.251073 -0.215653 -6.553304 1.501165
1769101059.353246 -0.214640 -6.540580 1.501370
1769101059.451728 -0.213700 -6.528023 1.500641
1769101059.553253 -0.212896 -6.517623 1.501659
1769101059.652454 -0.211920 -6.505087 1.502410
1769101059.753272 -0.210940 -6.492592 1.503738
1769101059.853162 -0.209950 -6.480143 1.505177
1769101059.953282 -0.209126 -6.469590 1.503497
1769101060.053255 -0.208146 -6.456754 1.504472
1769101060.153258 -0.207211 -6.444320 1.506091
1769101060.253255 -0.206340 -6.432356 1.510399
1769101060.353254 -0.205622 -6.422517 1.516422
1769101060.453256 -0.204825 -6.410383 1.517791
1769101060.553254 -0.204029 -6.397634 1.514013
1769101060.653255 -0.203233 -6.385202 1.507038
1769101060.753246 -0.202515 -6.374920 1.503825
1769101060.853269 -0.201615 -6.362334 1.502916
1769101060.953269 -0.200677 -6.349622 1.506063
1769101061.053260 -0.199755 -6.336679 1.510691
1769101061.153310 -0.199031 -6.326520 1.512056
1769101061.253268 -0.198218 -6.314458 1.512355
1769101061.353264 -0.197386 -6.301801 1.512251
1769101061.453267 -0.196684 -6.291863 1.515312
1769101061.553264 -0.195804 -6.279036 1.518993
1769101061.653296 -0.194942 -6.266434 1.522202
1769101061.753285 -0.194113 -6.253650 1.519907
1769101061.853273 -0.193446 -6.243903 1.519787
1769101061.953278 -0.192690 -6.231637 1.521201
1769101062.053280 -0.191944 -6.219466 1.526323
1769101062.153278 -0.191228 -6.206924 1.528061
1769101062.253270 -0.190529 -6.194641 1.528478
1769101062.353291 -0.189906 -6.184819 1.527245
1769101062.453298 -0.189154 -6.172314 1.525919
1769101062.553269 -0.188384 -6.159508 1.522626
1769101062.653291 -0.187578 -6.146319 1.522666
1769101062.753284 -0.186947 -6.136499 1.525272
1769101062.853262 -0.186233 -6.124400 1.527504
1769101062.953296 -0.185523 -6.112147 1.529738
1769101063.053333 -0.184855 -6.099774 1.526878
1769101063.153279 -0.184264 -6.089457 1.523509
1769101063.253304 -0.183535 -6.076393 1.521379
1769101063.353299 -0.173874 -6.067814 1.517156
1769101063.453303 -0.163146 -6.062512 1.518529
1769101063.553283 -0.161175 -6.050438 1.522913
1769101063.653313 -0.160438 -6.037946 1.528405
1769101063.753334 -0.159887 -6.027864 1.528172
1769101063.853306 -0.159280 -6.015583 1.526198
1769101063.953322 -0.158654 -6.002934 1.523842
1769101064.053312 -0.157998 -5.990527 1.523578
1769101064.153292 -0.157429 -5.980491 1.524918
1769101064.253314 -0.156720 -5.967355 1.522792
1769101064.353329 -0.155991 -5.954171 1.521138
1769101064.453309 -0.155425 -5.944188 1.519302
1769101064.553311 -0.154716 -5.931581 1.522249
1769101064.653317 -0.154076 -5.919064 1.523640
1769101064.753321 -0.153536 -5.908795 1.527929
1769101064.853326 -0.152889 -5.895921 1.530395
1769101064.953326 -0.152278 -5.883286 1.528181
1769101065.053377 -0.151746 -5.872911 1.525738
1769101065.153370 -0.151120 -5.860321 1.522788
1769101065.253335 -0.150430 -5.847309 1.525963
1769101065.353302 -0.149893 -5.836965 1.529587
1769101065.453331 -0.149270 -5.824093 1.533562
1769101065.553323 -0.148722 -5.811568 1.531714
1769101065.653358 -0.148291 -5.801870 1.528820
1769101065.753364 -0.147715 -5.789220 1.526992
1769101065.853351 -0.147096 -5.776161 1.527489
1769101065.953367 -0.146563 -5.765731 1.526934
1769101066.053349 -0.145890 -5.752707 1.526185
1769101066.153320 -0.145209 -5.739912 1.527055
1769101066.253335 -0.144657 -5.729846 1.528643
1769101066.353350 -0.144033 -5.717355 1.528509
1769101066.453359 -0.143408 -5.704481 1.528094
1769101066.553331 -0.142818 -5.692209 1.525231
1769101066.653349 -0.142273 -5.681988 1.526689
1769101066.753355 -0.141602 -5.669426 1.529153
1769101066.853404 -0.140944 -5.656675 1.526934
1769101066.953357 -0.140396 -5.646508 1.527279
1769101067.053354 -0.139732 -5.633379 1.528175
1769101067.153345 -0.139117 -5.621089 1.531305
1769101067.253340 -0.138516 -5.608808 1.538108
1769101067.353362 -0.138026 -5.599091 1.540476
1769101067.453366 -0.137478 -5.586839 1.540118
1769101067.553366 -0.136903 -5.573801 1.537657
1769101067.653385 -0.136318 -5.561086 1.531974
1769101067.753388 -0.135801 -5.551003 1.528196
1769101067.853368 -0.135161 -5.538139 1.526669
1769101067.953373 -0.134509 -5.525547 1.530295
1769101068.053380 -0.134003 -5.515481 1.534999
1769101068.153348 -0.118799 -5.503136 1.530841
1769101068.253369 -0.097985 -5.490648 1.523233
1769101068.353374 -0.091716 -5.477956 1.521112
1769101068.453377 -0.091128 -5.467764 1.523567
1769101068.553378 -0.090401 -5.454644 1.525320
1769101068.653354 -0.089673 -5.441438 1.529415
1769101068.753384 -0.089114 -5.431161 1.526578
1769101068.853398 -0.088449 -5.418488 1.528595
1769101068.953365 -0.087850 -5.406229 1.530155
1769101069.053438 -0.087370 -5.396250 1.533680
1769101069.153368 -0.086796 -5.383700 1.536494
1769101069.253387 -0.086224 -5.371044 1.535377
1769101069.353376 -0.085710 -5.360866 1.532200
1769101069.453392 -0.085098 -5.348332 1.528834
1769101069.553392 -0.084476 -5.335797 1.526065
1769101069.653390 -0.083829 -5.322709 1.527602
1769101069.753465 -0.083233 -5.310440 1.531324
1769101069.853416 -0.082763 -5.300872 1.533730
1769101069.953429 -0.082204 -5.288587 1.533885
1769101070.053434 -0.081655 -5.276196 1.531671
1769101070.153399 -0.081103 -5.263699 1.528667
1769101070.253398 -0.080613 -5.253086 1.528510
1769101070.353407 -0.080021 -5.239972 1.527244
1769101070.453490 -0.079425 -5.227119 1.531339
1769101070.553391 -0.078975 -5.217048 1.536547
1769101070.653408 -0.078486 -5.204151 1.538116
1769101070.753413 -0.078048 -5.191373 1.538540
1769101070.853407 -0.077733 -5.181468 1.534834
1769101070.953415 -0.077295 -5.169046 1.533318
1769101071.053412 -0.076815 -5.156302 1.534620
1769101071.153399 -0.076406 -5.146249 1.535819
1769101071.253427 -0.075908 -5.133320 1.532501
1769101071.353428 -0.075386 -5.120197 1.532178
1769101071.453432 -0.074895 -5.107676 1.531087
1769101071.553426 -0.074521 -5.097860 1.531484
1769101071.653513 -0.074060 -5.085542 1.533401
1769101071.753442 -0.073607 -5.072993 1.534254
1769101071.853453 -0.073228 -5.062569 1.533227
1769101071.953429 -0.072751 -5.049769 1.531190
1769101072.053471 -0.072272 -5.037121 1.527746
1769101072.153440 -0.071779 -5.024295 1.527184
1769101072.253433 -0.071428 -5.014274 1.527565
1769101072.353431 -0.070948 -5.001405 1.533760
1769101072.453427 -0.070531 -4.988604 1.537722
1769101072.553439 -0.070216 -4.978535 1.539311
1769101072.653417 -0.069857 -4.966513 1.538808
1769101072.753446 -0.069476 -4.954009 1.536426
1769101072.853449 -0.069067 -4.940921 1.532635
1769101072.953452 -0.065977 -4.941760 1.533978
1769101073.053442 -0.060736 -4.948613 1.539465
1769101073.153424 -0.058269 -4.944584 1.543681
1769101073.253453 -0.058026 -4.934561 1.544110
1769101073.353452 -0.057756 -4.921823 1.543325
1769101073.453496 -0.057562 -4.911514 1.542769
1769101073.553502 -0.057307 -4.898926 1.540518
1769101073.653458 -0.057007 -4.886097 1.541620
1769101073.753478 -0.056714 -4.873550 1.544829
1769101073.853465 -0.056517 -4.863707 1.546123
1769101073.953463 -0.056271 -4.850493 1.547585
1769101074.053463 -0.056080 -4.838062 1.549244
1769101074.153455 -0.055924 -4.825654 1.551393
1769101074.253464 -0.055835 -4.815577 1.556752
1769101074.353467 -0.055735 -4.803016 1.557445
1769101074.453479 -0.055629 -4.790077 1.557581
1769101074.553474 -0.055561 -4.779922 1.555326
1769101074.653522 -0.055451 -4.767156 1.550614
1769101074.702425 -0.055391 -4.762054 1.549341
1769101074.853449 -0.055145 -4.743987 1.548481
1769101074.905728 -0.055009 -4.736109 1.551461
1769101074.905728 -0.055009 -4.736109 1.551461
1769101074.905728 -0.055009 -4.736109 1.551461
1769101075.253493 -0.054643 -4.695941 1.557271
1769101075.304212 -0.054582 -4.688165 1.554028
1769101075.453482 -0.054409 -4.670518 1.553761
1769101075.504835 -0.054360 -4.665105 1.553926
1769101075.653458 -0.054170 -4.646903 1.559839
1769101075.705494 -0.054139 -4.641493 1.560147
1769101075.853503 -0.054041 -4.624299 1.564404
1769101075.906253 -0.054021 -4.616541 1.567322
1769101076.053503 -0.054064 -4.599359 1.569637
1769101076.106833 -0.054088 -4.593640 1.570417
1769101076.253484 -0.054147 -4.576294 1.568820
1769101076.307503 -0.054141 -4.568107 1.569405
1769101076.453502 -0.054129 -4.551010 1.570047
1769101076.508151 -0.054143 -4.545378 1.567651
1769101076.653477 -0.054156 -4.527870 1.571713
1769101076.708883 -0.054197 -4.521880 1.570934
1769101076.853506 -0.054279 -4.505213 1.577872
1769101076.909436 -0.054340 -4.497322 1.578708
1769101077.053509 -0.054485 -4.480359 1.578794
1769101077.110176 -0.054542 -4.474421 1.578327
1769101077.253515 -0.054710 -4.457298 1.575303
1769101077.310905 -0.054788 -4.448662 1.574767
1769101077.453486 -0.054951 -4.431829 1.577167
1769101077.511559 -0.055008 -4.425988 1.582166
1769101077.653528 -0.055277 -4.408617 1.584786
1769101077.712172 -0.055383 -4.403058 1.586006
1769101077.853523 -0.055676 -4.387657 1.587272
1769101077.912816 -0.035423 -4.421691 1.578255
1769101078.053556 -0.035598 -4.406588 1.572098
1769101078.113609 -0.035642 -4.398899 1.573841
1769101078.253526 -0.035745 -4.383575 1.572849
1769101078.314181 -0.035794 -4.378103 1.571117
1769101078.453605 -0.035886 -4.363977 1.576001
1769101078.514789 -0.035941 -4.358412 1.576067
1769101078.653583 -0.036061 -4.345319 1.580350
1769101078.715569 -0.036144 -4.338011 1.578973
1769101078.853540 -0.036303 -4.324235 1.578282
1769101078.916117 -0.036367 -4.318786 1.577413
1769101079.053580 -0.036504 -4.304641 1.576779
1769101079.116863 -0.036559 -4.298457 1.576546
1769101079.253609 -0.036680 -4.285198 1.573455
1769101079.317472 -0.036731 -4.277585 1.574000
1769101079.453543 -0.036847 -4.263855 1.576274
1769101079.518068 -0.036893 -4.258614 1.580671
1769101079.653592 -0.037066 -4.244996 1.581521
1769101079.718688 -0.037149 -4.238784 1.582920
1769101079.853634 -0.037358 -4.224039 1.582904
1769101079.919314 -0.037433 -4.218532 1.583043
1769101080.053557 -0.037605 -4.205234 1.581543
1769101080.120019 -0.037681 -4.198787 1.580117
1769101080.253531 -0.037794 -4.185822 1.579990
1769101080.323336 -0.037867 -4.177453 1.579794
1769101080.323336 -0.037867 -4.177453 1.579794
1769101080.323336 -0.037867 -4.177453 1.579794
1769101080.653557 -0.038157 -4.145224 1.583973
1769101080.721933 -0.038237 -4.138778 1.585300
1769101080.853575 -0.038402 -4.126194 1.587979
1769101080.922686 -0.038529 -4.118066 1.586403
1769101081.053562 -0.038708 -4.104560 1.585017
1769101081.123316 -0.038785 -4.098590 1.582351
1769101081.253599 -0.038924 -4.085450 1.583315
1769101081.324053 -0.038997 -4.078498 1.583182
1769101081.453572 -0.039137 -4.065985 1.584774
1769101081.524579 -0.039234 -4.057990 1.584992
1769101081.653595 -0.039396 -4.045131 1.586656
1769101081.725330 -0.039490 -4.038286 1.588497
1769101081.853687 -0.039673 -4.026559 1.587685
1769101081.925884 -0.039801 -4.018475 1.587753
1769101082.053607 -0.040008 -4.005533 1.586615
1769101082.126550 -0.040099 -3.999326 1.586761
1769101082.253589 -0.040294 -3.986099 1.582888
1769101082.327289 -0.040377 -3.978627 1.581926
1769101082.453673 -0.040499 -3.966739 1.578348
1769101082.527892 -0.040575 -3.958238 1.581613
1769101082.653600 -0.040712 -3.945548 1.583930
1769101082.728578 -0.040804 -3.938271 1.584986
1769101082.853594 -0.040973 -3.926518 1.587049
1769101082.929168 -0.041109 -3.918011 1.587802
1769101083.053598 -0.041312 -3.905387 1.588580
1769101083.130074 -0.041405 -3.899078 1.588622
1769101083.253584 -0.041598 -3.886508 1.586785
1769101083.330610 -0.041717 -3.878730 1.586256
1769101083.453617 -0.029481 -3.873083 1.584215
1769101083.531298 -0.021686 -3.867920 1.580304
1769101083.653670 -0.021814 -3.855624 1.582228
1769101083.731923 -0.021904 -3.847804 1.582497
1769101083.853620 -0.022029 -3.836966 1.587997
1769101083.932552 -0.022154 -3.828400 1.587510
1769101084.053644 -0.022332 -3.816244 1.589749
1769101084.133262 -0.022436 -3.809432 1.586908
1769101084.253606 -0.022616 -3.796764 1.585210
1769101084.333986 -0.022709 -3.788486 1.582863
1769101084.453601 -0.022814 -3.777353 1.580629
1769101084.534531 -0.022890 -3.768243 1.580187
1769101084.653610 -0.022996 -3.755917 1.580623
1769101084.735206 -0.023065 -3.748851 1.583420
1769101084.853634 -0.023214 -3.736551 1.585530
1769101084.935969 -0.023326 -3.728200 1.586861
1769101085.053591 -0.023467 -3.717524 1.584472
1769101085.136840 -0.023580 -3.708375 1.585499
1769101085.253675 -0.023728 -3.696317 1.584426
1769101085.337232 -0.023809 -3.689216 1.585236
1769101085.453638 -0.023966 -3.676727 1.583732
1769101085.537822 -0.024077 -3.667816 1.583535
1769101085.653698 -0.024201 -3.657409 1.583683
1769101085.738602 -0.024313 -3.648104 1.585447
1769101085.853624 -0.024468 -3.636630 1.587766
1769101085.939243 -0.024583 -3.629381 1.591740
1769101086.053652 -0.024791 -3.617520 1.593714
1769101086.139976 -0.024953 -3.608473 1.591891
1769101086.253609 -0.025163 -3.596195 1.590319
1769101086.340639 -0.025268 -3.588982 1.586211
1769101086.453639 -0.025422 -3.577141 1.585770
1769101086.541401 -0.025511 -3.569642 1.582048
1769101086.653617 -0.025642 -3.557776 1.586751
1769101086.741999 -0.025771 -3.547926 1.586042
1769101086.853625 -0.025944 -3.536239 1.588001
1769101086.942620 -0.026054 -3.528912 1.588632
1769101087.053684 -0.026242 -3.517584 1.591237
1769101087.143339 -0.026398 -3.508559 1.590221
1769101087.253651 -0.026557 -3.498988 1.591046
1769101087.343998 -0.026716 -3.489067 1.588976
1769101087.453670 -0.026893 -3.477428 1.588602
1769101087.544637 -0.027040 -3.467678 1.587774
1769101087.653667 -0.027178 -3.458064 1.586221
1769101087.745269 -0.027317 -3.448396 1.589349
1769101087.853709 -0.027498 -3.437127 1.590943
1769101087.945996 -0.027623 -3.429407 1.594914
1769101088.053775 -0.027845 -3.418097 1.596109
1769101088.146704 -0.028043 -3.408529 1.597200
1769101088.253693 -0.028228 -3.399179 1.592765
1769101088.347364 -0.028414 -3.389314 1.592880
1769101088.453723 -0.028610 -3.378204 1.590268
1769101088.548013 -0.028778 -3.368217 1.589224
1769101088.653657 -0.028907 -3.358892 1.589089
1769101088.748641 -0.029066 -3.348394 1.590420
1769101088.853675 -0.029230 -3.337622 1.594528
1769101088.949296 -0.029402 -3.327881 1.595194
1769101089.053663 -0.029555 -3.318964 1.599260
1769101089.149969 0.010951 -3.338957 1.585120
1769101089.253738 0.010868 -3.327958 1.584955
1769101089.350636 0.010818 -3.319521 1.582573
1769101089.453668 0.010744 -3.308447 1.583223
1769101089.551344 0.010684 -3.298107 1.580460
1769101089.653688 0.010640 -3.289128 1.581771
1769101089.751967 0.010574 -3.278543 1.583055
1769101089.853700 0.010484 -3.267631 1.585920
1769101089.952549 0.010421 -3.259377 1.588955
1769101090.053691 0.010296 -3.248749 1.589636
1769101090.153226 0.010168 -3.238209 1.592114
1769101090.253656 0.010030 -3.227921 1.591803
1769101090.353700 0.009943 -3.219723 1.592689
1769101090.453724 0.009805 -3.209276 1.590371
1769101090.553665 0.009669 -3.198347 1.588042
1769101090.653674 0.009592 -3.189771 1.584427
1769101090.753694 0.009495 -3.179038 1.584240
1769101090.853690 0.009403 -3.168456 1.583316
1769101090.953721 0.009310 -3.157895 1.586715
1769101091.053683 0.009227 -3.149697 1.586998
1769101091.153689 0.009093 -3.139295 1.589367
1769101091.159238 0.009087 -3.138819 1.589540
1769101091.159238 0.009087 -3.138819 1.589540
1769101091.453708 0.008686 -3.109617 1.587641
1769101091.553794 0.008547 -3.098914 1.584915
1769101091.653770 0.008454 -3.090353 1.586504
1769101091.753742 0.008322 -3.079516 1.587290
1769101091.853716 0.008170 -3.068501 1.588635
1769101091.953799 0.008054 -3.059770 1.588778
1769101092.053735 0.007893 -3.049192 1.589641
1769101092.153715 0.007719 -3.038865 1.590253
1769101092.253739 0.007538 -3.028665 1.593356
1769101092.353737 0.007354 -3.018828 1.592229
1769101092.453720 0.007186 -3.010228 1.591107
1769101092.553716 0.006982 -2.999349 1.589164
1769101092.653724 0.006806 -2.988393 1.586157
1769101092.753750 0.006688 -2.979712 1.584639
1769101092.853741 0.006546 -2.969003 1.583866
1769101092.953728 0.006432 -2.960418 1.587222
1769101093.053717 0.006274 -2.950063 1.589431
1769101093.153814 0.006096 -2.939257 1.591663
1769101093.253728 0.005938 -2.930709 1.590318
1769101093.353732 0.005744 -2.920078 1.592660
1769101093.453729 0.005555 -2.909708 1.589688
1769101093.553747 0.005379 -2.899327 1.590548
1769101093.653747 0.005249 -2.890956 1.587969
1769101093.753742 0.005066 -2.880019 1.588838
1769101093.853766 0.004874 -2.869152 1.590284
1769101093.953759 0.004689 -2.858444 1.590693
1769101094.053728 0.004549 -2.850139 1.592124
1769101094.153744 0.004359 -2.839711 1.594036
1769101094.253744 0.004149 -2.829485 1.597668
1769101094.353754 0.003970 -2.821266 1.597798
1769101094.453772 0.003725 -2.810694 1.597302
1769101094.553749 0.003472 -2.799920 1.594278
1769101094.653750 0.003240 -2.789320 1.592221
1769101094.753753 0.003074 -2.780945 1.588618
1769101094.853760 0.022460 -2.790170 1.596642
1769101094.953756 0.022193 -2.779418 1.595955
1769101095.053758 0.021963 -2.770708 1.599557
1769101095.153805 0.021645 -2.759898 1.603042
1769101095.253777 0.021312 -2.749447 1.606084
1769101095.353767 0.021030 -2.741026 1.604884
1769101095.453777 0.020679 -2.730533 1.603478
1769101095.553766 0.020331 -2.720059 1.604594
1769101095.653763 0.020052 -2.711640 1.601603
1769101095.753784 0.019702 -2.700656 1.604364
1769101095.853767 0.019327 -2.689627 1.602011
1769101095.953794 0.019032 -2.680948 1.600710
1769101096.053785 0.018680 -2.670321 1.600349
1769101096.153780 0.018332 -2.659945 1.603001
1769101096.253777 0.018026 -2.651778 1.603508
1769101096.353783 0.017636 -2.641358 1.606484
1769101096.453777 0.017213 -2.630611 1.607296
1769101096.553780 0.016795 -2.620143 1.606810
1769101096.653776 0.016463 -2.611850 1.604278
1769101096.753792 0.016069 -2.601229 1.602471
1769101096.853801 0.015684 -2.590550 1.603571
1769101096.953779 0.015376 -2.582059 1.599299
1769101097.053786 0.015019 -2.571254 1.601285
1769101097.153782 0.014639 -2.560431 1.599822
1769101097.253781 0.014326 -2.551976 1.604074
1769101097.353789 0.013949 -2.541857 1.604825
1769101097.453792 0.013560 -2.531587 1.607056
1769101097.553822 0.013148 -2.521022 1.605632
1769101097.653830 0.012822 -2.512623 1.607266
1769101097.753811 0.012412 -2.501672 1.606646
1769101097.853819 0.012010 -2.490715 1.606715
1769101097.953827 0.011703 -2.482237 1.606852
1769101098.053835 0.011312 -2.471483 1.606679
1769101098.153798 0.010923 -2.460953 1.610358
1769101098.253802 0.010593 -2.452350 1.611987
1769101098.353811 0.010169 -2.441603 1.614411
1769101098.453826 0.009729 -2.431212 1.614895
1769101098.553800 0.009363 -2.422769 1.614724
1769101098.653885 0.008911 -2.412280 1.611313
1769101098.753827 0.008470 -2.401634 1.611630
1769101098.853812 0.008123 -2.393093 1.608267
1769101098.953815 0.007696 -2.382134 1.610520
1769101099.053812 0.007286 -2.371185 1.607900
1769101099.153816 0.006973 -2.362708 1.608901
1769101099.253830 0.006583 -2.352261 1.608748
1769101099.353831 0.006178 -2.341762 1.610312
1769101099.453825 0.005756 -2.331365 1.614235
1769101099.553862 0.005394 -2.322820 1.613520
1769101099.586574 0.005217 -2.318633 1.614587
1769101099.586574 0.005217 -2.318633 1.614587
1769101099.853830 0.004130 -2.292903 1.614803
1769101099.953863 0.003681 -2.282411 1.610786
1769101100.053861 0.003234 -2.271555 1.612736
1769101100.153838 0.002877 -2.263131 1.613129
1769101100.253838 0.002409 -2.252433 1.613968
1769101100.353834 0.001957 -2.242013 1.615774
1769101100.453839 0.031676 -2.251361 1.613311
1769101100.553930 0.031313 -2.242939 1.615161
1769101100.653860 0.030854 -2.232599 1.615724
1769101100.753848 0.030382 -2.222082 1.616098
1769101100.853860 0.029996 -2.213384 1.615868
1769101100.953846 0.029522 -2.202436 1.614501
1769101101.053858 0.029162 -2.193691 1.610107
1769101101.153847 0.028754 -2.183065 1.609628
1769101101.253848 0.028351 -2.172335 1.610502
1769101101.353854 0.028034 -2.163906 1.614338
1769101101.453856 0.027612 -2.153509 1.616636
1769101101.553868 0.027152 -2.142789 1.618198
1769101101.653883 0.026687 -2.132122 1.618614
1769101101.753907 0.026329 -2.123806 1.616486
1769101101.853958 0.025881 -2.113339 1.613332
1769101101.953862 0.025440 -2.102642 1.612724
1769101102.053909 0.025107 -2.094295 1.611699
1769101102.153863 0.024661 -2.083316 1.612317
1769101102.253888 0.024204 -2.072259 1.613189
1769101102.353893 0.023765 -2.061941 1.613604
1769101102.453904 0.023399 -2.053491 1.615450
1769101102.553876 0.022946 -2.043251 1.616698
1769101102.653872 0.022474 -2.033088 1.619708
1769101102.753876 0.022078 -2.024903 1.617653
1769101102.853896 0.021557 -2.014084 1.618356
1769101102.953877 0.021042 -2.003187 1.616766
1769101103.053894 0.020656 -1.994541 1.614634
1769101103.153974 0.020198 -1.983716 1.612151
1769101103.253886 0.019764 -1.973016 1.612676
1769101103.353903 0.019420 -1.964467 1.613614
1769101103.453887 0.018968 -1.953691 1.615582
1769101103.553911 0.018505 -1.943118 1.618974
1769101103.653914 0.018104 -1.934632 1.615896
1769101103.753891 0.017641 -1.924518 1.616511
1769101103.853933 0.017171 -1.914230 1.614747
1769101103.953913 0.016704 -1.903660 1.614302
1769101104.053935 0.016333 -1.895373 1.611249
1769101104.153898 0.015853 -1.884295 1.612043
1769101104.253894 0.015382 -1.873538 1.614594
1769101104.353916 0.014908 -1.862891 1.613957
1769101104.453923 0.014533 -1.854464 1.616996
1769101104.553921 0.014049 -1.844070 1.620316
1769101104.653924 0.013528 -1.833552 1.624023
1769101104.753917 0.013098 -1.825213 1.625046
1769101104.853941 0.012528 -1.814398 1.624637
1769101104.953912 0.011968 -1.803735 1.621438
1769101105.053911 0.011551 -1.795216 1.621014
1769101105.153934 0.011037 -1.784546 1.619011
1769101105.253913 0.010551 -1.774001 1.618873
1769101105.353917 0.010147 -1.765229 1.616845
1769101105.453912 0.009661 -1.754584 1.617654
1769101105.553938 0.009152 -1.743807 1.621153
1769101105.603561 0.008953 -1.739769 1.620588
1769101105.753953 0.008234 -1.725332 1.620108
1769101105.804178 0.008019 -1.721082 1.619658
1769101105.953951 0.007204 -1.704634 1.619294
1769101106.004885 0.026979 -1.680193 1.617497
1769101106.153927 0.026265 -1.665299 1.615750
1769101106.205565 0.026051 -1.660812 1.615203
1769101106.353941 0.025267 -1.643807 1.611860
1769101106.406228 0.025072 -1.639557 1.612303
1769101106.553928 0.024407 -1.625368 1.617067
1769101106.606865 0.024179 -1.620771 1.619029
1769101106.753938 0.023316 -1.604294 1.619626
1769101106.807532 0.023077 -1.599904 1.619704
1769101106.953951 0.022303 -1.585696 1.619984
1769101107.008203 0.022047 -1.580905 1.619607
1769101107.153967 0.021295 -1.566565 1.617382
1769101107.209095 0.020956 -1.559703 1.618641
1769101107.353949 0.020218 -1.545079 1.615313
1769101107.409677 0.019971 -1.540159 1.615544
1769101107.553947 0.019280 -1.526405 1.612310
1769101107.610320 0.018965 -1.519573 1.613501
1769101107.753964 0.018298 -1.505643 1.616871
1769101107.810923 0.018047 -1.500780 1.616829
1769101107.954020 0.017336 -1.487201 1.614345
1769101108.011594 0.016985 -1.480092 1.614950
1769101108.153974 0.016268 -1.465816 1.615726
1769101108.212305 0.016010 -1.460767 1.614755
1769101108.353974 0.015320 -1.446548 1.615475
1769101108.412898 0.014977 -1.439407 1.616663
1769101108.553957 0.014270 -1.425150 1.620973
1769101108.613632 0.014008 -1.420204 1.620122
1769101108.753990 0.013253 -1.405942 1.623570
1769101108.814299 0.012945 -1.400461 1.624205
1769101108.953988 0.012217 -1.387470 1.625263
1769101109.015049 0.011813 -1.380309 1.623775
1769101109.153965 0.011058 -1.366599 1.624192
1769101109.215676 0.010751 -1.361064 1.622980
1769101109.353976 0.010028 -1.347622 1.621149
1769101109.416388 0.009635 -1.339971 1.619813
1769101109.553995 0.008943 -1.326057 1.619272
1769101109.617126 0.008658 -1.320318 1.620528
1769101109.754002 0.007999 -1.307271 1.623171
1769101109.817917 0.007688 -1.301291 1.626353
1769101109.954023 0.006860 -1.286142 1.626085
1769101110.018336 0.006567 -1.280731 1.626141
1769101110.154005 0.005833 -1.267065 1.623809
1769101110.219081 0.005518 -1.260955 1.623352
1769101110.353992 0.004864 -1.248234 1.619550
1769101110.419712 0.004489 -1.240614 1.619605
1769101110.553992 0.003807 -1.226947 1.618830
1769101110.620386 0.003476 -1.220426 1.619582
1769101110.754009 0.002815 -1.207608 1.620802
1769101110.821059 0.002416 -1.200019 1.621336
1769101110.954022 0.001698 -1.186757 1.624477
1769101111.021676 0.001385 -1.181207 1.625412
1769101111.154031 0.000682 -1.168764 1.627230
1769101111.222410 0.000344 -1.162845 1.626605
1769101111.354012 -0.000300 -1.151279 1.624244
1769101111.425729 -0.000697 -1.143813 1.622782
1769101111.425729 -0.000697 -1.143813 1.622782
1769101111.425729 -0.000697 -1.143813 1.622782
1769101111.754038 -0.002142 -1.115437 1.620137
1769101111.824289 0.018007 -1.108152 1.610354
1769101111.954074 0.017484 -1.096200 1.611721
1769101112.024854 0.017206 -1.090229 1.611174
1769101112.154041 0.016694 -1.079371 1.608125
1769101112.225552 0.016380 -1.072127 1.607481
1769101112.354092 0.015894 -1.060612 1.605952
1769101112.426239 0.015667 -1.055220 1.606735
1769101112.554040 0.015187 -1.043365 1.607073
1769101112.626818 0.014930 -1.037094 1.607364
1769101112.754053 0.014407 -1.024012 1.608001
1769101112.827453 0.014182 -1.018540 1.608742
1769101112.954047 0.013701 -1.007217 1.610417
1769101113.030773 0.013411 -1.000513 1.611691
1769101113.030773 0.013411 -1.000513 1.611691
1769101113.030773 0.013411 -1.000513 1.611691
1769101113.354038 0.012081 -0.971978 1.613979
1769101113.429429 0.011768 -0.965506 1.613292
1769101113.554046 0.011291 -0.955727 1.610832
1769101113.630102 0.010976 -0.948869 1.609479
1769101113.754087 0.010532 -0.938890 1.606966
1769101113.830690 0.010273 -0.932742 1.606638
1769101113.954076 0.009895 -0.923591 1.606421
1769101114.031322 0.009613 -0.916464 1.607362
1769101114.154054 0.009198 -0.906217 1.608035
1769101114.231963 0.008968 -0.900826 1.607473
1769101114.354067 0.008544 -0.890768 1.608179
1769101114.432547 0.008270 -0.884478 1.609036
1769101114.554127 0.007874 -0.875574 1.608144
1769101114.633192 0.007579 -0.868577 1.609538
1769101114.754078 0.007155 -0.858658 1.609822
1769101114.833851 0.006917 -0.853234 1.608055
1769101114.954072 0.006495 -0.843109 1.608211
1769101115.034597 0.006215 -0.836504 1.606284
1769101115.154090 0.005837 -0.827334 1.602033
1769101115.235381 0.005570 -0.820098 1.597781
1769101115.354090 0.005266 -0.810512 1.587240
1769101115.435949 0.005133 -0.804139 1.581055
1769101115.554155 0.005012 -0.795733 1.573331
1769101115.636562 0.004970 -0.788484 1.567145
1769101115.754097 0.005007 -0.778801 1.557058
1769101115.837257 0.005074 -0.773382 1.549595
1769101115.954099 0.005283 -0.763852 1.535710
1769101116.037828 0.005525 -0.756493 1.525958
1769101116.154105 0.005953 -0.747093 1.512096
1769101116.238503 0.006261 -0.741551 1.501089
1769101116.354101 0.006909 -0.731950 1.485826
1769101116.439288 0.007495 -0.724828 1.475153
1769101116.554103 0.008243 -0.716584 1.462632
1769101116.639850 0.009017 -0.709018 1.454523
1769101116.754111 0.010083 -0.699492 1.445398
1769101116.840499 0.010909 -0.692643 1.438574
1769101116.954117 0.011908 -0.684767 1.429032
1769101117.041589 0.012898 -0.677493 1.420348
1769101117.154114 0.014243 -0.668381 1.405025
1769101117.241910 0.015172 -0.662523 1.393944
1769101117.354095 0.016771 -0.653210 1.378841
1769101117.442453 0.018143 -0.645849 1.369297
1769101117.554127 0.019723 -0.637759 1.358533
1769101117.643136 0.021338 -0.630002 1.350703
1769101117.754140 0.023303 -0.620961 1.341651
1769101117.843749 0.024638 -0.615015 1.335871
1769101117.954128 0.026682 -0.606266 1.326007
1769101118.044439 0.028431 -0.599096 1.317039
1769101118.154109 0.030275 -0.591781 1.307189
1769101118.245104 0.032273 -0.584192 1.297117
1769101118.354135 0.034666 -0.575467 1.285872
1769101118.445747 0.046210 -0.539418 1.280937
1769101118.554140 0.048766 -0.530626 1.268728
1769101118.646428 0.051057 -0.523073 1.258262
1769101118.754138 0.053421 -0.515581 1.245041
1769101118.847050 0.055965 -0.507848 1.234790
1769101118.954143 0.058791 -0.499560 1.225217
1769101119.047724 0.061225 -0.492678 1.217033
1769101119.154137 0.063705 -0.485800 1.207807
1769101119.248428 0.066319 -0.478748 1.202119
1769101119.354161 0.069500 -0.470401 1.191006
1769101119.449038 0.071859 -0.464369 1.181963
1769101119.554147 0.075221 -0.456046 1.171022
1769101119.649728 0.078304 -0.448626 1.160239
1769101119.754178 0.081817 -0.440472 1.146719
1769101119.850446 0.084498 -0.434400 1.135689
1769101119.954153 0.087965 -0.426785 1.123404
1769101120.051165 0.091497 -0.419293 1.113947
1769101120.154150 0.094637 -0.412769 1.104895
1769101120.251798 0.098247 -0.405448 1.095021
1769101120.354168 0.102157 -0.397734 1.087393
1769101120.452482 0.105128 -0.391956 1.078973
1769101120.554172 0.109015 -0.384576 1.070099
1769101120.653166 0.112838 -0.377457 1.061536
1769101120.754155 0.116844 -0.370197 1.049770
1769101120.853896 0.120876 -0.363092 1.036932
1769101120.954176 0.124301 -0.357202 1.026946
1769101121.054180 0.128646 -0.349926 1.014186
1769101121.154168 0.133205 -0.342523 1.004012
1769101121.254177 0.136888 -0.336652 0.995941
1769101121.354182 0.141384 -0.329616 0.987367
1769101121.454179 0.145952 -0.322610 0.980016
1769101121.554186 0.149689 -0.316956 0.972538
1769101121.654196 0.154271 -0.310157 0.962631
1769101121.754212 0.159033 -0.303267 0.952160
1769101121.854180 0.163851 -0.296468 0.941702
1769101121.954209 0.083532 -0.528377 1.021774
1769101122.054183 0.087957 -0.521091 1.012504
1769101122.154189 0.092567 -0.513695 1.001852
1769101122.254189 0.096319 -0.507807 0.991256
1769101122.354201 0.101059 -0.500531 0.981801
1769101122.454201 0.105884 -0.493312 0.971647
1769101122.554199 0.109713 -0.487691 0.962122
1769101122.654192 0.114464 -0.480851 0.952953
1769101122.754193 0.119270 -0.474077 0.945849
1769101122.854200 0.123275 -0.468503 0.937835
1769101122.954200 0.128781 -0.460981 0.928024
1769101123.054206 0.134466 -0.453373 0.919609
1769101123.154199 0.140316 -0.445729 0.907928
1769101123.254186 0.145008 -0.439711 0.896010
1769101123.354192 0.150924 -0.432295 0.883194
1769101123.454201 0.157027 -0.424875 0.873261
1769101123.554238 0.161954 -0.418984 0.864725
1769101123.654226 0.168119 -0.411750 0.856418
1769101123.754191 0.174896 -0.403913 0.848196
1769101123.854219 0.181959 -0.395887 0.842132
1769101123.954242 0.187498 -0.389656 0.833028
1769101124.054225 0.194619 -0.381797 0.823864
1769101124.154237 0.201623 -0.374226 0.813655
1769101124.254199 0.207421 -0.368071 0.800130
1769101124.354227 0.214823 -0.360441 0.786862
1769101124.454265 0.222419 -0.352814 0.775827
1769101124.554204 0.230015 -0.345357 0.768960
1769101124.654220 0.236122 -0.339425 0.761244
1769101124.754243 0.243656 -0.332221 0.755545
1769101124.854239 0.251272 -0.325039 0.745675
1769101124.954235 0.257341 -0.319394 0.735848
1769101125.054290 0.264938 -0.312508 0.726902
1769101125.154242 0.117625 -0.520322 0.837308
1769101125.254219 0.124674 -0.512509 0.826686
1769101125.354233 0.130512 -0.506151 0.817094
1769101125.454291 0.137782 -0.498425 0.805683
1769101125.554320 0.145049 -0.490865 0.794876
1769101125.654254 0.152339 -0.483484 0.788103
1769101125.754266 0.158344 -0.477462 0.780424
1769101125.854272 0.165882 -0.470029 0.773488
1769101125.954243 0.173468 -0.462667 0.767508
1769101126.054276 0.179712 -0.456639 0.754437
1769101126.154228 0.187612 -0.449204 0.740989
1769101126.254297 0.195420 -0.442111 0.728674
1769101126.354259 0.201805 -0.436421 0.717588
1769101126.454263 0.209922 -0.429365 0.708427
1769101126.554275 0.217771 -0.422685 0.703453
1769101126.654246 0.225804 -0.415892 0.695548
1769101126.754287 0.232173 -0.410589 0.687314
1769101126.854306 0.240083 -0.404117 0.678329
1769101126.954238 0.248325 -0.397504 0.666718
1769101127.054239 0.254840 -0.392381 0.656338
1769101127.154272 0.263131 -0.386058 0.648470
1769101127.254255 0.271831 -0.379512 0.636317
1769101127.354280 0.280800 -0.372969 0.626126
1769101127.454268 0.287865 -0.367931 0.618270
1769101127.554263 0.296557 -0.361825 0.609908
1769101127.654273 0.305178 -0.355894 0.602547
1769101127.754255 0.312032 -0.351204 0.593457
1769101127.854263 0.320873 -0.345272 0.582041
1769101127.954272 0.328076 -0.340559 0.574448
1769101128.054301 0.337045 -0.334790 0.562976
1769101128.154266 0.346341 -0.328959 0.552542
1769101128.254278 0.355508 -0.323357 0.541206
1769101128.354328 0.362561 -0.319149 0.533052
1769101128.454279 0.371842 -0.313706 0.522613
1769101128.554288 0.380979 -0.308505 0.514705
1769101128.654263 0.388376 -0.304342 0.508116
1769101128.754296 0.397666 -0.299169 0.500532
1769101128.854302 0.407000 -0.294099 0.493515
1769101128.954288 0.414492 -0.290055 0.482753
1769101129.054267 0.423964 -0.285088 0.468563
1769101129.154294 0.433667 -0.280216 0.454632
1769101129.254294 0.441506 -0.276387 0.442332
1769101129.354270 0.451279 -0.271834 0.433844
1769101129.454292 0.461046 -0.267348 0.426562
1769101129.554309 0.468774 -0.263807 0.419135
1769101129.654321 0.478434 -0.259490 0.409410
1769101129.754298 0.486138 -0.256137 0.400130
1769101129.854309 0.495969 -0.251968 0.388161
1769101129.954332 0.505873 -0.247921 0.375496
1769101130.054307 0.513933 -0.244760 0.367550
1769101130.154302 0.524109 -0.240830 0.356286
1769101130.254282 0.534422 -0.237006 0.345004
1769101130.354336 0.542517 -0.234143 0.338435
1769101130.454317 0.552131 -0.230794 0.328838
1769101130.554319 0.562165 -0.227420 0.322586
1769101130.654323 0.571751 -0.224278 0.318657
1769101130.754354 0.700151 -0.224459 0.269147
1769101130.854323 0.708055 -0.222215 0.264461
1769101130.954320 0.710245 -0.221625 0.264470
1769101131.054347 0.710610 -0.221516 0.264516
1769101131.154338 0.710705 -0.221486 0.264549
1769101131.254336 0.710746 -0.221479 0.264555
1769101131.354331 0.710787 -0.221473 0.264561
1769101131.454328 0.710784 -0.221470 0.264591
1769101131.554383 0.710782 -0.221467 0.264621
1769101131.654333 0.710780 -0.221465 0.264650
1769101131.754360 0.710778 -0.221463 0.264678
1769101131.854368 0.710777 -0.221461 0.264706
1769101131.954349 0.710775 -0.221459 0.264733
1769101132.054374 0.710774 -0.221458 0.264760
1769101132.154334 0.710772 -0.221456 0.264787
1769101132.254323 0.710771 -0.221455 0.264813
1769101132.354320 0.710770 -0.221454 0.264839
1769101132.454321 0.710769 -0.221453 0.264864
1769101132.554324 0.710768 -0.221453 0.264889
1769101132.654325 0.710768 -0.221452 0.264914
1769101132.754335 0.710767 -0.221451 0.264938
1769101132.854335 0.710766 -0.221451 0.264962
1769101132.954366 0.710766 -0.221451 0.264985
1769101133.054358 0.710766 -0.221451 0.265008
1769101133.154407 0.710765 -0.221452 0.265031
1769101133.254402 0.710765 -0.221452 0.265053
1769101133.354352 0.710765 -0.221453 0.265074
1769101133.454359 0.710765 -0.221453 0.265096
1769101133.554358 0.710765 -0.221454 0.265117
1769101133.654385 0.710765 -0.221455 0.265139
1769101133.754413 0.710767 -0.221453 0.264957
1769101133.854350 0.711329 -0.221301 0.264660
1769101133.954366 0.712204 -0.221067 0.265037
1769101134.054370 0.713062 -0.220831 0.265076
1769101134.154375 0.714067 -0.220557 0.264475
1769101134.254369 0.715072 -0.220295 0.265536
1769101134.354376 0.716057 -0.220025 0.265583
1769101134.454387 0.716834 -0.219817 0.265957
1769101134.554387 0.717710 -0.219582 0.266228
1769101134.654374 0.718553 -0.219351 0.265377
1769101134.754358 0.719475 -0.219105 0.264627
1769101134.854385 0.720477 -0.218838 0.265059
1769101134.954376 0.721555 -0.218546 0.264235
1769101135.054440 0.722311 -0.218344 0.263398
1769101135.154389 0.723285 -0.218084 0.263718
1769101135.254403 0.724345 -0.217797 0.263393
1769101135.354406 0.725146 -0.217584 0.262863
1769101135.454392 0.726173 -0.217309 0.262880
1769101135.554389 0.727182 -0.217035 0.262076
1769101135.654435 0.727876 -0.216851 0.262160
1769101135.754365 0.728881 -0.216581 0.262883
1769101135.854428 0.729834 -0.216323 0.262537
1769101135.954447 0.730442 -0.216160 0.262442
1769101136.054408 0.731477 -0.215881 0.261905
1769101136.103882 0.731893 -0.215768 0.261200
1769101136.254455 0.733160 -0.215429 0.259874
1769101136.304512 0.733759 -0.215272 0.260528
1769101136.454387 0.735247 -0.214874 0.259722
1769101136.505227 0.735740 -0.214745 0.259905
1769101136.654408 0.738297 -0.214067 0.259944
1769101136.705883 0.739545 -0.213736 0.259936
1769101136.854421 0.742279 -0.213010 0.261290
1769101136.906672 0.743190 -0.212768 0.261311
1769101137.054410 0.745879 -0.212053 0.261329
1769101137.107256 0.747140 -0.211718 0.261306
1769101137.254393 0.750015 -0.210955 0.262181
1769101137.307873 0.750926 -0.210713 0.262197
1769101137.454427 0.753577 -0.210006 0.263394
1769101137.508510 0.754825 -0.209671 0.263462
1769101137.654453 0.757573 -0.208932 0.264150
1769101137.709201 0.758453 -0.208695 0.264526
1769101137.854424 0.761253 -0.207940 0.265151
1769101137.909832 0.762122 -0.207707 0.265565
1769101138.054462 0.764980 -0.206935 0.267513
1769101138.110500 0.765973 -0.206666 0.268576
1769101138.254440 0.768657 -0.205934 0.269078
1769101138.311140 0.769939 -0.205584 0.268970
1769101138.454443 0.772632 -0.204850 0.269647
1769101138.511815 0.773645 -0.204574 0.269021
1769101138.654437 0.776954 -0.203669 0.268585
1769101138.712500 0.778872 -0.203144 0.269204
1769101138.854435 0.782149 -0.202246 0.269742
1769101138.913116 0.784136 -0.201701 0.269005
1769101139.054440 0.788248 -0.200572 0.269840
1769101139.113805 0.789709 -0.200171 0.270047
1769101139.254461 0.793676 -0.199083 0.269124
1769101139.314539 0.795133 -0.198683 0.268883
1769101139.454450 0.799566 -0.197470 0.266981
1769101139.515229 0.801013 -0.197076 0.266527
1769101139.654433 0.804953 -0.196004 0.266619
1769101139.715960 0.806584 -0.195560 0.265815
1769101139.854516 0.810302 -0.194547 0.265598
1769101139.916596 0.812551 -0.193936 0.265845
1769101140.054489 0.817507 -0.192583 0.267130
1769101140.117199 0.819754 -0.191969 0.267231
1769101140.254470 0.824819 -0.190588 0.265395
1769101140.317969 0.827783 -0.189784 0.265228
1769101140.454469 0.833154 -0.188329 0.263481
1769101140.518621 0.835312 -0.187748 0.262678
1769101140.654520 0.840781 -0.186277 0.261566
1769101140.719289 0.843146 -0.185644 0.260597
1769101140.854484 0.848213 -0.184289 0.260501
1769101140.920009 0.851608 -0.183383 0.260608
1769101141.054461 0.857763 -0.181736 0.261620
1769101141.120663 0.860447 -0.181016 0.261724
1769101141.254471 0.866932 -0.179273 0.263820
1769101141.321312 0.870217 -0.178385 0.264322
1769101141.454461 0.877109 -0.176511 0.267389
1769101141.522140 0.881431 -0.175323 0.268690
1769101141.654497 0.889469 -0.173098 0.271721
1769101141.722691 0.893726 -0.171912 0.271249
1769101141.854517 0.902075 -0.169582 0.271292
1769101141.923347 0.907591 -0.168046 0.268759
1769101142.054528 0.916717 -0.165525 0.269156
1769101142.124043 0.921044 -0.164331 0.265959
1769101142.254471 0.931290 -0.161538 0.261575
1769101142.324681 0.936532 -0.160126 0.261106
1769101142.454509 0.946067 -0.157566 0.260507
1769101142.525288 0.952449 -0.155851 0.264554
1769101142.654499 0.962566 -0.153060 0.275821
1769101142.725952 0.967285 -0.151708 0.283050
1769101142.854483 0.977118 -0.148791 0.295888
1769101142.926602 0.983380 -0.146868 0.305488
1769101143.054485 0.993193 -0.143719 0.318938
1769101143.127216 0.997942 -0.142135 0.325660
1769101143.254514 1.007746 -0.138767 0.339460
1769101143.327846 1.013166 -0.136837 0.347347
1769101143.454498 1.021984 -0.133608 0.357682
1769101143.528445 1.028296 -0.131237 0.363328
1769101143.654562 1.038066 -0.127477 0.370237
1769101143.729119 1.042772 -0.125633 0.376054
1769101143.854567 1.052352 -0.121808 0.388140
1769101143.929821 1.057915 -0.119518 0.395432
1769101144.054540 1.066559 -0.115859 0.409567
1769101144.130352 1.072731 -0.113154 0.414593
1769101144.254526 1.082009 -0.109021 0.418398
1769101144.331065 1.087555 -0.106531 0.418509
1769101144.454602 1.095711 -0.102874 0.419643
1769101144.531772 1.101896 -0.100094 0.418414
1769101144.654525 1.111179 -0.095950 0.417702
1769101144.733189 1.116143 -0.093721 0.414176
1769101144.854543 1.125472 -0.089580 0.413562
1769101144.933042 1.131332 -0.086981 0.412355
1769101145.054541 1.139701 -0.083281 0.411258
1769101145.133744 1.146332 -0.080368 0.409593
1769101145.254539 1.155558 -0.076349 0.408194
1769101145.334423 1.160585 -0.074169 0.409865
1769101145.454543 1.169769 -0.070176 0.412093
1769101145.535028 1.175761 -0.067549 0.412610
1769101145.654570 1.183933 -0.063946 0.413515
1769101145.735744 1.190457 -0.061066 0.415442
1769101145.854543 1.197809 -0.057785 0.414802
1769101145.936405 1.195117 -0.076352 0.379349
1769101146.054551 1.204230 -0.072705 0.377149
1769101146.137084 1.209550 -0.070585 0.374619
1769101146.254534 1.218748 -0.066956 0.372168
1769101146.337783 1.225286 -0.064388 0.369751
1769101146.454573 1.233568 -0.061147 0.369609
1769101146.538370 1.240584 -0.058411 0.371599
1769101146.654564 1.249530 -0.054886 0.374221
1769101146.738977 1.254720 -0.052823 0.374596
1769101146.854566 1.263421 -0.049367 0.374495
1769101146.939633 1.269820 -0.046825 0.372844
1769101147.054573 1.278933 -0.043244 0.365662
1769101147.140352 1.284198 -0.041206 0.359414
1769101147.254560 1.293098 -0.037867 0.350084
1769101147.340942 1.299778 -0.035435 0.341371
1769101147.454581 1.307530 -0.032677 0.329688
1769101147.541599 1.314890 -0.030158 0.317002
1769101147.654641 1.323986 -0.027207 0.302451
1769101147.742291 1.329788 -0.025394 0.291460
1769101147.854577 1.338800 -0.022720 0.280830
1769101147.942932 1.345814 -0.020731 0.274029
1769101148.054613 1.353459 -0.018595 0.266139
1769101148.143536 1.360843 -0.016586 0.260685
1769101148.254586 1.369783 -0.014224 0.250894
1769101148.344254 1.375746 -0.012679 0.240930
1769101148.454587 1.384764 -0.010473 0.228112
1769101148.544978 1.392120 -0.008792 0.217845
1769101148.654606 1.399820 -0.007071 0.203323
1769101148.745621 1.407340 -0.005552 0.194174
1769101148.854589 1.414984 -0.004073 0.183468
1769101148.946297 1.422843 -0.002635 0.174471
1769101149.054643 1.431952 -0.001076 0.165233
1769101149.146955 1.437982 -0.000101 0.159502
1769101149.254673 1.442480 0.000573 0.158605
1769101149.347517 1.443086 0.000652 0.158593
1769101149.454604 1.443229 0.000656 0.158586
1769101149.548197 1.443273 0.000645 0.158564
1769101149.654583 1.443278 0.000629 0.158566
1769101149.748954 1.443279 0.000615 0.158569
1769101149.854593 1.443306 0.000603 0.158790
1769101149.949568 1.443352 0.000597 0.158792
1769101150.054579 1.443359 0.000582 0.158796
1769101150.150172 1.443339 0.000566 0.158811
1769101150.254615 1.443361 0.000554 0.158801
1769101150.350798 1.443360 0.000540 0.158804
1769101150.454626 1.443363 0.000526 0.158806
1769101150.551449 1.443364 0.000513 0.158809
1769101150.654612 1.443365 0.000499 0.158811
1769101150.752135 1.443366 0.000486 0.158813
1769101150.854629 1.443367 0.000472 0.158815
1769101150.952749 1.443368 0.000460 0.158818
1769101151.054668 1.443369 0.000447 0.158820
1769101151.153408 1.443369 0.000435 0.158822
1769101151.254629 1.443370 0.000422 0.158824
1769101151.354098 1.443371 0.000410 0.158826
1769101151.454618 1.443371 0.000398 0.158827
1769101151.554700 1.443372 0.000386 0.158829
1769101151.654579 1.443372 0.000375 0.158830
1769101151.754607 1.443373 0.000363 0.158831
1769101151.854643 1.443373 0.000352 0.158832
1769101151.954701 1.443374 0.000341 0.158833
1769101152.054598 1.443374 0.000330 0.158833
1769101152.154660 1.443374 0.000319 0.158834
1769101152.254594 1.443352 0.000304 0.158848
1769101152.354603 1.443375 0.000298 0.158835
1769101152.454609 1.443375 0.000287 0.158836
1769101152.554618 1.443376 0.000277 0.158836
1769101152.654653 1.443376 0.000267 0.158836
1769101152.754626 1.443376 0.000257 0.158836
1769101152.854654 1.443427 0.000255 0.159370
1769101152.954641 1.444004 0.000337 0.159383
1769101153.054641 1.444951 0.000481 0.159003
1769101153.154662 1.445950 0.000634 0.159798
1769101153.254671 1.446828 0.000767 0.159614
1769101153.354675 1.447799 0.000917 0.159862
1769101153.454645 1.449196 0.001138 0.160764
1769101153.554677 1.450721 0.001380 0.160892
1769101153.654688 1.452717 0.001698 0.161945
1769101153.754666 1.454688 0.002015 0.161941
1769101153.854655 1.456333 0.002280 0.162511
1769101153.954679 1.458779 0.002677 0.162676
1769101154.054651 1.461704 0.003150 0.162651
1769101154.154654 1.464106 0.003540 0.162697
1769101154.254654 1.467022 0.004017 0.163256
1769101154.354670 1.470063 0.004515 0.164661
1769101154.454676 1.472541 0.004919 0.164554
1769101154.554664 1.475563 0.005416 0.164726
1769101154.654661 1.478618 0.005917 0.164109
1769101154.754667 1.481110 0.006330 0.164104
1769101154.854678 1.484129 0.006828 0.164743
1769101154.954657 1.487929 0.007454 0.163514
1769101155.054672 1.491211 0.007994 0.164321
1769101155.154721 1.495517 0.008695 0.162593
1769101155.254716 1.499856 0.009405 0.162976
1769101155.354675 1.503378 0.009977 0.161873
1769101155.454670 1.507553 0.010650 0.161045
1769101155.554683 1.511770 0.011328 0.160270
1769101155.654741 1.515171 0.011868 0.159857
1769101155.754726 1.519370 0.012536 0.159063
1769101155.854731 1.523518 0.013193 0.158422
1769101155.954736 1.526886 0.013725 0.158380
1769101156.054698 1.530862 0.014351 0.158390
1769101156.154687 1.534760 0.014968 0.159030
1769101156.254690 1.538932 0.015632 0.160193
1769101156.354695 1.542628 0.016227 0.161143
1769101156.454711 1.547547 0.017023 0.162308
1769101156.554661 1.552992 0.017908 0.163049
1769101156.654696 1.557010 0.018566 0.163729
1769101156.754726 1.562531 0.019472 0.164335
1769101156.854714 1.568551 0.020465 0.164260
1769101156.954672 1.573521 0.021284 0.164918
1769101157.054703 1.579744 0.022311 0.164115
1769101157.154699 1.586120 0.023357 0.161792
1769101157.254709 1.593495 0.024554 0.159833
1769101157.354727 1.600573 0.025688 0.159099
1769101157.454708 1.610815 0.027329 0.157911
1769101157.554714 1.623342 0.029317 0.155076
1769101157.654724 1.637566 0.031532 0.155033
1769101157.754707 1.649965 0.033462 0.156957
1769101157.854739 1.665731 0.035950 0.159805
1769101157.954757 1.681903 0.038564 0.161781
1769101158.054734 1.698938 0.041351 0.162891
1769101158.154724 1.713374 0.043706 0.162241
1769101158.254788 1.731634 0.046652 0.158993
1769101158.354753 1.750367 0.049631 0.159702
1769101158.454738 1.775821 0.032380 0.167113
1769101158.554729 1.795724 0.035721 0.168133
1769101158.654723 1.816061 0.039143 0.165001
1769101158.754744 1.832976 0.041908 0.166495
1769101158.854720 1.854265 0.045446 0.166390
1769101158.954722 1.875634 0.049043 0.165554
1769101159.054728 1.892463 0.051829 0.164147
1769101159.154728 1.914251 0.055435 0.162299
1769101159.254744 1.935428 0.058908 0.158134
1769101159.354748 1.952826 0.061647 0.157668
1769101159.454736 1.973947 0.064955 0.157464
1769101159.554740 1.995329 0.068323 0.156005
1769101159.654787 2.012337 0.070955 0.156138
1769101159.754765 2.033856 0.074287 0.160521
1769101159.854766 2.055536 0.077729 0.163835
1769101159.954758 2.076089 0.081074 0.166344
1769101160.054835 2.093218 0.083865 0.175839
1769101160.154748 2.114378 0.087582 0.178091
1769101160.254752 2.131530 0.090533 0.186208
1769101160.354749 2.152899 0.094410 0.189002
1769101160.454753 2.174351 0.098397 0.195162
1769101160.554752 2.190913 0.101581 0.199728
1769101160.654707 2.211965 0.105854 0.198422
1769101160.754765 2.232907 0.110009 0.201733
1769101160.854780 2.253637 0.114185 0.200929
1769101160.954840 2.270769 0.117446 0.210809
1769101161.051502 2.291813 0.121842 0.214295
1769101161.154764 2.312708 0.126381 0.212795
1769101161.254766 2.206646 -0.034527 0.029962
1769101161.354757 2.228541 -0.033892 0.029063
1769101161.454765 2.249267 -0.033420 0.032242
1769101161.554790 2.270098 -0.032769 0.029835
1769101161.654793 2.287409 -0.032394 0.035402
1769101161.754781 2.309177 -0.031634 0.032454
1769101161.854797 2.330285 -0.031110 0.034389
1769101161.954816 2.347628 -0.030629 0.035857
1769101162.054814 2.369307 -0.030034 0.043281
1769101162.154790 2.390383 -0.029205 0.048059
1769101162.254782 2.407696 -0.028464 0.049893
1769101162.354792 2.429506 -0.027444 0.052897
1769101162.454795 2.451135 -0.026397 0.053967
1769101162.554792 2.468239 -0.025704 0.062438
1769101162.654825 2.489824 -0.024337 0.060546
1769101162.754788 2.506965 -0.023449 0.064489
1769101162.854790 2.528443 -0.022107 0.061883
1769101162.954791 2.550229 -0.020930 0.066374
1769101163.054795 2.567485 -0.019796 0.064365
1769101163.154823 2.588542 -0.018527 0.070157
1769101163.254824 2.610141 -0.016937 0.068352
1769101163.354800 2.626954 -0.015872 0.069754
1769101163.454798 2.648655 -0.014331 0.063520
1769101163.554802 2.670354 -0.013015 0.063781
1769101163.654822 2.687348 -0.012024 0.068029
1769101163.754804 2.708620 -0.010550 0.065931
1769101163.854845 2.729131 -0.009243 0.067012
1769101163.954861 2.750372 -0.007863 0.065592
1769101164.054827 2.831220 -0.015681 0.076063
1769101164.154813 2.847847 -0.014523 0.080787
1769101164.254814 2.868996 -0.012791 0.079948
1769101164.354813 2.890413 -0.011232 0.082302
1769101164.454820 2.907576 -0.009804 0.080204
1769101164.554823 2.929338 -0.008300 0.086964
1769101164.654814 2.950223 -0.006765 0.096416
1769101164.754847 2.970328 -0.004849 0.097590
1769101164.854865 2.987117 -0.003503 0.107916
1769101164.954829 3.008535 -0.001235 0.106061
1769101165.054820 3.030096 0.000817 0.111266
1769101165.154866 3.047199 0.002630 0.113550
1769101165.254833 3.068498 0.005032 0.117362
1769101165.354823 3.089834 0.007508 0.118725
1769101165.454829 3.107105 0.009664 0.117409
1769101165.554876 3.128793 0.012158 0.120443
1769101165.604491 3.137204 0.013165 0.119994
1769101165.754879 3.167031 0.016577 0.127941
1769101165.805120 3.179936 0.018339 0.125422
1769101165.954871 3.209962 0.022100 0.120821
1769101166.005991 3.218667 0.023261 0.117473
1769101166.154907 3.248272 0.026640 0.119370
1769101166.206776 3.257235 0.027655 0.121242
1769101166.354855 3.286244 0.031339 0.118917
1769101166.407347 3.299585 0.032831 0.122928
1769101166.554864 3.329344 0.036714 0.115454
1769101166.608114 3.338692 0.037617 0.119943
1769101166.754866 3.367862 0.041094 0.126953
1769101166.808790 3.317593 0.021818 0.121994
1769101166.954921 3.346425 0.025280 0.124561
1769101167.009669 3.356320 0.026497 0.125988
1769101167.154898 3.385368 0.030127 0.128070
1769101167.212854 3.399552 0.031952 0.128568
1769101167.212854 3.399552 0.031952 0.128568
1769101167.212854 3.399552 0.031952 0.128568
1769101167.554931 3.466424 0.040771 0.148187
1769101167.611449 3.479960 0.042743 0.146121
1769101167.754885 3.508218 0.046499 0.156610
1769101167.812632 3.517538 0.048047 0.153676
1769101167.954911 3.545819 0.052466 0.149069
1769101168.012913 3.556486 0.054117 0.148026
1769101168.154897 3.584580 0.058150 0.149024
1769101168.213615 3.598803 0.060165 0.148880
1769101168.354953 3.626987 0.064422 0.150409
1769101168.414394 3.637150 0.066036 0.147719
1769101168.554965 3.665441 0.070254 0.143737
1769101168.615156 3.676642 0.071915 0.143152
1769101168.754896 3.704152 0.075766 0.142779
1769101168.815818 3.718738 0.077777 0.145598
1769101168.954890 3.746537 0.081715 0.153268
1769101169.016432 3.757143 0.083283 0.154936
1769101169.154888 3.784421 0.087272 0.158361
1769101169.217063 3.795866 0.088963 0.160946
1769101169.354909 3.822675 0.092950 0.174075
1769101169.417677 3.837435 0.095472 0.174413
1769101169.554906 3.864553 0.100048 0.176170
1769101169.618382 3.875316 0.082077 0.181902
1769101169.754912 3.902841 0.086790 0.188489
1769101169.818948 3.914906 0.088760 0.196283
1769101169.954905 3.940646 0.093734 0.201305
1769101170.019503 3.955543 0.096676 0.206112
1769101170.154905 3.982274 0.102124 0.207557
1769101170.220207 3.993294 0.104185 0.213276
1769101170.354941 4.019830 0.109632 0.220699
1769101170.420861 4.031434 0.112068 0.227871
1769101170.554899 4.054454 0.117506 0.239955
1769101170.621344 4.068134 0.121018 0.244304
1769101170.754915 4.091938 0.127069 0.247027
1769101170.822078 4.102146 0.129443 0.255019
1769101170.954924 4.125818 0.135449 0.275768
1769101171.022467 4.136609 0.138417 0.284733
1769101171.154933 4.157178 0.144407 0.296933
1769101171.223057 4.170028 0.148397 0.300865
1769101171.354941 4.191678 0.155168 0.310754
1769101171.423742 4.201165 0.158152 0.314287
1769101171.554950 4.222042 0.164707 0.328025
1769101171.624211 4.232307 0.168115 0.337446
1769101171.754960 4.250918 0.174627 0.351992
1769101171.824800 4.262680 0.179044 0.355878
1769101171.954985 4.282665 0.186484 0.364842
1769101172.025485 4.291908 0.189918 0.371542
1769101172.154953 4.311972 0.197605 0.384045
1769101172.225908 4.322261 0.201723 0.387236
1769101172.354935 4.340017 0.208896 0.390019
1769101172.426544 4.352084 0.213750 0.391976
1769101172.550006 4.370747 0.221357 0.388954
1769101172.627163 4.380996 0.225552 0.383987
1769101172.754971 4.398961 0.232659 0.378132
1769101172.827659 4.391626 0.207508 0.379643
1769101172.955025 4.410816 0.214995 0.380301
1769101173.028285 4.419952 0.218768 0.376309
1769101173.154975 4.439014 0.226331 0.373436
1769101173.228765 4.449996 0.230575 0.373618
1769101173.354978 4.467980 0.237399 0.372905
1769101173.429388 4.480840 0.242333 0.369681
1769101173.554971 4.500399 0.249559 0.370611
1769101173.630157 4.510003 0.253125 0.371634
1769101173.754986 4.528582 0.260223 0.368947
1769101173.830686 4.540663 0.264796 0.367293
1769101173.950053 4.557177 0.271091 0.359280
1769101174.031201 4.570368 0.275952 0.355737
1769101174.154961 4.589292 0.282791 0.352992
1769101174.231867 4.600545 0.286878 0.351364
1769101174.355021 4.620330 0.294094 0.347724
1769101174.432366 4.630258 0.297793 0.338033
1769101174.554992 4.648551 0.304234 0.323347
1769101174.633199 4.661216 0.308400 0.312335
1769101174.754992 4.678290 0.313852 0.291952
1769101174.833636 4.692549 0.317990 0.280995
1769101174.950005 4.711242 0.323195 0.263345
1769101175.034351 4.721689 0.326147 0.243704
1769101175.150002 4.740691 0.330792 0.217342
1769101175.235027 4.754639 0.333713 0.203381
1769101175.355008 4.771181 0.337136 0.179095
1769101175.435474 4.786057 0.339733 0.164566
1769101175.555000 4.804520 0.342729 0.143959
1769101175.636074 4.816024 0.344517 0.127879
1769101175.750014 4.834770 0.347043 0.104884
1769101175.836705 4.849316 0.348624 0.081590
1769101175.950037 4.865795 0.350102 0.054384
1769101176.037297 4.881081 0.350871 0.043090
1769101176.150027 4.899817 0.351870 0.021856
1769101176.238009 4.911734 0.352335 0.005184
1769101176.350029 4.930443 0.352534 -0.018587
1769101176.438612 4.945299 0.344340 -0.006608
1769101176.550005 4.961534 0.344296 -0.026871
1769101176.639311 4.977240 0.343959 -0.043261
1769101176.750005 4.995510 0.343152 -0.058601
1769101176.839841 5.007489 0.342564 -0.072967
1769101176.950013 5.025618 0.341232 -0.085194
1769101177.040457 5.041107 0.339956 -0.096368
1769101177.150030 5.057124 0.338351 -0.101186
1769101177.241122 5.072803 0.336744 -0.108310
1769101177.350037 5.090739 0.334790 -0.110667
1769101177.441535 5.102681 0.333591 -0.113698
1769101177.550038 5.120975 0.331611 -0.112345
1769101177.642358 5.136518 0.329949 -0.116975
1769101177.750062 5.151885 0.328207 -0.116861
1769101177.842879 5.167985 0.326426 -0.111534
1769101177.950061 5.185197 0.324637 -0.096722
1769101178.043620 5.200122 0.323367 -0.088820
1769101178.150064 5.214849 0.322167 -0.079779
1769101178.244168 5.231413 0.320901 -0.065441
1769101178.350057 5.249679 0.319876 -0.047394
1769101178.444782 5.262631 0.319498 -0.038321
1769101178.550062 5.280374 0.319092 -0.021778
1769101178.645519 5.296513 0.318950 0.001135
1769101178.750052 5.310987 0.319209 0.019822
1769101178.846126 5.327365 0.319768 0.038405
1769101178.950063 5.341545 0.320411 0.058949
1769101179.046714 5.358476 0.321559 0.073101
1769101179.150048 5.376315 0.323021 0.089234
1769101179.247421 5.392502 0.324522 0.106402
1769101179.350072 5.406491 0.326206 0.115821
1769101179.448145 5.423112 0.328366 0.124914
1769101179.550071 5.439734 0.330637 0.132168
1769101179.648844 5.453144 0.332599 0.135282
1769101179.750117 5.470469 0.335126 0.144671
1769101179.850080 5.487204 0.337726 0.153687
1769101179.950081 5.500838 0.340028 0.160217
1769101180.050058 5.517171 0.342925 0.167354
1769101180.150096 5.422059 0.320636 0.140841
1769101180.250087 5.435573 0.322749 0.140957
1769101180.350084 5.452119 0.325305 0.135130
1769101180.450083 5.469382 0.327839 0.129847
1769101180.550087 5.486583 0.330246 0.131962
1769101180.650085 5.499772 0.332088 0.137767
1769101180.750078 5.516381 0.334534 0.137759
1769101180.850098 5.533283 0.337087 0.134554
1769101180.950160 5.546848 0.339206 0.128789
1769101181.050096 5.563814 0.341676 0.123144
1769101181.150098 5.580632 0.343893 0.121390
1769101181.250066 5.594337 0.345708 0.120770
1769101181.350096 5.610969 0.347987 0.122098
1769101181.450099 5.626769 0.350187 0.123817
1769101181.550101 5.642163 0.352374 0.118937
1769101181.650106 5.654586 0.354039 0.119251
1769101181.750151 5.670456 0.356074 0.118202
1769101181.850111 5.685824 0.358046 0.118025
1769101181.950133 5.697672 0.359609 0.116618
1769101182.050117 5.712261 0.361483 0.117643
1769101182.150119 5.726335 0.363401 0.117117
1769101182.250108 5.737363 0.364995 0.114242
1769101182.350159 5.751108 0.366899 0.110989
1769101182.450103 5.764963 0.368733 0.102802
1769101182.550134 5.775505 0.370131 0.096185
1769101182.650122 5.788631 0.371652 0.096896
1769101182.750125 5.801476 0.373178 0.100964
1769101182.850121 5.811494 0.374482 0.102569
1769101182.950099 5.824006 0.376024 0.103019
1769101183.050098 5.836489 0.377594 0.098201
1769101183.150121 5.846333 0.378853 0.095448
1769101183.250136 5.858271 0.380283 0.093854
1769101183.350125 5.870061 0.381667 0.092584
1769101183.450146 5.879539 0.382782 0.091966
1769101183.550138 5.891213 0.384067 0.091697
1769101183.650135 5.902084 0.385245 0.094281
1769101183.750145 5.910532 0.386236 0.096680
1769101183.850155 5.921045 0.387436 0.100927
1769101183.950158 5.930892 0.384296 0.102285
1769101184.050151 5.938426 0.380278 0.104000
1769101184.150165 5.947890 0.380861 0.099323
1769101184.250123 5.957491 0.382016 0.096329
1769101184.350155 5.965184 0.382923 0.095674
1769101184.450141 5.974640 0.384002 0.093733
1769101184.550149 5.984402 0.385073 0.094723
1769101184.650155 5.992097 0.385963 0.096222
1769101184.750152 6.001504 0.387018 0.099035
1769101184.850200 6.010933 0.388117 0.098515
1769101184.950164 6.018519 0.389063 0.096186
1769101185.050163 6.027898 0.390147 0.096877
1769101185.150163 6.037426 0.391267 0.096757
1769101185.250175 6.045066 0.392189 0.097098
1769101185.350167 6.054671 0.393303 0.097141
1769101185.450163 6.064222 0.394438 0.094093
1769101185.550174 6.071937 0.395364 0.091777
1769101185.650182 6.081650 0.396431 0.090670
1769101185.750188 6.089393 0.397331 0.088888
1769101185.850179 6.098980 0.398376 0.090295
1769101185.950204 6.108617 0.399430 0.095185
1769101186.050169 6.116084 0.400312 0.098403
1769101186.150168 6.124882 0.401353 0.100973
1769101186.250168 6.133249 0.402383 0.102494
1769101186.350189 6.139951 0.403266 0.099240
1769101186.450163 6.148494 0.404314 0.097715
1769101186.550174 6.156865 0.405311 0.096311
1769101186.650159 6.163675 0.406133 0.096119
1769101186.750166 6.172329 0.407104 0.097621
1769101186.850160 6.180982 0.408076 0.097582
1769101186.950185 6.187847 0.408865 0.097931
1769101187.050186 6.196400 0.409817 0.097879
1769101187.150181 6.204878 0.410763 0.096370
1769101187.250183 6.211717 0.411549 0.095898
1769101187.350209 6.220145 0.412485 0.097505
1769101187.450184 6.228572 0.413430 0.099109
1769101187.550181 6.234429 0.414132 0.100457
1769101187.650198 6.237035 0.414513 0.101069
1769101187.750238 6.237376 0.414662 0.101597
1769101187.850239 6.237365 0.414772 0.101838
1769101187.950225 6.237405 0.414882 0.102077
1769101188.050245 6.237394 0.414983 0.102314
1769101188.150218 6.237385 0.415079 0.102547
1769101188.250194 6.237350 0.415167 0.102791
1769101188.350207 6.237341 0.415255 0.103018
1769101188.450207 6.237358 0.415344 0.103228
1769101188.550215 6.237349 0.415425 0.103450
1769101188.650211 6.237316 0.415498 0.103683
1769101188.750193 6.237334 0.415576 0.103885
1769101188.850229 6.237302 0.415641 0.104112
1769101188.950257 6.237295 0.415708 0.104323
1769101189.050217 6.237313 0.415777 0.104517
1769101189.150217 6.237307 0.415838 0.104722
1769101189.250216 6.237276 0.415890 0.104939
1769101189.350226 6.237296 0.415951 0.105125
1769101189.450219 6.237290 0.416003 0.105323
1769101189.550286 6.237285 0.416053 0.105518
1769101189.650226 6.237256 0.416093 0.105725
1769101189.750280 6.237251 0.416138 0.105916
1769101189.850250 6.237247 0.416180 0.106104
1769101189.950259 6.237268 0.416226 0.106275
1769101190.050240 6.237264 0.416264 0.106458
1769101190.150235 6.237260 0.416299 0.106639
1769101190.250245 6.237232 0.416326 0.106833
1769101190.350235 6.237254 0.416364 0.106995
1769101190.450242 6.237251 0.416393 0.107169
1769101190.550248 6.237248 0.416421 0.107340
1769101190.650252 6.237220 0.416439 0.107525
1769101190.750244 6.237243 0.416471 0.107678
1769101190.850221 6.237240 0.416493 0.107843
1769101190.950220 6.237238 0.416514 0.108006
1769101191.050254 6.237236 0.416533 0.108167
1769101191.150246 6.237234 0.416551 0.108326
1769101191.250252 6.237233 0.416568 0.108483
1769101191.350314 6.237231 0.416583 0.108638
1769101191.450260 6.237230 0.416597 0.108791
1769101191.550236 6.237229 0.416610 0.108942
1769101191.650256 6.237227 0.416621 0.109090
1769101191.750251 6.237226 0.416632 0.109237
1769101191.850280 6.237225 0.416641 0.109382
1769101191.950289 6.237225 0.416650 0.109525
1769101192.050268 6.237224 0.416657 0.109665
1769101192.150270 6.237223 0.416664 0.109804
1769101192.250248 6.237223 0.416669 0.109941
1769101192.350341 6.237222 0.416674 0.110076
1769101192.450274 6.237222 0.416678 0.110209
1769101192.550275 6.237221 0.416681 0.110341
1769101192.650248 6.237221 0.416684 0.110470
1769101192.750274 6.237197 0.416676 0.110612
1769101192.850289 6.237221 0.416687 0.110723
1769101192.950290 6.237221 0.416688 0.110847
1769101193.050284 6.237221 0.416688 0.110969
1769101193.150282 6.237221 0.416688 0.111090
1769101193.250260 6.237221 0.416687 0.111208
1769101193.350288 6.237221 0.416685 0.111325
1769101193.450281 6.237222 0.416684 0.111440
1769101193.550291 6.237222 0.416682 0.111553
1769101193.650287 6.237222 0.416679 0.111665
1769101193.750288 6.237222 0.416677 0.111775
1769101193.850315 6.237223 0.416674 0.111883
1769101193.950335 6.237223 0.416670 0.111990
1769101194.050304 6.237199 0.416656 0.112110
1769101194.150293 6.237224 0.416663 0.112198
