timestamp x y theta
1769100595.251794 0.000000 0.000000 0.000011
1769100595.301795 0.000000 0.000000 0.000005
1769100595.351819 0.000000 0.000000 0.000003
1769100595.401796 0.000000 0.000000 0.000004
1769100595.451805 0.000000 0.000000 -0.000000
1769100595.501797 0.000000 0.000000 0.000003
1769100595.551796 0.000000 0.000000 0.000005
1769100595.601795 0.000000 0.000000 0.000006
1769100595.651798 0.000000 0.000000 0.000010
1769100595.701796 0.000000 0.000000 0.000011
1769100595.751804 0.000000 0.000000 0.000011
1769100595.801814 0.000000 0.000000 0.000011
1769100595.851832 0.000000 0.000000 0.000011
1769100595.901801 0.000000 0.000000 0.000009
1769100595.951885 0.000000 0.000000 0.000006
1769100596.001810 0.000000 0.000000 0.000007
1769100596.051804 0.000000 0.000000 0.000008
1769100596.101810 0.000000 0.000000 0.000007
1769100596.151807 0.000000 0.000000 0.000009
1769100596.201827 0.000000 0.000000 0.000010
1769100596.251813 0.000000 0.000000 0.000010
1769100596.301812 0.000000 0.000000 0.000010
1769100596.351815 0.000000 0.000000 0.000011
1769100596.401816 0.000000 0.000000 0.000011
1769100596.451813 0.000000 0.000000 0.000011
1769100596.501815 0.000000 0.000000 0.000012
1769100596.551883 0.000000 0.000000 0.000011
1769100596.601817 0.000000 0.000000 0.000012
1769100596.651819 0.000000 0.000000 0.000013
1769100596.701818 0.000000 0.000000 0.000012
1769100596.751820 0.000000 0.000000 0.000012
1769100596.801819 0.000000 0.000000 0.000013
1769100596.851819 0.000000 0.000000 0.000014
1769100596.901820 0.000000 0.000000 0.000014
1769100596.951812 0.000000 0.000000 0.000013
1769100597.001811 0.000000 0.000000 0.000014
1769100597.051832 0.000000 0.000000 0.000014
1769100597.101821 0.000000 0.000000 0.000014
1769100597.151823 0.000000 0.000000 0.000015
1769100597.201816 0.000000 0.000000 0.000014
1769100597.251822 0.000000 0.000000 0.000015
1769100597.301844 0.000000 0.000000 0.000016
1769100597.351819 0.000000 0.000000 0.000016
1769100597.401817 0.000000 0.000000 0.000016
1769100597.451823 0.000000 0.000000 0.000016
1769100597.501828 0.000000 0.000000 0.000016
1769100597.551827 0.000000 0.000000 0.000017
1769100597.601828 0.000000 0.000000 0.000018
1769100597.651833 0.000000 0.000000 0.000018
1769100597.701902 0.000000 0.000000 0.000018
1769100597.751829 0.000000 0.000000 0.000017
1769100597.801828 0.000000 0.000000 0.000018
1769100597.851834 0.000000 0.000000 0.000018
1769100597.901848 0.000000 0.000000 0.000017
1769100597.951834 0.000000 0.000000 0.000017
1769100598.001850 0.000000 0.000000 0.000017
1769100598.051860 0.000000 0.000000 0.000017
1769100598.101845 0.000000 0.000000 0.000017
1769100598.151879 0.000000 0.000000 0.000018
1769100598.201859 0.000000 0.000000 0.000019
1769100598.251854 0.000000 0.000000 0.000019
1769100598.301850 0.000000 0.000000 0.000018
1769100598.351864 0.000000 0.000000 0.000018
1769100598.401839 0.000000 0.000000 0.000018
1769100598.451849 0.000000 0.000000 0.000018
1769100598.501834 0.000000 0.000000 0.000018
1769100598.551848 0.000000 0.000000 0.000019
1769100598.601835 0.000000 0.000000 0.000019
1769100598.651844 0.000000 0.000000 0.000019
1769100598.701837 0.000000 0.000000 0.000020
1769100598.751836 0.000000 0.000000 0.000020
1769100598.801846 0.000000 0.000000 0.000020
1769100598.851847 0.000000 0.000000 0.000020
1769100598.901860 0.000000 0.000000 0.000021
1769100598.951843 0.000000 0.000000 0.000021
1769100599.001844 0.000000 0.000000 0.000022
1769100599.051841 0.000000 0.000000 0.000023
1769100599.101846 0.000000 0.000000 0.000023
1769100599.151843 0.000000 0.000000 0.000023
1769100599.201846 0.000000 0.000000 0.000022
1769100599.251854 0.000000 0.000000 0.000022
1769100599.301847 0.000000 0.000000 0.000022
1769100599.351845 0.000000 0.000000 0.000023
1769100599.401851 0.000000 0.000000 0.000022
1769100599.451872 0.000000 0.000000 0.000022
1769100599.501855 0.000000 0.000000 0.000022
1769100599.551947 0.000000 0.000000 0.000022
1769100599.601863 0.000000 0.000000 0.000022
1769100599.651864 0.000000 0.000000 0.000022
1769100599.701863 0.000000 0.000000 0.000022
1769100599.751886 0.000000 0.000000 0.000022
1769100599.801861 0.000000 0.000000 0.000022
1769100599.851889 0.000000 0.000000 0.000023
1769100599.901893 0.000000 0.000000 0.000023
1769100599.951860 0.000000 0.000000 0.000022
1769100600.001885 0.000000 0.000000 0.000022
1769100600.051872 0.000000 0.000000 0.000023
1769100600.101860 0.000000 0.000000 0.000022
1769100600.151877 0.000000 0.000000 0.000022
1769100600.201880 0.000000 0.000000 0.000022
1769100600.251872 0.000000 0.000000 0.000022
1769100600.301857 0.000000 0.000000 0.000022
1769100600.351865 0.000000 0.000000 0.000022
1769100600.401873 0.000000 0.000000 0.000023
1769100600.451883 0.000000 0.000000 0.000022
1769100600.501903 0.000000 0.000000 0.000022
1769100600.551857 0.000000 0.000000 0.000022
1769100600.601885 0.000000 0.000000 0.000022
1769100600.651870 0.000000 0.000000 0.000023
1769100600.701894 0.000000 0.000000 0.000023
1769100600.751869 0.000000 0.000000 0.000023
1769100600.801895 0.000000 0.000000 0.000023
1769100600.851882 0.000000 0.000000 0.000023
1769100600.901881 0.000000 0.000000 0.000023
1769100600.951886 0.000000 0.000000 0.000023
1769100601.001878 0.000000 0.000000 0.000023
1769100601.051894 0.000000 0.000000 0.000023
1769100601.101890 0.000000 0.000000 0.000024
1769100601.151866 0.000000 0.000000 0.000024
1769100601.201869 0.000000 0.000000 0.000025
1769100601.251901 0.000000 0.000000 0.000025
1769100601.301880 0.000000 0.000000 0.000026
1769100601.351870 0.000000 0.000000 0.000026
1769100601.401893 0.000000 0.000000 0.000026
1769100601.451883 0.000000 0.000000 0.000027
1769100601.501894 0.000000 0.000000 0.000028
1769100601.551892 0.000000 0.000000 0.000028
1769100601.601914 0.000000 0.000000 0.000028
1769100601.651920 0.000000 0.000000 0.000029
1769100601.701922 0.000000 0.000000 0.000030
1769100601.751914 0.000000 0.000000 0.000029
1769100601.801923 0.000000 0.000000 0.000029
1769100601.851934 0.000000 0.000000 0.000030
1769100601.901883 0.000000 0.000000 0.000031
1769100601.951882 0.000000 0.000000 0.000032
1769100602.001899 0.000000 0.000000 0.000032
1769100602.051921 0.000000 0.000000 0.000033
1769100602.101912 0.000000 0.000000 0.000032
1769100602.151901 0.000000 0.000000 0.000032
1769100602.201901 0.000000 0.000000 0.000033
1769100602.251904 0.000000 0.000000 0.000034
1769100602.301909 0.000000 0.000000 0.000034
1769100602.351887 0.000000 0.000000 0.000035
1769100602.401907 0.000000 0.000000 0.000035
1769100602.451898 0.000000 0.000000 0.000035
1769100602.501886 0.000000 0.000000 0.000036
1769100602.551927 0.000000 0.000000 0.000037
1769100602.601890 0.000000 0.000000 0.000037
1769100602.651889 0.000000 0.000000 0.000038
1769100602.701909 0.000000 0.000000 0.000038
1769100602.751893 0.000000 0.000000 0.000038
1769100602.801896 0.000000 0.000000 0.000038
1769100602.851962 0.000000 0.000000 0.000039
1769100602.901917 0.000000 0.000000 0.000039
1769100602.951917 0.000000 0.000000 0.000039
1769100603.001897 0.000000 0.000000 0.000040
1769100603.051920 0.000000 0.000000 0.000040
1769100603.101964 0.000000 0.000000 0.000041
1769100603.151901 0.000000 0.000000 0.000041
1769100603.201903 0.000000 0.000000 0.000041
1769100603.251907 0.000000 0.000000 0.000042
1769100603.301898 0.000000 0.000000 0.000043
1769100603.351900 0.000000 0.000000 0.000044
1769100603.401916 0.000000 0.000000 0.000043
1769100603.451930 0.000000 0.000000 0.000044
1769100603.501917 0.000025 -0.000000 -0.000013
1769100603.551937 0.000051 -0.000000 0.000525
1769100603.601934 0.000304 0.000000 0.000989
1769100603.651933 0.000633 0.000000 0.001222
1769100603.701937 0.000936 0.000001 0.001226
1769100603.751929 0.001544 0.000002 0.001491
1769100603.801919 0.001873 0.000002 0.001551
1769100603.851931 0.002227 0.000003 0.001928
1769100603.901931 0.003037 0.000005 0.001321
1769100603.951929 0.003822 0.000006 0.001267
1769100604.001952 0.004809 0.000006 0.001608
1769100604.051938 0.006454 0.000010 0.001275
1769100604.101990 0.007796 0.000011 0.001225
1769100604.151912 0.009314 0.000014 0.000706
1769100604.201982 0.010909 0.000014 0.001006
1769100604.251910 0.013339 0.000016 0.001271
1769100604.301910 0.015110 0.000018 0.001685
1769100604.351995 0.017085 0.000020 0.002113
1769100604.401927 0.020173 0.000026 0.002274
1769100604.451941 0.022299 0.000032 0.001779
1769100604.501926 0.024399 0.000036 0.002078
1769100604.551917 0.027513 0.000040 0.002007
1769100604.601919 0.029563 0.000048 0.000928
1769100604.651929 0.033132 0.000050 0.000864
1769100604.701910 0.035637 0.000052 -0.000102
1769100604.752023 0.038093 0.000049 -0.000166
1769100604.801923 0.041839 0.000044 -0.000277
1769100604.851935 0.044446 0.000047 -0.000404
1769100604.901939 0.047027 0.000042 -0.000508
1769100604.951927 0.050824 0.000034 0.000107
1769100605.001933 0.053406 0.000029 -0.000006
1769100605.051940 0.055886 0.000032 -0.000326
1769100605.101992 0.059885 0.000030 -0.000923
1769100605.151923 0.062441 0.000025 -0.000982
1769100605.201934 0.064998 0.000019 -0.001040
1769100605.251999 0.069199 0.000003 -0.000702
1769100605.301940 0.072009 0.000001 -0.000441
1769100605.351939 0.075021 -0.000012 0.000119
1769100605.401935 0.079400 -0.000008 0.000157
1769100605.451944 0.082462 -0.000017 0.000541
1769100605.501999 0.085424 -0.000015 0.000759
1769100605.551925 0.088436 -0.000025 0.001909
1769100605.601935 0.092840 -0.000025 0.002387
1769100605.651973 0.095674 0.000009 0.001800
1769100605.702032 0.098636 0.000007 0.001380
1769100605.751981 0.103090 0.000011 0.002094
1769100605.801965 0.106204 0.000005 0.003115
1769100605.852051 0.109443 0.000007 0.004185
1769100605.901978 0.114430 0.000023 0.005247
1769100605.951935 0.117695 0.000053 0.005952
1769100606.001962 0.121061 0.000090 0.005257
1769100606.051953 0.126249 0.000131 0.004793
1769100606.102018 0.129616 0.000158 0.004518
1769100606.152009 0.133235 0.000171 0.005012
1769100606.201935 0.138829 0.000233 0.003605
1769100606.251960 0.142676 0.000197 0.005508
1769100606.301946 0.146574 0.000217 0.005489
1769100606.351966 0.152192 0.000275 0.002934
1769100606.401950 0.155888 0.000309 0.001358
1769100606.451954 0.161684 0.000303 0.000552
1769100606.501960 0.165607 0.000343 -0.001300
1769100606.551961 0.169378 0.000310 -0.001507
1769100606.601944 0.175200 0.000288 -0.001402
1769100606.652027 0.179022 0.000255 -0.000482
1769100606.701957 0.182818 0.000248 0.000481
1769100606.751947 0.188513 0.000239 0.001985
1769100606.801964 0.192335 0.000227 0.003075
1769100606.851944 0.196157 0.000234 0.004251
1769100606.901941 0.200030 0.000259 0.004297
1769100606.951959 0.205851 0.000257 0.005980
1769100607.001944 0.209546 0.000300 0.006470
1769100607.051965 0.213444 0.000328 0.006477
1769100607.101961 0.219215 0.000315 0.008398
1769100607.151963 0.222910 0.000372 0.008058
1769100607.201973 0.228428 0.000417 0.008053
1769100607.251974 0.232250 0.000422 0.008585
1769100607.301973 0.235970 0.000447 0.007944
1769100607.351971 0.241766 0.000507 0.007797
1769100607.401973 0.245639 0.000479 0.009542
1769100607.451965 0.249359 0.000535 0.009159
1769100607.501963 0.255256 0.000625 0.007735
1769100607.551976 0.259179 0.000630 0.008439
1769100607.601989 0.263127 0.000673 0.007622
1769100607.651974 0.269126 0.000712 0.006507
1769100607.701986 0.272948 0.000712 0.006631
1769100607.751979 0.276972 0.000721 0.006524
1769100607.801972 0.280845 0.000726 0.007047
1769100607.851953 0.286615 0.000774 0.007061
1769100607.901997 0.290437 0.000791 0.007312
1769100607.951998 0.294208 0.000832 0.007356
1769100608.001995 0.299853 0.000842 0.008253
1769100608.051976 0.303624 0.000880 0.009117
1769100608.101977 0.307319 0.000909 0.010135
1769100608.151979 0.312912 0.000991 0.011082
1769100608.201981 0.316658 0.001065 0.011526
1769100608.251987 0.320404 0.001101 0.012592
1769100608.301962 0.326225 0.001203 0.013126
1769100608.351986 0.330046 0.001304 0.012741
1769100608.401974 0.333969 0.001283 0.014759
1769100608.451985 0.339739 0.001415 0.013451
1769100608.501979 0.343687 0.001447 0.013661
1769100608.551980 0.347357 0.001443 0.015015
1769100608.601982 0.353127 0.001582 0.013405
1769100608.651985 0.356974 0.001626 0.013036
1769100608.701994 0.360872 0.001587 0.014360
1769100608.751986 0.366566 0.001684 0.012858
1769100608.802041 0.370413 0.001724 0.012430
1769100608.851999 0.374362 0.001770 0.012402
1769100608.901979 0.380056 0.001829 0.012339
1769100608.951988 0.383929 0.001840 0.013027
1769100609.001987 0.387877 0.001895 0.013449
1769100609.051991 0.393647 0.001959 0.013803
1769100609.101992 0.397570 0.001960 0.014964
1769100609.151986 0.401392 0.002009 0.016029
1769100609.202055 0.407137 0.002088 0.016600
1769100609.251998 0.410959 0.002089 0.018474
1769100609.302021 0.414754 0.002185 0.018176
1769100609.351999 0.420372 0.002272 0.018472
1769100609.402054 0.424143 0.002380 0.017576
1769100609.452046 0.427914 0.002442 0.017535
1769100609.501995 0.433658 0.002552 0.018289
1769100609.552023 0.437352 0.002699 0.016793
1769100609.602004 0.440946 0.002723 0.018231
1769100609.652025 0.446766 0.002846 0.018637
1769100609.702018 0.450663 0.002935 0.018457
1769100609.752021 0.454637 0.003012 0.018441
1769100609.802005 0.460912 0.003139 0.018453
1769100609.852066 0.465241 0.003144 0.020410
1769100609.902009 0.469492 0.003222 0.019128
1769100609.952005 0.476072 0.003323 0.018321
1769100610.002035 0.480349 0.003404 0.018302
1769100610.052013 0.484701 0.003480 0.017565
1769100610.102020 0.491155 0.003565 0.017176
1769100610.152004 0.495381 0.003641 0.017739
1769100610.202015 0.499607 0.003722 0.017727
1769100610.252004 0.505908 0.003853 0.019193
1769100610.301986 0.510058 0.003960 0.020100
1769100610.352030 0.514284 0.004092 0.020219
1769100610.402023 0.520459 0.004205 0.021694
1769100610.452022 0.524735 0.004333 0.022731
1769100610.502022 0.528986 0.004412 0.024242
1769100610.552000 0.535413 0.004611 0.024029
1769100610.602000 0.539688 0.004773 0.023118
1769100610.652002 0.543964 0.004901 0.022006
1769100610.702014 0.550341 0.005061 0.022035
1769100610.752006 0.554617 0.005157 0.021583
1769100610.802008 0.558893 0.005276 0.021635
1769100610.852009 0.565295 0.005456 0.020771
1769100610.902018 0.569648 0.005489 0.022807
1769100610.952018 0.573899 0.005582 0.022763
1769100611.002013 0.580477 0.005806 0.021146
1769100611.052013 0.584830 0.005875 0.021049
1769100611.102064 0.589283 0.006014 0.020301
1769100611.151999 0.595813 0.006094 0.021554
1769100611.202071 0.600140 0.006185 0.021782
1769100611.252087 0.604392 0.006231 0.023375
1769100611.302023 0.610769 0.006375 0.024658
1769100611.352065 0.614969 0.006445 0.025383
1769100611.402008 0.619170 0.006502 0.027072
1769100611.452022 0.625420 0.006684 0.028463
1769100611.502016 0.629645 0.006802 0.029066
1769100611.552032 0.633871 0.006884 0.030784
1769100611.602029 0.640170 0.007069 0.032166
1769100611.652080 0.644190 0.007360 0.029656
1769100611.702015 0.648516 0.007490 0.029893
1769100611.752043 0.654866 0.007708 0.030577
1769100611.802011 0.659191 0.007879 0.029696
1769100611.852013 0.663492 0.008050 0.028453
1769100611.902049 0.670094 0.008284 0.026948
1769100611.952022 0.674397 0.008328 0.029003
1769100612.002021 0.678748 0.008491 0.027315
1769100612.052035 0.685252 0.008576 0.027031
1769100612.102029 0.689503 0.008692 0.026997
1769100612.152055 0.693778 0.008821 0.026999
1769100612.202088 0.700154 0.009016 0.027661
1769100612.252030 0.704430 0.009130 0.028731
1769100612.302077 0.708478 0.009239 0.030115
1769100612.352034 0.714904 0.009428 0.032088
1769100612.402018 0.719231 0.009544 0.034122
1769100612.452034 0.723505 0.009715 0.034742
1769100612.502043 0.729854 0.009948 0.035115
1769100612.552095 0.734078 0.010135 0.034861
1769100612.602027 0.738301 0.010333 0.034961
1769100612.652033 0.744599 0.010598 0.034029
1769100612.702039 0.748823 0.010752 0.034022
1769100612.752048 0.752970 0.010952 0.033659
1769100612.802035 0.759370 0.011200 0.033176
1769100612.852055 0.763671 0.011292 0.035195
1769100612.902035 0.767945 0.011493 0.035290
1769100612.952017 0.774496 0.011776 0.034113
1769100613.002044 0.778898 0.011905 0.034771
1769100613.052044 0.783323 0.012115 0.033547
1769100613.102042 0.789900 0.012351 0.032436
1769100613.152033 0.794200 0.012539 0.031088
1769100613.202054 0.798602 0.012655 0.031004
1769100613.252042 0.804977 0.012864 0.030680
1769100613.302033 0.809227 0.013026 0.030408
1769100613.352042 0.813479 0.013065 0.032866
1769100613.402058 0.819777 0.013296 0.033638
1769100613.452048 0.823976 0.013467 0.033946
1769100613.502045 0.828175 0.013615 0.035096
1769100613.552034 0.834397 0.013860 0.036244
1769100613.602060 0.838443 0.014062 0.036077
1769100613.652074 0.842742 0.014273 0.036173
1769100613.702071 0.849241 0.014558 0.037320
1769100613.752081 0.853540 0.014784 0.037446
1769100613.802071 0.857611 0.014976 0.036335
1769100613.852086 0.864135 0.015294 0.035056
1769100613.902046 0.868359 0.015447 0.035028
1769100613.952061 0.872633 0.015631 0.034012
1769100614.002084 0.879212 0.015789 0.034831
1769100614.052054 0.883410 0.015974 0.033984
1769100614.102057 0.887760 0.016157 0.033288
1769100614.152098 0.894135 0.016393 0.032348
1769100614.202059 0.898511 0.016544 0.032758
1769100614.252058 0.904860 0.016795 0.032823
1769100614.302058 0.908906 0.016964 0.032180
1769100614.352040 0.913231 0.017161 0.032063
1769100614.402061 0.919503 0.017421 0.032163
1769100614.452070 0.923676 0.017627 0.031652
1769100614.502108 0.927975 0.017838 0.030986
1769100614.552060 0.934246 0.018125 0.030415
1769100614.602059 0.938394 0.018321 0.030536
1769100614.652062 0.942542 0.018470 0.031931
1769100614.702057 0.948789 0.018736 0.032365
1769100614.752069 0.953063 0.018932 0.032992
1769100614.802116 0.957210 0.019131 0.033099
1769100614.852058 0.963609 0.019394 0.033182
1769100614.902072 0.967958 0.019617 0.032210
1769100614.952132 0.972282 0.019841 0.031671
1769100615.002059 0.978656 0.020112 0.031311
1769100615.052065 0.983082 0.020307 0.030766
1769100615.102074 0.987356 0.020490 0.029730
1769100615.152062 0.993956 0.020792 0.027275
1769100615.202058 0.998181 0.020942 0.025769
1769100615.252076 1.002455 0.021123 0.024937
1769100615.302066 1.008884 0.021224 0.026463
1769100615.352070 1.013058 0.021376 0.027053
1769100615.402063 1.017307 0.021562 0.027176
1769100615.452071 1.023531 0.021728 0.028886
1769100615.502091 1.027754 0.021932 0.029621
1769100615.552093 1.033926 0.022148 0.030881
1769100615.602130 1.038199 0.022381 0.031071
1769100615.652062 1.042472 0.022630 0.029857
1769100615.702110 1.048924 0.022799 0.032693
1769100615.752116 1.053147 0.023021 0.032842
1769100615.802104 1.057468 0.023329 0.030677
1769100615.852143 1.063767 0.023558 0.030713
1769100615.902089 1.068040 0.023758 0.030242
1769100615.952089 1.072316 0.023909 0.031104
1769100616.002103 1.078615 0.024122 0.031476
1769100616.052091 1.082913 0.024330 0.031603
1769100616.102082 1.087264 0.024500 0.031641
1769100616.152056 1.093663 0.024744 0.030578
1769100616.202126 1.098115 0.024938 0.029978
1769100616.252079 1.102441 0.025069 0.030742
1769100616.302079 1.109068 0.025335 0.030043
1769100616.352124 1.113419 0.025485 0.031115
1769100616.402087 1.117669 0.025630 0.032333
1769100616.452150 1.124092 0.025938 0.030922
1769100616.502093 1.128240 0.026105 0.031398
1769100616.552130 1.132439 0.026245 0.032766
1769100616.602084 1.138736 0.026514 0.033195
1769100616.652084 1.142809 0.026675 0.034180
1769100616.702086 1.147007 0.026835 0.036263
1769100616.752095 1.151129 0.027028 0.037664
1769100616.802081 1.157401 0.027304 0.038207
1769100616.852100 1.161698 0.027550 0.037889
1769100616.902089 1.168096 0.027852 0.037467
1769100616.952093 1.172495 0.028081 0.036680
1769100617.002130 1.176872 0.028210 0.037814
1769100617.052139 1.183319 0.028524 0.036781
1769100617.102093 1.187667 0.028783 0.033627
1769100617.152136 1.191941 0.028959 0.032877
1769100617.202098 1.196216 0.029112 0.032567
1769100617.252096 1.202767 0.029367 0.031257
1769100617.302098 1.206915 0.029527 0.030564
1769100617.352096 1.213290 0.029732 0.030569
1769100617.402095 1.217641 0.029892 0.030614
1769100617.452144 1.221840 0.030027 0.031305
1769100617.502109 1.228317 0.030240 0.032430
1769100617.552106 1.232617 0.030377 0.034005
1769100617.602145 1.236891 0.030574 0.034105
1769100617.652120 1.241142 0.030668 0.036636
1769100617.702127 1.247464 0.030943 0.037093
1769100617.752190 1.251738 0.031146 0.036647
1769100617.802110 1.257984 0.031426 0.036160
1769100617.852073 1.262183 0.031563 0.036909
1769100617.902079 1.266432 0.031753 0.036974
1769100617.952132 1.272729 0.031995 0.036985
1769100618.002189 1.277003 0.032199 0.037075
1769100618.052123 1.281252 0.032362 0.037399
1769100618.102108 1.287675 0.032633 0.036394
1769100618.152108 1.292126 0.032831 0.035342
1769100618.202106 1.296502 0.032994 0.036096
1769100618.252102 1.300902 0.033179 0.034704
1769100618.302157 1.307481 0.033364 0.035023
1769100618.352090 1.311831 0.033517 0.035014
1769100618.402108 1.316130 0.033710 0.033660
1769100618.452115 1.322503 0.033981 0.031374
1769100618.502170 1.326678 0.034093 0.032440
1769100618.552153 1.330901 0.034288 0.031493
1769100618.602154 1.337149 0.034510 0.032074
1769100618.652111 1.341322 0.034692 0.032168
1769100618.702109 1.347620 0.034912 0.033312
1769100618.752174 1.351767 0.035111 0.033810
1769100618.802105 1.356040 0.035306 0.033908
1769100618.852115 1.360314 0.035494 0.034205
1769100618.902128 1.366762 0.035783 0.033652
1769100618.952111 1.371089 0.035892 0.035267
1769100619.002175 1.377413 0.036138 0.035097
1769100619.052109 1.381508 0.036365 0.032350
1769100619.102113 1.385554 0.036551 0.030273
1769100619.152097 1.391751 0.036758 0.030302
1769100619.202112 1.396052 0.036894 0.030788
1769100619.252124 1.402249 0.037119 0.029366
1769100619.302112 1.406498 0.037291 0.028503
1769100619.352114 1.410875 0.037406 0.028478
1769100619.402112 1.417378 0.037595 0.028486
1769100619.452119 1.421754 0.037737 0.028096
1769100619.502126 1.426156 0.037860 0.028625
1769100619.552126 1.432354 0.038064 0.028469
1769100619.602184 1.436681 0.038169 0.029280
1769100619.652138 1.440932 0.038296 0.030242
1769100619.702126 1.447255 0.038523 0.029897
1769100619.752154 1.451429 0.038675 0.029104
1769100619.802128 1.455578 0.038783 0.030188
1769100619.852122 1.462004 0.038998 0.031034
1769100619.902138 1.466127 0.039153 0.030775
1769100619.952141 1.470323 0.039370 0.029046
1769100620.002135 1.476749 0.039583 0.029575
1769100620.052130 1.480972 0.039751 0.029666
1769100620.102108 1.485423 0.039952 0.028054
1769100620.152142 1.491950 0.040150 0.027865
1769100620.202138 1.496301 0.040308 0.027940
1769100620.252133 1.500752 0.040485 0.026189
1769100620.302136 1.505053 0.040602 0.025125
1769100620.352139 1.511632 0.040769 0.023523
1769100620.402128 1.515908 0.040883 0.023117
1769100620.452139 1.520261 0.040967 0.023545
1769100620.502140 1.526713 0.041147 0.023017
1769100620.552133 1.530863 0.041242 0.023808
1769100620.602138 1.535112 0.041395 0.023487
1769100620.652126 1.541437 0.041566 0.024858
1769100620.702134 1.545687 0.041713 0.025423
1769100620.752129 1.549962 0.041870 0.025143
1769100620.802130 1.556387 0.042080 0.025769
1769100620.852145 1.560586 0.042240 0.026141
1769100620.902107 1.564887 0.042363 0.026845
1769100620.952196 1.571236 0.042579 0.026941
1769100621.002111 1.575459 0.042766 0.025450
1769100621.052143 1.579735 0.042879 0.024862
1769100621.102135 1.586035 0.043070 0.024930
1769100621.152144 1.590310 0.043192 0.024958
1769100621.202141 1.594560 0.043349 0.024639
1769100621.252147 1.600985 0.043562 0.024222
1769100621.302146 1.605362 0.043672 0.024755
1769100621.352185 1.609765 0.043784 0.024329
1769100621.402119 1.616139 0.044018 0.022165
1769100621.452188 1.620465 0.044134 0.021509
1769100621.502141 1.624817 0.044253 0.020818
1769100621.552171 1.631372 0.044355 0.022171
1769100621.602148 1.635648 0.044473 0.021847
1769100621.652208 1.639924 0.044604 0.021554
1769100621.702163 1.646175 0.044703 0.023059
1769100621.752145 1.650426 0.044812 0.023610
1769100621.802151 1.654576 0.044915 0.024893
1769100621.852164 1.660849 0.045120 0.025536
1769100621.902154 1.665049 0.045255 0.026071
1769100621.952162 1.669401 0.045363 0.028343
1769100622.002146 1.675725 0.045565 0.028664
1769100622.052154 1.680074 0.045779 0.026628
1769100622.102146 1.684400 0.045912 0.026920
1769100622.152156 1.690927 0.046129 0.027005
1769100622.202160 1.695253 0.046261 0.027034
1769100622.252159 1.699579 0.046410 0.026358
1769100622.302163 1.706056 0.046591 0.025097
1769100622.352147 1.710382 0.046722 0.024290
1769100622.402156 1.714658 0.046844 0.023150
1769100622.452151 1.721187 0.046971 0.023403
1769100622.502152 1.725437 0.047095 0.023451
1769100622.552177 1.729713 0.047208 0.023892
1769100622.602147 1.736165 0.047374 0.024762
1769100622.652152 1.740568 0.047482 0.025764
1769100622.702156 1.744792 0.047638 0.025656
1769100622.752150 1.751269 0.047839 0.025992
1769100622.802160 1.755570 0.047965 0.027080
1769100622.852152 1.759870 0.048114 0.027361
1769100622.902167 1.766144 0.048302 0.028195
1769100622.952153 1.770267 0.048465 0.028034
1769100623.002155 1.774542 0.048597 0.028268
1769100623.052164 1.780766 0.048799 0.028697
1769100623.102170 1.784990 0.048958 0.028355
1769100623.152167 1.789138 0.049110 0.028432
1769100623.202167 1.793412 0.049271 0.028093
1769100623.252175 1.799890 0.049450 0.029145
1769100623.302166 1.804241 0.049590 0.029922
1769100623.352183 1.808641 0.049798 0.027389
1769100623.402166 1.815244 0.049990 0.027140
1769100623.452170 1.819646 0.050132 0.025860
1769100623.502171 1.824047 0.050280 0.024557
1769100623.552169 1.830524 0.050453 0.023629
1769100623.602199 1.834827 0.050540 0.023064
1769100623.652267 1.839128 0.050642 0.023070
1769100623.702219 1.845429 0.050790 0.023447
1769100623.752207 1.849630 0.050874 0.025280
1769100623.802208 1.853780 0.050970 0.026859
1769100623.852195 1.860105 0.051160 0.027608
1769100623.902210 1.864406 0.051288 0.028863
1769100623.952178 1.868581 0.051392 0.030751
1769100624.002153 1.875007 0.051581 0.032346
1769100624.052172 1.879281 0.051744 0.031780
1769100624.102181 1.883582 0.051885 0.032493
1769100624.152223 1.890008 0.052081 0.033877
1769100624.202248 1.894257 0.052225 0.032359
1769100624.252156 1.898532 0.052378 0.031249
1769100624.302169 1.904909 0.052540 0.030965
1769100624.352179 1.909184 0.052685 0.029849
1769100624.402169 1.913536 0.052796 0.029397
1769100624.452158 1.919886 0.052997 0.028595
1769100624.502161 1.924212 0.053118 0.028601
1769100624.552158 1.928588 0.053259 0.027595
1769100624.602162 1.935117 0.053403 0.028262
1769100624.652243 1.939267 0.053512 0.028684
1769100624.702195 1.943644 0.053643 0.028717
1769100624.752170 1.950197 0.053813 0.029429
1769100624.802161 1.954246 0.053908 0.031470
1769100624.852171 1.960494 0.054116 0.030887
1769100624.902165 1.964668 0.054248 0.030382
1769100624.952172 1.968691 0.054359 0.031067
1769100625.002166 1.974662 0.054538 0.031818
1769100625.052183 1.978785 0.054668 0.032636
1769100625.102167 1.982984 0.054824 0.032709
1769100625.152143 1.989232 0.055029 0.033424
1769100625.202196 1.993507 0.055184 0.033275
1769100625.252169 1.997733 0.055282 0.034527
1769100625.302176 2.004333 0.055558 0.032019
1769100625.352170 2.008658 0.055723 0.030455
1769100625.402189 2.013086 0.055853 0.030459
1769100625.452181 2.019689 0.056060 0.029166
1769100625.502279 2.023989 0.056212 0.027020
1769100625.552231 2.028289 0.056351 0.024705
1769100625.602219 2.034691 0.056500 0.023153
1769100625.652225 2.039018 0.056594 0.023156
1769100625.702225 2.043271 0.056650 0.024608
1769100625.752230 2.049597 0.056800 0.025207
1769100625.802303 2.053924 0.056890 0.026196
1769100625.852224 2.058151 0.056968 0.027733
1769100625.902246 2.064603 0.057138 0.028594
1769100625.952286 2.068905 0.057238 0.029844
1769100626.002225 2.073180 0.057372 0.029895
1769100626.052202 2.079606 0.057558 0.030922
1769100626.102203 2.083883 0.057639 0.033009
1769100626.152204 2.088057 0.057785 0.031905
1769100626.202197 2.094457 0.057990 0.031415
1769100626.252205 2.098683 0.058078 0.031335
1769100626.302208 2.102933 0.058213 0.030802
1769100626.352190 2.109359 0.058399 0.030494
1769100626.402203 2.113535 0.058483 0.031693
1769100626.452218 2.117937 0.058615 0.031717
1769100626.502204 2.124441 0.058757 0.032977
1769100626.552259 2.128793 0.058875 0.032322
1769100626.602210 2.133246 0.058989 0.031491
1769100626.652252 2.139875 0.059175 0.030254
1769100626.702211 2.143974 0.059281 0.029661
1769100626.752256 2.148377 0.059360 0.030685
1769100626.802222 2.154678 0.059513 0.031212
1769100626.852256 2.158928 0.059637 0.030335
1769100626.902209 2.163104 0.059713 0.031313
1769100626.952261 2.169328 0.059893 0.032086
1769100627.002260 2.173503 0.059987 0.032941
1769100627.052269 2.177628 0.060084 0.033744
1769100627.102209 2.183952 0.060281 0.034669
1769100627.152202 2.188102 0.060385 0.036222
1769100627.202262 2.192377 0.060513 0.036696
1769100627.252265 2.198827 0.060751 0.035598
1769100627.302281 2.203102 0.060894 0.034506
1769100627.352271 2.207226 0.061016 0.034504
1769100627.402273 2.213804 0.061192 0.034681
1769100627.452214 2.218054 0.061345 0.033118
1769100627.502219 2.222405 0.061474 0.031320
1769100627.552301 2.228833 0.061616 0.031901
1769100627.602211 2.232882 0.061700 0.031843
1769100627.652280 2.239131 0.061877 0.030784
1769100627.702244 2.243306 0.061972 0.030491
1769100627.752252 2.247684 0.062065 0.030170
1769100627.802250 2.254163 0.062196 0.031916
1769100627.852283 2.258414 0.062299 0.032476
1769100627.902237 2.262792 0.062396 0.032941
1769100627.952331 2.269218 0.062571 0.033963
1769100628.002362 2.273443 0.062693 0.033957
1769100628.052222 2.277670 0.062781 0.035819
1769100628.102231 2.283943 0.062990 0.035467
1769100628.152225 2.288141 0.063151 0.033856
1769100628.202225 2.292367 0.063253 0.034844
1769100628.252232 2.298642 0.063434 0.035689
1769100628.302233 2.302891 0.063578 0.035727
1769100628.352215 2.307015 0.063698 0.036438
1769100628.402236 2.313492 0.063897 0.037716
1769100628.452239 2.317843 0.064021 0.038350
1769100628.502225 2.322093 0.064158 0.038122
1769100628.552231 2.328771 0.064397 0.036803
1769100628.602305 2.333123 0.064518 0.036730
1769100628.652287 2.337473 0.064667 0.035367
1769100628.702212 2.344028 0.064816 0.037020
1769100628.752275 2.348328 0.064946 0.036440
1769100628.802231 2.352604 0.065082 0.035674
1769100628.852239 2.358929 0.065255 0.037255
1769100628.902282 2.363154 0.065381 0.038372
1769100628.952236 2.367403 0.065540 0.038031
1769100629.002236 2.373624 0.065816 0.035333
1769100629.052240 2.377823 0.065951 0.036067
1769100629.102246 2.382123 0.066101 0.036520
1769100629.152210 2.386348 0.066237 0.037464
1769100629.202248 2.392746 0.066482 0.037525
1769100629.252216 2.396995 0.066642 0.036934
1769100629.302245 2.401321 0.066782 0.036911
1769100629.352295 2.407772 0.067003 0.037703
1769100629.402219 2.411920 0.067141 0.039120
1769100629.452215 2.416271 0.067288 0.040946
1769100629.502242 2.422696 0.067518 0.045160
1769100629.552234 2.426945 0.067679 0.050116
1769100629.602298 2.431293 0.067883 0.053064
1769100629.652266 2.437687 0.068240 0.056643
1769100629.702247 2.442032 0.068497 0.058997
1769100629.752278 2.446379 0.068726 0.063375
1769100629.802316 2.452997 0.069153 0.067456
1769100629.852279 2.457392 0.069427 0.071472
1769100629.902263 2.461660 0.069684 0.076636
1769100629.952280 2.468120 0.070180 0.080068
1769100630.002301 2.472334 0.070494 0.084510
1769100630.052223 2.476598 0.070816 0.089319
1769100630.102224 2.482875 0.071376 0.093394
1769100630.152256 2.487060 0.071725 0.098683
1769100630.202254 2.491265 0.072157 0.100969
1769100630.252254 2.497510 0.072789 0.106798
1769100630.302265 2.501712 0.073249 0.110751
1769100630.352272 2.505966 0.073677 0.118232
1769100630.402299 2.512324 0.074432 0.124900
1769100630.452245 2.516568 0.074966 0.128838
1769100630.502255 2.520912 0.075503 0.133258
1769100630.552264 2.527104 0.076386 0.134718
1769100630.602250 2.531243 0.076938 0.138591
1769100630.652270 2.535555 0.077536 0.141431
1769100630.702263 2.541870 0.078430 0.145267
1769100630.752236 2.546204 0.079034 0.150403
1769100630.802262 2.550457 0.079688 0.152399
1769100630.852256 2.556863 0.080657 0.157964
1769100630.902256 2.561236 0.081367 0.160574
1769100630.952251 2.565485 0.082027 0.166207
1769100631.002261 2.571900 0.083108 0.172381
1769100631.052260 2.576113 0.083846 0.176102
1769100631.102250 2.580253 0.084540 0.182058
1769100631.152278 2.586321 0.085719 0.183542
1769100631.202259 2.590228 0.086438 0.187264
1769100631.252267 2.596420 0.087605 0.192663
1769100631.300317 2.600518 0.088411 0.195854
1769100631.352274 2.604692 0.089212 0.201636
1769100631.402268 2.610935 0.090540 0.204143
1769100631.452266 2.615075 0.091386 0.210052
1769100631.502271 2.619207 0.092285 0.214277
1769100631.552288 2.625561 0.093683 0.219848
1769100631.602316 2.629761 0.094609 0.225648
1769100631.652275 2.634001 0.095612 0.227915
1769100631.702267 2.640211 0.097078 0.232198
1769100631.752275 2.644401 0.098037 0.237277
1769100631.802351 2.648459 0.099027 0.240445
1769100631.852249 2.652636 0.100064 0.242016
1769100631.902290 2.658956 0.101576 0.247760
1769100631.952278 2.663103 0.102618 0.251400
1769100632.002278 2.667293 0.103705 0.252549
1769100632.052295 2.673617 0.105321 0.257498
1769100632.102338 2.677826 0.106432 0.260889
1769100632.152288 2.682089 0.107513 0.268321
1769100632.202276 2.688360 0.109232 0.273792
1769100632.252331 2.692574 0.110425 0.277909
1769100632.302283 2.696620 0.111535 0.285222
1769100632.352257 2.702786 0.113354 0.290226
1769100632.402288 2.706718 0.114506 0.296029
1769100632.452262 2.710739 0.115711 0.302636
1769100632.502285 2.716723 0.117612 0.305069
1769100632.552287 2.720705 0.118878 0.308806
1769100632.602283 2.724803 0.120190 0.312300
1769100632.652344 2.730868 0.122167 0.316199
1769100632.702289 2.734975 0.123554 0.318683
1769100632.752272 2.739089 0.124894 0.325326
1769100632.802287 2.745270 0.127011 0.329362
1769100632.852289 2.749440 0.128424 0.334488
1769100632.902298 2.753454 0.129833 0.338066
1769100632.952292 2.759319 0.131943 0.339794
1769100633.002285 2.763426 0.133391 0.344017
1769100633.052295 2.767430 0.134828 0.348388
1769100633.102289 2.773469 0.137040 0.351558
1769100633.152293 2.777436 0.138513 0.355269
1769100633.202360 2.781420 0.140011 0.359273
1769100633.252334 2.787456 0.142310 0.362037
1769100633.302313 2.791539 0.143930 0.362722
1769100633.352296 2.795539 0.145463 0.366979
1769100633.402292 2.801646 0.147876 0.367170
1769100633.452270 2.805679 0.149478 0.367495
1769100633.502307 2.809570 0.151024 0.368712
1769100633.552307 2.815562 0.153381 0.370016
1769100633.602310 2.819406 0.154901 0.370862
1769100633.652313 2.823267 0.156451 0.370451
1769100633.702319 2.829089 0.158756 0.370542
1769100633.752320 2.832954 0.160292 0.371526
1769100633.802312 2.836818 0.161829 0.371592
1769100633.852360 2.842680 0.164166 0.370783
1769100633.902313 2.846660 0.165754 0.370303
1769100633.952304 2.850738 0.167368 0.370359
1769100634.002315 2.856721 0.169739 0.368587
1769100634.052298 2.860829 0.171343 0.368617
1769100634.102282 2.864997 0.173003 0.365945
1769100634.152368 2.871069 0.175354 0.365458
1769100634.202307 2.875147 0.176968 0.363275
1769100634.252299 2.879190 0.178531 0.362586
1769100634.302308 2.885178 0.180821 0.361952
1769100634.352308 2.889237 0.182420 0.360458
1769100634.402299 2.893099 0.183900 0.362108
1769100634.452305 2.899013 0.186174 0.364076
1769100634.502308 2.902962 0.187704 0.365538
1769100634.552309 2.906881 0.189240 0.366249
1769100634.602295 2.912931 0.191583 0.368234
1769100634.652302 2.916780 0.193077 0.369902
1769100634.702313 2.920835 0.194669 0.370714
1769100634.752315 2.926858 0.197069 0.368255
1769100634.802316 2.930722 0.198593 0.367724
1769100634.852281 2.934514 0.200097 0.366375
1769100634.902314 2.940477 0.202437 0.363568
1769100634.952317 2.944422 0.203970 0.362269
1769100635.002359 2.948411 0.205529 0.360161
1769100635.052373 2.954328 0.207785 0.360227
1769100635.102286 2.958143 0.209234 0.360450
1769100635.152299 2.964198 0.211550 0.358956
1769100635.202290 2.968225 0.213080 0.358199
1769100635.252338 2.972409 0.214695 0.356732
1769100635.302288 2.978579 0.217006 0.357358
1769100635.352297 2.982676 0.218565 0.357436
1769100635.402315 2.986762 0.220149 0.354570
1769100635.452293 2.992840 0.222421 0.356176
1769100635.502303 2.996801 0.223914 0.358015
1769100635.552355 3.000566 0.225344 0.358289
1769100635.602414 3.006443 0.227559 0.358752
1769100635.652356 3.010347 0.229051 0.359208
1769100635.702349 3.014215 0.230498 0.361151
1769100635.752340 3.019812 0.232648 0.361315
1769100635.802344 3.023498 0.234067 0.360348
1769100635.852334 3.029201 0.236235 0.360743
1769100635.902376 3.033274 0.237778 0.361681
1769100635.952341 3.037269 0.239301 0.361397
1769100636.002340 3.043440 0.241652 0.359536
1769100636.052328 3.047583 0.243225 0.357510
1769100636.102312 3.051534 0.244718 0.357202
1769100636.152308 3.057607 0.246978 0.356519
1769100636.202306 3.061709 0.248508 0.353909
1769100636.252306 3.065723 0.249984 0.353718
1769100636.302306 3.071793 0.252246 0.351008
1769100636.352306 3.075795 0.253694 0.352186
1769100636.402314 3.079786 0.255160 0.352599
1769100636.452307 3.083827 0.256644 0.352610
1769100636.502309 3.089586 0.258742 0.354731
1769100636.552309 3.093725 0.260309 0.353291
1769100636.602379 3.099810 0.262547 0.355195
1769100636.652312 3.103796 0.264028 0.355921
1769100636.702313 3.107795 0.265587 0.350963
1769100636.752321 3.113741 0.267770 0.353036
1769100636.802395 3.117705 0.269243 0.354096
1769100636.852325 3.121660 0.270723 0.352723
1769100636.902314 3.127604 0.272906 0.352712
1769100636.952326 3.131605 0.274405 0.351625
1769100637.002338 3.135509 0.275823 0.352623
1769100637.052342 3.141543 0.278037 0.352393
1769100637.102345 3.145568 0.279537 0.350032
1769100637.152346 3.149543 0.280980 0.349616
1769100637.202337 3.153747 0.282520 0.348467
1769100637.252405 3.159930 0.284766 0.347194
1769100637.302347 3.164022 0.286245 0.346128
1769100637.352337 3.168200 0.287773 0.342547
1769100637.402344 3.174389 0.289959 0.343054
1769100637.452387 3.178495 0.291413 0.344002
1769100637.502341 3.182532 0.292836 0.344288
1769100637.552341 3.188469 0.294948 0.344931
1769100637.602362 3.192499 0.296383 0.345682
1769100637.652359 3.196365 0.297750 0.347531
1769100637.702350 3.202315 0.299890 0.348586
1769100637.752349 3.206326 0.301354 0.346890
1769100637.802407 3.210211 0.302741 0.348173
1769100637.852432 3.216203 0.304908 0.349312
1769100637.902364 3.220273 0.306371 0.349921
1769100637.952363 3.224320 0.307824 0.349928
1769100638.002358 3.230417 0.310061 0.346676
1769100638.052409 3.234415 0.311495 0.346413
1769100638.102334 3.238489 0.312945 0.345798
1769100638.152354 3.244486 0.315097 0.342901
1769100638.202329 3.248526 0.316507 0.342435
1769100638.252326 3.252532 0.317959 0.337709
1769100638.302351 3.258631 0.320075 0.337684
1769100638.352342 3.262409 0.321383 0.337061
1769100638.402409 3.266530 0.322834 0.334214
1769100638.452346 3.272668 0.324933 0.335939
1769100638.502337 3.276644 0.326297 0.337459
1769100638.552351 3.280716 0.327697 0.338058
1769100638.602328 3.286866 0.329825 0.339607
1769100638.652337 3.290953 0.331287 0.336961
1769100638.702367 3.294967 0.332686 0.337423
1769100638.752365 3.300932 0.334743 0.339845
1769100638.802429 3.304853 0.336141 0.336385
1769100638.852362 3.308795 0.337516 0.336430
1769100638.902369 3.314779 0.339628 0.335393
1769100638.952334 3.318675 0.340979 0.335433
1769100639.002354 3.322665 0.342363 0.336289
1769100639.052351 3.328720 0.344528 0.330920
1769100639.102360 3.332730 0.345885 0.331880
1769100639.152434 3.336890 0.347319 0.330840
1769100639.202364 3.343034 0.349432 0.329407
1769100639.252356 3.347202 0.350852 0.328063
1769100639.302344 3.351374 0.352300 0.323101
1769100639.352366 3.357540 0.354373 0.321609
1769100639.402420 3.361676 0.355744 0.321930
1769100639.452368 3.365784 0.357106 0.320852
1769100639.502366 3.371902 0.359115 0.320983
1769100639.552396 3.375986 0.360470 0.321021
1769100639.602477 3.379930 0.361770 0.322151
1769100639.652445 3.385776 0.363696 0.324402
1769100639.702407 3.389877 0.365104 0.321441
1769100639.752396 3.393891 0.366434 0.322895
1769100639.802369 3.399987 0.368469 0.324279
1769100639.852385 3.404049 0.369817 0.325390
1769100639.902390 3.408054 0.371159 0.325762
1769100639.952384 3.414108 0.373216 0.324259
1769100640.002384 3.418133 0.374571 0.323916
1769100640.052377 3.422146 0.375904 0.324569
1769100640.102373 3.428112 0.377910 0.322647
1769100640.152435 3.432226 0.379268 0.322635
1769100640.202387 3.436205 0.380599 0.321396
1769100640.252441 3.442087 0.382552 0.320931
1769100640.302433 3.446098 0.383878 0.320133
1769100640.352430 3.450233 0.385272 0.315858
1769100640.402433 3.456258 0.387233 0.316259
1769100640.452384 3.460446 0.388595 0.317033
1769100640.502390 3.464664 0.389959 0.317020
1769100640.552381 3.470930 0.391993 0.317403
1769100640.602443 3.475061 0.393352 0.316369
1769100640.652385 3.479159 0.394682 0.317042
1769100640.702433 3.485210 0.396642 0.319811
1769100640.752400 3.489238 0.397976 0.317751
1769100640.802393 3.493167 0.399255 0.318257
1769100640.852453 3.499191 0.401250 0.318162
1769100640.902386 3.503051 0.402499 0.320507
1769100640.952435 3.507076 0.403806 0.322911
1769100641.002367 3.513171 0.405864 0.319751
1769100641.052434 3.517200 0.407172 0.321498
1769100641.102435 3.521302 0.408530 0.321587
1769100641.152440 3.527420 0.410561 0.320196
1769100641.202396 3.531600 0.411940 0.318926
1769100641.252442 3.535727 0.413303 0.316739
1769100641.302401 3.541832 0.415304 0.315223
1769100641.352397 3.546037 0.416649 0.315731
1769100641.402396 3.550059 0.417939 0.314964
1769100641.452466 3.556263 0.419925 0.314041
1769100641.502396 3.560411 0.421249 0.313828
1769100641.552378 3.564201 0.422454 0.313497
1769100641.602402 3.570120 0.424330 0.315757
1769100641.652402 3.574026 0.425574 0.315503
1769100641.702397 3.580235 0.427578 0.315562
1769100641.752401 3.584357 0.428865 0.319121
1769100641.802417 3.588455 0.430169 0.320658
1769100641.852415 3.594546 0.432145 0.321010
1769100641.902433 3.598631 0.433471 0.320111
1769100641.952444 3.602577 0.434746 0.319775
1769100642.002420 3.608599 0.436693 0.320909
1769100642.052406 3.612558 0.437981 0.319155
1769100642.102406 3.616560 0.439263 0.318764
1769100642.152410 3.622571 0.441220 0.317491
1769100642.202404 3.626538 0.442498 0.316561
1769100642.252406 3.630593 0.443786 0.317117
1769100642.302405 3.636729 0.445797 0.313076
1769100642.352407 3.640883 0.447110 0.313058
1769100642.402401 3.645044 0.448446 0.310921
1769100642.452420 3.649346 0.449793 0.310898
1769100642.502449 3.655569 0.451768 0.309861
1769100642.552463 3.659804 0.453082 0.310074
1769100642.602408 3.663889 0.454357 0.309425
1769100642.652454 3.670159 0.456311 0.311011
1769100642.702417 3.674159 0.457540 0.312352
1769100642.752416 3.678180 0.458785 0.312792
1769100642.802408 3.684253 0.460717 0.312839
1769100642.852458 3.688259 0.461977 0.313652
1769100642.902423 3.692210 0.463204 0.316400
1769100642.952418 3.698224 0.465172 0.311862
1769100643.002416 3.702358 0.466469 0.313789
1769100643.052416 3.706440 0.467760 0.314875
1769100643.102418 3.712549 0.469725 0.314340
1769100643.152421 3.716694 0.471045 0.313628
1769100643.202461 3.720739 0.472332 0.312482
1769100643.252432 3.726859 0.474282 0.311363
1769100643.300656 3.731001 0.475569 0.311531
1769100643.352429 3.735109 0.476845 0.310536
1769100643.402420 3.741144 0.478741 0.308738
1769100643.452417 3.745237 0.480001 0.308685
1769100643.502448 3.749384 0.481281 0.305114
1769100643.552411 3.755566 0.483162 0.305650
1769100643.602433 3.759670 0.484418 0.302441
1769100643.652445 3.763864 0.485681 0.301621
1769100643.702466 3.770193 0.487601 0.302715
1769100643.752511 3.774345 0.488839 0.304306
1769100643.802436 3.778536 0.490102 0.304292
1769100643.852469 3.784724 0.492006 0.303485
1769100643.902426 3.788502 0.493146 0.303495
1769100643.952433 3.792607 0.494376 0.305168
1769100644.002433 3.798553 0.496208 0.303977
1769100644.052440 3.802544 0.497425 0.304008
1769100644.102423 3.806493 0.498624 0.304955
1769100644.152427 3.812483 0.500472 0.305019
1769100644.202430 3.816504 0.501696 0.305006
1769100644.252438 3.820599 0.502967 0.301644
1769100644.302427 3.826789 0.504864 0.301696
1769100644.356951 3.830741 0.506055 0.301681
1769100644.402425 3.834944 0.507334 0.299224
1769100644.452476 3.841242 0.509241 0.297840
1769100644.502414 3.845450 0.510516 0.294208
1769100644.552431 3.849522 0.511726 0.293145
1769100644.602436 3.855619 0.513535 0.292677
1769100644.652490 3.859756 0.514739 0.292999
1769100644.702433 3.863821 0.515924 0.293361
1769100644.752447 3.870053 0.517751 0.296402
1769100644.802435 3.874019 0.518912 0.297924
1769100644.852451 3.878154 0.520130 0.299280
1769100644.902437 3.884088 0.521921 0.299304
1769100644.952444 3.888159 0.523143 0.299323
1769100645.002416 3.892391 0.524400 0.302033
1769100645.052442 3.898451 0.526225 0.303167
1769100645.102445 3.902622 0.527471 0.303359
1769100645.152444 3.906732 0.528717 0.301196
1769100645.202442 3.912784 0.530548 0.301221
1769100645.252444 3.916663 0.531704 0.300327
1769100645.302497 3.922784 0.533558 0.297357
1769100645.352495 3.926834 0.534758 0.296103
1769100645.402446 3.930709 0.535909 0.293369
1769100645.452506 3.936790 0.537718 0.289777
1769100645.502468 3.940937 0.538927 0.284714
1769100645.552476 3.945139 0.540135 0.279424
1769100645.602530 3.951546 0.541952 0.273137
1769100645.652474 3.955814 0.543130 0.267759
1769100645.702478 3.960099 0.544280 0.263822
1769100645.752448 3.964290 0.545387 0.260169
1769100645.802493 3.970588 0.547045 0.255753
1769100645.852501 3.974765 0.548109 0.251977
1769100645.902540 3.978909 0.549161 0.247612
1769100645.952592 3.984903 0.550657 0.242769
1769100646.002496 3.989001 0.551641 0.241495
1769100646.052435 3.993028 0.552620 0.237024
1769100646.102447 3.999122 0.554084 0.230026
1769100646.152454 4.003217 0.555032 0.225939
1769100646.202510 4.007275 0.555969 0.219654
1769100646.252455 4.013657 0.557382 0.214730
1769100646.302437 4.017856 0.558294 0.209836
1769100646.352444 4.022165 0.559206 0.204710
1769100646.402433 4.028497 0.560538 0.196807
1769100646.452459 4.032509 0.561345 0.190545
1769100646.502457 4.038748 0.562557 0.184867
1769100646.552459 4.042999 0.563361 0.179978
1769100646.602458 4.047186 0.564116 0.176052
1769100646.652470 4.053479 0.565229 0.170697
1769100646.702463 4.057671 0.565951 0.166573
1769100646.752466 4.061953 0.566656 0.164741
1769100646.802548 4.068279 0.567700 0.162405
1769100646.852474 4.072603 0.568380 0.165439
1769100646.902463 4.076805 0.569064 0.166319
1769100646.952469 4.083104 0.570103 0.167146
1769100647.002472 4.087302 0.570799 0.168747
1769100647.052463 4.091564 0.571524 0.168843
1769100647.102471 4.095812 0.572232 0.170389
1769100647.152474 4.102023 0.573289 0.170444
1769100647.202468 4.106258 0.574016 0.168792
1769100647.252522 4.112248 0.575032 0.169306
1769100647.302514 4.116365 0.575729 0.169346
1769100647.352513 4.120657 0.576452 0.167962
1769100647.402468 4.126740 0.577482 0.165470
1769100647.452450 4.130955 0.578185 0.162531
1769100647.502472 4.135327 0.578891 0.159603
1769100647.552555 4.141831 0.579927 0.154997
1769100647.602515 4.146177 0.580605 0.149572
1769100647.652528 4.150487 0.581241 0.145377
1769100647.702503 4.157059 0.582192 0.141317
1769100647.752464 4.161347 0.582797 0.138298
1769100647.802585 4.165545 0.583362 0.138449
1769100647.852535 4.171900 0.584224 0.139485
1769100647.902472 4.175753 0.584759 0.137037
1769100647.952471 4.179898 0.585316 0.138011
1769100648.002486 4.186143 0.586170 0.138320
1769100648.052546 4.190283 0.586731 0.138347
1769100648.102575 4.194523 0.587309 0.138582
1769100648.152485 4.200825 0.588191 0.135053
1769100648.202481 4.205089 0.588764 0.134775
1769100648.252478 4.209337 0.589324 0.136539
1769100648.302485 4.215703 0.590190 0.135746
1769100648.352489 4.219815 0.590745 0.134752
1769100648.402488 4.224153 0.591325 0.133540
1769100648.452536 4.230296 0.592146 0.131028
1769100648.502459 4.234608 0.592715 0.127422
1769100648.552484 4.238869 0.593256 0.121451
1769100648.602457 4.245223 0.594033 0.115254
1769100648.652494 4.249554 0.594528 0.112602
1769100648.702484 4.253638 0.594968 0.111283
1769100648.752539 4.260096 0.595659 0.111125
1769100648.802486 4.264452 0.596127 0.109339
1769100648.852500 4.268661 0.596572 0.109315
1769100648.902493 4.275164 0.597263 0.112205
1769100648.952492 4.279371 0.597712 0.113903
1769100649.002491 4.283582 0.598170 0.115961
1769100649.052461 4.289786 0.598887 0.115262
1769100649.102495 4.293968 0.599354 0.117292
1769100649.152499 4.298153 0.599821 0.120866
1769100649.202498 4.304450 0.600579 0.117814
1769100649.252488 4.308396 0.601040 0.116069
1769100649.302505 4.314779 0.601785 0.114191
1769100649.352490 4.318928 0.602254 0.112879
1769100649.402500 4.323258 0.602732 0.112873
1769100649.452502 4.329719 0.603461 0.110160
1769100649.502499 4.333774 0.603899 0.110146
1769100649.552506 4.337903 0.604349 0.109944
1769100649.602530 4.344423 0.605053 0.109946
1769100649.652537 4.348553 0.605497 0.109099
1769100649.702576 4.352954 0.605977 0.107281
1769100649.752518 4.359375 0.606661 0.108212
1769100649.802591 4.363430 0.607094 0.109327
1769100649.852527 4.369774 0.607778 0.109754
1769100649.902597 4.373924 0.608233 0.108395
1769100649.952520 4.378251 0.608707 0.107697
1769100650.002579 4.384444 0.609372 0.109133
1769100650.052557 4.388698 0.609833 0.109941
1769100650.102513 4.392901 0.610292 0.109652
1769100650.152479 4.399216 0.610984 0.110769
1769100650.202504 4.403473 0.611444 0.114018
1769100650.252501 4.407724 0.611920 0.113822
1769100650.302506 4.411948 0.612399 0.113215
1769100650.352491 4.418380 0.613137 0.112037
1769100650.402505 4.422556 0.613604 0.112709
1769100650.452562 4.426885 0.614086 0.113732
1769100650.502559 4.433218 0.614811 0.111168
1769100650.552487 4.437441 0.615288 0.108666
1769100650.602483 4.441740 0.615764 0.106532
1769100650.652514 4.448159 0.616449 0.105356
1769100650.702516 4.452538 0.616913 0.103813
1769100650.752516 4.456843 0.617362 0.101900
1769100650.802577 4.463364 0.618031 0.100957
1769100650.852575 4.467500 0.618440 0.103739
1769100650.902519 4.471733 0.618871 0.105267
1769100650.952505 4.478180 0.619543 0.106848
1769100651.002520 4.482532 0.620010 0.107256
1769100651.052519 4.488525 0.620649 0.109608
1769100651.102516 4.492704 0.621100 0.112109
1769100651.152515 4.496933 0.621561 0.113350
1769100651.202520 4.502918 0.622237 0.112155
1769100651.252499 4.507272 0.622721 0.112833
1769100651.302518 4.511377 0.623165 0.113313
1769100651.352528 4.517718 0.623869 0.112432
1769100651.402588 4.521968 0.624343 0.109841
1769100651.452515 4.526224 0.624798 0.110048
1769100651.502527 4.532768 0.625507 0.110424
1769100651.552533 4.537047 0.625967 0.109266
1769100651.602537 4.541455 0.626433 0.109777
1769100651.652535 4.547717 0.627122 0.106865
1769100651.702543 4.552075 0.627577 0.107254
1769100651.752603 4.556406 0.628031 0.107581
1769100651.802544 4.562827 0.628710 0.107024
1769100651.852618 4.567055 0.629159 0.105085
1769100651.902547 4.571285 0.629603 0.103743
1769100651.952558 4.577707 0.630262 0.104494
1769100652.002542 4.581913 0.630694 0.104531
1769100652.052543 4.585966 0.631119 0.103354
1769100652.102505 4.592237 0.631762 0.105332
1769100652.152535 4.596494 0.632199 0.108479
1769100652.202524 4.600752 0.632643 0.111484
1769100652.252530 4.607117 0.633345 0.111927
1769100652.300855 4.611343 0.633816 0.112010
1769100652.352542 4.615520 0.634277 0.112825
1769100652.402534 4.621835 0.634980 0.114133
1769100652.452580 4.626110 0.635466 0.111432
1769100652.502521 4.630034 0.635902 0.108560
1769100652.552528 4.636452 0.636597 0.108781
1769100652.602542 4.640731 0.637055 0.107887
1769100652.652538 4.645013 0.637502 0.107084
1769100652.702538 4.651530 0.638202 0.103150
1769100652.752538 4.655913 0.638646 0.102486
1769100652.802537 4.660194 0.639082 0.101829
1769100652.852562 4.666794 0.639744 0.102538
1769100652.902534 4.671076 0.640176 0.102562
1769100652.952541 4.675405 0.640629 0.101615
1769100653.002528 4.681474 0.641246 0.103653
1769100653.052515 4.685502 0.641664 0.105372
1769100653.102545 4.689731 0.642109 0.105994
1769100653.152519 4.695998 0.642778 0.105563
1769100653.202618 4.700227 0.643224 0.107616
1769100653.252545 4.704406 0.643666 0.108862
1769100653.302613 4.710698 0.644344 0.109446
1769100653.352604 4.715000 0.644818 0.108478
1769100653.402589 4.719204 0.645268 0.109485
1769100653.452598 4.725621 0.645964 0.110210
1769100653.502658 4.729927 0.646421 0.111228
1769100653.552598 4.735992 0.647082 0.111254
1769100653.602601 4.740295 0.647555 0.110169
1769100653.652550 4.744500 0.648004 0.111368
1769100653.702545 4.751018 0.648714 0.111390
1769100653.752549 4.755298 0.649179 0.108702
1769100653.802548 4.759529 0.649622 0.107537
1769100653.852612 4.765998 0.650306 0.106389
1769100653.902608 4.770381 0.650754 0.106318
1769100653.952586 4.774639 0.651180 0.107396
1769100654.002584 4.780984 0.651847 0.105364
1769100654.052557 4.785142 0.652260 0.107388
1769100654.102562 4.789349 0.652693 0.108631
1769100654.152604 4.795770 0.653367 0.109995
1769100654.202560 4.799976 0.653805 0.111305
1769100654.252615 4.804229 0.654271 0.111186
1769100654.302534 4.810496 0.654956 0.113480
1769100654.352557 4.814422 0.655388 0.115078
1769100654.402609 4.818675 0.655867 0.113882
1769100654.452575 4.824662 0.656542 0.112628
1769100654.502632 4.828915 0.657004 0.113900
1769100654.552563 4.833170 0.657466 0.113658
1769100654.602562 4.839436 0.658162 0.110947
1769100654.652612 4.843765 0.658632 0.109609
1769100654.702636 4.848046 0.659083 0.109641
1769100654.752567 4.854591 0.659779 0.110023
1769100654.802563 4.858948 0.660231 0.109976
1769100654.852563 4.865244 0.660892 0.110549
1769100654.902638 4.869501 0.661339 0.109207
1769100654.952660 4.873833 0.661788 0.109204
1769100655.002638 4.880253 0.662459 0.110910
1769100655.052634 4.884410 0.662895 0.109287
1769100655.102563 4.888667 0.663333 0.109546
1769100655.152573 4.894835 0.663989 0.109176
1769100655.202572 4.899015 0.664416 0.110771
1769100655.252584 4.903246 0.664848 0.113909
1769100655.302577 4.909388 0.665524 0.113395
1769100655.352566 4.913592 0.665968 0.115888
1769100655.402542 4.917645 0.666412 0.116480
1769100655.452549 4.924012 0.667125 0.116736
1769100655.502625 4.928316 0.667599 0.117247
1769100655.552546 4.932596 0.668085 0.114863
1769100655.602584 4.938910 0.668788 0.116120
1769100655.652603 4.943190 0.669263 0.115407
1769100655.702612 4.947193 0.669705 0.113072
1769100655.752603 4.953634 0.670414 0.112051
1769100655.802602 4.958040 0.670897 0.108864
1769100655.852671 4.964256 0.671559 0.107783
1769100655.902644 4.968637 0.672014 0.107377
1769100655.952764 4.972692 0.672433 0.106423
1769100656.002652 4.979186 0.673110 0.106707
1769100656.052653 4.983568 0.673559 0.108264
1769100656.102602 4.987596 0.673973 0.109788
1769100656.152601 4.993991 0.674656 0.110503
1769100656.202615 4.998044 0.675089 0.111262
1769100656.252580 5.002172 0.675534 0.112798
1769100656.302590 5.008261 0.676200 0.115067
1769100656.352633 5.012439 0.676658 0.115061
1769100656.402592 5.018504 0.677334 0.115654
1769100656.452593 5.022681 0.677795 0.116237
1769100656.502598 5.026910 0.678259 0.116224
1769100656.552591 5.033075 0.678946 0.115836
1769100656.602629 5.037406 0.679431 0.112908
1769100656.652674 5.041407 0.679859 0.113422
1769100656.702653 5.047699 0.680537 0.115462
1769100656.752672 5.051754 0.680964 0.115415
1769100656.802590 5.057972 0.681644 0.114333
1769100656.852653 5.062279 0.682110 0.112572
1769100656.902644 5.066511 0.682553 0.110691
1769100656.952600 5.072983 0.683232 0.108510
1769100657.002593 5.077243 0.683674 0.101635
1769100657.052662 5.081379 0.684063 0.096379
1769100657.102601 5.087805 0.684655 0.092574
1769100657.152649 5.091869 0.684991 0.088189
1769100657.202696 5.098301 0.685524 0.084060
1769100657.252679 5.102490 0.685838 0.082367
1769100657.302648 5.106661 0.686125 0.080640
1769100657.352596 5.112924 0.686585 0.076568
1769100657.402663 5.117221 0.686872 0.073236
1769100657.452600 5.121520 0.687139 0.070005
1769100657.502605 5.127862 0.687536 0.067009
1769100657.552606 5.131888 0.687774 0.060040
1769100657.602607 5.136142 0.688002 0.053369
1769100657.652710 5.142588 0.688324 0.047309
1769100657.702705 5.146916 0.688512 0.040765
1769100657.752656 5.151043 0.688652 0.034667
1769100657.802611 5.157669 0.688855 0.029825
1769100657.852620 5.161874 0.688957 0.023205
1769100657.902698 5.165928 0.689019 0.018147
1769100657.952699 5.172482 0.689109 0.013717
1769100658.002641 5.176964 0.689143 0.008789
1769100658.052666 5.181221 0.689159 0.003801
1769100658.102704 5.187422 0.689159 0.000785
1769100658.152687 5.191729 0.689142 -0.003278
1769100658.202692 5.195961 0.689108 -0.008454
1769100658.252614 5.202314 0.689041 -0.013104
1769100658.302617 5.206543 0.688969 -0.016030
1769100658.352612 5.210750 0.688880 -0.021091
1769100658.402585 5.217126 0.688721 -0.025243
1769100658.452636 5.221102 0.688597 -0.030301
1769100658.502677 5.227428 0.688390 -0.035592
1769100658.552621 5.231532 0.688242 -0.042097
1769100658.602689 5.235759 0.688048 -0.047120
1769100658.652608 5.242254 0.687724 -0.050505
1769100658.702575 5.246506 0.687493 -0.055658
1769100658.752604 5.250754 0.687231 -0.059787
1769100658.802581 5.257326 0.686821 -0.065786
1769100658.852608 5.261722 0.686521 -0.071476
1769100658.902698 5.265867 0.686207 -0.077666
1769100658.952611 5.272429 0.685683 -0.084318
1769100659.002673 5.276562 0.685313 -0.087193
1769100659.052611 5.280852 0.684916 -0.092407
1769100659.102579 5.286924 0.684338 -0.098521
1769100659.152724 5.291228 0.683897 -0.101380
1769100659.202667 5.295387 0.683458 -0.105859
1769100659.252707 5.301625 0.682776 -0.109012
1769100659.302613 5.305758 0.682307 -0.113348
1769100659.352666 5.311762 0.681598 -0.115683
1769100659.402685 5.316099 0.681090 -0.122560
1769100659.452665 5.320047 0.680599 -0.128302
1769100659.502701 5.326543 0.679748 -0.131584
1769100659.552668 5.330842 0.679176 -0.137091
1769100659.602720 5.335180 0.678567 -0.142056
1769100659.652707 5.341366 0.677675 -0.147089
1769100659.702702 5.345477 0.677065 -0.152965
1769100659.752663 5.349858 0.676386 -0.159492
1769100659.802638 5.356224 0.675363 -0.165887
1769100659.852648 5.360539 0.674635 -0.169974
1769100659.902608 5.366592 0.673594 -0.174639
1769100659.952679 5.370583 0.672894 -0.180109
1769100660.002692 5.374714 0.672140 -0.184382
1769100660.052632 5.381051 0.670960 -0.188758
1769100660.102678 5.385331 0.670156 -0.194082
1769100660.152682 5.389449 0.669340 -0.196371
1769100660.202700 5.395800 0.668072 -0.199502
1769100660.252700 5.399971 0.667227 -0.203442
1769100660.302618 5.404061 0.666385 -0.207026
1769100660.352685 5.408278 0.665497 -0.211050
1769100660.402680 5.414459 0.664167 -0.215150
1769100660.452610 5.418567 0.663259 -0.219482
1769100660.502703 5.424670 0.661894 -0.225849
1769100660.552607 5.428844 0.660937 -0.231880
1769100660.602699 5.432984 0.659966 -0.237425
1769100660.652689 5.437181 0.658959 -0.245585
1769100660.702618 5.443474 0.657378 -0.250197
1769100660.752603 5.447672 0.656311 -0.256511
1769100660.802708 5.451938 0.655192 -0.262989
1769100660.852611 5.458277 0.653482 -0.267838
1769100660.902604 5.462602 0.652301 -0.272392
1769100660.952693 5.466851 0.651125 -0.278366
1769100661.002621 5.472999 0.649376 -0.281913
1769100661.052622 5.477081 0.648200 -0.284511
1769100661.102689 5.481162 0.647010 -0.287630
1769100661.152606 5.486935 0.645309 -0.292085
1769100661.202695 5.490960 0.644111 -0.295601
1769100661.252670 5.495002 0.642880 -0.300007
1769100661.302617 5.501053 0.641001 -0.302812
1769100661.352689 5.505046 0.639755 -0.306513
1769100661.402613 5.509144 0.638453 -0.309408
1769100661.452661 5.515234 0.636496 -0.309696
1769100661.502615 5.519316 0.635189 -0.311581
1769100661.552746 5.523458 0.633852 -0.312002
1769100661.602713 5.529593 0.631858 -0.310154
1769100661.652613 5.533890 0.630476 -0.311524
1769100661.702683 5.537912 0.629177 -0.311523
1769100661.752609 5.544138 0.627181 -0.313331
1769100661.802724 5.548267 0.625838 -0.312443
1769100661.852630 5.552379 0.624502 -0.311583
1769100661.902645 5.558577 0.622506 -0.314184
1769100661.952610 5.562622 0.621180 -0.312530
1769100662.002714 5.566714 0.619853 -0.312009
1769100662.052619 5.572828 0.617870 -0.311395
1769100662.102650 5.576627 0.616637 -0.310065
1769100662.152675 5.580701 0.615324 -0.309307
1769100662.202638 5.586722 0.613391 -0.307007
1769100662.252677 5.590786 0.612083 -0.304067
1769100662.302648 5.594895 0.610778 -0.302775
1769100662.352645 5.600920 0.608889 -0.302175
1769100662.402670 5.604866 0.607651 -0.301905
1769100662.452671 5.608901 0.606381 -0.301591
1769100662.502676 5.615046 0.604452 -0.302243
1769100662.552677 5.619143 0.603171 -0.305926
1769100662.602673 5.623179 0.601891 -0.307746
1769100662.652670 5.629345 0.599915 -0.308389
1769100662.702678 5.633504 0.598586 -0.311447
1769100662.752718 5.637629 0.597256 -0.313262
1769100662.802649 5.643822 0.595249 -0.314967
1769100662.852644 5.647995 0.593881 -0.314141
1769100662.902650 5.652083 0.592547 -0.312932
1769100662.952679 5.658360 0.590500 -0.311493
1769100663.002649 5.662429 0.589180 -0.310330
1769100663.052686 5.666460 0.587884 -0.310282
1769100663.102672 5.672360 0.585982 -0.308711
1769100663.152671 5.676401 0.584676 -0.308079
1769100663.202691 5.680230 0.583454 -0.310194
1769100663.252673 5.685971 0.581597 -0.308499
1769100663.302652 5.689999 0.580300 -0.307905
1769100663.352652 5.695854 0.578416 -0.307627
1769100663.402728 5.699907 0.577112 -0.307943
1769100663.452684 5.703941 0.575815 -0.308754
1769100663.502672 5.710122 0.573826 -0.308182
1769100663.552731 5.714016 0.572560 -0.307408
1769100663.602688 5.718138 0.571226 -0.307010
1769100663.652688 5.724101 0.569315 -0.306988
1769100663.702726 5.728138 0.568017 -0.308011
1769100663.752703 5.732303 0.566665 -0.308378
1769100663.802658 5.738491 0.564668 -0.309024
1769100663.852661 5.742440 0.563398 -0.312744
1769100663.902669 5.746546 0.562058 -0.313494
1769100663.952672 5.752836 0.560001 -0.313117
1769100664.002662 5.756903 0.558668 -0.313393
1769100664.052675 5.760986 0.557337 -0.313439
1769100664.102665 5.767168 0.555326 -0.312502
1769100664.152663 5.770998 0.554086 -0.310947
1769100664.202663 5.777083 0.552122 -0.308707
1769100664.252664 5.780889 0.550899 -0.307073
1769100664.302661 5.784905 0.549630 -0.306468
1769100664.352659 5.790956 0.547726 -0.306137
1769100664.402668 5.794722 0.546541 -0.305579
1769100664.452662 5.798804 0.545259 -0.305544
1769100664.502711 5.804865 0.543363 -0.308682
1769100664.552659 5.808686 0.542147 -0.307882
1769100664.602661 5.812782 0.540840 -0.307309
1769100664.652660 5.819017 0.538851 -0.306195
1769100664.702667 5.822849 0.537637 -0.304562
1769100664.752674 5.829000 0.535696 -0.301071
1769100664.802665 5.832908 0.534468 -0.295945
1769100664.852675 5.837129 0.533182 -0.292535
1769100664.902675 5.843364 0.531299 -0.287488
1769100664.952668 5.847466 0.530063 -0.281070
1769100665.002664 5.851351 0.528928 -0.276198
1769100665.052674 5.857645 0.527136 -0.272139
1769100665.102667 5.861773 0.525979 -0.269161
1769100665.152672 5.865817 0.524859 -0.265297
1769100665.202676 5.872013 0.523161 -0.258893
1769100665.252655 5.876234 0.522050 -0.258685
1769100665.302680 5.880258 0.520986 -0.253519
1769100665.352686 5.886492 0.519368 -0.247332
1769100665.402677 5.890553 0.518336 -0.240738
1769100665.452673 5.894744 0.517319 -0.236291
1769100665.502670 5.900952 0.515819 -0.229750
1769100665.552713 5.905190 0.514818 -0.224791
1769100665.602703 5.909294 0.513881 -0.221279
1769100665.652718 5.915479 0.512483 -0.215886
1769100665.702726 5.919566 0.511581 -0.212216
1769100665.752678 5.923765 0.510672 -0.208303
1769100665.802776 5.930036 0.509336 -0.203251
1769100665.852684 5.934337 0.508440 -0.201479
1769100665.902699 5.938517 0.507580 -0.197474
1769100665.952654 5.944815 0.506322 -0.194382
1769100666.002721 5.949116 0.505461 -0.189041
1769100666.052763 5.953483 0.504619 -0.183746
1769100666.102703 5.959939 0.503413 -0.179212
1769100666.152684 5.964226 0.502623 -0.174098
1769100666.202687 5.968452 0.501869 -0.168455
1769100666.252687 5.974744 0.500790 -0.163475
1769100666.302675 5.978933 0.500085 -0.158554
1769100666.352708 5.982932 0.499434 -0.151644
1769100666.402688 5.989201 0.498462 -0.145554
1769100666.452706 5.993409 0.497827 -0.141072
1769100666.502690 5.997279 0.497263 -0.135502
1769100666.552696 6.003614 0.496389 -0.130728
1769100666.602695 6.007866 0.495809 -0.124466
1769100666.652694 6.012173 0.495266 -0.120028
1769100666.702693 6.018588 0.494475 -0.114665
1769100666.752692 6.022841 0.493968 -0.110861
1769100666.802703 6.026860 0.493524 -0.109625
1769100666.852697 6.033166 0.492824 -0.105432
1769100666.902686 6.037494 0.492359 -0.102286
1769100666.952698 6.041798 0.491918 -0.098654
1769100667.002761 6.048152 0.491282 -0.093382
1769100667.052667 6.052218 0.490890 -0.087828
1769100667.102700 6.058395 0.490341 -0.084063
1769100667.152710 6.062517 0.489982 -0.079440
1769100667.202701 6.066612 0.489639 -0.073568
1769100667.252711 6.073239 0.489131 -0.069393
1769100667.302704 6.077640 0.488798 -0.064430
1769100667.352708 6.081692 0.488515 -0.059609
1769100667.402704 6.088195 0.488106 -0.056040
1769100667.452685 6.092429 0.487841 -0.050885
1769100667.502709 6.096722 0.487611 -0.046904
1769100667.552722 6.102970 0.487296 -0.041187
1769100667.602741 6.107189 0.487100 -0.036418
1769100667.652734 6.111259 0.486951 -0.035583
1769100667.702735 6.117489 0.486716 -0.029408
1769100667.752712 6.121768 0.486591 -0.024424
1769100667.802725 6.127903 0.486441 -0.017689
1769100667.852735 6.132248 0.486353 -0.011229
1769100667.902722 6.136337 0.486298 -0.005688
1769100667.952755 6.142828 0.486252 -0.001137
1769100668.002709 6.146962 0.486240 0.001690
1769100668.052713 6.151268 0.486247 0.005078
1769100668.102714 6.157520 0.486272 0.008980
1769100668.152734 6.161792 0.486309 0.012431
1769100668.202714 6.168113 0.486383 0.017622
1769100668.252707 6.172440 0.486451 0.021036
1769100668.302714 6.176555 0.486537 0.025788
1769100668.352715 6.183117 0.486707 0.029906
1769100668.402718 6.187251 0.486824 0.035681
1769100668.452717 6.191560 0.486971 0.043101
1769100668.502727 6.197815 0.487236 0.045823
1769100668.552713 6.201854 0.487427 0.050062
1769100668.602720 6.208045 0.487738 0.053098
1769100668.652715 6.212336 0.487970 0.056594
1769100668.702712 6.216568 0.488215 0.057915
1769100668.752723 6.222835 0.488581 0.059164
1769100668.802724 6.227050 0.488833 0.060169
1769100668.852753 6.231276 0.489090 0.060232
1769100668.902730 6.237592 0.489476 0.062224
1769100668.952725 6.241880 0.489742 0.063748
1769100669.002798 6.246218 0.490025 0.062182
1769100669.052724 6.250492 0.490305 0.062034
1769100669.102728 6.256973 0.490721 0.062156
1769100669.152726 6.261186 0.490990 0.063628
1769100669.202734 6.265435 0.491266 0.063480
1769100669.252727 6.271952 0.491695 0.058998
1769100669.302732 6.276264 0.491966 0.058700
1769100669.352729 6.280568 0.492229 0.056926
1769100669.402736 6.287055 0.492604 0.055997
1769100669.452729 6.291425 0.492855 0.054892
1769100669.502731 6.295771 0.493095 0.054430
1769100669.552754 6.302148 0.493445 0.056305
1769100669.602737 6.306433 0.493685 0.058055
1769100669.652744 6.310735 0.493927 0.061391
1769100669.702739 6.317122 0.494315 0.063660
1769100669.752737 6.321382 0.494577 0.066484
1769100669.802742 6.325594 0.494847 0.069229
1769100669.852743 6.331902 0.495271 0.070910
1769100669.902748 6.336138 0.495567 0.068359
1769100669.952749 6.340382 0.495864 0.066908
1769100670.002773 6.346717 0.496290 0.068013
1769100670.052824 6.350971 0.496579 0.066577
1769100670.102827 6.355186 0.496862 0.065514
1769100670.152815 6.361456 0.497278 0.063883
1769100670.202741 6.365737 0.497553 0.064971
1769100670.252740 6.369801 0.497815 0.065560
1769100670.302743 6.376393 0.498242 0.065046
1769100670.352756 6.380740 0.498532 0.064718
1769100670.402805 6.387086 0.498953 0.064102
1769100670.452748 6.391194 0.499219 0.065741
1769100670.502746 6.395259 0.499491 0.065166
1769100670.552755 6.401757 0.499921 0.063498
1769100670.602810 6.406018 0.500199 0.063819
1769100670.652750 6.410027 0.500458 0.064363
1769100670.702807 6.416386 0.500861 0.065340
1769100670.752825 6.420628 0.501140 0.064925
1769100670.802751 6.426741 0.501541 0.064948
1769100670.852747 6.430979 0.501815 0.067107
1769100670.902762 6.435217 0.502102 0.068786
1769100670.952790 6.441585 0.502537 0.070126
1769100671.002751 6.445830 0.502835 0.071395
1769100671.052751 6.450105 0.503149 0.071489
1769100671.102823 6.454345 0.503454 0.073044
1769100671.152765 6.460736 0.503923 0.073104
1769100671.202752 6.464803 0.504217 0.071980
1769100671.252766 6.471186 0.504675 0.071956
1769100671.302750 6.475299 0.504963 0.070519
1769100671.352761 6.479688 0.505258 0.069798
1769100671.402755 6.486155 0.505702 0.066971
1769100671.452759 6.490217 0.505967 0.065943
1769100671.502757 6.494513 0.506245 0.064549
1769100671.552756 6.501098 0.506661 0.065865
1769100671.602773 6.505213 0.506906 0.070815
1769100671.652803 6.509503 0.507189 0.071182
1769100671.702810 6.515684 0.507607 0.073268
1769100671.752804 6.519889 0.507889 0.075883
1769100671.802794 6.526250 0.508348 0.076422
1769100671.852796 6.530292 0.508640 0.074778
1769100671.902793 6.534487 0.508951 0.073515
1769100671.952785 6.540790 0.509410 0.075154
1769100672.002763 6.544827 0.509702 0.075150
1769100672.052778 6.549046 0.510018 0.073874
1769100672.102765 6.555286 0.510483 0.072684
1769100672.152835 6.559531 0.510796 0.072477
1769100672.202766 6.563770 0.511109 0.072475
1769100672.252831 6.570107 0.511570 0.072759
1769100672.302766 6.574401 0.511889 0.072811
1769100672.352850 6.580690 0.512358 0.072550
1769100672.402781 6.584976 0.512670 0.074093
1769100672.452769 6.589296 0.512994 0.072675
1769100672.502777 6.595884 0.513478 0.070922
1769100672.552769 6.599922 0.513773 0.070923
1769100672.602772 6.604085 0.514076 0.069786
1769100672.652771 6.610462 0.514518 0.071107
1769100672.702772 6.614480 0.514809 0.069891
1769100672.752784 6.618798 0.515122 0.069116
1769100672.802846 6.625160 0.515568 0.070239
1769100672.852794 6.629373 0.515868 0.072234
1769100672.902780 6.633610 0.516175 0.074747
1769100672.952789 6.639947 0.516653 0.075954
1769100673.002784 6.643915 0.516965 0.076739
1769100673.052777 6.650226 0.517456 0.078958
1769100673.102786 6.654469 0.517799 0.079037
1769100673.152804 6.658690 0.518145 0.077298
1769100673.202791 6.662914 0.518493 0.074913
1769100673.252854 6.669322 0.518993 0.074521
1769100673.301374 6.673693 0.519335 0.072740
1769100673.352869 6.677965 0.519670 0.070284
1769100673.402784 6.684456 0.520155 0.068901
1769100673.452783 6.688779 0.520479 0.068155
1769100673.502786 6.695093 0.520936 0.067981
1769100673.552799 6.699487 0.521256 0.068003
1769100673.602783 6.703807 0.521575 0.068326
1769100673.652793 6.710250 0.522047 0.067305
1769100673.702785 6.714535 0.522354 0.071503
1769100673.752794 6.718780 0.522680 0.071325
1769100673.802871 6.723047 0.523005 0.071359
1769100673.852786 6.729407 0.523486 0.071769
1769100673.902793 6.733425 0.523809 0.071057
1769100673.952803 6.739780 0.524277 0.074744
1769100674.002811 6.743947 0.524612 0.074808
1769100674.052793 6.748245 0.524969 0.073195
1769100674.102794 6.754553 0.525463 0.075629
1769100674.152793 6.758798 0.525816 0.076383
1769100674.202793 6.763213 0.526179 0.077929
1769100674.252790 6.769324 0.526686 0.078297
1769100674.302792 6.773591 0.527049 0.079009
1769100674.352808 6.777802 0.527402 0.080366
1769100674.402793 6.784267 0.527945 0.078812
1769100674.452806 6.788637 0.528319 0.075517
1769100674.502795 6.792930 0.528676 0.074154
1769100674.552803 6.799444 0.529194 0.072410
1769100674.602797 6.803808 0.529533 0.073056
1769100674.652882 6.808048 0.529871 0.072653
1769100674.702797 6.814538 0.530378 0.071179
1769100674.752798 6.818902 0.530717 0.072726
1769100674.802811 6.823168 0.531055 0.074020
1769100674.852801 6.829631 0.531556 0.076187
1769100674.902804 6.833846 0.531902 0.077349
1769100674.952800 6.838059 0.532248 0.080112
1769100675.002806 6.842246 0.532599 0.082293
1769100675.052801 6.848279 0.533114 0.082403
1769100675.102799 6.852468 0.533479 0.081938
1769100675.152808 6.858779 0.534020 0.081278
1769100675.202804 6.862791 0.534367 0.081568
1769100675.252816 6.867050 0.534722 0.083416
1769100675.302806 6.873211 0.535252 0.080987
1769100675.352806 6.877328 0.535614 0.077159
1769100675.402807 6.883759 0.536133 0.079105
1769100675.452809 6.888078 0.536496 0.078813
1769100675.502810 6.892161 0.536830 0.080679
1769100675.552807 6.898599 0.537368 0.079440
1769100675.602819 6.902687 0.537710 0.079483
1769100675.652831 6.906974 0.538057 0.080553
1769100675.702831 6.913460 0.538589 0.078432
1769100675.752825 6.917802 0.538946 0.076152
1769100675.802845 6.921839 0.539266 0.076518
1769100675.852853 6.927995 0.539750 0.076501
1769100675.902817 6.932305 0.540079 0.080271
1769100675.952819 6.938661 0.540591 0.081409
1769100676.002813 6.942699 0.540927 0.081463
1769100676.052826 6.946932 0.541272 0.085735
1769100676.102821 6.953261 0.541815 0.087932
1769100676.152823 6.957549 0.542193 0.088462
1769100676.202823 6.961785 0.542578 0.089207
1769100676.252823 6.967940 0.543146 0.088312
1769100676.302819 6.972150 0.543525 0.089626
1769100676.352822 6.976162 0.543896 0.087330
1769100676.402814 6.982643 0.544483 0.084583
1769100676.452811 6.986629 0.544841 0.083482
1769100676.502821 6.992810 0.545380 0.081990
1769100676.552842 6.997224 0.545757 0.081325
1769100676.602916 7.001537 0.546126 0.080971
1769100676.652822 7.007847 0.546664 0.078279
1769100676.702827 7.012234 0.547023 0.080812
1769100676.752836 7.016597 0.547388 0.081802
1769100676.802824 7.023080 0.547930 0.082968
1769100676.852833 7.027267 0.548289 0.084352
1769100676.902818 7.031581 0.548672 0.083901
1769100676.952835 7.037961 0.549222 0.086016
1769100677.002832 7.042099 0.549594 0.085397
1769100677.052832 7.046311 0.549979 0.083526
1769100677.102956 7.052365 0.550509 0.083935
1769100677.152829 7.056603 0.550889 0.084218
1769100677.202842 7.060789 0.551257 0.086068
1769100677.252830 7.067145 0.551822 0.086391
1769100677.302836 7.071356 0.552206 0.086146
1769100677.352911 7.075668 0.552590 0.088110
1769100677.402828 7.082073 0.553167 0.088198
1769100677.452823 7.086285 0.553556 0.086932
1769100677.502825 7.090547 0.553953 0.086313
1769100677.552896 7.096928 0.554534 0.085571
1769100677.602833 7.101215 0.554917 0.086709
1769100677.652850 7.105502 0.555308 0.085352
1769100677.702833 7.112009 0.555892 0.081333
1769100677.752837 7.116297 0.556263 0.082247
1769100677.802852 7.120611 0.556641 0.081112
1769100677.852852 7.127118 0.557181 0.083028
1769100677.902857 7.131381 0.557548 0.083736
1769100677.952839 7.135341 0.557902 0.082426
1769100678.002856 7.141747 0.558443 0.086459
1769100678.052866 7.146034 0.558826 0.088155
1769100678.102849 7.150320 0.559214 0.090835
1769100678.152843 7.156546 0.559795 0.092496
1769100678.202920 7.160780 0.560203 0.093740
1769100678.252836 7.165013 0.560610 0.096492
1769100678.302844 7.171337 0.561237 0.095147
1769100678.352905 7.175596 0.561668 0.092560
1769100678.402847 7.179855 0.562082 0.092874
1769100678.452849 7.186156 0.562687 0.091416
1769100678.502842 7.190491 0.563102 0.090385
1769100678.552927 7.194776 0.563512 0.090434
1769100678.602848 7.201230 0.564127 0.087927
1769100678.652861 7.205616 0.564526 0.091272
1769100678.702841 7.209977 0.564943 0.091533
1769100678.752859 7.216631 0.565565 0.092305
1769100678.802881 7.220890 0.565973 0.094750
1769100678.852861 7.225174 0.566399 0.094134
1769100678.902848 7.231398 0.566999 0.095811
1769100678.952846 7.235656 0.567422 0.095349
1769100679.002857 7.239914 0.567847 0.093875
1769100679.052933 7.246012 0.568438 0.094807
1769100679.102854 7.250194 0.568852 0.095078
1769100679.152869 7.254453 0.569270 0.096525
1769100679.202856 7.260651 0.569879 0.098234
1769100679.252866 7.264907 0.570311 0.098643
1769100679.302857 7.269164 0.570742 0.101411
1769100679.352863 7.275535 0.571395 0.103136
1769100679.402861 7.279814 0.571850 0.102078
1769100679.452861 7.284069 0.572301 0.102361
1769100679.502860 7.290388 0.572967 0.101533
1769100679.552872 7.294694 0.573415 0.102694
1769100679.602888 7.298949 0.573860 0.101486
1769100679.652888 7.305394 0.574536 0.097072
1769100679.702892 7.309449 0.574952 0.094916
1769100679.752960 7.315748 0.575570 0.094165
1769100679.802897 7.320083 0.575991 0.093892
1769100679.852902 7.324392 0.576410 0.093381
1769100679.902910 7.330868 0.577031 0.091977
1769100679.952900 7.335154 0.577434 0.095824
1769100680.002884 7.339438 0.577852 0.097506
1769100680.052909 7.343746 0.578275 0.100673
1769100680.102908 7.350068 0.578918 0.103743
1769100680.152939 7.354069 0.579347 0.103439
1769100680.202841 7.360364 0.580004 0.106971
1769100680.252871 7.364517 0.580454 0.107719
1769100680.302868 7.368793 0.580929 0.105413
1769100680.352868 7.374835 0.581580 0.106562
1769100680.402902 7.378861 0.582018 0.106363
1769100680.452875 7.383140 0.582477 0.107067
1769100680.502876 7.389483 0.583162 0.107060
1769100680.552872 7.393760 0.583626 0.106346
1769100680.602877 7.398065 0.584089 0.107294
1769100680.652874 7.404331 0.584765 0.108115
1769100680.702889 7.408735 0.585235 0.109124
1769100680.752884 7.414949 0.585916 0.108977
1769100680.802862 7.419277 0.586388 0.108682
1769100680.852950 7.423630 0.586862 0.108250
1769100680.902876 7.430073 0.587558 0.107743
1769100680.952883 7.434349 0.588024 0.104705
1769100681.002875 7.438656 0.588477 0.105466
1769100681.052879 7.442886 0.588921 0.106212
1769100681.102879 7.449229 0.589589 0.106673
1769100681.152880 7.453433 0.590032 0.107628
1769100681.202894 7.457609 0.590481 0.107694
1769100681.252882 7.463726 0.591132 0.110686
1769100681.302925 7.467978 0.591597 0.113129
1769100681.352968 7.474290 0.592307 0.113556
1769100681.402885 7.478489 0.592780 0.114878
1769100681.452884 7.482460 0.593239 0.114388
1769100681.502882 7.488821 0.593965 0.115279
1769100681.552929 7.493094 0.594457 0.113709
1769100681.602901 7.497165 0.594922 0.110363
1769100681.652917 7.503505 0.595629 0.109182
1769100681.702915 7.507883 0.596108 0.108355
1769100681.752921 7.511987 0.596541 0.108537
1769100681.802916 7.518429 0.597235 0.107366
1769100681.852937 7.522505 0.597661 0.106265
1769100681.902920 7.528825 0.598325 0.106936
1769100681.952889 7.533205 0.598780 0.107743
1769100682.002922 7.537538 0.599223 0.110827
1769100682.053002 7.543901 0.599915 0.110886
1769100682.102898 7.547904 0.600339 0.112861
1769100682.152891 7.552006 0.600778 0.114914
1769100682.202893 7.558269 0.601476 0.115844
1769100682.252893 7.562490 0.601951 0.113723
1769100682.302896 7.566718 0.602427 0.114077
1769100682.352915 7.573056 0.603140 0.115524
1769100682.402897 7.577231 0.603610 0.115870
1769100682.452915 7.581480 0.604097 0.115885
1769100682.502895 7.587889 0.604841 0.115426
1769100682.552914 7.592089 0.605319 0.116994
1769100682.602901 7.596364 0.605813 0.117808
1769100682.652899 7.602595 0.606544 0.116666
1769100682.702901 7.606845 0.607035 0.117955
1769100682.752898 7.610889 0.607510 0.116933
1769100682.802926 7.617403 0.608262 0.117496
1769100682.852900 7.621702 0.608760 0.116205
1769100682.902908 7.625976 0.609244 0.114409
1769100682.952903 7.632443 0.609974 0.114278
1769100683.002915 7.636821 0.610461 0.113828
1769100683.052904 7.641150 0.610932 0.114692
1769100683.102904 7.647489 0.611641 0.114848
1769100683.152928 7.651792 0.612114 0.116032
1769100683.202907 7.656043 0.612588 0.117273
1769100683.252926 7.662177 0.613287 0.119598
1769100683.302906 7.666373 0.613772 0.119620
1769100683.352908 7.670545 0.614263 0.120584
1769100683.402939 7.676801 0.615008 0.122097
1769100683.452901 7.680972 0.615504 0.123104
1769100683.502907 7.685192 0.616010 0.123118
1769100683.552911 7.691268 0.616752 0.120975
1769100683.602929 7.695570 0.617257 0.122852
1769100683.652950 7.699766 0.617753 0.122842
1769100683.703009 7.706276 0.618526 0.122281
1769100683.752967 7.710470 0.619018 0.120360
1769100683.802962 7.716954 0.619782 0.118911
1769100683.852941 7.721329 0.620283 0.119730
1769100683.902914 7.725628 0.620777 0.119691
1769100683.952937 7.729955 0.621262 0.121075
1769100684.002947 7.736362 0.622017 0.120297
1769100684.053014 7.740687 0.622511 0.120542
1769100684.102919 7.744963 0.622993 0.121667
1769100684.152940 7.751324 0.623737 0.121099
1769100684.202919 7.755570 0.624228 0.119348
1769100684.252919 7.759769 0.624714 0.119316
1769100684.302920 7.766106 0.625453 0.121125
1769100684.352925 7.770355 0.625941 0.122301
1769100684.402934 7.774478 0.626430 0.123198
1769100684.452925 7.780881 0.627212 0.123257
1769100684.502922 7.785157 0.627720 0.126058
1769100684.552921 7.789079 0.628192 0.128191
1769100684.602923 7.795274 0.628972 0.127478
1769100684.652923 7.799442 0.629493 0.127464
1769100684.702877 7.805792 0.630296 0.126784
1769100684.752935 7.810011 0.630818 0.126178
1769100684.802926 7.814279 0.631345 0.124559
1769100684.852934 7.820782 0.632153 0.121251
1769100684.902923 7.825057 0.632664 0.121393
1769100684.952948 7.829354 0.633181 0.120249
1769100685.003016 7.833760 0.633686 0.121728
1769100685.052965 7.840193 0.634457 0.120790
1769100685.102930 7.844519 0.634963 0.121247
1769100685.152916 7.848920 0.635479 0.122864
1769100685.202955 7.855253 0.636240 0.124138
1769100685.252953 7.859473 0.636749 0.124398
1769100685.303022 7.863641 0.637262 0.125005
1769100685.352963 7.869895 0.638037 0.126868
1769100685.403018 7.874089 0.638557 0.127271
1769100685.452954 7.878283 0.639083 0.127245
1769100685.502999 7.884507 0.639871 0.126347
1769100685.552946 7.888679 0.640387 0.128443
1769100685.603033 7.892948 0.640924 0.128629
1769100685.652987 7.899352 0.641731 0.129276
1769100685.702993 7.903514 0.642266 0.127414
1769100685.752948 7.907779 0.642812 0.125711
1769100685.803010 7.914263 0.643619 0.127838
1769100685.852982 7.918553 0.644162 0.127643
1769100685.902990 7.922875 0.644703 0.128414
1769100685.953004 7.929221 0.645519 0.126773
1769100686.002972 7.933541 0.646063 0.126537
1769100686.052944 7.937838 0.646588 0.126214
1769100686.102973 7.944292 0.647391 0.124342
1769100686.152972 7.948363 0.647887 0.122232
1769100686.202944 7.952385 0.648371 0.122549
1769100686.252946 7.958744 0.649141 0.122849
1769100686.302988 7.963019 0.649651 0.124151
1769100686.352957 7.967241 0.650176 0.125320
1769100686.402956 7.973620 0.650979 0.126749
1769100686.452974 7.977616 0.651484 0.129331
1769100686.502969 7.983917 0.652297 0.131353
1769100686.552973 7.987901 0.652826 0.130459
1769100686.602977 7.992063 0.653388 0.130053
1769100686.652949 7.998410 0.654233 0.131111
1769100686.702992 8.002343 0.654765 0.129159
1769100686.752994 8.006531 0.655328 0.127213
1769100686.802964 8.012928 0.656174 0.124644
1769100686.852972 8.017171 0.656729 0.124385
1769100686.902955 8.021437 0.657287 0.122870
1769100686.952979 8.027946 0.658103 0.123485
1769100687.003003 8.032239 0.658659 0.122846
1769100687.052973 8.036603 0.659231 0.120095
1769100687.103010 8.043163 0.660049 0.121650
1769100687.152977 8.047482 0.660604 0.121947
1769100687.203020 8.051755 0.661147 0.123812
1769100687.252988 8.058080 0.661963 0.123425
1769100687.302958 8.062325 0.662514 0.124749
1769100687.353031 8.066546 0.663059 0.126306
1769100687.402961 8.072768 0.663869 0.125601
1769100687.453044 8.076758 0.664397 0.124578
1769100687.502962 8.080899 0.664935 0.124623
1769100687.552996 8.087203 0.665738 0.125730
1769100687.602985 8.091395 0.666283 0.126023
1769100687.652983 8.095558 0.666832 0.125807
1769100687.702989 8.101933 0.667664 0.126232
1769100687.753004 8.106227 0.668224 0.128566
1769100687.803015 8.110438 0.668786 0.128679
1769100687.853017 8.116961 0.669650 0.128406
1769100687.903008 8.121075 0.670202 0.128468
1769100687.952984 8.125106 0.670750 0.125932
1769100688.002982 8.131486 0.671572 0.125903
1769100688.052984 8.135550 0.672107 0.123159
1769100688.102998 8.141724 0.672899 0.119989
1769100688.152993 8.145845 0.673417 0.119361
1769100688.202991 8.150088 0.673945 0.118363
1769100688.252996 8.156605 0.674730 0.119561
1769100688.302986 8.160855 0.675251 0.121146
1769100688.352965 8.167004 0.676022 0.120257
1769100688.403000 8.171260 0.676542 0.124820
1769100688.452972 8.175479 0.677083 0.127010
1769100688.502997 8.181603 0.677872 0.129223
1769100688.552993 8.185722 0.678420 0.130925
1769100688.602976 8.189977 0.679006 0.129522
1769100688.652975 8.196232 0.679830 0.131818
1769100688.702976 8.200391 0.680402 0.130121
1769100688.753011 8.204673 0.680991 0.127199
1769100688.802993 8.210948 0.681820 0.127216
1769100688.853020 8.215184 0.682393 0.125904
1769100688.903004 8.219508 0.682956 0.127508
1769100688.952986 8.225908 0.683797 0.127224
1769100689.003006 8.230194 0.684371 0.126059
1769100689.053016 8.234642 0.684955 0.127863
1769100689.102984 8.241092 0.685802 0.127881
1769100689.153011 8.245432 0.686381 0.127241
1769100689.202995 8.249620 0.686942 0.126941
1769100689.253054 8.256067 0.687796 0.125014
1769100689.302991 8.260389 0.688361 0.125964
1769100689.353017 8.264603 0.688920 0.124757
1769100689.403007 8.268793 0.689478 0.123113
1769100689.453004 8.275148 0.690295 0.124015
1769100689.503018 8.279338 0.690847 0.124564
1769100689.553027 8.283507 0.691395 0.125932
1769100689.603006 8.289756 0.692213 0.126628
1769100689.653040 8.294021 0.692782 0.128385
1769100689.703006 8.298267 0.693346 0.131457
1769100689.753007 8.304560 0.694194 0.133034
1769100689.803005 8.308793 0.694780 0.132884
1769100689.853036 8.312927 0.695358 0.132228
1769100689.903022 8.319315 0.696236 0.131021
1769100689.953007 8.323583 0.696815 0.130972
1769100690.003009 8.327793 0.697389 0.129378
1769100690.053018 8.334236 0.698259 0.125185
1769100690.103002 8.338606 0.698834 0.125175
1769100690.153018 8.342798 0.699381 0.124408
1769100690.203000 8.349328 0.700211 0.123772
1769100690.253019 8.353625 0.700760 0.123733
1769100690.303004 8.357989 0.701323 0.122295
1769100690.353040 8.364178 0.702092 0.126343
1769100690.403002 8.368449 0.702642 0.129010
1769100690.453012 8.374543 0.703444 0.129102
1769100690.503006 8.378487 0.703968 0.131126
1769100690.553024 8.382669 0.704541 0.129831
1769100690.603025 8.389003 0.705373 0.133565
1769100690.653026 8.393138 0.705944 0.133353
1769100690.703010 8.397346 0.706531 0.131866
1769100690.753021 8.403673 0.707390 0.133505
1769100690.803038 8.407882 0.707973 0.133592
1769100690.853025 8.412124 0.708555 0.134978
1769100690.903095 8.418168 0.709389 0.135835
1769100690.953032 8.422504 0.709996 0.135876
1769100691.003021 8.426748 0.710582 0.138220
1769100691.053026 8.433139 0.711475 0.138834
1769100691.103030 8.437467 0.712095 0.136229
1769100691.153039 8.441677 0.712693 0.135628
1769100691.203030 8.448168 0.713601 0.134150
1769100691.253019 8.452311 0.714170 0.134817
1769100691.303025 8.456575 0.714763 0.133797
1769100691.353051 8.462865 0.715635 0.131123
1769100691.403051 8.467005 0.716210 0.130697
1769100691.453043 8.473102 0.717038 0.131137
1769100691.503041 8.477064 0.717588 0.131437
1769100691.553046 8.481228 0.718164 0.133036
1769100691.603045 8.487569 0.719043 0.133868
1769100691.653023 8.491564 0.719600 0.138118
1769100691.703051 8.497578 0.720454 0.140501
1769100691.753079 8.501753 0.721074 0.139699
1769100691.803078 8.505610 0.721645 0.141076
1769100691.853071 8.511715 0.722542 0.140953
1769100691.903049 8.515927 0.723159 0.141929
1769100691.953057 8.521957 0.724048 0.139672
1769100692.003019 8.526254 0.724690 0.135433
1769100692.053030 8.530298 0.725268 0.137272
1769100692.103093 8.536708 0.726186 0.135695
1769100692.153035 8.540997 0.726796 0.135672
1769100692.203041 8.545281 0.727409 0.135148
1769100692.253045 8.551745 0.728318 0.134029
1769100692.303023 8.556089 0.728929 0.136222
1769100692.353042 8.560374 0.729538 0.137016
1769100692.403055 8.566763 0.730444 0.136081
1769100692.453026 8.571019 0.731064 0.135915
1769100692.503040 8.575253 0.731676 0.136293
1769100692.553021 8.581628 0.732573 0.138623
1769100692.603028 8.585764 0.733180 0.139781
1769100692.653049 8.589963 0.733810 0.137784
1769100692.703047 8.596289 0.734714 0.141931
1769100692.753044 8.600522 0.735345 0.143801
1769100692.803061 8.604653 0.735967 0.144315
1769100692.853063 8.610987 0.736916 0.145626
1769100692.903055 8.615262 0.737576 0.145417
1769100692.953070 8.619518 0.738225 0.147555
1769100693.003116 8.625847 0.739192 0.148100
1769100693.053051 8.630071 0.739850 0.147145
1769100693.103037 8.634321 0.740512 0.146539
1769100693.153058 8.638520 0.741162 0.145650
1769100693.203047 8.645030 0.742144 0.144318
1769100693.253063 8.649259 0.742795 0.142886
1769100693.303044 8.653558 0.743458 0.139569
1769100693.353056 8.660010 0.744392 0.142888
1769100693.403043 8.664395 0.745049 0.143759
1769100693.453056 8.668649 0.745693 0.142813
1769100693.503040 8.674965 0.746627 0.144231
1769100693.553104 8.679294 0.747284 0.145469
1769100693.603084 8.683479 0.747917 0.148805
1769100693.653095 8.689783 0.748882 0.150298
1769100693.703096 8.693905 0.749532 0.150411
1769100693.753085 8.698030 0.750186 0.151213
1769100693.803065 8.704306 0.751169 0.151861
1769100693.853068 8.708461 0.751823 0.153731
1769100693.903064 8.712633 0.752491 0.153810
1769100693.953079 8.718904 0.753489 0.152161
1769100694.003089 8.723205 0.754176 0.152183
1769100694.053066 8.727403 0.754842 0.152250
1769100694.103112 8.733821 0.755860 0.148596
1769100694.153068 8.737794 0.756497 0.147584
1769100694.203066 8.742143 0.757183 0.147679
1769100694.253129 8.748545 0.758177 0.147495
1769100694.303067 8.752798 0.758846 0.148271
1769100694.353079 8.757041 0.759524 0.145849
1769100694.403053 8.763438 0.760515 0.143593
1769100694.453063 8.767741 0.761188 0.142707
1769100694.503073 8.772025 0.761843 0.143908
1769100694.553087 8.778362 0.762803 0.143887
1769100694.603076 8.782587 0.763461 0.143034
1769100694.653074 8.786823 0.764113 0.146149
1769100694.703075 8.793082 0.765076 0.147953
1769100694.753080 8.797260 0.765731 0.150422
1769100694.803072 8.801440 0.766400 0.152457
1769100694.853089 8.807789 0.767409 0.154611
1769100694.903100 8.811938 0.768087 0.156962
1769100694.953069 8.816111 0.768774 0.158631
1769100695.003078 8.822415 0.769825 0.155943
1769100695.053143 8.826608 0.770531 0.154923
1769100695.103083 8.830800 0.771230 0.154212
1769100695.153094 8.837146 0.772260 0.152627
1769100695.203081 8.841415 0.772965 0.150887
1769100695.253099 8.845632 0.773660 0.148287
1769100695.303097 8.852044 0.774660 0.150319
1769100695.353088 8.856393 0.775359 0.149957
1769100695.403083 8.860793 0.776062 0.149156
1769100695.453104 8.867198 0.777067 0.149176
1769100695.503086 8.871523 0.777760 0.149543
1769100695.553177 8.875826 0.778446 0.151731
1769100695.603092 8.882052 0.779434 0.153361
1769100695.653109 8.886223 0.780115 0.153925
1769100695.703074 8.890393 0.780804 0.154012
1769100695.753120 8.896715 0.781824 0.155039
1769100695.803087 8.900840 0.782502 0.156258
1769100695.853174 8.904989 0.783188 0.156852
1769100695.903104 8.911230 0.784209 0.156662
1769100695.953161 8.915375 0.784901 0.156933
1769100696.003134 8.919597 0.785602 0.158460
1769100696.053102 8.925957 0.786657 0.156686
1769100696.103112 8.930144 0.787371 0.155173
1769100696.153087 8.934462 0.788098 0.155682
1769100696.203077 8.940860 0.789145 0.157466
1769100696.253106 8.945053 0.789852 0.157874
1769100696.303079 8.949267 0.790565 0.156460
1769100696.353104 8.955630 0.791620 0.154981
1769100696.403111 8.959973 0.792347 0.152541
1769100696.453100 8.964199 0.793033 0.152545
1769100696.503096 8.968521 0.793737 0.151125
1769100696.553090 8.974926 0.794747 0.150319
1769100696.603091 8.979200 0.795433 0.150379
1769100696.653097 8.983403 0.796107 0.151542
1769100696.703079 8.989793 0.797101 0.156591
1769100696.753119 8.993965 0.797787 0.157960
1769100696.803082 8.998237 0.798494 0.159988
1769100696.853106 9.004506 0.799532 0.162736
1769100696.903159 9.008649 0.800238 0.165010
1769100696.953094 9.012833 0.800963 0.164536
1769100697.003146 9.019066 0.802039 0.163234
1769100697.053100 9.023254 0.802769 0.163335
1769100697.103167 9.027491 0.803501 0.162226
1769100697.153100 9.033729 0.804558 0.160715
1769100697.203119 9.037968 0.805285 0.158595
1769100697.253174 9.042188 0.805999 0.158424
1769100697.301971 9.048632 0.807065 0.158467
1769100697.353114 9.052908 0.807771 0.159678
1769100697.403113 9.057150 0.808485 0.159179
1769100697.453158 9.063743 0.809573 0.159240
1769100697.503101 9.068057 0.810299 0.156721
1769100697.553144 9.072302 0.811002 0.156785
1769100697.603136 9.078692 0.812047 0.155860
1769100697.653157 9.082859 0.812743 0.154549
1769100697.703118 9.087106 0.813445 0.154854
1769100697.753115 9.093430 0.814467 0.154883
1769100697.803117 9.097524 0.815146 0.154348
1769100697.853119 9.101743 0.815844 0.154644
1769100697.903212 9.107741 0.816818 0.155383
1769100697.953128 9.111937 0.817516 0.156454
1769100698.003113 9.116052 0.818204 0.156597
1769100698.053070 9.122165 0.819220 0.156450
1769100698.103119 9.126128 0.819903 0.156390
1769100698.153121 9.132496 0.820956 0.158332
1769100698.203125 9.136608 0.821662 0.158288
1769100698.253133 9.140900 0.822392 0.158375
1769100698.303117 9.147189 0.823446 0.157703
1769100698.353132 9.151453 0.824175 0.155591
1769100698.403125 9.155722 0.824886 0.155099
1769100698.453140 9.162094 0.825929 0.153285
1769100698.503135 9.166384 0.826639 0.150418
1769100698.553121 9.170684 0.827337 0.150251
1769100698.603117 9.174956 0.828033 0.149592
1769100698.653132 9.181407 0.829051 0.149654
1769100698.703135 9.185705 0.829756 0.150728
1769100698.753147 9.189928 0.830453 0.152960
1769100698.803127 9.196182 0.831458 0.157018
1769100698.853130 9.200349 0.832170 0.158610
1769100698.903136 9.204535 0.832895 0.158461
1769100698.953125 9.210743 0.833959 0.158909
1769100699.003142 9.214906 0.834700 0.159024
1769100699.053146 9.220953 0.835725 0.161852
1769100699.103134 9.225086 0.836462 0.160284
1769100699.153152 9.229272 0.837202 0.159890
1769100699.203137 9.235386 0.838249 0.159961
1769100699.253127 9.239596 0.838991 0.158969
1769100699.303113 9.243809 0.839729 0.158279
1769100699.353151 9.250020 0.840788 0.158441
1769100699.403123 9.254331 0.841549 0.157844
1769100699.453151 9.258650 0.842295 0.160747
1769100699.503139 9.265009 0.843391 0.159936
1769100699.553143 9.269051 0.844097 0.160574
1769100699.603135 9.273313 0.844848 0.160214
1769100699.653244 9.279728 0.845945 0.159365
1769100699.703148 9.284026 0.846682 0.161134
1769100699.753157 9.288165 0.847405 0.160440
1769100699.803141 9.294480 0.848481 0.160019
1769100699.853158 9.298695 0.849215 0.160949
1769100699.903150 9.302835 0.849938 0.162145
1769100699.953162 9.309172 0.851023 0.163083
1769100700.003151 9.313312 0.851751 0.165269
1769100700.053152 9.317470 0.852498 0.165897
1769100700.103146 9.323707 0.853583 0.169605
1769100700.153162 9.327891 0.854341 0.171250
1769100700.203147 9.332044 0.855104 0.170516
1769100700.253201 9.338338 0.856243 0.168519
1769100700.301971 9.342542 0.857016 0.165957
1769100700.353155 9.346780 0.857771 0.166496
1769100700.403161 9.353109 0.858889 0.163821
1769100700.453153 9.357416 0.859658 0.160962
1769100700.503146 9.361704 0.860412 0.160284
1769100700.553150 9.368065 0.861498 0.159389
1769100700.603153 9.372390 0.862237 0.161607
1769100700.653210 9.376704 0.862987 0.161718
1769100700.703212 9.383165 0.864091 0.161399
1769100700.753143 9.387380 0.864834 0.163433
1769100700.803133 9.391543 0.865572 0.165106
1769100700.853167 9.397875 0.866680 0.165596
1769100700.903157 9.402035 0.867439 0.166162
1769100700.953205 9.406191 0.868202 0.165842
1769100701.003165 9.412458 0.869299 0.169594
1769100701.053161 9.416539 0.870055 0.170039
1769100701.103158 9.420789 0.870854 0.168014
1769100701.153167 9.427047 0.871979 0.170110
1769100701.203160 9.431198 0.872758 0.169996
1769100701.253165 9.435459 0.873546 0.172415
1769100701.303146 9.441782 0.874705 0.173117
1769100701.353163 9.446036 0.875506 0.173882
1769100701.403168 9.450271 0.876297 0.176427
1769100701.453231 9.456564 0.877468 0.175956
1769100701.503161 9.460863 0.878288 0.173992
1769100701.553175 9.464865 0.879050 0.172487
1769100701.603196 9.471287 0.880228 0.170920
1769100701.653163 9.475623 0.881025 0.170943
1769100701.703164 9.479556 0.881758 0.170439
1769100701.753162 9.485932 0.882917 0.168312
1769100701.803226 9.490198 0.883693 0.170827
1769100701.853197 9.494383 0.884463 0.172151
1769100701.903264 9.500736 0.885611 0.173714
1769100701.953171 9.504868 0.886381 0.175109
1769100702.003185 9.509042 0.887177 0.175276
1769100702.053154 9.515269 0.888325 0.178918
1769100702.103256 9.519393 0.889117 0.180400
1769100702.153187 9.523538 0.889930 0.179510
1769100702.203170 9.529726 0.891108 0.180123
1769100702.253171 9.533874 0.891920 0.179612
1769100702.303170 9.538030 0.892715 0.181170
1769100702.353184 9.544144 0.893883 0.179410
1769100702.403181 9.548415 0.894708 0.177554
1769100702.453253 9.552648 0.895509 0.178514
1769100702.503199 9.559015 0.896699 0.177437
1769100702.553180 9.563294 0.897508 0.176715
1769100702.603190 9.567520 0.898309 0.176537
1769100702.653186 9.573960 0.899509 0.175131
1769100702.703178 9.578148 0.900287 0.177843
1769100702.753193 9.582426 0.901093 0.178214
1769100702.803189 9.588769 0.902280 0.176795
1769100702.853197 9.592824 0.903048 0.177084
1769100702.903188 9.596978 0.903833 0.177168
1769100702.953184 9.603261 0.904985 0.180094
1769100703.003198 9.607169 0.905729 0.181284
1769100703.053187 9.613206 0.906880 0.179765
1769100703.103196 9.617148 0.907622 0.185037
1769100703.153176 9.621276 0.908420 0.187505
1769100703.203203 9.627538 0.909632 0.188494
1769100703.253204 9.631560 0.910434 0.189216
1769100703.303190 9.637860 0.911684 0.188578
1769100703.353206 9.642012 0.912505 0.191805
1769100703.403205 9.646176 0.913348 0.191381
1769100703.453201 9.650389 0.914204 0.188951
1769100703.503191 9.656672 0.915448 0.188447
1769100703.553200 9.660889 0.916295 0.187040
1769100703.603248 9.665170 0.917130 0.188664
1769100703.653206 9.671556 0.918377 0.187706
1769100703.703212 9.675825 0.919221 0.185646
1769100703.753221 9.680179 0.920068 0.186524
1769100703.803209 9.686545 0.921296 0.186850
1769100703.853238 9.690792 0.922128 0.186557
1769100703.903194 9.695044 0.922959 0.188095
1769100703.953203 9.701377 0.924194 0.188852
1769100704.003223 9.705555 0.925011 0.192180
1769100704.053194 9.709629 0.925824 0.193900
1769100704.103199 9.715850 0.927074 0.192845
1769100704.153209 9.719972 0.927903 0.193501
1769100704.203196 9.724088 0.928735 0.193627
1769100704.253202 9.730273 0.929966 0.194899
1769100704.303187 9.734438 0.930810 0.194688
1769100704.353190 9.738601 0.931658 0.192877
1769100704.403215 9.744912 0.932913 0.194755
1769100704.453262 9.749100 0.933761 0.194276
1769100704.503207 9.753398 0.934621 0.195108
1769100704.553212 9.759696 0.935888 0.194031
1769100704.603208 9.763937 0.936744 0.193604
1769100704.653241 9.768206 0.937602 0.194310
1769100704.703201 9.774534 0.938866 0.193750
1769100704.753211 9.778745 0.939722 0.190541
1769100704.803209 9.783063 0.940586 0.188301
1769100704.853222 9.789424 0.941826 0.187663
1769100704.903194 9.793679 0.942649 0.189211
1769100704.953211 9.797857 0.943466 0.189934
1769100705.003210 9.804163 0.944703 0.188350
1769100705.053216 9.808350 0.945515 0.193018
1769100705.103212 9.812501 0.946338 0.196016
1769100705.153214 9.818857 0.947602 0.198762
1769100705.203194 9.822926 0.948432 0.200164
1769100705.253203 9.827134 0.949308 0.200107
1769100705.303218 9.833139 0.950536 0.203220
1769100705.353223 9.837174 0.951383 0.202961
1769100705.403222 9.841374 0.952268 0.199131
1769100705.453220 9.847546 0.953542 0.196031
1769100705.503214 9.851757 0.954408 0.191825
1769100705.553208 9.856059 0.955250 0.189916
1769100705.603272 9.862073 0.956422 0.184250
1769100705.653231 9.866375 0.957243 0.178970
1769100705.703216 9.870704 0.958033 0.172921
1769100705.753229 9.877114 0.959166 0.166885
1769100705.803242 9.881432 0.959906 0.163377
1769100705.853247 9.885705 0.960611 0.159851
1769100705.903227 9.892108 0.961646 0.156466
1769100705.953251 9.896283 0.962302 0.152477
1769100706.003232 9.900530 0.962964 0.147018
1769100706.053231 9.906618 0.963876 0.143556
1769100706.103241 9.910548 0.964448 0.139220
1769100706.153232 9.916771 0.965323 0.135783
1769100706.203228 9.920954 0.965903 0.131099
1769100706.253232 9.924871 0.966416 0.127529
1769100706.303231 9.930871 0.967191 0.123040
1769100706.353261 9.935089 0.967720 0.118515
1769100706.403230 9.939293 0.968210 0.116172
1769100706.453239 9.945653 0.968951 0.111061
1769100706.503235 9.949728 0.969403 0.106625
1769100706.553234 9.956141 0.970091 0.100041
1769100706.603279 9.960415 0.970529 0.093607
1769100706.653230 9.964640 0.970937 0.085786
1769100706.703236 9.971076 0.971495 0.081165
1769100706.753230 9.975437 0.971856 0.076887
1769100706.803244 9.979550 0.972177 0.072194
1769100706.853238 9.986017 0.972651 0.070269
1769100706.903220 9.990081 0.972945 0.069232
1769100706.953291 9.996447 0.973390 0.069833
1769100707.003217 10.000643 0.973680 0.071645
1769100707.053222 10.004656 0.973969 0.072181
1769100707.103236 10.010915 0.974423 0.072246
1769100707.153248 10.015085 0.974722 0.075273
1769100707.203239 10.019249 0.975033 0.076085
1769100707.253245 10.025685 0.975520 0.077811
1769100707.303242 10.030049 0.975860 0.077886
1769100707.353238 10.034316 0.976187 0.078895
1769100707.403220 10.040726 0.976684 0.079683
1769100707.453227 10.045039 0.977026 0.077891
1769100707.503240 10.049281 0.977353 0.077509
1769100707.553252 10.055741 0.977851 0.076825
1769100707.603261 10.060006 0.978176 0.075413
1769100707.653259 10.064274 0.978495 0.074867
1769100707.703264 10.068587 0.978819 0.073439
1769100707.753244 10.075004 0.979289 0.074332
1769100707.803240 10.079398 0.979611 0.075507
1769100707.853274 10.083738 0.979939 0.074521
1769100707.903262 10.090228 0.980418 0.076114
1769100707.953288 10.094643 0.980755 0.075295
1769100708.003295 10.098936 0.981076 0.076395
1769100708.053264 10.105374 0.981560 0.077755
1769100708.103233 10.109535 0.981884 0.076172
1769100708.153263 10.113776 0.982210 0.076183
1769100708.203232 10.120009 0.982687 0.076233
1769100708.253255 10.124198 0.983010 0.076271
1769100708.303258 10.128313 0.983321 0.078430
1769100708.353258 10.134644 0.983820 0.077870
1769100708.403270 10.138785 0.984140 0.079481
1769100708.453262 10.142975 0.984468 0.081598
1769100708.503260 10.149430 0.984994 0.080741
1769100708.553254 10.153793 0.985346 0.080558
1769100708.603309 10.158179 0.985709 0.078565
1769100708.653271 10.164690 0.986225 0.078807
1769100708.703310 10.169005 0.986565 0.078215
1769100708.753256 10.173393 0.986908 0.075677
1769100708.803311 10.179855 0.987403 0.073649
1769100708.853264 10.184194 0.987729 0.072087
1769100708.903315 10.188487 0.988039 0.072069
1769100708.953314 10.194930 0.988494 0.074243
1769100709.003310 10.199096 0.988796 0.074687
1769100709.053307 10.203338 0.989108 0.075224
1769100709.103265 10.209675 0.989578 0.077706
1769100709.153267 10.213687 0.989887 0.077775
1769100709.203259 10.217954 0.990212 0.080131
1769100709.253268 10.224336 0.990721 0.080227
1769100709.302114 10.228652 0.991062 0.081060
1769100709.353271 10.232616 0.991376 0.082923
1769100709.403271 10.239019 0.991910 0.080335
1769100709.453318 10.243232 0.992254 0.079674
1769100709.503278 10.249387 0.992750 0.079256
1769100709.553284 10.253624 0.993093 0.078025
1769100709.603316 10.257837 0.993431 0.078237
1769100709.653311 10.264017 0.993926 0.077535
1769100709.703302 10.268333 0.994267 0.078890
1769100709.753277 10.272595 0.994612 0.078695
1769100709.803279 10.279127 0.995140 0.076695
1769100709.853303 10.283292 0.995467 0.077695
1769100709.903271 10.287681 0.995818 0.076775
1769100709.953273 10.293990 0.996310 0.076971
1769100710.003303 10.298101 0.996638 0.076598
1769100710.053285 10.304485 0.997137 0.075485
1769100710.103283 10.308447 0.997448 0.076006
1769100710.153279 10.312661 0.997774 0.077539
1769100710.203280 10.318717 0.998248 0.077604
1769100710.253282 10.322830 0.998573 0.078679
1769100710.303290 10.328859 0.999053 0.079575
1769100710.353289 10.332998 0.999384 0.082007
1769100710.403282 10.336908 0.999707 0.083741
1769100710.453293 10.343286 1.000249 0.082931
1769100710.503292 10.347321 1.000588 0.083280
1769100710.553339 10.351657 1.000961 0.082564
1769100710.603285 10.358038 1.001494 0.082925
1769100710.653340 10.362200 1.001843 0.082339
1769100710.703284 10.366535 1.002212 0.079053
1769100710.753283 10.372992 1.002742 0.076895
1769100710.803272 10.377254 1.003087 0.075283
1769100710.853291 10.383739 1.003587 0.074555
1769100710.903286 10.387979 1.003911 0.074830
1769100710.953356 10.392294 1.004244 0.074661
1769100711.003269 10.396634 1.004578 0.074710
1769100711.053291 10.402969 1.005060 0.076478
1769100711.103305 10.407281 1.005405 0.075248
1769100711.153300 10.411597 1.005738 0.076963
1769100711.203303 10.418081 1.006246 0.077688
1769100711.253310 10.422370 1.006585 0.078088
1769100711.303301 10.426584 1.006921 0.079572
1769100711.353291 10.432840 1.007426 0.078929
1769100711.403282 10.437103 1.007770 0.079827
1769100711.453308 10.441341 1.008115 0.080256
1769100711.503311 10.447648 1.008624 0.080700
1769100711.553309 10.451785 1.008962 0.081098
1769100711.603331 10.456124 1.009320 0.081371
1769100711.653313 10.462430 1.009836 0.082581
1769100711.703312 10.466744 1.010194 0.083727
1769100711.753336 10.471081 1.010559 0.082463
1769100711.803351 10.477614 1.011101 0.082207
1769100711.853320 10.482003 1.011467 0.081559
1769100711.903314 10.486367 1.011823 0.081044
1769100711.953319 10.492977 1.012362 0.080390
1769100712.003330 10.497241 1.012705 0.079135
1769100712.053334 10.501580 1.013050 0.078888
1769100712.103312 10.507989 1.013557 0.078694
1769100712.153365 10.512254 1.013893 0.078714
1769100712.203316 10.516417 1.014223 0.079551
1769100712.253303 10.522624 1.014716 0.081240
1769100712.302101 10.526838 1.015053 0.083320
1769100712.353316 10.531025 1.015401 0.085233
1769100712.403324 10.537380 1.015943 0.085548
1769100712.453318 10.541617 1.016308 0.086095
1769100712.503315 10.545877 1.016682 0.085389
1769100712.553319 10.552232 1.017230 0.085403
1769100712.603308 10.556519 1.017596 0.085997
1769100712.653312 10.560781 1.017962 0.084972
1769100712.703309 10.566959 1.018496 0.082684
1769100712.753303 10.571272 1.018858 0.083143
1769100712.803316 10.575510 1.019204 0.083475
1769100712.853301 10.581943 1.019733 0.083483
1769100712.903323 10.586282 1.020091 0.082438
1769100712.953317 10.590546 1.020435 0.081963
1769100713.003290 10.596803 1.020943 0.081989
1769100713.053316 10.601066 1.021289 0.080270
1769100713.103292 10.605305 1.021626 0.080731
1769100713.153363 10.611764 1.022145 0.080761
1769100713.203336 10.615777 1.022461 0.080770
1769100713.253328 10.622236 1.022971 0.082773
1769100713.303325 10.626173 1.023287 0.082332
1769100713.353323 10.630412 1.023627 0.082353
1769100713.403324 10.636668 1.024138 0.082888
1769100713.453319 10.640806 1.024471 0.083800
1769100713.503333 10.644969 1.024810 0.085769
1769100713.553340 10.651275 1.025342 0.086937
1769100713.603341 10.655463 1.025688 0.089314
1769100713.653347 10.659699 1.026055 0.089638
1769100713.703358 10.666155 1.026624 0.088662
1769100713.753356 10.670517 1.027006 0.088061
1769100713.803336 10.674904 1.027393 0.086209
1769100713.853370 10.681436 1.027953 0.085635
1769100713.903345 10.685749 1.028317 0.085214
1769100713.953325 10.690062 1.028677 0.083843
1769100714.003352 10.696520 1.029211 0.083019
1769100714.053335 10.700834 1.029563 0.082670
1769100714.103339 10.705174 1.029907 0.083850
1769100714.153345 10.711582 1.030429 0.084877
1769100714.203335 10.715770 1.030765 0.086103
1769100714.253332 10.720034 1.031116 0.086863
1769100714.303335 10.726415 1.031656 0.087907
1769100714.353346 10.730603 1.032013 0.087692
1769100714.403332 10.734890 1.032379 0.088652
1769100714.453349 10.741270 1.032939 0.088967
1769100714.503341 10.745456 1.033304 0.088683
1769100714.553354 10.749692 1.033672 0.088703
1769100714.603313 10.753929 1.034046 0.087383
1769100714.653353 10.760182 1.034593 0.086571
1769100714.703346 10.764444 1.034956 0.087752
1769100714.753322 10.768606 1.035308 0.088592
1769100714.803346 10.775112 1.035872 0.088604
1769100714.853336 10.779374 1.036239 0.088887
1769100714.903353 10.783661 1.036604 0.089608
1769100714.953354 10.790117 1.037165 0.090149
1769100715.003335 10.794455 1.037546 0.087718
1769100715.053342 10.798819 1.037917 0.086876
1769100715.103351 10.805426 1.038483 0.085543
1769100715.153396 10.809740 1.038840 0.084446
1769100715.203350 10.814079 1.039195 0.084813
1769100715.253360 10.820435 1.039725 0.083808
1769100715.303354 10.824674 1.040071 0.083825
1769100715.353359 10.828937 1.040425 0.083429
1769100715.403357 10.835218 1.040944 0.084126
1769100715.453348 10.839380 1.041284 0.085326
1769100715.503374 10.843541 1.041638 0.086058
1769100715.553342 10.849821 1.042174 0.088286
1769100715.603348 10.854133 1.042549 0.089954
1769100715.653348 10.858369 1.042918 0.091344
1769100715.703381 10.864823 1.043502 0.091187
1769100715.753372 10.869209 1.043896 0.091411
1769100715.803391 10.873471 1.044275 0.091439
1769100715.853357 10.879924 1.044853 0.091039
1769100715.903337 10.884185 1.045234 0.089133
1769100715.953373 10.888498 1.045609 0.088371
1769100716.003374 10.894952 1.046177 0.086481
1769100716.053389 10.899264 1.046545 0.086028
1769100716.103344 10.903551 1.046904 0.087159
1769100716.153368 10.910007 1.047459 0.087149
1769100716.203360 10.914320 1.047820 0.088850
1769100716.253346 10.918657 1.048197 0.089198
1769100716.303360 10.925137 1.048766 0.089734
1769100716.353363 10.929373 1.049138 0.090083
1769100716.403367 10.933710 1.049528 0.089575
1769100716.453368 10.940012 1.050085 0.091629
1769100716.503370 10.944222 1.050463 0.092014
1769100716.553363 10.948407 1.050844 0.091501
1769100716.603358 10.952541 1.051220 0.091525
1769100716.653363 10.958641 1.051775 0.092745
1769100716.703366 10.962750 1.052146 0.093841
1769100716.753369 10.969051 1.052725 0.094742
1769100716.803362 10.973311 1.053123 0.094088
1769100716.853382 10.977293 1.053489 0.094714
1769100716.903349 10.983796 1.054096 0.095622
1769100716.953376 10.987853 1.054479 0.094354
1769100717.003371 10.992239 1.054893 0.092598
1769100717.053366 10.998817 1.055502 0.091870
1769100717.103369 11.003152 1.055892 0.091170
1769100717.153379 11.007439 1.056272 0.089932
1769100717.203388 11.013918 1.056851 0.087516
1769100717.253386 11.018256 1.057225 0.086106
1769100717.303374 11.022542 1.057592 0.086077
1769100717.353388 11.028872 1.058130 0.087098
1769100717.403390 11.033033 1.058482 0.088527
1769100717.453377 11.037294 1.058855 0.089171
1769100717.503364 11.043572 1.059406 0.091290
1769100717.553401 11.047808 1.059783 0.093166
1769100717.603383 11.052018 1.060166 0.093984
1769100717.653396 11.058419 1.060761 0.094740
1769100717.703389 11.062779 1.061170 0.095309
1769100717.753399 11.067013 1.061564 0.095910
1769100717.803386 11.073388 1.062166 0.095907
1769100717.853394 11.077672 1.062572 0.094625
1769100717.903378 11.081856 1.062954 0.094860
1769100717.953385 11.088333 1.063558 0.094165
1769100718.003388 11.092543 1.063940 0.093750
1769100718.053407 11.096802 1.064321 0.094830
1769100718.103396 11.103280 1.064918 0.094409
1769100718.153399 11.107288 1.065275 0.095075
1769100718.203384 11.111725 1.065681 0.094493
1769100718.253387 11.118328 1.066294 0.093479
1769100718.303390 11.122613 1.066680 0.093660
1769100718.353447 11.127024 1.067087 0.092566
1769100718.403393 11.133426 1.067668 0.093869
1769100718.453394 11.137661 1.068050 0.094610
1769100718.503394 11.141845 1.068438 0.092763
1769100718.553391 11.148046 1.069002 0.094094
1769100718.603452 11.152280 1.069391 0.094131
1769100718.653389 11.156439 1.069770 0.095677
1769100718.703387 11.162613 1.070349 0.096870
1769100718.753402 11.166847 1.070747 0.097874
1769100718.803403 11.170980 1.071139 0.098823
1769100718.853372 11.177430 1.071760 0.100531
1769100718.903389 11.181713 1.072176 0.099617
1769100718.953395 11.186047 1.072596 0.098859
1769100719.003396 11.192622 1.073241 0.097689
1769100719.053396 11.196956 1.073654 0.096958
1769100719.103396 11.201265 1.074054 0.097300
1769100719.153405 11.207742 1.074679 0.093273
1769100719.203403 11.211724 1.075040 0.092438
1769100719.253411 11.216085 1.075430 0.091740
1769100719.303399 11.222513 1.076006 0.091397
1769100719.353383 11.226748 1.076375 0.092640
1769100719.403399 11.230984 1.076753 0.093384
1769100719.453400 11.237336 1.077331 0.094684
1769100719.503398 11.241646 1.077717 0.096984
1769100719.553405 11.245880 1.078112 0.096780
1769100719.603406 11.252306 1.078715 0.098343
1769100719.653399 11.256565 1.079117 0.098992
1769100719.703402 11.260823 1.079517 0.100627
1769100719.753425 11.267121 1.080126 0.101325
1769100719.803468 11.271354 1.080537 0.099869
1769100719.853421 11.275511 1.080934 0.100231
1769100719.903420 11.281910 1.081558 0.100253
1769100719.953443 11.286093 1.081965 0.098778
1769100720.003441 11.290324 1.082366 0.100530
1769100720.053415 11.296724 1.083001 0.099421
1769100720.103406 11.301082 1.083419 0.100273
1769100720.153418 11.305440 1.083838 0.100791
1769100720.203414 11.309824 1.084267 0.098549
1769100720.253412 11.316373 1.084897 0.098974
1769100720.303407 11.320732 1.085316 0.098147
1769100720.353418 11.325141 1.085731 0.098329
1769100720.403471 11.331615 1.086348 0.098891
1769100720.453463 11.335799 1.086746 0.097208
1769100720.503423 11.340032 1.087145 0.097155
1769100720.553417 11.346356 1.087744 0.098081
1769100720.603417 11.350464 1.088135 0.098123
1769100720.653399 11.354646 1.088531 0.100491
1769100720.703420 11.360893 1.089147 0.101309
1769100720.753426 11.365074 1.089554 0.103575
1769100720.803424 11.369256 1.089971 0.104671
1769100720.853424 11.375702 1.090635 0.104268
1769100720.903430 11.379933 1.091065 0.104297
1769100720.953432 11.384289 1.091512 0.103527
1769100721.003419 11.390710 1.092166 0.103517
1769100721.053429 11.394991 1.092595 0.103056
1769100721.103401 11.399299 1.093031 0.100375
1769100721.153422 11.405671 1.093668 0.098640
1769100721.203428 11.410028 1.094091 0.098609
1769100721.253432 11.414287 1.094497 0.098340
1769100721.303425 11.420660 1.095108 0.098753
1769100721.353430 11.424969 1.095517 0.098762
1769100721.403439 11.429328 1.095934 0.098289
1769100721.453422 11.435777 1.096553 0.099456
1769100721.503424 11.440086 1.096971 0.098098
1769100721.553433 11.444394 1.097378 0.099608
1769100721.603418 11.450818 1.098005 0.100157
1769100721.653455 11.455126 1.098423 0.100141
1769100721.703457 11.459256 1.098820 0.101714
1769100721.753456 11.465201 1.099416 0.100625
1769100721.803452 11.469180 1.099810 0.100837
1769100721.853473 11.475351 1.100426 0.101774
1769100721.903457 11.479532 1.100845 0.101429
1769100721.953465 11.483661 1.101260 0.102817
1769100722.003478 11.490032 1.101913 0.103152
1769100722.053434 11.494313 1.102348 0.104177
1769100722.103445 11.498643 1.102791 0.104540
1769100722.153449 11.505165 1.103470 0.102606
1769100722.203445 11.509495 1.103913 0.101775
1769100722.253418 11.513928 1.104364 0.100978
1769100722.303418 11.518208 1.104793 0.099687
1769100722.353444 11.524756 1.105441 0.100175
1769100722.403419 11.529012 1.105863 0.098489
1769100722.453424 11.533319 1.106281 0.098939
1769100722.503420 11.539717 1.106907 0.099809
1769100722.553448 11.543949 1.107324 0.099487
1769100722.603447 11.548129 1.107735 0.101431
1769100722.653447 11.554375 1.108359 0.102940
1769100722.703449 11.558606 1.108783 0.104877
1769100722.753448 11.562835 1.109213 0.107038
1769100722.803452 11.569204 1.109886 0.107106
1769100722.853434 11.573433 1.110330 0.107441
1769100722.903496 11.577687 1.110783 0.107490
1769100722.953495 11.584055 1.111461 0.107481
1769100723.003446 11.588208 1.111900 0.107116
1769100723.053462 11.592462 1.112355 0.104902
1769100723.103457 11.598806 1.113024 0.103696
1769100723.153451 11.603160 1.113472 0.104914
1769100723.203455 11.607365 1.113902 0.105131
1769100723.253518 11.613760 1.114567 0.104625
1769100723.303464 11.618065 1.115009 0.105151
1769100723.353464 11.622446 1.115463 0.104086
1769100723.403450 11.628967 1.116132 0.104047
1769100723.453468 11.633273 1.116577 0.102158
1769100723.503461 11.637680 1.117016 0.102678
1769100723.553463 11.644151 1.117671 0.103044
1769100723.603466 11.648407 1.118096 0.103230
1769100723.653456 11.652611 1.118520 0.104285
1769100723.703490 11.658881 1.119164 0.103609
1769100723.753468 11.663136 1.119595 0.104844
1769100723.803471 11.667290 1.120023 0.105703
1769100723.853494 11.673508 1.120674 0.106205
1769100723.903474 11.677711 1.121114 0.107597
1769100723.953514 11.681890 1.121567 0.107238
1769100724.003479 11.688256 1.122250 0.108971
1769100724.053473 11.692585 1.122717 0.110356
1769100724.103466 11.696912 1.123189 0.109954
1769100724.153469 11.703353 1.123894 0.109934
1769100724.203459 11.707706 1.124369 0.109497
1769100724.253436 11.712060 1.124832 0.108992
1769100724.303465 11.718452 1.125518 0.108142
1769100724.353482 11.722706 1.125968 0.106086
1769100724.403472 11.727009 1.126414 0.105786
1769100724.453496 11.731365 1.126864 0.105770
1769100724.503488 11.737809 1.127534 0.105710
1769100724.553470 11.742013 1.127965 0.107193
1769100724.603485 11.746292 1.128412 0.107928
1769100724.653479 11.752710 1.129092 0.109284
1769100724.703479 11.756963 1.129536 0.111673
1769100724.753561 11.761266 1.129998 0.112055
1769100724.803471 11.767582 1.130692 0.112339
1769100724.853488 11.771808 1.131148 0.113851
1769100724.903493 11.776010 1.131604 0.114582
1769100724.953493 11.782223 1.132291 0.115384
1769100725.003483 11.786425 1.132755 0.114461
1769100725.053493 11.790626 1.133216 0.113970
1769100725.103472 11.796940 1.133913 0.115562
1769100725.153498 11.801092 1.134372 0.114258
1769100725.203494 11.805368 1.134838 0.115202
1769100725.253483 11.811757 1.135558 0.114733
1769100725.303497 11.816110 1.136037 0.114727
1769100725.353483 11.820437 1.136512 0.114707
1769100725.403507 11.827027 1.137250 0.112494
1769100725.453485 11.831355 1.137722 0.110827
1769100725.503471 11.835784 1.138202 0.108680
1769100725.553500 11.842252 1.138889 0.108293
1769100725.603471 11.846480 1.139325 0.109947
1769100725.653503 11.850709 1.139771 0.109494
1769100725.703482 11.856799 1.140422 0.109452
1769100725.753477 11.860826 1.140841 0.111697
1769100725.803496 11.864928 1.141278 0.112249
1769100725.853486 11.871218 1.141960 0.114160
1769100725.903496 11.875369 1.142410 0.115882
1769100725.953503 11.879620 1.142877 0.118416
1769100726.003511 11.886057 1.143613 0.119989
1769100726.053518 11.890282 1.144100 0.118136
1769100726.103502 11.894582 1.144598 0.116815
1769100726.153501 11.901019 1.145341 0.117117
1769100726.203488 11.905269 1.145830 0.115519
1769100726.253474 11.909493 1.146308 0.114695
1769100726.303486 11.915881 1.147035 0.113415
1769100726.353487 11.920208 1.147520 0.111961
1769100726.403497 11.924484 1.147994 0.111602
1769100726.453498 11.930924 1.148708 0.110376
1769100726.503505 11.935201 1.149174 0.110703
1769100726.553502 11.939503 1.149649 0.110694
1769100726.603509 11.946019 1.150369 0.110049
1769100726.653515 11.950421 1.150849 0.111642
1769100726.703487 11.954673 1.151315 0.112312
1769100726.753495 11.961087 1.152034 0.111792
1769100726.803509 11.965389 1.152511 0.112825
1769100726.853511 11.969540 1.152968 0.113823
1769100726.903587 11.975827 1.153675 0.113992
1769100726.953507 11.979977 1.154139 0.113971
1769100727.003513 11.984178 1.154612 0.113805
1769100727.053509 11.990390 1.155316 0.114509
1769100727.103502 11.994490 1.155784 0.112744
1769100727.153516 11.998691 1.156257 0.111667
1769100727.203491 12.005030 1.156975 0.108326
1769100727.253498 12.009358 1.157455 0.103326
1769100727.303510 12.013713 1.157917 0.098135
1769100727.353529 12.020235 1.158575 0.091975
1769100727.403494 12.024620 1.158992 0.086777
1769100727.453500 12.029007 1.159380 0.080317
1769100727.503525 12.035590 1.159930 0.071866
1769100727.553554 12.039804 1.160256 0.065743
1769100727.603523 12.044121 1.160567 0.059942
1769100727.653517 12.048388 1.160837 0.056714
1769100727.703520 12.054728 1.161214 0.052471
1769100727.753551 12.058973 1.161443 0.050137
1769100727.803543 12.065266 1.161765 0.047024
1769100727.853546 12.069488 1.161976 0.041811
1769100727.903536 12.073785 1.162166 0.039893
1769100727.953559 12.078008 1.162331 0.037281
1769100728.003532 12.084483 1.162575 0.031886
1769100728.053509 12.088531 1.162713 0.025995
1769100728.103587 12.094956 1.162890 0.022333
1769100728.153520 12.099004 1.162992 0.017853
1769100728.203505 12.103256 1.163081 0.010745
1769100728.253527 12.109682 1.163158 0.006828
1769100728.303531 12.113933 1.163203 0.001071
1769100728.353499 12.118211 1.163219 -0.004804
1769100728.403527 12.124610 1.163206 -0.009790
1769100728.453515 12.128963 1.163188 -0.016347
1769100728.503497 12.133416 1.163136 -0.023014
1769100728.553514 12.139889 1.163007 -0.027576
1769100728.603539 12.144289 1.162908 -0.031848
1769100728.653554 12.148613 1.162782 -0.035102
1769100728.703533 12.155137 1.162575 -0.039627
1769100728.753558 12.159434 1.162429 -0.043052
1769100728.803544 12.163629 1.162259 -0.044993
1769100728.853538 12.169973 1.161985 -0.047612
1769100728.903563 12.174119 1.161803 -0.051790
1769100728.953530 12.178289 1.161599 -0.055981
1769100729.003536 12.184480 1.161271 -0.061443
1769100729.053545 12.188598 1.161043 -0.067580
1769100729.103539 12.192888 1.160771 -0.070835
1769100729.153540 12.197080 1.160488 -0.076544
1769100729.203639 12.203564 1.160013 -0.084184
1769100729.253545 12.207949 1.159669 -0.088516
1769100729.303545 12.212286 1.159309 -0.094309
1769100729.353539 12.218859 1.158714 -0.100115
1769100729.403640 12.223114 1.158317 -0.105642
1769100729.453520 12.227516 1.157868 -0.109106
1769100729.503530 12.233930 1.157183 -0.114059
1769100729.553539 12.238279 1.156714 -0.119655
1769100729.603552 12.242552 1.156234 -0.125664
1769100729.653536 12.248798 1.155471 -0.128740
1769100729.703517 12.253061 1.154940 -0.130534
1769100729.753577 12.259130 1.154172 -0.132983
1769100729.803584 12.263042 1.153676 -0.134386
1769100729.853565 12.267281 1.153136 -0.135813
1769100729.903560 12.273573 1.152307 -0.135408
1769100729.953616 12.277732 1.151762 -0.133293
1769100730.003555 12.281997 1.151216 -0.133188
1769100730.053567 12.288368 1.150387 -0.132499
1769100730.103553 12.292682 1.149832 -0.131715
1769100730.154642 12.296848 1.149302 -0.131851
1769100730.203559 12.303222 1.148481 -0.132372
1769100730.253554 12.307463 1.147941 -0.132665
1769100730.303539 12.311703 1.147393 -0.134244
1769100730.353545 12.318172 1.146540 -0.136088
1769100730.403545 12.322407 1.145981 -0.136617
1769100730.453560 12.326822 1.145392 -0.138823
1769100730.503552 12.331057 1.144821 -0.139530
1769100730.553561 12.337597 1.143930 -0.140457
1769100730.603550 12.341825 1.143348 -0.138214
1769100730.653550 12.346158 1.142762 -0.136326
1769100730.703596 12.352551 1.141901 -0.134538
1769100730.753544 12.356764 1.141347 -0.132869
1769100730.803551 12.360929 1.140810 -0.131908
1769100730.853600 12.367126 1.140005 -0.130322
1769100730.903535 12.371341 1.139473 -0.129488
1769100730.953617 12.375505 1.138941 -0.127951
1769100731.003560 12.381734 1.138156 -0.128372
1769100731.053612 12.385926 1.137629 -0.128350
1769100731.103559 12.390142 1.137086 -0.127928
1769100731.153555 12.396550 1.136276 -0.131019
1769100731.203648 12.400512 1.135764 -0.131042
1769100731.253554 12.404798 1.135200 -0.129767
1769100731.303556 12.411228 1.134363 -0.130745
1769100731.353575 12.415592 1.133790 -0.130501
1769100731.403560 12.419835 1.133237 -0.130776
1769100731.453563 12.426061 1.132424 -0.131724
1769100731.503572 12.430324 1.131857 -0.131050
1769100731.553566 12.436800 1.131004 -0.132387
1769100731.603577 12.441063 1.130435 -0.133219
1769100731.653565 12.445352 1.129860 -0.133525
1769100731.703588 12.451702 1.129017 -0.135477
1769100731.753584 12.456010 1.128426 -0.134167
1769100731.803578 12.460229 1.127862 -0.135191
1769100731.853563 12.464470 1.127303 -0.136594
1769100731.903567 12.470706 1.126446 -0.133120
1769100731.953583 12.474974 1.125878 -0.132258
1769100732.003583 12.479193 1.125327 -0.132714
1769100732.053581 12.485514 1.124492 -0.130951
1769100732.103577 12.489660 1.123958 -0.131213
1769100732.153630 12.493852 1.123414 -0.130686
1769100732.203631 12.500233 1.122590 -0.132205
1769100732.253641 12.504271 1.122060 -0.132576
1769100732.303637 12.510667 1.121212 -0.133690
1769100732.353592 12.514683 1.120679 -0.135015
1769100732.403602 12.518993 1.120091 -0.135056
1769100732.453579 12.525237 1.119241 -0.136331
1769100732.503589 12.529579 1.118658 -0.139171
1769100732.553587 12.533656 1.118084 -0.137310
1769100732.603589 12.540221 1.117171 -0.136437
1769100732.653576 12.544351 1.116596 -0.134456
1769100732.703646 12.550473 1.115765 -0.133681
1769100732.753590 12.554736 1.115188 -0.132678
1769100732.803591 12.558871 1.114627 -0.130649
1769100732.853595 12.564924 1.113827 -0.131063
1769100732.903589 12.569035 1.113279 -0.130574
1769100732.953576 12.575130 1.112470 -0.129388
1769100733.003617 12.579224 1.111932 -0.129932
1769100733.053563 12.583186 1.111404 -0.129705
1769100733.103649 12.589488 1.110574 -0.129665
1769100733.153595 12.593712 1.110023 -0.131003
1769100733.203590 12.597697 1.109488 -0.129563
1769100733.253577 12.603901 1.108668 -0.129987
1769100733.303580 12.608241 1.108089 -0.129800
1769100733.353590 12.612511 1.107526 -0.130127
1769100733.403592 12.618864 1.106688 -0.130441
1769100733.453652 12.623161 1.106119 -0.131648
1769100733.503600 12.627457 1.105551 -0.134067
1769100733.553634 12.633601 1.104723 -0.135674
1769100733.603600 12.637862 1.104138 -0.136482
1769100733.653656 12.642203 1.103542 -0.138294
1769100733.703681 12.648662 1.102638 -0.138389
1769100733.753621 12.652976 1.102037 -0.139038
1769100733.803633 12.657194 1.101458 -0.140845
1769100733.853674 12.663627 1.100547 -0.137777
1769100733.903684 12.667889 1.099956 -0.136537
1769100733.953604 12.672176 1.099366 -0.135466
1769100734.003683 12.678396 1.098521 -0.133582
1769100734.053667 12.682539 1.097966 -0.132888
1769100734.103601 12.686754 1.097398 -0.131910
1769100734.153593 12.693058 1.096565 -0.132950
1769100734.203612 12.697248 1.096008 -0.134144
1769100734.253618 12.701388 1.095445 -0.134123
1769100734.303604 12.707764 1.094586 -0.136504
1769100734.353620 12.712100 1.093989 -0.136937
1769100734.403621 12.716361 1.093398 -0.137312
1769100734.453598 12.722793 1.092518 -0.140702
1769100734.503604 12.727066 1.091905 -0.139179
1769100734.553623 12.731449 1.091276 -0.138202
1769100734.603600 12.737939 1.090356 -0.138020
1769100734.653636 12.742275 1.089745 -0.138286
1769100734.704560 12.746563 1.089143 -0.138969
1769100734.753640 12.752947 1.088239 -0.137630
1769100734.803598 12.757167 1.087652 -0.138870
1769100734.853693 12.761427 1.087057 -0.139774
1769100734.903695 12.767684 1.086175 -0.138461
1769100734.953620 12.771849 1.085595 -0.138625
1769100735.003637 12.776028 1.085014 -0.137677
1769100735.053608 12.782419 1.084127 -0.136299
1769100735.103614 12.786317 1.083603 -0.137278
1769100735.153599 12.790502 1.083030 -0.135637
1769100735.203584 12.796873 1.082161 -0.134116
1769100735.253626 12.801140 1.081584 -0.133438
1769100735.303613 12.805312 1.081029 -0.133926
1769100735.353634 12.811618 1.080190 -0.135184
1769100735.403605 12.815908 1.079614 -0.135629
1769100735.453623 12.820172 1.079037 -0.136449
1769100735.503608 12.826571 1.078166 -0.138783
1769100735.553610 12.830747 1.077580 -0.138070
1769100735.603615 12.835068 1.076980 -0.140785
1769100735.653614 12.841530 1.076065 -0.142504
1769100735.703605 12.841538 1.076074 -0.144106
1769100735.753600 12.850152 1.074831 -0.145433
1769100735.803636 12.856681 1.073882 -0.143785
1769100735.853634 12.860884 1.073272 -0.141270
1769100735.903696 12.860872 1.073260 -0.138822
1769100735.953624 12.871282 1.071803 -0.138312
1769100736.003760 12.875500 1.071219 -0.137909
1769100736.053629 12.879652 1.070632 -0.135821
1769100736.103604 12.879641 1.070614 -0.133744
1769100736.153702 12.890137 1.069186 -0.135337
1769100736.203685 12.894041 1.068637 -0.134992
1769100736.253689 12.900069 1.067804 -0.136604
1769100736.303670 12.900075 1.067797 -0.138230
1769100736.353606 12.900083 1.067797 -0.139842
1769100736.403617 12.914678 1.065747 -0.142245
1769100736.453589 12.918961 1.065134 -0.142242
1769100736.503632 12.925195 1.064234 -0.140996
1769100736.553622 12.929535 1.063613 -0.141943
1769100736.603600 12.933799 1.063006 -0.142689
1769100736.653691 12.939995 1.062125 -0.144665
1769100736.703598 12.944343 1.061493 -0.143730
1769100736.753619 12.944339 1.061491 -0.142748
1769100736.803594 12.944334 1.061485 -0.141774
1769100736.853701 12.958991 1.059366 -0.140366
1769100736.903600 12.958980 1.059336 -0.138819
1769100736.953610 12.958969 1.059299 -0.137280
1769100737.003614 12.958958 1.059256 -0.135752
1769100737.053609 12.958945 1.059206 -0.134236
1769100737.103694 12.958932 1.059149 -0.132729
1769100737.153718 12.958919 1.059086 -0.131235
1769100737.203619 12.958904 1.059017 -0.129756
1769100737.253628 12.958889 1.058941 -0.128285
1769100737.303608 12.958874 1.058860 -0.126825
1769100737.353631 12.958858 1.058773 -0.125376
1769100737.403625 13.013443 1.051849 -0.126758
1769100737.453612 13.017716 1.051255 -0.129706
1769100737.503617 13.021925 1.050656 -0.130386
1769100737.553624 13.028297 1.049769 -0.132547
1769100737.603636 13.032674 1.049126 -0.132693
1769100737.653610 13.036886 1.048511 -0.134449
1769100737.703624 13.043354 1.047584 -0.135668
1769100737.753663 13.047706 1.046938 -0.135789
1769100737.803600 13.047701 1.046889 -0.135857
1769100737.853637 13.047695 1.046840 -0.135925
1769100737.903636 13.047690 1.046792 -0.135992
1769100737.953711 13.047685 1.046745 -0.136058
1769100738.003623 13.073294 1.043200 -0.134797
1769100738.053644 13.077549 1.042580 -0.134625
1769100738.103641 13.081771 1.041973 -0.137427
1769100738.153610 13.087951 1.041077 -0.135963
1769100738.203614 13.092138 1.040461 -0.135983
1769100738.253670 13.096396 1.039834 -0.136042
1769100738.303602 13.102688 1.038934 -0.136921
1769100738.353608 13.106897 1.038314 -0.137229
1769100738.403596 13.111104 1.037691 -0.136596
1769100738.453623 13.117546 1.036763 -0.135619
1769100738.503637 13.121809 1.036137 -0.136009
1769100738.553648 13.126072 1.035512 -0.136498
1769100738.603648 13.132414 1.034603 -0.137480
1769100738.653634 13.136723 1.033966 -0.138426
1769100738.703631 13.141029 1.033324 -0.139069
1769100738.753652 13.147583 1.032378 -0.143918
1769100738.803646 13.151809 1.031738 -0.145266
1769100738.853637 13.156130 1.031076 -0.145164
1769100738.903651 13.162505 1.030110 -0.145271
1769100738.953639 13.166835 1.029454 -0.145566
1769100739.003645 13.171015 1.028819 -0.144788
1769100739.053662 13.177439 1.027853 -0.142463
1769100739.103680 13.181392 1.027263 -0.140806
1769100739.153681 13.185599 1.026641 -0.139512
1769100739.203676 13.191833 1.025735 -0.136655
1769100739.253657 13.195975 1.025141 -0.136876
1769100739.303643 13.200187 1.024539 -0.136572
1769100739.353694 13.206458 1.023657 -0.137133
1769100739.403645 13.210630 1.023060 -0.139121
1769100739.453664 13.214762 1.022461 -0.139898
1769100739.503648 13.221130 1.021543 -0.141481
1769100739.553651 13.225433 1.020900 -0.142233
1769100739.603664 13.229694 1.020268 -0.143714
1769100739.653652 13.236124 1.019311 -0.143785
1769100739.703657 13.240404 1.018663 -0.143016
1769100739.753664 13.244813 1.018002 -0.143610
1769100739.803665 13.249091 1.017353 -0.143662
1769100739.853688 13.255472 1.016400 -0.143407
1769100739.903702 13.259506 1.015791 -0.144193
1769100739.953671 13.265966 1.014827 -0.144430
1769100740.003703 13.270040 1.014205 -0.144940
1769100740.053670 13.274166 1.013569 -0.144996
1769100740.103668 13.280321 1.012639 -0.144576
1769100740.153666 13.284280 1.012042 -0.146058
1769100740.203660 13.288587 1.011382 -0.146321
1769100740.253686 13.294851 1.010443 -0.146926
1769100740.303685 13.298727 1.009850 -0.146119
1769100740.353687 13.304930 1.008911 -0.144160
1769100740.403686 13.309189 1.008270 -0.143780
1769100740.453652 13.313196 1.007666 -0.143783
1769100740.503659 13.319506 1.006726 -0.142744
1769100740.553655 13.323415 1.006140 -0.143591
1769100740.603662 13.329859 1.005190 -0.145182
1769100740.653671 13.334087 1.004550 -0.145859
1769100740.703665 13.338351 1.003909 -0.149090
1769100740.753715 13.342681 1.003246 -0.150903
1769100740.803679 13.349129 1.002250 -0.151609
1769100740.853677 13.353478 1.001566 -0.152654
1769100740.903667 13.357805 1.000889 -0.153621
1769100740.953707 13.364277 0.999879 -0.153666
1769100741.003665 13.368368 0.999232 -0.151639
1769100741.053694 13.374541 0.998273 -0.149729
1769100741.103667 13.378820 0.997612 -0.148459
1769100741.153654 13.382918 0.996989 -0.147245
1769100741.203683 13.389212 0.996050 -0.147159
1769100741.253680 13.393084 0.995466 -0.146110
1769100741.303710 13.397340 0.994833 -0.145426
1769100741.353722 13.403302 0.993951 -0.145410
1769100741.403685 13.407215 0.993376 -0.146249
1769100741.453652 13.413329 0.992476 -0.147060
1769100741.503757 13.417561 0.991846 -0.147636
1769100741.553693 13.421826 0.991215 -0.149512
1769100741.603671 13.428210 0.990257 -0.149923
1769100741.653681 13.432487 0.989610 -0.149242
1769100741.703705 13.436774 0.988966 -0.149708
1769100741.753719 13.443004 0.988024 -0.149718
1769100741.803721 13.447231 0.987383 -0.148991
1769100741.853734 13.451466 0.986745 -0.150329
1769100741.903739 13.457851 0.985776 -0.152150
1769100741.953716 13.462201 0.985109 -0.153345
1769100742.003708 13.466400 0.984453 -0.154166
1769100742.053690 13.472850 0.983445 -0.154398
1769100742.103690 13.477139 0.982768 -0.153336
1769100742.153686 13.481351 0.982089 -0.150500
1769100742.203686 13.487689 0.981111 -0.151705
1769100742.253684 13.491962 0.980442 -0.151380
1769100742.303693 13.496106 0.979787 -0.148753
1769100742.353724 13.502416 0.978818 -0.147453
1769100742.403689 13.506645 0.978168 -0.146881
1769100742.453693 13.510790 0.977524 -0.144803
1769100742.503713 13.514954 0.976892 -0.145802
1769100742.553697 13.521226 0.975955 -0.148193
1769100742.603692 13.525552 0.975293 -0.148862
1769100742.653682 13.529655 0.974653 -0.149785
1769100742.703693 13.536083 0.973658 -0.150723
1769100742.753779 13.540332 0.972988 -0.151725
1769100742.803724 13.544618 0.972291 -0.150175
1769100742.853690 13.551074 0.971281 -0.151876
1769100742.903692 13.555401 0.970592 -0.153429
1769100742.953770 13.559732 0.969884 -0.151435
1769100743.003708 13.566277 0.968844 -0.150039
1769100743.053707 13.570345 0.968188 -0.149291
1769100743.103696 13.574548 0.967525 -0.149306
1769100743.154421 13.580903 0.966541 -0.149319
1769100743.203718 13.585081 0.965886 -0.150071
1769100743.253713 13.589287 0.965233 -0.151012
1769100743.303728 13.595477 0.964263 -0.149288
1769100743.353721 13.599679 0.963609 -0.148885
1769100743.403724 13.605741 0.962683 -0.149697
1769100743.453699 13.609931 0.962023 -0.147593
1769100743.503730 13.614092 0.961384 -0.147543
1769100743.553722 13.618326 0.960741 -0.148416
1769100743.603731 13.624656 0.959773 -0.146950
1769100743.653738 13.628960 0.959113 -0.146598
1769100743.703728 13.635120 0.958181 -0.146857
1769100743.753749 13.639099 0.957571 -0.146872
1769100743.803768 13.643285 0.956933 -0.148363
1769100743.853770 13.649663 0.955955 -0.149048
1769100743.903734 13.653973 0.955292 -0.152076
1769100743.953726 13.657994 0.954654 -0.153369
1769100744.003723 13.664441 0.953637 -0.154750
1769100744.053678 13.668562 0.952974 -0.155172
1769100744.103740 13.672864 0.952261 -0.152840
1769100744.153721 13.679265 0.951241 -0.152862
1769100744.203751 13.683538 0.950555 -0.153169
1769100744.253706 13.689679 0.949575 -0.150511
1769100744.303706 13.693678 0.948932 -0.148699
1769100744.353714 13.697702 0.948294 -0.147945
1769100744.403722 13.703885 0.947342 -0.147361
1769100744.453739 13.708038 0.946696 -0.147173
1769100744.503721 13.712237 0.946033 -0.145853
1769100744.553716 13.718548 0.945074 -0.147964
1769100744.603736 13.722524 0.944447 -0.149124
1769100744.653795 13.728598 0.943495 -0.149192
1769100744.703715 13.732704 0.942845 -0.150817
1769100744.753752 13.736946 0.942161 -0.150925
1769100744.803718 13.743102 0.941191 -0.152247
1769100744.853734 13.747233 0.940527 -0.154496
1769100744.903721 13.753469 0.939519 -0.152943
1769100744.953731 13.757790 0.938815 -0.152627
1769100745.003724 13.761928 0.938132 -0.151061
1769100745.053738 13.768336 0.937124 -0.152894
1769100745.103734 13.772434 0.936462 -0.153628
1769100745.153738 13.776642 0.935768 -0.152684
1769100745.203740 13.782989 0.934752 -0.153176
1769100745.253732 13.787253 0.934054 -0.152661
1769100745.302867 13.791391 0.933375 -0.151121
1769100745.353720 13.797670 0.932382 -0.151891
1769100745.403734 13.801828 0.931698 -0.149424
1769100745.453729 13.805999 0.931025 -0.147641
1769100745.503728 13.812339 0.930047 -0.148266
1769100745.553743 13.816508 0.929382 -0.146607
1769100745.603725 13.820736 0.928717 -0.145788
1769100745.653752 13.826841 0.927774 -0.144604
1769100745.703754 13.830997 0.927127 -0.144615
1769100745.753767 13.835185 0.926483 -0.147587
1769100745.803766 13.841309 0.925531 -0.148148
1769100745.853733 13.845384 0.924884 -0.150005
1769100745.903782 13.851611 0.923906 -0.151964
1769100745.953759 13.855829 0.923219 -0.152372
1769100746.003785 13.859956 0.922545 -0.154129
1769100746.053741 13.866195 0.921535 -0.155264
1769100746.103752 13.870387 0.920840 -0.155988
1769100746.153744 13.874490 0.920163 -0.157183
1769100746.203738 13.880821 0.919117 -0.153960
1769100746.253735 13.885113 0.918410 -0.152823
1769100746.303734 13.891233 0.917425 -0.151472
1769100746.353753 13.895157 0.916786 -0.150601
1769100746.403745 13.899396 0.916118 -0.153151
1769100746.453751 13.905635 0.915117 -0.152063
1769100746.503754 13.909842 0.914447 -0.153507
1769100746.553759 13.913744 0.913818 -0.155103
1769100746.603743 13.919906 0.912820 -0.153489
1769100746.653741 13.923836 0.912181 -0.154620
1769100746.703768 13.930181 0.911164 -0.155229
1769100746.753762 13.934205 0.910504 -0.155237
1769100746.803763 13.938236 0.909849 -0.157252
1769100746.853744 13.944653 0.908799 -0.156474
1769100746.903753 13.948948 0.908090 -0.156037
1769100746.953747 13.953220 0.907387 -0.156712
1769100747.003753 13.959417 0.906379 -0.157268
1769100747.053770 13.963695 0.905676 -0.159564
1769100747.103761 13.967927 0.904956 -0.159144
1769100747.153769 13.974167 0.903919 -0.160961
1769100747.203752 13.978461 0.903192 -0.162641
1769100747.253762 13.984837 0.902112 -0.161755
1769100747.303754 13.988874 0.901414 -0.161154
1769100747.353760 13.993132 0.900683 -0.159751
1769100747.403754 13.999394 0.899635 -0.157990
1769100747.453755 14.003365 0.898966 -0.157321
1769100747.503748 14.007552 0.898265 -0.155163
1769100747.553749 14.013624 0.897278 -0.153652
1769100747.603756 14.017847 0.896584 -0.152043
1769100747.653759 14.021898 0.895928 -0.151411
1769100747.703768 14.028211 0.894940 -0.153977
1769100747.753770 14.032181 0.894292 -0.154042
1769100747.803777 14.036407 0.893603 -0.155691
1769100747.853875 14.042507 0.892618 -0.157986
1769100747.903761 14.046722 0.891912 -0.158082
1769100747.953766 14.052914 0.890890 -0.159468
1769100748.003779 14.057058 0.890190 -0.160467
1769100748.053782 14.061072 0.889506 -0.160869
1769100748.103777 14.067319 0.888461 -0.162501
1769100748.153760 14.071628 0.887721 -0.162036
1769100748.203767 14.078070 0.886635 -0.161834
1769100748.253770 14.082407 0.885893 -0.162198
1769100748.303779 14.086625 0.885174 -0.161799
1769100748.353770 14.092954 0.884122 -0.164037
1769100748.403781 14.097161 0.883396 -0.163005
1769100748.453792 14.101433 0.882671 -0.164791
1769100748.503799 14.105634 0.881958 -0.167064
1769100748.553775 14.111884 0.880878 -0.165083
1769100748.603771 14.116027 0.880161 -0.164566
1769100748.653784 14.122091 0.879129 -0.164597
1769100748.703784 14.126105 0.878440 -0.163859
1769100748.753784 14.130295 0.877718 -0.163270
1769100748.803775 14.136634 0.876644 -0.162401
1769100748.853779 14.140883 0.875923 -0.163258
1769100748.903774 14.145124 0.875199 -0.163302
1769100748.953780 14.151292 0.874158 -0.163892
1769100749.003771 14.155465 0.873449 -0.166029
1769100749.053776 14.159724 0.872708 -0.167087
1769100749.103773 14.166129 0.871597 -0.167664
1769100749.153774 14.170507 0.870844 -0.172214
1769100749.203793 14.174745 0.870096 -0.174255
1769100749.253782 14.181183 0.868939 -0.172809
1769100749.303781 14.185474 0.868173 -0.173733
1769100749.353778 14.189682 0.867426 -0.173793
1769100749.403786 14.196113 0.866289 -0.172588
1769100749.453784 14.200294 0.865544 -0.170068
1769100749.503779 14.204458 0.864818 -0.168601
1769100749.553797 14.210668 0.863748 -0.166777
1769100749.603780 14.214858 0.863030 -0.165325
1769100749.653795 14.219008 0.862330 -0.166005
1769100749.703814 14.223174 0.861622 -0.166041
1769100749.753818 14.229389 0.860569 -0.166053
1769100749.803820 14.233622 0.859864 -0.169560
1769100749.853811 14.237834 0.859136 -0.169618
1769100749.903814 14.244145 0.858044 -0.170318
1769100749.953829 14.248513 0.857286 -0.171827
1769100750.003823 14.252655 0.856565 -0.173241
1769100750.053831 14.259139 0.855428 -0.173710
1769100750.101866 14.263430 0.854674 -0.173985
1769100750.153799 14.267520 0.853954 -0.174470
1769100750.203800 14.273855 0.852840 -0.175494
1769100750.253795 14.278090 0.852087 -0.175530
1769100750.303790 14.282356 0.851327 -0.176701
1769100750.353821 14.288725 0.850184 -0.176823
1769100750.403799 14.292983 0.849418 -0.176851
1769100750.453817 14.297227 0.848660 -0.179586
1769100750.503799 14.303547 0.847513 -0.178855
1769100750.553802 14.307678 0.846759 -0.177470
1769100750.603797 14.311908 0.845985 -0.176300
1769100750.653797 14.318217 0.844858 -0.176833
1769100750.703803 14.322350 0.844113 -0.175600
1769100750.753803 14.326585 0.843352 -0.173859
1769100750.803833 14.332843 0.842242 -0.172947
1769100750.853820 14.337059 0.841498 -0.173715
1769100750.903795 14.341205 0.840764 -0.175588
1769100750.953804 14.347468 0.839654 -0.180760
1769100751.003831 14.351737 0.838882 -0.186126
1769100751.053795 14.355768 0.838120 -0.191210
1769100751.103825 14.362158 0.836889 -0.199061
1769100751.153833 14.366395 0.836037 -0.202806
1769100751.203825 14.370460 0.835196 -0.207872
1769100751.253817 14.376719 0.833873 -0.213538
1769100751.303805 14.380914 0.832952 -0.216961
1769100751.353812 14.387183 0.831557 -0.220053
1769100751.403835 14.391329 0.830624 -0.223977
1769100751.453829 14.395525 0.829662 -0.227642
1769100751.503834 14.401804 0.828202 -0.230252
1769100751.553824 14.405900 0.827241 -0.235517
1769100751.603826 14.410059 0.826237 -0.239682
1769100751.653827 14.416183 0.824745 -0.245466
1769100751.703817 14.420207 0.823737 -0.249276
1769100751.753814 14.424132 0.822732 -0.252687
1769100751.803838 14.430090 0.821200 -0.259161
1769100751.853839 14.434002 0.820155 -0.263289
1769100751.903852 14.439986 0.818537 -0.268758
1769100751.953851 14.444170 0.817396 -0.275344
1769100752.003847 14.448114 0.816283 -0.279307
1769100752.053858 14.454050 0.814583 -0.283958
1769100752.103831 14.458208 0.813374 -0.288667
1769100752.153830 14.462408 0.812126 -0.293639
1769100752.203830 14.468511 0.810285 -0.300278
1769100752.253849 14.472705 0.809005 -0.307623
1769100752.303831 14.476643 0.807763 -0.313472
1769100752.353825 14.482910 0.805736 -0.317139
1769100752.403842 14.486953 0.804416 -0.322601
1769100752.453823 14.490902 0.803088 -0.323862
1769100752.503833 14.496942 0.801065 -0.328742
1769100752.553843 14.500750 0.799769 -0.331951
1769100752.603823 14.506734 0.797716 -0.335570
1769100752.653818 14.510644 0.796378 -0.340760
1769100752.703828 14.514674 0.794957 -0.343348
1769100752.753838 14.520516 0.792878 -0.347849
1769100752.803825 14.524590 0.791400 -0.352745
1769100752.853853 14.528487 0.789973 -0.357800
1769100752.903822 14.534417 0.787764 -0.363103
1769100752.953827 14.538491 0.786225 -0.368868
1769100753.003833 14.542278 0.784772 -0.375751
1769100753.053830 14.548390 0.782367 -0.381188
1769100753.103825 14.552181 0.780851 -0.387712
1769100753.153836 14.557958 0.778492 -0.393095
1769100753.203844 14.561982 0.776835 -0.397989
1769100753.253834 14.565740 0.775261 -0.402977
1769100753.303836 14.571495 0.772800 -0.405626
1769100753.353829 14.575430 0.771112 -0.410596
1769100753.403905 14.581077 0.768648 -0.413528
1769100753.453850 14.584908 0.766976 -0.417413
1769100753.503839 14.588824 0.765246 -0.421407
1769100753.553833 14.594465 0.762712 -0.422865
1769100753.603855 14.598392 0.760947 -0.426576
1769100753.653854 14.603755 0.758507 -0.430202
1769100753.703861 14.607607 0.756755 -0.435131
1769100753.753870 14.611241 0.755075 -0.439648
1769100753.803843 14.616873 0.752430 -0.444473
1769100753.853846 14.620534 0.750699 -0.449342
1769100753.903855 14.624253 0.748908 -0.453957
1769100753.953883 14.629979 0.746119 -0.459834
1769100754.003960 14.633707 0.744277 -0.465949
1769100754.053872 14.639392 0.741440 -0.474071
1769100754.103860 14.643256 0.739458 -0.477676
1769100754.153857 14.647267 0.737395 -0.482824
1769100754.203862 14.652887 0.734456 -0.488376
1769100754.253855 14.656782 0.732371 -0.490816
1769100754.303854 14.660630 0.730316 -0.496341
1769100754.353862 14.666206 0.727296 -0.500906
1769100754.403851 14.669891 0.725283 -0.504381
1769100754.453867 14.673580 0.723259 -0.509050
1769100754.503864 14.679106 0.720187 -0.513587
1769100754.553883 14.682702 0.718174 -0.518057
1769100754.603911 14.686242 0.716188 -0.524080
1769100754.653867 14.691575 0.713122 -0.527147
1769100754.703873 14.695232 0.711007 -0.531440
1769100754.753870 14.698972 0.708825 -0.535653
1769100754.803902 14.704545 0.705536 -0.541945
1769100754.853853 14.708310 0.703287 -0.547125
1769100754.903852 14.712130 0.700987 -0.552562
1769100754.953858 14.717616 0.697619 -0.556950
1769100755.003906 14.721315 0.695325 -0.560882
1769100755.053864 14.725065 0.692995 -0.567927
1769100755.103878 14.730497 0.689544 -0.573285
1769100755.153877 14.734171 0.687172 -0.577746
1769100755.203882 14.737790 0.684832 -0.585802
1769100755.253898 14.743128 0.681296 -0.590108
1769100755.303891 14.746749 0.678881 -0.594725
1769100755.353856 14.750265 0.676502 -0.597972
1769100755.403871 14.755494 0.672950 -0.603049
1769100755.453870 14.758837 0.670660 -0.607003
1769100755.503871 14.762360 0.668230 -0.611959
1769100755.553884 14.767564 0.664595 -0.615303
1769100755.603877 14.771004 0.662182 -0.618455
1769100755.653866 14.774525 0.659695 -0.622835
1769100755.703899 14.779649 0.656037 -0.627297
1769100755.753937 14.783029 0.653612 -0.633309
1769100755.803909 14.786473 0.651113 -0.639125
1769100755.853889 14.791782 0.647182 -0.643490
1769100755.903877 14.795037 0.644762 -0.650061
1769100755.953919 14.798482 0.642157 -0.655195
1769100756.003911 14.803475 0.638328 -0.661353
1769100756.053903 14.806742 0.635808 -0.667422
1769100756.103917 14.811654 0.631949 -0.671178
1769100756.153891 14.814908 0.629379 -0.675427
1769100756.203955 14.818263 0.626684 -0.676057
1769100756.253884 14.823054 0.622846 -0.679356
1769100756.303878 14.826379 0.620173 -0.682268
1769100756.353872 14.829796 0.617420 -0.686380
1769100756.403877 14.834751 0.613384 -0.691346
1769100756.453882 14.838077 0.610659 -0.695664
1769100756.503901 14.841288 0.607999 -0.699438
1769100756.553978 14.846181 0.603913 -0.705624
1769100756.603884 14.849413 0.601208 -0.713055
1769100756.653891 14.852645 0.598454 -0.718527
1769100756.703893 14.857407 0.594322 -0.723564
1769100756.753908 14.860575 0.591562 -0.729124
1769100756.803903 14.863821 0.588683 -0.732340
1769100756.853916 14.868523 0.584493 -0.738191
1769100756.903888 14.871781 0.581563 -0.744862
1769100756.953906 14.875004 0.578637 -0.750617
1769100757.003906 14.879866 0.574132 -0.755945
1769100757.053908 14.883171 0.571046 -0.760396
1769100757.103886 14.886293 0.568105 -0.764700
1769100757.153908 14.890899 0.563702 -0.768689
1769100757.203913 14.893883 0.560847 -0.773508
1769100757.253896 14.898167 0.556700 -0.779442
1769100757.303907 14.901200 0.553752 -0.785185
1769100757.353912 14.903976 0.551004 -0.787436
1769100757.403890 14.908295 0.546692 -0.790617
1769100757.453909 14.911210 0.543795 -0.795486
1769100757.503904 14.915453 0.539503 -0.799619
1769100757.553924 14.918301 0.536608 -0.803015
1769100757.603894 14.921241 0.533620 -0.809649
1769100757.653955 14.925651 0.529031 -0.814257
1769100757.703903 14.928579 0.525955 -0.818697
1769100757.753936 14.931470 0.522901 -0.825056
1769100757.803938 14.935690 0.518375 -0.830078
1769100757.853895 14.938548 0.515276 -0.834907
1769100757.903939 14.942799 0.510595 -0.839412
1769100757.953912 14.945524 0.507589 -0.844653
1769100758.003928 14.949527 0.503083 -0.849095
1769100758.053939 14.952301 0.499955 -0.854894
1769100758.103928 14.955178 0.496664 -0.860481
1769100758.153926 14.959284 0.491909 -0.865623
1769100758.203901 14.962049 0.488687 -0.869377
1769100758.253908 14.964863 0.485380 -0.873793
1769100758.303920 14.968838 0.480653 -0.877832
1769100758.353932 14.971647 0.477324 -0.882313
1769100758.403903 14.974345 0.474083 -0.885735
1769100758.453930 14.978458 0.469112 -0.891544
1769100758.503944 14.981112 0.465878 -0.894807
1769100758.553925 14.983806 0.462564 -0.897894
1769100758.603935 14.987764 0.457618 -0.901275
1769100758.653929 14.990408 0.454350 -0.907422
1769100758.703935 14.992944 0.451181 -0.914238
1769100758.753931 14.996778 0.446262 -0.921213
1769100758.803917 14.999395 0.442904 -0.927860
1769100758.853912 15.002028 0.439431 -0.932851
1769100758.903927 15.005796 0.434385 -0.938949
1769100758.953934 15.008229 0.431079 -0.942761
1769100759.003939 15.012102 0.425766 -0.948298
1769100759.053937 15.014577 0.422380 -0.953223
1769100759.103980 15.017075 0.418902 -0.956524
1769100759.153925 15.020705 0.413805 -0.960804
1769100759.203935 15.023018 0.410534 -0.963405
1769100759.253920 15.026391 0.405720 -0.966486
1769100759.303915 15.028708 0.402428 -0.971179
1769100759.353942 15.032190 0.397384 -0.975581
1769100759.403957 15.034445 0.394140 -0.979812
1769100759.453943 15.036789 0.390677 -0.983066
1769100759.503932 15.040226 0.385570 -0.987937
1769100759.553933 15.042466 0.382257 -0.993137
1769100759.603937 15.044924 0.378587 -1.000355
1769100759.653919 15.048324 0.373327 -1.005024
1769100759.703928 15.050583 0.369828 -1.009122
1769100759.753958 15.053924 0.364567 -1.013631
1769100759.803961 15.056227 0.360921 -1.017272
1769100759.853953 15.058548 0.357271 -1.023935
1769100759.904011 15.061955 0.351734 -1.030153
1769100759.953962 15.064234 0.347977 -1.033266
1769100760.003944 15.066469 0.344297 -1.038915
1769100760.053947 15.069774 0.338690 -1.043214
1769100760.103967 15.071956 0.335003 -1.048293
1769100760.153934 15.074038 0.331346 -1.049197
1769100760.203932 15.077220 0.325824 -1.052976
1769100760.253928 15.079322 0.322159 -1.056308
1769100760.303943 15.081465 0.318449 -1.060187
1769100760.353934 15.083476 0.314893 -1.063269
1769100760.403965 15.086557 0.309346 -1.065058
1769100760.453956 15.088646 0.305678 -1.070480
1769100760.503961 15.090732 0.301943 -1.075706
1769100760.553936 15.093881 0.296183 -1.080497
1769100760.603957 15.095925 0.292468 -1.086459
1769100760.653936 15.097946 0.288661 -1.090926
1769100760.703961 15.100984 0.282919 -1.098767
1769100760.753944 15.102979 0.279115 -1.105207
1769100760.803962 15.105021 0.275156 -1.111583
1769100760.853983 15.107907 0.269410 -1.119408
1769100760.904006 15.109794 0.265563 -1.122794
1769100760.953964 15.111559 0.261941 -1.126292
1769100761.003927 15.114366 0.256078 -1.130785
1769100761.054025 15.116173 0.252290 -1.133936
1769100761.103970 15.118017 0.248450 -1.138860
1769100761.153938 15.120720 0.242608 -1.142375
1769100761.203961 15.122388 0.239015 -1.145002
1769100761.253965 15.124974 0.233353 -1.148847
1769100761.304030 15.126749 0.229471 -1.152472
1769100761.353940 15.128484 0.225621 -1.155566
1769100761.403966 15.131089 0.219825 -1.162217
1769100761.453968 15.132712 0.216177 -1.167293
1769100761.503945 15.134370 0.212316 -1.170458
1769100761.553976 15.136873 0.206482 -1.176356
1769100761.603945 15.138525 0.202603 -1.181239
1769100761.653958 15.140228 0.198563 -1.186186
1769100761.703974 15.142600 0.192835 -1.194001
1769100761.753989 15.144202 0.188846 -1.197936
1769100761.803993 15.145797 0.184805 -1.202021
1769100761.854007 15.148177 0.178644 -1.207766
1769100761.903949 15.149679 0.174748 -1.213671
1769100761.953969 15.151913 0.168751 -1.218470
1769100762.004005 15.153416 0.164726 -1.222423
1769100762.053983 15.154900 0.160673 -1.226674
1769100762.104035 15.156989 0.154884 -1.231260
1769100762.153975 15.158405 0.150958 -1.235241
1769100762.203992 15.159706 0.147244 -1.237649
1769100762.253970 15.161755 0.141375 -1.243105
1769100762.303947 15.163121 0.137414 -1.246592
1769100762.353968 15.164458 0.133424 -1.249349
1769100762.403953 15.166376 0.127758 -1.255656
1769100762.453988 15.167706 0.123752 -1.260618
1769100762.503963 15.169070 0.119541 -1.264901
1769100762.553974 15.171061 0.113348 -1.271745
1769100762.603984 15.172297 0.109446 -1.277060
1769100762.654031 15.174239 0.103102 -1.281568
1769100762.703965 15.175433 0.099127 -1.284929
1769100762.754028 15.176610 0.095209 -1.289952
1769100762.803992 15.178362 0.089141 -1.294204
1769100762.853980 15.179493 0.085222 -1.299003
1769100762.903980 15.181216 0.079054 -1.305736
1769100762.953983 15.182309 0.075090 -1.310029
1769100763.003981 15.183319 0.071247 -1.313722
1769100763.053999 15.184886 0.065223 -1.317582
1769100763.104060 15.185946 0.061285 -1.324119
1769100763.154033 15.187458 0.055181 -1.326783
1769100763.203966 15.188522 0.051007 -1.330767
1769100763.253998 15.189513 0.047067 -1.335381
1769100763.303990 15.190960 0.040961 -1.337377
1769100763.354034 15.191935 0.036989 -1.341875
1769100763.403965 15.192875 0.033060 -1.346217
1769100763.453995 15.194269 0.027067 -1.351701
1769100763.503990 15.195212 0.023089 -1.359139
1769100763.553995 15.196483 0.016994 -1.362696
1769100763.603991 15.197375 0.012832 -1.368945
1769100763.653992 15.198270 0.008535 -1.374702
1769100763.704009 15.199436 0.002647 -1.381552
1769100763.754065 15.200267 -0.001674 -1.387093
1769100763.803981 15.201432 -0.007882 -1.394205
1769100763.854004 15.202186 -0.012127 -1.397856
1769100763.904015 15.202866 -0.016263 -1.398848
1769100763.954040 15.203889 -0.022142 -1.403593
1769100764.004032 15.204579 -0.026228 -1.406373
1769100764.054034 15.205589 -0.032309 -1.410063
1769100764.103981 15.206288 -0.036320 -1.415625
1769100764.154006 15.206919 -0.040496 -1.417203
1769100764.204009 15.207848 -0.046581 -1.420770
1769100764.254088 15.208434 -0.050608 -1.424033
1769100764.304001 15.209361 -0.056844 -1.430294
1769100764.354006 15.209929 -0.060897 -1.434790
1769100764.404003 15.210445 -0.064857 -1.437681
1769100764.454007 15.211264 -0.071167 -1.443138
1769100764.504016 15.211805 -0.075273 -1.448475
1769100764.554053 15.212330 -0.079580 -1.453805
1769100764.604002 15.213056 -0.085954 -1.459408
1769100764.653985 15.213519 -0.090269 -1.462611
1769100764.704020 15.213952 -0.094406 -1.466535
1769100764.754053 15.214584 -0.101025 -1.470274
1769100764.804023 15.215005 -0.105461 -1.475447
1769100764.854014 15.215530 -0.111730 -1.478635
1769100764.903984 15.215934 -0.116110 -1.483894
1769100764.953994 15.216288 -0.120396 -1.488419
1769100765.004013 15.216606 -0.124585 -1.492219
1769100765.054007 15.217055 -0.130906 -1.495596
1769100765.103998 15.217326 -0.135143 -1.498007
1769100765.154010 15.217705 -0.141088 -1.501560
1769100765.204030 15.217983 -0.145319 -1.504894
1769100765.254035 15.218207 -0.149439 -1.507353
1769100765.304022 15.218576 -0.155595 -1.511974
1769100765.354022 15.218790 -0.159697 -1.515606
1769100765.404016 15.219011 -0.164082 -1.521112
1769100765.454020 15.219305 -0.170598 -1.528146
1769100765.504079 15.219505 -0.175159 -1.534992
1769100765.554028 15.219626 -0.179458 -1.540370
1769100765.604015 15.219773 -0.185795 -1.546377
1769100765.654033 15.219864 -0.189925 -1.553626
1769100765.704027 15.219890 -0.194265 -1.558628
1769100765.754030 15.219919 -0.200492 -1.565286
1769100765.804047 15.219904 -0.204559 -1.570531
1769100765.854048 15.219843 -0.210951 -1.575210
1769100765.904047 15.219828 -0.215294 -1.580668
1769100765.954016 15.219693 -0.219598 -1.582863
1769100766.004022 15.219547 -0.225737 -1.586764
1769100766.054040 15.219448 -0.229858 -1.590507
1769100766.104036 15.219277 -0.236115 -1.594662
1769100766.154025 15.219138 -0.240481 -1.597933
1769100766.204009 15.219032 -0.244570 -1.603494
1769100766.254025 15.218787 -0.250753 -1.607690
1769100766.304027 15.218625 -0.254878 -1.612868
1769100766.354019 15.218501 -0.259019 -1.621136
1769100766.404008 15.218146 -0.265070 -1.626320
1769100766.454021 15.217905 -0.269166 -1.631081
1769100766.504009 15.217503 -0.275309 -1.638020
1769100766.554031 15.217179 -0.279709 -1.642295
1769100766.604081 15.216817 -0.284099 -1.645765
1769100766.654084 15.216262 -0.290648 -1.648419
1769100766.704031 15.215891 -0.294812 -1.649912
1769100766.754080 15.215344 -0.301167 -1.650977
1769100766.804096 15.214941 -0.305530 -1.649718
1769100766.854014 15.214527 -0.309856 -1.647869
1769100766.904043 15.214001 -0.316366 -1.647917
1769100766.954046 15.213612 -0.320540 -1.646109
1769100767.004023 15.213278 -0.324780 -1.645074
1769100767.054038 15.212788 -0.330765 -1.643687
1769100767.104056 15.212463 -0.334867 -1.643427
1769100767.154031 15.212154 -0.338793 -1.643484
1769100767.204041 15.211681 -0.344887 -1.642700
1769100767.254031 15.211345 -0.349163 -1.642554
1769100767.304033 15.211026 -0.353454 -1.644118
1769100767.354051 15.210514 -0.359911 -1.644002
1769100767.404021 15.210210 -0.364004 -1.644591
1769100767.454099 15.209713 -0.370242 -1.644675
1769100767.504041 15.209391 -0.374454 -1.645760
1769100767.554097 15.209052 -0.378815 -1.646744
1769100767.604038 15.208561 -0.385089 -1.646777
1769100767.654048 15.208221 -0.389235 -1.647529
1769100767.704076 15.207725 -0.395380 -1.648912
1769100767.754047 15.207404 -0.399707 -1.651847
1769100767.804053 15.207041 -0.403978 -1.653646
1769100767.854117 15.206465 -0.410232 -1.653150
1769100767.904129 15.206095 -0.414314 -1.653232
1769100767.954077 15.205698 -0.418513 -1.652290
1769100768.004083 15.205143 -0.424972 -1.652041
1769100768.054041 15.204826 -0.429089 -1.652641
1769100768.104033 15.204285 -0.435018 -1.650172
1769100768.154037 15.203925 -0.439131 -1.648282
1769100768.204050 15.203463 -0.445356 -1.649293
1769100768.254035 15.203107 -0.449384 -1.647157
1769100768.304122 15.202780 -0.453434 -1.646398
1769100768.354035 15.202339 -0.459508 -1.648631
1769100768.404128 15.202029 -0.463545 -1.650379
1769100768.454058 15.201542 -0.469833 -1.652206
1769100768.504106 15.201185 -0.473837 -1.653188
1769100768.554063 15.200669 -0.479927 -1.654018
1769100768.604039 15.200321 -0.484056 -1.656579
1769100768.654057 15.199929 -0.488176 -1.656677
1769100768.704060 15.199365 -0.494588 -1.657615
1769100768.754164 15.198967 -0.498738 -1.657706
1769100768.804112 15.198376 -0.505086 -1.657105
1769100768.854073 15.197998 -0.509227 -1.658535
1769100768.904112 15.197614 -0.513337 -1.658113
1769100768.954129 15.197021 -0.519465 -1.655750
1769100769.004059 15.196627 -0.523439 -1.653587
1769100769.054063 15.196100 -0.529507 -1.654219
1769100769.104061 15.195699 -0.533735 -1.653422
1769100769.154065 15.195278 -0.537946 -1.651514
1769100769.204078 15.194745 -0.544058 -1.650474
1769100769.254072 15.194346 -0.548312 -1.649273
1769100769.304062 15.193813 -0.554494 -1.648095
1769100769.354070 15.193447 -0.558771 -1.647682
1769100769.404065 15.193080 -0.563103 -1.647529
1769100769.454049 15.192731 -0.567446 -1.648718
1769100769.504047 15.192187 -0.573936 -1.649167
1769100769.554078 15.191853 -0.578238 -1.650368
1769100769.604071 15.191335 -0.584347 -1.650437
1769100769.654065 15.190986 -0.588638 -1.652302
1769100769.704067 15.190665 -0.592766 -1.655341
1769100769.754097 15.190138 -0.599037 -1.658214
1769100769.804091 15.189728 -0.603395 -1.658815
1769100769.854108 15.189308 -0.607802 -1.660009
1769100769.904064 15.188709 -0.614039 -1.660907
1769100769.954081 15.188316 -0.618084 -1.660987
1769100770.004092 15.187750 -0.624373 -1.660780
1769100770.054106 15.187346 -0.628468 -1.658953
1769100770.104080 15.186951 -0.632534 -1.657776
1769100770.154074 15.186414 -0.638538 -1.656647
1769100770.204089 15.186031 -0.642681 -1.653963
1769100770.254092 15.185514 -0.648713 -1.649427
1769100770.304071 15.185202 -0.652695 -1.647139
1769100770.354094 15.184875 -0.656719 -1.643161
1769100770.404084 15.184437 -0.663123 -1.639318
1769100770.454097 15.184167 -0.667175 -1.636176
1769100770.504089 15.183801 -0.673542 -1.632976
1769100770.554094 15.183507 -0.677762 -1.628390
1769100770.604072 15.183233 -0.682165 -1.623199
1769100770.654099 15.182920 -0.688731 -1.618862
1769100770.704090 15.182711 -0.693091 -1.615092
1769100770.754094 15.182509 -0.697301 -1.611481
1769100770.804088 15.182258 -0.703855 -1.607507
1769100770.854079 15.182102 -0.707984 -1.604387
1769100770.904107 15.181931 -0.712290 -1.599735
1769100770.954098 15.181731 -0.718195 -1.594445
1769100771.004087 15.181608 -0.722465 -1.589932
1769100771.054083 15.181484 -0.728880 -1.585311
1769100771.104099 15.181338 -0.733117 -1.577665
1769100771.154095 15.181252 -0.737217 -1.570786
1769100771.204077 15.181228 -0.743685 -1.564976
1769100771.254106 15.181218 -0.747944 -1.559717
1769100771.304092 15.181207 -0.752011 -1.553379
1769100771.354079 15.181329 -0.758085 -1.549428
1769100771.404095 15.181424 -0.762358 -1.544998
1769100771.454100 15.181558 -0.768435 -1.538343
1769100771.504106 15.181720 -0.772688 -1.537086
1769100771.554087 15.181805 -0.776643 -1.530857
1769100771.604105 15.182062 -0.782829 -1.524688
1769100771.654089 15.182216 -0.786795 -1.518482
1769100771.704095 15.182441 -0.791001 -1.512149
1769100771.754100 15.182835 -0.797535 -1.502840
1769100771.804098 15.183073 -0.801648 -1.492324
1769100771.854136 15.183610 -0.807868 -1.485915
1769100771.904133 15.183918 -0.812173 -1.477027
1769100771.954167 15.184364 -0.816606 -1.472352
1769100772.004092 15.185032 -0.823159 -1.463599
1769100772.054119 15.185499 -0.827290 -1.458005
1769100772.104107 15.186178 -0.833426 -1.448528
1769100772.154124 15.186654 -0.837516 -1.440345
1769100772.204114 15.187122 -0.841522 -1.429853
1769100772.254122 15.188011 -0.847930 -1.418010
1769100772.303505 15.188663 -0.852258 -1.410078
1769100772.354106 15.189202 -0.856100 -1.396682
1769100772.404090 15.190406 -0.862610 -1.389329
1769100772.454099 15.191106 -0.866509 -1.379596
1769100772.504113 15.192374 -0.872877 -1.370325
1769100772.554117 15.193140 -0.876784 -1.360776
1769100772.604096 15.194052 -0.880990 -1.353605
1769100772.654121 15.195466 -0.887240 -1.345992
1769100772.704119 15.196342 -0.891228 -1.336654
1769100772.754127 15.197241 -0.895080 -1.327894
1769100772.804112 15.198795 -0.901338 -1.318257
1769100772.854109 15.199830 -0.905303 -1.310931
1769100772.904117 15.201544 -0.911652 -1.301854
1769100772.954120 15.202722 -0.915895 -1.294684
1769100773.004170 15.203921 -0.920065 -1.287097
1769100773.054126 15.205771 -0.926237 -1.280671
1769100773.104127 15.207012 -0.930351 -1.275633
1769100773.154122 15.208304 -0.934543 -1.271033
1769100773.204131 15.210226 -0.940670 -1.266837
1769100773.254120 15.211425 -0.944545 -1.261892
1769100773.304132 15.212752 -0.948551 -1.260715
1769100773.354124 15.214740 -0.954713 -1.256409
1769100773.404129 15.216038 -0.958763 -1.250465
1769100773.454130 15.217406 -0.962804 -1.247608
1769100773.504123 15.219433 -0.968865 -1.240888
1769100773.554144 15.220811 -0.972807 -1.238060
1769100773.604129 15.222229 -0.976867 -1.233803
1769100773.654148 15.224380 -0.982888 -1.230133
1769100773.704158 15.225815 -0.986916 -1.226411
1769100773.754174 15.227236 -0.990846 -1.224753
1769100773.804162 15.229426 -0.996832 -1.225119
1769100773.854155 15.230807 -1.000652 -1.223232
1769100773.904142 15.232278 -1.004630 -1.223877
1769100773.954176 15.234370 -1.010371 -1.223848
1769100774.004159 15.235859 -1.014395 -1.225608
1769100774.054156 15.237399 -1.018515 -1.229195
1769100774.104151 15.239526 -1.024473 -1.227595
1769100774.154132 15.240929 -1.028391 -1.226192
1769100774.204139 15.243084 -1.034284 -1.229150
1769100774.254132 15.244513 -1.038189 -1.231392
1769100774.304137 15.246682 -1.044201 -1.233243
1769100774.354134 15.248138 -1.048309 -1.232529
1769100774.404136 15.249526 -1.052196 -1.232511
1769100774.454147 15.251633 -1.058096 -1.234373
1769100774.504120 15.252966 -1.061814 -1.234345
1769100774.554142 15.255074 -1.067739 -1.233759
1769100774.604144 15.256500 -1.071723 -1.233087
1769100774.654147 15.257933 -1.075757 -1.231259
1769100774.704139 15.260063 -1.081632 -1.233081
1769100774.754119 15.261426 -1.085469 -1.230738
1769100774.804159 15.262841 -1.089437 -1.227352
1769100774.854147 15.265031 -1.095430 -1.229383
1769100774.904157 15.266421 -1.099223 -1.229849
1769100774.954157 15.268652 -1.105335 -1.230535
1769100775.004152 15.270109 -1.109356 -1.229445
1769100775.054153 15.271593 -1.113416 -1.229367
1769100775.104145 15.273645 -1.119052 -1.231294
1769100775.154153 15.275055 -1.122999 -1.229339
1769100775.204187 15.276470 -1.126822 -1.230294
1769100775.254190 15.278679 -1.132966 -1.231389
1769100775.304166 15.280049 -1.136753 -1.231783
1769100775.354140 15.281576 -1.140961 -1.233717
1769100775.404248 15.283692 -1.146962 -1.232041
1769100775.454170 15.285172 -1.151095 -1.231101
1769100775.504165 15.287347 -1.157162 -1.231039
1769100775.554159 15.288733 -1.161012 -1.230510
1769100775.604161 15.290146 -1.164882 -1.231017
1769100775.654175 15.292223 -1.170693 -1.229521
1769100775.704187 15.293676 -1.174717 -1.228068
1769100775.754252 15.295810 -1.180594 -1.228617
1769100775.804187 15.297207 -1.184480 -1.226747
1769100775.854168 15.298638 -1.188395 -1.226102
1769100775.904172 15.300075 -1.192341 -1.225560
1769100775.954181 15.302160 -1.198063 -1.224866
1769100776.004192 15.303664 -1.202131 -1.226032
1769100776.054172 15.305783 -1.207981 -1.225285
1769100776.104149 15.307274 -1.212075 -1.224521
1769100776.154175 15.308717 -1.216062 -1.224123
1769100776.204179 15.310921 -1.222044 -1.226209
1769100776.254157 15.312357 -1.225942 -1.227971
1769100776.304178 15.314500 -1.231916 -1.227501
1769100776.354193 15.315954 -1.235926 -1.228729
1769100776.404160 15.317429 -1.240031 -1.229761
1769100776.454160 15.319556 -1.245968 -1.231226
1769100776.504161 15.321009 -1.250063 -1.230443
1769100776.554140 15.322427 -1.254098 -1.229191
1769100776.604213 15.324573 -1.260141 -1.229236
1769100776.654173 15.325962 -1.264012 -1.229940
1769100776.704205 15.327357 -1.267900 -1.229702
1769100776.754177 15.329506 -1.273962 -1.227587
1769100776.804185 15.330912 -1.277839 -1.227828
1769100776.854179 15.332385 -1.281875 -1.228392
1769100776.904147 15.334570 -1.287894 -1.228297
1769100776.954179 15.335930 -1.291635 -1.227303
1769100777.004188 15.338082 -1.297588 -1.226963
1769100777.054184 15.339602 -1.301652 -1.229725
1769100777.104186 15.340973 -1.305357 -1.230461
1769100777.154177 15.343144 -1.311384 -1.229574
1769100777.204176 15.344629 -1.315444 -1.230284
1769100777.254155 15.346119 -1.319535 -1.231318
1769100777.304169 15.348277 -1.325504 -1.231917
1769100777.354172 15.349784 -1.329672 -1.231564
1769100777.404179 15.351304 -1.333865 -1.232422
1769100777.454227 15.353491 -1.340063 -1.230917
1769100777.504207 15.354925 -1.343969 -1.232480
1769100777.554178 15.356441 -1.348126 -1.234349
1769100777.604195 15.358540 -1.354069 -1.232383
1769100777.654202 15.359884 -1.357824 -1.230858
1769100777.704185 15.361962 -1.363583 -1.231664
1769100777.754194 15.363310 -1.367319 -1.230427
1769100777.804190 15.364728 -1.371246 -1.228813
1769100777.854211 15.366873 -1.377187 -1.228430
1769100777.904236 15.368332 -1.381204 -1.228423
1769100777.954225 15.369771 -1.385143 -1.227652
1769100778.004190 15.371988 -1.391247 -1.226890
1769100778.054199 15.373470 -1.395299 -1.225929
1769100778.104206 15.374960 -1.399392 -1.225056
1769100778.154185 15.377189 -1.405457 -1.227049
1769100778.204195 15.378678 -1.409529 -1.227374
1769100778.254214 15.380176 -1.413629 -1.227791
1769100778.304190 15.382360 -1.419682 -1.227755
1769100778.354271 15.383857 -1.423766 -1.229947
1769100778.404211 15.385326 -1.427764 -1.232144
1769100778.454232 15.387518 -1.433874 -1.232394
1769100778.504204 15.388917 -1.437745 -1.234283
1769100778.554218 15.390391 -1.441852 -1.235710
1769100778.604198 15.392522 -1.447868 -1.236469
1769100778.654228 15.393987 -1.451995 -1.235484
1769100778.704206 15.395368 -1.455857 -1.235452
1769100778.754207 15.397529 -1.462008 -1.233345
1769100778.804224 15.398981 -1.466025 -1.233621
1769100778.854240 15.400469 -1.470096 -1.234799
1769100778.904197 15.402593 -1.476080 -1.233298
1769100778.954207 15.404004 -1.479974 -1.232942
1769100779.004218 15.405373 -1.483726 -1.233525
1769100779.054216 15.407504 -1.489646 -1.233114
1769100779.104217 15.408919 -1.493574 -1.231125
1769100779.154244 15.410397 -1.497653 -1.230420
1769100779.204218 15.412497 -1.503465 -1.231069
1769100779.254235 15.414004 -1.507574 -1.232169
1769100779.304219 15.416150 -1.513552 -1.231401
1769100779.354232 15.417655 -1.517661 -1.231863
1769100779.404206 15.419084 -1.521671 -1.230225
1769100779.454237 15.421302 -1.527806 -1.231506
1769100779.504208 15.422722 -1.531732 -1.232124
1769100779.554245 15.424098 -1.535563 -1.231908
1769100779.604236 15.426275 -1.541682 -1.231928
1769100779.654224 15.427619 -1.545481 -1.230345
1769100779.704240 15.429801 -1.551526 -1.231507
1769100779.754209 15.431212 -1.555510 -1.229206
1769100779.804311 15.432623 -1.559504 -1.226336
1769100779.854321 15.434738 -1.565348 -1.227168
1769100779.904231 15.436082 -1.569120 -1.225387
1769100779.954252 15.437537 -1.573164 -1.223486
1769100780.004316 15.439710 -1.579160 -1.222096
1769100780.054232 15.441196 -1.583232 -1.221794
1769100780.104403 15.442572 -1.586955 -1.222333
1769100780.154242 15.444783 -1.592981 -1.223206
1769100780.204236 15.446167 -1.596766 -1.223171
1769100780.254240 15.447609 -1.600735 -1.222965
1769100780.304237 15.449718 -1.606520 -1.223825
1769100780.354230 15.451204 -1.610555 -1.225362
1769100780.404225 15.453385 -1.616576 -1.225346
1769100780.454226 15.454812 -1.620472 -1.227191
1769100780.504222 15.456305 -1.624575 -1.229299
1769100780.554225 15.458572 -1.630834 -1.231924
1769100780.604206 15.459943 -1.634706 -1.231195
1769100780.654233 15.461446 -1.638905 -1.231416
1769100780.704229 15.463554 -1.644882 -1.229883
1769100780.754231 15.465002 -1.648931 -1.229881
1769100780.804260 15.467118 -1.654805 -1.231216
1769100780.854229 15.468445 -1.658560 -1.229156
1769100780.904241 15.469870 -1.662538 -1.228354
1769100780.954231 15.471983 -1.668427 -1.228315
1769100781.004226 15.473428 -1.672394 -1.228197
1769100781.054220 15.474873 -1.676335 -1.229560
1769100781.104209 15.477019 -1.682299 -1.230180
1769100781.154247 15.478445 -1.686176 -1.231441
1769100781.204256 15.479959 -1.690247 -1.234612
1769100781.254217 15.482053 -1.696155 -1.232079
1769100781.304237 15.483501 -1.700119 -1.232592
1769100781.354220 15.484980 -1.704217 -1.231968
1769100781.404246 15.487175 -1.710302 -1.232978
1769100781.454251 15.488629 -1.714229 -1.236479
1769100781.504241 15.490713 -1.720137 -1.235239
1769100781.554225 15.492173 -1.724173 -1.236143
1769100781.604237 15.493601 -1.728194 -1.236173
1769100781.654249 15.495684 -1.734025 -1.237597
1769100781.704277 15.497109 -1.737946 -1.239849
1769100781.754241 15.499162 -1.743834 -1.237885
1769100781.804245 15.500564 -1.747711 -1.238793
1769100781.854270 15.502066 -1.751829 -1.241310
1769100781.904256 15.504124 -1.757719 -1.238256
1769100781.954284 15.505592 -1.761767 -1.238068
1769100782.004267 15.506972 -1.765603 -1.237225
1769100782.054272 15.509122 -1.771604 -1.236803
1769100782.104244 15.510517 -1.775423 -1.236673
1769100782.154222 15.512539 -1.781100 -1.234444
1769100782.204221 15.513988 -1.785064 -1.234731
1769100782.254225 15.515347 -1.788803 -1.234248
1769100782.304221 15.517491 -1.794730 -1.234860
1769100782.354240 15.518949 -1.798735 -1.234765
1769100782.404233 15.520405 -1.802825 -1.232842
1769100782.454263 15.522563 -1.808781 -1.235010
1769100782.504228 15.524079 -1.812955 -1.236663
1769100782.554265 15.525564 -1.817107 -1.236228
1769100782.604261 15.527706 -1.823147 -1.236908
1769100782.654264 15.529178 -1.827299 -1.236871
1769100782.704226 15.531283 -1.833249 -1.238063
1769100782.754230 15.532757 -1.837383 -1.239352
1769100782.804252 15.534112 -1.841243 -1.237785
1769100782.854243 15.536210 -1.847195 -1.237703
1769100782.904260 15.537551 -1.850964 -1.237660
1769100782.954274 15.538961 -1.854907 -1.237136
1769100783.004262 15.541042 -1.860744 -1.237659
1769100783.054289 15.542367 -1.864524 -1.235092
1769100783.104260 15.544423 -1.870306 -1.234719
1769100783.154277 15.545905 -1.874392 -1.235743
1769100783.204261 15.547264 -1.878204 -1.233866
1769100783.254283 15.549375 -1.884126 -1.233238
1769100783.304251 15.550874 -1.888303 -1.232628
1769100783.354250 15.552954 -1.894101 -1.233385
1769100783.404249 15.554344 -1.897924 -1.234249
1769100783.454246 15.555793 -1.901995 -1.233412
1769100783.504242 15.557854 -1.907770 -1.234138
1769100783.554253 15.559259 -1.911662 -1.235301
1769100783.604262 15.560710 -1.915700 -1.236030
1769100783.654243 15.562793 -1.921572 -1.237563
1769100783.704385 15.564171 -1.925523 -1.236164
1769100783.754309 15.566323 -1.931678 -1.235944
1769100783.804265 15.567768 -1.935677 -1.238500
1769100783.854245 15.569223 -1.939844 -1.236345
1769100783.904248 15.571238 -1.945578 -1.234916
1769100783.954287 15.572702 -1.949710 -1.234215
1769100784.004281 15.574729 -1.955438 -1.233858
1769100784.054286 15.576153 -1.959446 -1.232917
1769100784.104246 15.577483 -1.963211 -1.230868
1769100784.154263 15.579482 -1.968818 -1.230278
1769100784.204286 15.580891 -1.972750 -1.229610
1769100784.254288 15.582301 -1.976663 -1.228721
1769100784.304291 15.584437 -1.982604 -1.229096
1769100784.354282 15.585801 -1.986415 -1.229087
1769100784.404459 15.587253 -1.990468 -1.229257
1769100784.454308 15.589487 -1.996654 -1.231929
1769100784.504302 15.590909 -2.000701 -1.230250
1769100784.554290 15.592404 -2.004924 -1.230012
1769100784.604275 15.594637 -2.011180 -1.232193
1769100784.654281 15.596081 -2.015240 -1.233659
1769100784.704263 15.597553 -2.019357 -1.236613
1769100784.754290 15.599676 -2.025470 -1.236662
1769100784.804282 15.601084 -2.029510 -1.237001
1769100784.854274 15.602432 -2.033359 -1.238224
1769100784.904277 15.604513 -2.039380 -1.236767
1769100784.954290 15.605933 -2.043447 -1.236707
1769100785.004298 15.607325 -2.047479 -1.235605
1769100785.054292 15.609432 -2.053525 -1.235006
1769100785.104269 15.610880 -2.057616 -1.236426
1769100785.154281 15.612289 -2.061694 -1.232951
1769100785.204288 15.614422 -2.067741 -1.232854
1769100785.254302 15.615878 -2.071852 -1.233404
1769100785.304291 15.617290 -2.075839 -1.233350
1769100785.354266 15.619354 -2.081691 -1.232866
1769100785.404296 15.620755 -2.085677 -1.232215
1769100785.454296 15.622155 -2.089640 -1.232441
1769100785.504290 15.624292 -2.095682 -1.232901
1769100785.554297 15.625705 -2.099712 -1.232356
1769100785.604300 15.627128 -2.103728 -1.233366
1769100785.654276 15.629321 -2.109982 -1.234440
1769100785.704306 15.630737 -2.114039 -1.234470
1769100785.754308 15.632234 -2.118274 -1.236839
1769100785.804327 15.634382 -2.124526 -1.234081
1769100785.854294 15.635829 -2.128700 -1.233321
1769100785.904286 15.637285 -2.132838 -1.234712
1769100785.954295 15.639324 -2.138690 -1.234197
1769100786.004404 15.640756 -2.142775 -1.234158
1769100786.054317 15.642067 -2.146549 -1.232899
1769100786.104289 15.644146 -2.152474 -1.232855
1769100786.154301 15.645468 -2.156181 -1.234838
1769100786.204295 15.646837 -2.160118 -1.232715
1769100786.254296 15.648854 -2.165828 -1.233051
1769100786.304298 15.650274 -2.169864 -1.232270
1769100786.354298 15.652315 -2.175664 -1.231470
1769100786.404279 15.653762 -2.179726 -1.232297
1769100786.454309 15.655182 -2.183804 -1.230569
1769100786.504352 15.657285 -2.189752 -1.231174
1769100786.554308 15.658754 -2.193908 -1.233012
1769100786.604373 15.660203 -2.197997 -1.234799
1769100786.654450 15.662336 -2.204113 -1.234803
1769100786.704323 15.663735 -2.208173 -1.233759
1769100786.754318 15.665071 -2.212023 -1.234632
1769100786.804315 15.667207 -2.218123 -1.237321
1769100786.854313 15.668600 -2.222165 -1.238493
1769100786.904332 15.669991 -2.226235 -1.238485
1769100786.954335 15.672046 -2.232218 -1.239647
1769100787.004327 15.673423 -2.236282 -1.238219
1769100787.054342 15.674848 -2.240402 -1.239291
1769100787.104302 15.676973 -2.246601 -1.237964
1769100787.154316 15.678274 -2.250425 -1.235719
1769100787.204350 15.679650 -2.254443 -1.234908
1769100787.254376 15.681692 -2.260305 -1.235286
1769100787.304311 15.683074 -2.264253 -1.236238
1769100787.354346 15.685043 -2.269990 -1.234202
1769100787.404337 15.686410 -2.273981 -1.231881
1769100787.454328 15.687806 -2.277954 -1.234390
1769100787.504341 15.689883 -2.283951 -1.233435
1769100787.554327 15.691279 -2.287970 -1.234067
1769100787.604331 15.692709 -2.292130 -1.234103
1769100787.654324 15.694832 -2.298250 -1.234741
1769100787.704336 15.696205 -2.302223 -1.235963
1769100787.754322 15.697580 -2.306219 -1.236966
1769100787.804346 15.699711 -2.312415 -1.238204
1769100787.854340 15.701039 -2.316367 -1.239008
1769100787.904377 15.702439 -2.320492 -1.243482
1769100787.954382 15.704457 -2.326508 -1.247335
1769100788.004356 15.705778 -2.330567 -1.249827
1769100788.054385 15.707680 -2.336406 -1.253496
1769100788.104322 15.708940 -2.340337 -1.258398
1769100788.154321 15.710230 -2.344415 -1.263479
1769100788.204324 15.712044 -2.350230 -1.267469
1769100788.254333 15.713291 -2.354274 -1.273077
1769100788.304345 15.714500 -2.358295 -1.276664
1769100788.354345 15.716280 -2.364233 -1.281097
1769100788.404395 15.717469 -2.368315 -1.285150
1769100788.454340 15.719206 -2.374272 -1.291023
1769100788.504328 15.720395 -2.378459 -1.295232
1769100788.554359 15.721539 -2.382605 -1.299515
1769100788.604349 15.722650 -2.386706 -1.303439
1769100788.654349 15.724264 -2.392668 -1.308907
1769100788.704339 15.725287 -2.396634 -1.313026
1769100788.754351 15.726862 -2.402662 -1.321093
1769100788.804330 15.727888 -2.406695 -1.330441
1769100788.854469 15.729360 -2.412837 -1.334688
1769100788.904334 15.730377 -2.417077 -1.341470
1769100788.954319 15.731300 -2.421122 -1.346557
1769100789.004349 15.732654 -2.427215 -1.350354
1769100789.054370 15.733514 -2.431199 -1.353304
1769100789.104372 15.734855 -2.437356 -1.358329
1769100789.154359 15.735743 -2.441542 -1.361764
1769100789.204341 15.736586 -2.445654 -1.364031
1769100789.254359 15.737847 -2.451802 -1.367270
1769100789.304346 15.738694 -2.455950 -1.372535
1769100789.354375 15.739501 -2.459954 -1.379780
1769100789.404366 15.740699 -2.466214 -1.385060
1769100789.454360 15.741464 -2.470321 -1.389760
1769100789.504340 15.742231 -2.474583 -1.395207
1769100789.554398 15.743327 -2.480959 -1.397869
1769100789.604362 15.744057 -2.485226 -1.400997
1769100789.654378 15.744799 -2.489547 -1.405893
1769100789.704348 15.745840 -2.495981 -1.404052
1769100789.754362 15.746561 -2.500328 -1.404024
1769100789.804331 15.747276 -2.504743 -1.402095
1769100789.854372 15.748333 -2.511107 -1.400212
1769100789.904466 15.749055 -2.515379 -1.400740
1769100789.954422 15.749723 -2.519421 -1.399510
1769100790.004362 15.750749 -2.525534 -1.398531
1769100790.054350 15.751477 -2.529755 -1.400939
1769100790.104383 15.752179 -2.533946 -1.400793
1769100790.154369 15.753231 -2.540208 -1.399265
1769100790.204368 15.753946 -2.544430 -1.399491
1769100790.254370 15.754639 -2.548568 -1.398154
1769100790.304375 15.755727 -2.554786 -1.399221
1769100790.354358 15.756425 -2.558998 -1.395816
1769100790.404358 15.757140 -2.563166 -1.394493
1769100790.454377 15.758246 -2.569476 -1.394466
1769100790.504385 15.758979 -2.573643 -1.394886
1769100790.554365 15.759729 -2.577862 -1.396415
1769100790.604359 15.760829 -2.584219 -1.395036
1769100790.654360 15.761572 -2.588463 -1.396619
1769100790.704381 15.762308 -2.592706 -1.399759
1769100790.754358 15.763357 -2.598865 -1.400261
1769100790.804404 15.764075 -2.603132 -1.400768
1769100790.854375 15.764783 -2.607448 -1.400301
1769100790.904434 15.765860 -2.613863 -1.400875
1769100790.954365 15.766569 -2.618156 -1.401154
1769100791.004386 15.767286 -2.622522 -1.398819
1769100791.054378 15.768314 -2.628611 -1.397367
1769100791.104375 15.769031 -2.632926 -1.394562
1769100791.154368 15.769730 -2.637043 -1.392927
1769100791.204369 15.770794 -2.643105 -1.392631
1769100791.254378 15.771521 -2.647294 -1.391075
1769100791.304385 15.772245 -2.651435 -1.391077
1769100791.354390 15.773337 -2.657472 -1.394826
1769100791.404370 15.774075 -2.661662 -1.396022
1769100791.454367 15.775136 -2.667722 -1.396214
1769100791.504372 15.775872 -2.671939 -1.397756
1769100791.554381 15.776595 -2.676130 -1.398342
1769100791.604393 15.777709 -2.682470 -1.401022
1769100791.654366 15.778421 -2.686777 -1.397562
1769100791.704368 15.779168 -2.691094 -1.397164
1769100791.754383 15.780248 -2.697351 -1.396320
1769100791.804403 15.780945 -2.701341 -1.395830
1769100791.854388 15.781705 -2.705656 -1.396625
1769100791.904396 15.782774 -2.711881 -1.393992
1769100791.954397 15.783526 -2.716191 -1.394069
1769100792.004401 15.784236 -2.720232 -1.395097
1769100792.054378 15.785346 -2.726584 -1.395198
1769100792.104373 15.786039 -2.730595 -1.394690
1769100792.154373 15.787119 -2.736826 -1.393775
1769100792.204453 15.787818 -2.740842 -1.393140
1769100792.254382 15.788542 -2.744979 -1.392112
1769100792.304373 15.789644 -2.751259 -1.389747
1769100792.354375 15.790379 -2.755444 -1.387331
1769100792.404393 15.791079 -2.759383 -1.386063
1769100792.454384 15.792216 -2.765611 -1.384611
1769100792.504381 15.792937 -2.769575 -1.384574
1769100792.554395 15.794040 -2.775625 -1.383684
1769100792.604382 15.794807 -2.779836 -1.384955
1769100792.654399 15.795538 -2.783852 -1.388032
1769100792.704386 15.796639 -2.790000 -1.387930
1769100792.754409 15.797391 -2.794239 -1.389115
1769100792.804374 15.798145 -2.798598 -1.389466
1769100792.854403 15.799193 -2.804506 -1.390976
1769100792.904385 15.799902 -2.808551 -1.393428
1769100792.954396 15.800978 -2.814781 -1.392328
1769100793.004384 15.801682 -2.818898 -1.392003
1769100793.054357 15.802426 -2.823259 -1.390488
1769100793.104379 15.803546 -2.829567 -1.389896
1769100793.154399 15.804288 -2.833830 -1.388473
1769100793.204412 15.805015 -2.837993 -1.387156
1769100793.254376 15.806114 -2.844121 -1.386847
1769100793.304060 15.806859 -2.848261 -1.389286
1769100793.354404 15.807602 -2.852447 -1.389005
1769100793.404377 15.808713 -2.858648 -1.388337
1769100793.454379 15.809464 -2.862838 -1.389790
1769100793.504378 15.810221 -2.867053 -1.391118
1769100793.554408 15.811344 -2.873308 -1.392011
1769100793.604396 15.812075 -2.877472 -1.391485
1769100793.654401 15.812829 -2.881783 -1.390278
1769100793.704404 15.813979 -2.888167 -1.391415
1769100793.754387 15.814718 -2.892376 -1.389846
1769100793.804416 15.815471 -2.896615 -1.389844
1769100793.854433 15.816612 -2.903017 -1.389637
1769100793.904438 15.817375 -2.907303 -1.391371
1769100793.954404 15.818128 -2.911592 -1.393135
1769100794.004423 15.819244 -2.917968 -1.393627
1769100794.054402 15.819991 -2.922280 -1.394231
1769100794.104425 15.820720 -2.926589 -1.392327
1769100794.154414 15.821815 -2.932845 -1.392024
1769100794.204397 15.822556 -2.937132 -1.390944
1769100794.254426 15.823233 -2.941070 -1.389233
1769100794.304389 15.824336 -2.947323 -1.386625
1769100794.354403 15.825095 -2.951540 -1.387029
1769100794.404392 15.825846 -2.955700 -1.386149
1769100794.454428 15.826981 -2.961925 -1.383784
1769100794.504395 15.827706 -2.965890 -1.384260
1769100794.554434 15.828458 -2.970024 -1.384500
1769100794.604429 15.829611 -2.976251 -1.386693
1769100794.654408 15.830357 -2.980455 -1.385198
1769100794.704410 15.831108 -2.984642 -1.385804
1769100794.754408 15.832231 -2.990842 -1.386989
1769100794.804447 15.832977 -2.995004 -1.388443
1769100794.854433 15.833739 -2.999268 -1.390067
1769100794.904515 15.834876 -3.005693 -1.388914
1769100794.954444 15.835637 -3.010029 -1.387866
1769100795.004435 15.836749 -3.016258 -1.387919
1769100795.054424 15.837494 -3.020468 -1.387083
1769100795.104438 15.838272 -3.024782 -1.388223
1769100795.154425 15.839417 -3.031181 -1.387314
1769100795.204438 15.840168 -3.035393 -1.388032
1769100795.254453 15.840923 -3.039633 -1.389346
1769100795.304426 15.841986 -3.045607 -1.389059
1769100795.354452 15.842737 -3.049868 -1.388374
1769100795.404425 15.843413 -3.053801 -1.385586
1769100795.454447 15.844541 -3.060028 -1.385613
1769100795.504447 15.845291 -3.064264 -1.384729
1769100795.554467 15.845985 -3.068200 -1.383926
1769100795.604413 15.847128 -3.074525 -1.381985
1769100795.654456 15.847893 -3.078717 -1.383770
1769100795.704473 15.848662 -3.082954 -1.384606
1769100795.754448 15.849765 -3.089031 -1.383541
1769100795.804427 15.850534 -3.093295 -1.385010
1769100795.854501 15.851286 -3.097508 -1.386686
1769100795.904488 15.852463 -3.103961 -1.390485
1769100795.954494 15.853171 -3.107999 -1.391595
1769100796.004455 15.854303 -3.114404 -1.392871
1769100796.054449 15.855042 -3.118737 -1.391933
1769100796.104484 15.855768 -3.122924 -1.391747
1769100796.154444 15.856533 -3.127287 -1.392305
1769100796.204475 15.857659 -3.133714 -1.390514
1769100796.254463 15.858373 -3.137847 -1.388224
1769100796.304441 15.859123 -3.142085 -1.387302
1769100796.354457 15.860246 -3.148288 -1.385977
1769100796.404445 15.860988 -3.152469 -1.383355
1769100796.454448 15.861740 -3.156678 -1.381571
1769100796.504448 15.862881 -3.162851 -1.381836
1769100796.554424 15.863638 -3.167011 -1.382389
1769100796.604458 15.864384 -3.171121 -1.382433
1769100796.654448 15.865532 -3.177368 -1.382508
1769100796.704444 15.866301 -3.181580 -1.384714
1769100796.754441 15.867060 -3.185742 -1.386242
1769100796.804423 15.868218 -3.192090 -1.386296
1769100796.854450 15.868988 -3.196397 -1.385109
1769100796.904499 15.869743 -3.200606 -1.384332
1769100796.954447 15.870932 -3.207059 -1.385813
1769100797.004442 15.871683 -3.211242 -1.385248
1769100797.054449 15.872408 -3.215254 -1.386272
1769100797.104452 15.873575 -3.221703 -1.386724
1769100797.154458 15.874298 -3.225768 -1.388317
1769100797.204460 15.875411 -3.231944 -1.390657
1769100797.254455 15.876112 -3.235978 -1.389994
1769100797.304459 15.876859 -3.240239 -1.389546
1769100797.354468 15.877968 -3.246563 -1.387068
1769100797.404452 15.878692 -3.250648 -1.386461
1769100797.454456 15.879451 -3.254884 -1.386227
1769100797.504444 15.880587 -3.261181 -1.382908
1769100797.554459 15.881289 -3.265091 -1.381122
1769100797.604449 15.882051 -3.269297 -1.379520
1769100797.654471 15.883228 -3.275522 -1.379820
1769100797.704460 15.883998 -3.279701 -1.379165
1769100797.754438 15.884763 -3.283908 -1.378133
1769100797.804478 15.885953 -3.290227 -1.380344
1769100797.854464 15.886724 -3.294411 -1.382594
1769100797.904478 15.887490 -3.298644 -1.383347
1769100797.954475 15.888658 -3.305017 -1.384534
1769100798.004503 15.889398 -3.309151 -1.386052
1769100798.054477 15.890154 -3.313312 -1.387480
1769100798.104480 15.891342 -3.319859 -1.387562
1769100798.154472 15.892111 -3.324189 -1.386012
1769100798.204455 15.892868 -3.328394 -1.384902
1769100798.254472 15.894060 -3.334893 -1.383866
1769100798.304465 15.894772 -3.338775 -1.383346
1769100798.354480 15.895567 -3.343055 -1.383379
1769100798.404464 15.896715 -3.349297 -1.381131
1769100798.454484 15.897442 -3.353253 -1.380459
1769100798.504477 15.898628 -3.359500 -1.382317
1769100798.554470 15.899388 -3.363627 -1.381422
1769100798.600705 15.900160 -3.367784 -1.381000
1769100798.654464 15.901323 -3.374027 -1.379486
1769100798.704473 15.902094 -3.378133 -1.379976
1769100798.754476 15.902888 -3.382339 -1.380611
1769100798.804484 15.904090 -3.388704 -1.379506
1769100798.854525 15.904878 -3.392885 -1.379290
1769100798.904459 15.905637 -3.396939 -1.378816
1769100798.954481 15.906842 -3.403209 -1.380756
1769100799.004454 15.907609 -3.407288 -1.380791
1769100799.054479 15.908396 -3.411542 -1.380553
1769100799.104474 15.909559 -3.417711 -1.383659
1769100799.154493 15.910350 -3.421969 -1.386359
1769100799.204477 15.911121 -3.426226 -1.387639
1769100799.254481 15.912286 -3.432673 -1.387016
1769100799.304457 15.913058 -3.436982 -1.387284
1769100799.354460 15.913779 -3.440992 -1.387342
1769100799.404475 15.914936 -3.447364 -1.386317
1769100799.454492 15.915681 -3.451544 -1.383596
1769100799.504478 15.915633 -3.451545 -1.380925
1769100799.554493 15.915572 -3.451548 -1.378272
1769100799.604474 15.918374 -3.466098 -1.378135
1769100799.654491 15.919113 -3.470034 -1.379257
1769100799.704497 15.920279 -3.476275 -1.378580
1769100799.754511 15.921074 -3.480511 -1.381054
1769100799.804527 15.921059 -3.480520 -1.383537
1769100799.854499 15.923013 -3.490992 -1.384167
1769100799.904553 15.923772 -3.495151 -1.385249
1769100799.954529 15.924538 -3.499433 -1.384881
1769100800.004511 15.925702 -3.505733 -1.386465
1769100800.054547 15.926428 -3.509790 -1.385410
1769100800.104530 15.927210 -3.514194 -1.382516
1769100800.154494 15.928347 -3.520364 -1.382610
1769100800.204591 15.928311 -3.520371 -1.382676
1769100800.254490 15.928275 -3.520376 -1.382743
1769100800.304495 15.931061 -3.535126 -1.384509
1769100800.354527 15.931051 -3.535132 -1.386222
1769100800.404512 15.931049 -3.535137 -1.387921
1769100800.454488 15.933678 -3.549492 -1.394472
1769100800.504494 15.934402 -3.553705 -1.398241
1769100800.554523 15.935460 -3.559938 -1.401213
1769100800.604492 15.935451 -3.559946 -1.403942
1769100800.654513 15.935456 -3.559953 -1.406654
1769100800.704496 15.937780 -3.574276 -1.410986
1769100800.754508 15.938426 -3.578510 -1.416554
1769100800.804496 15.939370 -3.584816 -1.419737
1769100800.854510 15.939953 -3.588853 -1.424049
1769100800.904499 15.940530 -3.593020 -1.429480
1769100800.954503 15.941396 -3.599435 -1.433524
1769100801.004506 15.941923 -3.603480 -1.439214
1769100801.054513 15.942457 -3.607855 -1.445603
1769100801.104491 15.943227 -3.614261 -1.452655
1769100801.154505 15.943234 -3.614276 -1.459293
1769100801.204522 15.943272 -3.614287 -1.465880
1769100801.254511 15.943342 -3.614292 -1.472411
1769100801.304505 15.943441 -3.614293 -1.478890
1769100801.354465 15.943569 -3.614290 -1.485313
1769100801.404542 15.943726 -3.614281 -1.491699
1769100801.454555 15.943910 -3.614269 -1.498024
1769100801.504522 15.944121 -3.614252 -1.504290
1769100801.554518 15.944359 -3.614231 -1.510507
1769100801.604614 15.944623 -3.614206 -1.516686
1769100801.654567 15.944911 -3.614177 -1.522792
1769100801.704544 15.945224 -3.614144 -1.528849
1769100801.754522 15.945560 -3.614108 -1.534853
1769100801.804501 15.945919 -3.614068 -1.540805
1769100801.854533 15.946301 -3.614025 -1.546711
1769100801.904605 15.946704 -3.613978 -1.552570
1769100801.954557 15.947128 -3.613928 -1.558360
1769100802.004544 15.947573 -3.613875 -1.564102
1769100802.054515 15.948289 -3.707713 -1.565965
1769100802.104567 15.948394 -3.712057 -1.571439
1769100802.154515 15.948480 -3.718671 -1.576887
1769100802.204510 15.948540 -3.723011 -1.581762
1769100802.254501 15.948574 -3.727204 -1.585908
1769100802.304539 15.948568 -3.733820 -1.592100
1769100802.354521 15.948561 -3.738079 -1.594283
1769100802.404509 15.948540 -3.742371 -1.597589
1769100802.454543 15.948450 -3.748683 -1.601766
1769100802.504540 15.948414 -3.752592 -1.605151
1769100802.554533 15.948347 -3.756856 -1.608164
1769100802.604527 15.948188 -3.763088 -1.610086
1769100802.654531 15.948108 -3.766925 -1.613461
1769100802.704555 15.947917 -3.773191 -1.619206
1769100802.754550 15.947791 -3.777223 -1.622759
1769100802.804596 15.947633 -3.781517 -1.626762
1769100802.854538 15.947363 -3.787803 -1.633876
1769100802.904542 15.947129 -3.792274 -1.633476
1769100802.954505 15.946923 -3.796571 -1.639700
1769100803.004544 15.946557 -3.802903 -1.647868
1769100803.054531 15.946318 -3.807015 -1.655863
1769100803.104530 15.946008 -3.811324 -1.663616
1769100803.154546 15.945479 -3.817792 -1.674937
1769100803.204564 15.945088 -3.822090 -1.684270
1769100803.254540 15.944461 -3.828158 -1.694376
1769100803.304528 15.944024 -3.832299 -1.703670
1769100803.354580 15.943534 -3.836404 -1.710742
1769100803.404533 15.942708 -3.842673 -1.719256
1769100803.454539 15.942140 -3.846896 -1.726507
1769100803.504521 15.941541 -3.851047 -1.735145
1769100803.554543 15.940589 -3.857097 -1.744069
1769100803.604529 15.939926 -3.861316 -1.753294
1769100803.654534 15.939192 -3.865567 -1.761308
1769100803.704550 15.938027 -3.871922 -1.770437
1769100803.754592 15.937291 -3.875863 -1.777824
1769100803.804540 15.936439 -3.880074 -1.785726
1769100803.854533 15.935097 -3.886396 -1.797570
1769100803.904559 15.934151 -3.890684 -1.807502
1769100803.954696 15.933152 -3.894949 -1.818686
1769100804.004544 15.931574 -3.901226 -1.828653
1769100804.054573 15.930507 -3.905417 -1.839436
1769100804.104557 15.929364 -3.909610 -1.849343
1769100804.154601 15.927611 -3.915796 -1.859576
1769100804.204551 15.926425 -3.919897 -1.868537
1769100804.254552 15.925197 -3.923965 -1.877369
1769100804.304525 15.923311 -3.929958 -1.884744
1769100804.354547 15.922041 -3.933928 -1.891007
1769100804.404557 15.920737 -3.937933 -1.901385
1769100804.454610 15.918771 -3.943716 -1.910053
1769100804.504551 15.917431 -3.947569 -1.918720
1769100804.554588 15.915347 -3.953370 -1.929894
1769100804.604544 15.913873 -3.957370 -1.938013
1769100804.654551 15.912349 -3.961400 -1.948304
1769100804.704553 15.909930 -3.967551 -1.959635
1769100804.754618 15.908485 -3.971169 -1.969732
1769100804.804537 15.906815 -3.975150 -1.978260
1769100804.854557 15.904284 -3.981035 -1.988255
1769100804.904634 15.902576 -3.984952 -1.998452
1769100804.954558 15.900813 -3.988880 -2.009439
1769100805.004632 15.898057 -3.994799 -2.020683
1769100805.054562 15.896194 -3.998712 -2.028702
1769100805.104546 15.894305 -4.002565 -2.036383
1769100805.154560 15.891380 -4.008437 -2.046664
1769100805.204657 15.889488 -4.012136 -2.052895
1769100805.254539 15.887499 -4.015945 -2.058544
1769100805.304543 15.884545 -4.021517 -2.065612
1769100805.354576 15.882537 -4.025254 -2.070422
1769100805.404559 15.880519 -4.028972 -2.075693
1769100805.454562 15.877509 -4.034483 -2.084237
1769100805.504533 15.875436 -4.038178 -2.087779
1769100805.554574 15.873359 -4.041831 -2.091675
1769100805.604603 15.870138 -4.047441 -2.096369
1769100805.654661 15.868114 -4.050954 -2.100151
1769100805.704567 15.865913 -4.054703 -2.102174
1769100805.754664 15.862586 -4.060382 -2.105447
1769100805.804712 15.860380 -4.064094 -2.105844
1769100805.854601 15.858107 -4.067921 -2.105830
1769100805.904688 15.854772 -4.073540 -2.106747
1769100805.954602 15.852516 -4.077319 -2.105901
1769100806.004567 15.850313 -4.081058 -2.107586
1769100806.054597 15.847058 -4.086509 -2.105623
1769100806.104586 15.844904 -4.090160 -2.106039
1769100806.154577 15.842748 -4.093799 -2.106726
1769100806.204580 15.839528 -4.099215 -2.106061
1769100806.254574 15.837376 -4.102859 -2.106822
1769100806.304584 15.835242 -4.106444 -2.106486
1769100806.354577 15.832073 -4.111778 -2.105751
1769100806.404561 15.829929 -4.115401 -2.106202
1769100806.454581 15.827770 -4.119034 -2.105641
1769100806.504584 15.824489 -4.124575 -2.105820
1769100806.554594 15.822383 -4.128131 -2.106335
1769100806.604575 15.820172 -4.131862 -2.106570
1769100806.654589 15.816852 -4.137459 -2.107411
1769100806.704581 15.814677 -4.141131 -2.108195
1769100806.754595 15.812485 -4.144807 -2.108835
1769100806.804574 15.809322 -4.150125 -2.111117
1769100806.854583 15.807079 -4.153847 -2.111763
1769100806.904567 15.804836 -4.157582 -2.112822
1769100806.954587 15.801488 -4.163129 -2.113169
1769100807.004586 15.799323 -4.166672 -2.109131
1769100807.054587 15.797073 -4.170433 -2.107273
1769100807.104627 15.793889 -4.175734 -2.100179
1769100807.154593 15.791670 -4.179512 -2.094884
1769100807.204591 15.789494 -4.183235 -2.087611
1769100807.254620 15.786338 -4.188756 -2.079289
1769100807.304605 15.784261 -4.192409 -2.069376
1769100807.354590 15.782232 -4.196093 -2.061078
1769100807.404649 15.779242 -4.201681 -2.052524
1769100807.454605 15.777302 -4.205340 -2.042636
1769100807.504604 15.775353 -4.209167 -2.036781
1769100807.554604 15.772489 -4.214860 -2.029091
1769100807.604608 15.770605 -4.218672 -2.020910
1769100807.654592 15.768707 -4.222568 -2.012054
1769100807.704663 15.765938 -4.228403 -2.003148
1769100807.754627 15.764071 -4.232415 -1.994488
1769100807.804707 15.762284 -4.236322 -1.985090
1769100807.854634 15.759627 -4.242370 -1.977854
1769100807.904651 15.757937 -4.246267 -1.969597
1769100807.954626 15.756223 -4.250332 -1.962879
1769100808.004610 15.753737 -4.256321 -1.954347
1769100808.054744 15.752124 -4.260303 -1.946011
1769100808.104587 15.750537 -4.264278 -1.935693
1769100808.154610 15.748220 -4.270298 -1.925334
1769100808.204617 15.746722 -4.274296 -1.915724
1769100808.254637 15.745250 -4.278326 -1.906027
1769100808.304706 15.743086 -4.284508 -1.896787
1769100808.354694 15.741695 -4.288594 -1.886907
1769100808.404614 15.740354 -4.292650 -1.877718
1769100808.454624 15.738399 -4.298791 -1.867966
1769100808.504651 15.737148 -4.302845 -1.858707
1769100808.554608 15.735945 -4.306866 -1.849394
1769100808.604636 15.734252 -4.312698 -1.837849
1769100808.654583 15.733140 -4.316696 -1.828324
1769100808.704612 15.732099 -4.320503 -1.817536
1769100808.754630 15.730561 -4.326574 -1.810306
1769100808.804626 15.729554 -4.330629 -1.799574
1769100808.854617 15.728058 -4.337029 -1.789805
1769100808.904624 15.727120 -4.341141 -1.779721
1769100808.954609 15.726232 -4.345369 -1.772196
1769100809.004615 15.724931 -4.351714 -1.761854
1769100809.054632 15.724099 -4.355970 -1.754285
1769100809.104607 15.723316 -4.360131 -1.745438
1769100809.154593 15.722182 -4.366468 -1.735912
1769100809.204648 15.721442 -4.370899 -1.732579
1769100809.254596 15.720782 -4.374869 -1.723072
1769100809.304615 15.719776 -4.381417 -1.716627
1769100809.354689 15.719141 -4.385629 -1.707663
1769100809.404729 15.718555 -4.389956 -1.700038
1769100809.454600 15.717704 -4.396466 -1.688916
1769100809.504611 15.717182 -4.400751 -1.678710
1769100809.554701 15.716717 -4.405038 -1.668379
1769100809.604599 15.716093 -4.411333 -1.657676
1769100809.654603 15.715717 -4.415540 -1.648924
1769100809.704625 15.715402 -4.419584 -1.638192
1769100809.754615 15.714971 -4.425951 -1.628609
1769100809.804624 15.714718 -4.430165 -1.618424
1769100809.854636 15.714495 -4.434364 -1.607366
1769100809.904655 15.714333 -4.438658 -1.598028
1769100809.954721 15.714133 -4.444974 -1.585257
1769100810.004601 15.714055 -4.449250 -1.575885
1769100810.054646 15.713996 -4.455771 -1.565673
1769100810.104661 15.713987 -4.460098 -1.557461
1769100810.154649 15.714026 -4.464361 -1.548499
1769100810.204623 15.714144 -4.470788 -1.540601
1769100810.254738 15.714240 -4.475015 -1.531247
1769100810.304726 15.714389 -4.479262 -1.523455
1769100810.354614 15.714671 -4.485704 -1.514684
1769100810.404613 15.714874 -4.489951 -1.502970
1769100810.454629 15.715133 -4.494253 -1.492968
1769100810.504588 15.715581 -4.500516 -1.482945
1769100810.554589 15.715924 -4.504980 -1.472791
1769100810.604593 15.716278 -4.508957 -1.462644
1769100810.654603 15.716957 -4.515601 -1.455548
1769100810.704611 15.717373 -4.519616 -1.445222
1769100810.754596 15.717892 -4.523941 -1.438528
1769100810.804628 15.718688 -4.530199 -1.427142
1769100810.854638 15.719221 -4.534177 -1.418758
1769100810.904617 15.719827 -4.538339 -1.407564
1769100810.954628 15.720805 -4.544569 -1.396392
1769100811.004594 15.721500 -4.548777 -1.388075
1769100811.054636 15.722241 -4.552927 -1.378877
1769100811.104594 15.723446 -4.559296 -1.371357
1769100811.154638 15.724260 -4.563393 -1.364279
1769100811.204616 15.725135 -4.567629 -1.360389
1769100811.254633 15.726424 -4.573742 -1.355333
1769100811.304611 15.727321 -4.577919 -1.350891
1769100811.354607 15.728240 -4.582080 -1.348982
1769100811.404614 15.729618 -4.588241 -1.346472
1769100811.454612 15.730565 -4.592439 -1.345297
1769100811.504609 15.731532 -4.596667 -1.345189
1769100811.554601 15.732993 -4.603036 -1.344525
1769100811.604645 15.733958 -4.607269 -1.343414
1769100811.654649 15.734938 -4.611541 -1.343599
1769100811.704590 15.736426 -4.617984 -1.344991
1769100811.754627 15.737403 -4.622244 -1.344233
1769100811.804643 15.738365 -4.626434 -1.343878
1769100811.854687 15.739826 -4.632804 -1.341063
1769100811.904656 15.740763 -4.636850 -1.341312
1769100811.954720 15.741728 -4.640996 -1.342241
1769100812.004622 15.743148 -4.647124 -1.341083
1769100812.054639 15.744108 -4.651238 -1.341046
1769100812.104702 15.745065 -4.655350 -1.341014
1769100812.154647 15.746500 -4.661497 -1.341213
1769100812.204653 15.747494 -4.665717 -1.342870
1769100812.254667 15.748450 -4.669840 -1.339431
1769100812.304664 15.749869 -4.675883 -1.339329
1769100812.354712 15.750814 -4.679863 -1.341304
1769100812.404674 15.751808 -4.684084 -1.341197
1769100812.454669 15.753271 -4.690316 -1.340092
1769100812.504679 15.754224 -4.694373 -1.338230
1769100812.554650 15.755681 -4.700517 -1.339265
1769100812.604658 15.756680 -4.704730 -1.340156
1769100812.654698 15.757654 -4.708889 -1.340140
1769100812.704658 15.758651 -4.713124 -1.342068
1769100812.754660 15.760142 -4.719526 -1.342440
1769100812.804662 15.761078 -4.723543 -1.342394
1769100812.854671 15.762565 -4.729904 -1.344290
1769100812.904665 15.763532 -4.734086 -1.343251
1769100812.954664 15.764507 -4.738297 -1.341216
1769100813.004662 15.765983 -4.744591 -1.342092
1769100813.054663 15.766950 -4.748726 -1.339855
1769100813.104661 15.767926 -4.752864 -1.337675
1769100813.154674 15.769386 -4.759039 -1.334807
1769100813.204682 15.770350 -4.763056 -1.334702
1769100813.254706 15.771335 -4.767126 -1.336420
1769100813.304672 15.772300 -4.771166 -1.335499
1769100813.354655 15.773777 -4.777301 -1.337292
1769100813.404681 15.774756 -4.781411 -1.337576
1769100813.454726 15.775769 -4.785652 -1.338795
1769100813.504669 15.777254 -4.791906 -1.339234
1769100813.554718 15.778256 -4.796160 -1.337654
1769100813.604681 15.779238 -4.800322 -1.337600
1769100813.654725 15.780765 -4.806733 -1.340127
1769100813.704692 15.781774 -4.810995 -1.340378
1769100813.754667 15.782766 -4.815210 -1.339617
1769100813.804682 15.784262 -4.821566 -1.339563
1769100813.854668 15.785232 -4.825662 -1.341035
1769100813.904695 15.786240 -4.829924 -1.342045
1769100813.954673 15.787686 -4.836110 -1.342323
1769100814.004703 15.788663 -4.840278 -1.343137
1769100814.054704 15.789643 -4.844468 -1.343090
1769100814.104697 15.791094 -4.850678 -1.342423
1769100814.154664 15.792078 -4.854848 -1.342308
1769100814.204695 15.793050 -4.858998 -1.338000
1769100814.254691 15.794529 -4.865212 -1.337484
1769100814.304666 15.795529 -4.869355 -1.338661
1769100814.354682 15.796532 -4.873537 -1.335996
1769100814.404665 15.798030 -4.879742 -1.335104
1769100814.454700 15.799022 -4.883850 -1.332983
1769100814.504670 15.799978 -4.887742 -1.333857
1769100814.554671 15.801496 -4.893988 -1.333246
1769100814.604668 15.802499 -4.898140 -1.332720
1769100814.654669 15.803509 -4.902300 -1.334546
1769100814.704692 15.805031 -4.908643 -1.333984
1769100814.754670 15.806042 -4.912843 -1.333507
1769100814.804697 15.807024 -4.916905 -1.335057
1769100814.854677 15.808575 -4.923366 -1.332302
1769100814.904676 15.809587 -4.927545 -1.331540
1769100814.954699 15.810630 -4.931824 -1.331851
1769100815.004692 15.812153 -4.938069 -1.331285
1769100815.054704 15.813175 -4.942246 -1.330105
1769100815.104683 15.814182 -4.946353 -1.329075
1769100815.154741 15.815701 -4.952498 -1.328663
1769100815.204695 15.816659 -4.956334 -1.329082
1769100815.254702 15.818116 -4.962230 -1.328259
1769100815.304721 15.819078 -4.966091 -1.329261
1769100815.354676 15.820106 -4.970222 -1.330419
1769100815.404767 15.821630 -4.976393 -1.330338
1769100815.454664 15.822648 -4.980501 -1.330972
1769100815.504686 15.823676 -4.984675 -1.328503
1769100815.554676 15.825221 -4.990894 -1.328811
1769100815.604699 15.826291 -4.995173 -1.330324
1769100815.654684 15.827348 -4.999424 -1.329368
1769100815.704709 15.828888 -5.005641 -1.328572
1769100815.754777 15.829939 -5.009844 -1.329536
1769100815.804678 15.830994 -5.014026 -1.331053
1769100815.854711 15.832502 -5.020073 -1.332128
1769100815.904711 15.833549 -5.024300 -1.331890
1769100815.954707 15.834538 -5.028283 -1.333033
1769100816.004735 15.836103 -5.034654 -1.334110
1769100816.054725 15.837127 -5.038807 -1.333344
1769100816.104686 15.838169 -5.043039 -1.332754
1769100816.154701 15.839651 -5.049107 -1.328404
1769100816.204687 15.840676 -5.053185 -1.326897
1769100816.254689 15.841749 -5.057410 -1.327250
1769100816.304697 15.843297 -5.063527 -1.326172
1769100816.354698 15.844350 -5.067627 -1.325220
1769100816.404727 15.845395 -5.071700 -1.323777
1769100816.454713 15.846982 -5.077862 -1.323843
1769100816.504714 15.847983 -5.081690 -1.325039
1769100816.554706 15.849037 -5.085811 -1.322402
1769100816.604692 15.850635 -5.092041 -1.322347
1769100816.654736 15.851728 -5.096237 -1.325461
1769100816.704712 15.853262 -5.102274 -1.324607
1769100816.754723 15.854355 -5.106544 -1.324550
1769100816.804713 15.855392 -5.110615 -1.322461
1769100816.854718 15.857018 -5.116968 -1.322425
1769100816.904736 15.858136 -5.121310 -1.323001
1769100816.954699 15.859214 -5.125504 -1.322198
1769100817.004698 15.860768 -5.131562 -1.321778
1769100817.054698 15.861793 -5.135534 -1.320838
1769100817.104717 15.862853 -5.139629 -1.320090
1769100817.154708 15.864442 -5.145758 -1.320471
1769100817.204725 15.865460 -5.149703 -1.318402
1769100817.254711 15.866513 -5.153747 -1.318301
1769100817.304715 15.868070 -5.159726 -1.318230
1769100817.354709 15.869146 -5.163867 -1.317061
1769100817.404719 15.870733 -5.169968 -1.316379
1769100817.454710 15.871813 -5.174107 -1.314321
1769100817.504715 15.872896 -5.178220 -1.313678
1769100817.554728 15.874002 -5.182405 -1.314016
1769100817.604786 15.875644 -5.188623 -1.313903
1769100817.654714 15.876725 -5.192711 -1.313600
1769100817.704720 15.878319 -5.198733 -1.315169
1769100817.754744 15.879390 -5.202772 -1.316589
1769100817.804761 15.880500 -5.206960 -1.319148
1769100817.854766 15.882133 -5.213283 -1.317403
1769100817.904723 15.883213 -5.217449 -1.317325
1769100817.954719 15.884321 -5.221687 -1.320846
1769100818.004762 15.885943 -5.228014 -1.321475
1769100818.054737 15.887027 -5.232257 -1.321126
1769100818.104714 15.888127 -5.236573 -1.319344
1769100818.154735 15.889712 -5.242751 -1.318250
1769100818.204721 15.890739 -5.246721 -1.318403
1769100818.254714 15.891821 -5.250912 -1.317087
1769100818.304722 15.893346 -5.256792 -1.315608
1769100818.354759 15.894401 -5.260859 -1.312810
1769100818.404697 15.895462 -5.264897 -1.312321
1769100818.454751 15.896994 -5.270696 -1.312975
1769100818.504723 15.898091 -5.274882 -1.312160
1769100818.554731 15.899149 -5.278920 -1.312088
1769100818.604722 15.900793 -5.285135 -1.314462
1769100818.654743 15.901876 -5.289273 -1.314812
1769100818.704747 15.902959 -5.293436 -1.313778
1769100818.754730 15.904644 -5.299849 -1.315588
1769100818.804756 15.905718 -5.303964 -1.315563
1769100818.854747 15.906847 -5.308273 -1.316273
1769100818.904743 15.908477 -5.314545 -1.314672
1769100818.954797 15.909571 -5.318733 -1.314232
1769100819.004726 15.910687 -5.322993 -1.315280
1769100819.054734 15.912293 -5.329140 -1.315298
1769100819.104734 15.913394 -5.333351 -1.316829
1769100819.154750 15.914465 -5.337494 -1.315629
1769100819.204834 15.916066 -5.343669 -1.314322
1769100819.254788 15.917141 -5.347781 -1.315656
1769100819.304736 15.918222 -5.351947 -1.314269
1769100819.354741 15.919835 -5.358143 -1.311677
1769100819.404738 15.920925 -5.362303 -1.310828
1769100819.454810 15.921976 -5.366317 -1.309275
1769100819.504764 15.923616 -5.372504 -1.308343
1769100819.554740 15.924708 -5.376611 -1.307648
1769100819.604752 15.925774 -5.380620 -1.307006
1769100819.654745 15.927422 -5.386752 -1.308154
1769100819.704749 15.928490 -5.390761 -1.308935
1769100819.754758 15.929593 -5.394891 -1.311250
1769100819.804775 15.931175 -5.400916 -1.309270
1769100819.854775 15.932262 -5.405051 -1.309293
1769100819.904776 15.933387 -5.409304 -1.312551
1769100819.954824 15.935041 -5.415622 -1.311764
1769100820.004859 15.936152 -5.419883 -1.311210
1769100820.054724 15.937213 -5.423945 -1.311697
1769100820.104746 15.938879 -5.430283 -1.312551
1769100820.154748 15.939923 -5.434327 -1.310771
1769100820.204741 15.941007 -5.438463 -1.310305
1769100820.254750 15.942630 -5.444630 -1.308657
1769100820.304751 15.943688 -5.448669 -1.306395
1769100820.354753 15.944760 -5.452703 -1.306366
1769100820.404785 15.946402 -5.458836 -1.307252
1769100820.454751 15.947437 -5.462726 -1.306610
1769100820.504758 15.949079 -5.468860 -1.305837
1769100820.554792 15.950168 -5.472914 -1.307643
1769100820.604754 15.951243 -5.476895 -1.309439
1769100820.654753 15.952884 -5.483062 -1.306557
1769100820.704750 15.954021 -5.487286 -1.306831
1769100820.754774 15.955130 -5.491392 -1.306817
1769100820.804754 15.956846 -5.497715 -1.308399
1769100820.854763 15.957957 -5.501849 -1.306942
1769100820.904756 15.959073 -5.505978 -1.306143
1769100820.954759 15.960763 -5.512234 -1.306134
1769100821.004756 15.961887 -5.516389 -1.306606
1769100821.054760 15.962952 -5.520347 -1.307565
1769100821.104740 15.964639 -5.526633 -1.307628
1769100821.154760 15.965712 -5.530647 -1.307708
1769100821.204774 15.966823 -5.534829 -1.307012
1769100821.254809 15.968505 -5.541087 -1.307546
1769100821.304775 15.969625 -5.545244 -1.307025
1769100821.354765 15.970690 -5.549200 -1.306548
1769100821.404763 15.972369 -5.555405 -1.305484
1769100821.454763 15.973496 -5.559531 -1.305138
1769100821.504765 15.974607 -5.563611 -1.303092
1769100821.554791 15.976259 -5.569638 -1.301579
1769100821.604766 15.977308 -5.573415 -1.302756
1769100821.654770 15.978421 -5.577441 -1.302434
1769100821.704791 15.980094 -5.583488 -1.303903
1769100821.754775 15.981225 -5.587615 -1.302978
1769100821.804770 15.982356 -5.591716 -1.303898
1769100821.854790 15.984004 -5.597746 -1.304865
1769100821.904805 15.985162 -5.601971 -1.306000
1769100821.954822 15.986868 -5.608250 -1.304920
1769100822.004815 15.988024 -5.612527 -1.303655
1769100822.054775 15.989117 -5.616529 -1.304836
1769100822.104797 15.990844 -5.622880 -1.304825
1769100822.154785 15.991987 -5.627081 -1.304784
1769100822.204777 15.993099 -5.631185 -1.303756
1769100822.254774 15.994798 -5.637410 -1.304648
1769100822.304775 15.995831 -5.641194 -1.305918
1769100822.354787 15.996895 -5.645128 -1.305559
1769100822.404776 15.998558 -5.651291 -1.303629
1769100822.454787 15.999682 -5.655419 -1.303609
1769100822.504779 16.000785 -5.659472 -1.303578
1769100822.554786 16.002480 -5.665674 -1.302647
1769100822.604779 16.003599 -5.669753 -1.301120
1769100822.654780 16.004728 -5.673881 -1.299071
1769100822.704786 16.006457 -5.680094 -1.299573
1769100822.754788 16.007559 -5.684039 -1.300512
1769100822.804790 16.008698 -5.688164 -1.298808
1769100822.854785 16.010407 -5.694310 -1.298316
1769100822.904784 16.011546 -5.698401 -1.299572
1769100822.954788 16.013199 -5.704323 -1.301597
1769100823.004788 16.014288 -5.708280 -1.301413
1769100823.054788 16.015447 -5.712501 -1.302055
1769100823.104792 16.017103 -5.718533 -1.303519
1769100823.154832 16.018262 -5.722784 -1.304435
1769100823.204789 16.019412 -5.727012 -1.303703
1769100823.254804 16.021098 -5.733165 -1.303941
1769100823.304851 16.022235 -5.737344 -1.303261
1769100823.354798 16.023382 -5.741548 -1.301402
1769100823.404794 16.025098 -5.747738 -1.302363
1769100823.454796 16.026222 -5.751846 -1.299152
1769100823.504811 16.027356 -5.755918 -1.297720
1769100823.554814 16.029057 -5.762008 -1.297043
1769100823.604930 16.030166 -5.765958 -1.296827
1769100823.654822 16.031303 -5.770003 -1.295716
1769100823.704800 16.033004 -5.776075 -1.292627
1769100823.754885 16.034149 -5.780119 -1.290712
1769100823.804812 16.035309 -5.784186 -1.287544
1769100823.854901 16.037047 -5.790190 -1.282927
1769100823.904831 16.038269 -5.794370 -1.277537
1769100823.954861 16.039474 -5.798423 -1.272256
1769100824.004803 16.041369 -5.804637 -1.267934
1769100824.054822 16.042643 -5.808771 -1.264613
1769100824.104847 16.043932 -5.812904 -1.258997
1769100824.154805 16.045908 -5.819062 -1.256452
1769100824.204809 16.047230 -5.823124 -1.253940
1769100824.254807 16.049163 -5.829045 -1.248682
1769100824.304808 16.050501 -5.833072 -1.246724
1769100824.354801 16.051879 -5.837207 -1.242906
1769100824.404820 16.053276 -5.841300 -1.240082
1769100824.454809 16.055351 -5.847360 -1.234118
1769100824.504812 16.056792 -5.851470 -1.228562
1769100824.554810 16.058889 -5.857353 -1.223700
1769100824.604887 16.060339 -5.861408 -1.216250
1769100824.654814 16.061741 -5.865238 -1.209932
1769100824.704873 16.063973 -5.871174 -1.205609
1769100824.754823 16.065405 -5.874963 -1.200165
1769100824.804808 16.066908 -5.878892 -1.193458
1769100824.854808 16.069197 -5.884727 -1.188162
1769100824.904805 16.070748 -5.888653 -1.183886
1769100824.954807 16.072226 -5.892344 -1.178262
1769100825.004817 16.074656 -5.898251 -1.174720
1769100825.054822 16.076233 -5.902071 -1.169295
1769100825.104810 16.078795 -5.908148 -1.164819
1769100825.154813 16.080478 -5.912132 -1.160370
1769100825.204818 16.082213 -5.916178 -1.156029
1769100825.254890 16.084766 -5.922005 -1.154715
1769100825.304826 16.086417 -5.925815 -1.149708
1769100825.354821 16.088070 -5.929561 -1.146384
1769100825.404892 16.090725 -5.935497 -1.141975
1769100825.454817 16.092484 -5.939425 -1.136874
1769100825.504824 16.094273 -5.943369 -1.130758
1769100825.554835 16.096937 -5.949093 -1.126367
1769100825.604816 16.098611 -5.952699 -1.120160
1769100825.654835 16.100425 -5.956548 -1.112542
1769100825.704825 16.103213 -5.962294 -1.106531
1769100825.754833 16.105022 -5.966001 -1.100249
1769100825.804844 16.107879 -5.971715 -1.094217
1769100825.854830 16.109789 -5.975500 -1.090261
1769100825.904864 16.111697 -5.979234 -1.085427
1769100825.954862 16.114557 -5.984715 -1.081434
1769100826.004864 16.116489 -5.988436 -1.077052
1769100826.054859 16.118433 -5.992124 -1.072877
1769100826.104829 16.121505 -5.997832 -1.070388
1769100826.154825 16.123361 -6.001301 -1.067216
1769100826.204829 16.125422 -6.005098 -1.064171
1769100826.254831 16.128483 -6.010681 -1.058570
1769100826.304841 16.130552 -6.014438 -1.053970
1769100826.354871 16.132661 -6.018239 -1.049998
1769100826.404835 16.135888 -6.023915 -1.050567
1769100826.454861 16.138038 -6.027715 -1.051727
1769100826.504837 16.140165 -6.031501 -1.052503
1769100826.554839 16.143385 -6.037194 -1.054808
1769100826.604830 16.145505 -6.040991 -1.056324
1769100826.654842 16.147561 -6.044680 -1.056341
1769100826.704841 16.150670 -6.050212 -1.057998
1769100826.754836 16.152738 -6.053972 -1.054707
1769100826.804848 16.154804 -6.057687 -1.052433
1769100826.854846 16.157838 -6.063053 -1.052968
1769100826.904848 16.159897 -6.066759 -1.048124
1769100826.954839 16.161949 -6.070384 -1.046083
1769100827.004850 16.164993 -6.075724 -1.044240
1769100827.054840 16.167148 -6.079495 -1.043693
1769100827.104843 16.169145 -6.082975 -1.044654
1769100827.154864 16.172364 -6.088590 -1.043987
1769100827.204847 16.174352 -6.092073 -1.045648
1769100827.254863 16.177567 -6.097695 -1.046874
1769100827.304848 16.179676 -6.101407 -1.048254
1769100827.354874 16.181774 -6.105082 -1.051790
1769100827.404852 16.184971 -6.110756 -1.050864
1769100827.454859 16.187090 -6.114524 -1.051738
1769100827.504850 16.189228 -6.118341 -1.052210
1769100827.554852 16.192398 -6.123959 -1.052238
1769100827.604865 16.194550 -6.127801 -1.051342
1769100827.654857 16.196640 -6.131520 -1.051320
1769100827.704862 16.198774 -6.135306 -1.051890
1769100827.754870 16.201952 -6.140918 -1.052315
1769100827.804920 16.204026 -6.144632 -1.050327
1769100827.854871 16.206094 -6.148310 -1.050335
1769100827.904872 16.209208 -6.153814 -1.050640
1769100827.954889 16.211137 -6.157261 -1.049445
1769100828.005020 16.214245 -6.162726 -1.050182
1769100828.054892 16.216325 -6.166436 -1.048458
1769100828.104861 16.218319 -6.169983 -1.047433
1769100828.154864 16.221483 -6.175531 -1.048381
1769100828.204842 16.223529 -6.179170 -1.046644
1769100828.254870 16.225645 -6.182901 -1.046615
1769100828.304866 16.228847 -6.188524 -1.046368
1769100828.354859 16.230878 -6.192098 -1.047697
1769100828.404883 16.232932 -6.195715 -1.050451
1769100828.454865 16.236132 -6.201379 -1.050520
1769100828.504872 16.238163 -6.204975 -1.053816
1769100828.554860 16.240258 -6.208725 -1.056207
1769100828.604830 16.243431 -6.214406 -1.057388
1769100828.654935 16.245428 -6.218000 -1.059301
1769100828.704868 16.248572 -6.223686 -1.057832
1769100828.754888 16.250601 -6.227366 -1.056992
1769100828.804874 16.252685 -6.231124 -1.056729
1769100828.854906 16.255794 -6.236693 -1.054908
1769100828.904889 16.257761 -6.240242 -1.051827
1769100828.954888 16.259831 -6.243964 -1.048123
1769100829.004867 16.262880 -6.249309 -1.048921
1769100829.054874 16.264859 -6.252810 -1.048567
1769100829.104891 16.266958 -6.256545 -1.046500
1769100829.154874 16.269989 -6.261850 -1.048151
1769100829.204900 16.272120 -6.265609 -1.049637
1769100829.254876 16.275256 -6.271135 -1.049899
1769100829.304886 16.277344 -6.274819 -1.051408
1769100829.354875 16.279440 -6.278554 -1.051701
1769100829.404899 16.282598 -6.284160 -1.051146
1769100829.454878 16.284735 -6.287924 -1.054351
1769100829.504878 16.286752 -6.291523 -1.054368
1769100829.554891 16.289941 -6.297186 -1.053876
1769100829.604918 16.292091 -6.301026 -1.053891
1769100829.654886 16.294204 -6.304808 -1.053949
1769100829.704883 16.297423 -6.310505 -1.056331
1769100829.754885 16.299558 -6.314340 -1.055416
1769100829.804891 16.301613 -6.318035 -1.054557
1769100829.854931 16.304748 -6.323605 -1.056901
1769100829.904941 16.306804 -6.327320 -1.055412
1769100829.954898 16.308836 -6.330952 -1.055555
1769100830.004913 16.311931 -6.336479 -1.054298
1769100830.054914 16.313977 -6.340148 -1.052687
1769100830.104920 16.316043 -6.343830 -1.052153
1769100830.154944 16.319152 -6.349330 -1.050581
1769100830.204884 16.321224 -6.353010 -1.048523
1769100830.254886 16.323339 -6.356744 -1.048488
1769100830.304886 16.325432 -6.360426 -1.049846
1769100830.354908 16.328661 -6.366082 -1.051983
1769100830.404886 16.330760 -6.369820 -1.052067
1769100830.454918 16.332900 -6.373631 -1.053119
1769100830.504890 16.335994 -6.379100 -1.056955
1769100830.554897 16.338064 -6.382812 -1.059027
1769100830.604890 16.341206 -6.388444 -1.061030
1769100830.654898 16.343188 -6.392038 -1.061651
1769100830.704891 16.345275 -6.395830 -1.061675
1769100830.754897 16.348329 -6.401349 -1.062462
1769100830.804920 16.350306 -6.404940 -1.061188
1769100830.854897 16.352352 -6.408642 -1.059622
1769100830.904903 16.355487 -6.414283 -1.057985
1769100830.954961 16.357579 -6.418051 -1.056286
1769100831.004899 16.360640 -6.423479 -1.057859
1769100831.054899 16.362613 -6.427038 -1.055705
1769100831.104897 16.364573 -6.430560 -1.053745
1769100831.154928 16.367704 -6.436093 -1.056393
1769100831.204899 16.369657 -6.439607 -1.054728
1769100831.254905 16.371721 -6.443273 -1.055627
1769100831.304899 16.374845 -6.448833 -1.056270
1769100831.354929 16.376819 -6.452358 -1.058565
1769100831.404906 16.379871 -6.457797 -1.062769
1769100831.454909 16.381967 -6.461584 -1.064940
1769100831.505011 16.383897 -6.465106 -1.068099
1769100831.554907 16.387072 -6.470934 -1.073028
1769100831.604947 16.389037 -6.474580 -1.079844
1769100831.654911 16.391085 -6.478447 -1.084881
1769100831.700025 16.394151 -6.484285 -1.090908
1769100831.754912 16.396075 -6.487989 -1.097237
1769100831.804935 16.398024 -6.491832 -1.102219
1769100831.854934 16.400880 -6.497534 -1.106413
1769100831.904950 16.402774 -6.501332 -1.111889
1769100831.954960 16.404632 -6.505126 -1.116239
1769100832.004957 16.407381 -6.510786 -1.119355
1769100832.054960 16.409103 -6.514364 -1.122679
1769100832.104955 16.411793 -6.519984 -1.126628
1769100832.154922 16.413594 -6.523765 -1.130935
1769100832.204931 16.415434 -6.527679 -1.134192
1769100832.254914 16.417223 -6.531517 -1.139703
1769100832.304933 16.419870 -6.537272 -1.144404
1769100832.350014 16.421568 -6.541025 -1.149338
1769100832.404922 16.424240 -6.547047 -1.152157
1769100832.454938 16.425882 -6.550719 -1.159418
1769100832.504939 16.427526 -6.554497 -1.166175
1769100832.554921 16.429977 -6.560224 -1.172711
1769100832.604903 16.431629 -6.564160 -1.179386
1769100832.654922 16.434087 -6.570130 -1.183411
1769100832.704920 16.435720 -6.574131 -1.187864
1769100832.754939 16.437234 -6.577925 -1.191424
1769100832.804940 16.439635 -6.583961 -1.196825
1769100832.854936 16.441150 -6.587821 -1.201190
1769100832.904925 16.442732 -6.591905 -1.204574
1769100832.954950 16.445032 -6.597887 -1.209791
1769100833.004925 16.446555 -6.601918 -1.212039
1769100833.054929 16.448023 -6.605856 -1.215168
1769100833.104946 16.450190 -6.611685 -1.221371
1769100833.154943 16.451643 -6.615657 -1.225666
1769100833.204961 16.453053 -6.619580 -1.230071
1769100833.254924 16.455188 -6.625637 -1.233146
1769100833.304927 16.456572 -6.629578 -1.237857
1769100833.350012 16.457987 -6.633690 -1.242993
1769100833.404931 16.459983 -6.639562 -1.249518
1769100833.454942 16.461282 -6.643479 -1.254876
1769100833.504951 16.463348 -6.649782 -1.261459
1769100833.554971 16.464702 -6.654000 -1.266547
1769100833.604938 16.466034 -6.658243 -1.269555
1769100833.654956 16.467323 -6.662398 -1.274462
1769100833.704978 16.469225 -6.668623 -1.277719
1769100833.754958 16.470508 -6.672865 -1.279568
1769100833.804954 16.471746 -6.677000 -1.280167
1769100833.854957 16.473558 -6.683075 -1.278627
1769100833.905044 16.474699 -6.686881 -1.278983
1769100833.954985 16.476420 -6.692632 -1.278298
1769100834.004992 16.477641 -6.696704 -1.278540
1769100834.054986 16.478849 -6.700724 -1.279184
1769100834.104980 16.480666 -6.706788 -1.278226
1769100834.154962 16.481904 -6.710895 -1.279551
1769100834.204944 16.483060 -6.714755 -1.279240
1769100834.254960 16.484920 -6.720968 -1.277823
1769100834.304946 16.486091 -6.724859 -1.278045
1769100834.354979 16.487283 -6.728840 -1.278062
1769100834.400016 16.489133 -6.734996 -1.278373
1769100834.454958 16.490292 -6.738876 -1.278700
1769100834.504951 16.492076 -6.744847 -1.278238
1769100834.554972 16.493243 -6.748747 -1.279363
1769100834.604977 16.494468 -6.752868 -1.280813
1769100834.654971 16.496321 -6.759109 -1.282326
1769100834.704958 16.497546 -6.763248 -1.284615
1769100834.754970 16.498762 -6.767421 -1.283711
1769100834.800032 16.500590 -6.773675 -1.282776
1769100834.854972 16.501744 -6.777608 -1.283389
1769100834.904984 16.502975 -6.781792 -1.282307
1769100834.954975 16.504785 -6.787904 -1.281780
1769100835.004960 16.506005 -6.792031 -1.281233
1769100835.054977 16.507218 -6.796101 -1.280752
1769100835.104952 16.509012 -6.802109 -1.280677
1769100835.155009 16.510147 -6.805921 -1.279192
1769100835.204988 16.511939 -6.811903 -1.279594
1769100835.250013 16.513163 -6.816005 -1.279599
1769100835.305135 16.514322 -6.819881 -1.280370
1769100835.354985 16.516163 -6.826028 -1.282960
1769100835.404975 16.517393 -6.830191 -1.282448
1769100835.454971 16.518627 -6.834365 -1.282050
1769100835.504972 16.520490 -6.840652 -1.282738
1769100835.554980 16.521681 -6.844696 -1.281175
1769100835.604980 16.522935 -6.848908 -1.282838
1769100835.654975 16.524797 -6.855235 -1.281818
1769100835.704969 16.526017 -6.859358 -1.282571
1769100835.754960 16.527185 -6.863321 -1.282601
1769100835.804979 16.529001 -6.869463 -1.282065
1769100835.850004 16.530182 -6.873473 -1.281408
1769100835.900033 16.531394 -6.877577 -1.282412
1769100835.950019 16.533203 -6.883699 -1.282226
1769100836.000019 16.534386 -6.887696 -1.282732
1769100836.050010 16.535546 -6.891635 -1.281856
1769100836.104990 16.537339 -6.897703 -1.281014
1769100836.150003 16.538489 -6.901583 -1.280977
1769100836.200051 16.539693 -6.905636 -1.280057
1769100836.250010 16.541464 -6.911571 -1.279978
1769100836.305001 16.542703 -6.915743 -1.279945
1769100836.350060 16.544518 -6.921826 -1.280696
1769100836.400062 16.545737 -6.925920 -1.281686
1769100836.455048 16.546951 -6.930026 -1.281292
1769100836.500015 16.548743 -6.936065 -1.282257
1769100836.550001 16.549921 -6.940030 -1.285775
1769100836.604974 16.551082 -6.943977 -1.289211
1769100836.650002 16.552915 -6.950293 -1.292893
1769100836.700001 16.554113 -6.954476 -1.296412
1769100836.750005 16.555249 -6.958514 -1.301008
1769100836.800003 16.557016 -6.964881 -1.306630
1769100836.850016 16.558089 -6.968824 -1.308098
1769100836.900004 16.559219 -6.973028 -1.311367
1769100836.950014 16.560832 -6.979141 -1.312759
1769100837.000029 16.561885 -6.983162 -1.315715
1769100837.054986 16.563473 -6.989264 -1.319872
1769100837.100078 16.564460 -6.993103 -1.324464
1769100837.154986 16.565476 -6.997113 -1.331484
1769100837.204992 16.566949 -7.003119 -1.335541
1769100837.254986 16.567883 -7.006969 -1.341458
1769100837.300005 16.568865 -7.011185 -1.346001
1769100837.350011 16.570265 -7.017246 -1.353743
1769100837.400010 16.571187 -7.021428 -1.358077
1769100837.450011 16.572527 -7.027613 -1.363283
1769100837.500010 16.573430 -7.031839 -1.368944
1769100837.550014 16.574311 -7.036169 -1.370137
1769100837.600015 16.575614 -7.042602 -1.372004
1769100837.650025 16.576436 -7.046698 -1.373381
1769100837.700016 16.577268 -7.050875 -1.373752
1769100837.750020 16.578510 -7.057077 -1.375026
1769100837.800022 16.579353 -7.061355 -1.374813
1769100837.850036 16.580170 -7.065507 -1.374845
1769100837.900078 16.581416 -7.071789 -1.375784
1769100837.950012 16.582244 -7.076020 -1.374429
1769100838.000031 16.583042 -7.080071 -1.373210
1769100838.050057 16.584250 -7.086156 -1.372632
1769100838.100089 16.585031 -7.090082 -1.371476
1769100838.150020 16.586234 -7.096028 -1.371629
1769100838.200028 16.587076 -7.100253 -1.368895
1769100838.250019 16.587876 -7.104197 -1.367801
1769100838.300005 16.589120 -7.110270 -1.367750
1769100838.350014 16.589956 -7.114360 -1.367699
1769100838.405016 16.590808 -7.118491 -1.369914
1769100838.450028 16.592088 -7.124821 -1.370456
1769100838.500025 16.592936 -7.129036 -1.372512
1769100838.550036 16.594179 -7.135212 -1.375973
1769100838.600033 16.594970 -7.139238 -1.376723
1769100838.650024 16.595801 -7.143513 -1.377407
1769100838.700010 16.596998 -7.149679 -1.378501
1769100838.750010 16.597790 -7.153778 -1.379190
1769100838.800010 16.598623 -7.158047 -1.380870
1769100838.850034 16.599863 -7.164549 -1.376772
1769100838.900015 16.600686 -7.168771 -1.375714
1769100838.950009 16.601472 -7.172770 -1.375329
1769100839.000044 16.602657 -7.178755 -1.374199
1769100839.050030 16.603500 -7.182937 -1.375930
1769100839.100040 16.604733 -7.189204 -1.373699
1769100839.150042 16.605550 -7.193267 -1.374815
1769100839.200076 16.606387 -7.197403 -1.377464
1769100839.250063 16.607633 -7.203709 -1.376864
1769100839.300079 16.608456 -7.207822 -1.377915
1769100839.350043 16.609284 -7.212023 -1.377492
1769100839.400106 16.610515 -7.218278 -1.377100
1769100839.450044 16.611356 -7.222492 -1.378279
1769100839.500038 16.612196 -7.226794 -1.376587
1769100839.550046 16.613029 -7.231014 -1.375795
1769100839.600039 16.614263 -7.237214 -1.376955
1769100839.650045 16.615101 -7.241407 -1.377614
1769100839.700051 16.616375 -7.247802 -1.380055
1769100839.750050 16.617216 -7.252104 -1.379397
1769100839.800043 16.618044 -7.256328 -1.379414
1769100839.850062 16.619300 -7.262734 -1.381083
1769100839.900074 16.620081 -7.266764 -1.379473
1769100839.950068 16.620892 -7.270914 -1.378487
1769100840.000084 16.622118 -7.277171 -1.378914
1769100840.050091 16.622933 -7.281347 -1.377180
1769100840.100047 16.623768 -7.285539 -1.376846
1769100840.150059 16.625002 -7.291798 -1.373834
1769100840.200049 16.625833 -7.295940 -1.372287
1769100840.250060 16.626687 -7.300126 -1.372486
1769100840.300101 16.627933 -7.306247 -1.372376
1769100840.350107 16.628776 -7.310357 -1.372837
1769100840.400036 16.629621 -7.314552 -1.372060
1769100840.450057 16.630880 -7.320777 -1.373803
1769100840.500073 16.631737 -7.324987 -1.377021
1769100840.550059 16.632575 -7.329207 -1.377368
1769100840.600062 16.633829 -7.335590 -1.378272
1769100840.650053 16.634667 -7.339833 -1.380516
1769100840.700103 16.635483 -7.344031 -1.380880
1769100840.750050 16.636688 -7.350211 -1.382600
1769100840.800104 16.637516 -7.354540 -1.380813
1769100840.850074 16.638342 -7.358842 -1.378917
1769100840.900036 16.639584 -7.365225 -1.379158
1769100840.950041 16.640406 -7.369449 -1.378673
1769100841.000066 16.641226 -7.373617 -1.380087
1769100841.050066 16.642436 -7.379883 -1.378588
1769100841.100062 16.643249 -7.384058 -1.378259
1769100841.150061 16.644063 -7.388203 -1.379872
1769100841.200063 16.645275 -7.394439 -1.378755
1769100841.250043 16.646084 -7.398587 -1.378435
1769100841.300056 16.646909 -7.402754 -1.380560
1769100841.350068 16.647724 -7.406925 -1.380492
1769100841.400078 16.648944 -7.413182 -1.380700
1769100841.450070 16.649772 -7.417456 -1.379418
1769100841.500071 16.650581 -7.421631 -1.377939
1769100841.550075 16.651822 -7.427935 -1.379681
1769100841.600070 16.652641 -7.432133 -1.379355
1769100841.650065 16.653470 -7.436351 -1.381656
1769100841.700078 16.654698 -7.442767 -1.380896
1769100841.750088 16.655509 -7.446995 -1.380929
1769100841.800117 16.656702 -7.453182 -1.383107
1769100841.850095 16.657522 -7.457513 -1.381384
1769100841.900096 16.658348 -7.461841 -1.380655
1769100841.950117 16.659514 -7.467933 -1.380656
1769100842.000167 16.660318 -7.472136 -1.380222
1769100842.050070 16.661106 -7.476211 -1.379866
1769100842.100164 16.662303 -7.482453 -1.376652
1769100842.150083 16.663124 -7.486678 -1.374248
1769100842.200071 16.663899 -7.490601 -1.373621
1769100842.250079 16.665140 -7.496832 -1.372162
1769100842.300077 16.665955 -7.500902 -1.372093
1769100842.350091 16.666792 -7.505098 -1.371865
1769100842.400088 16.668025 -7.511253 -1.372517
1769100842.450078 16.668861 -7.515394 -1.375328
1769100842.500083 16.669644 -7.519369 -1.374701
1769100842.550101 16.670847 -7.525453 -1.375362
1769100842.600088 16.671637 -7.529504 -1.375398
1769100842.650074 16.672880 -7.535811 -1.376503
1769100842.700055 16.673723 -7.540135 -1.376492
1769100842.750074 16.674499 -7.544137 -1.375991
1769100842.800160 16.675752 -7.550574 -1.375213
1769100842.850085 16.676530 -7.554522 -1.377625
1769100842.900087 16.677376 -7.558843 -1.379028
1769100842.950081 16.678603 -7.565180 -1.379253
1769100843.000098 16.679386 -7.569285 -1.378270
1769100843.050094 16.680600 -7.575574 -1.378306
1769100843.100096 16.681423 -7.579823 -1.380139
1769100843.150071 16.682222 -7.584054 -1.377039
1769100843.200092 16.683015 -7.588209 -1.374767
1769100843.250096 16.684203 -7.594297 -1.375119
1769100843.300088 16.685002 -7.598398 -1.374340
1769100843.350110 16.686244 -7.604681 -1.374010
1769100843.400095 16.687054 -7.608857 -1.371371
1769100843.450096 16.687834 -7.612833 -1.370131
1769100843.500094 16.689093 -7.619087 -1.372775
1769100843.550122 16.689914 -7.623261 -1.372012
1769100843.600088 16.690737 -7.627435 -1.373364
1769100843.650098 16.691948 -7.633596 -1.374472
1769100843.700100 16.692726 -7.637598 -1.375740
1769100843.750118 16.693547 -7.641823 -1.378568
1769100843.800121 16.694777 -7.648264 -1.377247
1769100843.850134 16.695558 -7.652369 -1.377301
1769100843.900099 16.696358 -7.656626 -1.376454
1769100843.950164 16.697584 -7.663017 -1.375832
1769100844.000141 16.698380 -7.667171 -1.375834
1769100844.050154 16.699571 -7.673362 -1.373373
1769100844.100151 16.700334 -7.677342 -1.371796
1769100844.150120 16.701147 -7.681519 -1.371794
1769100844.200086 16.702378 -7.687754 -1.371161
1769100844.250125 16.703181 -7.691881 -1.369836
1769100844.300102 16.703993 -7.696058 -1.368959
1769100844.350112 16.705231 -7.702292 -1.368980
1769100844.400105 16.706042 -7.706392 -1.371026
1769100844.450093 16.706859 -7.710568 -1.371049
1769100844.500127 16.708089 -7.716803 -1.370402
1769100844.550128 16.708897 -7.720981 -1.369448
1769100844.600126 16.709683 -7.724983 -1.370507
1769100844.650123 16.710927 -7.731267 -1.370494
1769100844.700098 16.711771 -7.735592 -1.369734
1769100844.750110 16.712543 -7.739571 -1.368929
1769100844.800096 16.713823 -7.745952 -1.371940
1769100844.850117 16.714608 -7.749953 -1.373699
1769100844.900121 16.715860 -7.756338 -1.375284
1769100844.950111 16.716675 -7.760591 -1.375958
1769100845.000125 16.717496 -7.764895 -1.377243
1769100845.050129 16.718735 -7.771334 -1.379085
1769100845.100119 16.719535 -7.775589 -1.378303
1769100845.150133 16.720318 -7.779770 -1.377237
1769100845.200114 16.721105 -7.784003 -1.374810
1769100845.250130 16.722269 -7.790044 -1.373558
1769100845.300127 16.723093 -7.794296 -1.373539
1769100845.350123 16.724312 -7.800559 -1.370739
1769100845.400123 16.725105 -7.804636 -1.369214
1769100845.450120 16.725914 -7.808762 -1.369193
1769100845.500104 16.727118 -7.814796 -1.369178
1769100845.550116 16.727942 -7.818996 -1.369198
1769100845.600120 16.728761 -7.823224 -1.369783
1769100845.650173 16.729979 -7.829410 -1.370685
1769100845.700124 16.730755 -7.833415 -1.373153
1769100845.750147 16.731572 -7.837693 -1.373656
1769100845.800141 16.732752 -7.843809 -1.373728
1769100845.850136 16.733512 -7.847918 -1.371775
1769100845.900122 16.734753 -7.854307 -1.372785
1769100845.950132 16.735595 -7.858736 -1.372866
1769100846.000161 16.736357 -7.862767 -1.371849
1769100846.050145 16.737596 -7.869156 -1.370975
1769100846.100149 16.738418 -7.873435 -1.371893
1769100846.150135 16.739181 -7.877390 -1.373342
1769100846.200144 16.740410 -7.883727 -1.372558
1769100846.250127 16.741162 -7.887658 -1.373493
1769100846.300113 16.741970 -7.891861 -1.374252
1769100846.350149 16.743184 -7.898099 -1.374675
1769100846.400147 16.743932 -7.902004 -1.374434
1769100846.450155 16.745102 -7.908043 -1.372440
1769100846.500133 16.745912 -7.912222 -1.373001
1769100846.550146 16.746686 -7.916174 -1.374071
1769100846.600113 16.747908 -7.922409 -1.373284
1769100846.650148 16.748687 -7.926437 -1.371981
1769100846.700144 16.749497 -7.930587 -1.371712
1769100846.750144 16.750757 -7.936921 -1.373902
1769100846.800139 16.751577 -7.941121 -1.374511
1769100846.850142 16.752354 -7.945150 -1.375603
1769100846.900141 16.753572 -7.951464 -1.377473
1769100846.950135 16.754338 -7.955520 -1.379450
1769100847.000149 16.755566 -7.961962 -1.382235
1769100847.050139 16.756326 -7.966070 -1.383162
1769100847.100157 16.757110 -7.970328 -1.383530
1769100847.150155 16.758300 -7.976825 -1.381042
1769100847.200136 16.759091 -7.981082 -1.381054
1769100847.250157 16.759846 -7.985115 -1.381044
1769100847.300126 16.761027 -7.991408 -1.378485
1769100847.350129 16.761773 -7.995390 -1.376550
1769100847.400129 16.762556 -7.999520 -1.375841
1769100847.450159 16.763770 -8.005759 -1.376501
1769100847.500157 16.764567 -8.009937 -1.376017
1769100847.550168 16.765296 -8.013844 -1.374754
1769100847.600168 16.766501 -8.020060 -1.376873
1769100847.650160 16.767259 -8.024066 -1.378573
1769100847.700239 16.768462 -8.030386 -1.379746
1769100847.750161 16.769208 -8.034392 -1.379815
1769100847.800163 16.769952 -8.038451 -1.378705
1769100847.850176 16.771158 -8.044820 -1.379300
1769100847.900186 16.771960 -8.049126 -1.378559
1769100847.950189 16.772762 -8.053456 -1.376620
1769100848.000179 16.773980 -8.059848 -1.376652
1769100848.050196 16.774791 -8.064154 -1.378082
1769100848.100168 16.775592 -8.068410 -1.379478
1769100848.150177 16.776769 -8.074627 -1.380172
1769100848.200164 16.777558 -8.078909 -1.379964
1769100848.250173 16.778320 -8.083041 -1.380061
1769100848.300214 16.779518 -8.089385 -1.381203
1769100848.350161 16.780277 -8.093542 -1.379381
1769100848.400164 16.781046 -8.097699 -1.378059
1769100848.450146 16.782233 -8.103994 -1.376465
1769100848.500191 16.783021 -8.108174 -1.375665
1769100848.550163 16.783818 -8.112328 -1.375624
1769100848.600172 16.785009 -8.118519 -1.372842
1769100848.650172 16.785810 -8.122672 -1.372559
1769100848.700156 16.786607 -8.126800 -1.372976
1769100848.750170 16.787846 -8.133088 -1.375227
1769100848.800164 16.788635 -8.137215 -1.374931
1769100848.850182 16.789442 -8.141519 -1.374391
1769100848.900168 16.790612 -8.147586 -1.376832
1769100848.950161 16.791439 -8.151964 -1.379169
1769100849.000160 16.792210 -8.156149 -1.379628
1769100849.050181 16.793404 -8.162543 -1.379751
1769100849.100176 16.794202 -8.166902 -1.380611
1769100849.150174 16.794984 -8.171160 -1.380238
1769100849.200181 16.796206 -8.177655 -1.380517
1769100849.250187 16.796978 -8.181910 -1.376592
1769100849.300199 16.797755 -8.186066 -1.375585
1769100849.350174 16.798960 -8.192358 -1.375594
1769100849.400167 16.799749 -8.196514 -1.376335
1769100849.450175 16.800561 -8.200744 -1.378499
1769100849.500178 16.801732 -8.206959 -1.376182
1769100849.550182 16.802508 -8.211039 -1.377084
1769100849.600170 16.803317 -8.215245 -1.380426
1769100849.650253 16.804508 -8.221536 -1.379750
1769100849.700238 16.805283 -8.225643 -1.380495
1769100849.750220 16.806037 -8.229699 -1.379778
1769100849.800217 16.807235 -8.236018 -1.379753
1769100849.850186 16.808028 -8.240249 -1.378865
1769100849.900219 16.808789 -8.244352 -1.376580
1769100849.950223 16.809991 -8.250620 -1.376973
1769100850.000348 16.810805 -8.254899 -1.378513
1769100850.050190 16.811601 -8.259105 -1.380127
1769100850.100222 16.812831 -8.265570 -1.382116
1769100850.150164 16.813617 -8.269848 -1.381754
1769100850.200172 16.814397 -8.274054 -1.382438
1769100850.250169 16.815618 -8.280547 -1.384692
1769100850.300170 16.816390 -8.284777 -1.382917
1769100850.350200 16.817116 -8.288734 -1.381511
1769100850.400202 16.818299 -8.295054 -1.381140
1769100850.450191 16.819099 -8.299359 -1.379760
1769100850.500168 16.819879 -8.303464 -1.379506
1769100850.550179 16.821062 -8.309705 -1.376186
1769100850.600196 16.821855 -8.313834 -1.375215
1769100850.650197 16.822661 -8.317987 -1.375526
1769100850.700198 16.823875 -8.324175 -1.376669
1769100850.750174 16.824673 -8.328301 -1.377091
1769100850.800199 16.825472 -8.332502 -1.376169
1769100850.850203 16.826683 -8.338716 -1.378608
1769100850.900213 16.827514 -8.343041 -1.380382
1769100850.950196 16.828305 -8.347269 -1.379192
1769100851.000185 16.829509 -8.353587 -1.380775
1769100851.050193 16.830330 -8.357942 -1.382721
1769100851.100211 16.831112 -8.362147 -1.382758
1769100851.150223 16.832328 -8.368568 -1.384722
1769100851.200199 16.833111 -8.372847 -1.382461
1769100851.250250 16.833898 -8.377103 -1.381228
1769100851.300215 16.834707 -8.381409 -1.383326
1769100851.350213 16.835891 -8.387753 -1.382652
1769100851.400206 16.836675 -8.391960 -1.383808
1769100851.450217 16.837785 -8.398002 -1.381373
1769100851.500188 16.838568 -8.402210 -1.381850
1769100851.550214 16.839348 -8.406367 -1.383310
1769100851.600219 16.840506 -8.412609 -1.380277
1769100851.650223 16.841283 -8.416766 -1.379785
1769100851.700249 16.842033 -8.420773 -1.380291
1769100851.750206 16.843231 -8.427092 -1.379729
1769100851.800226 16.844012 -8.431223 -1.379700
1769100851.850247 16.844812 -8.435500 -1.377468
1769100851.900226 16.846017 -8.441768 -1.378564
1769100851.950232 16.846825 -8.445999 -1.380672
1769100852.000208 16.847581 -8.450005 -1.381622
1769100852.050233 16.848779 -8.456347 -1.382549
1769100852.100224 16.849525 -8.460428 -1.382036
1769100852.150235 16.850310 -8.464660 -1.384441
1769100852.200244 16.851513 -8.471130 -1.386480
1769100852.250230 16.852290 -8.475409 -1.385623
1769100852.300234 16.853075 -8.479692 -1.386540
1769100852.350224 16.854262 -8.486164 -1.385854
1769100852.400233 16.855028 -8.490369 -1.384419
1769100852.450224 16.855770 -8.494377 -1.383636
1769100852.500242 16.856922 -8.500596 -1.380918
1769100852.550226 16.857700 -8.504777 -1.378837
1769100852.600204 16.858501 -8.508958 -1.380610
1769100852.650233 16.859683 -8.515199 -1.379017
1769100852.700234 16.860462 -8.519279 -1.379825
1769100852.750214 16.861254 -8.523483 -1.379281
1769100852.800216 16.862438 -8.529651 -1.381235
1769100852.850241 16.863226 -8.533808 -1.383350
1769100852.900240 16.864000 -8.537985 -1.381339
1769100852.950245 16.865190 -8.544255 -1.383088
1769100853.000244 16.865996 -8.548559 -1.383655
1769100853.050268 16.866795 -8.552816 -1.384235
1769100853.100242 16.867994 -8.559210 -1.383799
1769100853.150238 16.868769 -8.563413 -1.382212
1769100853.200245 16.869547 -8.567619 -1.381571
1769100853.250239 16.870722 -8.573817 -1.384809
1769100853.300229 16.871481 -8.577925 -1.386296
1769100853.350250 16.872650 -8.584271 -1.387583
1769100853.400236 16.873410 -8.588502 -1.386500
1769100853.450245 16.874186 -8.592784 -1.386101
1769100853.500230 16.874957 -8.596995 -1.387739
1769100853.550241 16.876097 -8.603265 -1.384996
1769100853.600242 16.876857 -8.607447 -1.382891
1769100853.650251 16.877626 -8.611650 -1.381297
1769100853.700238 16.878760 -8.617698 -1.379788
1769100853.750236 16.879555 -8.621905 -1.380207
1769100853.800274 16.880688 -8.627922 -1.377697
1769100853.850256 16.881447 -8.631907 -1.378970
1769100853.900272 16.882199 -8.635864 -1.381046
1769100853.950285 16.883403 -8.642207 -1.382304
1769100854.000272 16.884173 -8.646315 -1.384069
1769100854.050274 16.885318 -8.652484 -1.384434
1769100854.100261 16.886099 -8.656717 -1.385607
1769100854.150247 16.886889 -8.661002 -1.388352
1769100854.200255 16.888016 -8.667196 -1.387043
1769100854.250225 16.888804 -8.671529 -1.387070
1769100854.300252 16.889586 -8.675885 -1.385391
1769100854.350306 16.890756 -8.682256 -1.384946
1769100854.400248 16.891549 -8.686588 -1.384776
1769100854.450273 16.892326 -8.690820 -1.383761
1769100854.500254 16.893485 -8.697090 -1.382146
1769100854.550268 16.894276 -8.701300 -1.384956
1769100854.600290 16.895057 -8.705505 -1.385269
1769100854.650260 16.896204 -8.711676 -1.384701
1769100854.700255 16.896965 -8.715808 -1.384372
1769100854.750314 16.897745 -8.720015 -1.384381
1769100854.800298 16.898514 -8.724124 -1.386365
1769100854.850259 16.899662 -8.730344 -1.384423
1769100854.900235 16.900428 -8.734500 -1.382884
1769100854.950231 16.901614 -8.740848 -1.382849
1769100855.000261 16.902405 -8.745079 -1.383686
1769100855.050255 16.903191 -8.749286 -1.384607
1769100855.100257 16.904317 -8.755358 -1.383155
1769100855.150263 16.905058 -8.759343 -1.384119
1769100855.200258 16.905858 -8.763628 -1.387703
1769100855.250270 16.907033 -8.769999 -1.389423
1769100855.300265 16.907764 -8.774035 -1.390585
1769100855.350271 16.908516 -8.778292 -1.390052
1769100855.400265 16.909680 -8.784770 -1.390874
1769100855.450237 16.910443 -8.789032 -1.392868
1769100855.500268 16.911168 -8.793141 -1.391911
1769100855.550270 16.912293 -8.799468 -1.390311
1769100855.600249 16.913056 -8.803730 -1.390295
1769100855.650272 16.913811 -8.807912 -1.389086
1769100855.700293 16.914970 -8.814239 -1.388222
1769100855.750262 16.915674 -8.818147 -1.385078
1769100855.800291 16.916430 -8.822254 -1.383941
1769100855.850297 16.917611 -8.828507 -1.387242
1769100855.900249 16.918351 -8.832490 -1.388798
1769100855.950303 16.919493 -8.838714 -1.389290
1769100856.000372 16.920264 -8.842927 -1.391627
1769100856.050284 16.921026 -8.847160 -1.391944
1769100856.100277 16.922178 -8.853538 -1.393604
1769100856.150254 16.922912 -8.857720 -1.390904
1769100856.200339 16.923640 -8.861805 -1.390264
1769100856.250289 16.924805 -8.868308 -1.389979
1769100856.300270 16.925514 -8.872290 -1.388509
1769100856.350253 16.926305 -8.876652 -1.389841
1769100856.400335 16.927463 -8.883076 -1.389514
1769100856.450276 16.928230 -8.887336 -1.391283
1769100856.500274 16.928985 -8.891627 -1.394865
1769100856.550281 16.930094 -8.897932 -1.399931
1769100856.600287 16.930819 -8.902197 -1.403973
1769100856.650259 16.931490 -8.906366 -1.405775
1769100856.700282 16.932508 -8.912634 -1.410353
1769100856.750339 16.933157 -8.916784 -1.413102
1769100856.800279 16.933790 -8.921016 -1.416570
1769100856.850300 16.934719 -8.927223 -1.420485
1769100856.900279 16.935312 -8.931407 -1.422148
1769100856.950290 16.935888 -8.935598 -1.425509
1769100857.000283 16.936767 -8.941917 -1.430099
1769100857.050286 16.937324 -8.946114 -1.435708
1769100857.100286 16.937859 -8.950364 -1.441759
1769100857.150266 16.938624 -8.956589 -1.446173
1769100857.200289 16.939132 -8.960893 -1.453081
1769100857.250292 16.939595 -8.965200 -1.458300
1769100857.300302 16.940281 -8.971642 -1.465522
1769100857.350291 16.940705 -8.975954 -1.472403
1769100857.400301 16.941091 -8.980267 -1.476952
1769100857.450271 16.941649 -8.986592 -1.480072
1769100857.500296 16.941989 -8.990926 -1.478306
1769100857.550296 16.942325 -8.995089 -1.477182
1769100857.600352 16.942881 -9.001471 -1.476811
1769100857.650317 16.943240 -9.005738 -1.475956
1769100857.700297 16.943606 -9.009982 -1.476377
1769100857.750304 16.944174 -9.016439 -1.475023
1769100857.800321 16.944535 -9.020580 -1.475369
1769100857.850343 16.944922 -9.024874 -1.478170
1769100857.900327 16.945486 -9.031303 -1.477528
1769100857.950329 16.945841 -9.035419 -1.478438
1769100858.000341 16.946205 -9.039660 -1.480686
1769100858.050302 16.946749 -9.046045 -1.480986
1769100858.100317 16.947103 -9.050336 -1.481582
1769100858.150322 16.947448 -9.054649 -1.480928
1769100858.200310 16.947977 -9.060985 -1.480961
1769100858.250303 16.948333 -9.065329 -1.481687
1769100858.300307 16.948687 -9.069696 -1.481969
1769100858.350363 16.949235 -9.076208 -1.483100
1769100858.400310 16.949597 -9.080652 -1.484249
1769100858.450319 16.949940 -9.085017 -1.484941
1769100858.500314 16.950284 -9.089364 -1.486679
1769100858.550313 16.950800 -9.095871 -1.486817
1769100858.600361 16.951115 -9.100085 -1.485523
1769100858.650310 16.951440 -9.104326 -1.485618
1769100858.700289 16.951938 -9.110635 -1.484288
1769100858.750314 16.952258 -9.114776 -1.483363
1769100858.800307 16.952582 -9.118990 -1.481595
1769100858.850316 16.953097 -9.125274 -1.479494
1769100858.900384 16.953432 -9.129439 -1.477417
1769100858.950313 16.953786 -9.133708 -1.476387
1769100859.000291 16.954346 -9.140071 -1.476996
1769100859.050293 16.954711 -9.144364 -1.478291
1769100859.100294 16.955072 -9.148657 -1.478944
1769100859.150295 16.955618 -9.154916 -1.481018
1769100859.200320 16.955952 -9.159078 -1.481156
1769100859.250294 16.956472 -9.165235 -1.483693
1769100859.300301 16.956800 -9.169301 -1.485521
1769100859.350324 16.957146 -9.173647 -1.487637
1769100859.400317 16.957643 -9.179904 -1.488352
1769100859.450321 16.957970 -9.184195 -1.488433
1769100859.500325 16.958448 -9.190374 -1.487716
1769100859.550324 16.958781 -9.194715 -1.486471
1769100859.600339 16.959119 -9.199056 -1.485482
1769100859.650330 16.959628 -9.205341 -1.484556
1769100859.700358 16.959973 -9.209683 -1.484077
1769100859.750355 16.960316 -9.213920 -1.483595
1769100859.800349 16.960858 -9.220359 -1.484442
1769100859.850349 16.961183 -9.224562 -1.480882
1769100859.900328 16.961506 -9.228524 -1.480171
1769100859.950330 16.962045 -9.234806 -1.480961
1769100860.000312 16.962375 -9.238842 -1.479828
1769100860.050332 16.962724 -9.243057 -1.479883
1769100860.100384 16.963244 -9.249212 -1.479653
1769100860.150344 16.963596 -9.253478 -1.479713
1769100860.200329 16.963958 -9.257749 -1.481847
1769100860.250348 16.964498 -9.264206 -1.480716
1769100860.300334 16.964855 -9.268479 -1.482774
1769100860.350333 16.965221 -9.272923 -1.485660
1769100860.400314 16.965760 -9.279483 -1.488898
1769100860.450336 16.966105 -9.283882 -1.493838
1769100860.500357 16.966425 -9.288303 -1.499285
1769100860.550340 16.966868 -9.294734 -1.504193
1769100860.600348 16.967134 -9.299026 -1.507586
1769100860.650316 16.967372 -9.303295 -1.510855
1769100860.700335 16.967724 -9.309608 -1.515154
1769100860.750341 16.967940 -9.313832 -1.519069
1769100860.800339 16.968135 -9.317980 -1.522155
1769100860.850424 16.968397 -9.323990 -1.522887
1769100860.900404 16.968585 -9.328248 -1.528183
1769100860.950354 16.968746 -9.332498 -1.532237
1769100861.000345 16.968975 -9.338950 -1.536383
1769100861.050405 16.969117 -9.343211 -1.543562
1769100861.100349 16.969230 -9.347494 -1.549718
1769100861.150347 16.969355 -9.353941 -1.554055
1769100861.200346 16.969427 -9.358303 -1.561145
1769100861.250346 16.969464 -9.362510 -1.568392
1769100861.300363 16.969477 -9.368932 -1.573931
1769100861.350348 16.969476 -9.373268 -1.581570
1769100861.400356 16.969438 -9.377523 -1.587702
1769100861.450347 16.969332 -9.383991 -1.591826
1769100861.500360 16.969253 -9.388274 -1.598554
1769100861.550340 16.969128 -9.392641 -1.601782
1769100861.600354 16.968932 -9.399217 -1.607226
1769100861.650385 16.968793 -9.403287 -1.610871
1769100861.700377 16.968622 -9.407658 -1.614009
1769100861.750380 16.968357 -9.414053 -1.618873
1769100861.800373 16.968161 -9.418220 -1.621322
1769100861.850383 16.967943 -9.422519 -1.624993
1769100861.900396 16.967608 -9.428890 -1.631405
1769100861.950372 16.967369 -9.433014 -1.636801
1769100862.000393 16.967112 -9.437132 -1.640921
1769100862.050366 16.966680 -9.443522 -1.647252
1769100862.100362 16.966371 -9.447764 -1.653421
1769100862.150414 16.966032 -9.452132 -1.659573
1769100862.200369 16.965487 -9.458558 -1.666140
1769100862.250365 16.965090 -9.462865 -1.671506
1769100862.300376 16.964663 -9.467272 -1.676688
1769100862.350357 16.963982 -9.473803 -1.682017
1769100862.400346 16.963484 -9.478222 -1.684949
1769100862.450375 16.963001 -9.482506 -1.691135
1769100862.500365 16.962218 -9.488998 -1.695140
1769100862.550376 16.961691 -9.493243 -1.699507
1769100862.600360 16.961165 -9.497418 -1.705423
1769100862.650395 16.960320 -9.503672 -1.708040
1769100862.700364 16.959745 -9.507780 -1.710925
1769100862.750365 16.959161 -9.512003 -1.717668
1769100862.800364 16.958240 -9.518248 -1.720689
1769100862.850368 16.957605 -9.522427 -1.723535
1769100862.900354 16.956951 -9.526655 -1.727017
1769100862.950409 16.955969 -9.532844 -1.730033
1769100863.000383 16.955269 -9.537150 -1.734202
1769100863.050371 16.954552 -9.541474 -1.739574
1769100863.100372 16.953837 -9.545670 -1.744189
1769100863.150363 16.952718 -9.552084 -1.751694
1769100863.200388 16.951968 -9.556193 -1.756065
1769100863.250380 16.951171 -9.560448 -1.760383
1769100863.300370 16.949943 -9.566809 -1.767405
1769100863.350390 16.949107 -9.571038 -1.774414
1769100863.400380 16.948215 -9.575372 -1.779517
1769100863.450380 16.946867 -9.581704 -1.786308
1769100863.500390 16.945937 -9.585949 -1.790640
1769100863.550377 16.945002 -9.590119 -1.793840
1769100863.600377 16.943558 -9.596364 -1.795960
1769100863.650384 16.942610 -9.600432 -1.798852
1769100863.700390 16.941627 -9.604624 -1.802566
1769100863.750381 16.940156 -9.610799 -1.805118
1769100863.800369 16.939182 -9.614869 -1.808912
1769100863.850404 16.938178 -9.618977 -1.811715
1769100863.900405 16.936667 -9.625120 -1.816435
1769100863.950406 16.935611 -9.629317 -1.819768
1769100864.000424 16.934625 -9.633230 -1.823573
1769100864.050449 16.933079 -9.639206 -1.825587
1769100864.100389 16.931959 -9.643483 -1.826161
1769100864.150391 16.930346 -9.649696 -1.829303
1769100864.200389 16.929252 -9.653866 -1.831688
1769100864.250390 16.928111 -9.658165 -1.832690
1769100864.300387 16.926438 -9.664386 -1.832111
1769100864.350396 16.925355 -9.668413 -1.830643
1769100864.400424 16.924304 -9.672354 -1.830657
1769100864.450392 16.922700 -9.678402 -1.831478
1769100864.500412 16.921590 -9.682618 -1.832908
1769100864.550398 16.920466 -9.686819 -1.832309
1769100864.600401 16.918814 -9.693004 -1.831799
1769100864.650396 16.917791 -9.696910 -1.834923
1769100864.700390 16.916161 -9.702967 -1.834519
1769100864.750396 16.915064 -9.707042 -1.833292
1769100864.800378 16.913961 -9.711141 -1.832135
1769100864.850411 16.912404 -9.716994 -1.832464
1769100864.900404 16.911306 -9.721089 -1.830539
1769100864.950415 16.910213 -9.725168 -1.828107
1769100865.000383 16.908576 -9.731363 -1.826952
1769100865.050405 16.907490 -9.735539 -1.828371
1769100865.100402 16.906415 -9.739630 -1.827939
1769100865.150396 16.904753 -9.745977 -1.827912
1769100865.200388 16.903717 -9.749929 -1.829936
1769100865.250385 16.902595 -9.754167 -1.831626
1769100865.300383 16.900985 -9.760273 -1.835566
1769100865.350388 16.899883 -9.764350 -1.837452
1769100865.400408 16.898731 -9.768564 -1.837531
1769100865.450415 16.897023 -9.774817 -1.838493
1769100865.500381 16.895942 -9.778767 -1.839168
1769100865.550405 16.894786 -9.783016 -1.840062
1769100865.600411 16.893158 -9.788905 -1.837828
1769100865.650413 16.892033 -9.793022 -1.835505
1769100865.700425 16.890368 -9.799184 -1.834369
1769100865.750413 16.889268 -9.803296 -1.834018
1769100865.800429 16.888184 -9.807385 -1.833973
1769100865.850443 16.886544 -9.813497 -1.832909
1769100865.900459 16.885522 -9.817373 -1.834540
1769100865.950442 16.884423 -9.821578 -1.838098
1769100866.000455 16.882787 -9.827629 -1.838106
1769100866.050504 16.881678 -9.831757 -1.838410
1769100866.100487 16.880565 -9.835885 -1.838921
1769100866.150424 16.878932 -9.841925 -1.840445
1769100866.200423 16.877779 -9.846164 -1.839408
1769100866.250421 16.876657 -9.850254 -1.838034
1769100866.300413 16.874927 -9.856571 -1.837550
1769100866.350420 16.873800 -9.860768 -1.839295
1769100866.400425 16.872656 -9.864970 -1.840340
1769100866.450485 16.870985 -9.871071 -1.840973
1769100866.500417 16.869886 -9.875073 -1.841765
1769100866.550442 16.868747 -9.879193 -1.842423
1769100866.600420 16.867038 -9.885391 -1.844684
1769100866.650428 16.865881 -9.889517 -1.843769
1769100866.700496 16.864737 -9.893608 -1.842631
1769100866.750425 16.863049 -9.899720 -1.844516
1769100866.800424 16.861915 -9.903795 -1.844123
1769100866.850429 16.860789 -9.907864 -1.844127
1769100866.900444 16.859089 -9.913951 -1.841934
1769100866.950427 16.858036 -9.917789 -1.840770
1769100867.000485 16.856906 -9.921988 -1.841630
1769100867.050417 16.855315 -9.927800 -1.840262
1769100867.100428 16.854189 -9.931992 -1.840783
1769100867.150431 16.852485 -9.938212 -1.840783
1769100867.200474 16.851354 -9.942401 -1.842767
1769100867.250440 16.850225 -9.946634 -1.848229
1769100867.300431 16.848504 -9.952750 -1.846770
1769100867.350439 16.847396 -9.956741 -1.845444
1769100867.400432 16.846246 -9.960906 -1.844489
1769100867.450442 16.844508 -9.967170 -1.840856
1769100867.500434 16.843371 -9.971373 -1.838150
1769100867.550438 16.842246 -9.975532 -1.833014
1769100867.600449 16.840564 -9.981841 -1.826192
1769100867.650430 16.839468 -9.986121 -1.823013
1769100867.700437 16.838453 -9.990148 -1.817859
1769100867.750435 16.836909 -9.996375 -1.812922
1769100867.800476 16.835911 -10.000510 -1.808887
1769100867.850482 16.835000 -10.004436 -1.805813
1769100867.900436 16.833542 -10.010614 -1.799272
1769100867.950443 16.832669 -10.014496 -1.796010
1769100868.000513 16.831756 -10.018615 -1.791740
1769100868.050460 16.830384 -10.024817 -1.785177
1769100868.100452 16.829488 -10.029020 -1.780229
1769100868.150458 16.828669 -10.032976 -1.774662
1769100868.200444 16.827362 -10.039358 -1.767265
1769100868.250443 16.826515 -10.043693 -1.763782
1769100868.300449 16.825716 -10.047892 -1.759403
1769100868.350490 16.824515 -10.054338 -1.755031
1769100868.400431 16.823762 -10.058478 -1.751364
1769100868.450444 16.823007 -10.062776 -1.749414
1769100868.500457 16.821887 -10.069119 -1.745912
1769100868.550453 16.821160 -10.073357 -1.742922
1769100868.600450 16.820439 -10.077579 -1.738104
1769100868.650454 16.819372 -10.084033 -1.734988
1769100868.700452 16.818671 -10.088372 -1.731289
1769100868.750432 16.817997 -10.092607 -1.725762
1769100868.800450 16.817012 -10.099028 -1.722630
1769100868.850487 16.816370 -10.103377 -1.721824
1769100868.900458 16.815759 -10.107558 -1.719941
1769100868.950448 16.814839 -10.113884 -1.718932
1769100869.000438 16.814243 -10.118038 -1.716960
1769100869.050468 16.813658 -10.122232 -1.716137
1769100869.100446 16.812791 -10.128417 -1.717007
1769100869.150462 16.812236 -10.132427 -1.716599
1769100869.200454 16.811648 -10.136698 -1.716877
1769100869.250460 16.810762 -10.142968 -1.717183
1769100869.300474 16.810167 -10.147219 -1.716345
1769100869.350461 16.809573 -10.151486 -1.716863
1769100869.400474 16.808658 -10.157925 -1.716831
1769100869.450460 16.808050 -10.162250 -1.715627
1769100869.500441 16.807478 -10.166336 -1.715174
1769100869.550472 16.806556 -10.172854 -1.715395
1769100869.600444 16.805954 -10.177143 -1.715888
1769100869.650518 16.805376 -10.181226 -1.715875
1769100869.700511 16.804470 -10.187601 -1.717603
1769100869.750481 16.803878 -10.191793 -1.719185
1769100869.800507 16.803272 -10.195993 -1.719205
1769100869.850488 16.802339 -10.202337 -1.718415
1769100869.900464 16.801763 -10.206355 -1.718822
1769100869.950474 16.801150 -10.210592 -1.717261
1769100870.000582 16.800242 -10.216906 -1.716590
1769100870.050469 16.799671 -10.220897 -1.714276
1769100870.100486 16.798804 -10.227044 -1.712730
1769100870.150474 16.798252 -10.231058 -1.712166
1769100870.200467 16.797672 -10.235297 -1.710540
1769100870.250452 16.796808 -10.241659 -1.711431
1769100870.300469 16.796235 -10.245898 -1.710922
1769100870.350535 16.795675 -10.250070 -1.710424
1769100870.400485 16.794822 -10.256354 -1.711965
1769100870.450492 16.794254 -10.260568 -1.713045
1769100870.500558 16.793663 -10.264920 -1.714752
1769100870.550487 16.792764 -10.271312 -1.716256
1769100870.600493 16.792163 -10.275562 -1.716019
1769100870.650482 16.791552 -10.279900 -1.717684
1769100870.700449 16.790595 -10.286476 -1.717087
1769100870.750462 16.789986 -10.290768 -1.717451
1769100870.800474 16.789356 -10.295110 -1.716514
1769100870.850480 16.788424 -10.301545 -1.715820
1769100870.900507 16.787825 -10.305726 -1.714923
1769100870.950485 16.787220 -10.309975 -1.713477
1769100871.000495 16.786341 -10.316224 -1.712778
1769100871.050490 16.785779 -10.320295 -1.713237
1769100871.100473 16.785209 -10.324399 -1.712087
1769100871.150482 16.784326 -10.330742 -1.711053
1769100871.200486 16.783749 -10.334925 -1.710103
1769100871.250468 16.783193 -10.339074 -1.710770
1769100871.300499 16.782316 -10.345472 -1.710725
1769100871.350507 16.781739 -10.349742 -1.710028
1769100871.400492 16.781163 -10.354090 -1.710326
1769100871.450486 16.780292 -10.360450 -1.708864
1769100871.500486 16.779720 -10.364745 -1.708435
1769100871.550490 16.779158 -10.368995 -1.709687
1769100871.600477 16.778291 -10.375393 -1.710019
1769100871.650487 16.777724 -10.379658 -1.710359
1769100871.700490 16.777158 -10.383853 -1.711258
1769100871.750507 16.776278 -10.390244 -1.712207
1769100871.800505 16.775690 -10.394534 -1.713235
1769100871.850490 16.775088 -10.398866 -1.713985
1769100871.900506 16.774499 -10.403127 -1.714869
1769100871.950518 16.773595 -10.409540 -1.714857
1769100872.000499 16.772995 -10.413829 -1.714021
1769100872.050508 16.772407 -10.418082 -1.712657
1769100872.100501 16.771522 -10.424454 -1.711652
1769100872.150560 16.770951 -10.428602 -1.708942
1769100872.200499 16.770136 -10.434632 -1.708222
1769100872.250481 16.769573 -10.438874 -1.707283
1769100872.300483 16.769020 -10.443063 -1.705834
1769100872.350507 16.768232 -10.449078 -1.707621
1769100872.400500 16.767686 -10.453258 -1.709059
1769100872.450501 16.767113 -10.457637 -1.710973
1769100872.500509 16.766248 -10.463984 -1.711989
1769100872.550481 16.765677 -10.468234 -1.713382
1769100872.600512 16.765094 -10.472529 -1.714903
1769100872.650516 16.764197 -10.478918 -1.715151
1769100872.700515 16.763608 -10.483252 -1.716956
1769100872.750493 16.763039 -10.487368 -1.718432
1769100872.800494 16.762141 -10.493656 -1.718874
1769100872.850519 16.761542 -10.497922 -1.719277
1769100872.900512 16.760682 -10.503875 -1.718285
1769100872.950517 16.760100 -10.508047 -1.718867
1769100873.000495 16.759265 -10.513881 -1.718852
1769100873.050527 16.758677 -10.518008 -1.717263
1769100873.100510 16.758114 -10.522016 -1.716607
1769100873.150514 16.757239 -10.528153 -1.715890
1769100873.200514 16.756660 -10.532342 -1.715419
1769100873.250508 16.755807 -10.538406 -1.713636
1769100873.300518 16.755231 -10.542608 -1.711218
1769100873.350524 16.754669 -10.546841 -1.710754
1769100873.400523 16.753831 -10.553045 -1.710662
1769100873.450528 16.753281 -10.557217 -1.710580
1769100873.500510 16.752720 -10.561495 -1.711104
1769100873.550516 16.751865 -10.567783 -1.710095
1769100873.600511 16.751348 -10.571788 -1.711828
1769100873.650520 16.750797 -10.575966 -1.713192
1769100873.700498 16.749917 -10.582415 -1.714770
1769100873.750532 16.749339 -10.586714 -1.716628
1769100873.800514 16.748493 -10.592753 -1.717496
1769100873.850552 16.747903 -10.597051 -1.719406
1769100873.900543 16.747335 -10.601133 -1.719913
1769100873.950547 16.746423 -10.607436 -1.718810
1769100874.000520 16.745856 -10.611494 -1.717347
1769100874.050534 16.745265 -10.615788 -1.718161
1769100874.100537 16.744356 -10.622149 -1.716598
1769100874.150521 16.743778 -10.626373 -1.717859
1769100874.200522 16.743202 -10.630551 -1.720216
1769100874.250535 16.742323 -10.636691 -1.722864
1769100874.300543 16.741744 -10.640797 -1.728313
1769100874.350541 16.741122 -10.644945 -1.730652
1769100874.400554 16.740143 -10.651310 -1.736859
1769100874.450563 16.739468 -10.655632 -1.744593
1769100874.500567 16.738778 -10.659828 -1.748729
1769100874.550529 16.737669 -10.666255 -1.754137
1769100874.600547 16.736911 -10.670585 -1.759336
1769100874.650542 16.736151 -10.674798 -1.764356
1769100874.700528 16.734923 -10.681280 -1.770038
1769100874.750560 16.734104 -10.685540 -1.776087
1769100874.800533 16.733260 -10.689785 -1.780801
1769100874.850554 16.731963 -10.696070 -1.785963
1769100874.900547 16.731071 -10.700341 -1.792324
1769100874.950545 16.730160 -10.704537 -1.795991
1769100875.000556 16.728771 -10.710779 -1.802520
1769100875.050544 16.727819 -10.714976 -1.807761
1769100875.100546 16.726853 -10.719139 -1.811330
1769100875.150522 16.725381 -10.725306 -1.815532
1769100875.200550 16.724417 -10.729315 -1.818136
1769100875.250557 16.723409 -10.733441 -1.820654
1769100875.300523 16.721878 -10.739644 -1.826080
1769100875.350547 16.720913 -10.743519 -1.829167
1769100875.400519 16.719863 -10.747666 -1.831627
1769100875.450596 16.718247 -10.753914 -1.836386
1769100875.500608 16.717198 -10.757938 -1.841465
1769100875.550540 16.716073 -10.762138 -1.845293
1769100875.600547 16.714369 -10.768396 -1.854134
1769100875.650554 16.713274 -10.772329 -1.860904
1769100875.700571 16.712074 -10.776550 -1.868018
1769100875.750558 16.710223 -10.782723 -1.872761
1769100875.800582 16.708965 -10.786896 -1.877540
1769100875.850548 16.707697 -10.791011 -1.884083
1769100875.900635 16.705721 -10.797201 -1.887239
1769100875.950561 16.704405 -10.801308 -1.889335
1769100876.000663 16.703122 -10.805344 -1.893129
1769100876.050564 16.701140 -10.811380 -1.892984
1769100876.100626 16.699833 -10.815425 -1.893215
1769100876.150588 16.698498 -10.819484 -1.889771
1769100876.200579 16.696542 -10.825500 -1.889177
1769100876.250576 16.695241 -10.829587 -1.891616
1769100876.300555 16.693924 -10.833612 -1.889322
1769100876.350563 16.691961 -10.839626 -1.889281
1769100876.400589 16.690651 -10.843671 -1.890664
1769100876.450542 16.689333 -10.847715 -1.890977
1769100876.500553 16.687332 -10.853830 -1.891948
1769100876.550539 16.685983 -10.857890 -1.889682
1769100876.600560 16.684651 -10.861962 -1.889869
1769100876.650580 16.682616 -10.868166 -1.889835
1769100876.700591 16.681273 -10.872282 -1.889786
1769100876.750574 16.679914 -10.876455 -1.891112
1769100876.800567 16.677845 -10.882720 -1.891504
1769100876.850579 16.676561 -10.886639 -1.892373
1769100876.900543 16.675192 -10.890837 -1.894845
1769100876.950561 16.673192 -10.896817 -1.893612
1769100877.000587 16.671883 -10.900748 -1.892618
1769100877.050580 16.670025 -10.906377 -1.894137
1769100877.100577 16.668689 -10.910410 -1.893693
1769100877.150581 16.667448 -10.914154 -1.892512
1769100877.200567 16.665454 -10.920149 -1.890525
1769100877.250572 16.664146 -10.924108 -1.887992
1769100877.300586 16.662854 -10.928079 -1.887159
1769100877.350601 16.660938 -10.933916 -1.883258
1769100877.400584 16.659638 -10.937945 -1.882567
1769100877.450560 16.658305 -10.942100 -1.883390
1769100877.500546 16.656333 -10.948213 -1.882655
1769100877.550561 16.655080 -10.952157 -1.884829
1769100877.600579 16.653149 -10.958083 -1.883657
1769100877.650663 16.651838 -10.962130 -1.883955
1769100877.700586 16.650572 -10.966069 -1.887155
1769100877.750584 16.648594 -10.972126 -1.887594
1769100877.800562 16.647245 -10.976274 -1.889430
1769100877.850642 16.645885 -10.980356 -1.887396
1769100877.900589 16.643867 -10.986511 -1.887080
1769100877.950589 16.642601 -10.990424 -1.888199
1769100878.000575 16.641247 -10.994537 -1.884970
1769100878.050606 16.639273 -11.000637 -1.884578
1769100878.100617 16.637912 -11.004806 -1.881968
1769100878.150593 16.636621 -11.008832 -1.881735
1769100878.200587 16.634667 -11.014935 -1.882058
1769100878.250574 16.633352 -11.018974 -1.878834
1769100878.300584 16.632174 -11.022673 -1.879249
1769100878.350574 16.630314 -11.028513 -1.880489
1769100878.400599 16.629030 -11.032543 -1.880458
1769100878.450591 16.627103 -11.038574 -1.880418
1769100878.500603 16.625802 -11.042613 -1.879141
1769100878.550605 16.624527 -11.046586 -1.878364
1769100878.600583 16.622548 -11.052818 -1.878788
1769100878.650597 16.621218 -11.056958 -1.877440
1769100878.700601 16.619900 -11.061095 -1.877838
1769100878.750616 16.618544 -11.065335 -1.879247
1769100878.800607 16.616551 -11.071589 -1.880782
1769100878.850628 16.615208 -11.075804 -1.884110
1769100878.900599 16.613866 -11.079890 -1.882523
1769100878.950603 16.611847 -11.086115 -1.883129
1769100879.000612 16.610556 -11.090090 -1.884496
1769100879.050591 16.608639 -11.095980 -1.884531
1769100879.100610 16.607306 -11.100066 -1.883866
1769100879.150604 16.605992 -11.104071 -1.881824
1769100879.200605 16.604061 -11.110014 -1.879837
1769100879.250638 16.602763 -11.114086 -1.880926
1769100879.300614 16.601519 -11.117931 -1.878584
1769100879.350626 16.599592 -11.123966 -1.877694
1769100879.400601 16.598287 -11.128045 -1.876769
1769100879.450614 16.597091 -11.131806 -1.876515
1769100879.500620 16.595143 -11.137972 -1.877338
1769100879.550682 16.593852 -11.141977 -1.875555
1769100879.600583 16.592568 -11.146013 -1.876471
1769100879.650608 16.590624 -11.152147 -1.878517
1769100879.700608 16.589313 -11.156241 -1.879872
1769100879.750627 16.588001 -11.160317 -1.880273
1769100879.800577 16.586096 -11.166244 -1.880812
1769100879.850638 16.584761 -11.170377 -1.880023
1769100879.900617 16.583445 -11.174524 -1.882108
1769100879.950615 16.581460 -11.180638 -1.879451
1769100880.000696 16.580110 -11.184830 -1.878871
1769100880.050637 16.578766 -11.189030 -1.880378
1769100880.100682 16.576778 -11.195218 -1.879882
1769100880.150646 16.575543 -11.199084 -1.881150
1769100880.200591 16.573643 -11.204928 -1.878111
1769100880.250671 16.572365 -11.208898 -1.877040
1769100880.300583 16.571151 -11.212715 -1.878597
1769100880.350606 16.569240 -11.218690 -1.877404
1769100880.400678 16.568027 -11.222476 -1.878092
1769100880.450686 16.566743 -11.226480 -1.879891
1769100880.500720 16.564818 -11.232489 -1.883047
1769100880.550585 16.563563 -11.236396 -1.888596
1769100880.600600 16.561549 -11.242478 -1.890594
1769100880.650589 16.560185 -11.246595 -1.895960
1769100880.700589 16.558780 -11.250756 -1.901993
1769100880.750615 16.556661 -11.256902 -1.907981
1769100880.800615 16.555176 -11.261130 -1.913604
1769100880.850635 16.553715 -11.265222 -1.921274
1769100880.900585 16.552232 -11.269299 -1.928792
1769100880.950683 16.549943 -11.275371 -1.931817
1769100881.000688 16.548381 -11.279462 -1.936516
1769100881.050595 16.546866 -11.283368 -1.939897
1769100881.100597 16.544527 -11.289375 -1.944108
1769100881.150597 16.542996 -11.293240 -1.948568
1769100881.200584 16.541417 -11.297181 -1.952077
1769100881.250582 16.539033 -11.303089 -1.955331
1769100881.300604 16.537407 -11.307040 -1.957953
1769100881.350590 16.535775 -11.311007 -1.962473
1769100881.400587 16.533339 -11.316876 -1.967270
1769100881.450582 16.531756 -11.320601 -1.970613
1769100881.500597 16.529357 -11.326241 -1.976145
1769100881.550584 16.527659 -11.330176 -1.981270
1769100881.600589 16.525980 -11.333975 -1.986405
1769100881.650603 16.523351 -11.339849 -1.990236
1769100881.700602 16.521606 -11.343755 -1.997491
1769100881.750641 16.519842 -11.347598 -2.002937
1769100881.800676 16.517096 -11.353511 -2.007601
1769100881.850674 16.515247 -11.357454 -2.013505
1769100881.900615 16.513373 -11.361345 -2.017271
1769100881.950601 16.511444 -11.365340 -2.022790
1769100882.000641 16.508543 -11.371252 -2.026894
1769100882.050725 16.506602 -11.375140 -2.029821
1769100882.100608 16.504669 -11.379031 -2.036012
1769100882.150608 16.501776 -11.384690 -2.035563
1769100882.200624 16.499843 -11.388487 -2.038872
1769100882.250614 16.497922 -11.392220 -2.042461
1769100882.300615 16.495083 -11.397721 -2.045295
1769100882.350600 16.493144 -11.401429 -2.048877
1769100882.400600 16.491183 -11.405203 -2.056309
1769100882.450622 16.488210 -11.410773 -2.060381
1769100882.500581 16.486173 -11.414510 -2.064013
1769100882.550645 16.484107 -11.418302 -2.071442
1769100882.600667 16.480964 -11.423989 -2.077289
1769100882.650609 16.478810 -11.427818 -2.082802
1769100882.700647 16.476666 -11.431598 -2.088928
1769100882.750625 16.473351 -11.437353 -2.094387
1769100882.800594 16.471178 -11.441080 -2.099903
1769100882.850617 16.468919 -11.444847 -2.103213
1769100882.900626 16.465655 -11.450324 -2.108623
1769100882.950600 16.463409 -11.454047 -2.115490
1769100883.000608 16.461271 -11.457510 -2.118258
1769100883.050606 16.458054 -11.462707 -2.122783
1769100883.100621 16.455822 -11.466271 -2.127047
1769100883.150617 16.452535 -11.471502 -2.131791
1769100883.200630 16.450226 -11.475108 -2.135641
1769100883.250661 16.447922 -11.478708 -2.141173
1769100883.300647 16.444537 -11.483920 -2.144667
1769100883.350680 16.442283 -11.487352 -2.147271
1769100883.400648 16.439945 -11.490886 -2.151245
1769100883.450643 16.436406 -11.496236 -2.156205
1769100883.500685 16.434062 -11.499743 -2.161069
1769100883.550635 16.431650 -11.503295 -2.166589
1769100883.600654 16.428048 -11.508551 -2.172023
1769100883.650679 16.425594 -11.512097 -2.179848
1769100883.700715 16.423082 -11.515621 -2.184220
1769100883.750643 16.419354 -11.520856 -2.192072
1769100883.800712 16.416801 -11.524386 -2.200214
1769100883.850688 16.414180 -11.527925 -2.205092
1769100883.900683 16.410348 -11.533066 -2.210325
1769100883.950664 16.407695 -11.536575 -2.213361
1769100884.000698 16.405274 -11.539720 -2.215601
1769100884.050676 16.401497 -11.544664 -2.218989
1769100884.100676 16.398893 -11.548037 -2.222301
1769100884.150666 16.395055 -11.553002 -2.225454
1769100884.200650 16.392434 -11.556349 -2.226949
1769100884.250658 16.389799 -11.559699 -2.230167
1769100884.300666 16.386010 -11.564511 -2.234711
1769100884.350654 16.383389 -11.567824 -2.240431
1769100884.400665 16.380715 -11.571135 -2.245634
1769100884.450673 16.376669 -11.576120 -2.250526
1769100884.500674 16.374013 -11.579367 -2.256110
1769100884.550661 16.371164 -11.582747 -2.258774
1769100884.600658 16.367104 -11.587609 -2.264629
1769100884.650653 16.364297 -11.590913 -2.269622
1769100884.700677 16.361417 -11.594282 -2.275529
1769100884.750686 16.357397 -11.598941 -2.281491
1769100884.800676 16.354489 -11.602256 -2.285470
1769100884.850685 16.351577 -11.605544 -2.291134
1769100884.900679 16.347264 -11.610364 -2.295182
1769100884.950699 16.344516 -11.613395 -2.300475
1769100885.000728 16.340196 -11.618162 -2.306706
1769100885.050686 16.337410 -11.621181 -2.310298
1769100885.100661 16.334619 -11.624168 -2.313951
1769100885.150760 16.330300 -11.628765 -2.316990
1769100885.200665 16.327405 -11.631830 -2.320467
1769100885.250675 16.324512 -11.634857 -2.323671
1769100885.300682 16.320193 -11.639404 -2.327987
1769100885.350666 16.317265 -11.642446 -2.332334
1769100885.400673 16.314261 -11.645504 -2.334986
1769100885.450667 16.309766 -11.650109 -2.339863
1769100885.500689 16.306657 -11.653267 -2.346109
1769100885.550674 16.303545 -11.656377 -2.351704
1769100885.600671 16.298894 -11.661017 -2.358740
1769100885.650687 16.295777 -11.664075 -2.364963
1769100885.700670 16.292627 -11.667124 -2.371507
1769100885.750689 16.287924 -11.671604 -2.377023
1769100885.800705 16.284818 -11.674537 -2.383666
1769100885.850720 16.281631 -11.677458 -2.386647
1769100885.900674 16.276949 -11.681796 -2.392196
1769100885.950684 16.273852 -11.684610 -2.395723
1769100886.000694 16.270667 -11.687493 -2.400428
1769100886.050706 16.265949 -11.691725 -2.403369
1769100886.100689 16.262891 -11.694446 -2.407333
1769100886.150672 16.259878 -11.697118 -2.412145
1769100886.200698 16.255188 -11.701253 -2.415890
1769100886.250685 16.251933 -11.704078 -2.419043
1769100886.300682 16.247302 -11.708102 -2.423293
1769100886.350678 16.244027 -11.710933 -2.428831
1769100886.400676 16.240755 -11.713720 -2.434617
1769100886.450695 16.235862 -11.717853 -2.440471
1769100886.500673 16.232551 -11.720644 -2.447280
1769100886.550692 16.229349 -11.723279 -2.452037
1769100886.600688 16.224292 -11.727405 -2.458430
1769100886.650697 16.220937 -11.730105 -2.465098
1769100886.700691 16.217513 -11.732798 -2.469213
1769100886.750669 16.212329 -11.736868 -2.475188
1769100886.800669 16.208823 -11.739588 -2.480476
1769100886.850691 16.205370 -11.742233 -2.483730
1769100886.900705 16.201935 -11.744847 -2.487254
1769100886.950691 16.196749 -11.748762 -2.490669
1769100887.000692 16.193401 -11.751272 -2.494636
1769100887.050698 16.189995 -11.753822 -2.499419
1769100887.100689 16.184932 -11.757557 -2.502129
1769100887.150699 16.181771 -11.759867 -2.505915
1769100887.200695 16.176732 -11.763561 -2.512264
1769100887.250721 16.173291 -11.766035 -2.517323
1769100887.300694 16.169829 -11.768493 -2.522266
1769100887.350702 16.164588 -11.772223 -2.531221
1769100887.400804 16.161045 -11.774690 -2.537254
1769100887.450703 16.157462 -11.777152 -2.543256
1769100887.500699 16.152098 -11.780755 -2.548221
1769100887.550698 16.148426 -11.783226 -2.553683
1769100887.600792 16.144696 -11.785705 -2.559312
1769100887.650682 16.139254 -11.789255 -2.564571
1769100887.700759 16.135613 -11.791632 -2.570498
1769100887.750720 16.132006 -11.793942 -2.574933
1769100887.800711 16.128317 -11.796258 -2.578794
1769100887.850734 16.122898 -11.799639 -2.584574
1769100887.900688 16.119234 -11.801915 -2.590326
1769100887.950762 16.115579 -11.804157 -2.595182
1769100888.000685 16.110178 -11.807422 -2.600435
1769100888.050754 16.106556 -11.809577 -2.603036
1769100888.100698 16.102976 -11.811717 -2.607796
1769100888.150694 16.097462 -11.814940 -2.611068
1769100888.200709 16.093806 -11.817103 -2.617234
1769100888.250716 16.090131 -11.819251 -2.622839
1769100888.300709 16.084559 -11.822393 -2.624606
1769100888.350711 16.080827 -11.824526 -2.629295
1769100888.400791 16.077066 -11.826633 -2.634115
1769100888.450711 16.071357 -11.829797 -2.640007
1769100888.500730 16.067489 -11.831918 -2.645656
1769100888.550714 16.063644 -11.834004 -2.652966
1769100888.600714 16.057886 -11.837054 -2.660540
1769100888.650713 16.054038 -11.839014 -2.663181
1769100888.700713 16.050212 -11.840974 -2.668053
1769100888.750715 16.044627 -11.843804 -2.673073
1769100888.800717 16.040829 -11.845722 -2.677571
1769100888.850745 16.037046 -11.847599 -2.681043
1769100888.900710 16.031383 -11.850397 -2.685048
1769100888.950728 16.027659 -11.852211 -2.687199
1769100889.000758 16.023807 -11.854076 -2.689224
1769100889.050723 16.018013 -11.856896 -2.694847
1769100889.100720 16.014225 -11.858694 -2.697637
1769100889.150721 16.010314 -11.860578 -2.703394
1769100889.200685 16.004543 -11.863260 -2.708224
1769100889.250723 16.000701 -11.865030 -2.712411
1769100889.300741 15.996833 -11.866809 -2.718908
1769100889.350724 15.990954 -11.869412 -2.724706
1769100889.400738 15.987077 -11.871143 -2.731107
1769100889.450724 15.983133 -11.872879 -2.737894
1769100889.500726 15.977214 -11.875362 -2.741695
1769100889.550722 15.973314 -11.877002 -2.746519
1769100889.600748 15.969253 -11.878687 -2.752283
1769100889.650747 15.963213 -11.881133 -2.758200
1769100889.700753 15.959078 -11.882784 -2.762735
1769100889.750754 15.954986 -11.884428 -2.769327
1769100889.800764 15.948934 -11.886761 -2.773385
1769100889.850776 15.944881 -11.888278 -2.774939
1769100889.900737 15.940920 -11.889771 -2.778206
1769100889.950749 15.935000 -11.891993 -2.782986
1769100890.000761 15.931027 -11.893484 -2.787562
1769100890.050761 15.927112 -11.894928 -2.792136
1769100890.100745 15.921270 -11.897017 -2.796061
1769100890.150738 15.917340 -11.898436 -2.800558
1769100890.200760 15.913240 -11.899855 -2.804534
1769100890.250736 15.907188 -11.901944 -2.811015
1769100890.300737 15.903095 -11.903350 -2.817121
1769100890.350744 15.898918 -11.904743 -2.822617
1769100890.400741 15.892714 -11.906746 -2.827815
1769100890.450746 15.888490 -11.908080 -2.832341
1769100890.500740 15.884289 -11.909434 -2.839635
1769100890.550758 15.880101 -11.910684 -2.843200
1769100890.600743 15.873816 -11.912607 -2.850726
1769100890.650751 15.869706 -11.913811 -2.855911
1769100890.700748 15.863809 -11.915498 -2.859734
1769100890.750755 15.859741 -11.916653 -2.864119
1769100890.800752 15.855695 -11.917763 -2.867177
1769100890.850746 15.849769 -11.919397 -2.871542
1769100890.900772 15.845683 -11.920510 -2.875752
1769100890.950754 15.841677 -11.921557 -2.878551
1769100891.000750 15.835526 -11.923205 -2.883421
1769100891.050752 15.831362 -11.924277 -2.886389
1769100891.100761 15.827252 -11.925336 -2.890045
1769100891.150751 15.821203 -11.926896 -2.896526
1769100891.200768 15.817084 -11.927890 -2.899208
1769100891.250768 15.812959 -11.928899 -2.903067
1769100891.300755 15.806634 -11.930413 -2.908470
1769100891.350763 15.802528 -11.931387 -2.913376
1769100891.400750 15.798346 -11.932331 -2.918773
1769100891.450757 15.791921 -11.933820 -2.929858
1769100891.500756 15.787763 -11.934697 -2.935621
1769100891.550767 15.783457 -11.935583 -2.941142
1769100891.600767 15.777072 -11.936822 -2.947075
1769100891.650758 15.772829 -11.937612 -2.950677
1769100891.700800 15.768571 -11.938394 -2.954526
1769100891.750781 15.762235 -11.939540 -2.958414
1769100891.800829 15.758021 -11.940300 -2.961735
1769100891.850794 15.753832 -11.941075 -2.966221
1769100891.900812 15.747622 -11.942117 -2.968169
1769100891.950761 15.743513 -11.942833 -2.971752
1769100892.000769 15.739274 -11.943548 -2.976309
1769100892.050788 15.732980 -11.944581 -2.981595
1769100892.100776 15.728725 -11.945258 -2.986163
1769100892.150774 15.724503 -11.945911 -2.991619
1769100892.200765 15.718181 -11.946825 -2.997024
1769100892.250770 15.713865 -11.947439 -3.002137
1769100892.300766 15.709576 -11.948039 -3.008158
1769100892.350765 15.703383 -11.948841 -3.014431
1769100892.400821 15.699242 -11.949342 -3.018259
1769100892.450766 15.695030 -11.949847 -3.022886
1769100892.500778 15.688784 -11.950533 -3.026472
1769100892.550767 15.684407 -11.951033 -3.032663
1769100892.600775 15.677988 -11.951660 -3.036826
1769100892.650769 15.673627 -11.952129 -3.042817
1769100892.700772 15.669311 -11.952579 -3.050434
1769100892.750785 15.662903 -11.953120 -3.054735
1769100892.800774 15.658780 -11.953479 -3.058961
1769100892.850789 15.654532 -11.953842 -3.064283
1769100892.900771 15.650383 -11.954121 -3.066445
1769100892.950787 15.644137 -11.954550 -3.068392
1769100893.000774 15.639935 -11.954858 -3.070331
1769100893.050780 15.635833 -11.955102 -3.069314
1769100893.100774 15.629464 -11.955538 -3.068442
1769100893.150776 15.625445 -11.955808 -3.067834
1769100893.200782 15.619266 -11.956265 -3.068382
1769100893.250782 15.615061 -11.956566 -3.068420
1769100893.300865 15.610783 -11.956854 -3.068818
1769100893.350802 15.604178 -11.957326 -3.071143
1769100893.400786 15.599811 -11.957644 -3.074008
1769100893.450781 15.595541 -11.957905 -3.074471
1769100893.500777 15.589080 -11.958345 -3.077401
1769100893.550782 15.584792 -11.958577 -3.077959
1769100893.600869 15.580454 -11.958801 -3.077044
1769100893.650895 15.573976 -11.959244 -3.080081
1769100893.700811 15.569816 -11.959453 -3.078256
1769100893.750798 15.565557 -11.959670 -3.075592
1769100893.800811 15.559156 -11.960058 -3.074520
1769100893.850814 15.554920 -11.960323 -3.074258
1769100893.900827 15.550589 -11.960645 -3.076431
1769100893.950843 15.544231 -11.961051 -3.075773
1769100894.000843 15.539931 -11.961353 -3.077655
1769100894.050809 15.535582 -11.961664 -3.080945
1769100894.100810 15.529287 -11.962041 -3.080772
1769100894.150798 15.525254 -11.962299 -3.081616
1769100894.200791 15.521049 -11.962554 -3.082963
1769100894.250791 15.514622 -11.962930 -3.083467
1769100894.300793 15.510499 -11.963243 -3.088303
1769100894.350794 15.504332 -11.963573 -3.088331
1769100894.400793 15.500061 -11.963802 -3.088627
1769100894.450804 15.495901 -11.964038 -3.089783
1769100894.500795 15.489423 -11.964382 -3.090961
1769100894.550807 15.485144 -11.964653 -3.094419
1769100894.600797 15.478847 -11.964938 -3.094762
1769100894.650799 15.474744 -11.965154 -3.095590
1769100894.700800 15.470372 -11.965407 -3.098424
1769100894.750800 15.464024 -11.965675 -3.097533
1769100894.800812 15.459821 -11.965893 -3.098398
1769100894.850802 15.453529 -11.966186 -3.098179
1769100894.900808 15.449353 -11.966366 -3.096902
1769100894.950840 15.445137 -11.966610 -3.097607
1769100895.000809 15.441040 -11.966790 -3.095853
1769100895.050804 15.434789 -11.967103 -3.093112
1769100895.100860 15.430472 -11.967357 -3.093037
1769100895.150806 15.426302 -11.967586 -3.093017
1769100895.200806 15.419770 -11.967947 -3.092954
1769100895.250903 15.415509 -11.968164 -3.092762
1769100895.300807 15.411139 -11.968393 -3.093083
1769100895.350821 15.404572 -11.968766 -3.095969
1769100895.400809 15.400362 -11.968972 -3.096358
1769100895.450821 15.396311 -11.969185 -3.097709
1769100895.500813 15.390210 -11.969457 -3.099289
1769100895.550816 15.385845 -11.969647 -3.099104
1769100895.600840 15.379366 -11.969986 -3.102655
1769100895.650842 15.375139 -11.970152 -3.102063
1769100895.700846 15.370862 -11.970323 -3.100781
1769100895.750854 15.364404 -11.970618 -3.100741
1769100895.800832 15.360094 -11.970801 -3.099707
1769100895.850813 15.355718 -11.971012 -3.099151
1769100895.900831 15.351426 -11.971206 -3.098260
1769100895.950826 15.345146 -11.971475 -3.097566
1769100896.000823 15.340825 -11.971718 -3.099495
1769100896.050830 15.336661 -11.971907 -3.098867
1769100896.100834 15.330353 -11.972174 -3.097423
1769100896.150830 15.326200 -11.972377 -3.097993
1769100896.200822 15.320091 -11.972645 -3.097390
1769100896.250818 15.316056 -11.972855 -3.098300
1769100896.300818 15.311887 -11.973038 -3.097793
1769100896.350818 15.305634 -11.973321 -3.096729
1769100896.400815 15.301213 -11.973581 -3.099784
1769100896.450889 15.296961 -11.973771 -3.100793
1769100896.500839 15.290240 -11.974080 -3.102594
1769100896.550828 15.285923 -11.974249 -3.103690
1769100896.600829 15.281530 -11.974404 -3.103742
1769100896.650827 15.274993 -11.974701 -3.107998
1769100896.700826 15.270910 -11.974837 -3.109637
1769100896.750829 15.264525 -11.975038 -3.109683
1769100896.800864 15.260295 -11.975187 -3.110422
1769100896.850845 15.255980 -11.975324 -3.110134
1769100896.900830 15.249707 -11.975569 -3.111696
1769100896.950843 15.245540 -11.975701 -3.109694
1769100897.000833 15.241369 -11.975850 -3.107459
1769100897.050836 15.234998 -11.976135 -3.108905
1769100897.100833 15.230711 -11.976275 -3.106867
1769100897.150829 15.226454 -11.976446 -3.106255
1769100897.200861 15.222199 -11.976584 -3.104671
1769100897.250836 15.215732 -11.976843 -3.104849
1769100897.300850 15.211320 -11.977063 -3.107815
1769100897.350837 15.207173 -11.977215 -3.108403
1769100897.400841 15.200818 -11.977411 -3.107780
1769100897.450840 15.196473 -11.977587 -3.109482
1769100897.500835 15.192180 -11.977733 -3.110989
1769100897.550844 15.185679 -11.977982 -3.113450
1769100897.600834 15.181456 -11.978115 -3.113077
1769100897.650859 15.177204 -11.978224 -3.111283
1769100897.700854 15.170579 -11.978488 -3.114542
1769100897.750882 15.166233 -11.978587 -3.113514
1769100897.800916 15.161785 -11.978781 -3.116075
1769100897.850886 15.155357 -11.978943 -3.115545
1769100897.900905 15.151069 -11.979059 -3.114827
1769100897.950877 15.146770 -11.979219 -3.116764
1769100898.000854 15.140457 -11.979392 -3.116773
1769100898.050854 15.136337 -11.979478 -3.114251
1769100898.100861 15.132115 -11.979594 -3.113741
1769100898.150849 15.125842 -11.979801 -3.114418
1769100898.200855 15.121580 -11.979916 -3.113873
1769100898.250853 15.117517 -11.980016 -3.112222
1769100898.300853 15.111117 -11.980226 -3.111905
1769100898.350851 15.106925 -11.980401 -3.114762
1769100898.400849 15.102640 -11.980528 -3.114426
1769100898.450863 15.096015 -11.980739 -3.116174
1769100898.500903 15.091656 -11.980893 -3.118633
1769100898.550863 15.087244 -11.981014 -3.119295
1769100898.600853 15.080728 -11.981218 -3.123793
1769100898.650866 15.076392 -11.981328 -3.126671
1769100898.700857 15.072016 -11.981418 -3.127608
1769100898.750859 15.065526 -11.981511 -3.128329
1769100898.800860 15.061250 -11.981554 -3.127923
1769100898.850878 15.057060 -11.981617 -3.127944
1769100898.900877 15.050703 -11.981718 -3.126706
1769100898.950874 15.046461 -11.981786 -3.125503
1769100899.000875 15.042160 -11.981889 -3.126122
1769100899.050871 15.035733 -11.981999 -3.124844
1769100899.100873 15.031463 -11.982102 -3.124783
1769100899.150888 15.027200 -11.982203 -3.124999
1769100899.200866 15.020852 -11.982322 -3.123829
1769100899.250894 15.016518 -11.982445 -3.125269
1769100899.300869 15.012364 -11.982541 -3.126244
1769100899.350877 15.006048 -11.982644 -3.124985
1769100899.400890 15.001760 -11.982768 -3.127313
1769100899.450871 14.997464 -11.982849 -3.128261
1769100899.500869 14.990929 -11.982999 -3.129995
1769100899.550927 14.986816 -11.983061 -3.128991
1769100899.600908 14.982467 -11.983132 -3.128185
1769100899.650961 14.976147 -11.983285 -3.131649
1769100899.700890 14.971735 -11.983370 -3.132862
1769100899.750903 14.967298 -11.983476 -3.135063
1769100899.800998 14.960771 -11.983553 -3.136252
1769100899.850889 14.956399 -11.983578 -3.135563
1769100899.900946 14.952048 -11.983628 -3.136074
1769100899.950907 14.945743 -11.983697 -3.136028
1769100900.000904 14.941483 -11.983748 -3.134643
1769100900.050906 14.937316 -11.983772 -3.129977
1769100900.100874 14.930940 -11.983868 -3.125490
1769100900.150910 14.926807 -11.983911 -3.118731
1769100900.200908 14.922710 -11.983998 -3.110974
1769100900.250903 14.916219 -11.984300 -3.108186
1769100900.300880 14.911967 -11.984418 -3.100704
1769100900.350886 14.907724 -11.984601 -3.094693
1769100900.400892 14.901348 -11.984963 -3.091912
1769100900.450883 14.897025 -11.985188 -3.087169
1769100900.500979 14.892738 -11.985449 -3.084071
1769100900.550885 14.886297 -11.985858 -3.081117
1769100900.600910 14.882186 -11.986149 -3.078476
1769100900.650885 14.876012 -11.986568 -3.074752
1769100900.700885 14.871685 -11.986853 -3.069898
1769100900.750886 14.867433 -11.987163 -3.066093
1769100900.800909 14.861196 -11.987649 -3.060961
1769100900.850898 14.856861 -11.987981 -3.054979
1769100900.900909 14.852555 -11.988357 -3.049831
1769100900.950901 14.846042 -11.988989 -3.045470
1769100901.000885 14.841994 -11.989371 -3.040184
1769100901.050913 14.837792 -11.989778 -3.034574
1769100901.100907 14.831598 -11.990494 -3.032335
1769100901.150893 14.827616 -11.990935 -3.027686
1769100901.200917 14.821370 -11.991665 -3.021318
1769100901.250914 14.817114 -11.992167 -3.015888
1769100901.300906 14.812989 -11.992662 -3.008671
1769100901.350911 14.806686 -11.993555 -3.004402
1769100901.400897 14.802586 -11.994094 -2.997228
1769100901.450919 14.798231 -11.994761 -2.992620
1769100901.500919 14.791895 -11.995746 -2.986880
1769100901.550899 14.787683 -11.996399 -2.980537
1769100901.600914 14.783411 -11.997095 -2.975801
1769100901.650938 14.777166 -11.998183 -2.972390
1769100901.700961 14.772865 -11.998931 -2.969215
1769100901.750958 14.768656 -11.999683 -2.967343
1769100901.800941 14.764396 -12.000469 -2.965653
1769100901.850919 14.757967 -12.001597 -2.959291
1769100901.900923 14.753765 -12.002393 -2.957465
1769100901.950923 14.749460 -12.003211 -2.954623
1769100902.000976 14.743062 -12.004439 -2.949634
1769100902.050906 14.738773 -12.005276 -2.944921
1769100902.100916 14.734538 -12.006086 -2.937484
1769100902.150921 14.728143 -12.007427 -2.931877
1769100902.200912 14.723958 -12.008319 -2.927193
1769100902.250906 14.719883 -12.009197 -2.920729
1769100902.300985 14.713714 -12.010619 -2.916162
1769100902.350922 14.709809 -12.011541 -2.913505
1769100902.400926 14.703603 -12.013012 -2.909965
1769100902.450938 14.699540 -12.013999 -2.909609
1769100902.500930 14.695352 -12.015024 -2.910407
1769100902.550941 14.689125 -12.016534 -2.911635
1769100902.600927 14.685012 -12.017514 -2.911136
1769100902.650931 14.680777 -12.018549 -2.911719
1769100902.700938 14.676540 -12.019566 -2.912166
1769100902.750949 14.670228 -12.021086 -2.913102
1769100902.800921 14.665976 -12.022092 -2.912520
1769100902.850918 14.661840 -12.023069 -2.912830
1769100902.900932 14.655495 -12.024569 -2.913838
1769100902.950934 14.651300 -12.025587 -2.916740
1769100903.000932 14.647183 -12.026562 -2.918238
1769100903.050938 14.640927 -12.027974 -2.917748
1769100903.100941 14.636702 -12.028953 -2.919680
1769100903.150949 14.632500 -12.029921 -2.920700
1769100903.200922 14.626349 -12.031308 -2.920317
1769100903.250956 14.622471 -12.032153 -2.917114
1769100903.300949 14.616403 -12.033538 -2.915682
1769100903.350927 14.612211 -12.034506 -2.914933
1769100903.400939 14.608129 -12.035447 -2.912780
1769100903.450930 14.601822 -12.036940 -2.912109
1769100903.500926 14.597771 -12.037878 -2.910666
1769100903.550926 14.593701 -12.038845 -2.910055
1769100903.600924 14.587580 -12.040328 -2.911186
1769100903.650933 14.583606 -12.041278 -2.911356
1769100903.701050 14.579487 -12.042259 -2.911322
1769100903.750959 14.573489 -12.043699 -2.913895
1769100903.800958 14.569501 -12.044652 -2.915613
1769100903.850952 14.563351 -12.046098 -2.917192
1769100903.900938 14.559195 -12.047070 -2.918618
1769100903.950941 14.555147 -12.048000 -2.918598
1769100904.000949 14.548733 -12.049492 -2.921786
1769100904.050980 14.544529 -12.050457 -2.922211
1769100904.100946 14.540231 -12.051437 -2.922762
1769100904.150966 14.534123 -12.052818 -2.923509
1769100904.200935 14.530181 -12.053678 -2.921699
1769100904.250963 14.524019 -12.055084 -2.922902
1769100904.300952 14.519950 -12.056001 -2.922581
1769100904.350975 14.516042 -12.056897 -2.922313
1769100904.400954 14.509856 -12.058283 -2.921485
1769100904.450961 14.505641 -12.059260 -2.922186
1769100904.500962 14.501433 -12.060268 -2.925135
1769100904.551014 14.495254 -12.061636 -2.922198
1769100904.600945 14.491011 -12.062650 -2.923735
1769100904.650960 14.486722 -12.063681 -2.926913
1769100904.700963 14.480734 -12.065039 -2.925970
1769100904.750947 14.476533 -12.066027 -2.926867
1769100904.800941 14.470250 -12.067446 -2.927048
1769100904.850987 14.466256 -12.068379 -2.928510
1769100904.900967 14.462287 -12.069330 -2.932419
1769100904.950976 14.456357 -12.070660 -2.933176
1769100905.000971 14.452170 -12.071613 -2.935030
1769100905.050977 14.445952 -12.072978 -2.936683
1769100905.100946 14.441726 -12.073926 -2.938449
1769100905.150964 14.437399 -12.074900 -2.941629
1769100905.200959 14.431075 -12.076209 -2.939591
1769100905.250971 14.426746 -12.077144 -2.937887
1769100905.301057 14.422477 -12.078089 -2.937767
1769100905.350976 14.416146 -12.079452 -2.936705
1769100905.400975 14.411923 -12.080374 -2.933955
1769100905.450976 14.407881 -12.081260 -2.931713
1769100905.500976 14.401713 -12.082625 -2.930498
1769100905.550954 14.397585 -12.083584 -2.931599
1769100905.600984 14.393550 -12.084498 -2.930761
1769100905.650974 14.389507 -12.085425 -2.930631
1769100905.700957 14.383343 -12.086799 -2.931120
1769100905.751000 14.379192 -12.087753 -2.931756
1769100905.800992 14.374974 -12.088749 -2.935168
1769100905.851014 14.368650 -12.090119 -2.933752
1769100905.901001 14.364371 -12.091040 -2.931138
1769100905.951001 14.358134 -12.092462 -2.934890
1769100906.001011 14.353917 -12.093387 -2.934870
1769100906.050990 14.349653 -12.094358 -2.936570
1769100906.100996 14.343331 -12.095704 -2.936572
1769100906.150986 14.339128 -12.096639 -2.938282
1769100906.201019 14.334923 -12.097571 -2.940729
1769100906.250991 14.328661 -12.098892 -2.940680
1769100906.300987 14.324479 -12.099785 -2.940152
1769100906.350966 14.320273 -12.100690 -2.940680
1769100906.400965 14.316150 -12.101562 -2.939394
1769100906.451046 14.309848 -12.102915 -2.939860
1769100906.500993 14.305647 -12.103823 -2.938594
1769100906.550998 14.299306 -12.105147 -2.933693
1769100906.600993 14.295057 -12.106124 -2.935456
1769100906.650978 14.290960 -12.107021 -2.934097
1769100906.700997 14.286744 -12.107966 -2.933443
1769100906.750996 14.280544 -12.109328 -2.933104
1769100906.800989 14.276371 -12.110274 -2.934489
1769100906.850999 14.272208 -12.111231 -2.937402
1769100906.900997 14.266085 -12.112558 -2.937290
1769100906.951045 14.261819 -12.113504 -2.938390
1769100907.000978 14.257598 -12.114436 -2.940380
1769100907.050995 14.251252 -12.115786 -2.941560
1769100907.100996 14.246953 -12.116727 -2.943326
1769100907.151001 14.242688 -12.117642 -2.944449
1769100907.200976 14.236181 -12.118951 -2.941373
1769100907.251016 14.231901 -12.119907 -2.944339
1769100907.301057 14.227589 -12.120828 -2.945049
1769100907.351009 14.221200 -12.122151 -2.943724
1769100907.401003 14.217090 -12.123022 -2.942281
1769100907.451015 14.212961 -12.123899 -2.940697
1769100907.501006 14.207022 -12.125180 -2.941007
1769100907.550993 14.203012 -12.126053 -2.939753
1769100907.601014 14.197024 -12.127325 -2.937949
1769100907.651013 14.192884 -12.128236 -2.937839
1769100907.701000 14.188800 -12.129134 -2.937114
1769100907.751010 14.182525 -12.130525 -2.939032
1769100907.801016 14.178377 -12.131424 -2.938092
1769100907.851027 14.174185 -12.132317 -2.934645
1769100907.901016 14.167964 -12.133721 -2.938697
1769100907.951048 14.164012 -12.134577 -2.937913
1769100908.001127 14.159737 -12.135525 -2.938652
1769100908.051011 14.153463 -12.136864 -2.939339
1769100908.101014 14.149483 -12.137743 -2.941406
1769100908.151026 14.145282 -12.138687 -2.945744
1769100908.201007 14.139288 -12.139923 -2.945695
1769100908.251030 14.135106 -12.140788 -2.945394
1769100908.300994 14.128920 -12.142069 -2.947556
1769100908.351014 14.124691 -12.142936 -2.948069
1769100908.400997 14.120627 -12.143803 -2.949576
1769100908.451020 14.114337 -12.145066 -2.948178
1769100908.501021 14.110324 -12.145869 -2.943572
1769100908.551017 14.104227 -12.147151 -2.943974
1769100908.601025 14.100019 -12.148035 -2.942912
1769100908.651023 14.095819 -12.148946 -2.942277
1769100908.701026 14.089645 -12.150238 -2.940436
1769100908.751029 14.085512 -12.151145 -2.941095
1769100908.801018 14.081312 -12.152093 -2.944353
1769100908.851020 14.075268 -12.153359 -2.943803
1769100908.901019 14.071086 -12.154269 -2.944194
1769100908.951016 14.066867 -12.155175 -2.945662
1769100909.001019 14.060538 -12.156495 -2.946654
1769100909.051008 14.056266 -12.157404 -2.947632
1769100909.101023 14.052063 -12.158298 -2.948852
1769100909.151012 14.045531 -12.159603 -2.946642
1769100909.201018 14.041234 -12.160533 -2.949886
1769100909.251036 14.036885 -12.161443 -2.951769
1769100909.301036 14.030481 -12.162738 -2.951669
1769100909.351034 14.026297 -12.163590 -2.950298
1769100909.401042 14.022072 -12.164471 -2.950588
1769100909.451035 14.017871 -12.165383 -2.953320
1769100909.501039 14.011733 -12.166607 -2.951664
1769100909.551035 14.007517 -12.167476 -2.950193
1769100909.601038 14.003392 -12.168344 -2.950423
1769100909.651028 13.997173 -12.169605 -2.948935
1769100909.701037 13.992963 -12.170512 -2.949035
1769100909.751065 13.986904 -12.171768 -2.948464
1769100909.801064 13.982771 -12.172634 -2.945955
1769100909.851065 13.978564 -12.173544 -2.945963
1769100909.901136 13.972277 -12.174868 -2.946044
1769100909.951066 13.968122 -12.175742 -2.943763
1769100910.001056 13.963928 -12.176631 -2.943009
1769100910.051055 13.957678 -12.177937 -2.943543
1769100910.101048 13.953455 -12.178876 -2.947699
1769100910.151040 13.949374 -12.179750 -2.949584
1769100910.201097 13.943028 -12.181024 -2.948638
1769100910.251046 13.938710 -12.181945 -2.953058
1769100910.301086 13.934496 -12.182801 -2.953680
1769100910.351047 13.930193 -12.183680 -2.954388
1769100910.401041 13.923790 -12.184938 -2.954330
1769100910.451105 13.919485 -12.185785 -2.952471
1769100910.501050 13.915207 -12.186654 -2.952338
1769100910.551055 13.908920 -12.187908 -2.951960
1769100910.601026 13.904920 -12.188740 -2.951821
1769100910.651035 13.898994 -12.189919 -2.949176
1769100910.701030 13.895061 -12.190718 -2.946287
1769100910.751029 13.889174 -12.191962 -2.948809
1769100910.801040 13.885137 -12.192795 -2.947206
1769100910.851033 13.881180 -12.193602 -2.944693
1769100910.901067 13.874896 -12.194927 -2.948121
1769100910.951048 13.870934 -12.195743 -2.948068
1769100911.001061 13.866732 -12.196616 -2.947922
1769100911.051054 13.860343 -12.197918 -2.948568
1769100911.101041 13.856311 -12.198734 -2.947495
1769100911.151036 13.849936 -12.200045 -2.949400
1769100911.201060 13.845837 -12.200890 -2.950607
1769100911.251073 13.841862 -12.201709 -2.951388
1769100911.301059 13.835530 -12.202962 -2.951101
1769100911.351070 13.831544 -12.203751 -2.950243
1769100911.401062 13.827356 -12.204610 -2.952819
1769100911.451070 13.821306 -12.205795 -2.952804
1769100911.501061 13.817050 -12.206623 -2.950967
1769100911.551110 13.810963 -12.207819 -2.951160
1769100911.601043 13.806777 -12.208644 -2.950256
1769100911.651085 13.802531 -12.209495 -2.949059
1769100911.701139 13.796530 -12.210681 -2.947122
1769100911.751073 13.792317 -12.211529 -2.944805
1769100911.801063 13.788119 -12.212390 -2.943695
1769100911.851062 13.781936 -12.213659 -2.942834
1769100911.901061 13.777757 -12.214546 -2.943295
1769100911.951086 13.771931 -12.215741 -2.942487
1769100912.001104 13.767783 -12.216612 -2.942359
1769100912.051085 13.763839 -12.217467 -2.945435
1769100912.101069 13.757606 -12.218751 -2.946311
1769100912.151077 13.753393 -12.219613 -2.946043
1769100912.201076 13.749112 -12.220495 -2.947741
1769100912.251076 13.742750 -12.221785 -2.950423
1769100912.301117 13.738445 -12.222633 -2.949222
1769100912.351071 13.734200 -12.223475 -2.949164
1769100912.401156 13.727719 -12.224751 -2.949109
1769100912.451075 13.723473 -12.225594 -2.949791
1769100912.501086 13.719180 -12.226440 -2.950119
1769100912.551071 13.712806 -12.227684 -2.948204
1769100912.601082 13.708710 -12.228494 -2.947467
1769100912.651095 13.704580 -12.229303 -2.945283
1769100912.701085 13.698420 -12.230539 -2.945198
1769100912.751081 13.694352 -12.231357 -2.944244
1769100912.801082 13.690174 -12.232186 -2.941428
1769100912.851099 13.684137 -12.233419 -2.941947
1769100912.901081 13.680163 -12.234238 -2.942802
1769100912.951094 13.675972 -12.235095 -2.942748
1769100913.001083 13.669689 -12.236371 -2.942166
1769100913.051080 13.665667 -12.237197 -2.942076
1769100913.101093 13.661394 -12.238075 -2.942395
1769100913.151078 13.655060 -12.239369 -2.943388
1769100913.201125 13.650805 -12.240216 -2.941990
1769100913.251068 13.646607 -12.241062 -2.942443
1769100913.301090 13.640303 -12.242337 -2.944129
1769100913.351090 13.636152 -12.243178 -2.946149
1769100913.401087 13.631918 -12.244032 -2.948815
1769100913.451088 13.625505 -12.245266 -2.947593
1769100913.501100 13.621234 -12.246102 -2.948723
1769100913.551097 13.616986 -12.246934 -2.949730
1769100913.601091 13.610562 -12.248178 -2.948316
1769100913.651086 13.606548 -12.248946 -2.946449
1769100913.701122 13.602338 -12.249764 -2.943989
1769100913.751122 13.596027 -12.251029 -2.942513
1769100913.801106 13.591949 -12.251830 -2.938826
1769100913.851086 13.587763 -12.252689 -2.935347
1769100913.901101 13.581669 -12.253952 -2.930158
1769100913.951105 13.577644 -12.254793 -2.924356
1769100914.001099 13.573615 -12.255670 -2.919437
1769100914.051090 13.567456 -12.257055 -2.914744
1769100914.101180 13.563310 -12.257996 -2.910602
1769100914.151100 13.559129 -12.258961 -2.905276
1769100914.201107 13.552850 -12.260457 -2.899852
1769100914.251098 13.548537 -12.261510 -2.897181
1769100914.301098 13.544307 -12.262573 -2.895108
1769100914.351096 13.537935 -12.264192 -2.891738
1769100914.401161 13.533744 -12.265256 -2.887031
1769100914.451113 13.529550 -12.266361 -2.884098
1769100914.501105 13.523231 -12.268028 -2.879758
1769100914.551121 13.519126 -12.269125 -2.876215
1769100914.601084 13.515073 -12.270225 -2.872724
1769100914.651111 13.508868 -12.271945 -2.870953
1769100914.701161 13.504750 -12.273087 -2.868054
1769100914.751112 13.500705 -12.274227 -2.866827
1769100914.801127 13.494449 -12.275985 -2.864218
1769100914.851111 13.490282 -12.277185 -2.864957
1769100914.901108 13.486164 -12.278376 -2.864842
1769100914.951110 13.479917 -12.280153 -2.861941
1769100915.001118 13.475844 -12.281338 -2.862576
1769100915.051094 13.471781 -12.282517 -2.863031
1769100915.101115 13.465617 -12.284310 -2.864080
1769100915.151116 13.461816 -12.285408 -2.864292
1769100915.201108 13.457976 -12.286506 -2.863750
1769100915.251129 13.452127 -12.288193 -2.865463
1769100915.301111 13.448084 -12.289357 -2.866003
1769100915.351134 13.442168 -12.291042 -2.865948
1769100915.401114 13.438267 -12.292159 -2.867156
1769100915.451166 13.434082 -12.293337 -2.866620
1769100915.501128 13.427766 -12.295140 -2.869387
1769100915.551129 13.423796 -12.296264 -2.870348
1769100915.601201 13.417271 -12.298086 -2.868930
1769100915.651102 13.413083 -12.299259 -2.868699
1769100915.701124 13.408944 -12.300422 -2.868462
1769100915.751132 13.402701 -12.302190 -2.869563
1769100915.801150 13.398664 -12.303316 -2.867952
1769100915.851138 13.394604 -12.304449 -2.865396
1769100915.901141 13.388564 -12.306160 -2.864379
1769100915.951128 13.384598 -12.307290 -2.863702
1769100916.001136 13.380526 -12.308471 -2.864663
1769100916.051124 13.376559 -12.309604 -2.864083
1769100916.101104 13.370425 -12.311361 -2.863102
1769100916.151120 13.366281 -12.312563 -2.863849
1769100916.201133 13.362166 -12.313756 -2.864168
1769100916.251136 13.355913 -12.315540 -2.862005
1769100916.301129 13.351752 -12.316726 -2.861111
1769100916.351128 13.345761 -12.318461 -2.863731
1769100916.401142 13.341794 -12.319598 -2.864733
1769100916.451191 13.337750 -12.320742 -2.865941
1769100916.501138 13.331595 -12.322458 -2.865221
1769100916.551132 13.327450 -12.323628 -2.867680
1769100916.601136 13.323328 -12.324782 -2.868823
1769100916.651136 13.317089 -12.326521 -2.869060
1769100916.701138 13.312992 -12.327658 -2.870501
1769100916.751134 13.308783 -12.328801 -2.868226
1769100916.801143 13.302492 -12.330554 -2.868804
1769100916.851144 13.298300 -12.331711 -2.867523
1769100916.901221 13.294035 -12.332908 -2.867463
1769100916.951147 13.287897 -12.334619 -2.865343
1769100917.001120 13.283825 -12.335771 -2.865719
1769100917.051127 13.279600 -12.336989 -2.869101
1769100917.101134 13.273679 -12.338650 -2.868466
1769100917.151144 13.269585 -12.339798 -2.867623
1769100917.201142 13.265587 -12.340926 -2.868128
1769100917.251144 13.259736 -12.342577 -2.868013
1769100917.301150 13.255666 -12.343715 -2.866855
1769100917.351141 13.251527 -12.344869 -2.867127
1769100917.401150 13.245289 -12.346615 -2.867091
1769100917.451148 13.241092 -12.347797 -2.868929
1769100917.501148 13.236894 -12.348970 -2.870359
1769100917.551203 13.230486 -12.350735 -2.869089
1769100917.601146 13.226318 -12.351884 -2.869454
1769100917.651186 13.222052 -12.353053 -2.869469
1769100917.701149 13.215734 -12.354815 -2.872138
1769100917.751158 13.211641 -12.355928 -2.871191
1769100917.801151 13.207477 -12.357052 -2.868231
1769100917.851175 13.201407 -12.358733 -2.867636
1769100917.901150 13.197361 -12.359850 -2.866567
1769100917.951170 13.193248 -12.360974 -2.863744
1769100918.001203 13.189182 -12.362092 -2.861466
1769100918.051162 13.183098 -12.363804 -2.860372
1769100918.101150 13.178910 -12.364984 -2.860340
1769100918.151161 13.174895 -12.366113 -2.859607
1769100918.201161 13.168935 -12.367803 -2.857171
1769100918.251155 13.164825 -12.368952 -2.855215
1769100918.301162 13.158915 -12.370655 -2.856354
1769100918.351155 13.154781 -12.371826 -2.856695
1769100918.401150 13.151008 -12.372878 -2.857012
1769100918.451175 13.144831 -12.374626 -2.857708
1769100918.501158 13.141007 -12.375687 -2.858718
1769100918.551170 13.134898 -12.377412 -2.859774
1769100918.601171 13.130981 -12.378476 -2.858277
1769100918.651146 13.127083 -12.379536 -2.858331
1769100918.701166 13.121024 -12.381225 -2.859113
1769100918.751230 13.116758 -12.382397 -2.860755
1769100918.801167 13.110429 -12.384152 -2.860856
1769100918.851168 13.106215 -12.385286 -2.858558
1769100918.901175 13.102075 -12.386415 -2.858641
1769100918.951162 13.097957 -12.387546 -2.858292
1769100919.001175 13.091774 -12.389294 -2.859442
1769100919.051174 13.087733 -12.390398 -2.858060
1769100919.101151 13.083718 -12.391489 -2.854718
1769100919.151176 13.077634 -12.393226 -2.856593
1769100919.201168 13.073716 -12.394306 -2.855455
1769100919.251188 13.069626 -12.395441 -2.854432
1769100919.301169 13.063520 -12.397174 -2.854804
1769100919.351174 13.059360 -12.398331 -2.855202
1769100919.401176 13.055171 -12.399506 -2.857179
1769100919.451176 13.048965 -12.401255 -2.857187
1769100919.501171 13.044703 -12.402435 -2.857808
1769100919.551175 13.040588 -12.403559 -2.857652
1769100919.601169 13.034523 -12.405269 -2.860334
1769100919.651186 13.030311 -12.406419 -2.860677
1769100919.701184 13.026263 -12.407512 -2.861171
1769100919.751193 13.020176 -12.409175 -2.859696
1769100919.801185 13.016055 -12.410280 -2.858997
1769100919.851215 13.009919 -12.411980 -2.859682
1769100919.901257 13.005776 -12.413089 -2.857926
1769100919.951180 13.001708 -12.414178 -2.855945
1769100920.001182 12.995477 -12.415917 -2.855340
1769100920.051249 12.991239 -12.417089 -2.856275
1769100920.101184 12.987146 -12.418206 -2.854440
1769100920.151195 12.981016 -12.419933 -2.853342
1769100920.201246 12.976951 -12.421045 -2.852270
1769100920.251189 12.972885 -12.422173 -2.851975
1769100920.301182 12.966781 -12.423930 -2.854792
1769100920.351185 12.962788 -12.425025 -2.854000
1769100920.401253 12.958746 -12.426143 -2.854582
1769100920.451193 12.954628 -12.427289 -2.856819
1769100920.501204 12.948590 -12.428990 -2.857869
1769100920.551190 12.944450 -12.430116 -2.856644
1769100920.601198 12.940306 -12.431241 -2.856728
1769100920.651203 12.934074 -12.432988 -2.858893
1769100920.701193 12.929808 -12.434158 -2.860522
1769100920.751258 12.925611 -12.435293 -2.861281
1769100920.801240 12.919251 -12.437036 -2.860690
1769100920.851193 12.915006 -12.438173 -2.861643
1769100920.901195 12.910858 -12.439272 -2.861380
1769100920.951209 12.904617 -12.440989 -2.862706
1769100921.001198 12.900541 -12.442063 -2.860976
1769100921.051208 12.896442 -12.443147 -2.858244
1769100921.101204 12.890351 -12.444825 -2.857755
1769100921.151201 12.886302 -12.445919 -2.857818
1769100921.201201 12.882425 -12.446966 -2.856690
1769100921.251199 12.876555 -12.448588 -2.855272
1769100921.301208 12.872436 -12.449703 -2.854111
1769100921.351207 12.866230 -12.451461 -2.856189
1769100921.401189 12.862087 -12.452590 -2.855972
1769100921.451204 12.857942 -12.453725 -2.856513
1769100921.501177 12.851709 -12.455465 -2.857290
1769100921.551208 12.847540 -12.456606 -2.859217
1769100921.601265 12.843419 -12.457725 -2.859997
1769100921.651222 12.839368 -12.458817 -2.861198
1769100921.701201 12.833153 -12.460511 -2.860218
1769100921.751232 12.829052 -12.461625 -2.862763
1769100921.801208 12.824902 -12.462739 -2.864368
1769100921.851225 12.818610 -12.464449 -2.863074
1769100921.901238 12.814361 -12.465575 -2.862378
1769100921.951246 12.810235 -12.466669 -2.861364
1769100922.001235 12.803897 -12.468420 -2.862330
1769100922.051259 12.799919 -12.469482 -2.861227
1769100922.101207 12.793946 -12.471111 -2.858332
1769100922.151262 12.790018 -12.472175 -2.859093
1769100922.201219 12.786042 -12.473249 -2.858452
1769100922.251261 12.779904 -12.474967 -2.859671
1769100922.301348 12.775977 -12.476022 -2.857781
1769100922.351213 12.771929 -12.477117 -2.855280
1769100922.401218 12.765892 -12.478825 -2.857417
1769100922.451222 12.761917 -12.479915 -2.857861
1769100922.501214 12.757798 -12.481052 -2.858984
1769100922.551229 12.751635 -12.482761 -2.858421
1769100922.601216 12.747441 -12.483920 -2.861160
1769100922.651202 12.743174 -12.485102 -2.864964
1769100922.701220 12.736882 -12.486834 -2.865247
1769100922.751229 12.732683 -12.487963 -2.864850
1769100922.801221 12.728654 -12.489045 -2.866916
1769100922.851227 12.722674 -12.490672 -2.868263
1769100922.901233 12.718471 -12.491792 -2.869342
1769100922.951229 12.714364 -12.492874 -2.869462
1769100923.001229 12.708184 -12.494522 -2.867698
1769100923.051234 12.704272 -12.495549 -2.866707
1769100923.101224 12.698120 -12.497211 -2.865612
1769100923.151237 12.693990 -12.498301 -2.863188
1769100923.201207 12.689862 -12.499392 -2.860323
1769100923.251237 12.683669 -12.501093 -2.859455
1769100923.301277 12.679497 -12.502229 -2.859958
1769100923.351246 12.675374 -12.503347 -2.859418
1769100923.401233 12.669160 -12.505067 -2.857893
1769100923.451239 12.665063 -12.506193 -2.859906
1769100923.501240 12.661014 -12.507295 -2.860649
1769100923.551239 12.656916 -12.508418 -2.863111
1769100923.601282 12.651014 -12.510039 -2.864106
1769100923.651260 12.646837 -12.511152 -2.862831
1769100923.701239 12.640741 -12.512835 -2.865448
1769100923.751265 12.636808 -12.513889 -2.866829
1769100923.801265 12.632631 -12.515012 -2.869094
1769100923.851285 12.626330 -12.516706 -2.868840
1769100923.901278 12.622077 -12.517835 -2.869571
1769100923.951258 12.617702 -12.519004 -2.871067
1769100924.001239 12.611399 -12.520693 -2.869937
1769100924.051256 12.607120 -12.521821 -2.868111
1769100924.101242 12.603207 -12.522848 -2.866715
1769100924.151231 12.597032 -12.524529 -2.867309
1769100924.201219 12.592902 -12.525630 -2.866473
1769100924.251248 12.588894 -12.526691 -2.864568
1769100924.301219 12.583110 -12.528264 -2.862729
1769100924.351255 12.579056 -12.529351 -2.861592
1769100924.401255 12.573251 -12.530944 -2.860153
1769100924.451252 12.569176 -12.532048 -2.859339
1769100924.501257 12.565245 -12.533101 -2.858108
1769100924.551245 12.559007 -12.534832 -2.857934
1769100924.601228 12.554838 -12.535981 -2.860523
1769100924.651229 12.550690 -12.537111 -2.861778
1769100924.701257 12.544373 -12.538843 -2.860161
1769100924.751246 12.540226 -12.539979 -2.864315
1769100924.801301 12.536295 -12.541041 -2.867665
1769100924.851268 12.530072 -12.542742 -2.870742
1769100924.901252 12.525889 -12.543841 -2.870220
1769100924.951276 12.521802 -12.544907 -2.869582
1769100925.001250 12.515841 -12.546507 -2.871010
1769100925.051259 12.511584 -12.547623 -2.871144
1769100925.101252 12.507717 -12.548633 -2.870914
1769100925.151314 12.501385 -12.550317 -2.869386
1769100925.201311 12.497154 -12.551429 -2.868720
1769100925.251266 12.492949 -12.552547 -2.868767
1769100925.301266 12.486722 -12.554235 -2.868210
1769100925.351267 12.482564 -12.555330 -2.864679
1769100925.401271 12.478654 -12.556369 -2.864107
1769100925.451272 12.472604 -12.558030 -2.865717
1769100925.501316 12.468502 -12.559139 -2.867670
1769100925.551274 12.462642 -12.560726 -2.867363
1769100925.601258 12.458585 -12.561809 -2.867410
1769100925.651349 12.454505 -12.562904 -2.869534
1769100925.701320 12.448350 -12.564567 -2.869806
1769100925.751276 12.444194 -12.565670 -2.870411
1769100925.801256 12.440182 -12.566725 -2.871586
1769100925.851279 12.433827 -12.568423 -2.871996
1769100925.901285 12.429597 -12.569547 -2.874768
1769100925.951294 12.425534 -12.570611 -2.876001
1769100926.001362 12.419097 -12.572300 -2.873517
1769100926.051270 12.415084 -12.573351 -2.875771
1769100926.101274 12.410897 -12.574440 -2.876108
1769100926.151276 12.404708 -12.576078 -2.876484
1769100926.201279 12.400641 -12.577127 -2.875308
1769100926.251276 12.396599 -12.578173 -2.873026
1769100926.301252 12.390709 -12.579747 -2.873709
1769100926.351274 12.386867 -12.580758 -2.873474
1769100926.401272 12.380730 -12.582394 -2.871588
1769100926.451277 12.376889 -12.583405 -2.871644
1769100926.501266 12.372707 -12.584511 -2.870194
1769100926.551287 12.366507 -12.586200 -2.872203
1769100926.601249 12.362569 -12.587243 -2.870822
1769100926.651273 12.358434 -12.588333 -2.868435
1769100926.701277 12.352234 -12.590020 -2.871177
1769100926.751285 12.348053 -12.591132 -2.872989
1769100926.801273 12.343946 -12.592224 -2.875360
1769100926.851277 12.337805 -12.593848 -2.875772
1769100926.901285 12.333665 -12.594918 -2.875250
1769100926.951261 12.329555 -12.595998 -2.877982
1769100927.001325 12.323337 -12.597630 -2.878352
1769100927.051258 12.319346 -12.598667 -2.880503
1769100927.101279 12.315032 -12.599774 -2.880896
1769100927.151282 12.308687 -12.601416 -2.879934
1769100927.201330 12.304496 -12.602494 -2.880008
1769100927.251307 12.300280 -12.603576 -2.878211
1769100927.301290 12.293913 -12.605238 -2.875458
1769100927.351299 12.289847 -12.606291 -2.874233
1769100927.401286 12.285736 -12.607370 -2.875471
1769100927.451280 12.279594 -12.608992 -2.873465
1769100927.501275 12.275650 -12.610010 -2.871811
1769100927.551299 12.271610 -12.611061 -2.870997
1769100927.601287 12.265528 -12.612701 -2.873266
1769100927.651304 12.261709 -12.613699 -2.873340
1769100927.701298 12.257549 -12.614788 -2.873899
1769100927.751311 12.251291 -12.616457 -2.876439
1769100927.801292 12.247055 -12.617560 -2.876952
1769100927.851302 12.242796 -12.618675 -2.879250
1769100927.901310 12.236529 -12.620314 -2.879592
1769100927.951327 12.232211 -12.621413 -2.877485
1769100928.001331 12.228217 -12.622441 -2.879662
1769100928.051342 12.221900 -12.624086 -2.881415
1769100928.101294 12.217660 -12.625178 -2.883980
1769100928.151298 12.213560 -12.626208 -2.882409
1769100928.201282 12.207409 -12.627793 -2.882184
1769100928.251283 12.203291 -12.628848 -2.882570
1769100928.301280 12.199244 -12.629883 -2.881697
1769100928.351281 12.192899 -12.631527 -2.879885
1769100928.401292 12.188854 -12.632565 -2.878486
1769100928.451303 12.184689 -12.633644 -2.877733
1769100928.501293 12.178646 -12.635239 -2.876960
1769100928.551304 12.174559 -12.636312 -2.876362
1769100928.601307 12.170445 -12.637388 -2.874434
1769100928.651299 12.164332 -12.639015 -2.874143
1769100928.701309 12.160223 -12.640100 -2.875276
1769100928.751304 12.156111 -12.641180 -2.875135
1769100928.801288 12.150215 -12.642740 -2.875885
1769100928.851310 12.146076 -12.643813 -2.875950
1769100928.901314 12.141990 -12.644886 -2.879004
1769100928.951316 12.135820 -12.646500 -2.879071
1769100929.001312 12.131577 -12.647583 -2.877895
1769100929.051314 12.127337 -12.648671 -2.880339
1769100929.101305 12.120992 -12.650315 -2.881476
1769100929.151319 12.116704 -12.651416 -2.884252
1769100929.201331 12.112484 -12.652483 -2.884345
1769100929.251309 12.106080 -12.654113 -2.881767
1769100929.301291 12.101957 -12.655155 -2.880627
1769100929.351319 12.097814 -12.656212 -2.880663
1769100929.401329 12.091639 -12.657811 -2.879390
1769100929.451324 12.087592 -12.658841 -2.877245
1769100929.501322 12.083545 -12.659874 -2.875238
1769100929.551327 12.077456 -12.661488 -2.876798
1769100929.601329 12.073467 -12.662533 -2.878323
1769100929.651333 12.069498 -12.663560 -2.876581
1769100929.701329 12.063528 -12.665137 -2.876623
1769100929.751353 12.059318 -12.666240 -2.877094
1769100929.801324 12.053058 -12.667905 -2.879082
1769100929.851324 12.049139 -12.668923 -2.879520
1769100929.901326 12.044877 -12.670030 -2.879605
1769100929.951326 12.038782 -12.671628 -2.880849
1769100930.001357 12.034814 -12.672655 -2.882970
1769100930.051340 12.030619 -12.673728 -2.882383
1769100930.101344 12.024442 -12.675320 -2.882255
1769100930.151336 12.020439 -12.676326 -2.880191
1769100930.201333 12.016321 -12.677378 -2.881341
1769100930.251337 12.010047 -12.679001 -2.881013
1769100930.301312 12.005777 -12.680085 -2.878937
1769100930.351337 12.001632 -12.681143 -2.878148
1769100930.401336 11.995316 -12.682795 -2.877695
1769100930.451329 11.991275 -12.683848 -2.878258
1769100930.501336 11.985155 -12.685454 -2.876597
1769100930.551346 11.981015 -12.686531 -2.874748
1769100930.601336 11.976926 -12.687598 -2.873749
1769100930.651345 11.970910 -12.689201 -2.873267
1769100930.701347 11.966851 -12.690276 -2.873973
1769100930.751341 11.962884 -12.691310 -2.873473
1769100930.801328 11.958796 -12.692381 -2.873519
1769100930.851346 11.952689 -12.694021 -2.876819
1769100930.901341 11.948555 -12.695112 -2.879666
1769100930.951348 11.944340 -12.696204 -2.878254
1769100931.001351 11.938053 -12.697864 -2.880724
1769100931.051321 11.934034 -12.698902 -2.881576
1769100931.101338 11.927622 -12.700587 -2.884781
1769100931.151351 11.923454 -12.701652 -2.885599
1769100931.201339 11.919186 -12.702738 -2.885682
1769100931.251369 11.912884 -12.704352 -2.886627
1769100931.301352 11.908761 -12.705394 -2.887249
1769100931.351365 11.904518 -12.706474 -2.888428
1769100931.401343 11.900566 -12.707471 -2.886861
1769100931.451348 11.894337 -12.709065 -2.884897
1769100931.501349 11.890216 -12.710116 -2.883680
1769100931.551334 11.886151 -12.711171 -2.885018
1769100931.601390 11.879873 -12.712786 -2.881377
1769100931.651372 11.875806 -12.713835 -2.879881
1769100931.701396 11.871669 -12.714918 -2.880989
1769100931.751351 11.865405 -12.716572 -2.881638
1769100931.801349 11.861290 -12.717638 -2.881051
1769100931.851367 11.855289 -12.719204 -2.880311
1769100931.901382 11.851175 -12.720272 -2.882001
1769100931.951393 11.846961 -12.721361 -2.884020
1769100932.001393 11.842794 -12.722432 -2.885247
1769100932.051355 11.836737 -12.723984 -2.884968
1769100932.101418 11.832538 -12.725040 -2.883506
1769100932.151370 11.828370 -12.726101 -2.885866
1769100932.201369 11.822118 -12.727701 -2.887575
1769100932.251370 11.817798 -12.728792 -2.887660
1769100932.301356 11.811588 -12.730365 -2.886728
1769100932.351334 11.807343 -12.731437 -2.886777
1769100932.401370 11.803030 -12.732543 -2.889164
1769100932.451364 11.797042 -12.734063 -2.886999
1769100932.501368 11.792871 -12.735121 -2.885524
1769100932.551365 11.788702 -12.736185 -2.885348
1769100932.601370 11.782868 -12.737688 -2.884739
1769100932.651368 11.778729 -12.738760 -2.885706
1769100932.701376 11.774831 -12.739763 -2.884510
1769100932.751364 11.768806 -12.741331 -2.883552
1769100932.801368 11.764692 -12.742403 -2.884479
1769100932.851399 11.760897 -12.743391 -2.885080
1769100932.901367 11.754624 -12.745018 -2.883059
1769100932.951387 11.750652 -12.746038 -2.882378
1769100933.001369 11.746488 -12.747116 -2.884139
1769100933.051377 11.740292 -12.748731 -2.885798
1769100933.101377 11.736146 -12.749783 -2.885642
1769100933.151372 11.729773 -12.751420 -2.887053
1769100933.201361 11.725528 -12.752490 -2.889245
1769100933.251369 11.721379 -12.753531 -2.891078
1769100933.301363 11.715119 -12.755106 -2.891834
1769100933.351358 11.710991 -12.756130 -2.891918
1769100933.401380 11.706861 -12.757150 -2.890276
1769100933.451359 11.702638 -12.758206 -2.891504
1769100933.501376 11.696451 -12.759758 -2.890464
1769100933.551429 11.692372 -12.760774 -2.888049
1769100933.601378 11.686114 -12.762357 -2.885970
1769100933.651389 11.682184 -12.763338 -2.883272
1769100933.701376 11.678163 -12.764365 -2.884410
1769100933.751393 11.672081 -12.765921 -2.882882
1769100933.801380 11.668105 -12.766925 -2.881387
1769100933.851417 11.663987 -12.767977 -2.883355
1769100933.901423 11.657859 -12.769552 -2.883842
1769100933.951424 11.654008 -12.770529 -2.884920
1769100934.001426 11.647853 -12.772103 -2.885214
1769100934.051415 11.643902 -12.773098 -2.885531
1769100934.101399 11.639758 -12.774152 -2.888944
1769100934.151397 11.633698 -12.775684 -2.889836
1769100934.201396 11.629445 -12.776738 -2.888321
1769100934.251391 11.625144 -12.777802 -2.887761
1769100934.301409 11.618665 -12.779436 -2.888970
1769100934.351394 11.614563 -12.780455 -2.890206
1769100934.401385 11.608496 -12.781973 -2.889102
1769100934.451402 11.604267 -12.783015 -2.887430
1769100934.501447 11.600045 -12.784072 -2.889064
1769100934.551398 11.595992 -12.785084 -2.889175
1769100934.601371 11.589831 -12.786638 -2.887830
1769100934.651403 11.586047 -12.787577 -2.885360
1769100934.701397 11.579965 -12.789130 -2.884801
1769100934.751442 11.575896 -12.790169 -2.886163
1769100934.801392 11.571870 -12.791185 -2.884784
1769100934.851400 11.565644 -12.792785 -2.883551
1769100934.901380 11.561696 -12.793788 -2.883944
1769100934.951383 11.557526 -12.794851 -2.883990
1769100935.001374 11.551188 -12.796507 -2.888500
1769100935.051387 11.547039 -12.797553 -2.887708
1769100935.101382 11.542865 -12.798598 -2.886838
1769100935.151381 11.536811 -12.800147 -2.890964
1769100935.201385 11.532709 -12.801170 -2.892161
1769100935.251402 11.528509 -12.802213 -2.893483
1769100935.301414 11.522536 -12.803690 -2.892780
1769100935.351418 11.518378 -12.804700 -2.892015
1769100935.401414 11.512313 -12.806210 -2.895490
1769100935.451412 11.508079 -12.807232 -2.895420
1769100935.501407 11.503825 -12.808268 -2.895475
1769100935.551393 11.497699 -12.809763 -2.893077
1769100935.601425 11.493421 -12.810807 -2.892239
1769100935.651408 11.489439 -12.811787 -2.892615
1769100935.701421 11.483199 -12.813339 -2.891080
1769100935.751411 11.479289 -12.814298 -2.889239
1769100935.801448 11.475113 -12.815329 -2.889730
1769100935.851448 11.469099 -12.816839 -2.890992
1769100935.901445 11.464993 -12.817848 -2.889636
1769100935.951473 11.461132 -12.818791 -2.888366
1769100936.001412 11.455046 -12.820321 -2.890205
1769100936.051414 11.450872 -12.821361 -2.892289
1769100936.101432 11.446765 -12.822363 -2.892333
1769100936.151424 11.440621 -12.823882 -2.892473
1769100936.201394 11.436293 -12.824933 -2.893331
1769100936.251468 11.430172 -12.826437 -2.894482
1769100936.301462 11.425894 -12.827481 -2.896467
1769100936.351427 11.421883 -12.828448 -2.897957
1769100936.401437 11.415410 -12.830013 -2.896454
1769100936.451408 11.411178 -12.831031 -2.898852
1769100936.501407 11.407017 -12.832028 -2.899451
1769100936.551428 11.401013 -12.833479 -2.898909
1769100936.601432 11.396923 -12.834451 -2.896954
1769100936.651430 11.393057 -12.835375 -2.895318
1769100936.701427 11.387087 -12.836848 -2.897254
1769100936.751420 11.382929 -12.837855 -2.895702
1769100936.801427 11.376661 -12.839399 -2.894711
1769100936.851493 11.372825 -12.840334 -2.894754
1769100936.901430 11.368866 -12.841302 -2.893764
1769100936.951437 11.362853 -12.842806 -2.895430
1769100937.001446 11.358799 -12.843809 -2.896229
1769100937.051440 11.352778 -12.845292 -2.895179
1769100937.101433 11.348631 -12.846325 -2.900044
1769100937.151428 11.344551 -12.847323 -2.902272
1769100937.201428 11.338303 -12.848841 -2.902791
1769100937.251431 11.334217 -12.849820 -2.902481
1769100937.301507 11.330276 -12.850756 -2.902567
1769100937.351437 11.323980 -12.852282 -2.906320
1769100937.401441 11.319940 -12.853237 -2.907131
1769100937.451436 11.315677 -12.854239 -2.907192
1769100937.501432 11.309248 -12.855757 -2.908656
1769100937.551432 11.305155 -12.856711 -2.908732
1769100937.601444 11.300919 -12.857712 -2.910240
1769100937.651477 11.294832 -12.859142 -2.909163
1769100937.701510 11.290864 -12.860074 -2.907271
1769100937.751421 11.284682 -12.861538 -2.906764
1769100937.801440 11.280816 -12.862457 -2.907524
1769100937.851452 11.276757 -12.863433 -2.908340
1769100937.901462 11.270944 -12.864811 -2.906454
1769100937.951457 11.267052 -12.865732 -2.904329
1769100938.001472 11.260905 -12.867222 -2.907301
1769100938.051428 11.256743 -12.868214 -2.906629
1769100938.101495 11.252559 -12.869214 -2.906628
1769100938.151496 11.246234 -12.870727 -2.908118
1769100938.201455 11.241949 -12.871745 -2.908627
1769100938.251449 11.237914 -12.872710 -2.911339
1769100938.301500 11.231658 -12.874188 -2.912825
1769100938.351433 11.227393 -12.875185 -2.912453
1769100938.401452 11.223178 -12.876165 -2.913488
1769100938.451454 11.216891 -12.877626 -2.914851
1769100938.501426 11.212649 -12.878607 -2.914338
1769100938.551454 11.208478 -12.879567 -2.913135
1769100938.601458 11.202213 -12.881013 -2.912104
1769100938.651461 11.198097 -12.881973 -2.913061
1769100938.701458 11.193929 -12.882942 -2.910757
1769100938.751455 11.187570 -12.884429 -2.907018
1769100938.801436 11.183432 -12.885407 -2.905472
1769100938.851464 11.179247 -12.886414 -2.900650
1769100938.901468 11.173007 -12.887950 -2.898212
1769100938.951514 11.168903 -12.888965 -2.892329
1769100939.001458 11.164833 -12.890008 -2.888211
1769100939.051456 11.158758 -12.891583 -2.882944
1769100939.101453 11.154694 -12.892652 -2.877517
1769100939.151459 11.150589 -12.893759 -2.872797
1769100939.201465 11.144514 -12.895431 -2.869532
1769100939.251542 11.140466 -12.896557 -2.864475
1769100939.301464 11.136323 -12.897719 -2.859653
1769100939.351462 11.132189 -12.898913 -2.855699
1769100939.401459 11.125804 -12.900787 -2.852465
1769100939.451464 11.121676 -12.902003 -2.847148
1769100939.501444 11.117438 -12.903287 -2.844655
1769100939.551466 11.111194 -12.905198 -2.840973
1769100939.601479 11.107010 -12.906489 -2.836142
1769100939.651472 11.102927 -12.907770 -2.831621
1769100939.701486 11.096777 -12.909725 -2.826011
1769100939.751505 11.092662 -12.911064 -2.823216
1769100939.801471 11.088624 -12.912398 -2.818363
1769100939.851469 11.082577 -12.914423 -2.812641
1769100939.901479 11.078598 -12.915774 -2.807034
1769100939.951468 11.074631 -12.917160 -2.801124
1769100940.001470 11.068571 -12.919303 -2.793468
1769100940.051489 11.064574 -12.920754 -2.788943
1769100940.101467 11.060565 -12.922246 -2.786323
1769100940.151479 11.054776 -12.924396 -2.779780
1769100940.201472 11.050755 -12.925924 -2.776905
1769100940.251485 11.046759 -12.927456 -2.771980
1769100940.301477 11.040906 -12.929721 -2.766899
1769100940.351478 11.036902 -12.931299 -2.763419
1769100940.401498 11.032975 -12.932864 -2.759922
1769100940.451488 11.026869 -12.935318 -2.754605
1769100940.501489 11.022954 -12.936914 -2.748412
1769100940.551478 11.018908 -12.938588 -2.744062
1769100940.601481 11.012890 -12.941120 -2.740065
1769100940.651488 11.009144 -12.942726 -2.735686
1769100940.701529 11.005076 -12.944485 -2.730572
1769100940.751482 10.999140 -12.947084 -2.725958
1769100940.801502 10.995118 -12.948883 -2.723466
1769100940.851493 10.991231 -12.950621 -2.717172
1769100940.901488 10.985400 -12.953269 -2.713461
1769100940.951495 10.981471 -12.955090 -2.710900
1769100941.001482 10.977633 -12.956872 -2.705066
1769100941.051486 10.971882 -12.959572 -2.699151
1769100941.101491 10.968085 -12.961384 -2.691804
1769100941.151491 10.964211 -12.963263 -2.685790
1769100941.201490 10.958466 -12.966083 -2.679791
1769100941.251456 10.954730 -12.967958 -2.673961
1769100941.301505 10.950990 -12.969872 -2.670852
1769100941.351492 10.945381 -12.972741 -2.665679
1769100941.401504 10.941807 -12.974592 -2.661560
1769100941.451468 10.938044 -12.976572 -2.659558
1769100941.501492 10.932419 -12.979531 -2.654919
1769100941.551493 10.928623 -12.981557 -2.652663
1769100941.601495 10.924792 -12.983635 -2.650709
1769100941.651517 10.919040 -12.986737 -2.645043
1769100941.701567 10.915192 -12.988840 -2.639096
1769100941.751539 10.909654 -12.991901 -2.635030
1769100941.801500 10.905790 -12.994065 -2.632224
1769100941.851501 10.902032 -12.996174 -2.626842
1769100941.901524 10.898206 -12.998358 -2.623178
1769100941.951535 10.892605 -13.001567 -2.618618
1769100942.001500 10.889076 -13.003620 -2.612626
1769100942.051531 10.883666 -13.006798 -2.608354
1769100942.101519 10.880026 -13.008958 -2.603059
1769100942.151484 10.876452 -13.011121 -2.600191
1769100942.201514 10.870996 -13.014427 -2.595216
1769100942.251486 10.867356 -13.016646 -2.587419
1769100942.301491 10.863669 -13.018949 -2.585260
1769100942.351503 10.858274 -13.022311 -2.578484
1769100942.401508 10.854642 -13.024616 -2.574220
1769100942.451563 10.851030 -13.026922 -2.567112
1769100942.501512 10.847447 -13.029260 -2.562319
1769100942.551490 10.842053 -13.032801 -2.557404
1769100942.601494 10.838489 -13.035174 -2.553426
1769100942.651518 10.833318 -13.038638 -2.551250
1769100942.701514 10.829831 -13.040987 -2.548975
1769100942.751495 10.826338 -13.043361 -2.550274
1769100942.801518 10.821051 -13.046937 -2.551299
1769100942.851514 10.817421 -13.049395 -2.551596
1769100942.901525 10.813793 -13.051847 -2.553174
1769100942.951517 10.808257 -13.055562 -2.552814
1769100943.001521 10.804807 -13.057882 -2.552627
1769100943.051513 10.801040 -13.060408 -2.551875
1769100943.101494 10.795660 -13.064024 -2.552557
1769100943.151515 10.792129 -13.066398 -2.552550
1769100943.201527 10.788573 -13.068787 -2.551742
1769100943.251509 10.783338 -13.072300 -2.550685
1769100943.301520 10.779917 -13.074604 -2.550649
1769100943.351529 10.776698 -13.076772 -2.549029
1769100943.401565 10.771503 -13.080284 -2.549460
1769100943.451541 10.767998 -13.082653 -2.548781
1769100943.501536 10.764518 -13.085008 -2.548016
1769100943.551538 10.759432 -13.088458 -2.549831
1769100943.601538 10.755863 -13.090868 -2.548579
1769100943.651531 10.752219 -13.093338 -2.548522
1769100943.701580 10.746793 -13.097012 -2.549574
1769100943.751563 10.743204 -13.099439 -2.549326
1769100943.801540 10.739638 -13.101845 -2.550094
1769100943.851532 10.734220 -13.105493 -2.551269
1769100943.901527 10.730820 -13.107783 -2.552518
1769100943.951519 10.727245 -13.110176 -2.553519
1769100944.001519 10.721888 -13.113748 -2.553197
1769100944.051521 10.718401 -13.116081 -2.554886
1769100944.101526 10.714777 -13.118497 -2.555706
1769100944.151542 10.709357 -13.122099 -2.555520
1769100944.201531 10.705863 -13.124430 -2.556334
1769100944.251537 10.702212 -13.126862 -2.555270
1769100944.301537 10.696835 -13.130439 -2.553014
1769100944.351546 10.693409 -13.132733 -2.553413
1769100944.401538 10.689839 -13.135137 -2.553371
1769100944.451542 10.684568 -13.138677 -2.553288
1769100944.501551 10.681250 -13.140917 -2.553265
1769100944.551598 10.677705 -13.143313 -2.553530
1769100944.601543 10.672492 -13.146818 -2.552866
1769100944.651541 10.669044 -13.149142 -2.551392
1769100944.701590 10.665511 -13.151541 -2.553013
1769100944.751551 10.660175 -13.155136 -2.554052
1769100944.801545 10.656796 -13.157422 -2.555075
1769100944.851546 10.651582 -13.160921 -2.556293
1769100944.901596 10.647902 -13.163397 -2.556268
1769100944.951559 10.644438 -13.165730 -2.557621
1769100945.001551 10.638888 -13.169427 -2.557451
1769100945.051556 10.635377 -13.171785 -2.558091
1769100945.101524 10.631771 -13.174193 -2.558103
1769100945.151552 10.626349 -13.177800 -2.557732
1769100945.201541 10.622959 -13.180068 -2.557974
1769100945.251615 10.619456 -13.182403 -2.557367
1769100945.301575 10.614240 -13.185869 -2.555250
1769100945.351550 10.610936 -13.188079 -2.554437
1769100945.401561 10.605741 -13.191555 -2.554130
1769100945.451555 10.602119 -13.193981 -2.553253
1769100945.501550 10.598643 -13.196306 -2.551328
1769100945.551532 10.593348 -13.199861 -2.550409
1769100945.601555 10.589950 -13.202151 -2.549949
1769100945.651562 10.586342 -13.204583 -2.550409
1769100945.701563 10.581166 -13.208072 -2.552279
1769100945.751668 10.577695 -13.210414 -2.556767
1769100945.801583 10.574057 -13.212838 -2.561408
1769100945.851618 10.568886 -13.216252 -2.568040
1769100945.901560 10.565273 -13.218620 -2.575081
1769100945.951609 10.561743 -13.220893 -2.581134
1769100946.001572 10.556253 -13.224360 -2.585831
1769100946.051632 10.552657 -13.226619 -2.592296
1769100946.101572 10.548930 -13.228919 -2.597901
1769100946.151566 10.543491 -13.232227 -2.602972
1769100946.201562 10.539757 -13.234469 -2.607764
1769100946.251543 10.534327 -13.237690 -2.611774
1769100946.301574 10.530643 -13.239868 -2.615061
1769100946.351539 10.526925 -13.242033 -2.618355
1769100946.401571 10.521381 -13.245226 -2.620436
1769100946.451583 10.517755 -13.247324 -2.626016
1769100946.501565 10.514311 -13.249289 -2.631045
1769100946.551578 10.508789 -13.252400 -2.634397
1769100946.601582 10.505203 -13.254417 -2.640079
1769100946.651578 10.501470 -13.256469 -2.643167
1769100946.701577 10.495787 -13.259578 -2.649738
1769100946.751552 10.492192 -13.261532 -2.656545
1769100946.801647 10.488367 -13.263562 -2.661506
1769100946.851648 10.482802 -13.266477 -2.666902
1769100946.901592 10.478811 -13.268536 -2.670174
1769100946.951580 10.475117 -13.270424 -2.675049
1769100947.001556 10.469186 -13.273420 -2.680199
1769100947.051629 10.465342 -13.275344 -2.685966
1769100947.101556 10.461415 -13.277278 -2.690256
1769100947.151580 10.455816 -13.280011 -2.695063
1769100947.201582 10.452197 -13.281756 -2.699686
1769100947.251608 10.446412 -13.284495 -2.702475
1769100947.301582 10.442821 -13.286204 -2.710258
1769100947.351600 10.438981 -13.287985 -2.714549
1769100947.401635 10.433156 -13.290653 -2.718939
1769100947.451590 10.429586 -13.292266 -2.723513
1769100947.501643 10.424036 -13.294745 -2.727692
1769100947.551583 10.420180 -13.296454 -2.732611
1769100947.601584 10.416276 -13.298150 -2.736213
1769100947.651623 10.410611 -13.300597 -2.741434
1769100947.701659 10.406885 -13.302186 -2.743516
1769100947.751625 10.402862 -13.303878 -2.743395
1769100947.801658 10.397166 -13.306275 -2.745139
1769100947.851683 10.393147 -13.307951 -2.746382
1769100947.901600 10.387294 -13.310400 -2.749398
1769100947.951621 10.383267 -13.312070 -2.750037
1769100948.001656 10.379238 -13.313725 -2.750390
1769100948.051622 10.373437 -13.316116 -2.752772
1769100948.101608 10.369608 -13.317680 -2.752340
1769100948.151608 10.365557 -13.319333 -2.752910
1769100948.201598 10.359884 -13.321652 -2.752949
1769100948.251594 10.355932 -13.323258 -2.750474
1769100948.301576 10.351900 -13.324911 -2.748558
1769100948.351600 10.346033 -13.327335 -2.747364
1769100948.401611 10.342116 -13.328949 -2.744702
1769100948.451686 10.338240 -13.330562 -2.743679
1769100948.501598 10.332363 -13.333023 -2.744694
1769100948.551604 10.328601 -13.334611 -2.747902
1769100948.601615 10.322896 -13.336988 -2.747465
1769100948.651678 10.319001 -13.338613 -2.748424
1769100948.701609 10.315085 -13.340249 -2.750479
1769100948.751613 10.309233 -13.342673 -2.750216
1769100948.801604 10.305434 -13.344254 -2.752667
1769100948.851632 10.301549 -13.345855 -2.753043
1769100948.901671 10.295405 -13.348374 -2.751590
1769100948.951637 10.291608 -13.349936 -2.750523
1769100949.001676 10.285736 -13.352360 -2.750209
1769100949.051617 10.281901 -13.353944 -2.750570
1769100949.101671 10.277945 -13.355579 -2.750866
1769100949.151613 10.271930 -13.358058 -2.750885
1769100949.201607 10.268211 -13.359595 -2.751792
1769100949.251586 10.264233 -13.361236 -2.752172
1769100949.301626 10.258280 -13.363679 -2.751593
1769100949.351607 10.254447 -13.365259 -2.751978
1769100949.401699 10.250492 -13.366893 -2.751779
1769100949.451609 10.244655 -13.369303 -2.753095
1769100949.501584 10.240800 -13.370894 -2.753044
1769100949.551637 10.236938 -13.372487 -2.751616
1769100949.601695 10.231077 -13.374910 -2.751512
1769100949.651618 10.227288 -13.376481 -2.750506
1769100949.701694 10.223413 -13.378091 -2.750034
1769100949.751601 10.217502 -13.380543 -2.749986
1769100949.801615 10.213541 -13.382195 -2.752061
1769100949.851642 10.209552 -13.383856 -2.754165
1769100949.901721 10.203604 -13.386306 -2.754932
1769100949.951711 10.199580 -13.387961 -2.756393
1769100950.001602 10.195559 -13.389611 -2.758229
1769100950.051735 10.189722 -13.391987 -2.758805
1769100950.101613 10.185705 -13.393631 -2.762056
1769100950.151597 10.181691 -13.395254 -2.762068
1769100950.201616 10.175583 -13.397710 -2.761022
1769100950.251673 10.171636 -13.399306 -2.760160
1769100950.301676 10.167679 -13.400914 -2.759074
1769100950.351586 10.161719 -13.403329 -2.756863
1769100950.401605 10.158017 -13.404846 -2.755642
1769100950.451640 10.154063 -13.406471 -2.755607
1769100950.501607 10.148257 -13.408852 -2.754943
1769100950.551637 10.144522 -13.410399 -2.756086
1769100950.601676 10.138583 -13.412822 -2.754322
1769100950.651606 10.134784 -13.414397 -2.756087
1769100950.701625 10.130751 -13.416054 -2.755195
1769100950.751587 10.126821 -13.417665 -2.755513
1769100950.801627 10.120943 -13.420067 -2.755690
1769100950.851619 10.116865 -13.421738 -2.755444
1769100950.901643 10.112832 -13.423389 -2.754207
1769100950.951620 10.106979 -13.425786 -2.753381
1769100951.001605 10.103000 -13.427421 -2.752889
1769100951.051609 10.097007 -13.429886 -2.753798
1769100951.101624 10.093095 -13.431493 -2.754033
1769100951.151679 10.089065 -13.433144 -2.754054
1769100951.201687 10.083094 -13.435594 -2.756070
1769100951.251632 10.079263 -13.437155 -2.755291
1769100951.301613 10.075346 -13.438753 -2.754639
1769100951.351627 10.069446 -13.441170 -2.754985
1769100951.401688 10.065512 -13.442781 -2.754976
1769100951.451611 10.061549 -13.444401 -2.752998
1769100951.501694 10.055703 -13.446808 -2.752932
1769100951.551724 10.051772 -13.448428 -2.751493
1769100951.601635 10.047895 -13.450036 -2.749999
1769100951.651647 10.042102 -13.452437 -2.748867
1769100951.701656 10.038250 -13.454044 -2.749097
1769100951.751657 10.034309 -13.455688 -2.750397
1769100951.801683 10.028399 -13.458141 -2.751668
1769100951.851685 10.024403 -13.459799 -2.752912
1769100951.901635 10.020695 -13.461319 -2.751845
1769100951.951630 10.014749 -13.463764 -2.753070
1769100952.001587 10.010677 -13.465437 -2.753957
1769100952.051600 10.006666 -13.467073 -2.754003
1769100952.101610 10.000873 -13.469430 -2.753824
1769100952.151593 9.996772 -13.471101 -2.754459
1769100952.201681 9.991003 -13.473446 -2.753883
1769100952.251609 9.987109 -13.475027 -2.752854
1769100952.301693 9.983307 -13.476572 -2.752262
1769100952.351699 9.977402 -13.478985 -2.752278
1769100952.401634 9.973445 -13.480602 -2.752787
1769100952.451615 9.969480 -13.482218 -2.751999
1769100952.501641 9.963604 -13.484628 -2.753091
1769100952.551695 9.959680 -13.486222 -2.751721
1769100952.601617 9.955981 -13.487737 -2.751705
1769100952.651635 9.950322 -13.490066 -2.752750
1769100952.701635 9.946411 -13.491674 -2.752352
1769100952.751640 9.940602 -13.494055 -2.750980
1769100952.801641 9.936820 -13.495621 -2.752118
1769100952.851682 9.932845 -13.497264 -2.751620
1769100952.901643 9.926880 -13.499725 -2.750527
1769100952.951652 9.923067 -13.501301 -2.749363
1769100953.001639 9.917394 -13.503657 -2.751023
1769100953.051681 9.913490 -13.505279 -2.752451
1769100953.101645 9.909701 -13.506843 -2.753767
1769100953.151739 9.903734 -13.509297 -2.756394
1769100953.201659 9.899649 -13.510963 -2.756234
1769100953.251646 9.895852 -13.512514 -2.756250
1769100953.301692 9.889853 -13.514963 -2.757306
1769100953.351690 9.886104 -13.516496 -2.757901
1769100953.401675 9.880375 -13.518819 -2.755700
1769100953.451660 9.876587 -13.520376 -2.755627
1769100953.501651 9.872651 -13.521987 -2.753779
1769100953.551677 9.866752 -13.524409 -2.751722
1769100953.601672 9.862827 -13.526028 -2.750998
1769100953.651716 9.858995 -13.527619 -2.751240
1769100953.701729 9.853345 -13.529963 -2.752031
1769100953.751683 9.849419 -13.531590 -2.752674
1769100953.801701 9.845542 -13.533195 -2.754031
1769100953.851685 9.839640 -13.535618 -2.754425
1769100953.901687 9.835757 -13.537216 -2.755222
1769100953.951677 9.831738 -13.538872 -2.757413
1769100954.001674 9.825754 -13.541307 -2.756593
1769100954.051703 9.822030 -13.542829 -2.756565
1769100954.101694 9.817977 -13.544482 -2.756538
1769100954.151770 9.811884 -13.546965 -2.756522
1769100954.201652 9.807858 -13.548610 -2.756451
1769100954.251727 9.803827 -13.550255 -2.756233
1769100954.301683 9.797807 -13.552711 -2.757834
1769100954.351662 9.793922 -13.554295 -2.759342
1769100954.401661 9.788028 -13.556679 -2.759773
1769100954.451679 9.784208 -13.558229 -2.760197
1769100954.501659 9.780285 -13.559817 -2.759328
1769100954.551705 9.774371 -13.562209 -2.758060
1769100954.601667 9.770461 -13.563802 -2.758356
1769100954.651680 9.766523 -13.565411 -2.758100
1769100954.701742 9.760684 -13.567783 -2.756024
1769100954.751668 9.756965 -13.569311 -2.755960
1769100954.801700 9.752993 -13.570953 -2.755867
1769100954.851674 9.747120 -13.573367 -2.754106
1769100954.901683 9.743190 -13.574989 -2.752702
1769100954.951669 9.739501 -13.576524 -2.753487
1769100955.001669 9.733428 -13.579041 -2.756117
1769100955.051697 9.729450 -13.580684 -2.756769
1769100955.101671 9.725543 -13.582289 -2.757669
1769100955.151674 9.719422 -13.584783 -2.758294
1769100955.201665 9.715484 -13.586390 -2.759061
1769100955.251693 9.711406 -13.588048 -2.760032
1769100955.301667 9.705327 -13.590508 -2.760378
1769100955.351694 9.701309 -13.592133 -2.758947
1769100955.401689 9.697254 -13.593781 -2.757891
1769100955.451672 9.691272 -13.596208 -2.756052
1769100955.501674 9.687334 -13.597818 -2.754278
1769100955.551712 9.683376 -13.599439 -2.752672
1769100955.601685 9.677524 -13.601843 -2.751746
1769100955.651691 9.673786 -13.603392 -2.752646
1769100955.701705 9.669878 -13.605005 -2.752645
1769100955.751704 9.664005 -13.607419 -2.752595
1769100955.801701 9.660148 -13.609013 -2.753660
1769100955.851710 9.656262 -13.610612 -2.753289
1769100955.901710 9.650367 -13.613036 -2.754212
1769100955.951736 9.646570 -13.614592 -2.753414
1769100956.001747 9.642704 -13.616176 -2.752275
1769100956.051702 9.636856 -13.618582 -2.753460
1769100956.101685 9.632901 -13.620207 -2.753435
1769100956.151681 9.628882 -13.621865 -2.754916
1769100956.201691 9.622855 -13.624323 -2.753444
1769100956.251692 9.619063 -13.625878 -2.753895
1769100956.301704 9.612981 -13.628378 -2.757238
1769100956.351693 9.609162 -13.629938 -2.758455
1769100956.401711 9.605360 -13.631477 -2.758471
1769100956.451696 9.599212 -13.633962 -2.759328
1769100956.501702 9.595543 -13.635437 -2.758158
1769100956.551692 9.591528 -13.637053 -2.757408
1769100956.601692 9.585613 -13.639446 -2.757178
1769100956.651766 9.581881 -13.640958 -2.755783
1769100956.701775 9.576134 -13.643290 -2.753629
1769100956.751697 9.572435 -13.644805 -2.752374
1769100956.801701 9.568766 -13.646321 -2.752545
1769100956.851687 9.562815 -13.648760 -2.749945
1769100956.901672 9.558963 -13.650359 -2.751267
1769100956.951711 9.554997 -13.652012 -2.754323
1769100957.001704 9.549260 -13.654369 -2.754592
1769100957.051676 9.545371 -13.655961 -2.753716
1769100957.101707 9.539520 -13.658363 -2.755509
1769100957.151700 9.535555 -13.659980 -2.755059
1769100957.201698 9.531456 -13.661651 -2.755854
1769100957.251706 9.525668 -13.664011 -2.757640
1769100957.301712 9.521675 -13.665627 -2.756669
1769100957.351702 9.517495 -13.667317 -2.754992
1769100957.401706 9.511514 -13.669748 -2.753862
1769100957.451730 9.507462 -13.671404 -2.754101
1769100957.501708 9.503450 -13.673038 -2.752745
1769100957.551723 9.497683 -13.675392 -2.751737
1769100957.601723 9.493987 -13.676912 -2.753161
1769100957.651717 9.490049 -13.678523 -2.752425
1769100957.701705 9.484167 -13.680928 -2.751351
1769100957.751724 9.480265 -13.682540 -2.753570
1769100957.801732 9.476375 -13.684133 -2.752931
1769100957.851761 9.470591 -13.686500 -2.752660
1769100957.901749 9.466607 -13.688128 -2.751671
1769100957.951736 9.462769 -13.689706 -2.751439
1769100958.001768 9.456848 -13.692141 -2.751397
1769100958.051709 9.452896 -13.693770 -2.751323
1769100958.101745 9.448923 -13.695412 -2.751767
1769100958.151717 9.442923 -13.697870 -2.749687
1769100958.201708 9.439018 -13.699484 -2.750768
1769100958.251794 9.434951 -13.701162 -2.753647
1769100958.301723 9.428974 -13.703608 -2.753737
1769100958.351726 9.424942 -13.705254 -2.754401
1769100958.401722 9.420912 -13.706895 -2.756212
1769100958.451750 9.414864 -13.709354 -2.757938
1769100958.501721 9.410849 -13.710977 -2.758003
1769100958.551752 9.406811 -13.712605 -2.757544
1769100958.601793 9.400874 -13.715006 -2.756633
1769100958.651792 9.397117 -13.716526 -2.754419
1769100958.701725 9.393086 -13.718170 -2.752888
1769100958.751811 9.387233 -13.720570 -2.751833
1769100958.801735 9.383340 -13.722161 -2.749477
1769100958.851728 9.379482 -13.723756 -2.748927
1769100958.901814 9.373572 -13.726212 -2.751326
1769100958.951819 9.369614 -13.727843 -2.749553
1769100959.001750 9.365798 -13.729415 -2.748581
1769100959.051727 9.359792 -13.731905 -2.750884
1769100959.101731 9.356117 -13.733418 -2.750897
1769100959.151731 9.352089 -13.735074 -2.750928
1769100959.201744 9.346026 -13.737564 -2.751459
1769100959.251747 9.342323 -13.739080 -2.750985
1769100959.301734 9.338151 -13.740786 -2.749853
1769100959.351744 9.332415 -13.743146 -2.749523
1769100959.401735 9.328367 -13.744812 -2.749876
1769100959.451737 9.322279 -13.747317 -2.749458
1769100959.501740 9.318298 -13.748957 -2.749854
1769100959.551740 9.314245 -13.750617 -2.749887
1769100959.601757 9.308347 -13.753047 -2.751251
1769100959.651741 9.304571 -13.754590 -2.750086
1769100959.701838 9.300608 -13.756207 -2.748366
1769100959.751765 9.294781 -13.758610 -2.748017
1769100959.801778 9.290845 -13.760226 -2.746184
1769100959.851744 9.286866 -13.761865 -2.744810
1769100959.901748 9.281024 -13.764295 -2.744018
1769100959.951759 9.277143 -13.765906 -2.743073
1769100960.001759 9.273245 -13.767536 -2.742564
1769100960.051807 9.267599 -13.769905 -2.742498
1769100960.101748 9.263652 -13.771554 -2.742124
1769100960.151760 9.259729 -13.773196 -2.742885
1769100960.201746 9.253780 -13.775692 -2.745383
1769100960.251754 9.249781 -13.777355 -2.745670
1769100960.301743 9.245852 -13.778984 -2.746151
1769100960.351748 9.239794 -13.781493 -2.746577
1769100960.401763 9.236009 -13.783063 -2.749112
1769100960.451815 9.232214 -13.784621 -2.749158
1769100960.501753 9.226363 -13.787030 -2.750322
1769100960.551757 9.222379 -13.788660 -2.749709
1769100960.601759 9.216525 -13.791064 -2.748657
1769100960.651755 9.212590 -13.792681 -2.747254
1769100960.701754 9.208870 -13.794216 -2.746594
1769100960.751754 9.203162 -13.796578 -2.744862
1769100960.801756 9.199209 -13.798218 -2.744136
1769100960.851767 9.195260 -13.799860 -2.744656
1769100960.901757 9.189697 -13.802177 -2.744197
1769100960.951771 9.185817 -13.803792 -2.743709
1769100961.001761 9.179974 -13.806223 -2.742344
1769100961.051765 9.176031 -13.807876 -2.743977
1769100961.101761 9.172107 -13.809517 -2.744425
1769100961.151759 9.166194 -13.811981 -2.742299
1769100961.201773 9.162227 -13.813644 -2.742262
1769100961.251766 9.158209 -13.815325 -2.740782
1769100961.301773 9.152496 -13.817735 -2.740097
1769100961.351763 9.148484 -13.819426 -2.739886
1769100961.401767 9.144469 -13.821115 -2.739329
1769100961.451765 9.138456 -13.823660 -2.740780
1769100961.501766 9.134416 -13.825356 -2.741310
1769100961.551769 9.130423 -13.827028 -2.741940
1769100961.601787 9.124422 -13.829547 -2.742801
1769100961.651842 9.120448 -13.831202 -2.742481
1769100961.701793 9.116592 -13.832811 -2.742066
1769100961.751803 9.110593 -13.835329 -2.741010
1769100961.801777 9.106670 -13.836971 -2.739947
1769100961.851805 9.102773 -13.838610 -2.738175
1769100961.901821 9.096926 -13.841093 -2.736983
1769100961.951780 9.093013 -13.842758 -2.735577
1769100962.001789 9.089172 -13.844396 -2.733978
1769100962.051779 9.083309 -13.846909 -2.732988
1769100962.101794 9.079448 -13.848565 -2.733626
1769100962.151778 9.075612 -13.850211 -2.735698
1769100962.201780 9.071632 -13.851909 -2.736521
1769100962.251776 9.065765 -13.854414 -2.737591
1769100962.301778 9.061822 -13.856078 -2.737311
1769100962.351780 9.057859 -13.857753 -2.738341
1769100962.401779 9.051891 -13.860280 -2.738835
1769100962.451783 9.047826 -13.861982 -2.737099
1769100962.501779 9.043836 -13.863662 -2.736700
1769100962.551790 9.037802 -13.866224 -2.737004
1769100962.601775 9.033817 -13.867910 -2.737585
1769100962.651817 9.029829 -13.869594 -2.737352
1769100962.701784 9.023838 -13.872132 -2.736593
1769100962.751800 9.019921 -13.873789 -2.737269
1769100962.801797 9.015956 -13.875463 -2.737131
1769100962.851787 9.010057 -13.877962 -2.735712
1769100962.901800 9.006213 -13.879595 -2.736194
1769100962.951781 9.002295 -13.881252 -2.734785
1769100963.001785 8.996687 -13.883651 -2.734776
1769100963.051793 8.992755 -13.885334 -2.735296
1769100963.101788 8.987116 -13.887735 -2.731674
1769100963.151794 8.983259 -13.889395 -2.732359
1769100963.201790 8.979331 -13.891089 -2.731960
1769100963.251867 8.973687 -13.893533 -2.730230
1769100963.301792 8.969694 -13.895266 -2.730223
1769100963.351803 8.965719 -13.896983 -2.729302
1769100963.401793 8.959828 -13.899553 -2.731943
1769100963.451798 8.955788 -13.901303 -2.734281
1769100963.501799 8.951811 -13.903013 -2.735053
1769100963.551802 8.945813 -13.905595 -2.737361
1769100963.601832 8.942014 -13.907212 -2.736229
1769100963.651801 8.938083 -13.908898 -2.736865
1769100963.701818 8.932056 -13.911481 -2.736943
1769100963.751886 8.928121 -13.913163 -2.735394
1769100963.801817 8.924211 -13.914837 -2.733073
1769100963.851810 8.918311 -13.917389 -2.732626
1769100963.901828 8.914453 -13.919055 -2.730272
1769100963.951916 8.910554 -13.920753 -2.728884
1769100964.001802 8.904684 -13.923311 -2.727546
1769100964.051821 8.900861 -13.924988 -2.728645
1769100964.101805 8.897016 -13.926678 -2.730228
1769100964.151816 8.891287 -13.929178 -2.730937
1769100964.201802 8.887411 -13.930865 -2.731369
1769100964.251807 8.883534 -13.932549 -2.731398
1769100964.301807 8.877685 -13.935094 -2.731407
1769100964.351809 8.873718 -13.936824 -2.732189
1769100964.401821 8.869720 -13.938552 -2.729460
1769100964.451805 8.863781 -13.941144 -2.729044
1769100964.501821 8.859840 -13.942866 -2.729693
1769100964.551811 8.855874 -13.944601 -2.728874
1769100964.601830 8.849869 -13.947231 -2.728871
1769100964.651814 8.845828 -13.948987 -2.727757
1769100964.701817 8.841887 -13.950711 -2.730175
1769100964.751816 8.835947 -13.953298 -2.731469
1769100964.801879 8.832248 -13.954892 -2.730882
1769100964.851842 8.828345 -13.956579 -2.730911
1769100964.901819 8.822442 -13.959132 -2.729397
1769100964.951828 8.818797 -13.960716 -2.728393
1769100965.001818 8.814854 -13.962437 -2.728643
1769100965.051828 8.809049 -13.964963 -2.724885
1769100965.101816 8.805178 -13.966661 -2.722940
1769100965.151812 8.801287 -13.968377 -2.721546
1769100965.201831 8.795716 -13.970859 -2.720505
1769100965.251824 8.791833 -13.972591 -2.719992
1769100965.301833 8.786166 -13.975112 -2.718543
1769100965.351907 8.782288 -13.976852 -2.720888
1769100965.401825 8.778364 -13.978612 -2.724507
1769100965.451823 8.772439 -13.981237 -2.725136
1769100965.501832 8.768716 -13.982890 -2.727423
1769100965.551872 8.764662 -13.984677 -2.727907
1769100965.601827 8.758798 -13.987253 -2.728162
1769100965.651844 8.754674 -13.989066 -2.728860
1769100965.701847 8.750666 -13.990829 -2.728674
1769100965.751854 8.744799 -13.993401 -2.726996
1769100965.801861 8.740839 -13.995148 -2.726252
1769100965.851835 8.736927 -13.996878 -2.725127
1769100965.901840 8.731027 -13.999495 -2.724380
1769100965.951939 8.727067 -14.001245 -2.722958
1769100966.001863 8.723318 -14.002908 -2.721913
1769100966.051838 8.717475 -14.005522 -2.723789
1769100966.101843 8.713631 -14.007224 -2.722055
1769100966.151830 8.709814 -14.008919 -2.721226
1769100966.201839 8.703990 -14.011517 -2.721526
1769100966.251835 8.700244 -14.013186 -2.721140
1769100966.301837 8.696340 -14.014931 -2.721522
1769100966.351837 8.690445 -14.017561 -2.720458
1769100966.401833 8.686609 -14.019274 -2.719559
1769100966.451858 8.682635 -14.021051 -2.718947
1769100966.501836 8.676819 -14.023668 -2.719950
1769100966.551852 8.672847 -14.025451 -2.720245
1769100966.601842 8.668803 -14.027256 -2.720588
1769100966.651844 8.664874 -14.029009 -2.722063
1769100966.701848 8.658960 -14.031653 -2.725361
1769100966.751838 8.654952 -14.033422 -2.725473
1769100966.801849 8.650968 -14.035177 -2.726287
1769100966.851840 8.644945 -14.037829 -2.726972
1769100966.901897 8.641119 -14.039505 -2.726733
1769100966.951847 8.637177 -14.041232 -2.725638
1769100967.001850 8.631223 -14.043852 -2.724685
1769100967.051850 8.627468 -14.045500 -2.722832
1769100967.101852 8.623531 -14.047239 -2.721261
1769100967.151849 8.617799 -14.049793 -2.720488
1769100967.201850 8.613939 -14.051515 -2.719861
1769100967.251870 8.610072 -14.053228 -2.716966
1769100967.301850 8.604464 -14.055748 -2.718487
1769100967.351853 8.600541 -14.057513 -2.722071
1769100967.401910 8.594760 -14.060087 -2.722147
1769100967.451860 8.590850 -14.061822 -2.722414
1769100967.501857 8.587060 -14.063511 -2.724825
1769100967.551853 8.581294 -14.066058 -2.724201
1769100967.601861 8.577219 -14.067858 -2.724225
1769100967.651859 8.573237 -14.069619 -2.724274
1769100967.701879 8.567356 -14.072219 -2.723229
1769100967.751866 8.563284 -14.074025 -2.723505
1769100967.801971 8.559374 -14.075760 -2.723102
1769100967.851895 8.553408 -14.078414 -2.723856
1769100967.901894 8.549475 -14.080159 -2.723900
1769100967.951870 8.545585 -14.081881 -2.723186
1769100968.001899 8.539761 -14.084477 -2.725361
1769100968.051890 8.535870 -14.086197 -2.724109
1769100968.101885 8.532026 -14.087897 -2.722041
1769100968.151876 8.526249 -14.090475 -2.723047
1769100968.201864 8.522453 -14.092157 -2.721342
1769100968.251868 8.518569 -14.093886 -2.720114
1769100968.301873 8.512767 -14.096476 -2.717481
1769100968.351935 8.508957 -14.098186 -2.716576
1769100968.401888 8.505081 -14.099932 -2.716549
1769100968.451869 8.499363 -14.102519 -2.717124
1769100968.501880 8.495397 -14.104311 -2.717954
1769100968.551868 8.491442 -14.106076 -2.715287
1769100968.601874 8.485583 -14.108722 -2.716906
1769100968.651936 8.481685 -14.110482 -2.720512
1769100968.701874 8.477712 -14.112261 -2.721781
1769100968.751874 8.471745 -14.114917 -2.721478
1769100968.801874 8.467794 -14.116681 -2.723546
1769100968.851907 8.463841 -14.118443 -2.725202
1769100968.901873 8.457891 -14.121074 -2.724165
1769100968.951900 8.453887 -14.122848 -2.722716
1769100969.001875 8.453883 -14.122841 -2.721320
1769100969.051945 8.453876 -14.122829 -2.719932
1769100969.101885 8.440506 -14.128826 -2.718504
1769100969.151878 8.436677 -14.130555 -2.718488
1769100969.201901 8.436678 -14.130558 -2.718500
1769100969.251881 8.436680 -14.130562 -2.718511
1769100969.301907 8.423557 -14.136490 -2.720680
1769100969.351883 8.417785 -14.139088 -2.718647
1769100969.401884 8.413981 -14.140810 -2.718610
1769100969.451904 8.413985 -14.140818 -2.718614
1769100969.501885 8.404248 -14.145212 -2.718339
1769100969.551889 8.400281 -14.147005 -2.717405
1769100969.601886 8.396266 -14.148819 -2.715436
1769100969.651906 8.390506 -14.151438 -2.714707
1769100969.701899 8.390506 -14.151439 -2.714011
1769100969.751894 8.382540 -14.155076 -2.713993
1769100969.801991 8.376577 -14.157800 -2.714758
1769100969.851907 8.372500 -14.159657 -2.714431
1769100969.901934 8.368633 -14.161431 -2.715586
1769100969.951926 8.362762 -14.164109 -2.717206
1769100970.001974 8.358817 -14.165898 -2.714966
1769100970.051898 8.358814 -14.165896 -2.712654
1769100970.101967 8.358807 -14.165883 -2.710351
1769100970.151908 8.345280 -14.172091 -2.708840
1769100970.201907 8.341435 -14.173850 -2.706450
1769100970.251896 8.341423 -14.173827 -2.704119
1769100970.301908 8.341406 -14.173794 -2.701804
1769100970.351903 8.341384 -14.173751 -2.699508
1769100970.401913 8.322297 -14.182755 -2.698918
1769100970.451986 8.318513 -14.184518 -2.699857
1769100970.501904 8.314564 -14.186350 -2.699368
1769100970.551930 8.308833 -14.189030 -2.700583
1769100970.601973 8.304931 -14.190843 -2.703144
1769100970.651919 8.301007 -14.192666 -2.705852
1769100970.701914 8.295145 -14.195370 -2.705184
1769100970.751904 8.291262 -14.197160 -2.707234
1769100970.801923 8.287257 -14.198994 -2.708208
1769100970.851904 8.281344 -14.201705 -2.707310
1769100970.901992 8.277271 -14.203569 -2.707785
1769100970.951980 8.277262 -14.203550 -2.708296
1769100971.001911 8.277255 -14.203533 -2.708802
1769100971.051906 8.277249 -14.203519 -2.709306
1769100971.101935 8.277244 -14.203507 -2.709806
1769100971.151959 8.277240 -14.203496 -2.710302
1769100971.201909 8.277236 -14.203489 -2.710794
1769100971.251926 8.277234 -14.203483 -2.711284
1769100971.301911 8.277233 -14.203479 -2.711769
1769100971.351919 8.277232 -14.203477 -2.712250
1769100971.401920 8.233371 -14.223564 -2.711269
1769100971.451931 8.227650 -14.226206 -2.712427
1769100971.501914 8.223717 -14.228015 -2.710437
1769100971.551927 8.219810 -14.229818 -2.708688
1769100971.601943 8.214045 -14.232486 -2.708002
1769100971.651932 8.210098 -14.234322 -2.708646
1769100971.701931 8.204496 -14.236921 -2.708145
1769100971.751945 8.200755 -14.238660 -2.708753
1769100971.801926 8.196989 -14.240406 -2.709764
1769100971.851939 8.191358 -14.243008 -2.710482
1769100971.901918 8.187379 -14.244835 -2.710803
1769100971.951946 8.181696 -14.247445 -2.710921
1769100972.001940 8.177969 -14.249156 -2.710999
1769100972.051956 8.174102 -14.250926 -2.711058
1769100972.101923 8.168466 -14.253512 -2.711098
1769100972.151935 8.164578 -14.255300 -2.710112
1769100972.201942 8.158924 -14.257905 -2.709084
1769100972.251932 8.155132 -14.259654 -2.707080
1769100972.301924 8.151510 -14.261346 -2.707850
1769100972.351948 8.145818 -14.263993 -2.706938
1769100972.401964 8.142173 -14.265695 -2.706880
1769100972.452005 8.138368 -14.267474 -2.708008
1769100972.501951 8.132861 -14.270037 -2.708723
1769100972.551927 8.129076 -14.271800 -2.710268
1769100972.601930 8.123425 -14.274415 -2.710551
1769100972.651931 8.119589 -14.276192 -2.710595
1769100972.701928 8.115704 -14.277982 -2.710597
1769100972.751950 8.109845 -14.280688 -2.712274
1769100972.801961 8.106072 -14.282420 -2.710505
1769100972.852019 8.102162 -14.284218 -2.709224
1769100972.901934 8.096208 -14.286963 -2.708016
1769100972.951963 8.092308 -14.288777 -2.710089
1769100973.001933 8.088314 -14.290629 -2.711953
1769100973.052015 8.082384 -14.293362 -2.714687
1769100973.101936 8.078431 -14.295182 -2.718829
1769100973.151947 8.074584 -14.296931 -2.724043
1769100973.201971 8.068710 -14.299549 -2.726377
1769100973.251939 8.064828 -14.301281 -2.731978
1769100973.301968 8.060982 -14.302971 -2.737486
1769100973.351969 8.055174 -14.305482 -2.741555
1769100973.401946 8.051311 -14.307135 -2.744459
1769100973.451962 8.047389 -14.308781 -2.745682
1769100973.501963 8.041534 -14.311243 -2.751767
1769100973.552010 8.037607 -14.312871 -2.754450
1769100973.601971 8.033628 -14.314505 -2.759679
1769100973.651963 8.027644 -14.316923 -2.765613
1769100973.701980 8.023646 -14.318514 -2.769347
1769100973.751987 8.023660 -14.318539 -2.772839
1769100973.802000 8.023681 -14.318578 -2.776305
1769100973.851993 8.009484 -14.323994 -2.782261
1769100973.901968 8.005329 -14.325532 -2.788349
1769100973.951954 7.999195 -14.327780 -2.794621
1769100974.001985 7.999205 -14.327794 -2.800481
1769100974.051982 7.999226 -14.327832 -2.806291
1769100974.101975 7.985092 -14.332750 -2.809722
1769100974.151986 7.985097 -14.332757 -2.812483
1769100974.201978 7.977003 -14.335528 -2.819005
1769100974.251975 7.977021 -14.335559 -2.825186
1769100974.302030 7.966877 -14.338902 -2.829471
1769100974.351965 7.962913 -14.340206 -2.835429
1769100974.401978 7.962937 -14.340252 -2.841178
1769100974.452042 7.952992 -14.343378 -2.846371
1769100974.501982 7.948991 -14.344638 -2.853406
1769100974.551982 7.943184 -14.346404 -2.858157
1769100974.601984 7.939119 -14.347632 -2.863899
1769100974.652045 7.935043 -14.348829 -2.869280
1769100974.701979 7.929187 -14.350511 -2.874769
1769100974.751970 7.925029 -14.351691 -2.881237
1769100974.801980 7.919054 -14.353328 -2.886100
1769100974.851985 7.915153 -14.354390 -2.891358
1769100974.902054 7.910852 -14.355527 -2.896707
1769100974.951985 7.904531 -14.357143 -2.902937
1769100975.002039 7.900219 -14.358234 -2.907844
1769100975.051990 7.895975 -14.359285 -2.912805
1769100975.101992 7.889755 -14.360776 -2.916648
1769100975.151970 7.885478 -14.361794 -2.918798
1769100975.202030 7.881443 -14.362743 -2.923254
1769100975.252006 7.875303 -14.364137 -2.925939
1769100975.301964 7.871233 -14.365054 -2.929881
1769100975.352051 7.867237 -14.365949 -2.937482
1769100975.401992 7.861328 -14.367207 -2.939827
1769100975.452063 7.857393 -14.368032 -2.941356
1769100975.501994 7.851348 -14.369277 -2.944300
1769100975.552003 7.847137 -14.370140 -2.945738
1769100975.601984 7.843098 -14.370964 -2.948253
1769100975.652054 7.836673 -14.372242 -2.948300
1769100975.702013 7.832432 -14.373091 -2.948578
1769100975.752013 7.828138 -14.373934 -2.947196
1769100975.802033 7.821736 -14.375211 -2.948589
1769100975.852028 7.817469 -14.376058 -2.949068
1769100975.901999 7.813275 -14.376883 -2.948014
1769100975.952004 7.807044 -14.378113 -2.948031
1769100976.002006 7.802850 -14.378945 -2.948400
1769100976.052025 7.798682 -14.379776 -2.948775
1769100976.102030 7.792378 -14.381017 -2.947728
1769100976.152004 7.788209 -14.381847 -2.947726
1769100976.201979 7.784044 -14.382681 -2.946442
1769100976.252011 7.777718 -14.383949 -2.945140
1769100976.302016 7.773577 -14.384785 -2.943389
1769100976.352006 7.769414 -14.385639 -2.942893
1769100976.402015 7.763241 -14.386899 -2.942817
1769100976.452008 7.759105 -14.387755 -2.941892
1769100976.502017 7.754971 -14.388619 -2.942414
1769100976.552005 7.748799 -14.389881 -2.941140
1769100976.602015 7.744662 -14.390740 -2.941371
1769100976.652006 7.740525 -14.391605 -2.944421
1769100976.702010 7.734231 -14.392889 -2.944419
1769100976.752009 7.729995 -14.393759 -2.945252
1769100976.802059 7.725781 -14.394608 -2.945301
1769100976.852026 7.719382 -14.395898 -2.946462
1769100976.902018 7.715067 -14.396768 -2.947191
1769100976.951995 7.710751 -14.397631 -2.946930
1769100977.001993 7.704349 -14.398908 -2.947611
1769100977.052003 7.700033 -14.399769 -2.947630
1769100977.102016 7.695869 -14.400607 -2.947077
1769100977.151995 7.689569 -14.401871 -2.946420
1769100977.202017 7.685431 -14.402701 -2.943773
1769100977.252038 7.681367 -14.403532 -2.942333
1769100977.302018 7.675243 -14.404788 -2.942945
1769100977.352028 7.671082 -14.405641 -2.940765
1769100977.402027 7.666946 -14.406500 -2.940384
1769100977.452028 7.660675 -14.407784 -2.938847
1769100977.502077 7.656587 -14.408642 -2.939462
1769100977.552027 7.652227 -14.409547 -2.938670
1769100977.602085 7.648014 -14.410422 -2.938647
1769100977.652015 7.641669 -14.411739 -2.939817
1769100977.702028 7.637457 -14.412618 -2.942001
1769100977.752047 7.633195 -14.413508 -2.943865
1769100977.802042 7.626875 -14.414800 -2.944617
1769100977.852052 7.622663 -14.415656 -2.943611
1769100977.902028 7.618548 -14.416498 -2.943805
1769100977.952036 7.612201 -14.417792 -2.945471
1769100978.002103 7.608016 -14.418643 -2.945161
1769100978.052030 7.603680 -14.419524 -2.945212
1769100978.102033 7.597257 -14.420817 -2.944654
1769100978.152034 7.593172 -14.421646 -2.942797
1769100978.202044 7.588761 -14.422557 -2.942753
1769100978.252035 7.582468 -14.423843 -2.940775
1769100978.302041 7.578381 -14.424694 -2.939805
1769100978.352035 7.574122 -14.425584 -2.938414
1769100978.402036 7.567982 -14.426874 -2.937499
1769100978.452047 7.563873 -14.427749 -2.936685
1769100978.502096 7.559818 -14.428604 -2.933897
1769100978.552053 7.553951 -14.429856 -2.933646
1769100978.602037 7.550114 -14.430688 -2.935402
1769100978.652017 7.543903 -14.432009 -2.934862
1769100978.702016 7.539945 -14.432860 -2.935049
1769100978.752046 7.535666 -14.433760 -2.933819
1769100978.802034 7.529330 -14.435114 -2.934700
1769100978.852036 7.525026 -14.436033 -2.934719
1769100978.902050 7.520693 -14.436952 -2.934706
1769100978.952038 7.514330 -14.438298 -2.935714
1769100979.002044 7.510045 -14.439206 -2.937789
1769100979.052042 7.505810 -14.440096 -2.938152
1769100979.102054 7.499495 -14.441414 -2.938488
1769100979.152270 7.495315 -14.442279 -2.936175
1769100979.202045 7.491279 -14.443132 -2.936161
1769100979.252065 7.485040 -14.444442 -2.935089
1769100979.302052 7.480911 -14.445319 -2.933720
1769100979.352064 7.476729 -14.446214 -2.932811
1769100979.402040 7.470418 -14.447565 -2.932462
1769100979.452052 7.466288 -14.448472 -2.932803
1769100979.502056 7.462063 -14.449401 -2.932756
1769100979.552055 7.455737 -14.450760 -2.929095
1769100979.602086 7.451682 -14.451653 -2.928445
1769100979.652072 7.447653 -14.452547 -2.929718
1769100979.702058 7.441668 -14.453866 -2.931039
1769100979.752059 7.437491 -14.454789 -2.932145
1769100979.802074 7.431486 -14.456085 -2.930995
1769100979.852088 7.427455 -14.456971 -2.932084
1769100979.902148 7.423422 -14.457857 -2.934856
1769100979.952089 7.417141 -14.459204 -2.935871
1769100980.002103 7.412912 -14.460117 -2.936952
1769100980.052075 7.408811 -14.460993 -2.936700
1769100980.102071 7.402379 -14.462355 -2.936371
1769100980.152065 7.398102 -14.463270 -2.935648
1769100980.202066 7.393949 -14.464159 -2.933667
1769100980.252068 7.387717 -14.465496 -2.932885
1769100980.302065 7.383513 -14.466411 -2.932581
1769100980.352111 7.379363 -14.467319 -2.931203
1769100980.402062 7.373208 -14.468659 -2.929816
1769100980.452070 7.369107 -14.469559 -2.928017
1769100980.502080 7.365158 -14.470439 -2.927028
1769100980.552065 7.359002 -14.471811 -2.927650
1769100980.602085 7.354979 -14.472710 -2.926595
1769100980.652124 7.350829 -14.473643 -2.926851
1769100980.702072 7.344503 -14.475048 -2.927644
1769100980.752065 7.340328 -14.475986 -2.928061
1769100980.802120 7.336077 -14.476947 -2.930419
1769100980.852068 7.329656 -14.478353 -2.928605
1769100980.902060 7.325455 -14.479294 -2.929847
1769100980.952078 7.321178 -14.480242 -2.931210
1769100981.002072 7.314850 -14.481626 -2.932400
1769100981.052062 7.310649 -14.482550 -2.933158
1769100981.102127 7.306525 -14.483444 -2.932257
1769100981.152056 7.300293 -14.484793 -2.933202
1769100981.202068 7.296065 -14.485716 -2.934488
1769100981.252084 7.291888 -14.486625 -2.934469
1769100981.302088 7.285582 -14.487976 -2.933486
1769100981.352081 7.281358 -14.488895 -2.932606
1769100981.402060 7.277184 -14.489810 -2.930956
1769100981.452077 7.270879 -14.491192 -2.930626
1769100981.502075 7.266609 -14.492131 -2.927171
1769100981.552078 7.262511 -14.493048 -2.925667
1769100981.602080 7.256233 -14.494448 -2.925595
1769100981.652084 7.252135 -14.495377 -2.926177
1769100981.702086 7.248033 -14.496308 -2.927340
1769100981.752111 7.241885 -14.497669 -2.925671
1769100981.802101 7.237833 -14.498586 -2.926868
1769100981.852132 7.233606 -14.499539 -2.928990
1769100981.902146 7.227329 -14.500928 -2.930536
1769100981.952106 7.223130 -14.501860 -2.931138
1769100982.002152 7.218861 -14.502787 -2.929173
1769100982.052116 7.212383 -14.504206 -2.930250
1769100982.102079 7.208086 -14.505149 -2.930282
1769100982.152096 7.203741 -14.506094 -2.928769
1769100982.202142 7.199542 -14.507014 -2.928329
1769100982.252095 7.193139 -14.508415 -2.928333
1769100982.302100 7.189187 -14.509293 -2.928314
1769100982.352136 7.183009 -14.510650 -2.927097
1769100982.402072 7.178962 -14.511541 -2.924573
1769100982.452100 7.175213 -14.512382 -2.923084
1769100982.502097 7.169033 -14.513780 -2.924003
1769100982.552102 7.164865 -14.514718 -2.922040
1769100982.602100 7.160767 -14.515652 -2.921997
1769100982.652114 7.154793 -14.517004 -2.921600
1769100982.702094 7.150697 -14.517944 -2.921346
1769100982.752161 7.146502 -14.518915 -2.921746
1769100982.802128 7.140118 -14.520357 -2.917925
1769100982.852103 7.136042 -14.521307 -2.919112
1769100982.902092 7.131800 -14.522289 -2.920470
1769100982.952104 7.125553 -14.523725 -2.922158
1769100983.002108 7.121388 -14.524678 -2.921969
1769100983.052151 7.117270 -14.525606 -2.920600
1769100983.102096 7.111322 -14.526961 -2.922536
1769100983.152166 7.107343 -14.527869 -2.925261
1769100983.202106 7.101049 -14.529274 -2.925662
1769100983.252118 7.097024 -14.530176 -2.925659
1769100983.302109 7.092757 -14.531126 -2.924771
1769100983.352094 7.086681 -14.532479 -2.924301
1769100983.402106 7.082461 -14.533433 -2.924293
1769100983.452113 7.076344 -14.534799 -2.920456
1769100983.502113 7.072201 -14.535746 -2.919296
1769100983.552119 7.068084 -14.536689 -2.917465
1769100983.602131 7.062062 -14.538087 -2.918154
1769100983.652102 7.058071 -14.539014 -2.916581
1769100983.702131 7.054157 -14.539914 -2.913180
1769100983.752184 7.048166 -14.541322 -2.914127
1769100983.802142 7.044164 -14.542272 -2.917186
1769100983.852130 7.037955 -14.543712 -2.917217
1769100983.902139 7.033858 -14.544673 -2.918439
1769100983.952109 7.029845 -14.545600 -2.918135
1769100984.002095 7.023427 -14.547080 -2.919108
1769100984.052143 7.019136 -14.548074 -2.919826
1769100984.102118 7.014852 -14.549056 -2.918056
1769100984.152187 7.008514 -14.550514 -2.918745
1769100984.202099 7.004200 -14.551513 -2.919860
1769100984.252134 7.000033 -14.552481 -2.920507
1769100984.302168 6.993722 -14.553924 -2.919590
1769100984.352118 6.989557 -14.554883 -2.918237
1769100984.402117 6.985544 -14.555823 -2.917993
1769100984.452129 6.979326 -14.557274 -2.919303
1769100984.502135 6.975169 -14.558243 -2.917144
1769100984.552128 6.971083 -14.559204 -2.915458
1769100984.602133 6.964772 -14.560681 -2.914615
1769100984.652129 6.960688 -14.561649 -2.913317
1769100984.702126 6.956475 -14.562661 -2.913216
1769100984.752171 6.950324 -14.564115 -2.909823
1769100984.802106 6.946164 -14.565124 -2.909756
1769100984.852138 6.942029 -14.566126 -2.909704
1769100984.902107 6.935872 -14.567615 -2.910862
1769100984.952146 6.931691 -14.568628 -2.910624
1769100985.002130 6.927506 -14.569640 -2.911359
1769100985.052110 6.923491 -14.570616 -2.913116
1769100985.102108 6.917210 -14.572119 -2.915833
1769100985.152110 6.912959 -14.573126 -2.914591
1769100985.202132 6.908774 -14.574120 -2.914843
1769100985.252124 6.902368 -14.575625 -2.915835
1769100985.302155 6.898081 -14.576642 -2.916999
1769100985.352135 6.893820 -14.577647 -2.916976
1769100985.402141 6.887471 -14.579122 -2.914225
1769100985.452133 6.883313 -14.580108 -2.913245
1769100985.502141 6.879130 -14.581103 -2.911769
1769100985.552136 6.872925 -14.582584 -2.910717
1769100985.602198 6.868820 -14.583575 -2.909248
1769100985.652181 6.864797 -14.584542 -2.904829
1769100985.702166 6.858745 -14.586020 -2.904354
1769100985.752205 6.854609 -14.587046 -2.905601
1769100985.802146 6.850462 -14.588066 -2.904398
1769100985.852139 6.844289 -14.589577 -2.903884
1769100985.902157 6.840134 -14.590608 -2.905249
1769100985.952167 6.835930 -14.591649 -2.905512
1769100986.002177 6.829559 -14.593210 -2.906181
1769100986.052175 6.825578 -14.594185 -2.905500
1769100986.102155 6.821348 -14.595221 -2.905840
1769100986.152148 6.815027 -14.596760 -2.907670
1769100986.202161 6.810821 -14.597789 -2.908368
1769100986.252203 6.806689 -14.598792 -2.908782
1769100986.302154 6.800468 -14.600281 -2.908328
1769100986.352153 6.796312 -14.601285 -2.908762
1769100986.402150 6.790283 -14.602734 -2.909397
1769100986.452148 6.786105 -14.603737 -2.908189
1769100986.502131 6.781905 -14.604749 -2.906843
1769100986.552155 6.775681 -14.606246 -2.905222
1769100986.602153 6.771503 -14.607261 -2.903511
1769100986.652153 6.767274 -14.608307 -2.903033
1769100986.702160 6.761301 -14.609773 -2.900842
1769100986.752165 6.757227 -14.610786 -2.899611
1769100986.802164 6.753367 -14.611750 -2.899283
1769100986.852166 6.747326 -14.613260 -2.898633
1769100986.902143 6.743497 -14.614222 -2.897733
1769100986.952138 6.739445 -14.615236 -2.896878
1769100987.002163 6.733525 -14.616725 -2.897828
1769100987.052161 6.729418 -14.617766 -2.901033
1769100987.102151 6.723335 -14.619270 -2.899629
1769100987.152157 6.719181 -14.620308 -2.900321
1769100987.202160 6.715151 -14.621306 -2.901214
1769100987.252169 6.708837 -14.622865 -2.902396
1769100987.302167 6.704728 -14.623885 -2.904635
1769100987.352180 6.698384 -14.625431 -2.905008
1769100987.402198 6.694402 -14.626406 -2.905278
1769100987.452213 6.690203 -14.627418 -2.903591
1769100987.502171 6.684205 -14.628884 -2.903613
1769100987.552175 6.680127 -14.629879 -2.901957
1769100987.602175 6.676101 -14.630863 -2.899341
1769100987.652164 6.670157 -14.632333 -2.898100
1769100987.702192 6.666002 -14.633369 -2.898422
1769100987.752173 6.659892 -14.634887 -2.896659
1769100987.802187 6.655719 -14.635930 -2.895624
1769100987.852170 6.651565 -14.636980 -2.896756
1769100987.902177 6.647391 -14.638045 -2.898010
1769100987.952188 6.641104 -14.639625 -2.897431
1769100988.002268 6.636954 -14.640670 -2.896439
1769100988.052228 6.632806 -14.641720 -2.897158
1769100988.102180 6.626545 -14.643297 -2.899198
1769100988.152169 6.622371 -14.644348 -2.899384
1769100988.202179 6.618292 -14.645372 -2.899853
1769100988.252179 6.612081 -14.646909 -2.899665
1769100988.302184 6.607903 -14.647954 -2.901465
1769100988.352188 6.603701 -14.648999 -2.903607
1769100988.402178 6.597364 -14.650551 -2.903370
1769100988.452172 6.593068 -14.651609 -2.903426
1769100988.502189 6.588868 -14.652635 -2.901680
1769100988.552156 6.582530 -14.654195 -2.900709
1769100988.602185 6.578210 -14.655260 -2.898138
1769100988.652191 6.574109 -14.656285 -2.897386
1769100988.702190 6.567924 -14.657832 -2.895884
1769100988.752176 6.563822 -14.658873 -2.896193
1769100988.802182 6.559751 -14.659912 -2.895488
1769100988.852207 6.553713 -14.661447 -2.894321
1769100988.902240 6.549765 -14.662455 -2.893204
1769100988.952189 6.545670 -14.663509 -2.893179
1769100989.002194 6.539559 -14.665081 -2.894979
1769100989.052194 6.535424 -14.666128 -2.891478
1769100989.102166 6.531230 -14.667206 -2.891082
1769100989.152191 6.524828 -14.668845 -2.892123
1769100989.202184 6.520683 -14.669915 -2.893553
1769100989.252199 6.516389 -14.671025 -2.895966
1769100989.302197 6.510085 -14.672620 -2.895994
1769100989.352198 6.505888 -14.673689 -2.897063
1769100989.402200 6.501715 -14.674742 -2.897847
1769100989.452194 6.495507 -14.676302 -2.898563
1769100989.502203 6.491285 -14.677362 -2.898094
1769100989.552198 6.487216 -14.678380 -2.896491
1769100989.602248 6.481007 -14.679941 -2.896248
1769100989.652214 6.476859 -14.680988 -2.896513
1769100989.702200 6.472716 -14.682038 -2.895499
1769100989.752216 6.466756 -14.683548 -2.893872
1769100989.802214 6.462537 -14.684624 -2.892592
1769100989.852238 6.458418 -14.685695 -2.892261
1769100989.902235 6.452141 -14.687321 -2.892178
1769100989.952241 6.448102 -14.688367 -2.890366
1769100990.002241 6.444010 -14.689432 -2.889653
1769100990.052203 6.437831 -14.691043 -2.891134
1769100990.102249 6.433789 -14.692100 -2.891098
1769100990.152212 6.429674 -14.693173 -2.891563
1769100990.202217 6.423745 -14.694699 -2.890970
1769100990.252211 6.419696 -14.695757 -2.893228
1769100990.302214 6.415452 -14.696856 -2.895536
1769100990.352270 6.409204 -14.698445 -2.895203
1769100990.402217 6.405159 -14.699477 -2.895232
1769100990.452275 6.398686 -14.701116 -2.894820
1769100990.502268 6.394519 -14.702177 -2.894279
1769100990.552229 6.390227 -14.703283 -2.895290
1769100990.602196 6.383976 -14.704872 -2.893965
1769100990.652219 6.379857 -14.705931 -2.893208
1769100990.702197 6.375691 -14.707010 -2.893187
1769100990.752213 6.371625 -14.708068 -2.892114
1769100990.802231 6.365596 -14.709628 -2.890226
1769100990.852220 6.361580 -14.710681 -2.889617
1769100990.902223 6.357592 -14.711732 -2.888893
1769100990.952217 6.351468 -14.713340 -2.888811
1769100991.002233 6.347484 -14.714384 -2.885628
1769100991.052218 6.343325 -14.715491 -2.885126
1769100991.102219 6.337030 -14.717162 -2.886492
1769100991.152271 6.332900 -14.718260 -2.884470
1769100991.202219 6.328740 -14.719380 -2.885432
1769100991.252207 6.322430 -14.721048 -2.883995
1769100991.302288 6.318293 -14.722158 -2.885774
1769100991.352230 6.314082 -14.723280 -2.887917
1769100991.402229 6.307937 -14.724900 -2.889150
1769100991.452232 6.303778 -14.725997 -2.889180
1769100991.502231 6.299691 -14.727066 -2.888518
1769100991.552237 6.293520 -14.728680 -2.889727
1769100991.602239 6.289237 -14.729798 -2.889781
1769100991.652228 6.285100 -14.730876 -2.889122
1769100991.702227 6.278905 -14.732486 -2.888059
1769100991.752247 6.274719 -14.733583 -2.887374
1769100991.802326 6.270537 -14.734693 -2.886266
1769100991.852261 6.264293 -14.736349 -2.885483
1769100991.902250 6.260237 -14.737427 -2.882744
1769100991.952230 6.256205 -14.738510 -2.881266
1769100992.002224 6.249990 -14.740191 -2.883222
1769100992.052303 6.245959 -14.741284 -2.882848
1769100992.102232 6.241998 -14.742359 -2.882765
1769100992.152243 6.235886 -14.743994 -2.881935
1769100992.202240 6.231876 -14.745085 -2.883435
1769100992.252245 6.227669 -14.746226 -2.886409
1769100992.302246 6.221406 -14.747888 -2.887296
1769100992.352251 6.217245 -14.748997 -2.888081
1769100992.402250 6.212941 -14.750123 -2.886853
1769100992.452245 6.206551 -14.751809 -2.887862
1769100992.502250 6.202318 -14.752926 -2.887882
1769100992.552228 6.197962 -14.754070 -2.887156
1769100992.602252 6.191723 -14.755706 -2.886857
1769100992.652239 6.187611 -14.756794 -2.887145
1769100992.702265 6.183526 -14.757874 -2.886175
1769100992.752244 6.177383 -14.759492 -2.884849
1769100992.802241 6.173274 -14.760581 -2.883696
1769100992.852260 6.169339 -14.761635 -2.882982
1769100992.902250 6.163125 -14.763303 -2.883411
1769100992.952260 6.159048 -14.764393 -2.880817
1769100993.002252 6.154966 -14.765502 -2.880452
1769100993.052253 6.148756 -14.767175 -2.879442
1769100993.102246 6.144629 -14.768304 -2.878463
1769100993.152255 6.140476 -14.769457 -2.880129
1769100993.202316 6.134277 -14.771132 -2.876798
1769100993.252259 6.130172 -14.772269 -2.877939
1769100993.302249 6.125972 -14.773423 -2.879116
1769100993.352258 6.119890 -14.775085 -2.880065
1769100993.402261 6.115788 -14.776209 -2.880522
1769100993.452252 6.111906 -14.777258 -2.879151
1769100993.502317 6.105554 -14.778987 -2.881606
1769100993.552234 6.101179 -14.780175 -2.883499
1769100993.602261 6.096633 -14.781398 -2.883834
1769100993.652254 6.089739 -14.783233 -2.882774
1769100993.702259 6.085047 -14.784486 -2.881290
1769100993.752268 6.080530 -14.785701 -2.879589
1769100993.802273 6.073908 -14.787487 -2.878065
1769100993.852288 6.069367 -14.788728 -2.876468
1769100993.902344 6.064852 -14.789981 -2.876987
1769100993.952265 6.058482 -14.791727 -2.874306
1769100994.002318 6.054118 -14.792942 -2.872717
1769100994.052289 6.047704 -14.794716 -2.870588
1769100994.102273 6.043340 -14.795954 -2.872381
1769100994.152248 6.038804 -14.797232 -2.874365
1769100994.202276 6.032047 -14.799109 -2.874321
1769100994.252265 6.027414 -14.800399 -2.873891
1769100994.302273 6.022779 -14.801683 -2.873626
1769100994.352270 6.018217 -14.802953 -2.874692
1769100994.402280 6.011263 -14.804865 -2.874980
1769100994.452282 6.006749 -14.806119 -2.876525
1769100994.502268 6.000037 -14.807967 -2.878092
1769100994.552276 5.995596 -14.809192 -2.878089
1769100994.602271 5.991107 -14.810427 -2.877835
1769100994.652274 5.984246 -14.812296 -2.877170
1769100994.702279 5.979781 -14.813522 -2.876533
1769100994.752273 5.975244 -14.814765 -2.874742
1769100994.802295 5.968535 -14.816615 -2.873337
1769100994.852273 5.963902 -14.817903 -2.871438
1769100994.902275 5.959419 -14.819159 -2.869233
1769100994.952287 5.952741 -14.821042 -2.868321
1769100995.002274 5.948285 -14.822294 -2.865687
1769100995.052282 5.943830 -14.823567 -2.865384
1769100995.102258 5.937182 -14.825475 -2.867589
1769100995.152269 5.932800 -14.826730 -2.867537
1769100995.202283 5.928343 -14.828017 -2.869882
1769100995.252280 5.923815 -14.829296 -2.868080
1769100995.302280 5.917093 -14.831203 -2.869539
1769100995.352289 5.912441 -14.832509 -2.869397
1769100995.402286 5.907911 -14.833788 -2.869999
1769100995.452301 5.901257 -14.835655 -2.870458
1769100995.502346 5.896578 -14.836967 -2.870834
1769100995.552286 5.889948 -14.838815 -2.870196
1769100995.602281 5.885319 -14.840098 -2.868096
1769100995.652294 5.880861 -14.841347 -2.866845
1769100995.702297 5.874138 -14.843237 -2.865609
1769100995.752296 5.869731 -14.844481 -2.863877
1769100995.802284 5.865301 -14.845751 -2.864360
1769100995.852264 5.858657 -14.847639 -2.861198
1769100995.902386 5.854207 -14.848920 -2.860480
1769100995.952361 5.849707 -14.850201 -2.858309
1769100996.002311 5.843070 -14.852128 -2.859026
1769100996.052293 5.838425 -14.853478 -2.860141
1769100996.102295 5.833854 -14.854802 -2.860122
1769100996.152306 5.827092 -14.856765 -2.861879
1769100996.202293 5.822520 -14.858068 -2.860296
1769100996.252280 5.817994 -14.859372 -2.861049
1769100996.302312 5.811159 -14.861323 -2.860586
1769100996.352353 5.806707 -14.862606 -2.862577
1769100996.402301 5.802229 -14.863894 -2.864976
1769100996.452300 5.795413 -14.865828 -2.865039
1769100996.502299 5.790716 -14.867160 -2.865116
1769100996.552349 5.785774 -14.868549 -2.862501
1769100996.602288 5.778450 -14.870636 -2.861522
1769100996.652306 5.773486 -14.872042 -2.858781
1769100996.702319 5.768624 -14.873442 -2.856998
1769100996.752301 5.763619 -14.874896 -2.854779
1769100996.802307 5.756335 -14.877043 -2.853287
1769100996.852312 5.751529 -14.878470 -2.853243
1769100996.902312 5.746799 -14.879883 -2.852923
1769100996.952317 5.739618 -14.882025 -2.852080
1769100997.002314 5.734717 -14.883479 -2.850950
1769100997.052308 5.729892 -14.884922 -2.851665
1769100997.102309 5.722323 -14.887162 -2.850119
1769100997.152313 5.717376 -14.888631 -2.849948
1769100997.202314 5.710050 -14.890805 -2.849535
1769100997.252370 5.705174 -14.892251 -2.850456
1769100997.302363 5.700126 -14.893731 -2.849671
1769100997.352283 5.692630 -14.895956 -2.850320
1769100997.402383 5.688018 -14.897315 -2.851337
1769100997.452319 5.683165 -14.898745 -2.851098
1769100997.502322 5.675887 -14.900916 -2.852496
1769100997.552300 5.670984 -14.902360 -2.850921
1769100997.602320 5.666085 -14.903827 -2.851497
1769100997.652312 5.658761 -14.906001 -2.848158
1769100997.702309 5.653816 -14.907484 -2.846349
1769100997.752341 5.648801 -14.908986 -2.843292
1769100997.802395 5.641537 -14.911205 -2.843224
1769100997.852320 5.636595 -14.912693 -2.842465
1769100997.902329 5.631727 -14.914165 -2.842914
1769100997.952338 5.624365 -14.916388 -2.842628
1769100998.002344 5.619593 -14.917838 -2.844446
1769100998.052343 5.614624 -14.919322 -2.845238
1769100998.102331 5.607210 -14.921556 -2.846491
1769100998.152338 5.602192 -14.923053 -2.847323
1769100998.202335 5.597124 -14.924564 -2.847921
1769100998.252328 5.592080 -14.926064 -2.848327
1769100998.302332 5.584515 -14.928315 -2.845885
1769100998.352321 5.579569 -14.929788 -2.844465
1769100998.402326 5.574601 -14.931274 -2.841836
1769100998.452343 5.567387 -14.933465 -2.839963
1769100998.502389 5.562496 -14.934950 -2.838752
1769100998.552341 5.557925 -14.936351 -2.837978
1769100998.602329 5.550672 -14.938607 -2.838811
1769100998.652338 5.545908 -14.940072 -2.838311
1769100998.702342 5.541049 -14.941586 -2.840190
1769100998.752342 5.533675 -14.943872 -2.840384
1769100998.802336 5.528939 -14.945364 -2.844897
1769100998.852335 5.521753 -14.947578 -2.846336
1769100998.902349 5.516745 -14.949119 -2.849024
1769100998.952344 5.511706 -14.950654 -2.853131
1769100999.002321 5.504382 -14.952848 -2.859374
1769100999.052396 5.499404 -14.954314 -2.864462
1769100999.102334 5.494588 -14.955706 -2.870799
1769100999.152337 5.487109 -14.957814 -2.877833
1769100999.202338 5.482156 -14.959181 -2.881984
1769100999.252354 5.477173 -14.960541 -2.887112
1769100999.302337 5.469735 -14.962501 -2.890970
1769100999.352335 5.464692 -14.963825 -2.892220
1769100999.402341 5.459817 -14.965095 -2.896195
1769100999.452343 5.452287 -14.967009 -2.900041
1769100999.502393 5.447379 -14.968254 -2.904535
1769100999.552343 5.442539 -14.969460 -2.909363
1769100999.602327 5.435159 -14.971243 -2.915504
1769100999.652354 5.430134 -14.972422 -2.919113
1769100999.702351 5.425201 -14.973568 -2.926316
1769100999.752374 5.420086 -14.974690 -2.929858
1769100999.802375 5.412495 -14.976343 -2.936774
1769100999.852429 5.407270 -14.977443 -2.942967
1769100999.902379 5.402163 -14.978490 -2.947778
1769100999.952397 5.394368 -14.980017 -2.950136
1769101000.002379 5.389374 -14.980983 -2.952846
1769101000.052366 5.384351 -14.981933 -2.953970
1769101000.102353 5.376890 -14.983343 -2.957416
1769101000.152361 5.371935 -14.984251 -2.960401
1769101000.202352 5.366928 -14.985159 -2.965092
1769101000.252363 5.359551 -14.986463 -2.969335
1769101000.302329 5.354538 -14.987340 -2.974696
1769101000.352366 5.349517 -14.988162 -2.977874
1769101000.402371 5.341997 -14.989386 -2.983391
1769101000.452403 5.336844 -14.990188 -2.987727
1769101000.502375 5.331786 -14.990951 -2.991527
1769101000.552363 5.323926 -14.992134 -2.998065
1769101000.602361 5.318915 -14.992852 -3.002252
1769101000.652373 5.313774 -14.993576 -3.009233
1769101000.702367 5.305971 -14.994608 -3.016008
1769101000.752427 5.300798 -14.995254 -3.020889
1769101000.802345 5.295641 -14.995854 -3.026717
1769101000.852364 5.288042 -14.996675 -3.028328
1769101000.902371 5.283027 -14.997191 -3.029146
1769101000.952373 5.278011 -14.997690 -3.027654
1769101001.002421 5.270482 -14.998508 -3.028570
1769101001.052377 5.265392 -14.999034 -3.027155
1769101001.102366 5.260305 -14.999606 -3.028764
1769101001.152371 5.252703 -15.000446 -3.028078
1769101001.202379 5.247492 -15.001021 -3.028346
1769101001.252373 5.242455 -15.001569 -3.028788
1769101001.302385 5.234652 -15.002416 -3.029266
1769101001.352371 5.229888 -15.002910 -3.030764
1769101001.402376 5.224697 -15.003436 -3.031976
1769101001.452376 5.216939 -15.004254 -3.034502
1769101001.502379 5.211746 -15.004753 -3.033598
1769101001.552433 5.206628 -15.005260 -3.033955
1769101001.602379 5.198842 -15.006049 -3.033191
1769101001.652410 5.193751 -15.006568 -3.033648
1769101001.702408 5.188610 -15.007099 -3.034145
1769101001.752393 5.180929 -15.007894 -3.032589
1769101001.802401 5.175890 -15.008403 -3.031696
1769101001.852385 5.170824 -15.008922 -3.030869
1769101001.902399 5.163344 -15.009695 -3.029547
1769101001.952407 5.158278 -15.010220 -3.028550
1769101002.002450 5.153263 -15.010734 -3.028659
1769101002.052387 5.145706 -15.011538 -3.027634
1769101002.102371 5.140589 -15.012072 -3.028204
1769101002.152380 5.135499 -15.012595 -3.027433
1769101002.202389 5.127765 -15.013470 -3.032081
1769101002.252388 5.122624 -15.014000 -3.032972
1769101002.302432 5.117332 -15.014580 -3.039090
1769101002.352386 5.109599 -15.015357 -3.040248
1769101002.402393 5.104380 -15.015893 -3.045806
1769101002.452409 5.099264 -15.016357 -3.045944
1769101002.502388 5.094071 -15.016834 -3.046017
1769101002.552389 5.086459 -15.017531 -3.045104
1769101002.602386 5.081343 -15.017987 -3.042781
1769101002.652388 5.076351 -15.018451 -3.042076
1769101002.702444 5.068740 -15.019188 -3.039244
1769101002.752398 5.063697 -15.019687 -3.039223
1769101002.802408 5.058656 -15.020182 -3.039254
1769101002.852396 5.050994 -15.020978 -3.042601
1769101002.902396 5.045902 -15.021493 -3.044689
1769101002.952394 5.038571 -15.022217 -3.046678
1769101003.002403 5.033707 -15.022675 -3.047970
1769101003.052396 5.028588 -15.023182 -3.052171
1769101003.102452 5.020900 -15.023868 -3.052818
1769101003.152395 5.015655 -15.024349 -3.055043
1769101003.202398 5.010536 -15.024792 -3.055053
1769101003.252414 5.002720 -15.025466 -3.054843
1769101003.302406 4.997499 -15.025925 -3.056736
1769101003.352410 4.992354 -15.026359 -3.056070
1769101003.402381 4.984534 -15.027024 -3.057041
1769101003.452463 4.979489 -15.027447 -3.057654
1769101003.502452 4.974393 -15.027892 -3.060392
1769101003.552411 4.966827 -15.028514 -3.059991
1769101003.602402 4.961756 -15.028956 -3.061222
1769101003.652381 4.956815 -15.029371 -3.060500
1769101003.702399 4.949225 -15.030012 -3.058816
1769101003.752409 4.944257 -15.030433 -3.056690
1769101003.802423 4.939161 -15.030910 -3.057893
1769101003.852440 4.931493 -15.031580 -3.058803
1769101003.902397 4.926277 -15.032015 -3.057621
1769101003.952511 4.921078 -15.032452 -3.059460
1769101004.002435 4.915906 -15.032860 -3.059532
1769101004.052406 4.908105 -15.033525 -3.066438
1769101004.102410 4.903007 -15.033897 -3.066873
1769101004.152426 4.897852 -15.034299 -3.070686
1769101004.202417 4.890079 -15.034844 -3.070982
1769101004.252415 4.884879 -15.035215 -3.071374
1769101004.302422 4.879807 -15.035565 -3.069055
1769101004.352398 4.872159 -15.036108 -3.066363
1769101004.402417 4.867032 -15.036494 -3.065964
1769101004.452416 4.861963 -15.036852 -3.062769
1769101004.502430 4.854389 -15.037435 -3.062781
1769101004.552418 4.849670 -15.037774 -3.060931
1769101004.602416 4.842344 -15.038350 -3.063482
1769101004.652471 4.837191 -15.038731 -3.064141
1769101004.702424 4.832084 -15.039127 -3.067437
1769101004.752429 4.824358 -15.039687 -3.068364
1769101004.802420 4.819477 -15.040066 -3.072186
1769101004.852423 4.814353 -15.040419 -3.071217
1769101004.902427 4.806525 -15.040975 -3.071636
1769101004.952436 4.801347 -15.041331 -3.072592
1769101005.002423 4.796345 -15.041676 -3.073962
1769101005.052485 4.788566 -15.042190 -3.076034
1769101005.102424 4.783363 -15.042522 -3.077079
1769101005.152501 4.778260 -15.042828 -3.076630
1769101005.202448 4.770634 -15.043295 -3.075474
1769101005.252439 4.765579 -15.043604 -3.075316
1769101005.302496 4.760579 -15.043901 -3.072989
1769101005.352435 4.752923 -15.044402 -3.070372
1769101005.402436 4.747946 -15.044739 -3.069070
1769101005.452490 4.742811 -15.045122 -3.070304
1769101005.502480 4.735285 -15.045639 -3.068964
1769101005.552432 4.730044 -15.046050 -3.073700
1769101005.602477 4.724968 -15.046393 -3.074673
1769101005.652451 4.717193 -15.046898 -3.074773
1769101005.702458 4.712166 -15.047204 -3.075496
1769101005.752501 4.707341 -15.047485 -3.075078
1769101005.802469 4.699552 -15.047990 -3.079357
1769101005.852460 4.694349 -15.048264 -3.077404
1769101005.902460 4.689113 -15.048571 -3.078954
1769101005.952481 4.681352 -15.049028 -3.078661
1769101006.002464 4.676161 -15.049355 -3.082149
1769101006.052455 4.671008 -15.049636 -3.081242
1769101006.102436 4.663350 -15.050089 -3.081563
1769101006.152498 4.658271 -15.050383 -3.081600
1769101006.202457 4.653189 -15.050699 -3.082920
1769101006.252425 4.645990 -15.051117 -3.082181
1769101006.302426 4.641136 -15.051425 -3.083377
1769101006.352442 4.633887 -15.051842 -3.082484
1769101006.402445 4.628759 -15.052131 -3.079459
1769101006.452450 4.623581 -15.052426 -3.077367
1769101006.502449 4.615874 -15.052893 -3.075616
1769101006.552448 4.610706 -15.053244 -3.080004
1769101006.602445 4.605477 -15.053543 -3.080511
1769101006.652432 4.597588 -15.054026 -3.084489
1769101006.702427 4.592379 -15.054322 -3.087391
1769101006.752429 4.587426 -15.054582 -3.089401
1769101006.802440 4.579640 -15.054989 -3.091099
1769101006.852431 4.574485 -15.055252 -3.092458
1769101006.902436 4.569430 -15.055503 -3.092260
1769101006.952457 4.561801 -15.055877 -3.089943
1769101007.002464 4.556723 -15.056126 -3.086608
1769101007.052464 4.551642 -15.056404 -3.083904
1769101007.102454 4.544061 -15.056827 -3.082351
1769101007.152435 4.539000 -15.057130 -3.082700
1769101007.202451 4.533862 -15.057434 -3.085594
1769101007.252476 4.526303 -15.057854 -3.089047
1769101007.302509 4.521136 -15.058156 -3.095733
1769101007.352472 4.516053 -15.058385 -3.100046
1769101007.402463 4.508314 -15.058711 -3.106432
1769101007.452471 4.503158 -15.058897 -3.111896
1769101007.502507 4.497973 -15.059038 -3.115048
1769101007.552467 4.490130 -15.059227 -3.119465
1769101007.602482 4.484939 -15.059351 -3.125485
1769101007.652478 4.479648 -15.059431 -3.131181
1769101007.702492 4.471910 -15.059508 -3.136321
1769101007.752459 4.466694 -15.059550 -3.141547
1769101007.802476 4.461580 -15.059572 3.136213
1769101007.852490 4.456521 -15.059546 3.131969
1769101007.902489 4.448925 -15.059505 3.124512
1769101007.952481 4.443992 -15.059449 3.120134
1769101008.002491 4.438848 -15.059387 3.113650
1769101008.052521 4.431467 -15.059216 3.110523
1769101008.102470 4.426235 -15.059093 3.108796
1769101008.152484 4.421206 -15.058951 3.107940
1769101008.202524 4.413192 -15.058705 3.107034
1769101008.252478 4.408081 -15.058556 3.105297
1769101008.302478 4.402770 -15.058391 3.103689
1769101008.352480 4.394960 -15.058111 3.101806
1769101008.402547 4.389756 -15.057913 3.101764
1769101008.452482 4.384605 -15.057702 3.101989
1769101008.502492 4.376845 -15.057393 3.102202
1769101008.552481 4.371865 -15.057198 3.102389
1769101008.602477 4.366738 -15.056982 3.105422
1769101008.652529 4.359115 -15.056724 3.104310
1769101008.702487 4.353959 -15.056533 3.105863
1769101008.752480 4.348793 -15.056376 3.105165
1769101008.802481 4.341181 -15.056110 3.106920
1769101008.852581 4.336071 -15.055944 3.107897
1769101008.902486 4.331263 -15.055790 3.107921
1769101008.952486 4.323653 -15.055524 3.108916
1769101009.002482 4.318637 -15.055369 3.107072
1769101009.052552 4.313534 -15.055182 3.107520
1769101009.102497 4.305860 -15.054932 3.106074
1769101009.152488 4.300753 -15.054748 3.106040
1769101009.202556 4.295711 -15.054580 3.104260
1769101009.252539 4.287846 -15.054290 3.103659
1769101009.302498 4.282603 -15.054120 3.101113
1769101009.352494 4.277377 -15.053906 3.101612
1769101009.402497 4.269507 -15.053613 3.099443
1769101009.452495 4.264428 -15.053406 3.099896
1769101009.502498 4.259295 -15.053206 3.099536
1769101009.552541 4.251766 -15.052892 3.100332
1769101009.602491 4.246787 -15.052691 3.101902
1769101009.652502 4.241859 -15.052500 3.103526
1769101009.702489 4.234226 -15.052206 3.106505
1769101009.752519 4.229156 -15.052047 3.105334
1769101009.802526 4.223977 -15.051853 3.107075
1769101009.852515 4.216221 -15.051618 3.104002
1769101009.902525 4.210980 -15.051446 3.102960
1769101009.952526 4.205706 -15.051280 3.099616
1769101010.002525 4.198014 -15.050993 3.096407
1769101010.052498 4.192784 -15.050788 3.094825
1769101010.102509 4.187652 -15.050575 3.093588
1769101010.152512 4.180198 -15.050240 3.093220
1769101010.202509 4.175349 -15.050024 3.093473
1769101010.252503 4.167643 -15.049676 3.093895
1769101010.302507 4.162720 -15.049453 3.094921
1769101010.352501 4.157591 -15.049226 3.096505
1769101010.402507 4.149816 -15.048903 3.095411
1769101010.452536 4.144765 -15.048683 3.095708
1769101010.502516 4.139650 -15.048478 3.095223
1769101010.552516 4.132214 -15.048159 3.095273
1769101010.602509 4.127129 -15.047961 3.094507
1769101010.652486 4.122148 -15.047762 3.094559
1769101010.702507 4.114505 -15.047447 3.094679
1769101010.752495 4.109530 -15.047239 3.095261
1769101010.802609 4.104310 -15.047053 3.093345
1769101010.852515 4.096473 -15.046714 3.093136
1769101010.902538 4.091187 -15.046499 3.092148
1769101010.952515 4.085947 -15.046271 3.089537
1769101011.002521 4.078112 -15.045892 3.085155
1769101011.052523 4.072952 -15.045642 3.079506
1769101011.102517 4.067755 -15.045347 3.076202
1769101011.152501 4.062573 -15.045043 3.071073
1769101011.202524 4.055248 -15.044526 3.068834
1769101011.252526 4.050253 -15.044175 3.065584
1769101011.302581 4.042694 -15.043592 3.063566
1769101011.352525 4.037695 -15.043222 3.059201
1769101011.402576 4.032583 -15.042789 3.057265
1769101011.452528 4.024988 -15.042159 3.052415
1769101011.502582 4.019808 -15.041726 3.046038
1769101011.552521 4.014688 -15.041254 3.040255
1769101011.602543 4.006943 -15.040466 3.035869
1769101011.652572 4.001897 -15.039964 3.028490
1769101011.702521 3.996736 -15.039410 3.022137
1769101011.752547 3.991562 -15.038848 3.013059
1769101011.802535 3.984167 -15.037929 3.006926
1769101011.852582 3.979017 -15.037280 3.000657
1769101011.902537 3.971307 -15.036188 2.998103
1769101011.952602 3.966041 -15.035467 2.994724
1769101012.002552 3.960829 -15.034697 2.994911
1769101012.052562 3.953353 -15.033604 2.994643
1769101012.102543 3.948222 -15.032863 2.994654
1769101012.152531 3.943241 -15.032149 2.995206
1769101012.202542 3.935993 -15.031119 2.994848
1769101012.252543 3.931437 -15.030469 2.996257
1769101012.302535 3.926565 -15.029798 2.995329
1769101012.352531 3.919103 -15.028727 2.996055
1769101012.402531 3.914331 -15.028038 2.997596
1769101012.452541 3.909183 -15.027274 3.000267
1769101012.502542 3.901492 -15.026171 3.000244
1769101012.552593 3.896179 -15.025412 2.998859
1769101012.602535 3.891013 -15.024672 2.998093
1769101012.652547 3.883197 -15.023540 2.997297
1769101012.702513 3.878057 -15.022803 2.995583
1769101012.752624 3.872960 -15.022042 2.995502
1769101012.802543 3.865397 -15.020936 2.995510
1769101012.852553 3.860407 -15.020224 2.994140
1769101012.902555 3.855384 -15.019487 2.995372
1769101012.952598 3.847809 -15.018413 2.994058
1769101013.002594 3.842974 -15.017689 2.997644
1769101013.052551 3.837985 -15.016983 2.999281
1769101013.102551 3.830351 -15.015884 3.001462
1769101013.152596 3.825477 -15.015209 3.000216
1769101013.202551 3.818157 -15.014170 2.999120
1769101013.252553 3.813104 -15.013470 2.994299
1769101013.302577 3.808346 -15.012761 2.990897
1769101013.352550 3.801166 -15.011680 2.985897
1769101013.402557 3.796031 -15.010884 2.979735
1769101013.452618 3.788641 -15.009695 2.973500
1769101013.502559 3.783520 -15.008854 2.967449
1769101013.552561 3.778465 -15.007972 2.962474
1769101013.602556 3.771002 -15.006630 2.956954
1769101013.652560 3.765775 -15.005671 2.951613
1769101013.702668 3.758494 -15.004292 2.946666
1769101013.752594 3.753743 -15.003403 2.940974
1769101013.802572 3.748797 -15.002435 2.937506
1769101013.852573 3.741403 -15.000956 2.932282
1769101013.902654 3.736573 -14.999973 2.928926
1769101013.952592 3.731681 -14.998969 2.923663
1769101014.002573 3.724291 -14.997369 2.918545
1769101014.052567 3.719296 -14.996286 2.913117
1769101014.102579 3.714301 -14.995169 2.906169
1769101014.152559 3.706682 -14.993380 2.901257
1769101014.202563 3.701546 -14.992163 2.897884
1769101014.252542 3.696398 -14.990930 2.892693
1769101014.302567 3.688882 -14.989049 2.887961
1769101014.352553 3.683832 -14.987786 2.883021
1769101014.402571 3.678884 -14.986518 2.878299
1769101014.452576 3.671237 -14.984528 2.868905
1769101014.502622 3.666500 -14.983238 2.865560
1769101014.552551 3.661461 -14.981856 2.862301
1769101014.602571 3.656722 -14.980533 2.858105
1769101014.652580 3.649609 -14.978470 2.857053
1769101014.702574 3.644751 -14.977068 2.854146
1769101014.752579 3.637273 -14.974889 2.849772
1769101014.802558 3.632439 -14.973474 2.845975
1769101014.852578 3.627567 -14.972021 2.843525
1769101014.902588 3.622661 -14.970549 2.838222
1769101014.952581 3.615313 -14.968248 2.834146
1769101015.002656 3.610420 -14.966733 2.826922
1769101015.052551 3.605458 -14.965100 2.822728
1769101015.102638 3.598088 -14.962674 2.814911
1769101015.152581 3.593121 -14.960978 2.810987
1769101015.202639 3.588235 -14.959303 2.805570
1769101015.252705 3.580900 -14.956696 2.802964
1769101015.302648 3.576100 -14.955000 2.798557
1769101015.352652 3.571226 -14.953232 2.797625
1769101015.402586 3.564039 -14.950624 2.795115
1769101015.452591 3.559256 -14.948874 2.792160
1769101015.502580 3.554380 -14.947068 2.790116
1769101015.552562 3.547356 -14.944459 2.788931
1769101015.602649 3.542615 -14.942709 2.786058
1769101015.652586 3.537855 -14.940911 2.785782
1769101015.702592 3.530717 -14.938261 2.783212
1769101015.752562 3.525891 -14.936431 2.782680
1769101015.802619 3.520989 -14.934594 2.780746
1769101015.852621 3.513844 -14.931877 2.780700
1769101015.902666 3.509210 -14.930103 2.781824
1769101015.952734 3.504355 -14.928253 2.781806
1769101016.002639 3.496994 -14.925454 2.781758
1769101016.052626 3.492088 -14.923585 2.780205
1769101016.102609 3.487226 -14.921713 2.780122
1769101016.152611 3.480009 -14.918961 2.779290
1769101016.202600 3.475262 -14.917109 2.781240
1769101016.252595 3.470484 -14.915276 2.782042
1769101016.302589 3.463422 -14.912575 2.783465
1769101016.352604 3.458658 -14.910766 2.783978
1769101016.402592 3.454279 -14.909101 2.785308
1769101016.452606 3.447083 -14.906411 2.786189
1769101016.502606 3.442277 -14.904592 2.788459
1769101016.552660 3.437512 -14.902822 2.788196
1769101016.602608 3.430183 -14.900078 2.788134
1769101016.652671 3.425337 -14.898256 2.786627
1769101016.702625 3.418318 -14.895608 2.784451
1769101016.752595 3.413504 -14.893751 2.784056
1769101016.802586 3.408887 -14.891973 2.782136
1769101016.852616 3.401642 -14.889159 2.783308
1769101016.902617 3.396782 -14.887289 2.781792
1769101016.952685 3.391943 -14.885392 2.783662
1769101017.002604 3.384719 -14.882656 2.783496
1769101017.052677 3.379893 -14.880802 2.783640
1769101017.102588 3.374988 -14.878956 2.782227
1769101017.152586 3.367788 -14.876222 2.783156
1769101017.202596 3.363021 -14.874408 2.783151
1769101017.252594 3.358346 -14.872602 2.784009
1769101017.302689 3.351288 -14.869917 2.784432
1769101017.352633 3.346810 -14.868201 2.783543
1769101017.402611 3.342104 -14.866387 2.783949
1769101017.452610 3.335194 -14.863771 2.782373
1769101017.502607 3.330613 -14.861994 2.784143
1769101017.552597 3.323646 -14.859366 2.782291
1769101017.602676 3.318977 -14.857600 2.779822
1769101017.652697 3.314059 -14.855731 2.776692
1769101017.702698 3.306826 -14.852950 2.775238
1769101017.752680 3.302163 -14.851134 2.774472
1769101017.802609 3.297367 -14.849244 2.775421
1769101017.852623 3.290139 -14.846427 2.775084
1769101017.902718 3.285644 -14.844660 2.775257
1769101017.952634 3.280884 -14.842784 2.777802
1769101018.002698 3.273714 -14.840028 2.779127
1769101018.052621 3.269055 -14.838215 2.781604
1769101018.102710 3.264286 -14.836404 2.782582
1769101018.152612 3.257108 -14.833685 2.784366
1769101018.202605 3.252284 -14.831899 2.781727
1769101018.252709 3.247467 -14.830085 2.780422
1769101018.302655 3.240244 -14.827374 2.778179
1769101018.352604 3.235744 -14.825639 2.778681
1769101018.402606 3.230866 -14.823795 2.776231
1769101018.452650 3.223736 -14.821032 2.776088
1769101018.502602 3.218884 -14.819147 2.776008
1769101018.552595 3.214150 -14.817301 2.776674
1769101018.602577 3.206970 -14.814530 2.777429
1769101018.652612 3.202165 -14.812660 2.777336
1769101018.702579 3.195126 -14.809927 2.778577
1769101018.752604 3.190274 -14.808057 2.778087
1769101018.802613 3.185422 -14.806168 2.779213
1769101018.852607 3.178517 -14.803541 2.777409
1769101018.902619 3.173790 -14.801702 2.778304
1769101018.952606 3.169012 -14.799883 2.777373
1769101019.002674 3.162212 -14.797265 2.778542
1769101019.052637 3.157508 -14.795450 2.779894
1769101019.102610 3.152839 -14.793643 2.781990
1769101019.152603 3.145882 -14.791006 2.782673
1769101019.202702 3.141055 -14.789177 2.781392
1769101019.252637 3.136241 -14.787317 2.782103
1769101019.302603 3.129149 -14.784625 2.779571
1769101019.352680 3.124345 -14.782751 2.779458
1769101019.402586 3.117045 -14.779959 2.775819
1769101019.452692 3.112482 -14.778170 2.774495
1769101019.502609 3.107618 -14.776289 2.771697
1769101019.552626 3.100871 -14.773613 2.772770
1769101019.602600 3.096002 -14.771709 2.771507
1769101019.652615 3.089156 -14.769019 2.770563
1769101019.702687 3.084329 -14.767118 2.769879
1769101019.752698 3.079804 -14.765323 2.768046
1769101019.802606 3.072678 -14.762505 2.764104
1769101019.852753 3.067921 -14.760631 2.758065
1769101019.902641 3.063161 -14.758720 2.751971
1769101019.952802 3.056151 -14.755841 2.746468
1769101020.002643 3.051427 -14.753856 2.744429
1769101020.052661 3.046795 -14.751907 2.738764
1769101020.102683 3.039597 -14.748798 2.734810
1769101020.152638 3.034998 -14.746802 2.730321
1769101020.202610 3.030109 -14.744684 2.722434
1769101020.252619 3.023335 -14.741646 2.717284
1769101020.302577 3.018366 -14.739438 2.707811
1769101020.352676 3.011806 -14.736404 2.701270
1769101020.402698 3.006997 -14.734130 2.697883
1769101020.452615 3.002279 -14.731893 2.692118
1769101020.502627 2.995437 -14.728567 2.688813
1769101020.552609 2.990982 -14.726397 2.684952
1769101020.602640 2.986453 -14.724161 2.682974
1769101020.652636 2.981908 -14.721919 2.679210
1769101020.702637 2.975222 -14.718565 2.677425
1769101020.752643 2.970748 -14.716328 2.673108
1769101020.802641 2.966147 -14.713954 2.671235
1769101020.852669 2.959271 -14.710439 2.665827
1769101020.902686 2.954616 -14.708020 2.660749
1769101020.952689 2.949964 -14.705581 2.655496
1769101021.002645 2.943075 -14.701910 2.649331
1769101021.052646 2.938721 -14.699568 2.643271
1769101021.102696 2.934192 -14.697076 2.638119
1769101021.152647 2.927513 -14.693346 2.632548
1769101021.202685 2.923045 -14.690812 2.628525
1769101021.252678 2.918558 -14.688241 2.623257
1769101021.302666 2.911856 -14.684358 2.619668
1769101021.352646 2.907590 -14.681882 2.614846
1769101021.402707 2.901220 -14.678081 2.614530
1769101021.452650 2.896806 -14.675473 2.611944
1769101021.502650 2.892589 -14.672927 2.610289
1769101021.552653 2.886281 -14.669166 2.605623
1769101021.602665 2.881789 -14.666492 2.598796
1769101021.652687 2.877521 -14.663890 2.594034
1769101021.702668 2.871242 -14.660058 2.586351
1769101021.752692 2.866904 -14.657360 2.579891
1769101021.802690 2.860551 -14.653329 2.574294
1769101021.852723 2.856092 -14.650532 2.564428
1769101021.902701 2.851989 -14.647791 2.562046
1769101021.952701 2.845194 -14.643363 2.551314
1769101022.002684 2.841137 -14.640637 2.545818
1769101022.052659 2.836739 -14.637663 2.539382
1769101022.102759 2.830637 -14.633443 2.535324
1769101022.152682 2.826675 -14.630701 2.531307
1769101022.202697 2.820738 -14.626555 2.527162
1769101022.252695 2.816791 -14.623796 2.522473
1769101022.302672 2.812816 -14.620967 2.519420
1769101022.352667 2.806678 -14.616547 2.517706
1769101022.402667 2.802535 -14.613606 2.514246
1769101022.452697 2.798372 -14.610600 2.513446
1769101022.502667 2.792079 -14.606052 2.512606
1769101022.552671 2.787840 -14.602955 2.514664
1769101022.602670 2.783615 -14.599936 2.512932
1769101022.652667 2.777331 -14.595331 2.514967
1769101022.702675 2.773115 -14.592267 2.515304
1769101022.752662 2.768929 -14.589203 2.516192
1769101022.802691 2.762732 -14.584690 2.515367
1769101022.852674 2.758500 -14.581619 2.512400
1769101022.902679 2.754315 -14.578559 2.511395
1769101022.952672 2.748029 -14.573975 2.510241
1769101023.002674 2.744008 -14.571019 2.512120
1769101023.052673 2.739783 -14.567984 2.510235
1769101023.102673 2.735636 -14.564948 2.514042
1769101023.152683 2.729431 -14.560452 2.516733
1769101023.202705 2.725330 -14.557482 2.519728
1769101023.252694 2.721222 -14.554550 2.520983
1769101023.302676 2.715077 -14.550141 2.521890
1769101023.352684 2.710867 -14.547129 2.521579
1769101023.402656 2.706647 -14.544104 2.519854
1769101023.452685 2.700480 -14.539690 2.517548
1769101023.502694 2.696405 -14.536740 2.516005
1769101023.552681 2.692164 -14.533671 2.514856
1769101023.602711 2.685749 -14.529025 2.513348
1769101023.652686 2.681463 -14.525926 2.512981
1769101023.702692 2.677252 -14.522888 2.512795
1769101023.752679 2.670929 -14.518307 2.513256
1769101023.802703 2.666808 -14.515370 2.512527
1769101023.852696 2.660894 -14.511067 2.514526
1769101023.902687 2.656861 -14.508150 2.515456
1769101023.952678 2.652717 -14.505156 2.515446
1769101024.002710 2.646590 -14.500742 2.513988
1769101024.052698 2.642663 -14.497884 2.513689
1769101024.102668 2.638642 -14.494971 2.511357
1769101024.152702 2.632515 -14.490553 2.505913
1769101024.202698 2.628333 -14.487519 2.501042
1769101024.252714 2.624132 -14.484426 2.496085
1769101024.302692 2.617942 -14.479796 2.492518
1769101024.352699 2.613990 -14.476864 2.485714
1769101024.402708 2.609820 -14.473710 2.479056
1769101024.452694 2.603697 -14.468985 2.471217
1769101024.502699 2.599616 -14.465809 2.463700
1769101024.552694 2.595561 -14.462595 2.457661
1769101024.602698 2.589559 -14.457752 2.452004
1769101024.652699 2.585746 -14.454649 2.448973
1769101024.702696 2.581739 -14.451382 2.445647
1769101024.752680 2.576086 -14.446687 2.443450
1769101024.802703 2.572177 -14.443450 2.442353
1769101024.852736 2.566493 -14.438750 2.437310
1769101024.902700 2.562810 -14.435684 2.434794
1769101024.952723 2.559017 -14.432578 2.426597
1769101025.002695 2.553244 -14.427610 2.423340
1769101025.052703 2.549387 -14.424317 2.418983
1769101025.102707 2.545435 -14.420892 2.414350
1769101025.152706 2.539717 -14.415861 2.408186
1769101025.202732 2.535702 -14.412286 2.405642
1769101025.252708 2.531985 -14.408950 2.404888
1769101025.302730 2.525943 -14.403602 2.400201
1769101025.352707 2.522185 -14.400234 2.399988
1769101025.402711 2.518230 -14.396765 2.396075
1769101025.452724 2.512665 -14.391710 2.396976
1769101025.502703 2.508848 -14.388266 2.398504
1769101025.552713 2.505034 -14.384844 2.397563
1769101025.602713 2.499688 -14.379945 2.399418
1769101025.652794 2.495889 -14.376511 2.399013
1769101025.702788 2.490533 -14.371637 2.399067
1769101025.752752 2.486692 -14.368212 2.395804
1769101025.802748 2.483212 -14.365052 2.396490
1769101025.852725 2.477595 -14.360013 2.393325
1769101025.902731 2.473877 -14.356644 2.393440
1769101025.952728 2.469894 -14.353116 2.388713
1769101026.002717 2.464358 -14.348031 2.387562
1769101026.052742 2.460385 -14.344483 2.381107
1769101026.102732 2.454890 -14.339367 2.376654
1769101026.152717 2.451284 -14.336008 2.373469
1769101026.202731 2.447534 -14.332448 2.368828
1769101026.252811 2.442127 -14.327194 2.365488
1769101026.302722 2.438444 -14.323657 2.360793
1769101026.352724 2.434998 -14.320259 2.359710
1769101026.402726 2.429755 -14.315132 2.355697
1769101026.452764 2.426305 -14.311715 2.355202
1769101026.502718 2.421073 -14.306520 2.354109
1769101026.552735 2.417400 -14.302894 2.353064
1769101026.602727 2.413928 -14.299481 2.351797
1769101026.652732 2.408717 -14.294288 2.350900
1769101026.702809 2.405284 -14.290870 2.350931
1769101026.752731 2.399960 -14.285579 2.348624
1769101026.802742 2.396546 -14.282176 2.348089
1769101026.852731 2.391225 -14.276843 2.346884
1769101026.902740 2.387656 -14.273221 2.350093
1769101026.952733 2.384142 -14.269758 2.349720
1769101027.002733 2.378743 -14.264325 2.350494
1769101027.052733 2.374989 -14.260584 2.350528
1769101027.102733 2.371543 -14.257108 2.352267
1769101027.152804 2.366232 -14.251781 2.352254
1769101027.202739 2.362628 -14.248154 2.353540
1769101027.252748 2.357458 -14.242966 2.354582
1769101027.302735 2.353998 -14.239532 2.353965
1769101027.352742 2.350652 -14.236174 2.355156
1769101027.402751 2.345255 -14.230828 2.354382
1769101027.452748 2.341757 -14.227330 2.356550
1769101027.502741 2.338147 -14.223781 2.356670
1769101027.552742 2.332670 -14.218358 2.356754
1769101027.602786 2.328975 -14.214744 2.355201
1769101027.652776 2.325272 -14.211054 2.354937
1769101027.702750 2.319724 -14.205532 2.353296
1769101027.752746 2.316252 -14.202064 2.352096
1769101027.802744 2.312566 -14.198391 2.349943
1769101027.852798 2.307130 -14.192876 2.350201
1769101027.902770 2.303503 -14.189193 2.350578
1769101027.952767 2.298267 -14.183866 2.351618
1769101028.002771 2.294576 -14.180165 2.351301
1769101028.052764 2.291047 -14.176595 2.352804
1769101028.102753 2.285742 -14.171268 2.354260
1769101028.152760 2.282056 -14.167620 2.352502
1769101028.202754 2.278609 -14.164187 2.352560
1769101028.252751 2.273226 -14.158814 2.352161
1769101028.302753 2.269840 -14.155418 2.352955
1769101028.352753 2.264616 -14.150205 2.352131
1769101028.402765 2.261210 -14.146789 2.352399
1769101028.452754 2.257814 -14.143372 2.353223
1769101028.502770 2.252356 -14.137869 2.354877
1769101028.552774 2.248719 -14.134252 2.354946
1769101028.602759 2.244982 -14.130516 2.354950
1769101028.652761 2.239426 -14.124971 2.354665
1769101028.702760 2.235633 -14.121216 2.352372
1769101028.752772 2.231907 -14.117501 2.350495
1769101028.802759 2.226355 -14.111930 2.347925
1769101028.852779 2.222973 -14.108498 2.349340
1769101028.902761 2.219352 -14.104879 2.348132
1769101028.952770 2.214137 -14.099584 2.350090
1769101029.002760 2.210645 -14.096056 2.352500
1769101029.052780 2.207018 -14.092399 2.355242
1769101029.102782 2.201743 -14.087114 2.357428
1769101029.152764 2.198057 -14.083465 2.357721
1769101029.202780 2.194482 -14.079930 2.357789
1769101029.252766 2.189014 -14.074513 2.356822
1769101029.302773 2.185356 -14.070901 2.355491
1769101029.352770 2.181712 -14.067287 2.352858
1769101029.402773 2.176272 -14.061826 2.351365
1769101029.452770 2.172629 -14.058186 2.349517
1769101029.502770 2.168991 -14.054534 2.348637
1769101029.552788 2.163475 -14.048962 2.347060
1769101029.602793 2.159866 -14.045272 2.349178
1769101029.652793 2.156199 -14.041580 2.348444
1769101029.702785 2.150753 -14.036028 2.349772
1769101029.752792 2.147072 -14.032299 2.350045
1769101029.802802 2.143444 -14.028573 2.352419
1769101029.852773 2.138109 -14.023173 2.353248
1769101029.902784 2.134496 -14.019537 2.351150
1769101029.952808 2.130929 -14.015940 2.350903
1769101030.002794 2.125564 -14.010573 2.348987
1769101030.052790 2.122040 -14.006997 2.349755
1769101030.102790 2.118477 -14.003432 2.349014
1769101030.152781 2.113117 -13.997999 2.351074
1769101030.202788 2.109456 -13.994334 2.351150
1769101030.252854 2.105793 -13.990638 2.351882
1769101030.302784 2.100264 -13.985120 2.350014
1769101030.352780 2.096568 -13.981372 2.349534
1769101030.402784 2.092843 -13.977647 2.346617
1769101030.452798 2.089176 -13.973868 2.348075
1769101030.502782 2.083786 -13.968408 2.345658
1769101030.552866 2.080161 -13.964647 2.347278
1769101030.602789 2.076600 -13.961019 2.347857
1769101030.652789 2.071202 -13.955536 2.347867
1769101030.702838 2.067650 -13.951949 2.349305
1769101030.752788 2.064083 -13.948353 2.350397
1769101030.802810 2.058625 -13.942863 2.351758
1769101030.852792 2.054974 -13.939217 2.351210
1769101030.902816 2.051368 -13.935624 2.349939
1769101030.952791 2.045985 -13.930214 2.347408
1769101031.002793 2.042572 -13.926763 2.345190
1769101031.052836 2.038977 -13.923160 2.338778
1769101031.102866 2.033823 -13.917784 2.335458
1769101031.152833 2.030352 -13.914151 2.331494
1769101031.202875 2.025144 -13.908692 2.325660
1769101031.252814 2.021564 -13.904905 2.321375
1769101031.302797 2.017965 -13.901089 2.315479
1769101031.352812 2.012771 -13.895466 2.309134
1769101031.402800 2.009200 -13.891560 2.304165
1769101031.452802 2.005665 -13.887652 2.298720
1769101031.502803 2.000597 -13.881927 2.295128
1769101031.552803 1.997408 -13.878324 2.291153
1769101031.602814 1.994092 -13.874528 2.287534
1769101031.652819 1.989323 -13.869060 2.283376
1769101031.702803 1.986188 -13.865420 2.280595
1769101031.752818 1.981435 -13.859897 2.276347
1769101031.802829 1.978121 -13.856046 2.271215
1769101031.852828 1.974730 -13.852076 2.265434
1769101031.902855 1.969834 -13.846277 2.257735
1769101031.952838 1.966661 -13.842474 2.252257
1769101032.002837 1.961840 -13.836605 2.244942
1769101032.052892 1.958732 -13.832731 2.242794
1769101032.102817 1.955437 -13.828664 2.236167
1769101032.152817 1.950753 -13.822735 2.229004
1769101032.202904 1.947786 -13.818935 2.224970
1769101032.252821 1.943189 -13.813021 2.218463
1769101032.302810 1.940299 -13.809283 2.213953
1769101032.352817 1.937237 -13.805340 2.207506
1769101032.402831 1.932689 -13.799241 2.204615
1769101032.452822 1.929737 -13.795356 2.199623
1769101032.502829 1.925325 -13.789342 2.197165
1769101032.552816 1.922245 -13.785227 2.192891
1769101032.602822 1.919249 -13.781159 2.187975
1769101032.652830 1.914744 -13.774904 2.182300
1769101032.702840 1.911809 -13.770854 2.176558
1769101032.752822 1.908854 -13.766685 2.171227
1769101032.802814 1.904635 -13.760626 2.164932
1769101032.852839 1.901830 -13.756551 2.160408
1769101032.902895 1.898990 -13.752338 2.156658
1769101032.952824 1.894571 -13.745728 2.152474
1769101033.002820 1.891886 -13.741678 2.151136
1769101033.052824 1.888928 -13.737261 2.149370
1769101033.102884 1.884625 -13.730719 2.150191
1769101033.152838 1.881801 -13.726430 2.151925
1769101033.202846 1.878931 -13.722133 2.152594
1769101033.252830 1.874893 -13.716046 2.153961
1769101033.302838 1.872155 -13.711959 2.154365
1769101033.352830 1.868052 -13.705840 2.153449
1769101033.402841 1.865232 -13.701610 2.153229
1769101033.452876 1.862426 -13.697400 2.152535
1769101033.502832 1.858153 -13.690944 2.152578
1769101033.552829 1.855266 -13.686595 2.153278
1769101033.602833 1.852475 -13.682415 2.152092
1769101033.652855 1.848366 -13.676187 2.151426
1769101033.702836 1.845482 -13.671817 2.151242
1769101033.752842 1.842618 -13.667466 2.150835
1769101033.802858 1.838325 -13.660975 2.148902
1769101033.852837 1.835499 -13.656699 2.146009
1769101033.902867 1.832681 -13.652341 2.146979
1769101033.952866 1.828622 -13.646146 2.144514
1769101034.002916 1.825756 -13.641756 2.143826
1769101034.052874 1.823020 -13.637561 2.143873
1769101034.102855 1.818927 -13.631207 2.147426
1769101034.152843 1.816158 -13.627063 2.146192
1769101034.202926 1.812050 -13.620734 2.148567
1769101034.252840 1.809313 -13.616639 2.147894
1769101034.302842 1.806597 -13.612497 2.148982
1769101034.352849 1.802345 -13.606108 2.147191
1769101034.402843 1.799600 -13.601946 2.146085
1769101034.452857 1.796920 -13.597899 2.144293
1769101034.502844 1.792674 -13.591388 2.142346
1769101034.552842 1.789969 -13.587252 2.140784
1769101034.602849 1.787035 -13.582729 2.139676
1769101034.652849 1.782997 -13.576457 2.139715
1769101034.702841 1.780084 -13.571928 2.139742
1769101034.752851 1.776070 -13.565642 2.140008
1769101034.802872 1.773209 -13.561220 2.139750
1769101034.852857 1.770660 -13.557235 2.142160
1769101034.902856 1.766473 -13.550771 2.142231
1769101034.952847 1.763920 -13.546825 2.142680
1769101035.002852 1.761079 -13.542501 2.141135
1769101035.052850 1.756979 -13.536141 2.140804
1769101035.102854 1.754184 -13.531822 2.140604
1769101035.152857 1.751495 -13.527675 2.141685
1769101035.202854 1.747290 -13.521207 2.140849
1769101035.252886 1.744464 -13.516853 2.140914
1769101035.302861 1.741592 -13.512468 2.139574
1769101035.352869 1.737520 -13.506119 2.140837
1769101035.402856 1.734805 -13.501953 2.139976
1769101035.452871 1.731973 -13.497580 2.138910
1769101035.502886 1.727823 -13.491135 2.137423
1769101035.552877 1.725038 -13.486928 2.132422
1769101035.602883 1.722257 -13.482574 2.131542
1769101035.652863 1.718172 -13.476101 2.132783
1769101035.702872 1.715452 -13.471792 2.135813
1769101035.752911 1.711368 -13.465400 2.137506
1769101035.802885 1.708728 -13.461282 2.139268
1769101035.852866 1.705997 -13.457023 2.141370
1769101035.902871 1.702046 -13.450918 2.142401
1769101035.952888 1.699459 -13.446935 2.144189
1769101036.002877 1.695336 -13.440618 2.144633
1769101036.052888 1.692799 -13.436697 2.145749
1769101036.102944 1.690021 -13.432535 2.141580
1769101036.152884 1.686105 -13.426508 2.138944
1769101036.202870 1.683387 -13.422330 2.136731
1769101036.252887 1.679348 -13.416013 2.135680
1769101036.302870 1.676632 -13.411802 2.133733
1769101036.352870 1.672413 -13.405154 2.133205
1769101036.402886 1.669550 -13.400661 2.132385
1769101036.452874 1.666817 -13.396362 2.130916
1769101036.502940 1.664053 -13.391982 2.130568
1769101036.552879 1.659924 -13.385467 2.128027
1769101036.602897 1.657365 -13.381368 2.129811
1769101036.652877 1.653315 -13.374991 2.127642
1769101036.702874 1.650744 -13.370904 2.127685
1769101036.752882 1.647953 -13.366509 2.127385
1769101036.802876 1.644019 -13.360248 2.129004
1769101036.852909 1.641294 -13.355907 2.130778
1769101036.902882 1.638550 -13.351584 2.131497
1769101036.952908 1.634447 -13.345100 2.131566
1769101037.002879 1.631695 -13.340794 2.131003
1769101037.052898 1.628963 -13.336509 2.129684
1769101037.102901 1.624890 -13.330062 2.128230
1769101037.152912 1.622163 -13.325721 2.127993
1769101037.202891 1.619241 -13.321135 2.123989
1769101037.252885 1.615261 -13.314683 2.123615
1769101037.302913 1.612258 -13.309928 2.120641
1769101037.352906 1.609649 -13.305682 2.121844
1769101037.402889 1.605391 -13.298850 2.120398
1769101037.452888 1.602794 -13.294610 2.121674
1769101037.502896 1.600026 -13.290177 2.122150
1769101037.552924 1.596120 -13.283856 2.124094
1769101037.602893 1.593443 -13.279580 2.124500
1769101037.652919 1.590829 -13.275398 2.125083
1769101037.702893 1.586844 -13.269019 2.126384
1769101037.752919 1.584067 -13.264648 2.124016
1769101037.802934 1.581397 -13.260377 2.124347
1769101037.852937 1.577157 -13.253661 2.121327
1769101037.902935 1.574449 -13.249298 2.121173
1769101037.952943 1.571579 -13.244704 2.119878
1769101038.002964 1.568928 -13.240415 2.119206
1769101038.052933 1.564770 -13.233659 2.117543
1769101038.102912 1.562141 -13.229366 2.116790
1769101038.152909 1.559470 -13.224999 2.115741
1769101038.202909 1.555495 -13.218435 2.115195
1769101038.252901 1.552777 -13.213942 2.115464
1769101038.302899 1.550278 -13.209776 2.115628
1769101038.352926 1.546276 -13.203104 2.118617
1769101038.402903 1.543503 -13.198604 2.117135
1769101038.452918 1.540840 -13.194215 2.117790
1769101038.502905 1.536848 -13.187676 2.117876
1769101038.552930 1.534273 -13.183490 2.117523
1769101038.602923 1.530321 -13.176986 2.119023
1769101038.652914 1.527833 -13.172953 2.118249
1769101038.702907 1.525276 -13.168712 2.120149
1769101038.752925 1.521414 -13.162386 2.120749
1769101038.802914 1.518689 -13.157972 2.117932
1769101038.852910 1.515988 -13.153536 2.116648
1769101038.902928 1.511929 -13.146819 2.116610
1769101038.952909 1.509193 -13.142346 2.114019
1769101039.002922 1.506476 -13.137820 2.114439
1769101039.052909 1.502335 -13.130985 2.111654
1769101039.102913 1.499689 -13.126543 2.112480
1769101039.152940 1.497079 -13.122249 2.110287
1769101039.202915 1.493244 -13.115842 2.110537
1769101039.252936 1.490704 -13.111624 2.110298
1769101039.302918 1.487015 -13.105432 2.111734
1769101039.352931 1.484480 -13.101256 2.110685
1769101039.402920 1.481910 -13.096945 2.112796
1769101039.452930 1.477818 -13.090242 2.110943
1769101039.502915 1.475167 -13.085871 2.109632
1769101039.552990 1.472620 -13.081669 2.109345
1769101039.602945 1.468609 -13.075031 2.107969
1769101039.652922 1.466076 -13.070819 2.107672
1769101039.702955 1.463507 -13.066540 2.106466
1769101039.752977 1.459754 -13.060285 2.104755
1769101039.802979 1.457200 -13.056016 2.103260
1769101039.852999 1.453518 -13.049814 2.101144
1769101039.902962 1.450986 -13.045541 2.099472
1769101039.952945 1.447096 -13.038846 2.100486
1769101040.002950 1.444513 -13.034483 2.099988
1769101040.052960 1.442015 -13.030212 2.101488
1769101040.102951 1.438047 -13.023455 2.102836
1769101040.152946 1.435608 -13.019299 2.104854
1769101040.202928 1.431808 -13.012887 2.105941
1769101040.252935 1.429419 -13.008843 2.107278
1769101040.302931 1.426989 -13.004766 2.107355
1769101040.352934 1.423236 -12.998457 2.107930
1769101040.402950 1.420627 -12.994085 2.107347
1769101040.452952 1.418014 -12.989686 2.107125
1769101040.502944 1.414111 -12.983065 2.107746
1769101040.552952 1.411521 -12.978715 2.106944
1769101040.603022 1.407680 -12.972238 2.106369
1769101040.652936 1.405091 -12.967856 2.105236
1769101040.702951 1.402590 -12.963603 2.104352
1769101040.752938 1.398573 -12.956779 2.103627
1769101040.802959 1.395987 -12.952387 2.101398
1769101040.852967 1.393393 -12.947953 2.101109
1769101040.902941 1.389656 -12.941551 2.100381
1769101040.952961 1.387038 -12.937069 2.099890
1769101041.002940 1.384445 -12.932564 2.102393
1769101041.052944 1.380634 -12.926047 2.103911
1769101041.103009 1.378087 -12.921703 2.105530
1769101041.152964 1.374404 -12.915448 2.108036
1769101041.202966 1.371695 -12.910919 2.107648
1769101041.252965 1.369279 -12.906844 2.107688
1769101041.302960 1.365605 -12.900706 2.106415
1769101041.352968 1.363155 -12.896598 2.104720
1769101041.402945 1.359397 -12.890255 2.103298
1769101041.452974 1.356874 -12.886004 2.101043
1769101041.502946 1.353258 -12.879807 2.100026
1769101041.552951 1.350697 -12.875432 2.098226
1769101041.602957 1.348234 -12.871185 2.097669
1769101041.652978 1.344322 -12.864475 2.095487
1769101041.702955 1.341885 -12.860198 2.096781
1769101041.752958 1.338023 -12.853586 2.093854
1769101041.802991 1.335584 -12.849337 2.095191
1769101041.853005 1.331802 -12.842819 2.094866
1769101041.903016 1.329485 -12.838789 2.096098
1769101041.952998 1.327037 -12.834596 2.095575
1769101042.003020 1.323515 -12.828509 2.095871
1769101042.052969 1.321089 -12.824320 2.096355
1769101042.102981 1.317384 -12.817926 2.096393
1769101042.152957 1.314862 -12.813601 2.095918
1769101042.202962 1.311231 -12.807321 2.096938
1769101042.252959 1.308730 -12.803071 2.094686
1769101042.302961 1.304955 -12.796528 2.094690
1769101042.352961 1.302454 -12.792224 2.093566
1769101042.402977 1.299959 -12.787893 2.092617
1769101042.452985 1.296323 -12.781573 2.092456
1769101042.502963 1.293640 -12.776991 2.088779
1769101042.552973 1.291113 -12.772525 2.087872
1769101042.602982 1.287227 -12.765690 2.087572
1769101042.652998 1.284698 -12.761209 2.087553
1769101042.702966 1.282128 -12.756654 2.089787
1769101042.752993 1.278447 -12.750172 2.091536
1769101042.803010 1.275917 -12.745718 2.093539
1769101042.852988 1.273331 -12.741199 2.094662
1769101042.902995 1.269609 -12.734727 2.096869
1769101042.952986 1.267139 -12.730494 2.095811
1769101043.002984 1.263645 -12.724404 2.097382
1769101043.052989 1.261098 -12.720054 2.094398
1769101043.103047 1.258620 -12.715717 2.092738
1769101043.152973 1.254837 -12.709134 2.089977
1769101043.202983 1.252437 -12.704870 2.088257
1769101043.252988 1.248800 -12.698407 2.087149
1769101043.302984 1.246203 -12.693827 2.082705
1769101043.352982 1.243779 -12.689458 2.081527
1769101043.402997 1.240075 -12.682823 2.078241
1769101043.452998 1.237689 -12.678398 2.079348
1769101043.503000 1.234185 -12.672026 2.078894
1769101043.552980 1.231927 -12.667823 2.080885
1769101043.603070 1.229375 -12.663201 2.079309
1769101043.652979 1.225745 -12.656573 2.079585
1769101043.702991 1.223208 -12.651960 2.078448
1769101043.752993 1.220846 -12.647605 2.078740
1769101043.803012 1.217037 -12.640656 2.079963
1769101043.853001 1.214769 -12.636491 2.079986
1769101043.903002 1.212281 -12.631942 2.079461
1769101043.953028 1.208546 -12.625144 2.079063
1769101044.003037 1.206225 -12.620849 2.078667
1769101044.052998 1.202672 -12.614377 2.077445
1769101044.103009 1.200351 -12.610071 2.076686
1769101044.153009 1.197968 -12.605669 2.074078
1769101044.203005 1.194453 -12.599118 2.073952
1769101044.252994 1.191977 -12.594524 2.070525
1769101044.303012 1.188323 -12.587668 2.070413
1769101044.353020 1.185956 -12.583167 2.071576
1769101044.403007 1.183714 -12.578923 2.072638
1769101044.453012 1.179963 -12.571945 2.073943
1769101044.502995 1.177686 -12.567643 2.075239
1769101044.553011 1.175293 -12.563178 2.075923
1769101044.602999 1.171851 -12.556829 2.075931
1769101044.653012 1.169442 -12.552435 2.073280
1769101044.702996 1.165905 -12.545937 2.071530
1769101044.752997 1.163550 -12.541485 2.073237
1769101044.802996 1.161058 -12.536943 2.067541
1769101044.853034 1.157612 -12.530445 2.066477
1769101044.903018 1.155208 -12.525892 2.065120
1769101044.953003 1.152881 -12.521440 2.063914
1769101045.003019 1.149128 -12.514351 2.061264
1769101045.053021 1.146914 -12.510063 2.059644
1769101045.103025 1.143559 -12.503615 2.057506
1769101045.153028 1.141301 -12.499180 2.056379
1769101045.203045 1.138921 -12.494550 2.054452
1769101045.253020 1.135384 -12.487661 2.053675
1769101045.303029 1.133139 -12.483261 2.052826
1769101045.353030 1.129738 -12.476628 2.052261
1769101045.403049 1.127510 -12.472205 2.053272
1769101045.453031 1.125246 -12.467790 2.051970
1769101045.503035 1.121857 -12.461214 2.051438
1769101045.553025 1.119570 -12.456756 2.049715
1769101045.603030 1.116279 -12.450339 2.049585
1769101045.653036 1.114088 -12.446020 2.049081
1769101045.703087 1.111936 -12.441748 2.048591
1769101045.753044 1.108555 -12.435110 2.046487
1769101045.803055 1.106328 -12.430678 2.044695
1769101045.853030 1.102933 -12.423946 2.042132
1769101045.903048 1.100499 -12.419116 2.037388
1769101045.953029 1.098323 -12.414614 2.039154
1769101046.003075 1.094990 -12.407967 2.034787
1769101046.053064 1.092803 -12.403431 2.036059
1769101046.103022 1.089447 -12.396637 2.034759
1769101046.153085 1.087340 -12.392275 2.036498
1769101046.203042 1.084162 -12.385893 2.034845
1769101046.253019 1.082145 -12.381740 2.035586
1769101046.303039 1.078786 -12.374945 2.035415
1769101046.353046 1.076767 -12.370789 2.036383
1769101046.403019 1.074588 -12.366449 2.033226
1769101046.453054 1.071377 -12.359965 2.032262
1769101046.503042 1.069200 -12.355564 2.031156
1769101046.553046 1.065814 -12.348781 2.026958
1769101046.603096 1.063641 -12.344316 2.026528
1769101046.653059 1.060460 -12.337818 2.025052
1769101046.703024 1.058319 -12.333415 2.023853
1769101046.753052 1.056021 -12.328687 2.021405
1769101046.803057 1.052727 -12.321866 2.019292
1769101046.853047 1.050418 -12.317065 2.016992
1769101046.903054 1.048232 -12.312440 2.017215
1769101046.953054 1.044792 -12.305276 2.014272
1769101047.003055 1.042616 -12.300645 2.016259
1769101047.053051 1.040351 -12.295877 2.016853
1769101047.103031 1.037133 -12.289131 2.018361
1769101047.153049 1.035035 -12.284726 2.019816
1769101047.203049 1.032845 -12.280161 2.020343
1769101047.253070 1.029552 -12.273313 2.021098
1769101047.303061 1.027353 -12.268762 2.021207
1769101047.353071 1.025112 -12.264161 2.018446
1769101047.403119 1.021936 -12.257529 2.018456
1769101047.453061 1.019714 -12.252893 2.018517
1769101047.503058 1.017447 -12.248162 2.017580
1769101047.553056 1.014109 -12.241158 2.017580
1769101047.603074 1.011731 -12.236197 2.016547
1769101047.653094 1.009653 -12.231814 2.016560
1769101047.703077 1.006183 -12.224530 2.016055
1769101047.753062 1.004019 -12.219980 2.014989
1769101047.803101 1.001810 -12.215341 2.014035
1769101047.853101 0.998550 -12.208456 2.013760
1769101047.903091 0.996470 -12.204057 2.013830
1769101047.953053 0.993242 -12.197204 2.014602
1769101048.003062 0.991187 -12.192824 2.016369
1769101048.053059 0.988937 -12.188065 2.017623
1769101048.103065 0.985832 -12.181493 2.020495
1769101048.153076 0.983627 -12.176923 2.019501
1769101048.203065 0.981525 -12.172470 2.021235
1769101048.253070 0.978117 -12.165378 2.020544
1769101048.303085 0.975984 -12.160925 2.018810
1769101048.353070 0.973772 -12.156276 2.016859
1769101048.403081 0.970522 -12.149428 2.014751
1769101048.453074 0.968436 -12.144977 2.013571
1769101048.503143 0.966224 -12.140244 2.011236
1769101048.553077 0.963054 -12.133415 2.010350
1769101048.603053 0.960880 -12.128662 2.009667
1769101048.653071 0.957712 -12.121743 2.011664
1769101048.703077 0.955586 -12.117152 2.009894
1769101048.753080 0.953466 -12.112512 2.011343
1769101048.803081 0.950184 -12.105445 2.012033
1769101048.853086 0.948071 -12.100868 2.013068
1769101048.903083 0.945072 -12.094455 2.012348
1769101048.953061 0.943105 -12.090201 2.012060
1769101049.003084 0.940983 -12.085607 2.012063
1769101049.053074 0.937862 -12.078884 2.012429
1769101049.103082 0.935698 -12.074230 2.011187
1769101049.153136 0.933656 -12.069793 2.010767
1769101049.203077 0.930342 -12.062672 2.009859
1769101049.253083 0.928107 -12.057848 2.008380
1769101049.303090 0.925077 -12.051279 2.007316
1769101049.353094 0.922928 -12.046586 2.006638
1769101049.403085 0.920986 -12.042270 2.008030
1769101049.453061 0.917766 -12.035346 2.003538
1769101049.503099 0.915827 -12.031002 2.003437
1769101049.553084 0.912638 -12.024034 2.000979
1769101049.603131 0.910699 -12.019663 2.001249
1769101049.653119 0.908736 -12.015235 2.003733
1769101049.703150 0.905644 -12.008383 2.005654
1769101049.753096 0.903577 -12.003892 2.004427
1769101049.803077 0.900601 -11.997387 2.004182
1769101049.853104 0.898602 -11.993003 2.004506
1769101049.903090 0.895504 -11.986249 2.005225
1769101049.953118 0.893514 -11.981927 2.003864
1769101050.003090 0.890543 -11.975465 2.002133
1769101050.053099 0.888558 -11.971118 2.000172
1769101050.103097 0.886496 -11.966585 1.997195
1769101050.153089 0.883398 -11.959724 1.995147
1769101050.203075 0.881374 -11.955211 1.992516
1769101050.253078 0.878283 -11.948266 1.991037
1769101050.303078 0.876097 -11.943346 1.989389
1769101050.353095 0.874030 -11.938596 1.989002
1769101050.403098 0.871011 -11.931661 1.990224
1769101050.453096 0.868941 -11.926937 1.988615
1769101050.503081 0.866883 -11.922210 1.989139
1769101050.553118 0.863820 -11.915231 1.989649
1769101050.603154 0.861806 -11.910615 1.989930
1769101050.653110 0.859710 -11.905849 1.989122
1769101050.703171 0.856756 -11.899125 1.989164
1769101050.753109 0.854688 -11.894356 1.990442
1769101050.803114 0.852781 -11.889970 1.991938
1769101050.853090 0.849616 -11.882822 1.991081
1769101050.903091 0.847665 -11.878343 1.991095
1769101050.953089 0.844540 -11.871211 1.991062
1769101051.003097 0.842599 -11.866786 1.989412
1769101051.053111 0.840652 -11.862305 1.987567
1769101051.103113 0.837743 -11.855676 1.984078
1769101051.153112 0.835812 -11.851151 1.983762
1769101051.203091 0.832675 -11.843931 1.978729
1769101051.253124 0.830639 -11.839092 1.978679
1769101051.303099 0.828529 -11.834107 1.978203
1769101051.353108 0.825486 -11.826941 1.979613
1769101051.403096 0.823519 -11.822303 1.980272
1769101051.453114 0.821719 -11.818025 1.982186
1769101051.503120 0.818655 -11.810884 1.983578
1769101051.553128 0.816723 -11.806349 1.984839
1769101051.603254 0.814742 -11.801795 1.983392
1769101051.653116 0.811845 -11.795115 1.982639
1769101051.703118 0.809810 -11.790445 1.980256
1769101051.753138 0.806836 -11.783586 1.976879
1769101051.803146 0.804933 -11.779094 1.976511
1769101051.853144 0.802894 -11.774325 1.973565
1769101051.903151 0.799874 -11.767189 1.973140
1769101051.953126 0.797866 -11.762473 1.969197
1769101052.003138 0.794999 -11.755606 1.968388
1769101052.053143 0.792959 -11.750718 1.966171
1769101052.103133 0.791035 -11.746044 1.966177
1769101052.153121 0.788244 -11.739348 1.964006
1769101052.203105 0.786342 -11.734654 1.965796
1769101052.253130 0.784458 -11.730088 1.965002
1769101052.303129 0.781543 -11.723000 1.965702
1769101052.353138 0.779719 -11.718534 1.966909
1769101052.403144 0.777746 -11.713732 1.968064
1769101052.453176 0.774891 -11.706872 1.968158
1769101052.503136 0.772988 -11.702286 1.968217
1769101052.553134 0.770052 -11.695243 1.968621
1769101052.603132 0.768092 -11.690499 1.969269
1769101052.653145 0.766271 -11.686137 1.968005
1769101052.703149 0.763311 -11.678992 1.967617
1769101052.753134 0.761427 -11.674401 1.967275
1769101052.803134 0.759498 -11.669755 1.963457
1769101052.853145 0.756547 -11.662561 1.961275
1769101052.903144 0.754547 -11.657622 1.960726
1769101052.953151 0.752535 -11.652660 1.958314
1769101053.003139 0.749596 -11.645366 1.958678
1769101053.053148 0.747634 -11.640480 1.957806
1769101053.103120 0.745713 -11.635666 1.959186
1769101053.153149 0.742920 -11.628783 1.958846
1769101053.203142 0.741170 -11.624418 1.959813
1769101053.253147 0.738424 -11.617639 1.960105
1769101053.303148 0.736683 -11.613278 1.962411
1769101053.353145 0.734826 -11.608768 1.958970
1769101053.403153 0.732017 -11.601890 1.955723
1769101053.453146 0.730090 -11.597112 1.954074
1769101053.503151 0.727245 -11.590116 1.949297
1769101053.553199 0.725375 -11.585420 1.947889
1769101053.603197 0.722692 -11.578666 1.945045
1769101053.653187 0.720791 -11.573830 1.943284
1769101053.703166 0.718870 -11.568952 1.939861
1769101053.753192 0.716200 -11.562053 1.938521
1769101053.803161 0.714328 -11.557224 1.935688
1769101053.853162 0.712510 -11.552417 1.936223
1769101053.903176 0.709682 -11.545073 1.932625
1769101053.953187 0.707988 -11.540559 1.934222
1769101054.003227 0.706066 -11.535573 1.932036
1769101054.053150 0.703318 -11.528310 1.933521
1769101054.103161 0.701472 -11.523455 1.934573
1769101054.153157 0.699668 -11.518721 1.935406
1769101054.203225 0.696922 -11.511546 1.935056
1769101054.253164 0.695209 -11.507104 1.933239
1769101054.303167 0.693417 -11.502411 1.932628
1769101054.353161 0.690687 -11.495231 1.931801
1769101054.403163 0.688876 -11.490435 1.931399
1769101054.453207 0.686984 -11.485461 1.927837
1769101054.503169 0.684419 -11.478524 1.928281
1769101054.553186 0.682480 -11.473378 1.924991
1769101054.603168 0.680705 -11.468553 1.923735
1769101054.653162 0.677979 -11.461144 1.922039
1769101054.703161 0.676254 -11.456408 1.921370
1769101054.753175 0.674438 -11.451455 1.920216
1769101054.803184 0.671840 -11.444297 1.920263
1769101054.853173 0.670218 -11.439804 1.921249
1769101054.903183 0.668486 -11.435021 1.922258
1769101054.953151 0.665983 -11.428152 1.922936
1769101055.003217 0.664234 -11.423366 1.921753
1769101055.053170 0.662543 -11.418649 1.924658
1769101055.103174 0.659788 -11.411212 1.922005
1769101055.153183 0.658082 -11.406476 1.922568
1769101055.203159 0.656258 -11.401499 1.920128
1769101055.253184 0.653653 -11.394298 1.918542
1769101055.303179 0.651982 -11.389676 1.915758
1769101055.353235 0.649502 -11.382745 1.912926
1769101055.403171 0.647813 -11.377943 1.911561
1769101055.453176 0.646052 -11.372991 1.906601
1769101055.503184 0.644343 -11.368055 1.904361
1769101055.553182 0.641785 -11.360649 1.899969
1769101055.603276 0.640100 -11.355666 1.899157
1769101055.653207 0.637669 -11.348483 1.897262
1769101055.703200 0.636029 -11.343522 1.899632
1769101055.753218 0.634406 -11.338732 1.898401
1769101055.803206 0.631969 -11.331504 1.898978
1769101055.853216 0.630437 -11.326943 1.899361
1769101055.903179 0.628869 -11.322276 1.899206
1769101055.953201 0.626617 -11.315584 1.899570
1769101056.003205 0.625011 -11.310796 1.898453
1769101056.053209 0.622656 -11.303782 1.897525
1769101056.103174 0.621020 -11.298890 1.895648
1769101056.153193 0.619374 -11.293933 1.894037
1769101056.203186 0.616899 -11.286492 1.892114
1769101056.253240 0.615355 -11.281757 1.891762
1769101056.303174 0.613652 -11.276572 1.889762
1769101056.353199 0.611298 -11.269318 1.890308
1769101056.403200 0.609611 -11.264194 1.887257
1769101056.453195 0.608199 -11.259726 1.888355
1769101056.503206 0.605849 -11.252516 1.885664
1769101056.553190 0.604408 -11.247970 1.885636
1769101056.603201 0.602010 -11.240517 1.885718
1769101056.653203 0.600502 -11.235770 1.886483
1769101056.703243 0.598909 -11.230807 1.887270
1769101056.753203 0.596627 -11.223726 1.888736
1769101056.803187 0.595055 -11.218915 1.888324
1769101056.853180 0.593426 -11.213932 1.886550
1769101056.903195 0.591091 -11.206723 1.887078
1769101056.953209 0.589476 -11.201778 1.883545
1769101057.003197 0.587967 -11.197042 1.883115
1769101057.053205 0.586369 -11.192053 1.879141
1769101057.103200 0.584083 -11.184805 1.877155
1769101057.153214 0.582507 -11.179795 1.873612
1769101057.203198 0.580169 -11.172267 1.871442
1769101057.253207 0.578585 -11.167166 1.867335
1769101057.303204 0.577174 -11.162467 1.867800
1769101057.353205 0.574933 -11.155066 1.867807
1769101057.403218 0.573448 -11.150139 1.867364
1769101057.453201 0.572042 -11.145460 1.868122
1769101057.503215 0.569841 -11.138190 1.868507
1769101057.553254 0.568477 -11.133682 1.868900
1769101057.603228 0.566983 -11.128754 1.868640
1769101057.653213 0.564854 -11.121750 1.868303
1769101057.703211 0.563353 -11.116804 1.867704
1769101057.753229 0.561220 -11.109779 1.868151
1769101057.803212 0.559688 -11.104729 1.867424
1769101057.853221 0.558214 -11.099846 1.867549
1769101057.903219 0.555907 -11.092218 1.867592
1769101057.953220 0.554532 -11.087636 1.869140
1769101058.003227 0.553050 -11.082688 1.872593
1769101058.053236 0.550864 -11.075572 1.875426
1769101058.103229 0.549336 -11.070665 1.878058
1769101058.153225 0.547765 -11.065626 1.882107
1769101058.203271 0.545421 -11.058250 1.887089
1769101058.253212 0.543930 -11.053544 1.895194
1769101058.303226 0.542314 -11.048607 1.901433
1769101058.353226 0.539827 -11.041198 1.909147
1769101058.403226 0.538130 -11.036306 1.913103
1769101058.453237 0.536563 -11.031762 1.919881
1769101058.503230 0.533943 -11.024514 1.923572
1769101058.553232 0.532345 -11.020074 1.929625
1769101058.603230 0.529725 -11.012990 1.936324
1769101058.653276 0.528090 -11.008589 1.939988
1769101058.703223 0.526316 -11.003879 1.944056
1769101058.753242 0.523646 -10.996946 1.945715
1769101058.803240 0.521907 -10.992362 1.949705
1769101058.853229 0.519964 -10.987354 1.953020
1769101058.903284 0.517218 -10.980383 1.956155
1769101058.953234 0.515265 -10.975436 1.958394
1769101059.003235 0.513354 -10.970627 1.958492
1769101059.053229 0.510579 -10.963658 1.959195
1769101059.103237 0.508695 -10.958870 1.960317
1769101059.153238 0.505915 -10.951880 1.961676
1769101059.203301 0.504070 -10.947207 1.961857
1769101059.253258 0.502271 -10.942646 1.961844
1769101059.303239 0.499439 -10.935590 1.962973
1769101059.353246 0.497600 -10.930998 1.962050
1769101059.403238 0.495693 -10.926255 1.962788
1769101059.453220 0.492773 -10.919119 1.961276
1769101059.503242 0.490854 -10.914322 1.964142
1769101059.553253 0.488956 -10.909659 1.962339
1769101059.603306 0.486109 -10.902615 1.963079
1769101059.653237 0.484228 -10.897922 1.963090
1769101059.703251 0.482436 -10.893385 1.965297
1769101059.753272 0.479581 -10.886367 1.964418
1769101059.803321 0.477765 -10.881761 1.965909
1769101059.853258 0.474928 -10.874763 1.965857
1769101059.903265 0.472933 -10.869809 1.964181
1769101059.953282 0.470980 -10.864957 1.964177
1769101060.003259 0.468058 -10.857809 1.961688
1769101060.053255 0.466151 -10.853024 1.965152
1769101060.103253 0.464317 -10.848517 1.963317
1769101060.153258 0.461461 -10.841470 1.966771
1769101060.203246 0.459667 -10.837086 1.966839
1769101060.253255 0.456923 -10.830367 1.971079
1769101060.303252 0.455025 -10.825736 1.973049
1769101060.353254 0.453192 -10.821233 1.977102
1769101060.403258 0.450364 -10.814510 1.976896
1769101060.453256 0.448511 -10.810010 1.978471
1769101060.503269 0.445497 -10.802871 1.977673
1769101060.553254 0.443557 -10.798237 1.974693
1769101060.603261 0.441641 -10.793647 1.971879
1769101060.653255 0.438744 -10.786747 1.967718
1769101060.703264 0.436795 -10.781986 1.968249
1769101060.753246 0.434816 -10.777217 1.964505
1769101060.803261 0.431890 -10.770068 1.965296
1769101060.853269 0.430027 -10.765543 1.963596
1769101060.903302 0.427160 -10.758513 1.965470
1769101060.953269 0.425216 -10.753740 1.966743
1769101061.003257 0.423244 -10.748866 1.970378
1769101061.053260 0.420287 -10.741736 1.971371
1769101061.103269 0.418345 -10.736990 1.972145
1769101061.153310 0.416420 -10.732315 1.972736
1769101061.203260 0.413592 -10.725536 1.972005
1769101061.253268 0.411786 -10.721148 1.973035
1769101061.303323 0.409832 -10.716449 1.971814
1769101061.353264 0.406904 -10.709441 1.972931
1769101061.403267 0.405083 -10.705014 1.974439
1769101061.453267 0.403115 -10.700227 1.975992
1769101061.503268 0.400252 -10.693354 1.976744
1769101061.553264 0.398201 -10.688346 1.979673
1769101061.603290 0.395257 -10.681337 1.978373
1769101061.653296 0.393370 -10.676674 1.982882
1769101061.703270 0.391517 -10.672189 1.981626
1769101061.753285 0.388430 -10.664855 1.980587
1769101061.803292 0.386661 -10.660566 1.980494
1769101061.853273 0.384695 -10.655827 1.980467
1769101061.903305 0.381904 -10.649213 1.981870
1769101061.953278 0.379919 -10.644504 1.981881
1769101062.003287 0.377037 -10.637676 1.985974
1769101062.053280 0.375176 -10.633270 1.987003
1769101062.103333 0.373289 -10.628780 1.989218
1769101062.153278 0.370242 -10.621718 1.988741
1769101062.203343 0.368329 -10.617165 1.990955
1769101062.253270 0.365408 -10.610404 1.989158
1769101062.303283 0.363410 -10.605640 1.989608
1769101062.353291 0.361599 -10.601329 1.987925
1769101062.403326 0.358532 -10.594166 1.986204
1769101062.453297 0.356714 -10.589794 1.986599
1769101062.503277 0.354679 -10.584980 1.983392
1769101062.553269 0.351711 -10.577980 1.983306
1769101062.603287 0.349649 -10.573083 1.981715
1769101062.653291 0.346569 -10.565808 1.983346
1769101062.703289 0.344652 -10.561252 1.982614
1769101062.753284 0.342769 -10.556731 1.985952
1769101062.803282 0.339987 -10.550223 1.986652
1769101062.853261 0.338030 -10.545576 1.988184
1769101062.903290 0.335070 -10.538681 1.989651
1769101062.953296 0.333218 -10.534285 1.990418
1769101063.003310 0.331373 -10.529932 1.990607
1769101063.053333 0.328317 -10.522904 1.987558
1769101063.103300 0.326305 -10.518179 1.986924
1769101063.153279 0.324259 -10.513401 1.984189
1769101063.203292 0.321151 -10.506172 1.983982
1769101063.253304 0.319104 -10.501374 1.982059
1769101063.303302 0.317036 -10.496515 1.981126
1769101063.353299 0.313976 -10.489376 1.979382
1769101063.403319 0.311969 -10.484578 1.982180
1769101063.453303 0.309982 -10.479880 1.982495
1769101063.503279 0.306974 -10.472806 1.986067
1769101063.553283 0.305020 -10.468210 1.987083
1769101063.603300 0.303030 -10.463500 1.990645
1769101063.653313 0.300087 -10.456709 1.992575
1769101063.703318 0.298104 -10.452151 1.991177
1769101063.753334 0.296066 -10.447448 1.992342
1769101063.803304 0.293037 -10.440582 1.991392
1769101063.853306 0.291110 -10.436195 1.990368
1769101063.903301 0.288057 -10.429306 1.987448
1769101063.953322 0.286008 -10.424604 1.988012
1769101064.003327 0.283979 -10.419977 1.986034
1769101064.053312 0.281040 -10.413216 1.987748
1769101064.103300 0.279024 -10.408574 1.987397
1769101064.153292 0.277056 -10.403987 1.989088
1769101064.203292 0.273928 -10.396808 1.989372
1769101064.253314 0.271809 -10.391924 1.986962
1769101064.303311 0.269744 -10.387122 1.987113
1769101064.353329 0.266558 -10.379808 1.985308
1769101064.403315 0.264516 -10.375072 1.984928
1769101064.453309 0.262596 -10.370628 1.983472
1769101064.503379 0.259600 -10.363678 1.986409
1769101064.553311 0.257585 -10.359037 1.986419
1769101064.603325 0.255555 -10.354395 1.987136
1769101064.653316 0.252554 -10.347558 1.987810
1769101064.703317 0.250498 -10.342840 1.990117
1769101064.753321 0.248440 -10.338134 1.992099
1769101064.803317 0.245315 -10.331032 1.994596
1769101064.853326 0.243255 -10.326333 1.994565
1769101064.903369 0.241232 -10.321725 1.993388
1769101064.953326 0.238145 -10.314761 1.992351
1769101065.003335 0.236031 -10.309940 1.990455
1769101065.053377 0.233976 -10.305245 1.989908
1769101065.103320 0.230956 -10.298411 1.987644
1769101065.153370 0.228899 -10.293707 1.986958
1769101065.203335 0.226814 -10.288931 1.986975
1769101065.253335 0.223691 -10.281763 1.990133
1769101065.303315 0.221600 -10.277014 1.989907
1769101065.353302 0.219541 -10.272273 1.993757
1769101065.403307 0.216436 -10.265271 1.995089
1769101065.453331 0.214335 -10.260484 1.997732
1769101065.503328 0.212335 -10.255957 1.998882
1769101065.553323 0.209218 -10.249040 1.995884
1769101065.603315 0.207313 -10.244759 1.994986
1769101065.653358 0.205262 -10.240174 1.992990
1769101065.703345 0.202201 -10.233306 1.993045
1769101065.753364 0.200113 -10.228605 1.991162
1769101065.803341 0.197989 -10.223794 1.991687
1769101065.853351 0.194821 -10.216651 1.991659
1769101065.903353 0.192704 -10.211834 1.990920
1769101065.953367 0.190628 -10.207085 1.991104
1769101066.003373 0.187455 -10.199864 1.990729
1769101066.053349 0.185399 -10.195138 1.990355
1769101066.103349 0.183350 -10.190389 1.991660
1769101066.153320 0.180280 -10.183392 1.991225
1769101066.203341 0.178244 -10.178686 1.992482
1769101066.253335 0.176267 -10.174144 1.992813
1769101066.303346 0.173289 -10.167381 1.992612
1769101066.353350 0.171233 -10.162695 1.992679
1769101066.403353 0.169152 -10.157986 1.990785
1769101066.453359 0.166029 -10.150904 1.992264
1769101066.503350 0.164052 -10.146449 1.989403
1769101066.553331 0.161063 -10.139666 1.989401
1769101066.603346 0.159030 -10.135028 1.989027
1769101066.653349 0.156974 -10.130282 1.990859
1769101066.703341 0.154056 -10.123618 1.991652
1769101066.753355 0.151950 -10.118750 1.993323
1769101066.803357 0.150047 -10.114368 1.992001
1769101066.853404 0.146831 -10.107053 1.991104
1769101066.903355 0.144890 -10.102583 1.991857
1769101066.953357 0.142768 -10.097716 1.991449
1769101067.003349 0.139613 -10.090524 1.993420
1769101067.053354 0.137485 -10.085679 1.992345
1769101067.103413 0.134550 -10.079018 1.993908
1769101067.153345 0.132533 -10.074414 1.995475
1769101067.203334 0.130610 -10.069998 1.999040
1769101067.253340 0.127573 -10.063163 2.002278
1769101067.303338 0.125675 -10.058833 2.003931
1769101067.353362 0.123661 -10.054255 2.004646
1769101067.403357 0.120704 -10.047654 2.004596
1769101067.453366 0.118666 -10.043054 2.004288
1769101067.503354 0.115437 -10.035856 2.003904
1769101067.553366 0.113343 -10.031138 2.001827
1769101067.603365 0.111217 -10.026322 1.999392
1769101067.653385 0.108174 -10.019506 1.996144
1769101067.703390 0.106199 -10.015010 1.993405
1769101067.753388 0.104123 -10.010259 1.992366
1769101067.803461 0.101006 -10.003201 1.991337
1769101067.853368 0.098935 -9.998470 1.990839
1769101067.903371 0.096897 -9.993788 1.992066
1769101067.953373 0.093882 -9.986918 1.994465
1769101068.003381 0.091897 -9.982427 1.994915
1769101068.053380 0.089827 -9.977691 1.999169
1769101068.103373 0.086824 -9.970994 1.999932
1769101068.153349 0.084729 -9.966304 1.998824
1769101068.203373 0.081703 -9.959586 1.998138
1769101068.253369 0.079624 -9.954940 1.996435
1769101068.303364 0.077547 -9.950296 1.996041
1769101068.353374 0.074447 -9.943392 1.995752
1769101068.403380 0.072384 -9.938727 1.997439
1769101068.453377 0.070311 -9.934058 1.998207
1769101068.503375 0.067083 -9.926816 2.000506
1769101068.553378 0.064962 -9.922056 1.999960
1769101068.603372 0.062775 -9.917076 2.004144
1769101068.653354 0.059574 -9.909977 2.004055
1769101068.703380 0.057381 -9.905079 2.001527
1769101068.753384 0.055375 -9.900580 2.001218
1769101068.803384 0.052222 -9.893571 2.001657
1769101068.853398 0.050175 -9.889005 2.003235
1769101068.903385 0.048199 -9.884644 2.002291
1769101068.953365 0.045105 -9.877827 2.004795
1769101069.003356 0.043101 -9.873429 2.005383
1769101069.053438 0.040971 -9.868732 2.008320
1769101069.103431 0.037902 -9.862065 2.008346
1769101069.153368 0.035745 -9.857307 2.011134
1769101069.203393 0.032637 -9.850574 2.009929
1769101069.253387 0.030470 -9.845788 2.010017
1769101069.303397 0.028387 -9.841178 2.008829
1769101069.353376 0.026276 -9.836501 2.006840
1769101069.403455 0.023188 -9.829712 2.006742
1769101069.453392 0.021092 -9.825072 2.003474
1769101069.503392 0.017982 -9.818207 2.003150
1769101069.553392 0.015916 -9.813638 2.000705
1769101069.603386 0.013742 -9.808799 2.002719
1769101069.653390 0.010511 -9.801702 2.002242
1769101069.703422 0.008489 -9.797212 2.004703
1769101069.753465 0.005434 -9.790517 2.005964
1769101069.803392 0.003434 -9.786097 2.007887
1769101069.853416 0.001479 -9.781791 2.008370
1769101069.903417 -0.001549 -9.775191 2.007984
1769101069.953429 -0.003638 -9.770609 2.008525
1769101070.003444 -0.006708 -9.763961 2.005635
1769101070.053434 -0.008813 -9.759337 2.006311
1769101070.103405 -0.010893 -9.754824 2.002847
1769101070.153399 -0.014033 -9.747969 2.003307
1769101070.203456 -0.016219 -9.743179 2.002587
1769101070.253398 -0.018448 -9.738305 2.003150
1769101070.303411 -0.021731 -9.731196 1.998751
1769101070.353407 -0.023915 -9.726370 2.001884
1769101070.403408 -0.026042 -9.721722 2.001893
1769101070.453490 -0.029258 -9.714665 2.005979
1769101070.503410 -0.031363 -9.710093 2.006421
1769101070.553391 -0.033461 -9.705503 2.011187
1769101070.603383 -0.036658 -9.698622 2.014140
1769101070.653408 -0.038920 -9.693807 2.012756
1769101070.703459 -0.041064 -9.689227 2.014509
1769101070.753413 -0.044370 -9.682242 2.013180
1769101070.803407 -0.046528 -9.677685 2.012168
1769101070.853407 -0.048617 -9.673288 2.009474
1769101070.903418 -0.051879 -9.666347 2.009233
1769101070.953415 -0.053904 -9.662038 2.007958
1769101071.003420 -0.056084 -9.657363 2.009221
1769101071.053412 -0.059302 -9.650485 2.009260
1769101071.103425 -0.061353 -9.646057 2.009875
1769101071.153399 -0.063532 -9.641356 2.010459
1769101071.203390 -0.066799 -9.634380 2.006870
1769101071.253426 -0.068998 -9.629629 2.007141
1769101071.303411 -0.072369 -9.622375 2.006153
1769101071.353428 -0.074531 -9.617717 2.006818
1769101071.403415 -0.076626 -9.613217 2.005460
1769101071.453432 -0.079817 -9.606356 2.005727
1769101071.503416 -0.081842 -9.602020 2.004828
1769101071.553426 -0.083970 -9.597455 2.006124
1769101071.603431 -0.087119 -9.590710 2.006874
1769101071.653513 -0.089190 -9.586287 2.008041
1769101071.703434 -0.091321 -9.581725 2.010467
1769101071.753442 -0.094522 -9.574918 2.008894
1769101071.803452 -0.096703 -9.570265 2.008929
1769101071.853453 -0.098949 -9.565474 2.007867
1769101071.903422 -0.102130 -9.558688 2.006830
1769101071.953429 -0.104375 -9.553870 2.005830
1769101072.003429 -0.107502 -9.547171 2.003978
1769101072.053471 -0.109729 -9.542402 2.002386
1769101072.103431 -0.111895 -9.537770 2.002032
1769101072.153440 -0.115152 -9.530769 2.001824
1769101072.203413 -0.117320 -9.526115 2.004561
1769101072.253433 -0.119420 -9.521695 2.002205
1769101072.303432 -0.122711 -9.514631 2.005354
1769101072.353431 -0.124874 -9.510029 2.008400
1769101072.403462 -0.127122 -9.505268 2.011021
1769101072.453427 -0.130353 -9.498452 2.012362
1769101072.503437 -0.132535 -9.493854 2.012917
1769101072.553439 -0.134674 -9.489352 2.013951
1769101072.603439 -0.137821 -9.482746 2.013181
1769101072.653417 -0.139850 -9.478495 2.013448
1769101072.703440 -0.142041 -9.473924 2.010334
1769101072.753446 -0.145225 -9.467200 2.011066
1769101072.803433 -0.147489 -9.462466 2.007979
1769101072.853449 -0.150843 -9.455371 2.007275
1769101072.903433 -0.153114 -9.450589 2.006411
1769101072.953452 -0.155373 -9.445806 2.006633
1769101073.003487 -0.158710 -9.438729 2.005028
1769101073.053442 -0.160926 -9.433988 2.008644
1769101073.103440 -0.163103 -9.429390 2.008854
1769101073.153424 -0.166338 -9.422496 2.011341
1769101073.203473 -0.168486 -9.417967 2.012141
1769101073.253453 -0.170639 -9.413440 2.011770
1769101073.303447 -0.172801 -9.408917 2.012944
1769101073.353452 -0.176140 -9.401948 2.010985
1769101073.403450 -0.178374 -9.397291 2.012402
1769101073.453496 -0.180615 -9.392659 2.010429
1769101073.503443 -0.183950 -9.385667 2.011216
1769101073.553502 -0.186062 -9.381307 2.008178
1769101073.603453 -0.189374 -9.374335 2.008369
1769101073.653457 -0.191577 -9.369720 2.009280
1769101073.703457 -0.193715 -9.365219 2.012478
1769101073.753478 -0.196972 -9.358388 2.012489
1769101073.803515 -0.199137 -9.353867 2.012259
1769101073.853465 -0.201233 -9.349513 2.013783
1769101073.903442 -0.204703 -9.342276 2.014061
1769101073.953463 -0.206971 -9.337608 2.015245
1769101074.003478 -0.210276 -9.330794 2.013585
1769101074.053463 -0.212404 -9.326425 2.016904
1769101074.103456 -0.214636 -9.321902 2.015842
1769101074.153456 -0.217858 -9.315279 2.019053
1769101074.203461 -0.220058 -9.310830 2.021306
1769101074.253464 -0.222321 -9.306244 2.024412
1769101074.303468 -0.225596 -9.299615 2.025398
1769101074.353467 -0.227894 -9.294986 2.025105
1769101074.403469 -0.230128 -9.290498 2.025144
1769101074.453479 -0.233633 -9.283390 2.025241
1769101074.503471 -0.235817 -9.279016 2.023898
1769101074.553474 -0.238150 -9.274295 2.022986
1769101074.603511 -0.241597 -9.267298 2.021273
1769101074.653523 -0.243807 -9.262850 2.018274
1769101074.703520 -0.246104 -9.258166 2.016972
1769101074.753447 -0.249498 -9.251199 2.014743
1769101074.803449 -0.251741 -9.246577 2.017197
1769101074.853449 -0.253978 -9.242030 2.016141
1769101074.903457 -0.257304 -9.235149 2.019063
1769101074.953449 -0.259589 -9.230487 2.020321
1769101075.003449 -0.261832 -9.225895 2.024883
1769101075.053451 -0.265228 -9.218988 2.026541
1769101075.103471 -0.267383 -9.214607 2.029898
1769101075.153541 -0.270662 -9.208008 2.029085
1769101075.203478 -0.272938 -9.203454 2.025944
1769101075.253493 -0.275190 -9.198917 2.024931
1769101075.303456 -0.278607 -9.192017 2.021671
1769101075.353482 -0.280847 -9.187476 2.022811
1769101075.403476 -0.283100 -9.182964 2.019375
1769101075.453482 -0.286441 -9.176118 2.021421
1769101075.503475 -0.288773 -9.171395 2.021496
1769101075.553485 -0.291136 -9.166579 2.024790
1769101075.603476 -0.294618 -9.159518 2.024786
1769101075.653458 -0.296873 -9.154931 2.027499
1769101075.703494 -0.299154 -9.150353 2.027758
1769101075.753511 -0.302441 -9.143706 2.028984
1769101075.803512 -0.304656 -9.139267 2.030867
1769101075.853503 -0.306949 -9.134696 2.032064
1769101075.903489 -0.310307 -9.127997 2.034923
1769101075.953553 -0.312476 -9.123730 2.035989
1769101076.003512 -0.314758 -9.119238 2.037379
1769101076.053503 -0.318211 -9.112444 2.037297
1769101076.103494 -0.320582 -9.107798 2.038194
1769101076.153498 -0.324012 -9.101077 2.036447
1769101076.203555 -0.326370 -9.096427 2.038045
1769101076.253484 -0.328683 -9.091892 2.036480
1769101076.303491 -0.332192 -9.084932 2.037118
1769101076.353498 -0.334399 -9.080574 2.036451
1769101076.403481 -0.336690 -9.076004 2.037940
1769101076.453502 -0.340065 -9.069316 2.037707
1769101076.503484 -0.342394 -9.064733 2.035290
1769101076.553471 -0.344774 -9.060036 2.035515
1769101076.603493 -0.348309 -9.053056 2.034595
1769101076.653477 -0.350520 -9.048673 2.039373
1769101076.703503 -0.352896 -9.044056 2.038201
1769101076.753480 -0.356259 -9.037446 2.041856
1769101076.803498 -0.358555 -9.032989 2.042518
1769101076.853506 -0.360844 -9.028504 2.045532
1769101076.903559 -0.364181 -9.022022 2.046223
1769101076.953517 -0.366516 -9.017475 2.047456
1769101077.003548 -0.369824 -9.011065 2.047742
1769101077.053508 -0.372232 -9.006411 2.046454
1769101077.103549 -0.374477 -9.002072 2.046161
1769101077.153573 -0.378127 -8.995010 2.044847
1769101077.203513 -0.380510 -8.990400 2.045150
1769101077.253515 -0.382829 -8.985927 2.042963
1769101077.303524 -0.386452 -8.978908 2.042563
1769101077.353510 -0.388750 -8.974481 2.041641
1769101077.403487 -0.391157 -8.969798 2.045324
1769101077.453486 -0.394526 -8.963303 2.044827
1769101077.503510 -0.396697 -8.959096 2.049586
1769101077.553518 -0.399884 -8.952992 2.051078
1769101077.603513 -0.402148 -8.948691 2.051174
1769101077.653528 -0.405280 -8.942729 2.052446
1769101077.703519 -0.407517 -8.938499 2.053729
1769101077.753594 -0.409623 -8.934543 2.053362
1769101077.803524 -0.412902 -8.928343 2.052692
1769101077.853523 -0.415086 -8.924200 2.054932
1769101077.903507 -0.417257 -8.920107 2.053508
1769101077.953516 -0.420595 -8.913796 2.050218
1769101078.003544 -0.422728 -8.909768 2.048111
1769101078.053556 -0.424937 -8.905579 2.046738
1769101078.103533 -0.428047 -8.899606 2.048468
1769101078.153519 -0.430246 -8.895412 2.048532
1769101078.203526 -0.432422 -8.891237 2.048794
1769101078.253526 -0.435585 -8.885178 2.047489
1769101078.303579 -0.437694 -8.881165 2.045519
1769101078.353561 -0.439749 -8.877239 2.046639
1769101078.403512 -0.442653 -8.871672 2.046976
1769101078.453605 -0.444667 -8.867810 2.050641
1769101078.503504 -0.446613 -8.864114 2.050699
1769101078.553522 -0.449475 -8.858668 2.050734
1769101078.603505 -0.451451 -8.854901 2.053391
1769101078.653583 -0.453349 -8.851295 2.054990
1769101078.703525 -0.456293 -8.845722 2.053691
1769101078.753531 -0.458249 -8.842031 2.053367
1769101078.803538 -0.460202 -8.838338 2.054235
1769101078.853540 -0.463201 -8.832652 2.052922
1769101078.903545 -0.465235 -8.828802 2.052482
1769101078.953537 -0.467275 -8.824955 2.050777
1769101079.003536 -0.470319 -8.819147 2.051723
1769101079.053580 -0.472335 -8.815316 2.051419
1769101079.103517 -0.474405 -8.811370 2.051602
1769101079.153549 -0.477420 -8.805634 2.050041
1769101079.203531 -0.479459 -8.801758 2.047602
1769101079.253609 -0.481377 -8.798102 2.048095
1769101079.303588 -0.484353 -8.792402 2.048091
1769101079.353544 -0.486325 -8.788632 2.050067
1769101079.403548 -0.488294 -8.784891 2.050127
1769101079.453543 -0.491279 -8.779195 2.050914
1769101079.503540 -0.493126 -8.775673 2.055155
1769101079.553535 -0.495157 -8.771823 2.055692
1769101079.603628 -0.498075 -8.766323 2.054465
1769101079.653592 -0.500093 -8.762521 2.056161
1769101079.703605 -0.502101 -8.758743 2.056748
1769101079.753547 -0.505098 -8.753083 2.059436
1769101079.803576 -0.506946 -8.749624 2.057777
1769101079.853634 -0.509930 -8.744014 2.057544
1769101079.903563 -0.511892 -8.740327 2.057560
1769101079.953579 -0.513870 -8.736591 2.057951
1769101080.003590 -0.516775 -8.731113 2.056814
1769101080.053557 -0.518744 -8.727401 2.056183
1769101080.103521 -0.520749 -8.723623 2.054148
1769101080.153532 -0.523809 -8.717795 2.055994
1769101080.203553 -0.525722 -8.714139 2.057204
1769101080.253530 -0.527784 -8.710221 2.054630
1769101080.303633 -0.530866 -8.704349 2.054900
1769101080.353558 -0.532913 -8.700450 2.053721
1769101080.403565 -0.534953 -8.696545 2.056244
1769101080.453552 -0.537838 -8.691057 2.055351
1769101080.503552 -0.539815 -8.687294 2.054248
1769101080.553558 -0.541791 -8.683526 2.056647
1769101080.603555 -0.544713 -8.677971 2.057675
1769101080.653557 -0.546661 -8.674277 2.058613
1769101080.703607 -0.548589 -8.670630 2.059915
1769101080.753556 -0.551557 -8.665043 2.059984
1769101080.803562 -0.553547 -8.661283 2.063139
1769101080.853575 -0.555576 -8.657462 2.062619
1769101080.903633 -0.558629 -8.651749 2.061181
1769101080.953574 -0.560660 -8.647928 2.060819
1769101081.003631 -0.562659 -8.644148 2.060862
1769101081.053562 -0.565735 -8.638360 2.059657
1769101081.103639 -0.567738 -8.634582 2.057925
1769101081.153572 -0.569754 -8.630782 2.055556
1769101081.203640 -0.572775 -8.625044 2.058359
1769101081.253599 -0.574661 -8.621461 2.057955
1769101081.303693 -0.576690 -8.617609 2.057727
1769101081.353659 -0.579668 -8.611969 2.057960
1769101081.403572 -0.581712 -8.608097 2.057246
1769101081.453572 -0.583746 -8.604245 2.059414
1769101081.503575 -0.586671 -8.598719 2.060366
1769101081.553562 -0.588612 -8.595053 2.058621
1769101081.603599 -0.591542 -8.589529 2.059485
1769101081.653595 -0.593507 -8.585814 2.061296
1769101081.703589 -0.595429 -8.582191 2.063102
1769101081.753684 -0.598402 -8.576609 2.063182
1769101081.803589 -0.600276 -8.573106 2.061454
1769101081.853687 -0.602242 -8.569422 2.062325
1769101081.903585 -0.605173 -8.563930 2.062766
1769101081.953668 -0.607142 -8.560248 2.061929
1769101082.003597 -0.609121 -8.556543 2.061516
1769101082.053607 -0.612149 -8.550873 2.061255
1769101082.103605 -0.614184 -8.547053 2.061607
1769101082.153663 -0.616109 -8.543433 2.061158
1769101082.203646 -0.619219 -8.537610 2.057357
1769101082.253589 -0.621285 -8.533718 2.057528
1769101082.303592 -0.623319 -8.529869 2.057056
1769101082.353591 -0.626389 -8.524049 2.056022
1769101082.403643 -0.628312 -8.520398 2.055334
1769101082.453673 -0.630315 -8.516593 2.052988
1769101082.503572 -0.633318 -8.510873 2.056234
1769101082.553605 -0.635273 -8.507154 2.056272
1769101082.603642 -0.637254 -8.503393 2.056315
1769101082.653600 -0.640189 -8.497841 2.058570
1769101082.703644 -0.642085 -8.494265 2.057831
1769101082.753678 -0.645120 -8.488536 2.061433
1769101082.803609 -0.647094 -8.484828 2.062615
1769101082.853594 -0.649119 -8.481034 2.061689
1769101082.903699 -0.652160 -8.475342 2.062155
1769101082.953595 -0.654055 -8.471792 2.062717
1769101083.003602 -0.656083 -8.467995 2.063509
1769101083.053598 -0.659077 -8.462393 2.063220
1769101083.103654 -0.660981 -8.458820 2.062481
1769101083.153681 -0.662992 -8.455042 2.063961
1769101083.203653 -0.666017 -8.449370 2.063950
1769101083.253584 -0.667959 -8.445733 2.061425
1769101083.303597 -0.669963 -8.441981 2.061056
1769101083.353606 -0.673032 -8.436218 2.060761
1769101083.403603 -0.675116 -8.432306 2.062250
1769101083.453616 -0.677183 -8.428443 2.063133
1769101083.503607 -0.680350 -8.422534 2.060798
1769101083.553606 -0.682297 -8.418893 2.062832
1769101083.603620 -0.684321 -8.415120 2.064477
1769101083.653670 -0.687238 -8.409679 2.063848
1769101083.703615 -0.689249 -8.405932 2.064417
1769101083.753612 -0.692235 -8.400383 2.063888
1769101083.803710 -0.694212 -8.396699 2.067115
1769101083.853620 -0.696070 -8.393243 2.069617
1769101083.903635 -0.699069 -8.387706 2.068163
1769101083.953630 -0.700936 -8.384254 2.069835
1769101084.003593 -0.702957 -8.380516 2.070092
1769101084.053644 -0.705938 -8.375019 2.071369
1769101084.103606 -0.707953 -8.371306 2.070416
1769101084.153697 -0.710035 -8.367461 2.067227
1769101084.203653 -0.713162 -8.361695 2.067627
1769101084.253606 -0.715213 -8.357887 2.066830
1769101084.303607 -0.717283 -8.354029 2.065461
1769101084.353674 -0.720326 -8.348366 2.063850
1769101084.403620 -0.722342 -8.344595 2.062288
1769101084.453600 -0.724380 -8.340775 2.062249
1769101084.503641 -0.727418 -8.335079 2.062997
1769101084.553677 -0.729441 -8.331285 2.061070
1769101084.603683 -0.731434 -8.327557 2.061074
1769101084.653610 -0.734471 -8.321861 2.062243
1769101084.703668 -0.736533 -8.317995 2.064649
1769101084.753639 -0.738548 -8.314250 2.065269
1769101084.803686 -0.741591 -8.308589 2.064824
1769101084.853634 -0.743635 -8.304800 2.067150
1769101084.903610 -0.745642 -8.301080 2.068466
1769101084.953640 -0.748673 -8.295469 2.068489
1769101085.003668 -0.750681 -8.291751 2.067662
1769101085.053591 -0.752673 -8.288055 2.066092
1769101085.103649 -0.755672 -8.282483 2.066936
1769101085.153670 -0.757689 -8.278738 2.067212
1769101085.203591 -0.759687 -8.275016 2.066308
1769101085.253675 -0.762727 -8.269380 2.066046
1769101085.303619 -0.764655 -8.265791 2.065375
1769101085.353705 -0.766790 -8.261818 2.067583
1769101085.403584 -0.769916 -8.256028 2.066943
1769101085.453638 -0.772013 -8.252129 2.065352
1769101085.503586 -0.774116 -8.248229 2.064379
1769101085.553703 -0.777224 -8.242453 2.065515
1769101085.603587 -0.779175 -8.238819 2.064945
1769101085.653698 -0.781169 -8.235118 2.065303
1769101085.703684 -0.784204 -8.229479 2.065294
1769101085.753692 -0.786172 -8.225819 2.067833
1769101085.803736 -0.788153 -8.222141 2.070234
1769101085.853624 -0.791031 -8.216826 2.069386
1769101085.903616 -0.793063 -8.213085 2.071771
1769101085.953647 -0.795068 -8.209392 2.074002
1769101086.003717 -0.798130 -8.203771 2.074841
1769101086.053652 -0.800169 -8.200039 2.075334
1769101086.103683 -0.802234 -8.196243 2.073304
1769101086.153629 -0.805357 -8.190537 2.073589
1769101086.203690 -0.807279 -8.187002 2.072899
1769101086.253609 -0.810377 -8.181312 2.071939
1769101086.303607 -0.812307 -8.177755 2.069485
1769101086.353597 -0.814338 -8.173993 2.067253
1769101086.403667 -0.817396 -8.168335 2.067399
1769101086.453639 -0.819433 -8.164546 2.067390
1769101086.503613 -0.821443 -8.160805 2.064545
1769101086.553614 -0.823483 -8.157016 2.063384
1769101086.603606 -0.826488 -8.151414 2.065840
1769101086.653617 -0.828598 -8.147486 2.068371
1769101086.703622 -0.831702 -8.141741 2.068360
1769101086.753613 -0.833751 -8.137931 2.067451
1769101086.803731 -0.835778 -8.134191 2.068527
1769101086.853625 -0.838842 -8.128538 2.069621
1769101086.903613 -0.840865 -8.124799 2.070252
1769101086.953693 -0.842750 -8.121329 2.070252
1769101087.003611 -0.845742 -8.115839 2.070243
1769101087.053684 -0.847747 -8.112143 2.072857
1769101087.103634 -0.849670 -8.108607 2.074154
1769101087.153613 -0.852686 -8.103082 2.071242
1769101087.203641 -0.854648 -8.099481 2.071446
1769101087.253651 -0.856640 -8.095809 2.072666
1769101087.303648 -0.859795 -8.090009 2.071189
1769101087.353765 -0.861760 -8.086383 2.070452
1769101087.403641 -0.863853 -8.082515 2.067612
1769101087.453670 -0.866925 -8.076857 2.070222
1769101087.503645 -0.868999 -8.073030 2.069476
1769101087.553647 -0.872137 -8.067242 2.069376
1769101087.603656 -0.874037 -8.063723 2.068677
1769101087.653667 -0.876148 -8.059828 2.067841
1769101087.703686 -0.879198 -8.054193 2.069447
1769101087.753751 -0.881065 -8.050739 2.071279
1769101087.803769 -0.883088 -8.047000 2.071645
1769101087.853709 -0.886129 -8.041421 2.072563
1769101087.903673 -0.888151 -8.037704 2.075833
1769101087.953658 -0.890117 -8.034081 2.076661
1769101088.003761 -0.893201 -8.028467 2.077717
1769101088.053775 -0.895252 -8.024716 2.077729
1769101088.103716 -0.897307 -8.020965 2.078810
1769101088.153658 -0.900272 -8.015579 2.078822
1769101088.203649 -0.902300 -8.011877 2.076221
1769101088.253693 -0.904355 -8.008128 2.074385
1769101088.303674 -0.907395 -8.002580 2.073228
1769101088.353685 -0.909334 -7.999021 2.074684
1769101088.403706 -0.912380 -7.993450 2.073510
1769101088.453723 -0.914409 -7.989715 2.071888
1769101088.503649 -0.916380 -7.986093 2.070166
1769101088.553654 -0.919540 -7.980288 2.070930
1769101088.603659 -0.921634 -7.976410 2.072323
1769101088.653658 -0.923617 -7.972738 2.070709
1769101088.703657 -0.926760 -7.966952 2.071443
1769101088.753677 -0.928830 -7.963122 2.072107
1769101088.803660 -0.931721 -7.957805 2.073436
1769101088.853675 -0.933756 -7.954037 2.076148
1769101088.903662 -0.935665 -7.950522 2.076078
1769101088.953762 -0.938690 -7.944991 2.076886
1769101089.003730 -0.940712 -7.941276 2.079370
1769101089.053663 -0.942687 -7.937653 2.080880
1769101089.103663 -0.945711 -7.932157 2.080375
1769101089.153666 -0.947641 -7.928627 2.080726
1769101089.203683 -0.949651 -7.924963 2.082672
1769101089.253738 -0.952801 -7.919251 2.080535
1769101089.303680 -0.954893 -7.915437 2.079427
1769101089.353665 -0.956984 -7.911622 2.078070
1769101089.403667 -0.960125 -7.905919 2.080119
1769101089.453668 -0.962188 -7.902146 2.078803
1769101089.503669 -0.964297 -7.898282 2.077558
1769101089.553667 -0.967298 -7.892825 2.075966
1769101089.603670 -0.969375 -7.889027 2.074952
1769101089.653688 -0.971468 -7.885201 2.077351
1769101089.703684 -0.974541 -7.879610 2.077793
1769101089.753698 -0.976631 -7.875789 2.078665
1769101089.803703 -0.978690 -7.872038 2.079354
1769101089.853700 -0.981828 -7.866364 2.081500
1769101089.903684 -0.983768 -7.862833 2.084301
1769101089.953719 -0.985857 -7.859045 2.084540
1769101090.003756 -0.989005 -7.853387 2.083582
1769101090.053691 -0.990972 -7.849844 2.085216
1769101090.103706 -0.994066 -7.844297 2.086101
1769101090.153680 -0.996115 -7.840599 2.087709
1769101090.203706 -0.998034 -7.837150 2.086307
1769101090.253656 -1.001111 -7.831648 2.087383
1769101090.303683 -1.003047 -7.828148 2.089151
1769101090.353700 -1.005085 -7.824477 2.088269
1769101090.403677 -1.008175 -7.818958 2.086857
1769101090.453724 -1.010175 -7.815353 2.085951
1769101090.503677 -1.012263 -7.811589 2.086553
1769101090.553665 -1.015492 -7.805803 2.083622
1769101090.603692 -1.017510 -7.802149 2.082056
1769101090.653675 -1.019638 -7.798296 2.080007
1769101090.703770 -1.022715 -7.792736 2.080230
1769101090.753694 -1.024827 -7.788900 2.079820
1769101090.803721 -1.027984 -7.783184 2.078986
1769101090.853690 -1.029940 -7.779635 2.078896
1769101090.903698 -1.031981 -7.775933 2.078853
1769101090.953721 -1.035044 -7.770389 2.082295
1769101091.003670 -1.036977 -7.766889 2.083173
1769101091.053683 -1.039015 -7.763217 2.082578
1769101091.103748 -1.042072 -7.757732 2.084683
1769101091.153689 -1.044080 -7.754130 2.084947
1769101091.203773 -1.046175 -7.750370 2.086510
1769101091.253703 -1.049343 -7.744723 2.085665
1769101091.303764 -1.051340 -7.741146 2.083905
1769101091.353707 -1.053398 -7.737453 2.084698
1769101091.403781 -1.056462 -7.731976 2.084000
1769101091.453708 -1.058552 -7.728216 2.083221
1769101091.503697 -1.061661 -7.722647 2.082500
1769101091.553795 -1.063763 -7.718866 2.080495
1769101091.603716 -1.065867 -7.715075 2.083206
1769101091.653770 -1.067916 -7.711379 2.082084
1769101091.703762 -1.071110 -7.705651 2.081977
1769101091.753743 -1.073186 -7.701909 2.082870
1769101091.803702 -1.075358 -7.698019 2.082178
1769101091.853715 -1.078557 -7.692291 2.084215
1769101091.903722 -1.080689 -7.688466 2.084749
1769101091.953799 -1.082811 -7.684666 2.084358
1769101092.003740 -1.085959 -7.679059 2.084788
1769101092.053735 -1.087983 -7.675437 2.085221
1769101092.103753 -1.090038 -7.671771 2.085598
1769101092.153715 -1.093047 -7.666436 2.085833
1769101092.203712 -1.095122 -7.662754 2.086418
1769101092.253738 -1.098058 -7.657549 2.088936
1769101092.303716 -1.100006 -7.654089 2.088975
1769101092.353736 -1.102897 -7.648983 2.087809
1769101092.403730 -1.105018 -7.645238 2.088197
1769101092.453720 -1.107134 -7.641497 2.086687
1769101092.503729 -1.110374 -7.635768 2.087174
1769101092.553716 -1.112487 -7.632025 2.084744
1769101092.603717 -1.114669 -7.628147 2.081123
1769101092.653724 -1.117852 -7.622470 2.081737
1769101092.703722 -1.119974 -7.618672 2.080306
1769101092.753750 -1.122084 -7.614889 2.080219
1769101092.803715 -1.124167 -7.611154 2.079000
1769101092.853741 -1.127301 -7.605536 2.079446
1769101092.903723 -1.129412 -7.601750 2.082796
1769101092.953728 -1.131484 -7.598039 2.082802
1769101093.003791 -1.134476 -7.592695 2.082812
1769101093.053716 -1.136548 -7.589005 2.085011
1769101093.103731 -1.139723 -7.583358 2.085858
1769101093.153814 -1.141843 -7.579583 2.087243
1769101093.203740 -1.143946 -7.575860 2.086733
1769101093.253728 -1.146047 -7.572139 2.085898
1769101093.303740 -1.149203 -7.566559 2.088405
1769101093.353732 -1.151273 -7.562879 2.088240
1769101093.403731 -1.154287 -7.557551 2.085849
1769101093.453729 -1.156371 -7.553846 2.085268
1769101093.503734 -1.158408 -7.550227 2.085221
1769101093.553747 -1.161462 -7.544798 2.086128
1769101093.603731 -1.163540 -7.541091 2.085466
1769101093.653747 -1.165557 -7.537496 2.083549
1769101093.703750 -1.168751 -7.531822 2.085369
1769101093.753742 -1.170920 -7.527961 2.084418
1769101093.803739 -1.173121 -7.524051 2.085948
1769101093.853766 -1.176255 -7.518493 2.085864
1769101093.903759 -1.178411 -7.514653 2.085832
1769101093.953759 -1.181511 -7.509162 2.086273
1769101094.003797 -1.183595 -7.505456 2.086245
1769101094.053728 -1.185583 -7.501922 2.087704
1769101094.103749 -1.188669 -7.496454 2.088811
1769101094.153744 -1.190709 -7.492839 2.089616
1769101094.203745 -1.192792 -7.489157 2.092311
1769101094.253744 -1.195757 -7.483943 2.093248
1769101094.303739 -1.197860 -7.480251 2.092428
1769101094.353754 -1.199823 -7.476798 2.093378
1769101094.403744 -1.203024 -7.471197 2.093412
1769101094.453772 -1.205065 -7.467614 2.092882
1769101094.503747 -1.207186 -7.463901 2.091774
1769101094.553749 -1.210412 -7.458257 2.089858
1769101094.603747 -1.212579 -7.454453 2.089066
1769101094.653750 -1.215657 -7.449042 2.087801
1769101094.703744 -1.217678 -7.445478 2.085141
1769101094.753753 -1.219785 -7.441754 2.084198
1769101094.803770 -1.222930 -7.436179 2.082758
1769101094.853760 -1.225083 -7.432357 2.085242
1769101094.903777 -1.227192 -7.428606 2.086364
1769101094.953756 -1.230366 -7.422989 2.084555
1769101095.003751 -1.232500 -7.419215 2.087676
1769101095.053758 -1.234657 -7.415406 2.088157
1769101095.103766 -1.237887 -7.409724 2.090574
1769101095.153805 -1.240012 -7.406010 2.091642
1769101095.203755 -1.242035 -7.402476 2.091317
1769101095.253777 -1.245212 -7.396938 2.094684
1769101095.303757 -1.247293 -7.393318 2.095211
1769101095.353767 -1.249413 -7.389635 2.093484
1769101095.403759 -1.252531 -7.384217 2.093483
1769101095.453777 -1.254649 -7.380535 2.092078
1769101095.503760 -1.256716 -7.376933 2.093565
1769101095.553766 -1.259872 -7.371449 2.093194
1769101095.603767 -1.261898 -7.367923 2.089950
1769101095.653763 -1.264071 -7.364147 2.090203
1769101095.703771 -1.267279 -7.358547 2.090469
1769101095.753784 -1.269536 -7.354612 2.092964
1769101095.803766 -1.271712 -7.350842 2.091736
1769101095.853767 -1.275044 -7.345049 2.090611
1769101095.903772 -1.277218 -7.341278 2.089344
1769101095.953794 -1.279378 -7.337525 2.089310
1769101096.003793 -1.282625 -7.331860 2.088325
1769101096.053785 -1.284677 -7.328306 2.088949
1769101096.103778 -1.286837 -7.324556 2.088981
1769101096.153780 -1.289855 -7.319308 2.091601
1769101096.203769 -1.291947 -7.315692 2.093663
1769101096.253776 -1.293958 -7.312240 2.092108
1769101096.303772 -1.297169 -7.306697 2.093950
1769101096.353783 -1.299194 -7.303222 2.095084
1769101096.403805 -1.302401 -7.297708 2.096525
1769101096.453777 -1.304612 -7.293931 2.095896
1769101096.503779 -1.306643 -7.290460 2.094812
1769101096.553780 -1.309894 -7.284884 2.095410
1769101096.603784 -1.311897 -7.281458 2.093464
1769101096.653776 -1.314080 -7.277717 2.092878
1769101096.703779 -1.317240 -7.272267 2.091313
1769101096.753792 -1.319413 -7.268524 2.091071
1769101096.803776 -1.321550 -7.264845 2.091473
1769101096.853801 -1.324766 -7.259276 2.092171
1769101096.903869 -1.326919 -7.255560 2.088176
1769101096.953779 -1.329024 -7.251922 2.087899
1769101097.003786 -1.332325 -7.246168 2.089397
1769101097.053786 -1.334411 -7.242549 2.089885
1769101097.103788 -1.336594 -7.238782 2.089682
1769101097.153781 -1.339826 -7.233171 2.088422
1769101097.203793 -1.341976 -7.229466 2.091137
1769101097.253781 -1.344072 -7.225852 2.092674
1769101097.303792 -1.347153 -7.220529 2.092422
1769101097.353789 -1.349154 -7.217094 2.093425
1769101097.403794 -1.352305 -7.211668 2.093173
1769101097.453791 -1.354319 -7.208208 2.095656
1769101097.503792 -1.356421 -7.204599 2.097177
1769101097.553822 -1.359641 -7.199073 2.094232
1769101097.603792 -1.361834 -7.195312 2.094556
1769101097.653830 -1.363871 -7.191810 2.095866
1769101097.703796 -1.367198 -7.186076 2.095256
1769101097.753811 -1.369374 -7.182333 2.095246
1769101097.803821 -1.371570 -7.178550 2.092748
1769101097.853819 -1.374872 -7.172847 2.095315
1769101097.903836 -1.376928 -7.169299 2.094875
1769101097.953827 -1.379123 -7.165505 2.095452
1769101098.003819 -1.382308 -7.160003 2.095825
1769101098.053835 -1.384515 -7.156192 2.095279
1769101098.103810 -1.386649 -7.152510 2.096945
1769101098.153798 -1.389802 -7.147077 2.098958
1769101098.203821 -1.391961 -7.143353 2.100025
1769101098.253802 -1.394132 -7.139635 2.100587
1769101098.303805 -1.397371 -7.134079 2.103790
1769101098.353812 -1.399550 -7.130345 2.103011
1769101098.403804 -1.401717 -7.126656 2.103433
1769101098.453826 -1.404816 -7.121377 2.103495
1769101098.503805 -1.406985 -7.117694 2.102664
1769101098.553800 -1.409102 -7.114093 2.103324
1769101098.603807 -1.412321 -7.108622 2.100909
1769101098.653885 -1.414425 -7.105044 2.099913
1769101098.703811 -1.416574 -7.101378 2.099434
1769101098.753827 -1.419811 -7.095850 2.100230
1769101098.803827 -1.421935 -7.092226 2.099666
1769101098.853812 -1.424127 -7.088472 2.096867
1769101098.903858 -1.427418 -7.082825 2.098438
1769101098.953815 -1.429648 -7.078995 2.099120
1769101099.003813 -1.431857 -7.075189 2.097421
1769101099.053812 -1.435149 -7.069520 2.096500
1769101099.103832 -1.437335 -7.065754 2.095873
1769101099.153816 -1.439405 -7.062182 2.097501
1769101099.203812 -1.442611 -7.056665 2.098118
1769101099.253830 -1.444653 -7.053141 2.097348
1769101099.303821 -1.447786 -7.047755 2.098882
1769101099.353831 -1.449938 -7.044060 2.098912
1769101099.403819 -1.452031 -7.040470 2.101971
1769101099.453825 -1.455191 -7.035077 2.102835
1769101099.503820 -1.457328 -7.031432 2.102472
1769101099.553862 -1.459522 -7.027702 2.102120
1769101099.603842 -1.462763 -7.022179 2.103749
1769101099.653825 -1.464965 -7.018425 2.104056
1769101099.703829 -1.467144 -7.014716 2.103473
1769101099.753853 -1.470327 -7.009308 2.101753
1769101099.803894 -1.472518 -7.005569 2.103955
1769101099.853830 -1.474681 -7.001879 2.103403
1769101099.903848 -1.477988 -6.996250 2.100905
1769101099.953863 -1.480002 -6.992826 2.099386
1769101100.003855 -1.482216 -6.989047 2.099674
1769101100.053861 -1.485493 -6.983450 2.101336
1769101100.103834 -1.487533 -6.979979 2.101285
1769101100.153838 -1.489762 -6.976179 2.101729
1769101100.203911 -1.493061 -6.970570 2.102572
1769101100.253838 -1.495196 -6.966952 2.102568
1769101100.303829 -1.498315 -6.961649 2.103532
1769101100.353834 -1.500487 -6.957964 2.104374
1769101100.403851 -1.502666 -6.954285 2.104181
1769101100.453839 -1.505914 -6.948795 2.105401
1769101100.503915 -1.508057 -6.945182 2.105982
1769101100.553930 -1.510214 -6.941544 2.107251
1769101100.603839 -1.513368 -6.936239 2.106436
1769101100.653860 -1.515503 -6.932648 2.107814
1769101100.703844 -1.517662 -6.929013 2.109208
1769101100.753848 -1.520888 -6.923602 2.108188
1769101100.803842 -1.523089 -6.919906 2.106724
1769101100.853860 -1.525338 -6.916118 2.107958
1769101100.903835 -1.527548 -6.912396 2.107923
1769101100.953846 -1.530928 -6.906693 2.106591
1769101101.003842 -1.533158 -6.902925 2.104467
1769101101.053858 -1.535377 -6.899155 2.102197
1769101101.103845 -1.538557 -6.893741 2.101769
1769101101.153847 -1.540757 -6.889983 2.101718
1769101101.203859 -1.544019 -6.884407 2.103039
1769101101.253848 -1.546182 -6.880717 2.102592
1769101101.303931 -1.548304 -6.877088 2.104218
1769101101.353854 -1.550443 -6.873438 2.106428
1769101101.403854 -1.553658 -6.867987 2.107462
1769101101.453856 -1.555728 -6.864473 2.108726
1769101101.503853 -1.558992 -6.858967 2.109165
1769101101.553868 -1.561198 -6.855243 2.110288
1769101101.603848 -1.563364 -6.851581 2.111943
1769101101.653883 -1.566648 -6.846061 2.110704
1769101101.703848 -1.568743 -6.842534 2.110050
1769101101.753907 -1.570893 -6.838901 2.108576
1769101101.803906 -1.574058 -6.833567 2.107939
1769101101.853958 -1.576232 -6.829887 2.105422
1769101101.903898 -1.578382 -6.826249 2.104273
1769101101.953862 -1.581675 -6.820668 2.104814
1769101102.003897 -1.583726 -6.817175 2.105087
1769101102.053909 -1.585913 -6.813469 2.103789
1769101102.103892 -1.589269 -6.807776 2.103699
1769101102.153863 -1.591493 -6.804003 2.104407
1769101102.203861 -1.593764 -6.800170 2.103328
1769101102.253888 -1.597120 -6.794475 2.105279
1769101102.303867 -1.599180 -6.790985 2.106626
1769101102.353893 -1.602382 -6.785588 2.105694
1769101102.403868 -1.604539 -6.781950 2.106731
1769101102.453904 -1.606696 -6.778314 2.107540
1769101102.503972 -1.609797 -6.773089 2.108763
1769101102.553876 -1.611934 -6.769503 2.108788
1769101102.603868 -1.613962 -6.766115 2.109369
1769101102.653872 -1.617152 -6.760768 2.111798
1769101102.703951 -1.619324 -6.757147 2.110754
1769101102.753876 -1.621367 -6.753742 2.109743
1769101102.803892 -1.624739 -6.748118 2.110668
1769101102.853896 -1.626938 -6.744452 2.110446
1769101102.903893 -1.629186 -6.740690 2.111650
1769101102.953877 -1.632541 -6.735092 2.108856
1769101103.003876 -1.634785 -6.731331 2.108290
1769101103.053894 -1.636966 -6.727654 2.106724
1769101103.103900 -1.640294 -6.722034 2.106234
1769101103.153974 -1.642484 -6.718330 2.104241
1769101103.203879 -1.644654 -6.714643 2.104203
1769101103.253886 -1.647922 -6.709104 2.104766
1769101103.303881 -1.650130 -6.705351 2.105476
1769101103.353903 -1.652265 -6.701732 2.105704
1769101103.403882 -1.655599 -6.696091 2.105266
1769101103.453887 -1.657754 -6.692448 2.107672
1769101103.503896 -1.659977 -6.688708 2.107710
1769101103.553911 -1.663157 -6.683349 2.111064
1769101103.603915 -1.665338 -6.679701 2.110407
1769101103.653914 -1.667521 -6.676059 2.107986
1769101103.703970 -1.670659 -6.670797 2.108587
1769101103.753891 -1.672707 -6.667364 2.108601
1769101103.803916 -1.675843 -6.662105 2.107214
1769101103.853933 -1.677981 -6.658519 2.106837
1769101103.903916 -1.680144 -6.654891 2.105426
1769101103.953913 -1.683387 -6.649424 2.106392
1769101104.003906 -1.685495 -6.645881 2.105130
1769101104.053935 -1.687630 -6.642295 2.103339
1769101104.103961 -1.690999 -6.636607 2.105132
1769101104.153898 -1.693287 -6.632759 2.104133
1769101104.203935 -1.695461 -6.629095 2.106332
1769101104.253894 -1.698784 -6.623500 2.106684
1769101104.303896 -1.701061 -6.619674 2.105405
1769101104.353916 -1.704232 -6.614341 2.106047
1769101104.403912 -1.706394 -6.610708 2.106026
1769101104.453923 -1.708544 -6.607090 2.109086
1769101104.503914 -1.711762 -6.601701 2.109787
1769101104.553921 -1.713882 -6.598159 2.112406
1769101104.603919 -1.716070 -6.594508 2.115584
1769101104.653924 -1.719311 -6.589134 2.116113
1769101104.703930 -1.721443 -6.585603 2.116482
1769101104.753917 -1.723630 -6.581988 2.117136
1769101104.803901 -1.726976 -6.576471 2.117151
1769101104.853941 -1.729242 -6.572726 2.116727
1769101104.903928 -1.731429 -6.569110 2.115618
1769101104.953912 -1.734773 -6.563592 2.113528
1769101105.003929 -1.736991 -6.559906 2.113505
1769101105.053911 -1.739165 -6.556281 2.113104
1769101105.103924 -1.742476 -6.550767 2.112225
1769101105.153934 -1.744660 -6.547120 2.111101
1769101105.203935 -1.746767 -6.543606 2.108770
1769101105.253913 -1.750070 -6.538056 2.110963
1769101105.303931 -1.752286 -6.534339 2.110385
1769101105.353917 -1.754571 -6.530516 2.108935
1769101105.403913 -1.757929 -6.524883 2.110095
1769101105.453912 -1.760029 -6.521364 2.109744
1769101105.503927 -1.762273 -6.517597 2.112881
1769101105.553938 -1.765569 -6.512106 2.113243
1769101105.603939 -1.767668 -6.508615 2.112673
1769101105.653938 -1.769831 -6.505011 2.114100
1769101105.703934 -1.772965 -6.499808 2.114100
1769101105.753953 -1.775106 -6.496257 2.112198
1769101105.803937 -1.777289 -6.492639 2.111748
1769101105.853940 -1.780552 -6.487220 2.111798
1769101105.903952 -1.782598 -6.483812 2.112760
1769101105.953951 -1.785794 -6.478501 2.111384
1769101106.004030 -1.788054 -6.474754 2.109586
1769101106.053943 -1.790176 -6.471217 2.109595
1769101106.103950 -1.793545 -6.465595 2.108560
1769101106.153927 -1.795756 -6.461903 2.107840
1769101106.203945 -1.797955 -6.458234 2.107370
1769101106.253949 -1.801358 -6.452545 2.104985
1769101106.303943 -1.803478 -6.449006 2.103611
1769101106.353941 -1.806790 -6.443433 2.103950
1769101106.404003 -1.808879 -6.439933 2.104356
1769101106.453946 -1.810933 -6.436501 2.105187
1769101106.503928 -1.814100 -6.431198 2.106099
1769101106.553928 -1.816260 -6.427589 2.109157
1769101106.603952 -1.818439 -6.423966 2.111213
1769101106.653932 -1.821777 -6.418448 2.109598
1769101106.703937 -1.823866 -6.415008 2.110988
1769101106.753938 -1.827179 -6.409531 2.111716
1769101106.803944 -1.829309 -6.406029 2.111763
1769101106.854018 -1.831471 -6.402485 2.112197
1769101106.903927 -1.834781 -6.397037 2.110934
1769101106.953951 -1.836859 -6.393618 2.112074
1769101107.003939 -1.839065 -6.389983 2.111804
1769101107.053955 -1.842379 -6.384504 2.110555
1769101107.103962 -1.844557 -6.380912 2.110573
1769101107.153967 -1.846786 -6.377234 2.109472
1769101107.203937 -1.850099 -6.371720 2.110926
1769101107.253943 -1.852301 -6.368085 2.109031
1769101107.303937 -1.854604 -6.364277 2.106486
1769101107.353949 -1.857887 -6.358805 2.107403
1769101107.403944 -1.860055 -6.355208 2.107455
1769101107.453950 -1.863310 -6.349778 2.109019
1769101107.503945 -1.865445 -6.346246 2.108996
1769101107.553947 -1.867536 -6.342790 2.104400
1769101107.603981 -1.870781 -6.337353 2.105411
1769101107.653976 -1.872837 -6.333922 2.106830
1769101107.703993 -1.876068 -6.328511 2.108000
1769101107.753964 -1.878211 -6.324955 2.108961
1769101107.803974 -1.880281 -6.321536 2.108707
1769101107.853986 -1.883516 -6.316155 2.110230
1769101107.903984 -1.885600 -6.312718 2.109356
1769101107.954020 -1.887772 -6.309156 2.106435
1769101108.003999 -1.891122 -6.303582 2.106977
1769101108.054057 -1.893217 -6.300117 2.107396
1769101108.103982 -1.896578 -6.294516 2.108257
1769101108.153974 -1.898817 -6.290813 2.107816
1769101108.203975 -1.901053 -6.287111 2.106792
1769101108.253981 -1.903314 -6.283358 2.107107
1769101108.303957 -1.906621 -6.277841 2.106460
1769101108.353974 -1.908756 -6.274279 2.107565
1769101108.403975 -1.912037 -6.268805 2.108696
1769101108.454030 -1.914256 -6.265118 2.109013
1769101108.503974 -1.916501 -6.261386 2.110598
1769101108.553957 -1.919791 -6.255916 2.113063
1769101108.603989 -1.921928 -6.252391 2.111990
1769101108.653986 -1.924162 -6.248710 2.113145
1769101108.703982 -1.927503 -6.243186 2.115403
1769101108.753990 -1.929763 -6.239468 2.115660
1769101108.803985 -1.931966 -6.235859 2.116596
1769101108.854011 -1.935158 -6.230637 2.115139
1769101108.903960 -1.937227 -6.227241 2.117341
1769101108.953988 -1.939404 -6.223677 2.117353
1769101109.003986 -1.942687 -6.218302 2.115796
1769101109.053994 -1.944747 -6.214933 2.116110
1769101109.103970 -1.946934 -6.211348 2.115381
1769101109.153965 -1.950286 -6.205830 2.116282
1769101109.204002 -1.952393 -6.202373 2.115926
1769101109.253991 -1.955724 -6.196910 2.112263
1769101109.303973 -1.957983 -6.193185 2.113236
1769101109.353976 -1.960160 -6.189591 2.113239
1769101109.403987 -1.963589 -6.183915 2.111910
1769101109.454002 -1.965735 -6.180361 2.111883
1769101109.503990 -1.967996 -6.176616 2.109432
1769101109.553995 -1.971304 -6.171098 2.111362
1769101109.603988 -1.973407 -6.167604 2.112563
1769101109.654013 -1.976683 -6.162161 2.112770
1769101109.703999 -1.978828 -6.158605 2.114136
1769101109.754002 -1.981012 -6.154987 2.115261
1769101109.804027 -1.983199 -6.151365 2.118053
1769101109.854033 -1.986485 -6.145957 2.119457
1769101109.904011 -1.988749 -6.142243 2.117586
1769101109.954023 -1.991999 -6.136904 2.118175
1769101110.004055 -1.994195 -6.133293 2.118402
1769101110.054001 -1.996362 -6.129724 2.117806
1769101110.103984 -1.999672 -6.124273 2.117354
1769101110.154005 -2.001918 -6.120575 2.115899
1769101110.203982 -2.004118 -6.116934 2.115466
1769101110.254007 -2.007311 -6.111646 2.115386
1769101110.303986 -2.009575 -6.107903 2.112257
1769101110.353992 -2.011669 -6.104436 2.111640
1769101110.403986 -2.014890 -6.099078 2.111647
1769101110.454000 -2.017147 -6.095324 2.111800
1769101110.504017 -2.020515 -6.089724 2.112829
1769101110.553992 -2.022658 -6.086174 2.110920
1769101110.603988 -2.024933 -6.082403 2.111412
1769101110.653996 -2.028280 -6.076853 2.112206
1769101110.704005 -2.030479 -6.073214 2.112207
1769101110.754009 -2.032669 -6.069598 2.112892
1769101110.804007 -2.035855 -6.064340 2.112436
1769101110.854013 -2.038059 -6.060699 2.115340
1769101110.904021 -2.040255 -6.057086 2.116703
1769101110.954022 -2.043505 -6.051749 2.116567
1769101111.003999 -2.045642 -6.048250 2.117361
1769101111.054020 -2.047793 -6.044730 2.117760
1769101111.104018 -2.050839 -6.039739 2.119070
1769101111.154031 -2.052901 -6.036371 2.119320
1769101111.204020 -2.054871 -6.033157 2.118465
1769101111.254037 -2.057931 -6.028143 2.119089
1769101111.304014 -2.059960 -6.024818 2.117298
1769101111.354011 -2.062028 -6.021425 2.116334
1769101111.404009 -2.065074 -6.016404 2.115706
1769101111.454039 -2.066989 -6.013245 2.113784
1769101111.504003 -2.069869 -6.008481 2.111693
1769101111.554007 -2.071869 -6.005165 2.111423
1769101111.604013 -2.073776 -6.001999 2.111393
1769101111.654038 -2.076754 -5.997056 2.110655
1769101111.704032 -2.078753 -5.993738 2.112198
1769101111.754038 -2.080585 -5.990706 2.112227
1769101111.804045 -2.083555 -5.985788 2.112246
1769101111.854068 -2.085512 -5.982562 2.113898
1769101111.904045 -2.087565 -5.979190 2.114648
1769101111.954074 -2.090563 -5.974261 2.114281
1769101112.004097 -2.092442 -5.971201 2.113347
1769101112.054049 -2.095429 -5.966293 2.114279
1769101112.104043 -2.097416 -5.963063 2.111366
1769101112.154041 -2.099361 -5.959893 2.110685
1769101112.204023 -2.102315 -5.955026 2.110461
1769101112.254019 -2.104198 -5.951936 2.109485
1769101112.304013 -2.106158 -5.948715 2.108463
1769101112.354091 -2.109098 -5.943839 2.108512
1769101112.404032 -2.111025 -5.940654 2.109592
1769101112.454034 -2.112981 -5.937432 2.108924
1769101112.504041 -2.115973 -5.932468 2.108940
1769101112.554040 -2.118025 -5.929064 2.109633
1769101112.604022 -2.119901 -5.925966 2.110346
1769101112.654019 -2.122906 -5.920981 2.109420
1769101112.704058 -2.124960 -5.917577 2.110260
1769101112.754053 -2.128030 -5.912480 2.110561
1769101112.804040 -2.129968 -5.909276 2.109357
1769101112.854059 -2.131881 -5.906108 2.113513
1769101112.904022 -2.134740 -5.901390 2.112991
1769101112.954047 -2.136739 -5.898102 2.112977
1769101113.004088 -2.138659 -5.894945 2.113397
1769101113.054059 -2.141586 -5.890117 2.114997
1769101113.104047 -2.143445 -5.887073 2.114544
1769101113.154033 -2.145401 -5.883878 2.115966
1769101113.204059 -2.148328 -5.879084 2.116423
1769101113.254050 -2.150212 -5.876025 2.115866
1769101113.304051 -2.153169 -5.871190 2.116484
1769101113.354038 -2.155132 -5.868001 2.116539
1769101113.404056 -2.157028 -5.864918 2.116577
1769101113.454103 -2.159978 -5.860109 2.115147
1769101113.504031 -2.161770 -5.857201 2.114607
1769101113.554046 -2.163651 -5.854140 2.113392
1769101113.604058 -2.166303 -5.849798 2.112957
1769101113.654073 -2.168085 -5.846886 2.111194
1769101113.704071 -2.170715 -5.842560 2.109978
1769101113.754087 -2.172427 -5.839750 2.109526
1769101113.804073 -2.174201 -5.836829 2.109514
1769101113.854057 -2.176857 -5.832432 2.108920
1769101113.904053 -2.178561 -5.829616 2.109221
1769101113.954076 -2.180354 -5.826650 2.108981
1769101114.004068 -2.183042 -5.822180 2.110598
1769101114.054070 -2.184862 -5.819171 2.109359
1769101114.104078 -2.186631 -5.816247 2.110180
1769101114.154054 -2.189334 -5.811760 2.110595
1769101114.204058 -2.191156 -5.808751 2.110224
1769101114.254049 -2.192904 -5.805875 2.109883
1769101114.304046 -2.195571 -5.801454 2.111488
1769101114.354067 -2.197348 -5.798536 2.110739
1769101114.404053 -2.199139 -5.795595 2.111837
1769101114.454081 -2.201736 -5.791312 2.111413
1769101114.504048 -2.203489 -5.788439 2.110874
1769101114.554127 -2.205253 -5.785543 2.110704
1769101114.604049 -2.207849 -5.781256 2.111646
1769101114.654052 -2.209622 -5.778335 2.112421
1769101114.704051 -2.211396 -5.775414 2.113186
1769101114.754078 -2.214032 -5.771065 2.112382
1769101114.804085 -2.215782 -5.768190 2.111680
1769101114.854070 -2.217581 -5.765229 2.109892
1769101114.904056 -2.220278 -5.760765 2.111062
1769101114.954072 -2.222099 -5.757757 2.110771
1769101115.004051 -2.223848 -5.754882 2.109135
1769101115.054076 -2.226597 -5.750332 2.108658
1769101115.104096 -2.228459 -5.747259 2.107650
1769101115.154090 -2.230275 -5.744249 2.104593
1769101115.204129 -2.232893 -5.739885 2.102776
1769101115.254117 -2.234654 -5.736929 2.098881
1769101115.304060 -2.237207 -5.732616 2.094174
1769101115.354090 -2.238877 -5.729782 2.089800
1769101115.404078 -2.240464 -5.727046 2.085915
1769101115.454078 -2.242975 -5.722677 2.082306
1769101115.504078 -2.244605 -5.719820 2.079301
1769101115.554155 -2.246219 -5.716953 2.075891
1769101115.604087 -2.248687 -5.712532 2.071856
1769101115.654086 -2.250319 -5.709589 2.068544
1769101115.704111 -2.251993 -5.706526 2.062644
1769101115.754096 -2.254378 -5.702117 2.059618
1769101115.804086 -2.255932 -5.699220 2.054751
1769101115.854089 -2.257436 -5.696379 2.050838
1769101115.904075 -2.259876 -5.691716 2.044452
1769101115.954099 -2.261337 -5.688884 2.038270
1769101116.004093 -2.263656 -5.684328 2.032421
1769101116.054114 -2.265159 -5.681347 2.026633
1769101116.104092 -2.266591 -5.678445 2.020285
1769101116.154105 -2.268823 -5.673874 2.014656
1769101116.204098 -2.270231 -5.670960 2.008317
1769101116.254098 -2.271671 -5.667921 2.001533
1769101116.304101 -2.273851 -5.663243 1.995290
1769101116.354101 -2.275278 -5.660143 1.988386
1769101116.404097 -2.276721 -5.656938 1.982083
1769101116.454100 -2.278816 -5.652222 1.975873
1769101116.504148 -2.280159 -5.649168 1.969853
1769101116.554103 -2.281511 -5.646034 1.965192
1769101116.604102 -2.283537 -5.641263 1.960056
1769101116.654104 -2.284851 -5.638141 1.955897
1769101116.704099 -2.286189 -5.634920 1.951513
1769101116.754111 -2.288131 -5.630169 1.947958
1769101116.804115 -2.289347 -5.627171 1.944226
1769101116.854095 -2.291214 -5.622498 1.939979
1769101116.904105 -2.292401 -5.619517 1.935866
1769101116.954117 -2.293625 -5.616386 1.931592
1769101117.004085 -2.295379 -5.611833 1.926819
1769101117.054110 -2.296555 -5.608767 1.921602
1769101117.104108 -2.297688 -5.605738 1.914577
1769101117.154114 -2.299471 -5.600901 1.907585
1769101117.204099 -2.300608 -5.597768 1.900812
1769101117.254089 -2.301759 -5.594532 1.895116
1769101117.304092 -2.303459 -5.589613 1.888283
1769101117.354095 -2.304563 -5.586388 1.881401
1769101117.404102 -2.305683 -5.583036 1.876317
1769101117.454093 -2.307277 -5.578136 1.870504
1769101117.504118 -2.308361 -5.574772 1.864570
1769101117.554127 -2.309418 -5.571427 1.861093
1769101117.604094 -2.310944 -5.566450 1.856238
1769101117.654120 -2.311963 -5.563119 1.852426
1769101117.704124 -2.312941 -5.559852 1.848625
1769101117.754140 -2.314372 -5.554981 1.844211
1769101117.804180 -2.315335 -5.551685 1.840303
1769101117.854138 -2.316258 -5.548456 1.837940
1769101117.904134 -2.317644 -5.543517 1.832350
1769101117.954128 -2.318489 -5.540476 1.828567
1769101118.004138 -2.319385 -5.537185 1.823463
1769101118.054124 -2.320656 -5.532428 1.818671
1769101118.104118 -2.321488 -5.529251 1.813906
1769101118.154109 -2.322318 -5.526051 1.809749
1769101118.204125 -2.323550 -5.521150 1.803959
1769101118.254112 -2.324369 -5.517841 1.798736
1769101118.304106 -2.325161 -5.514579 1.794206
1769101118.354135 -2.326327 -5.509639 1.788432
1769101118.404124 -2.327097 -5.506318 1.783245
1769101118.454146 -2.327855 -5.502999 1.779354
1769101118.504190 -2.328953 -5.498016 1.773168
1769101118.554140 -2.329691 -5.494613 1.767798
1769101118.604188 -2.330403 -5.491259 1.763540
1769101118.654136 -2.331456 -5.486087 1.756199
1769101118.704112 -2.332147 -5.482595 1.749894
1769101118.754138 -2.332805 -5.479175 1.744111
1769101118.804145 -2.333750 -5.474065 1.738283
1769101118.854137 -2.334358 -5.470689 1.733129
1769101118.904136 -2.334951 -5.467311 1.728265
1769101118.954143 -2.335757 -5.462538 1.724287
1769101119.004133 -2.336276 -5.459347 1.719657
1769101119.054141 -2.337008 -5.454740 1.715580
1769101119.104152 -2.337527 -5.451425 1.711561
1769101119.154137 -2.338028 -5.448105 1.706877
1769101119.204140 -2.338721 -5.443338 1.704460
1769101119.254154 -2.339158 -5.440316 1.700766
1769101119.304146 -2.339629 -5.436910 1.694972
1769101119.354161 -2.340310 -5.431811 1.690076
1769101119.404146 -2.340736 -5.428531 1.685479
1769101119.454209 -2.341171 -5.425023 1.680520
1769101119.504154 -2.341777 -5.419858 1.675476
1769101119.554147 -2.342158 -5.416469 1.670092
1769101119.604159 -2.342689 -5.411502 1.664626
1769101119.654159 -2.343032 -5.408183 1.658792
1769101119.704145 -2.343357 -5.404812 1.651831
1769101119.754178 -2.343820 -5.399637 1.645789
1769101119.804173 -2.344126 -5.396120 1.640125
1769101119.854148 -2.344392 -5.392775 1.634329
1769101119.904157 -2.344751 -5.387797 1.628699
1769101119.954153 -2.344972 -5.384677 1.622474
1769101120.004184 -2.345192 -5.381206 1.616826
1769101120.054186 -2.345474 -5.376100 1.612772
1769101120.104152 -2.345662 -5.372600 1.607279
1769101120.154151 -2.345822 -5.369178 1.603965
1769101120.204155 -2.346032 -5.364139 1.597911
1769101120.254154 -2.346163 -5.360868 1.593902
1769101120.304152 -2.346275 -5.357517 1.589842
1769101120.354169 -2.346415 -5.352377 1.586463
1769101120.404158 -2.346502 -5.349199 1.582299
1769101120.454154 -2.346575 -5.345767 1.577895
1769101120.504160 -2.346649 -5.340771 1.573677
1769101120.554172 -2.346691 -5.337541 1.569169
1769101120.604152 -2.346724 -5.332575 1.564813
1769101120.654164 -2.346742 -5.329398 1.560520
1769101120.704168 -2.346737 -5.326184 1.554647
1769101120.754155 -2.346699 -5.321169 1.548840
1769101120.804167 -2.346653 -5.317810 1.543214
1769101120.854237 -2.346559 -5.312968 1.535952
1769101120.904178 -2.346484 -5.309644 1.530421
1769101120.954176 -2.346371 -5.306191 1.526016
1769101121.004148 -2.346172 -5.300949 1.518935
1769101121.054180 -2.346039 -5.297722 1.513256
1769101121.104173 -2.345868 -5.294220 1.507766
1769101121.154169 -2.345578 -5.289041 1.503082
1769101121.204194 -2.345375 -5.285566 1.498597
1769101121.254177 -2.345154 -5.282123 1.495011
1769101121.304183 -2.344805 -5.277076 1.491834
1769101121.354182 -2.344575 -5.273793 1.486437
1769101121.404180 -2.344331 -5.270503 1.482150
1769101121.454179 -2.343917 -5.265456 1.479086
1769101121.504154 -2.343644 -5.262110 1.474270
1769101121.554186 -2.343342 -5.258702 1.471608
1769101121.604179 -2.342879 -5.253754 1.466391
1769101121.654196 -2.342573 -5.250540 1.461701
1769101121.704267 -2.342230 -5.247194 1.456545
1769101121.754212 -2.341689 -5.242211 1.451230
1769101121.804222 -2.341315 -5.238922 1.445946
1769101121.854180 -2.340713 -5.233936 1.440772
1769101121.904176 -2.340316 -5.230700 1.435245
1769101121.954209 -2.339873 -5.227317 1.430104
1769101122.004199 -2.339175 -5.222229 1.425904
1769101122.054183 -2.338705 -5.218873 1.420834
1769101122.104197 -2.338198 -5.215424 1.415776
1769101122.154189 -2.337410 -5.210255 1.410182
1769101122.204186 -2.336876 -5.206836 1.405305
1769101122.254189 -2.336305 -5.203362 1.399586
1769101122.304188 -2.335449 -5.198302 1.394765
1769101122.354201 -2.334844 -5.194802 1.390131
1769101122.404189 -2.334229 -5.191391 1.385176
1769101122.454201 -2.333282 -5.186260 1.379977
1769101122.504186 -2.332657 -5.182959 1.375340
1769101122.554199 -2.332000 -5.179581 1.370452
1769101122.604194 -2.331021 -5.174682 1.365346
1769101122.654192 -2.330355 -5.171417 1.361283
1769101122.704244 -2.329682 -5.168205 1.358100
1769101122.754193 -2.328634 -5.163291 1.354179
1769101122.804217 -2.327914 -5.159948 1.350180
1769101122.854200 -2.327172 -5.156585 1.346165
1769101122.904177 -2.325949 -5.151157 1.341447
1769101122.954200 -2.325106 -5.147496 1.336354
1769101123.004197 -2.323811 -5.142022 1.332710
1769101123.054206 -2.322909 -5.138255 1.327939
1769101123.104181 -2.322008 -5.134565 1.319958
1769101123.154199 -2.320575 -5.128917 1.316258
1769101123.204200 -2.319606 -5.125128 1.310232
1769101123.254186 -2.318658 -5.121530 1.304340
1769101123.304196 -2.317143 -5.115923 1.298137
1769101123.354192 -2.316173 -5.112375 1.291524
1769101123.404184 -2.315126 -5.108688 1.286947
1769101123.454202 -2.313519 -5.103142 1.281591
1769101123.504192 -2.312462 -5.099535 1.276885
1769101123.554238 -2.311336 -5.095779 1.273055
1769101123.604214 -2.309707 -5.090406 1.267015
1769101123.654226 -2.308550 -5.086691 1.264748
1769101123.704249 -2.306659 -5.080682 1.261700
1769101123.754191 -2.305442 -5.076808 1.256526
1769101123.804209 -2.304140 -5.072747 1.253047
1769101123.854219 -2.302146 -5.066637 1.250462
1769101123.904227 -2.300807 -5.062536 1.245919
1769101123.954242 -2.299537 -5.058719 1.241358
1769101124.004211 -2.297480 -5.052641 1.236090
1769101124.054225 -2.296122 -5.048679 1.232194
1769101124.104225 -2.294816 -5.044922 1.227760
1769101124.154237 -2.292701 -5.038949 1.221985
1769101124.204196 -2.291328 -5.035092 1.214358
1769101124.254199 -2.289823 -5.030998 1.208460
1769101124.304214 -2.287538 -5.024902 1.200520
1769101124.354227 -2.286059 -5.021056 1.195192
1769101124.404230 -2.283632 -5.014846 1.188112
1769101124.454265 -2.282117 -5.011039 1.184157
1769101124.504229 -2.280471 -5.006972 1.181499
1769101124.554204 -2.278106 -5.001180 1.177290
1769101124.604206 -2.276474 -4.997212 1.173387
1769101124.654220 -2.274857 -4.993310 1.169574
1769101124.704270 -2.272426 -4.987545 1.167077
1769101124.754243 -2.270802 -4.983707 1.163875
1769101124.804277 -2.269173 -4.979876 1.158991
1769101124.854239 -2.266664 -4.974091 1.154005
1769101124.904203 -2.265077 -4.970448 1.149744
1769101124.954234 -2.263336 -4.966501 1.144178
1769101125.004236 -2.260794 -4.960874 1.139917
1769101125.054290 -2.259098 -4.957165 1.135232
1769101125.104238 -2.256352 -4.951260 1.129733
1769101125.154242 -2.254605 -4.947504 1.123488
1769101125.204226 -2.252810 -4.943727 1.117827
1769101125.254219 -2.250048 -4.938018 1.112866
1769101125.304288 -2.248176 -4.934180 1.108079
1769101125.354233 -2.246243 -4.930271 1.103274
1769101125.404217 -2.243453 -4.924718 1.096869
1769101125.454291 -2.241449 -4.920807 1.091863
1769101125.504277 -2.238591 -4.915307 1.086595
1769101125.554320 -2.236612 -4.911503 1.081056
1769101125.604242 -2.234691 -4.907911 1.077648
1769101125.654254 -2.231702 -4.902365 1.074283
1769101125.704227 -2.229694 -4.898665 1.071541
1769101125.754265 -2.227641 -4.894892 1.066604
1769101125.804260 -2.224598 -4.889389 1.062478
1769101125.854272 -2.222508 -4.885634 1.059668
1769101125.904238 -2.220462 -4.881989 1.056603
1769101125.954243 -2.217308 -4.876429 1.053688
1769101126.004245 -2.215185 -4.872647 1.046614
1769101126.054277 -2.213020 -4.868884 1.040617
1769101126.104263 -2.209739 -4.863281 1.034768
1769101126.154228 -2.207541 -4.859521 1.027169
1769101126.204256 -2.205427 -4.856003 1.020893
1769101126.254297 -2.202052 -4.850513 1.014854
1769101126.304311 -2.199708 -4.846730 1.009295
1769101126.354259 -2.197533 -4.843251 1.003768
1769101126.404232 -2.194041 -4.837792 0.998818
1769101126.454263 -2.191738 -4.834191 0.994607
1769101126.504231 -2.189472 -4.830684 0.990931
1769101126.554275 -2.186094 -4.825567 0.989633
1769101126.604231 -2.183836 -4.822125 0.986444
1769101126.654246 -2.180305 -4.816783 0.981728
1769101126.704233 -2.177918 -4.813212 0.977795
1769101126.754287 -2.175693 -4.809898 0.973494
1769101126.804276 -2.172215 -4.804831 0.970618
1769101126.854306 -2.169931 -4.801456 0.964509
1769101126.904238 -2.167520 -4.797966 0.959153
1769101126.954238 -2.163891 -4.792785 0.952898
1769101127.004239 -2.161434 -4.789315 0.947668
1769101127.054239 -2.159087 -4.786032 0.942518
1769101127.104321 -2.155326 -4.780876 0.938311
1769101127.154273 -2.152918 -4.777625 0.934650
1769101127.204242 -2.149050 -4.772380 0.927093
1769101127.254255 -2.146420 -4.768890 0.922497
1769101127.304269 -2.143670 -4.765275 0.917823
1769101127.354280 -2.139663 -4.760081 0.912306
1769101127.404241 -2.136957 -4.756613 0.908703
1769101127.454268 -2.134307 -4.753253 0.904450
1769101127.504248 -2.130329 -4.748269 0.901325
1769101127.554263 -2.127693 -4.744943 0.896088
1769101127.604305 -2.125019 -4.741623 0.891928
1769101127.654273 -2.121096 -4.736819 0.888727
1769101127.704273 -2.118482 -4.733610 0.884539
1769101127.754255 -2.115844 -4.730385 0.879637
1769101127.804258 -2.113113 -4.727057 0.873985
1769101127.854263 -2.109038 -4.722198 0.868221
1769101127.904266 -2.106276 -4.718927 0.864371
1769101127.954272 -2.103458 -4.715644 0.860628
1769101128.004303 -2.099161 -4.710666 0.854907
1769101128.054301 -2.096483 -4.707577 0.849156
1769101128.104275 -2.092119 -4.702643 0.844105
1769101128.154266 -2.089211 -4.699360 0.838722
1769101128.204275 -2.086435 -4.696263 0.833013
1769101128.254278 -2.081998 -4.691398 0.827386
1769101128.304275 -2.079177 -4.688337 0.822956
1769101128.354328 -2.076420 -4.685370 0.819232
1769101128.404289 -2.072033 -4.680711 0.814047
1769101128.454279 -2.069052 -4.677528 0.808793
1769101128.504269 -2.066140 -4.674474 0.804440
1769101128.554288 -2.061756 -4.669960 0.800885
1769101128.604280 -2.058839 -4.666935 0.796829
1769101128.654263 -2.055835 -4.663877 0.794296
1769101128.704262 -2.051351 -4.659278 0.789069
1769101128.754296 -2.048383 -4.656293 0.786712
1769101128.804266 -2.045365 -4.653240 0.782533
1769101128.854302 -2.040859 -4.648793 0.779695
1769101128.904298 -2.037892 -4.645828 0.774568
1769101128.954288 -2.034813 -4.642799 0.768933
1769101129.004267 -2.030233 -4.638352 0.762012
1769101129.054267 -2.027130 -4.635361 0.754743
1769101129.104290 -2.023982 -4.632360 0.746864
1769101129.154294 -2.019196 -4.627948 0.740812
1769101129.204285 -2.015988 -4.625010 0.735295
1769101129.254294 -2.012757 -4.622061 0.728512
1769101129.304283 -2.007925 -4.617807 0.723756
1769101129.354270 -2.004666 -4.614935 0.720024
1769101129.404304 -2.001431 -4.612079 0.715182
1769101129.454292 -1.996563 -4.607874 0.712742
1769101129.504297 -1.993369 -4.605118 0.710451
1769101129.554309 -1.990149 -4.602295 0.705315
1769101129.604298 -1.986960 -4.599556 0.700958
1769101129.654321 -1.982101 -4.595427 0.695590
1769101129.704295 -1.978828 -4.592701 0.692014
1769101129.754298 -1.975657 -4.590036 0.686310
1769101129.804307 -1.970735 -4.586000 0.680094
1769101129.854309 -1.967403 -4.583261 0.674341
1769101129.904310 -1.964091 -4.580581 0.668251
1769101129.954332 -1.959043 -4.576583 0.661676
1769101130.004310 -1.955664 -4.573908 0.656138
1769101130.054308 -1.952204 -4.571276 0.653730
1769101130.104310 -1.947071 -4.567309 0.647055
1769101130.154302 -1.943551 -4.564633 0.642466
1769101130.204312 -1.940029 -4.562005 0.638734
1769101130.254282 -1.934737 -4.558053 0.631184
1769101130.304305 -1.931278 -4.555557 0.628237
1769101130.354336 -1.927779 -4.553021 0.624615
1769101130.404314 -1.922712 -4.549405 0.620128
1769101130.454318 -1.919502 -4.547094 0.615018
1769101130.504306 -1.914343 -4.543483 0.611651
1769101130.554319 -1.910828 -4.541025 0.608766
1769101130.604311 -1.907674 -4.538836 0.606254
1769101130.654323 -1.902519 -4.535305 0.604837
1769101130.704372 -1.899250 -4.533035 0.602741
1769101130.754354 -1.895935 -4.530802 0.604187
1769101130.804323 -1.890998 -4.527302 0.600575
1769101130.854323 -1.889209 -4.526083 0.599501
1769101130.904326 -1.888042 -4.525294 0.599492
1769101130.954320 -1.887334 -4.524806 0.599510
1769101131.004313 -1.887128 -4.524662 0.599527
1769101131.054347 -1.887025 -4.524583 0.599556
1769101131.104372 -1.886985 -4.524553 0.599573
1769101131.154339 -1.886945 -4.524524 0.599589
1769101131.204322 -1.886927 -4.524514 0.599592
1769101131.254336 -1.886909 -4.524504 0.599595
1769101131.304323 -1.886911 -4.524503 0.599611
1769101131.354332 -1.886873 -4.524484 0.599601
1769101131.404325 -1.886874 -4.524483 0.599616
1769101131.454328 -1.886876 -4.524482 0.599631
1769101131.504324 -1.886877 -4.524481 0.599646
1769101131.554382 -1.886879 -4.524480 0.599661
1769101131.604322 -1.886880 -4.524480 0.599675
1769101131.654333 -1.886882 -4.524479 0.599690
1769101131.704406 -1.886883 -4.524478 0.599704
1769101131.754360 -1.886884 -4.524477 0.599718
1769101131.804383 -1.886885 -4.524477 0.599732
1769101131.854368 -1.886886 -4.524476 0.599746
1769101131.904349 -1.886887 -4.524476 0.599759
1769101131.954349 -1.886888 -4.524475 0.599773
1769101132.004349 -1.886889 -4.524475 0.599786
1769101132.054374 -1.886890 -4.524474 0.599800
1769101132.104328 -1.886891 -4.524474 0.599813
1769101132.154334 -1.886892 -4.524473 0.599827
1769101132.204320 -1.886893 -4.524473 0.599840
1769101132.254323 -1.886893 -4.524472 0.599853
1769101132.304345 -1.886894 -4.524472 0.599866
1769101132.354320 -1.886895 -4.524472 0.599879
1769101132.404342 -1.886895 -4.524472 0.599892
1769101132.454321 -1.886896 -4.524471 0.599904
1769101132.504354 -1.886896 -4.524471 0.599916
1769101132.554323 -1.886897 -4.524471 0.599929
1769101132.604328 -1.886897 -4.524471 0.599941
1769101132.654325 -1.886898 -4.524471 0.599954
1769101132.704327 -1.886898 -4.524471 0.599966
1769101132.754335 -1.886898 -4.524471 0.599978
1769101132.804329 -1.886899 -4.524471 0.599990
1769101132.854335 -1.886899 -4.524471 0.600002
1769101132.904329 -1.886899 -4.524471 0.600014
1769101132.954366 -1.886899 -4.524471 0.600025
1769101133.004355 -1.886899 -4.524471 0.600037
1769101133.054358 -1.886900 -4.524471 0.600048
1769101133.104337 -1.886900 -4.524471 0.600060
1769101133.154407 -1.886900 -4.524471 0.600071
1769101133.204363 -1.886900 -4.524472 0.600082
1769101133.254402 -1.886900 -4.524472 0.600093
1769101133.304360 -1.886900 -4.524472 0.600103
1769101133.354352 -1.886899 -4.524473 0.600114
1769101133.404411 -1.886899 -4.524473 0.600125
1769101133.454359 -1.886899 -4.524473 0.600136
1769101133.504357 -1.886899 -4.524474 0.600146
1769101133.554358 -1.886899 -4.524474 0.600157
1769101133.604362 -1.886899 -4.524474 0.600168
1769101133.654385 -1.886899 -4.524474 0.600179
1769101133.704381 -1.886899 -4.524475 0.600190
1769101133.754413 -1.886897 -4.524472 0.599997
1769101133.804394 -1.886644 -4.524297 0.599703
1769101133.854350 -1.886417 -4.524144 0.599700
1769101133.904351 -1.886148 -4.523962 0.599698
1769101133.954366 -1.885667 -4.523635 0.600077
1769101134.004402 -1.885310 -4.523388 0.600103
1769101134.054370 -1.884935 -4.523130 0.600116
1769101134.104376 -1.884390 -4.522755 0.599874
1769101134.154375 -1.884076 -4.522540 0.599515
1769101134.204353 -1.883735 -4.522317 0.600096
1769101134.254369 -1.883213 -4.521963 0.600576
1769101134.304384 -1.882897 -4.521745 0.600600
1769101134.354376 -1.882372 -4.521384 0.600623
1769101134.404376 -1.882055 -4.521166 0.600646
1769101134.454387 -1.881706 -4.520932 0.600997
1769101134.504379 -1.881419 -4.520740 0.600979
1769101134.554387 -1.880956 -4.520422 0.601268
1769101134.604411 -1.880595 -4.520174 0.601084
1769101134.654374 -1.880236 -4.519927 0.600417
1769101134.704360 -1.879715 -4.519572 0.599674
1769101134.754358 -1.879446 -4.519391 0.599667
1769101134.804378 -1.878954 -4.519062 0.600053
1769101134.854385 -1.878588 -4.518810 0.600099
1769101134.904395 -1.878215 -4.518557 0.599826
1769101134.954376 -1.877665 -4.518180 0.599275
1769101135.004378 -1.877329 -4.517949 0.598443
1769101135.054439 -1.877018 -4.517740 0.598438
1769101135.104365 -1.876543 -4.517420 0.598737
1769101135.154389 -1.876184 -4.517175 0.598758
1769101135.204365 -1.875782 -4.516901 0.598780
1769101135.254403 -1.875277 -4.516555 0.598433
1769101135.304364 -1.874901 -4.516300 0.597907
1769101135.354406 -1.874591 -4.516090 0.597903
1769101135.404390 -1.874091 -4.515752 0.598165
1769101135.454392 -1.873711 -4.515493 0.597920
1769101135.504388 -1.873396 -4.515277 0.597460
1769101135.554389 -1.872848 -4.514903 0.597116
1769101135.604403 -1.872541 -4.514695 0.596731
1769101135.654434 -1.872254 -4.514501 0.597200
1769101135.704419 -1.871749 -4.514157 0.597645
1769101135.754365 -1.871393 -4.513915 0.597923
1769101135.804403 -1.871030 -4.513665 0.597592
1769101135.854429 -1.870577 -4.513358 0.597577
1769101135.904417 -1.870281 -4.513156 0.597282
1769101135.954447 -1.870057 -4.513004 0.597482
1769101136.004377 -1.869513 -4.512634 0.597493
1769101136.054409 -1.869172 -4.512400 0.596945
1769101136.104395 -1.868812 -4.512154 0.596233
1769101136.154406 -1.868336 -4.511830 0.595696
1769101136.204379 -1.868016 -4.511613 0.594931
1769101136.254455 -1.867730 -4.511420 0.594914
1769101136.304387 -1.867217 -4.511075 0.595569
1769101136.354405 -1.866788 -4.510784 0.595402
1769101136.404390 -1.866244 -4.510415 0.595412
1769101136.454387 -1.865942 -4.510210 0.594762
1769101136.504395 -1.865532 -4.509935 0.594945
1769101136.554409 -1.864711 -4.509379 0.594968
1769101136.604465 -1.863973 -4.508881 0.594990
1769101136.654408 -1.863327 -4.508445 0.594984
1769101136.704408 -1.862278 -4.507736 0.594992
1769101136.754472 -1.861559 -4.507248 0.594444
1769101136.804388 -1.860943 -4.506833 0.595519
1769101136.854421 -1.859914 -4.506138 0.596330
1769101136.904409 -1.859177 -4.505638 0.596350
1769101136.954394 -1.858213 -4.504985 0.596359
1769101137.004406 -1.857483 -4.504491 0.596352
1769101137.054410 -1.856829 -4.504050 0.596369
1769101137.104392 -1.855789 -4.503346 0.596346
1769101137.154392 -1.855076 -4.502864 0.596351
1769101137.204421 -1.854384 -4.502397 0.596674
1769101137.254393 -1.853284 -4.501653 0.597221
1769101137.304417 -1.852546 -4.501154 0.597237
1769101137.354394 -1.851918 -4.500728 0.597242
1769101137.404397 -1.850853 -4.500007 0.597870
1769101137.454427 -1.850232 -4.499585 0.598434
1769101137.504395 -1.849220 -4.498897 0.598467
1769101137.554435 -1.848531 -4.498428 0.598894
1769101137.604424 -1.847881 -4.497986 0.599169
1769101137.654453 -1.846811 -4.497257 0.599190
1769101137.704455 -1.846121 -4.496787 0.599565
1769101137.754445 -1.845453 -4.496331 0.599573
1769101137.804428 -1.844365 -4.495590 0.599578
1769101137.854424 -1.843662 -4.495111 0.600191
1769101137.904428 -1.842997 -4.494658 0.600549
1769101137.954445 -1.842268 -4.494161 0.601073
1769101138.004456 -1.841142 -4.493392 0.601915
1769101138.054462 -1.840473 -4.492936 0.602553
1769101138.104429 -1.839751 -4.492442 0.603582
1769101138.154412 -1.838704 -4.491723 0.603865
1769101138.204430 -1.838025 -4.491259 0.603691
1769101138.254440 -1.837329 -4.490782 0.604118
1769101138.304444 -1.836328 -4.490094 0.604117
1769101138.354427 -1.835625 -4.489613 0.603320
1769101138.404428 -1.834892 -4.489109 0.604103
1769101138.454443 -1.833931 -4.488451 0.604687
1769101138.504481 -1.833172 -4.487930 0.604026
1769101138.554421 -1.832449 -4.487434 0.604263
1769101138.604434 -1.831198 -4.486573 0.603624
1769101138.654437 -1.830238 -4.485914 0.603625
1769101138.704435 -1.828760 -4.484898 0.604146
1769101138.754432 -1.827767 -4.484215 0.604755
1769101138.804447 -1.826775 -4.483534 0.604797
1769101138.854435 -1.825800 -4.482862 0.604782
1769101138.904454 -1.824289 -4.481822 0.603970
1769101138.954448 -1.823219 -4.481084 0.604399
1769101139.004443 -1.821633 -4.479993 0.604883
1769101139.054440 -1.820590 -4.479276 0.604880
1769101139.104428 -1.819553 -4.478562 0.605284
1769101139.154456 -1.818431 -4.477790 0.604232
1769101139.204424 -1.816951 -4.476768 0.605116
1769101139.254461 -1.815954 -4.476085 0.604164
1769101139.304446 -1.815003 -4.475430 0.604135
1769101139.354447 -1.813547 -4.474429 0.603087
1769101139.404445 -1.812532 -4.473730 0.602642
1769101139.454450 -1.810922 -4.472625 0.602021
1769101139.504452 -1.809898 -4.471922 0.601607
1769101139.554501 -1.808910 -4.471247 0.601421
1769101139.604450 -1.807353 -4.470178 0.602403
1769101139.654433 -1.806317 -4.469469 0.601659
1769101139.704452 -1.805263 -4.468747 0.600857
1769101139.754469 -1.803784 -4.467734 0.600850
1769101139.804455 -1.802776 -4.467043 0.600352
1769101139.854516 -1.801744 -4.466334 0.600638
1769101139.904479 -1.800110 -4.465216 0.600878
1769101139.954518 -1.798916 -4.464397 0.600906
1769101140.004455 -1.797566 -4.463470 0.601741
1769101140.054489 -1.795586 -4.462110 0.602170
1769101140.104562 -1.794190 -4.461152 0.602646
1769101140.154459 -1.792118 -4.459731 0.601165
1769101140.204461 -1.790740 -4.458786 0.600487
1769101140.254470 -1.789336 -4.457822 0.600435
1769101140.304456 -1.787206 -4.456364 0.600440
1769101140.354439 -1.785710 -4.455343 0.599803
1769101140.404457 -1.784290 -4.454370 0.598540
1769101140.454469 -1.782207 -4.452948 0.598521
1769101140.504456 -1.780778 -4.451974 0.597974
1769101140.554470 -1.779302 -4.450970 0.597072
1769101140.604466 -1.777149 -4.449504 0.596331
1769101140.654520 -1.775679 -4.448502 0.596606
1769101140.704473 -1.774279 -4.447553 0.595840
1769101140.754466 -1.772168 -4.446117 0.595155
1769101140.804447 -1.770768 -4.445167 0.595154
1769101140.854484 -1.769314 -4.444181 0.595541
1769101140.904451 -1.766923 -4.442560 0.595298
1769101140.954456 -1.765261 -4.441432 0.596424
1769101141.004453 -1.763630 -4.440325 0.596636
1769101141.054461 -1.761135 -4.438630 0.596660
1769101141.104476 -1.759426 -4.437468 0.596641
1769101141.154479 -1.757605 -4.436231 0.597022
1769101141.204477 -1.755006 -4.434461 0.598030
1769101141.254471 -1.753285 -4.433289 0.598860
1769101141.304464 -1.751413 -4.432012 0.598915
1769101141.354459 -1.748629 -4.430110 0.600242
1769101141.404457 -1.746647 -4.428752 0.601362
1769101141.454461 -1.744582 -4.427335 0.602429
1769101141.504459 -1.741628 -4.425301 0.603588
1769101141.554489 -1.739542 -4.423860 0.603990
1769101141.604495 -1.736436 -4.421715 0.605346
1769101141.654497 -1.734032 -4.420048 0.606761
1769101141.704462 -1.731737 -4.418455 0.605991
1769101141.754493 -1.728070 -4.415908 0.606809
1769101141.804517 -1.725565 -4.414168 0.606547
1769101141.854517 -1.723283 -4.412582 0.606332
1769101141.904489 -1.719493 -4.409950 0.603808
1769101141.954486 -1.717068 -4.408272 0.603784
1769101142.004510 -1.714541 -4.406526 0.603514
1769101142.054528 -1.710789 -4.403937 0.604196
1769101142.104476 -1.708160 -4.402119 0.601618
1769101142.154490 -1.705437 -4.400246 0.600037
1769101142.204468 -1.701253 -4.397378 0.599581
1769101142.254472 -1.698337 -4.395379 0.596615
1769101142.304487 -1.695523 -4.393461 0.596599
1769101142.354492 -1.691383 -4.390642 0.595478
1769101142.404498 -1.688518 -4.388690 0.594711
1769101142.454509 -1.685688 -4.386769 0.595547
1769101142.504544 -1.681428 -4.383874 0.598159
1769101142.554504 -1.678529 -4.381892 0.601616
1769101142.604493 -1.675681 -4.379935 0.606926
1769101142.654499 -1.671588 -4.377089 0.610861
1769101142.704476 -1.668761 -4.375103 0.616052
1769101142.754507 -1.665998 -4.373141 0.620800
1769101142.804514 -1.661858 -4.370172 0.627024
1769101142.854483 -1.659248 -4.368272 0.630928
1769101142.904507 -1.655152 -4.365279 0.638024
1769101142.954506 -1.652469 -4.363284 0.643691
1769101143.004531 -1.649800 -4.361277 0.648284
1769101143.054485 -1.645735 -4.358196 0.653978
1769101143.104484 -1.642984 -4.356081 0.658638
1769101143.154502 -1.640315 -4.354009 0.663175
1769101143.204515 -1.637635 -4.351918 0.669241
1769101143.254514 -1.633620 -4.348735 0.674500
1769101143.304483 -1.630958 -4.346605 0.679911
1769101143.354512 -1.627055 -4.343447 0.685212
1769101143.404488 -1.624399 -4.341273 0.689872
1769101143.454498 -1.621870 -4.339182 0.692722
1769101143.504512 -1.617960 -4.335936 0.696957
1769101143.554490 -1.615302 -4.333704 0.699904
1769101143.604501 -1.612676 -4.331489 0.703089
1769101143.654562 -1.608697 -4.328103 0.705277
1769101143.704516 -1.606092 -4.325879 0.709867
1769101143.754535 -1.603587 -4.323716 0.712362
1769101143.804522 -1.599638 -4.320303 0.718157
1769101143.854567 -1.597069 -4.318052 0.723180
1769101143.904599 -1.594458 -4.315741 0.726963
1769101143.954515 -1.590719 -4.312416 0.733907
1769101144.004527 -1.588113 -4.310056 0.739723
1769101144.054540 -1.585609 -4.307763 0.744607
1769101144.104517 -1.581961 -4.304385 0.748073
1769101144.154503 -1.579462 -4.302052 0.751092
1769101144.204502 -1.575704 -4.298521 0.751775
1769101144.254526 -1.573266 -4.296225 0.753438
1769101144.304529 -1.570814 -4.293906 0.753510
1769101144.354526 -1.567108 -4.290408 0.753583
1769101144.404528 -1.564845 -4.288269 0.753621
1769101144.454602 -1.562348 -4.285914 0.754683
1769101144.504533 -1.558791 -4.282555 0.754745
1769101144.554530 -1.556274 -4.280170 0.752375
1769101144.604513 -1.553780 -4.277816 0.751398
1769101144.654524 -1.550016 -4.274289 0.752742
1769101144.704526 -1.547456 -4.271857 0.748938
1769101144.754524 -1.545023 -4.269580 0.749423
1769101144.804529 -1.541115 -4.265926 0.749287
1769101144.854543 -1.538612 -4.263574 0.748602
1769101144.904529 -1.536070 -4.261190 0.747966
1769101144.954530 -1.532322 -4.257687 0.746965
1769101145.004512 -1.529749 -4.255281 0.746764
1769101145.054541 -1.527245 -4.252946 0.746298
1769101145.104610 -1.523456 -4.249422 0.745107
1769101145.154537 -1.520861 -4.247011 0.744295
1769101145.204526 -1.518350 -4.244682 0.743085
1769101145.254539 -1.514549 -4.241186 0.743234
1769101145.304540 -1.512022 -4.238854 0.743783
1769101145.354543 -1.509507 -4.236546 0.745660
1769101145.404542 -1.505675 -4.233002 0.745332
1769101145.454543 -1.503158 -4.230683 0.747133
1769101145.504537 -1.500644 -4.228345 0.746747
1769101145.554594 -1.496899 -4.224876 0.748229
1769101145.604544 -1.494390 -4.222537 0.748686
1769101145.654571 -1.491830 -4.220143 0.748555
1769101145.704605 -1.488163 -4.216727 0.750075
1769101145.754556 -1.485681 -4.214402 0.750728
1769101145.804546 -1.483182 -4.212053 0.750819
1769101145.854544 -1.480751 -4.209762 0.749842
1769101145.904577 -1.476992 -4.206243 0.749498
1769101145.954612 -1.474531 -4.203942 0.749169
1769101146.004606 -1.471980 -4.201564 0.748539
1769101146.054551 -1.468249 -4.198085 0.747089
1769101146.104556 -1.465728 -4.195743 0.746103
1769101146.154559 -1.463157 -4.193347 0.743729
1769101146.204549 -1.459357 -4.189831 0.742124
1769101146.254534 -1.456792 -4.187476 0.742108
1769101146.304536 -1.454175 -4.185046 0.739291
1769101146.354572 -1.450337 -4.181541 0.739894
1769101146.404552 -1.447703 -4.179117 0.739502
1769101146.454573 -1.445075 -4.176701 0.739549
1769101146.504556 -1.441233 -4.173182 0.740212
1769101146.554568 -1.438704 -4.170862 0.742175
1769101146.604558 -1.436161 -4.168523 0.744068
1769101146.654564 -1.432456 -4.165092 0.744161
1769101146.704544 -1.430066 -4.162880 0.745012
1769101146.754546 -1.427593 -4.160575 0.744321
1769101146.804550 -1.423935 -4.157185 0.744368
1769101146.854566 -1.421501 -4.154924 0.744435
1769101146.904573 -1.418999 -4.152606 0.744447
1769101146.954557 -1.415370 -4.149233 0.742076
1769101147.004563 -1.412893 -4.146939 0.738701
1769101147.054573 -1.409252 -4.143607 0.735602
1769101147.104560 -1.406779 -4.141338 0.732048
1769101147.154531 -1.404407 -4.139195 0.728287
1769101147.204545 -1.400643 -4.135838 0.724085
1769101147.254560 -1.397989 -4.133472 0.720024
1769101147.304637 -1.395496 -4.131271 0.714992
1769101147.354577 -1.391567 -4.127858 0.709928
1769101147.404588 -1.388996 -4.125624 0.704877
1769101147.454581 -1.386410 -4.123416 0.699628
1769101147.504555 -1.382461 -4.120072 0.691054
1769101147.554576 -1.379758 -4.117822 0.685501
1769101147.604654 -1.377091 -4.115630 0.679452
1769101147.654641 -1.373045 -4.112365 0.672391
1769101147.704559 -1.370334 -4.110187 0.665575
1769101147.754559 -1.367626 -4.108055 0.660043
1769101147.804567 -1.363564 -4.104927 0.655897
1769101147.854577 -1.360855 -4.102827 0.650770
1769101147.904574 -1.358142 -4.100765 0.646494
1769101147.954579 -1.354091 -4.097728 0.643202
1769101148.004567 -1.351379 -4.095683 0.638953
1769101148.054613 -1.348680 -4.093680 0.636079
1769101148.104561 -1.344701 -4.090767 0.634457
1769101148.154657 -1.341900 -4.088672 0.629531
1769101148.204659 -1.339201 -4.086693 0.624543
1769101148.254586 -1.335040 -4.083702 0.620834
1769101148.304564 -1.332219 -4.081659 0.615106
1769101148.354643 -1.329468 -4.079700 0.609762
1769101148.404593 -1.325238 -4.076729 0.602820
1769101148.454587 -1.322429 -4.074789 0.598052
1769101148.504582 -1.319644 -4.072876 0.591820
1769101148.554657 -1.315349 -4.070008 0.586819
1769101148.604641 -1.312522 -4.068101 0.579723
1769101148.654606 -1.309621 -4.066173 0.573263
1769101148.704573 -1.306758 -4.064340 0.569367
1769101148.754588 -1.302373 -4.061536 0.562966
1769101148.804596 -1.299487 -4.059706 0.557630
1769101148.854589 -1.296567 -4.057896 0.553408
1769101148.904653 -1.292246 -4.055248 0.549165
1769101148.954588 -1.289265 -4.053408 0.543464
1769101149.004601 -1.286279 -4.051623 0.540205
1769101149.054643 -1.281831 -4.048967 0.535173
1769101149.104609 -1.278983 -4.047288 0.531632
1769101149.154599 -1.276124 -4.045622 0.529046
1769101149.204614 -1.273443 -4.044090 0.528214
1769101149.254673 -1.272612 -4.043623 0.528545
1769101149.304613 -1.272173 -4.043381 0.528520
1769101149.354609 -1.272059 -4.043321 0.528536
1769101149.404695 -1.272012 -4.043303 0.528538
1769101149.454604 -1.271944 -4.043274 0.528526
1769101149.504599 -1.271919 -4.043271 0.528515
1769101149.554619 -1.271895 -4.043268 0.528503
1769101149.604579 -1.271891 -4.043275 0.528504
1769101149.654583 -1.271888 -4.043282 0.528506
1769101149.704623 -1.271885 -4.043289 0.528508
1769101149.754704 -1.271881 -4.043296 0.528509
1769101149.804585 -1.271857 -4.043292 0.528497
1769101149.854593 -1.271852 -4.043295 0.528730
1769101149.904608 -1.271849 -4.043302 0.528731
1769101149.954680 -1.271802 -4.043283 0.528733
1769101150.004635 -1.271799 -4.043290 0.528734
1769101150.054579 -1.271796 -4.043296 0.528736
1769101150.104618 -1.271792 -4.043303 0.528737
1769101150.154702 -1.271810 -4.043320 0.528752
1769101150.204602 -1.271786 -4.043316 0.528740
1769101150.254615 -1.271783 -4.043322 0.528741
1769101150.304651 -1.271801 -4.043339 0.528756
1769101150.354599 -1.271777 -4.043335 0.528743
1769101150.404670 -1.271794 -4.043352 0.528758
1769101150.454626 -1.271771 -4.043347 0.528746
1769101150.504609 -1.271768 -4.043353 0.528747
1769101150.554619 -1.271765 -4.043360 0.528749
1769101150.604580 -1.271762 -4.043366 0.528750
1769101150.654612 -1.271759 -4.043372 0.528751
1769101150.704605 -1.271756 -4.043378 0.528752
1769101150.754611 -1.271754 -4.043384 0.528753
1769101150.804640 -1.271751 -4.043390 0.528754
1769101150.854629 -1.271748 -4.043396 0.528755
1769101150.904586 -1.271745 -4.043401 0.528757
1769101150.954610 -1.271743 -4.043407 0.528758
1769101151.004682 -1.271740 -4.043413 0.528758
1769101151.054668 -1.271737 -4.043419 0.528760
1769101151.104686 -1.271735 -4.043424 0.528761
1769101151.154677 -1.271732 -4.043430 0.528762
1769101151.204583 -1.271730 -4.043436 0.528763
1769101151.254629 -1.271727 -4.043441 0.528764
1769101151.304609 -1.271725 -4.043447 0.528764
1769101151.354629 -1.271722 -4.043452 0.528766
1769101151.404583 -1.271740 -4.043469 0.528780
1769101151.454618 -1.271717 -4.043463 0.528767
1769101151.504600 -1.271715 -4.043469 0.528768
1769101151.554700 -1.271712 -4.043474 0.528769
1769101151.604616 -1.271710 -4.043479 0.528769
1769101151.654579 -1.271708 -4.043485 0.528770
1769101151.704604 -1.271705 -4.043490 0.528770
1769101151.754607 -1.271703 -4.043495 0.528771
1769101151.804640 -1.271701 -4.043501 0.528771
1769101151.854643 -1.271698 -4.043506 0.528772
1769101151.904702 -1.271696 -4.043511 0.528772
1769101151.954701 -1.271694 -4.043516 0.528773
1769101152.004605 -1.271692 -4.043521 0.528773
1769101152.054598 -1.271690 -4.043526 0.528773
1769101152.104582 -1.271688 -4.043531 0.528774
1769101152.154660 -1.271686 -4.043536 0.528774
1769101152.204582 -1.271683 -4.043541 0.528775
1769101152.254594 -1.271701 -4.043558 0.528788
1769101152.304593 -1.271679 -4.043551 0.528775
1769101152.354603 -1.271677 -4.043556 0.528775
1769101152.404598 -1.271675 -4.043560 0.528775
1769101152.454609 -1.271673 -4.043565 0.528776
1769101152.504686 -1.271671 -4.043570 0.528776
1769101152.554618 -1.271669 -4.043575 0.528776
1769101152.604596 -1.271668 -4.043579 0.528776
1769101152.654653 -1.271666 -4.043584 0.528776
1769101152.704608 -1.271664 -4.043589 0.528776
1769101152.754626 -1.271662 -4.043593 0.528776
1769101152.804642 -1.271662 -4.043599 0.529030
1769101152.854653 -1.271614 -4.043577 0.529310
1769101152.904691 -1.271417 -4.043467 0.529296
1769101152.954641 -1.271106 -4.043291 0.529323
1769101153.004664 -1.270621 -4.043014 0.528968
1769101153.054641 -1.270274 -4.042814 0.528943
1769101153.104646 -1.269925 -4.042615 0.529301
1769101153.154662 -1.269398 -4.042311 0.529738
1769101153.204660 -1.268999 -4.042084 0.529767
1769101153.254671 -1.268628 -4.041870 0.529554
1769101153.304645 -1.268102 -4.041566 0.529558
1769101153.354676 -1.267777 -4.041378 0.529802
1769101153.404648 -1.267387 -4.041152 0.530417
1769101153.454645 -1.266554 -4.040668 0.530704
1769101153.504706 -1.265915 -4.040297 0.530266
1769101153.554677 -1.265219 -4.039891 0.530832
1769101153.604671 -1.264195 -4.039292 0.531512
1769101153.654688 -1.263474 -4.038872 0.531885
1769101153.704700 -1.262799 -4.038477 0.531875
1769101153.754666 -1.261751 -4.037864 0.531881
1769101153.804667 -1.261010 -4.037431 0.532190
1769101153.854655 -1.260313 -4.037022 0.532451
1769101153.904677 -1.259082 -4.036303 0.531772
1769101153.954679 -1.258175 -4.035768 0.532616
1769101154.004677 -1.257184 -4.035190 0.532205
1769101154.054651 -1.255620 -4.034269 0.532591
1769101154.104669 -1.254547 -4.033640 0.532409
1769101154.154654 -1.253521 -4.033038 0.532637
1769101154.204662 -1.251955 -4.032115 0.533202
1769101154.254654 -1.250975 -4.031538 0.533196
1769101154.304656 -1.249931 -4.030925 0.534344
1769101154.354670 -1.248320 -4.029974 0.534601
1769101154.404660 -1.247298 -4.029372 0.535276
1769101154.454676 -1.246155 -4.028702 0.534494
1769101154.504658 -1.244550 -4.027752 0.535614
1769101154.554664 -1.243517 -4.027146 0.534666
1769101154.604665 -1.242430 -4.026503 0.534980
1769101154.654661 -1.240851 -4.025574 0.534049
1769101154.704669 -1.239766 -4.024931 0.534036
1769101154.754667 -1.238676 -4.024288 0.534044
1769101154.804704 -1.237115 -4.023363 0.534637
1769101154.854678 -1.236041 -4.022732 0.534683
1769101154.904672 -1.234122 -4.021598 0.533800
1769101154.954657 -1.232725 -4.020775 0.533454
1769101155.004669 -1.231296 -4.019930 0.534291
1769101155.054672 -1.229860 -4.019084 0.534261
1769101155.104671 -1.227652 -4.017785 0.533511
1769101155.154721 -1.226099 -4.016874 0.532533
1769101155.204674 -1.224556 -4.015965 0.533182
1769101155.254716 -1.222311 -4.014643 0.532916
1769101155.304751 -1.220757 -4.013732 0.531838
1769101155.354675 -1.219233 -4.012836 0.531813
1769101155.404676 -1.217029 -4.011543 0.531597
1769101155.454670 -1.215584 -4.010700 0.530985
1769101155.504684 -1.214094 -4.009830 0.529589
1769101155.554683 -1.211897 -4.008543 0.530210
1769101155.604682 -1.210389 -4.007664 0.530474
1769101155.654741 -1.208922 -4.006810 0.529797
1769101155.704734 -1.206713 -4.005521 0.529273
1769101155.754726 -1.205249 -4.004669 0.529003
1769101155.804716 -1.203785 -4.003817 0.528987
1769101155.854731 -1.201619 -4.002556 0.528362
1769101155.904672 -1.200088 -4.001667 0.527876
1769101155.954736 -1.198671 -4.000842 0.528320
1769101156.004694 -1.196503 -3.999583 0.528332
1769101156.054698 -1.195191 -3.998821 0.528330
1769101156.104684 -1.193155 -3.997637 0.528345
1769101156.154687 -1.191778 -3.996837 0.528970
1769101156.204666 -1.190335 -3.995997 0.529559
1769101156.254690 -1.188129 -3.994709 0.530133
1769101156.304700 -1.186582 -3.993803 0.531064
1769101156.354695 -1.184899 -3.992818 0.531083
1769101156.404696 -1.182235 -3.991257 0.531672
1769101156.454711 -1.180599 -3.990297 0.532248
1769101156.504697 -1.178676 -3.989169 0.532279
1769101156.554661 -1.175844 -3.987503 0.532989
1769101156.604694 -1.174059 -3.986452 0.533652
1769101156.654696 -1.172335 -3.985437 0.533669
1769101156.704785 -1.169498 -3.983765 0.533699
1769101156.754726 -1.167515 -3.982596 0.534275
1769101156.804742 -1.164438 -3.980780 0.533736
1769101156.854714 -1.162261 -3.979494 0.534200
1769101156.904736 -1.160124 -3.978232 0.534437
1769101156.954672 -1.157923 -3.976933 0.534858
1769101157.004680 -1.154571 -3.974950 0.535213
1769101157.054703 -1.152493 -3.973726 0.534055
1769101157.104697 -1.149202 -3.971784 0.533201
1769101157.154699 -1.146926 -3.970446 0.531732
1769101157.204696 -1.144440 -3.968985 0.531303
1769101157.254709 -1.140483 -3.966663 0.529773
1769101157.304798 -1.137577 -3.964963 0.529360
1769101157.354726 -1.134294 -3.963046 0.529039
1769101157.404708 -1.129167 -3.960048 0.528976
1769101157.454708 -1.125338 -3.957813 0.527851
1769101157.504701 -1.121097 -3.955343 0.527623
1769101157.554714 -1.114378 -3.951431 0.525016
1769101157.604701 -1.109494 -3.948606 0.525003
1769101157.654724 -1.101917 -3.944223 0.524973
1769101157.704801 -1.096551 -3.941121 0.525594
1769101157.754708 -1.091054 -3.937941 0.526897
1769101157.804710 -1.082788 -3.933140 0.528212
1769101157.854739 -1.077254 -3.929920 0.529745
1769101157.904876 -1.071465 -3.926539 0.531640
1769101157.954757 -1.063121 -3.921636 0.531721
1769101158.004740 -1.057387 -3.918272 0.533509
1769101158.054734 -1.048247 -3.912878 0.532831
1769101158.104710 -1.042077 -3.909245 0.532179
1769101158.154724 -1.035638 -3.905463 0.532181
1769101158.204715 -1.026166 -3.899889 0.529043
1769101158.254788 -1.019680 -3.896114 0.528933
1769101158.304727 -1.013058 -3.892266 0.529679
1769101158.354753 -1.003291 -3.886564 0.529642
1769101158.404727 -0.996542 -3.882645 0.532238
1769101158.454738 -0.989734 -3.878654 0.533563
1769101158.504723 -0.979328 -3.872511 0.533867
1769101158.554729 -0.972350 -3.868403 0.534583
1769101158.604724 -0.965326 -3.864238 0.532385
1769101158.654723 -0.954590 -3.857922 0.531451
1769101158.704731 -0.947211 -3.853609 0.531373
1769101158.754744 -0.939788 -3.849280 0.532945
1769101158.804726 -0.928402 -3.842594 0.533340
1769101158.854720 -0.921180 -3.838348 0.532840
1769101158.904732 -0.913588 -3.833914 0.535020
1769101158.954722 -0.902519 -3.827334 0.532004
1769101159.004723 -0.895273 -3.823089 0.531578
1769101159.054727 -0.887806 -3.818703 0.530597
1769101159.104724 -0.876450 -3.812042 0.529570
1769101159.154728 -0.868757 -3.807531 0.528749
1769101159.204729 -0.861494 -3.803294 0.527938
1769101159.254744 -0.850230 -3.796699 0.524584
1769101159.304732 -0.842623 -3.792316 0.523917
1769101159.354748 -0.834968 -3.787909 0.524118
1769101159.404745 -0.823567 -3.781340 0.523387
1769101159.454736 -0.816435 -3.777252 0.523914
1769101159.504744 -0.808867 -3.772890 0.523293
1769101159.554740 -0.797679 -3.766447 0.522455
1769101159.604748 -0.790148 -3.762125 0.521398
1769101159.654787 -0.782743 -3.757896 0.522588
1769101159.704772 -0.771433 -3.751443 0.525367
1769101159.754765 -0.763847 -3.747074 0.526971
1769101159.804774 -0.756048 -3.742582 0.527662
1769101159.854766 -0.744840 -3.736093 0.530285
1769101159.904816 -0.737495 -3.731810 0.530258
1769101159.954758 -0.726850 -3.725606 0.532794
1769101160.004769 -0.719373 -3.721285 0.538490
1769101160.054834 -0.711858 -3.716863 0.542289
1769101160.104750 -0.700656 -3.710158 0.544025
1769101160.154748 -0.693435 -3.705811 0.544541
1769101160.204750 -0.686009 -3.701395 0.547986
1769101160.254752 -0.678479 -3.696911 0.552658
1769101160.304752 -0.667323 -3.690072 0.551984
1769101160.354749 -0.659918 -3.685634 0.555452
1769101160.404764 -0.652441 -3.681030 0.556636
1769101160.454753 -0.641319 -3.674226 0.561612
1769101160.504759 -0.634051 -3.669739 0.565016
1769101160.554752 -0.626998 -3.665319 0.566178
1769101160.604761 -0.616179 -3.658455 0.565509
1769101160.654707 -0.608874 -3.653786 0.564872
1769101160.704840 -0.601459 -3.649148 0.566780
1769101160.754765 -0.590812 -3.642404 0.568183
1769101160.804735 -0.583817 -3.638070 0.570274
1769101160.854780 -0.572954 -3.631077 0.567379
1769101160.904758 -0.565548 -3.626496 0.570735
1769101160.954840 -0.558128 -3.621895 0.577259
1769101161.004850 -0.547207 -3.614898 0.581291
1769101161.051503 -0.540056 -3.610250 0.580745
1769101161.104776 -0.532897 -3.605481 0.577522
1769101161.154764 -0.522175 -3.598526 0.579245
1769101161.204782 -0.515045 -3.593886 0.579235
1769101161.254767 -0.507738 -3.589159 0.579548
1769101161.304777 -0.496755 -3.581924 0.577327
1769101161.354757 -0.489398 -3.577181 0.578649
1769101161.404774 -0.482407 -3.572736 0.581224
1769101161.454765 -0.471971 -3.565952 0.581828
1769101161.504773 -0.464850 -3.561297 0.581395
1769101161.554790 -0.454548 -3.554517 0.579421
1769101161.604765 -0.447181 -3.549806 0.582609
1769101161.654793 -0.439982 -3.545155 0.584988
1769101161.704770 -0.429024 -3.537894 0.583927
1769101161.754781 -0.421816 -3.533136 0.582040
1769101161.804798 -0.414551 -3.528386 0.580732
1769101161.854797 -0.404090 -3.521664 0.583974
1769101161.904812 -0.396775 -3.516907 0.584625
1769101161.954817 -0.389552 -3.512195 0.585443
1769101162.004826 -0.378641 -3.504965 0.586841
1769101162.054814 -0.371376 -3.500364 0.592867
1769101162.104795 -0.364369 -3.495811 0.597836
1769101162.154790 -0.353837 -3.488648 0.597645
1769101162.204784 -0.346772 -3.483869 0.597622
1769101162.254782 -0.339461 -3.478973 0.599479
1769101162.304781 -0.328601 -3.471645 0.602923
1769101162.354792 -0.321395 -3.466711 0.602483
1769101162.404786 -0.314178 -3.461805 0.602413
1769101162.454795 -0.303498 -3.454521 0.603553
1769101162.504859 -0.296349 -3.449772 0.608409
1769101162.554792 -0.289275 -3.444996 0.612024
1769101162.604784 -0.278693 -3.437542 0.611288
1769101162.654825 -0.271582 -3.432556 0.610132
1769101162.704813 -0.264501 -3.427679 0.611955
1769101162.754788 -0.257429 -3.422845 0.614075
1769101162.804850 -0.246948 -3.415423 0.611057
1769101162.854790 -0.239815 -3.410482 0.611469
1769101162.904795 -0.232689 -3.405528 0.612648
1769101162.954791 -0.221853 -3.398098 0.615960
1769101163.004792 -0.214793 -3.393133 0.615295
1769101163.054795 -0.207730 -3.388118 0.613951
1769101163.104860 -0.197339 -3.380864 0.616251
1769101163.154822 -0.190436 -3.376037 0.619743
1769101163.204794 -0.183384 -3.371070 0.621371
1769101163.254824 -0.172849 -3.363400 0.617938
1769101163.304797 -0.165612 -3.358354 0.619029
1769101163.354800 -0.159068 -3.353709 0.619340
1769101163.404813 -0.148459 -3.346181 0.618143
1769101163.454798 -0.141367 -3.341060 0.613106
1769101163.504797 -0.134230 -3.336022 0.611648
1769101163.554802 -0.123550 -3.328604 0.613367
1769101163.604815 -0.116529 -3.323782 0.616838
1769101163.654822 -0.109577 -3.318883 0.617615
1769101163.704847 -0.099153 -3.311480 0.616883
1769101163.754804 -0.092207 -3.306514 0.615517
1769101163.804810 -0.082031 -3.299336 0.615511
1769101163.854846 -0.075400 -3.294686 0.616598
1769101163.904834 -0.068332 -3.289686 0.615638
1769101163.954860 -0.058008 -3.282415 0.615178
1769101164.004866 -0.051386 -3.277806 0.615787
1769101164.054827 -0.040860 -3.270380 0.615178
1769101164.104869 -0.033912 -3.265524 0.617360
1769101164.154813 -0.027185 -3.260850 0.619902
1769101164.204812 -0.016815 -3.253407 0.619440
1769101164.254814 -0.009925 -3.248506 0.619064
1769101164.304810 -0.002889 -3.243506 0.618367
1769101164.354813 0.007654 -3.236174 0.621418
1769101164.404825 0.014722 -3.231021 0.619157
1769101164.454820 0.021649 -3.226137 0.619320
1769101164.504816 0.032333 -3.218643 0.621203
1769101164.554823 0.039553 -3.213674 0.626080
1769101164.604817 0.046640 -3.208789 0.631383
1769101164.654814 0.056688 -3.201635 0.635532
1769101164.704820 0.063043 -3.197049 0.636642
1769101164.754847 0.072957 -3.189669 0.636706
1769101164.804909 0.079940 -3.184665 0.641265
1769101164.854865 0.086674 -3.179895 0.647032
1769101164.904818 0.097046 -3.172084 0.646276
1769101164.954829 0.103890 -3.166953 0.645177
1769101165.004824 0.110922 -3.161800 0.646550
1769101165.054820 0.121339 -3.154123 0.650382
1769101165.104820 0.128277 -3.148965 0.652272
1769101165.154866 0.135085 -3.143787 0.652666
1769101165.204830 0.145275 -3.135932 0.653418
1769101165.254832 0.152131 -3.130791 0.656478
1769101165.304833 0.159003 -3.125686 0.660627
1769101165.354823 0.169169 -3.117713 0.657841
1769101165.404829 0.175928 -3.112461 0.657549
1769101165.454829 0.182883 -3.106996 0.656525
1769101165.504829 0.193316 -3.099126 0.661009
1769101165.554876 0.200215 -3.093722 0.659559
1769101165.604827 0.206962 -3.088505 0.659107
1769101165.654835 0.217125 -3.080680 0.660099
1769101165.704868 0.223892 -3.075549 0.664163
1769101165.754879 0.230761 -3.070299 0.667057
1769101165.804839 0.240893 -3.062192 0.664548
1769101165.854847 0.247647 -3.056847 0.662743
1769101165.904943 0.254495 -3.051362 0.659056
1769101165.954871 0.264767 -3.043519 0.659937
1769101166.004856 0.271495 -3.038169 0.656622
1769101166.054861 0.277949 -3.033141 0.655130
1769101166.104918 0.288373 -3.025200 0.655888
1769101166.154907 0.295312 -3.019956 0.658486
1769101166.204841 0.302092 -3.014791 0.660415
1769101166.254843 0.312185 -3.006846 0.658934
1769101166.304839 0.318761 -3.001734 0.658947
1769101166.354855 0.325486 -2.996430 0.658033
1769101166.404915 0.335838 -2.988568 0.662199
1769101166.454849 0.342645 -2.983064 0.659014
1769101166.504856 0.349446 -2.977693 0.656349
1769101166.554864 0.359714 -2.969690 0.654569
1769101166.604844 0.366831 -2.964446 0.658735
1769101166.654842 0.373574 -2.959414 0.663688
1769101166.704849 0.383722 -2.951427 0.663737
1769101166.754866 0.390520 -2.946157 0.666069
1769101166.804865 0.397392 -2.940772 0.667850
1769101166.854851 0.407640 -2.932815 0.670907
1769101166.904857 0.414336 -2.927488 0.669903
1769101166.954921 0.421037 -2.922215 0.670657
1769101167.004950 0.427884 -2.916797 0.671695
1769101167.054850 0.438221 -2.908756 0.675805
1769101167.104844 0.445067 -2.903250 0.675290
1769101167.154898 0.451799 -2.897848 0.674166
1769101167.204858 0.461889 -2.889752 0.673750
1769101167.254877 0.468667 -2.884562 0.679466
1769101167.304854 0.475357 -2.879335 0.685548
1769101167.354868 0.485238 -2.871079 0.684874
1769101167.404878 0.491882 -2.865697 0.686409
1769101167.454840 0.498675 -2.860082 0.686715
1769101167.504898 0.508713 -2.851983 0.689673
1769101167.554931 0.515538 -2.846655 0.694283
1769101167.604876 0.525198 -2.838639 0.691880
1769101167.654860 0.531912 -2.833328 0.694446
1769101167.704870 0.538707 -2.827915 0.699366
1769101167.754885 0.548279 -2.820054 0.702706
1769101167.804894 0.554431 -2.814772 0.700556
1769101167.854884 0.560946 -2.809078 0.695492
1769101167.904897 0.570766 -2.800943 0.696228
1769101167.954911 0.577312 -2.795427 0.695165
1769101168.004865 0.583962 -2.789839 0.694578
1769101168.054882 0.593956 -2.781369 0.691742
1769101168.104883 0.600739 -2.775932 0.693736
1769101168.154897 0.607483 -2.770439 0.695120
1769101168.204951 0.617441 -2.762282 0.694981
1769101168.254873 0.624068 -2.756795 0.694947
1769101168.304874 0.630674 -2.751323 0.695821
1769101168.354952 0.640466 -2.743055 0.696505
1769101168.404901 0.647046 -2.737455 0.694113
1769101168.454878 0.653710 -2.731887 0.692544
1769101168.504878 0.663661 -2.723533 0.690144
1769101168.554965 0.670298 -2.718099 0.689833
1769101168.604889 0.676909 -2.712582 0.689322
1769101168.654891 0.687128 -2.704212 0.688960
1769101168.704894 0.693811 -2.698754 0.688922
1769101168.754896 0.700516 -2.693284 0.688875
1769101168.804884 0.710498 -2.685147 0.690981
1769101168.854926 0.717079 -2.679857 0.694245
1769101168.904886 0.723685 -2.674473 0.697008
1769101168.954890 0.733647 -2.666188 0.699364
1769101169.004868 0.740364 -2.660618 0.700946
1769101169.054885 0.746987 -2.655089 0.701317
1769101169.104891 0.756570 -2.647065 0.702420
1769101169.154888 0.763135 -2.641764 0.704457
1769101169.204896 0.769629 -2.636409 0.706533
1769101169.254888 0.779526 -2.628053 0.708625
1769101169.304894 0.786214 -2.622628 0.715249
1769101169.354909 0.792876 -2.617044 0.720171
1769101169.404889 0.802570 -2.608648 0.721259
1769101169.454891 0.808866 -2.603078 0.718326
1769101169.504974 0.815396 -2.597398 0.717448
1769101169.554906 0.824977 -2.589229 0.722266
1769101169.604897 0.831506 -2.583597 0.723548
1769101169.654911 0.838097 -2.578011 0.727110
1769101169.704892 0.847920 -2.569335 0.726200
1769101169.754912 0.854420 -2.563841 0.731094
1769101169.804929 0.861050 -2.558277 0.737443
1769101169.854923 0.870627 -2.549886 0.742599
1769101169.904923 0.876920 -2.544217 0.743850
1769101169.954905 0.883210 -2.538373 0.743911
1769101170.004927 0.892660 -2.529822 0.748572
1769101170.054982 0.898798 -2.524119 0.749072
1769101170.104928 0.905106 -2.518439 0.751046
1769101170.154905 0.914526 -2.509693 0.750163
1769101170.204902 0.920974 -2.503991 0.754723
1769101170.254947 0.927267 -2.498256 0.758510
1769101170.304904 0.936630 -2.489579 0.761278
1769101170.354941 0.942811 -2.483871 0.763305
1769101170.404903 0.948749 -2.478345 0.767195
1769101170.454933 0.957344 -2.470341 0.777486
1769101170.504902 0.962983 -2.464776 0.781409
1769101170.554899 0.968396 -2.459249 0.782561
1769101170.604917 0.976500 -2.451005 0.786888
1769101170.654920 0.981972 -2.445442 0.786954
1769101170.704922 0.987432 -2.439864 0.787624
1769101170.754915 0.995557 -2.431703 0.789633
1769101170.804922 1.001082 -2.426297 0.794098
1769101170.854914 1.006885 -2.420767 0.804375
1769101170.904938 1.015013 -2.412490 0.813283
1769101170.954924 1.020244 -2.407033 0.818374
1769101171.004925 1.025355 -2.401715 0.825204
1769101171.054924 1.032758 -2.393746 0.831289
1769101171.104911 1.037624 -2.388464 0.834912
1769101171.154933 1.042474 -2.383168 0.839539
1769101171.204933 1.049743 -2.374990 0.842648
1769101171.254935 1.054362 -2.369819 0.844918
1769101171.304920 1.059344 -2.364387 0.852029
1769101171.354941 1.066462 -2.356138 0.853360
1769101171.404926 1.071252 -2.350643 0.854466
1769101171.454926 1.076017 -2.345437 0.860916
1769101171.504920 1.082836 -2.337439 0.862359
1769101171.554950 1.087539 -2.332290 0.870631
1769101171.604954 1.092023 -2.327125 0.877680
1769101171.654942 1.098633 -2.319199 0.883836
1769101171.704941 1.102840 -2.314115 0.888433
1769101171.754960 1.107145 -2.308884 0.894597
1769101171.804951 1.113262 -2.301116 0.897502
1769101171.855034 1.117487 -2.295847 0.899980
1769101171.904963 1.121803 -2.290576 0.905141
1769101171.954985 1.128209 -2.282338 0.907448
1769101172.004932 1.132569 -2.276865 0.911489
1769101172.054942 1.136906 -2.271411 0.917959
1769101172.104940 1.143233 -2.263046 0.919372
1769101172.154953 1.147565 -2.257680 0.926651
1769101172.204936 1.151698 -2.252290 0.929812
1769101172.254953 1.157782 -2.244064 0.929883
1769101172.304950 1.161922 -2.238725 0.933387
1769101172.354935 1.165751 -2.233530 0.932625
1769101172.404948 1.171925 -2.225338 0.934329
1769101172.454940 1.175752 -2.220254 0.934913
1769101172.504939 1.181552 -2.212248 0.929953
1769101172.550005 1.185632 -2.206990 0.931560
1769101172.604959 1.189466 -2.201761 0.927675
1769101172.654959 1.195720 -2.193530 0.925240
1769101172.704936 1.199672 -2.188381 0.922669
1769101172.754972 1.203958 -2.182743 0.920738
1769101172.804944 1.210491 -2.174427 0.923152
1769101172.854958 1.214473 -2.169195 0.921164
1769101172.905018 1.218679 -2.163687 0.919803
1769101172.955025 1.224867 -2.155730 0.922907
1769101173.004962 1.228910 -2.150199 0.919477
1769101173.054972 1.232840 -2.145014 0.918272
1769101173.104946 1.238938 -2.136958 0.916646
1769101173.154975 1.243162 -2.131461 0.916042
1769101173.204980 1.247389 -2.126076 0.917645
1769101173.254946 1.253663 -2.117841 0.914660
1769101173.304954 1.257984 -2.112300 0.913805
1769101173.354978 1.262252 -2.107026 0.915511
1769101173.404955 1.268610 -2.098734 0.911734
1769101173.454970 1.272923 -2.093466 0.912866
1769101173.504970 1.277281 -2.088106 0.913612
1769101173.554971 1.283736 -2.079872 0.913217
1769101173.604975 1.288012 -2.074572 0.915338
1769101173.654996 1.292197 -2.069184 0.913157
1769101173.705068 1.298527 -2.061143 0.913855
1769101173.754986 1.302364 -2.056187 0.911553
1769101173.800047 1.306497 -2.050848 0.908821
1769101173.850005 1.312778 -2.042997 0.910579
1769101173.900020 1.316891 -2.037535 0.903714
1769101173.950053 1.321240 -2.032114 0.901886
1769101174.000018 1.327624 -2.024175 0.900616
1769101174.055034 1.331863 -2.018822 0.896605
1769101174.104975 1.338451 -2.010823 0.897603
1769101174.154961 1.342700 -2.005512 0.895598
1769101174.204968 1.346941 -2.000188 0.892444
1769101174.254989 1.353050 -1.992774 0.895282
1769101174.304968 1.357078 -1.987704 0.892549
1769101174.355021 1.363444 -1.979805 0.890330
1769101174.404967 1.367406 -1.974807 0.885094
1769101174.450037 1.371733 -1.969385 0.877765
1769101174.504969 1.378367 -1.961512 0.875084
1769101174.554992 1.382376 -1.956549 0.865952
1769101174.604974 1.386811 -1.951251 0.857799
1769101174.650003 1.393606 -1.943580 0.853240
1769101174.704978 1.398147 -1.938202 0.841066
1769101174.754993 1.402877 -1.932957 0.834557
1769101174.804981 1.409998 -1.925268 0.828284
1769101174.850004 1.414636 -1.920212 0.820926
1769101174.900007 1.419416 -1.915151 0.814659
1769101174.950005 1.426271 -1.907940 0.805951
1769101175.000000 1.430803 -1.903069 0.794932
1769101175.054993 1.435429 -1.898184 0.781129
1769101175.100005 1.442735 -1.891122 0.773544
1769101175.150002 1.447568 -1.886228 0.759948
1769101175.200009 1.452656 -1.881433 0.751984
1769101175.250007 1.460291 -1.874424 0.743422
1769101175.300003 1.465284 -1.869793 0.734164
1769101175.355008 1.470402 -1.865051 0.721701
1769101175.400009 1.478262 -1.858314 0.714931
1769101175.450012 1.483251 -1.853846 0.703992
1769101175.500049 1.488322 -1.849431 0.693661
1769101175.555000 1.496064 -1.843047 0.686565
1769101175.600003 1.501161 -1.838675 0.675473
1769101175.650010 1.506472 -1.834376 0.668558
1769101175.700084 1.514557 -1.827884 0.657664
1769101175.750014 1.519742 -1.823732 0.647489
1769101175.800042 1.525217 -1.819361 0.632177
1769101175.850102 1.533635 -1.813224 0.621279
1769101175.900108 1.539172 -1.809152 0.610189
1769101175.950037 1.544731 -1.805091 0.596990
1769101176.000020 1.553357 -1.799415 0.592815
1769101176.050016 1.558813 -1.795559 0.583266
1769101176.100046 1.564423 -1.791767 0.576565
1769101176.150027 1.572953 -1.786010 0.564462
1769101176.200021 1.578561 -1.782355 0.557294
1769101176.250021 1.584297 -1.778541 0.544784
1769101176.305007 1.592966 -1.773156 0.531949
1769101176.350029 1.598837 -1.769627 0.524019
1769101176.400037 1.604695 -1.766042 0.510592
1769101176.450025 1.613799 -1.761002 0.502812
1769101176.500041 1.619804 -1.757546 0.491787
1769101176.550005 1.625901 -1.754248 0.484325
1769101176.600033 1.635083 -1.749303 0.472977
1769101176.650026 1.641041 -1.746191 0.466559
1769101176.700022 1.647104 -1.743072 0.459381
1769101176.750005 1.656093 -1.738624 0.452594
1769101176.800003 1.662036 -1.735663 0.445688
1769101176.850025 1.668054 -1.732666 0.436322
1769101176.900027 1.677342 -1.728390 0.431989
1769101176.950013 1.683292 -1.725570 0.426002
1769101177.000034 1.689673 -1.722665 0.422136
1769101177.050033 1.699262 -1.718261 0.413097
1769101177.100032 1.705751 -1.715512 0.413657
1769101177.150030 1.712179 -1.712668 0.410010
1769101177.200096 1.721500 -1.708564 0.403451
1769101177.250093 1.727765 -1.705927 0.402763
1769101177.300045 1.733911 -1.703271 0.400040
1769101177.350037 1.743239 -1.699329 0.400529
1769101177.400039 1.749062 -1.696821 0.399777
1769101177.450037 1.755302 -1.694063 0.397030
1769101177.500082 1.764911 -1.690056 0.400458
1769101177.550039 1.771165 -1.687310 0.398850
1769101177.600022 1.777446 -1.684526 0.394585
1769101177.650045 1.787003 -1.680543 0.394154
1769101177.700091 1.793352 -1.677814 0.391801
1769101177.750062 1.799789 -1.675157 0.394335
1769101177.800065 1.809294 -1.671153 0.396608
1769101177.850034 1.815606 -1.668446 0.400172
1769101177.900046 1.821654 -1.665978 0.410922
1769101177.950061 1.830589 -1.661974 0.414474
1769101178.000062 1.836531 -1.659262 0.417959
1769101178.050083 1.845369 -1.655262 0.423032
1769101178.100073 1.851611 -1.652392 0.426253
1769101178.150064 1.857658 -1.649621 0.431417
1769101178.200061 1.867138 -1.645269 0.440149
1769101178.250055 1.873470 -1.642269 0.446503
1769101178.300035 1.879701 -1.639203 0.452501
1769101178.350057 1.889156 -1.634580 0.463802
1769101178.400058 1.895263 -1.631436 0.468836
1769101178.450066 1.901273 -1.628234 0.473351
1769101178.500057 1.910312 -1.623532 0.483916
1769101178.550062 1.916311 -1.620246 0.489418
1769101178.600051 1.922315 -1.616996 0.500600
1769101178.650059 1.931269 -1.612024 0.513502
1769101178.700056 1.937149 -1.608654 0.523511
1769101178.750052 1.942953 -1.605168 0.531018
1769101178.800050 1.951694 -1.599930 0.543074
1769101178.850056 1.957413 -1.596391 0.550158
1769101178.900116 1.963195 -1.592842 0.560410
1769101178.950063 1.969017 -1.589170 0.570145
1769101179.000118 1.977852 -1.583450 0.579407
1769101179.050061 1.983607 -1.579630 0.584649
1769101179.100066 1.989577 -1.575671 0.592649
1769101179.150048 1.998065 -1.569884 0.600430
1769101179.200060 2.003715 -1.565953 0.606294
1769101179.250075 2.011882 -1.560359 0.618231
1769101179.300066 2.017329 -1.556446 0.624153
1769101179.350072 2.022825 -1.552344 0.627017
1769101179.400072 2.031002 -1.546332 0.634484
1769101179.450131 2.036482 -1.542163 0.636177
1769101179.500069 2.041753 -1.538181 0.639684
1769101179.550071 2.049651 -1.532216 0.643364
1769101179.600067 2.055195 -1.527964 0.645414
1769101179.650096 2.060519 -1.523841 0.646505
1769101179.700105 2.068855 -1.517533 0.654038
1769101179.750117 2.074260 -1.513264 0.655867
1769101179.800081 2.079374 -1.509199 0.658716
1769101179.850080 2.087584 -1.502809 0.664883
1769101179.900099 2.092926 -1.498501 0.666611
1769101179.950081 2.098348 -1.494132 0.671413
1769101180.000085 2.106250 -1.487715 0.675677
1769101180.050058 2.111176 -1.483615 0.678550
1769101180.100074 2.116425 -1.479314 0.684857
1769101180.150096 2.124220 -1.472721 0.685498
1769101180.200086 2.129430 -1.468328 0.686066
1769101180.250087 2.134684 -1.463912 0.685614
1769101180.300080 2.142552 -1.457290 0.681920
1769101180.350084 2.147511 -1.453153 0.679788
1769101180.400087 2.155553 -1.446548 0.677441
1769101180.450083 2.160964 -1.442042 0.674504
1769101180.500101 2.166378 -1.437706 0.678141
1769101180.550087 2.174429 -1.431070 0.676620
1769101180.600096 2.179524 -1.426944 0.680429
1769101180.650084 2.184755 -1.422662 0.682424
1769101180.700089 2.192559 -1.416164 0.680445
1769101180.750078 2.197693 -1.411964 0.682417
1769101180.800085 2.202975 -1.407541 0.681049
1769101180.850098 2.210827 -1.401023 0.679212
1769101180.900145 2.216032 -1.396666 0.677721
1769101180.950160 2.221331 -1.392182 0.673447
1769101181.000086 2.229267 -1.385728 0.673351
1769101181.050096 2.234562 -1.381279 0.667801
1769101181.100071 2.239938 -1.376849 0.663710
1769101181.150098 2.247799 -1.370669 0.666047
1769101181.200119 2.253253 -1.366301 0.665736
1769101181.250066 2.258580 -1.362016 0.665428
1769101181.300109 2.266390 -1.355771 0.667147
1769101181.350096 2.271624 -1.351449 0.666755
1769101181.400110 2.279018 -1.345492 0.669392
1769101181.450099 2.283998 -1.341381 0.668474
1769101181.500079 2.288584 -1.337544 0.665938
1769101181.550101 2.296032 -1.331534 0.663594
1769101181.600103 2.301059 -1.327440 0.661896
1769101181.650107 2.305795 -1.323673 0.663908
1769101181.700116 2.313373 -1.317543 0.659179
1769101181.750151 2.318314 -1.313710 0.662859
1769101181.800129 2.323299 -1.309728 0.662967
1769101181.850111 2.330436 -1.304061 0.662682
1769101181.900126 2.335102 -1.300369 0.662690
1769101181.950133 2.339760 -1.296586 0.661275
1769101182.000172 2.346708 -1.291088 0.661717
1769101182.050117 2.351267 -1.287424 0.662300
1769101182.100142 2.355687 -1.283911 0.665060
1769101182.150119 2.362311 -1.278492 0.661774
1769101182.200118 2.366648 -1.274995 0.662958
1769101182.250109 2.370918 -1.271414 0.658899
1769101182.300116 2.377356 -1.266250 0.659127
1769101182.350159 2.381687 -1.262664 0.655647
1769101182.400112 2.385987 -1.259202 0.653380
1769101182.450103 2.392587 -1.253917 0.647459
1769101182.500159 2.396843 -1.250523 0.645355
1769101182.550134 2.400879 -1.247259 0.640843
1769101182.600168 2.407129 -1.242471 0.641108
1769101182.650122 2.411318 -1.239157 0.641553
1769101182.700121 2.415371 -1.235996 0.643978
1769101182.750126 2.421514 -1.231196 0.645622
1769101182.800101 2.425420 -1.228094 0.647011
1769101182.850121 2.429407 -1.224890 0.647227
1769101182.900143 2.435325 -1.220254 0.647136
1769101182.950099 2.439310 -1.217089 0.647677
1769101183.000105 2.443228 -1.213921 0.644133
1769101183.050098 2.449173 -1.209279 0.642859
1769101183.100106 2.453101 -1.206123 0.639723
1769101183.150121 2.456940 -1.203102 0.640105
1769101183.200125 2.462669 -1.198635 0.638324
1769101183.250136 2.466409 -1.195692 0.638512
1769101183.300110 2.470174 -1.192739 0.638666
1769101183.350125 2.475777 -1.188400 0.637242
1769101183.400127 2.479554 -1.185464 0.637571
1769101183.450146 2.483306 -1.182536 0.636624
1769101183.500130 2.488917 -1.178248 0.635470
1769101183.550138 2.492625 -1.175388 0.636355
1769101183.600122 2.496136 -1.172687 0.637639
1769101183.650135 2.501313 -1.168747 0.638938
1769101183.700160 2.504720 -1.166079 0.638835
1769101183.750144 2.508025 -1.163523 0.641337
1769101183.800145 2.513129 -1.159572 0.642584
1769101183.850156 2.516395 -1.157050 0.645584
1769101183.900243 2.519596 -1.154527 0.647690
1769101183.950158 2.524181 -1.150898 0.646943
1769101184.000121 2.527114 -1.148567 0.648297
1769101184.050151 2.530124 -1.146168 0.648657
1769101184.100160 2.534613 -1.142581 0.644674
1769101184.150165 2.537581 -1.140212 0.643980
1769101184.200200 2.540598 -1.137863 0.645142
1769101184.250123 2.545194 -1.134249 0.640987
1769101184.300199 2.548262 -1.131844 0.640257
1769101184.350155 2.551304 -1.129487 0.640332
1769101184.400144 2.555775 -1.126042 0.638993
1769101184.450141 2.558832 -1.123665 0.638391
1769101184.500225 2.561952 -1.121244 0.638189
1769101184.550150 2.566627 -1.117691 0.639381
1769101184.600157 2.569672 -1.115338 0.640113
1769101184.650155 2.572747 -1.112943 0.640879
1769101184.700153 2.577247 -1.109493 0.641945
1769101184.750152 2.580247 -1.107166 0.643693
1769101184.800148 2.583282 -1.104759 0.641898
1769101184.850200 2.587742 -1.101341 0.643172
1769101184.900155 2.590742 -1.098972 0.641784
1769101184.950164 2.593740 -1.096601 0.640843
1769101185.000151 2.598235 -1.093145 0.641384
1769101185.050163 2.601201 -1.090814 0.641534
1769101185.100158 2.604264 -1.088404 0.641444
1769101185.150163 2.608769 -1.084920 0.641415
1769101185.200136 2.611808 -1.082559 0.642951
1769101185.250175 2.614827 -1.080173 0.641756
1769101185.300170 2.619415 -1.076632 0.641650
1769101185.350167 2.622464 -1.074244 0.641799
1769101185.400155 2.625544 -1.071813 0.640043
1769101185.450163 2.630045 -1.068324 0.638750
1769101185.500139 2.633092 -1.065933 0.637692
1769101185.550174 2.636165 -1.063535 0.636435
1769101185.600169 2.640788 -1.059997 0.634647
1769101185.650183 2.643919 -1.057590 0.635328
1769101185.700197 2.646968 -1.055204 0.633122
1769101185.750188 2.650076 -1.052808 0.633545
1769101185.800205 2.654776 -1.049246 0.634802
1769101185.850179 2.657734 -1.046947 0.634953
1769101185.900181 2.660761 -1.044614 0.637381
1769101185.950204 2.665430 -1.041053 0.639842
1769101186.000222 2.668448 -1.038707 0.641343
1769101186.050169 2.671359 -1.036430 0.643061
1769101186.100187 2.675604 -1.033146 0.645010
1769101186.150168 2.678345 -1.030980 0.645631
1769101186.200188 2.680984 -1.028888 0.646931
1769101186.250168 2.684968 -1.025764 0.647152
1769101186.300174 2.687634 -1.023625 0.645249
1769101186.350190 2.690243 -1.021537 0.643898
1769101186.400173 2.694256 -1.018408 0.643730
1769101186.450163 2.697007 -1.016214 0.642373
1769101186.500150 2.699672 -1.014115 0.642491
1769101186.550174 2.703649 -1.011024 0.640968
1769101186.600182 2.706380 -1.008885 0.641734
1769101186.650159 2.709049 -1.006792 0.640776
1769101186.700155 2.713188 -1.003621 0.641771
1769101186.750166 2.715947 -1.001478 0.642278
1769101186.800160 2.718687 -0.999352 0.642359
1769101186.850160 2.722844 -0.996163 0.642239
1769101186.900184 2.725586 -0.994040 0.642982
1769101186.950185 2.728307 -0.991931 0.642588
1769101187.000163 2.732369 -0.988826 0.642928
1769101187.050186 2.735130 -0.986686 0.642536
1769101187.100191 2.737851 -0.984577 0.641608
1769101187.150181 2.741890 -0.981484 0.641028
1769101187.200163 2.744639 -0.979369 0.642297
1769101187.250183 2.747334 -0.977268 0.640555
1769101187.300248 2.751357 -0.974195 0.642026
1769101187.350209 2.754057 -0.972101 0.642163
1769101187.400166 2.756758 -0.970008 0.643772
1769101187.450183 2.760774 -0.966926 0.643766
1769101187.500167 2.763393 -0.964892 0.644176
1769101187.550181 2.765420 -0.963292 0.645115
1769101187.600176 2.767003 -0.962029 0.645348
1769101187.650198 2.767452 -0.961615 0.645727
1769101187.700217 2.767620 -0.961417 0.646132
1769101187.750238 2.767666 -0.961311 0.646254
1769101187.800195 2.767633 -0.961266 0.646375
1769101187.850239 2.767600 -0.961223 0.646496
1769101187.900205 2.767589 -0.961166 0.646629
1769101187.950225 2.767577 -0.961108 0.646735
1769101188.000226 2.767527 -0.961084 0.646867
1769101188.050245 2.767516 -0.961027 0.646971
1769101188.100217 2.767467 -0.961005 0.647102
1769101188.150218 2.767457 -0.960950 0.647204
1769101188.200214 2.767429 -0.960913 0.647320
1769101188.250194 2.767382 -0.960892 0.647448
1769101188.300206 2.767355 -0.960857 0.647562
1769101188.350207 2.767329 -0.960822 0.647675
1769101188.400209 2.767322 -0.960771 0.647774
1769101188.450207 2.767297 -0.960737 0.647886
1769101188.500191 2.767272 -0.960704 0.647997
1769101188.550215 2.767248 -0.960672 0.648107
1769101188.600258 2.767225 -0.960641 0.648217
1769101188.650211 2.767182 -0.960627 0.648340
1769101188.700219 2.767179 -0.960581 0.648434
1769101188.750193 2.767157 -0.960551 0.648542
1769101188.800218 2.767135 -0.960523 0.648649
1769101188.850229 2.767095 -0.960512 0.648770
1769101188.900216 2.767094 -0.960467 0.648861
1769101188.950257 2.767055 -0.960458 0.648980
1769101189.000209 2.767054 -0.960415 0.649071
1769101189.050217 2.767035 -0.960390 0.649174
1769101189.100223 2.767016 -0.960365 0.649277
1769101189.150217 2.766998 -0.960341 0.649380
1769101189.200216 2.766980 -0.960317 0.649481
1769101189.250216 2.766945 -0.960312 0.649597
1769101189.300228 2.766946 -0.960272 0.649683
1769101189.350226 2.766930 -0.960250 0.649783
1769101189.400208 2.766914 -0.960229 0.649882
1769101189.450219 2.766898 -0.960208 0.649980
1769101189.500229 2.766865 -0.960206 0.650092
1769101189.550286 2.766868 -0.960169 0.650176
1769101189.600219 2.766854 -0.960150 0.650272
1769101189.650226 2.766822 -0.960149 0.650383
1769101189.700243 2.766826 -0.960113 0.650464
1769101189.750280 2.766795 -0.960114 0.650573
1769101189.800225 2.766800 -0.960078 0.650653
1769101189.850250 2.766769 -0.960080 0.650761
1769101189.900318 2.766757 -0.960064 0.650854
1769101189.950259 2.766763 -0.960030 0.650933
1769101190.000216 2.766752 -0.960014 0.651024
1769101190.050240 2.766740 -0.959999 0.651116
1769101190.100285 2.766730 -0.959985 0.651207
1769101190.150235 2.766719 -0.959971 0.651297
1769101190.200252 2.766709 -0.959957 0.651387
1769101190.250245 2.766681 -0.959963 0.651490
1769101190.300215 2.766672 -0.959950 0.651579
1769101190.350235 2.766680 -0.959919 0.651652
1769101190.400248 2.766671 -0.959907 0.651740
1769101190.450242 2.766662 -0.959895 0.651826
1769101190.500219 2.766654 -0.959884 0.651912
1769101190.550248 2.766645 -0.959873 0.651998
1769101190.600241 2.766620 -0.959882 0.652098
1769101190.650252 2.766612 -0.959872 0.652182
1769101190.700286 2.766605 -0.959862 0.652267
1769101190.750244 2.766615 -0.959833 0.652335
1769101190.800248 2.766608 -0.959824 0.652418
1769101190.850221 2.766602 -0.959815 0.652501
1769101190.900230 2.766595 -0.959807 0.652582
1769101190.950220 2.766589 -0.959798 0.652664
1769101191.000254 2.766566 -0.959810 0.652759
1769101191.050254 2.766577 -0.959783 0.652825
1769101191.100268 2.766572 -0.959776 0.652904
1769101191.150246 2.766566 -0.959769 0.652984
1769101191.200229 2.766561 -0.959762 0.653062
1769101191.250252 2.766556 -0.959755 0.653141
1769101191.300255 2.766552 -0.959749 0.653219
1769101191.350314 2.766547 -0.959743 0.653296
1769101191.400270 2.766526 -0.959757 0.653387
1769101191.450260 2.766539 -0.959732 0.653449
1769101191.500255 2.766518 -0.959747 0.653539
1769101191.550236 2.766531 -0.959722 0.653599
1769101191.600251 2.766527 -0.959717 0.653674
1769101191.650256 2.766524 -0.959712 0.653748
1769101191.700277 2.766521 -0.959708 0.653822
1769101191.750251 2.766518 -0.959704 0.653895
1769101191.800266 2.766515 -0.959700 0.653967
1769101191.850279 2.766512 -0.959696 0.654040
1769101191.900308 2.766493 -0.959713 0.654126
1769101191.950289 2.766507 -0.959690 0.654182
1769101192.000322 2.766505 -0.959687 0.654253
1769101192.050268 2.766502 -0.959684 0.654323
1769101192.100338 2.766500 -0.959681 0.654393
1769101192.150270 2.766498 -0.959678 0.654462
1769101192.200271 2.766497 -0.959676 0.654531
1769101192.250248 2.766495 -0.959674 0.654599
1769101192.300272 2.766477 -0.959692 0.654681
1769101192.350341 2.766492 -0.959670 0.654734
1769101192.400271 2.766475 -0.959689 0.654815
1769101192.450274 2.766490 -0.959667 0.654867
1769101192.500315 2.766489 -0.959665 0.654933
1769101192.550275 2.766488 -0.959664 0.654998
1769101192.600271 2.766471 -0.959684 0.655078
1769101192.650248 2.766486 -0.959662 0.655127
1769101192.700267 2.766486 -0.959661 0.655191
1769101192.750274 2.766469 -0.959682 0.655270
1769101192.800279 2.766485 -0.959660 0.655318
1769101192.850289 2.766484 -0.959660 0.655381
1769101192.900280 2.766484 -0.959659 0.655443
1769101192.950290 2.766484 -0.959659 0.655504
1769101193.000256 2.766484 -0.959659 0.655566
1769101193.050284 2.766484 -0.959659 0.655627
1769101193.100279 2.766484 -0.959659 0.655687
1769101193.150282 2.766484 -0.959659 0.655747
1769101193.200299 2.766485 -0.959659 0.655807
1769101193.250260 2.766485 -0.959660 0.655865
1769101193.300360 2.766485 -0.959660 0.655924
1769101193.350288 2.766486 -0.959661 0.655982
1769101193.400292 2.766486 -0.959661 0.656040
1769101193.450281 2.766487 -0.959662 0.656097
1769101193.500283 2.766472 -0.959684 0.656169
1769101193.550290 2.766488 -0.959664 0.656211
1769101193.600287 2.766489 -0.959665 0.656267
1769101193.650287 2.766489 -0.959666 0.656323
1769101193.700286 2.766475 -0.959688 0.656393
1769101193.750288 2.766491 -0.959668 0.656433
1769101193.800321 2.766492 -0.959669 0.656487
1769101193.850315 2.766493 -0.959670 0.656541
1769101193.900354 2.766494 -0.959671 0.656594
1769101193.950336 2.766495 -0.959673 0.656648
1769101194.000276 2.766496 -0.959674 0.656700
1769101194.050304 2.766482 -0.959697 0.656767
1769101194.100310 2.766498 -0.959677 0.656804
1769101194.150293 2.766500 -0.959679 0.656856
1769101194.200304 2.766501 -0.959680 0.656907
1769101194.250275 2.766502 -0.959682 0.656957
