timestamp x y theta
1769097853.192644 0.000000 0.000000 0.000000
1769097853.237640 0.000000 0.000000 0.000000
1769097853.292640 0.000000 0.000000 0.000000
1769097853.342636 0.000000 0.000000 0.000000
1769097853.387639 0.000000 0.000000 0.000000
1769097853.442649 0.000000 0.000000 0.000000
1769097853.487655 0.000000 0.000000 0.000000
1769097853.542644 0.000000 0.000000 0.000000
1769097853.597645 0.000000 0.000000 0.000000
1769097853.642642 0.000000 0.000000 0.000000
1769097853.687619 0.000000 0.000000 0.000000
1769097853.747644 0.000000 0.000000 0.000000
1769097853.792644 0.000000 0.000000 0.000000
1769097853.842658 0.000000 0.000000 0.000000
1769097853.892658 0.000000 0.000000 0.000000
1769097853.937672 0.000000 0.000000 0.000000
1769097853.987658 0.000000 0.000000 0.000000
1769097854.047629 0.000000 0.000000 0.000000
1769097854.092646 0.000000 0.000000 0.000000
1769097854.137649 0.000000 0.000000 0.000000
1769097854.197660 0.000000 0.000000 0.000000
1769097854.242626 0.000000 0.000000 0.000000
1769097854.287657 0.000000 0.000000 0.000000
1769097854.347652 0.000000 0.000000 0.000000
1769097854.392652 0.000000 0.000000 0.000000
1769097854.442650 0.000000 0.000000 0.000000
1769097854.492647 0.000000 0.000000 0.000000
1769097854.542656 0.000000 0.000000 0.000000
1769097854.587646 0.000000 0.000000 0.000000
1769097854.647655 0.000000 0.000000 0.000000
1769097854.687645 0.000000 0.000000 0.000000
1769097854.742657 0.000000 0.000000 0.000000
1769097854.797647 0.000025 0.000000 -0.000316
1769097854.842646 0.000025 0.000000 -0.000316
1769097854.887651 0.000000 0.000000 0.000000
1769097854.947628 0.000000 0.000000 0.000000
1769097854.992657 0.000000 0.000000 0.000000
1769097855.042656 0.000000 0.000000 0.000000
1769097855.092628 0.000000 0.000000 0.000000
1769097855.137629 0.000000 0.000000 0.000000
1769097855.192629 0.000000 0.000000 0.000000
1769097855.247640 0.000000 0.000000 0.000000
1769097855.287743 0.000000 0.000000 0.000000
1769097855.352729 0.000000 0.000000 0.000000
1769097855.397709 0.000000 0.000000 0.000000
1769097855.442668 0.000000 0.000000 0.000000
1769097855.497652 0.000000 0.000000 0.000000
1769097855.542668 0.000000 0.000000 0.000000
1769097855.592647 0.000000 0.000000 0.000000
1769097855.647647 0.000000 0.000000 0.000000
1769097855.687660 0.000000 0.000000 0.000000
1769097855.742697 0.000000 0.000000 0.000000
1769097855.802699 0.000000 0.000000 0.000000
1769097855.842690 0.000000 0.000000 0.000000
1769097855.887685 0.000000 0.000000 0.000000
1769097855.942699 0.000000 0.000000 0.000000
1769097855.992675 0.000000 0.000000 0.000000
1769097856.042636 0.000025 0.000000 -0.000316
1769097856.092641 0.000000 0.000000 0.000000
1769097856.137651 0.000000 0.000000 0.000000
1769097856.197626 0.000025 0.000000 -0.000316
1769097856.242639 0.000051 0.000000 -0.000633
1769097856.287626 0.000101 -0.000000 -0.001266
1769097856.347627 0.000253 -0.000000 -0.002531
1769097856.392651 0.000734 -0.000001 -0.002847
1769097856.437659 0.001190 -0.000003 -0.002215
1769097856.492626 0.001696 -0.000004 -0.001582
1769097856.542627 0.002354 -0.000005 -0.000949
1769097856.587652 0.002683 -0.000005 -0.001266
1769097856.647653 0.003012 -0.000006 -0.000949
1769097856.687648 0.003619 -0.000006 -0.000949
1769097856.752636 0.004075 -0.000007 -0.000316
1769097856.792709 0.004682 -0.000007 -0.000949
1769097856.842629 0.004961 -0.000007 -0.001266
1769097856.897654 0.005315 -0.000008 -0.001266
1769097856.942628 0.005746 -0.000008 -0.000949
1769097856.992629 0.006176 -0.000008 0.000000
1769097857.052629 0.006682 -0.000008 0.000633
1769097857.087643 0.007391 -0.000008 0.000633
1769097857.137666 0.007796 -0.000008 0.000633
1769097857.197643 0.008150 -0.000008 0.000000
1769097857.242651 0.008732 -0.000008 0.000949
1769097857.292651 0.009213 -0.000007 0.001266
1769097857.347648 0.009770 -0.000006 0.001266
1769097857.392674 0.010833 -0.000005 0.000633
1769097857.442632 0.011567 -0.000005 0.000949
1769097857.492640 0.012453 -0.000004 0.001266
1769097857.542680 0.013668 -0.000002 0.001266
1769097857.592663 0.014478 -0.000001 0.001266
1769097857.647696 0.015364 -0.000000 0.001582
1769097857.692671 0.016528 0.000002 0.001582
1769097857.742676 0.017414 0.000003 0.001898
1769097857.797663 0.018274 0.000005 0.001898
1769097857.837670 0.019489 0.000007 0.002531
1769097857.892659 0.020400 0.000009 0.002531
1769097857.952690 0.021210 0.000011 0.001898
1769097857.992687 0.022451 0.000014 0.002847
1769097858.037686 0.023336 0.000016 0.003164
1769097858.097735 0.024248 0.000019 0.003164
1769097858.142730 0.025513 0.000023 0.003797
1769097858.192670 0.026399 0.000027 0.004113
1769097858.247735 0.027234 0.000030 0.003797
1769097858.292660 0.028500 0.000035 0.003164
1769097858.337648 0.029462 0.000038 0.002531
1769097858.392666 0.030398 0.000040 0.002847
1769097858.437654 0.032144 0.000045 0.002531
1769097858.492661 0.033334 0.000048 0.002847
1769097858.537657 0.034676 0.000052 0.003164
1769097858.592650 0.036498 0.000058 0.003164
1769097858.642645 0.037789 0.000062 0.002215
1769097858.692661 0.039636 0.000066 0.002531
1769097858.737677 0.040953 0.000069 0.001898
1769097858.797656 0.042167 0.000072 0.001266
1769097858.837634 0.044420 0.000074 0.000316
1769097858.897699 0.046116 0.000075 -0.000000
1769097858.942656 0.049153 0.000075 0.000633
1769097858.992683 0.051457 0.000076 -0.000316
1769097859.047682 0.053962 0.000076 -0.000633
1769097859.087697 0.057809 0.000073 -0.001266
1769097859.137694 0.060771 0.000070 -0.002215
1769097859.197761 0.063732 0.000063 -0.002531
1769097859.242663 0.068693 0.000050 -0.003164
1769097859.292680 0.072034 0.000040 -0.003797
1769097859.347699 0.075274 0.000028 -0.003797
1769097859.392694 0.080614 0.000007 -0.003480
1769097859.442681 0.084158 -0.000005 -0.003480
1769097859.492675 0.087929 -0.000018 -0.003164
1769097859.542696 0.093599 -0.000036 -0.002531
1769097859.602783 0.097598 -0.000046 -0.002531
1769097859.642704 0.103976 -0.000062 -0.000633
1769097859.687703 0.108203 -0.000065 -0.000949
1769097859.747727 0.112202 -0.000069 0.000316
1769097859.792705 0.118580 -0.000067 0.000949
1769097859.842689 0.122605 -0.000063 0.000633
1769097859.897696 0.126806 -0.000060 0.001266
1769097859.942729 0.133007 -0.000053 0.000949
1769097860.002733 0.137006 -0.000049 0.000316
1769097860.042695 0.143410 -0.000047 0.000633
1769097860.092709 0.147485 -0.000044 0.000949
1769097860.152689 0.151712 -0.000040 0.001266
1769097860.187687 0.158318 -0.000032 0.000316
1769097860.237684 0.162469 -0.000030 -0.000316
1769097860.297684 0.166898 -0.000032 -0.000633
1769097860.342694 0.173327 -0.000036 -0.002531
1769097860.402705 0.177630 -0.000047 -0.003797
1769097860.442705 0.183907 -0.000071 -0.003797
1769097860.492693 0.188235 -0.000087 -0.006011
1769097860.537693 0.192437 -0.000112 -0.006011
1769097860.592702 0.196714 -0.000138 -0.005695
1769097860.637696 0.202763 -0.000172 -0.004746
1769097860.702694 0.206990 -0.000193 -0.003164
1769097860.742696 0.213242 -0.000212 -0.001582
1769097860.792698 0.217443 -0.000219 -0.000949
1769097860.847704 0.221544 -0.000223 0.000949
1769097860.892699 0.227719 -0.000217 0.002215
1769097860.952693 0.231794 -0.000208 0.002531
1769097860.997692 0.238274 -0.000192 0.002531
1769097861.042701 0.242501 -0.000181 0.003480
1769097861.087699 0.246880 -0.000166 0.001898
1769097861.142705 0.251157 -0.000158 0.001582
1769097861.187699 0.257561 -0.000147 0.000633
1769097861.252702 0.261661 -0.000145 -0.000000
1769097861.292701 0.268115 -0.000145 -0.001582
1769097861.342710 0.272393 -0.000152 -0.001266
1769097861.402708 0.276696 -0.000157 -0.001266
1769097861.447705 0.283124 -0.000165 -0.003164
1769097861.492724 0.287503 -0.000179 -0.002847
1769097861.537767 0.291907 -0.000192 -0.002847
1769097861.592737 0.296235 -0.000204 -0.003164
1769097861.637727 0.302740 -0.000224 -0.002847
1769097861.692721 0.306891 -0.000236 -0.002215
1769097861.747708 0.311245 -0.000246 -0.001582
1769097861.792712 0.317547 -0.000256 -0.001898
1769097861.842725 0.321723 -0.000264 -0.000949
1769097861.892733 0.325925 -0.000268 -0.000316
1769097861.942744 0.332252 -0.000270 0.000316
1769097861.992758 0.336505 -0.000268 0.000316
1769097862.047742 0.340731 -0.000267 0.001898
1769097862.087786 0.347084 -0.000255 0.001582
1769097862.137724 0.351311 -0.000248 0.001266
1769097862.192745 0.355715 -0.000243 0.001898
1769097862.242719 0.362220 -0.000230 0.000949
1769097862.292721 0.366624 -0.000226 -0.000316
1769097862.347711 0.370978 -0.000228 -0.000316
1769097862.387725 0.377457 -0.000230 -0.002847
1769097862.447730 0.381633 -0.000242 -0.003797
1769097862.492746 0.388037 -0.000266 -0.006011
1769097862.542720 0.392087 -0.000290 -0.006011
1769097862.597716 0.396339 -0.000316 -0.006644
1769097862.637710 0.402489 -0.000357 -0.005062
1769097862.692721 0.406716 -0.000378 -0.004113
1769097862.747725 0.410892 -0.000395 -0.003797
1769097862.792738 0.417346 -0.000420 -0.001582
1769097862.842717 0.421674 -0.000427 -0.001266
1769097862.897721 0.425927 -0.000432 0.000633
1769097862.942716 0.432381 -0.000428 0.001582
1769097862.992745 0.436557 -0.000421 0.001898
1769097863.047750 0.440860 -0.000413 0.001898
1769097863.087762 0.447238 -0.000401 0.000633
1769097863.137728 0.451212 -0.000398 0.001582
1769097863.197817 0.455540 -0.000392 0.000633
1769097863.242796 0.461843 -0.000388 0.000949
1769097863.292730 0.466196 -0.000384 0.000316
1769097863.347755 0.470499 -0.000382 0.000949
1769097863.392809 0.476801 -0.000376 -0.000633
1769097863.452812 0.481180 -0.000379 -0.000949
1769097863.492730 0.487583 -0.000385 -0.001898
1769097863.537786 0.491937 -0.000393 -0.001898
1769097863.602761 0.496265 -0.000402 -0.002847
1769097863.642754 0.502719 -0.000420 -0.003164
1769097863.692742 0.506997 -0.000433 -0.002847
1769097863.752762 0.511224 -0.000445 -0.003164
1769097863.792775 0.517551 -0.000465 -0.003164
1769097863.842765 0.521474 -0.000478 -0.002847
1769097863.897758 0.525473 -0.000489 -0.001582
1769097863.937759 0.531750 -0.000499 0.000316
1769097863.992737 0.535825 -0.000498 0.001266
1769097864.047750 0.539976 -0.000493 0.001898
1769097864.092735 0.546557 -0.000480 0.003164
1769097864.152749 0.550683 -0.000467 0.002215
1769097864.192735 0.557112 -0.000453 0.002847
1769097864.242756 0.561490 -0.000440 0.001898
1769097864.297726 0.565565 -0.000433 0.000949
1769097864.337758 0.572045 -0.000427 -0.000316
1769097864.392753 0.576398 -0.000428 -0.002215
1769097864.447758 0.580676 -0.000437 -0.003164
1769097864.492733 0.587155 -0.000458 -0.004429
1769097864.537805 0.591433 -0.000477 -0.004113
1769097864.602723 0.595710 -0.000494 -0.005062
1769097864.637739 0.602165 -0.000527 -0.004746
1769097864.687772 0.606189 -0.000546 -0.005062
1769097864.747740 0.610643 -0.000569 -0.003164
1769097864.792743 0.617098 -0.000589 -0.003480
1769097864.842737 0.621350 -0.000604 -0.001582
1769097864.897737 0.625678 -0.000611 -0.001266
1769097864.937733 0.631955 -0.000619 -0.000633
1769097864.992740 0.636182 -0.000621 0.000949
1769097865.047748 0.640409 -0.000617 0.000633
1769097865.087737 0.646686 -0.000613 0.000633
1769097865.137756 0.650913 -0.000611 0.000949
1769097865.202753 0.655089 -0.000607 0.000633
1769097865.242748 0.661493 -0.000603 0.001582
1769097865.292811 0.665795 -0.000596 0.002215
1769097865.352765 0.670073 -0.000586 0.002531
1769097865.387740 0.676730 -0.000570 0.000949
1769097865.442739 0.681159 -0.000565 0.000000
1769097865.502743 0.685487 -0.000565 0.000316
1769097865.542793 0.692093 -0.000563 -0.000633
1769097865.592821 0.696143 -0.000566 -0.001898
1769097865.647844 0.700471 -0.000574 -0.003480
1769097865.687845 0.706900 -0.000596 -0.004113
1769097865.737767 0.710874 -0.000613 -0.005062
1769097865.797804 0.715075 -0.000634 -0.003797
1769097865.842866 0.721377 -0.000658 -0.003480
1769097865.892725 0.725579 -0.000673 -0.002215
1769097865.947792 0.729856 -0.000682 -0.001898
1769097865.992754 0.736159 -0.000694 0.000316
1769097866.042746 0.740563 -0.000693 0.001582
1769097866.097768 0.744916 -0.000686 0.001582
1769097866.137741 0.751244 -0.000676 0.002215
1769097866.192744 0.755597 -0.000666 0.003480
1769097866.247757 0.759900 -0.000651 0.002215
1769097866.292765 0.766278 -0.000637 0.001582
1769097866.337764 0.770657 -0.000630 0.000000
1769097866.397759 0.774834 -0.000630 -0.000316
1769097866.437753 0.781313 -0.000632 -0.001582
1769097866.492761 0.785591 -0.000639 -0.001266
1769097866.552761 0.789944 -0.000644 -0.001898
1769097866.592759 0.796474 -0.000657 -0.002531
1769097866.637765 0.800878 -0.000668 -0.004429
1769097866.697828 0.805257 -0.000687 -0.004113
1769097866.737774 0.811534 -0.000713 -0.004113
1769097866.792863 0.815913 -0.000731 -0.003797
1769097866.847845 0.819962 -0.000747 -0.003797
1769097866.892762 0.826113 -0.000770 -0.002847
1769097866.942841 0.830112 -0.000781 -0.002215
1769097866.992843 0.836186 -0.000795 -0.002215
1769097867.037767 0.840312 -0.000804 -0.001898
1769097867.097768 0.844539 -0.000812 -0.000949
1769097867.137872 0.850765 -0.000818 0.000949
1769097867.192770 0.854739 -0.000814 0.001898
1769097867.247795 0.859042 -0.000806 0.001898
1769097867.292767 0.865496 -0.000794 0.002847
1769097867.347774 0.869647 -0.000782 0.002847
1769097867.392850 0.875975 -0.000764 0.002215
1769097867.442788 0.880126 -0.000755 0.001582
1769097867.497770 0.884277 -0.000748 0.000949
1769097867.537812 0.890756 -0.000742 -0.000316
1769097867.592814 0.895034 -0.000743 -0.001898
1769097867.647764 0.899412 -0.000752 -0.002215
1769097867.687783 0.905715 -0.000766 -0.004429
1769097867.737810 0.909739 -0.000783 -0.004746
1769097867.792833 0.914067 -0.000804 -0.004429
1769097867.837791 0.920369 -0.000832 -0.003480
1769097867.892780 0.924647 -0.000847 -0.003164
1769097867.942823 0.928899 -0.000860 -0.002531
1769097867.992834 0.935353 -0.000876 -0.001582
1769097868.042778 0.939707 -0.000883 -0.000316
1769097868.092779 0.943934 -0.000885 0.000633
1769097868.137778 0.950388 -0.000881 0.001582
1769097868.192776 0.954615 -0.000874 0.001898
1769097868.247776 0.958867 -0.000866 0.001266
1769097868.292776 0.965220 -0.000858 0.000316
1769097868.337794 0.969447 -0.000856 0.000633
1769097868.397776 0.973699 -0.000854 0.000000
1769097868.437784 0.980103 -0.000854 0.000316
1769097868.487852 0.984431 -0.000852 -0.000000
1769097868.547776 0.988759 -0.000852 -0.000949
1769097868.592793 0.995365 -0.000859 -0.001898
1769097868.637776 0.999744 -0.000867 -0.002215
1769097868.692790 1.004224 -0.000877 -0.002531
1769097868.737761 1.010754 -0.000893 -0.003797
1769097868.792780 1.015107 -0.000910 -0.004429
1769097868.847824 1.019385 -0.000929 -0.004746
1769097868.892783 1.025788 -0.000959 -0.004429
1769097868.937862 1.030015 -0.000978 -0.005379
1769097868.997790 1.034115 -0.001000 -0.004746
1769097869.042884 1.040418 -0.001030 -0.003164
1769097869.087788 1.044568 -0.001043 -0.002531
1769097869.147790 1.048770 -0.001054 -0.000633
1769097869.192879 1.055098 -0.001058 0.001898
1769097869.242879 1.059375 -0.001050 0.001582
1769097869.297886 1.063653 -0.001043 0.002531
1769097869.337806 1.069930 -0.001027 0.002531
1769097869.392792 1.074258 -0.001016 0.002847
1769097869.447799 1.078383 -0.001004 0.002531
1769097869.492805 1.084838 -0.000988 0.002215
1769097869.537815 1.089216 -0.000978 0.000000
1769097869.597815 1.093266 -0.000978 0.000000
1769097869.637796 1.099695 -0.000978 -0.001898
1769097869.692787 1.103998 -0.000986 -0.002531
1769097869.737811 1.108275 -0.000997 -0.003480
1769097869.792797 1.114502 -0.001019 -0.003480
1769097869.852822 1.118779 -0.001034 -0.003797
1769097869.892789 1.125335 -0.001059 -0.003480
1769097869.937813 1.129435 -0.001073 -0.002847
1769097869.997806 1.133712 -0.001085 -0.002531
1769097870.037793 1.139888 -0.001101 -0.001898
1769097870.087806 1.144140 -0.001109 -0.001266
1769097870.142797 1.148190 -0.001114 -0.000633
1769097870.192797 1.154543 -0.001118 0.000316
1769097870.242797 1.158770 -0.001117 -0.000633
1769097870.292798 1.162921 -0.001119 0.000000
1769097870.337814 1.169122 -0.001119 0.000949
1769097870.387825 1.173324 -0.001115 0.000316
1769097870.442796 1.177601 -0.001114 0.001898
1769097870.492794 1.183853 -0.001102 0.000949
1769097870.547800 1.188181 -0.001098 0.000633
1769097870.592817 1.194812 -0.001094 0.000000
1769097870.637809 1.198989 -0.001094 -0.000949
1769097870.697815 1.203367 -0.001098 -0.001266
1769097870.737893 1.209973 -0.001106 -0.003480
1769097870.787884 1.214074 -0.001121 -0.004113
1769097870.847887 1.218427 -0.001138 -0.005379
1769097870.887806 1.224805 -0.001173 -0.006644
1769097870.937882 1.228804 -0.001199 -0.006011
1769097870.997809 1.233056 -0.001225 -0.005379
1769097871.042809 1.239283 -0.001258 -0.004113
1769097871.092818 1.243383 -0.001275 -0.002847
1769097871.138410 1.249508 -0.001293 -0.001582
1769097871.192852 1.253710 -0.001299 -0.000949
1769097871.247849 1.258038 -0.001303 0.000633
1769097871.292841 1.264163 -0.001300 0.001898
1769097871.342827 1.268466 -0.001291 0.001898
1769097871.397831 1.272769 -0.001283 0.002531
1769097871.437819 1.279096 -0.001267 0.002531
1769097871.487841 1.283222 -0.001257 0.001582
1769097871.542829 1.287525 -0.001250 0.000949
1769097871.592853 1.293650 -0.001244 0.000949
1769097871.647866 1.297928 -0.001240 -0.000633
1769097871.692853 1.304281 -0.001244 -0.000949
1769097871.737840 1.308685 -0.001248 -0.001582
1769097871.802855 1.313038 -0.001255 -0.001582
1769097871.842866 1.319568 -0.001266 -0.002215
1769097871.892847 1.323998 -0.001275 -0.003164
1769097871.942829 1.328300 -0.001289 -0.003164
1769097871.992845 1.332628 -0.001303 -0.003480
1769097872.037839 1.339083 -0.001325 -0.003164
1769097872.087833 1.343284 -0.001338 -0.002531
1769097872.142826 1.347562 -0.001349 -0.002847
1769097872.187811 1.353839 -0.001367 -0.002847
1769097872.237819 1.358015 -0.001379 -0.001266
1769097872.297816 1.362217 -0.001384 -0.000633
1769097872.342825 1.368494 -0.001388 0.000633
1769097872.402827 1.372771 -0.001386 0.000949
1769097872.442829 1.378947 -0.001380 0.002215
1769097872.492833 1.383326 -0.001370 0.001898
1769097872.547844 1.387730 -0.001362 0.001898
1769097872.592819 1.394209 -0.001349 0.001266
1769097872.637838 1.398588 -0.001344 0.000316
1769097872.687854 1.402992 -0.001342 -0.000949
1769097872.742826 1.407269 -0.001346 -0.001266
1769097872.792828 1.413825 -0.001355 -0.003480
1769097872.842827 1.418153 -0.001370 -0.005062
1769097872.892895 1.422380 -0.001391 -0.005379
1769097872.942831 1.428809 -0.001426 -0.006011
1769097873.002830 1.432833 -0.001450 -0.005695
1769097873.042842 1.439312 -0.001487 -0.004429
1769097873.092829 1.443590 -0.001506 -0.003480
1769097873.147831 1.447614 -0.001520 -0.003797
1769097873.192899 1.454068 -0.001544 -0.001582
1769097873.237927 1.458321 -0.001551 -0.000949
1769097873.297838 1.462598 -0.001555 0.000000
1769097873.342904 1.468749 -0.001555 0.001582
1769097873.392838 1.472874 -0.001549 0.000633
1769097873.447896 1.477202 -0.001546 0.000949
1769097873.492840 1.483530 -0.001540 0.000316
1769097873.542870 1.487555 -0.001539 0.001266
1769097873.597868 1.491857 -0.001533 0.000633
1769097873.637878 1.497907 -0.001529 0.000949
1769097873.692950 1.502336 -0.001525 0.000633
1769097873.742876 1.506639 -0.001522 0.000633
1769097873.792938 1.513321 -0.001518 0.000000
1769097873.852923 1.517472 -0.001518 -0.000633
1769097873.897837 1.523977 -0.001522 -0.002215
1769097873.942906 1.528406 -0.001532 -0.002531
1769097873.987942 1.532709 -0.001543 -0.003164
1769097874.042844 1.537012 -0.001557 -0.003797
1769097874.087840 1.543314 -0.001581 -0.004746
1769097874.137840 1.547617 -0.001601 -0.004746
1769097874.192849 1.551717 -0.001620 -0.004113
1769097874.237842 1.558045 -0.001646 -0.002847
1769097874.292917 1.562195 -0.001658 -0.001582
1769097874.347858 1.566473 -0.001665 -0.000633
1769097874.387861 1.572927 -0.001669 0.000949
1769097874.437876 1.577179 -0.001665 0.001582
1769097874.497854 1.581558 -0.001658 0.001898
1769097874.542885 1.588012 -0.001646 0.001582
1769097874.592859 1.592290 -0.001639 0.002531
1769097874.642859 1.596643 -0.001628 0.001266
1769097874.692850 1.603022 -0.001620 -0.000000
1769097874.737882 1.607375 -0.001620 -0.000633
1769097874.797867 1.611652 -0.001623 -0.002215
1769097874.837860 1.618107 -0.001637 -0.003164
1769097874.892866 1.622435 -0.001651 -0.004113
1769097874.947855 1.626712 -0.001668 -0.004429
1769097874.992847 1.633242 -0.001697 -0.004429
1769097875.037858 1.637672 -0.001717 -0.004746
1769097875.097853 1.641899 -0.001737 -0.005062
1769097875.137843 1.648479 -0.001770 -0.003797
1769097875.192856 1.652731 -0.001786 -0.004429
1769097875.247869 1.657009 -0.001805 -0.002847
1769097875.292855 1.663387 -0.001824 -0.001582
1769097875.342876 1.667513 -0.001830 -0.002531
1769097875.397857 1.671714 -0.001841 -0.001266
1769097875.442947 1.678017 -0.001849 -0.000316
1769097875.492875 1.682168 -0.001850 0.000316
1769097875.547890 1.686420 -0.001849 0.000949
1769097875.592875 1.692697 -0.001843 0.001582
1769097875.637894 1.697025 -0.001836 0.001898
1769097875.697903 1.701404 -0.001827 0.002215
1769097875.742903 1.707934 -0.001813 0.002215
1769097875.792874 1.712363 -0.001803 0.001266
1769097875.847829 1.716742 -0.001798 0.000316
1769097875.897887 1.723222 -0.001796 -0.000949
1769097875.942858 1.727600 -0.001800 -0.001266
1769097875.997921 1.731852 -0.001805 -0.003164
1769097876.042896 1.738028 -0.001825 -0.005062
1769097876.092882 1.742356 -0.001847 -0.005379
1769097876.142894 1.746254 -0.001868 -0.005379
1769097876.192864 1.752632 -0.001902 -0.004113
1769097876.237861 1.756859 -0.001919 -0.003797
1769097876.292856 1.760858 -0.001934 -0.002531
1769097876.342861 1.767388 -0.001951 -0.001266
1769097876.387865 1.771615 -0.001956 0.000316
1769097876.447866 1.775969 -0.001955 0.001582
1769097876.487863 1.782372 -0.001945 0.000633
1769097876.542870 1.786574 -0.001942 0.001898
1769097876.597872 1.790927 -0.001934 0.001898
1769097876.637869 1.797255 -0.001922 0.001266
1769097876.687893 1.801558 -0.001916 0.001266
1769097876.747868 1.805835 -0.001911 0.000316
1769097876.792871 1.812163 -0.001909 -0.000316
1769097876.842863 1.816491 -0.001910 -0.001898
1769097876.897866 1.820794 -0.001919 -0.001898
1769097876.942868 1.827375 -0.001931 -0.001898
1769097876.987900 1.831779 -0.001939 -0.003797
1769097877.047881 1.836132 -0.001956 -0.004429
1769097877.092892 1.842713 -0.001985 -0.004429
1769097877.137901 1.847066 -0.002004 -0.005062
1769097877.197880 1.851369 -0.002026 -0.004429
1769097877.237884 1.857823 -0.002055 -0.004113
1769097877.292874 1.861974 -0.002072 -0.004113
1769097877.347878 1.866176 -0.002089 -0.003480
1769097877.392885 1.872478 -0.002111 -0.002531
1769097877.442873 1.876654 -0.002122 -0.002215
1769097877.497874 1.880830 -0.002131 -0.000633
1769097877.542882 1.887082 -0.002135 0.000949
1769097877.592891 1.891309 -0.002131 0.001898
1769097877.647987 1.895738 -0.002122 0.002215
1769097877.692913 1.902117 -0.002108 0.002847
1769097877.738038 1.906521 -0.002096 0.002847
1769097877.802881 1.910925 -0.002083 0.001582
1769097877.842931 1.917455 -0.002073 0.000949
1769097877.892914 1.921732 -0.002069 0.000633
1769097877.952879 1.926035 -0.002066 -0.001266
1769097877.997890 1.932413 -0.002074 -0.003164
1769097878.042897 1.936843 -0.002088 -0.003480
1769097878.102900 1.940968 -0.002103 -0.004429
1769097878.137900 1.947169 -0.002130 -0.004746
1769097878.192924 1.951447 -0.002150 -0.004429
1769097878.247908 1.955699 -0.002169 -0.003797
1769097878.292897 1.962204 -0.002194 -0.002847
1769097878.342899 1.966431 -0.002206 -0.002531
1769097878.402891 1.970784 -0.002217 -0.001266
1769097878.442889 1.977137 -0.002225 -0.000949
1769097878.492885 1.981364 -0.002229 0.000000
1769097878.547898 1.985616 -0.002229 0.000633
1769097878.587909 1.991893 -0.002225 0.000633
1769097878.637921 1.996120 -0.002222 -0.000316
1769097878.697886 2.000398 -0.002224 0.000633
1769097878.742898 2.006649 -0.002220 0.000316
1769097878.787896 2.010902 -0.002218 0.000316
1769097878.847897 2.015179 -0.002217 0.000633
1769097878.892912 2.021659 -0.002213 0.000633
1769097878.942900 2.026088 -0.002210 -0.000316
1769097878.997917 2.030416 -0.002211 -0.001266
1769097879.042907 2.037022 -0.002220 -0.002847
1769097879.087926 2.041452 -0.002232 -0.003164
1769097879.142894 2.045527 -0.002245 -0.004113
1769097879.187902 2.051930 -0.002272 -0.005062
1769097879.242897 2.056157 -0.002293 -0.006011
1769097879.297892 2.060434 -0.002319 -0.006328
1769097879.337888 2.066787 -0.002359 -0.005379
1769097879.387902 2.070837 -0.002381 -0.004746
1769097879.447933 2.075064 -0.002401 -0.003164
1769097879.492009 2.081391 -0.002421 -0.002531
1769097879.547971 2.085390 -0.002431 -0.000633
1769097879.588020 2.091617 -0.002435 0.001898
1769097879.637944 2.095591 -0.002427 0.001582
1769097879.697973 2.099919 -0.002420 0.002531
1769097879.742947 2.106398 -0.002404 0.001266
1769097879.787915 2.110650 -0.002399 0.001898
1769097879.847934 2.114979 -0.002390 0.002215
1769097879.892923 2.121332 -0.002376 0.001266
1769097879.942903 2.125685 -0.002371 -0.000633
1769097879.997959 2.129937 -0.002374 -0.000633
1769097880.037925 2.136366 -0.002378 -0.001898
1769097880.087933 2.140618 -0.002386 -0.001898
1769097880.142935 2.144997 -0.002394 -0.002847
1769097880.187924 2.151477 -0.002412 -0.003480
1769097880.242907 2.155830 -0.002428 -0.003480
1769097880.297900 2.160133 -0.002443 -0.003480
1769097880.342934 2.166663 -0.002465 -0.002847
1769097880.387921 2.170915 -0.002477 -0.003480
1769097880.447909 2.175167 -0.002492 -0.002847
1769097880.492909 2.181545 -0.002510 -0.002215
1769097880.542905 2.185747 -0.002520 -0.001582
1769097880.602911 2.189974 -0.002526 -0.001266
1769097880.642911 2.196302 -0.002534 -0.001266
1769097880.692984 2.200478 -0.002540 0.000316
1769097880.747975 2.204755 -0.002538 0.001266
1769097880.792917 2.211058 -0.002530 0.000949
1769097880.842911 2.215462 -0.002526 0.002215
1769097880.902910 2.219841 -0.002516 0.001266
1769097880.942936 2.226345 -0.002508 0.000949
1769097880.987915 2.230724 -0.002504 -0.000000
1769097881.042944 2.235153 -0.002504 -0.000949
1769097881.092996 2.239558 -0.002508 -0.001582
1769097881.142930 2.245986 -0.002518 -0.004113
1769097881.187926 2.250239 -0.002536 -0.004746
1769097881.242946 2.254617 -0.002557 -0.006328
1769097881.292938 2.261021 -0.002597 -0.006644
1769097881.342951 2.265197 -0.002625 -0.006328
1769097881.392927 2.269474 -0.002652 -0.005379
1769097881.442947 2.275777 -0.002686 -0.004429
1769097881.492938 2.280079 -0.002705 -0.002531
1769097881.542948 2.284408 -0.002716 -0.001582
1769097881.587947 2.290558 -0.002726 -0.000633
1769097881.637942 2.294861 -0.002728 0.000633
1769097881.692961 2.299138 -0.002726 0.001582
1769097881.737932 2.305491 -0.002716 0.001898
1769097881.797979 2.309718 -0.002708 0.001582
1769097881.842974 2.315767 -0.002698 0.001266
1769097881.892981 2.320146 -0.002693 0.000316
1769097881.947945 2.324373 -0.002691 0.000633
1769097881.987988 2.330701 -0.002687 0.000633
1769097882.042939 2.335004 -0.002684 0.000633
1769097882.097951 2.339382 -0.002682 -0.000949
1769097882.137951 2.345912 -0.002688 -0.001582
1769097882.187930 2.350317 -0.002695 -0.000949
1769097882.252937 2.354645 -0.002699 -0.001898
1769097882.297945 2.361175 -0.002711 -0.003164
1769097882.342950 2.365503 -0.002725 -0.003480
1769097882.387956 2.369780 -0.002740 -0.003797
1769097882.442953 2.374007 -0.002756 -0.003480
1769097882.492952 2.380360 -0.002778 -0.004429
1769097882.537947 2.384587 -0.002797 -0.004113
1769097882.592949 2.388763 -0.002814 -0.003164
1769097882.637944 2.395066 -0.002834 -0.000949
1769097882.692942 2.399267 -0.002838 -0.000316
1769097882.737971 2.403519 -0.002839 0.000316
1769097882.787951 2.409771 -0.002837 0.001266
1769097882.852937 2.414099 -0.002832 0.002215
1769097882.892955 2.420553 -0.002818 0.001898
1769097882.942936 2.424882 -0.002809 0.001582
1769097882.992957 2.429058 -0.002803 0.001898
1769097883.042952 2.435537 -0.002790 -0.000000
1769097883.087956 2.439840 -0.002790 -0.001266
1769097883.147955 2.444092 -0.002796 -0.002531
1769097883.187959 2.450673 -0.002812 -0.003797
1769097883.242942 2.454976 -0.002829 -0.005062
1769097883.297959 2.459203 -0.002850 -0.005379
1769097883.337962 2.465581 -0.002884 -0.005379
1769097883.387964 2.469681 -0.002907 -0.006011
1769097883.448015 2.474085 -0.002933 -0.005379
1769097883.492963 2.480590 -0.002968 -0.003797
1769097883.542968 2.484766 -0.002984 -0.003480
1769097883.593029 2.489120 -0.002999 -0.002847
1769097883.637970 2.495397 -0.003017 -0.001582
1769097883.693056 2.499674 -0.003024 -0.000633
1769097883.747968 2.503800 -0.003026 0.000316
1769097883.788002 2.510077 -0.003024 -0.000316
1769097883.843004 2.514354 -0.003026 -0.000000
1769097883.897981 2.518581 -0.003026 0.000316
1769097883.942940 2.524883 -0.003024 0.001266
1769097883.987971 2.529110 -0.003018 0.001582
1769097884.047977 2.533439 -0.003011 0.001266
1769097884.092949 2.540019 -0.003003 0.000633
1769097884.137951 2.544398 -0.003000 0.000949
1769097884.197983 2.548853 -0.002996 0.000316
1769097884.242979 2.555332 -0.002994 -0.000949
1769097884.292987 2.559686 -0.002998 -0.002215
1769097884.352992 2.563988 -0.003008 -0.002847
1769097884.392981 2.570443 -0.003026 -0.004429
1769097884.442992 2.574644 -0.003045 -0.005062
1769097884.503061 2.578947 -0.003066 -0.005062
1769097884.542960 2.585249 -0.003098 -0.004746
1769097884.587988 2.589425 -0.003118 -0.003797
1769097884.652981 2.593627 -0.003134 -0.002531
1769097884.692966 2.600056 -0.003150 -0.000633
1769097884.738002 2.604409 -0.003153 0.000000
1769097884.787985 2.608737 -0.003153 0.000949
1769097884.847977 2.612939 -0.003149 0.001582
1769097884.892958 2.619469 -0.003139 0.002215
1769097884.942987 2.623671 -0.003130 0.002215
1769097884.992990 2.628024 -0.003120 0.001582
1769097885.042977 2.634428 -0.003110 -0.000000
1769097885.093038 2.638705 -0.003110 -0.000949
1769097885.142973 2.642983 -0.003114 -0.001266
1769097885.187991 2.649488 -0.003122 -0.002847
1769097885.242982 2.653714 -0.003134 -0.003164
1769097885.297966 2.658068 -0.003148 -0.003164
1769097885.342986 2.664573 -0.003168 -0.004113
1769097885.387979 2.668774 -0.003186 -0.004746
1769097885.447988 2.673178 -0.003207 -0.004746
1769097885.492992 2.679607 -0.003237 -0.004746
1769097885.543011 2.684036 -0.003258 -0.004429
1769097885.593013 2.688314 -0.003277 -0.004113
1769097885.638007 2.694616 -0.003303 -0.002531
1769097885.698013 2.698565 -0.003313 -0.002531
1769097885.743009 2.704791 -0.003329 -0.003164
1769097885.787995 2.708841 -0.003342 -0.001266
1769097885.847986 2.712966 -0.003347 -0.000316
1769097885.893014 2.719193 -0.003349 0.000949
1769097885.943017 2.723445 -0.003345 0.001582
1769097885.997992 2.727697 -0.003338 0.001582
1769097886.043012 2.734227 -0.003328 0.002847
1769097886.093000 2.738606 -0.003315 0.002531
1769097886.148016 2.742960 -0.003304 0.002531
1769097886.187977 2.749515 -0.003288 0.000949
1769097886.237993 2.753894 -0.003283 -0.000000
1769097886.302995 2.758197 -0.003283 -0.000633
1769097886.343007 2.764727 -0.003288 -0.002531
1769097886.388002 2.768903 -0.003298 -0.004113
1769097886.448011 2.773256 -0.003316 -0.004746
1769097886.492990 2.779635 -0.003346 -0.004746
1769097886.543010 2.783811 -0.003366 -0.004429
1769097886.597993 2.788114 -0.003385 -0.003797
1769097886.643011 2.794466 -0.003409 -0.002847
1769097886.693009 2.798820 -0.003422 -0.002215
1769097886.748018 2.803097 -0.003431 -0.001266
1769097886.797998 2.809197 -0.003439 0.000949
1769097886.842996 2.813551 -0.003435 0.000949
1769097886.898017 2.817828 -0.003431 0.001266
1769097886.942987 2.824156 -0.003423 0.001266
1769097886.992990 2.828433 -0.003417 0.001582
1769097887.047993 2.832584 -0.003411 0.000316
1769097887.093013 2.838735 -0.003409 0.000633
1769097887.138001 2.843038 -0.003406 -0.000000
1769097887.192977 2.846986 -0.003406 -0.000000
1769097887.237993 2.853238 -0.003406 -0.000949
1769097887.297991 2.857617 -0.003410 -0.001266
1769097887.343016 2.864197 -0.003419 -0.001898
1769097887.393019 2.868652 -0.003427 -0.002531
1769097887.453018 2.872980 -0.003438 -0.003480
1769097887.492992 2.879561 -0.003461 -0.004746
1769097887.542996 2.883864 -0.003481 -0.005379
1769097887.597987 2.888166 -0.003504 -0.004746
1769097887.648023 2.894519 -0.003535 -0.005062
1769097887.693016 2.898645 -0.003555 -0.005379
1769097887.753039 2.902897 -0.003578 -0.003480
1769097887.793010 2.909149 -0.003600 -0.002531
1769097887.843025 2.913274 -0.003611 -0.000949
1769097887.893052 2.917552 -0.003615 0.000000
1769097887.943032 2.921753 -0.003615 0.001266
1769097887.993034 2.928182 -0.003606 0.002531
1769097888.043036 2.932536 -0.003595 0.002531
1769097888.098028 2.936864 -0.003585 0.003480
1769097888.143018 2.943394 -0.003562 0.002215
1769097888.193016 2.947722 -0.003552 0.001898
1769097888.248006 2.951974 -0.003544 0.001898
1769097888.293007 2.958454 -0.003532 -0.000633
1769097888.343002 2.962731 -0.003535 -0.001582
1769097888.393002 2.967034 -0.003541 -0.002847
1769097888.443003 2.973463 -0.003560 -0.002847
1769097888.493009 2.977690 -0.003572 -0.003164
1769097888.548020 2.982043 -0.003585 -0.003797
1769097888.593027 2.988523 -0.003610 -0.003797
1769097888.638023 2.992826 -0.003626 -0.003164
1769097888.698007 2.997154 -0.003640 -0.002847
1769097888.743011 3.003532 -0.003658 -0.002215
1769097888.793026 3.007936 -0.003668 -0.000949
1769097888.848022 3.012188 -0.003672 -0.000949
1769097888.893000 3.018440 -0.003678 -0.000633
1769097888.943017 3.022667 -0.003681 -0.000316
1769097888.998029 3.026894 -0.003682 -0.000633
1769097889.043027 3.033247 -0.003686 0.000316
1769097889.088017 3.037474 -0.003685 0.001266
1769097889.143013 3.041625 -0.003679 0.000633
1769097889.193079 3.047851 -0.003675 0.000633
1769097889.253004 3.052255 -0.003673 0.001266
1769097889.293098 3.058557 -0.003665 0.001582
1769097889.343080 3.062961 -0.003658 0.000316
1769097889.403029 3.067340 -0.003656 -0.000633
1769097889.438029 3.073643 -0.003660 -0.002215
1769097889.493046 3.078072 -0.003670 -0.003164
1769097889.548031 3.082375 -0.003684 -0.004429
1769097889.593069 3.088525 -0.003711 -0.006011
1769097889.638041 3.092727 -0.003736 -0.006011
1769097889.693081 3.097004 -0.003762 -0.005695
1769097889.743088 3.103332 -0.003798 -0.004429
1769097889.793045 3.107457 -0.003816 -0.003480
1769097889.848033 3.111709 -0.003831 -0.002215
1769097889.888050 3.118138 -0.003845 -0.001582
1769097889.938050 3.122365 -0.003852 0.000633
1769097889.998061 3.126693 -0.003849 0.002215
1769097890.043061 3.133072 -0.003835 0.002215
1769097890.088062 3.137374 -0.003826 0.002215
1769097890.143047 3.141601 -0.003816 0.002531
1769097890.188044 3.147726 -0.003801 0.001898
1769097890.248049 3.151852 -0.003793 0.000949
1769097890.293033 3.157927 -0.003787 0.000949
1769097890.338058 3.162255 -0.003783 -0.000633
1769097890.398069 3.166279 -0.003786 -0.000316
1769097890.443046 3.172683 -0.003788 -0.000633
1769097890.493053 3.176808 -0.003790 -0.000949
1769097890.543109 3.181187 -0.003794 -0.001898
1769097890.593053 3.187464 -0.003806 -0.002531
1769097890.648051 3.191792 -0.003817 -0.002847
1769097890.693044 3.198069 -0.003835 -0.003480
1769097890.743058 3.202347 -0.003850 -0.002531
1769097890.798034 3.206472 -0.003860 -0.002847
1769097890.843060 3.212674 -0.003878 -0.002531
1769097890.898050 3.216698 -0.003888 -0.002847
1769097890.943050 3.222950 -0.003906 -0.001266
1769097890.993052 3.226974 -0.003911 -0.000316
1769097891.048058 3.231226 -0.003913 0.000316
1769097891.088056 3.237200 -0.003911 0.001582
1769097891.138041 3.241502 -0.003904 0.002215
1769097891.198049 3.245830 -0.003894 0.001898
1769097891.243042 3.252361 -0.003882 0.002531
1769097891.293046 3.256689 -0.003871 0.001582
1769097891.348060 3.260992 -0.003864 0.000949
1769097891.393054 3.267522 -0.003858 -0.000316
1769097891.443060 3.271698 -0.003859 -0.001266
1769097891.498049 3.275925 -0.003865 -0.002215
1769097891.543051 3.282404 -0.003879 -0.004746
1769097891.603049 3.286682 -0.003899 -0.005062
1769097891.643034 3.292933 -0.003931 -0.006644
1769097891.693062 3.297236 -0.003959 -0.005379
1769097891.743061 3.301362 -0.003982 -0.005695
1769097891.793070 3.305740 -0.004007 -0.004746
1769097891.838099 3.312144 -0.004037 -0.004429
1769097891.888082 3.316447 -0.004056 -0.002531
1769097891.943080 3.320724 -0.004067 -0.000949
1769097891.988059 3.327128 -0.004073 -0.000633
1769097892.043071 3.331380 -0.004076 0.000633
1769097892.093056 3.335658 -0.004073 0.001582
1769097892.138068 3.341960 -0.004063 0.001266
1769097892.188109 3.346161 -0.004058 0.000633
1769097892.248065 3.350414 -0.004055 -0.000000
1769097892.293073 3.356792 -0.004055 0.000633
1769097892.343061 3.361095 -0.004052 0.001266
1769097892.398046 3.365296 -0.004047 0.001266
1769097892.438124 3.371751 -0.004039 0.000949
1769097892.493061 3.376256 -0.004034 -0.000949
1769097892.553070 3.380635 -0.004039 -0.000633
1769097892.588056 3.387241 -0.004043 -0.000949
1769097892.638120 3.391518 -0.004047 -0.002531
1769097892.698067 3.395897 -0.004058 -0.002847
1769097892.743059 3.402326 -0.004076 -0.004113
1769097892.788063 3.406527 -0.004094 -0.004746
1769097892.848058 3.410805 -0.004114 -0.004429
1769097892.893041 3.417132 -0.004142 -0.004429
1769097892.943096 3.421385 -0.004161 -0.003164
1769097892.998063 3.425586 -0.004174 -0.002531
1769097893.043078 3.431838 -0.004190 -0.000949
1769097893.093067 3.436090 -0.004194 0.000316
1769097893.153068 3.440241 -0.004193 0.000949
1769097893.188061 3.446619 -0.004186 0.002215
1769097893.253116 3.450947 -0.004177 0.002531
1769097893.293067 3.457123 -0.004161 0.001898
1769097893.343071 3.461477 -0.004153 0.001266
1769097893.403077 3.465754 -0.004148 0.001582
1769097893.448122 3.472183 -0.004137 -0.000949
1769097893.493066 3.476461 -0.004141 -0.002531
1769097893.553069 3.480687 -0.004152 -0.002847
1769097893.593116 3.487218 -0.004171 -0.003480
1769097893.638108 3.491470 -0.004186 -0.004113
1769097893.703091 3.495798 -0.004203 -0.005062
1769097893.748093 3.502227 -0.004236 -0.005062
1769097893.793101 3.506580 -0.004258 -0.005062
1769097893.853115 3.510883 -0.004280 -0.005062
1769097893.893090 3.517413 -0.004313 -0.003797
1769097893.943107 3.521538 -0.004328 -0.003480
1769097894.003069 3.525867 -0.004344 -0.002531
1769097894.048108 3.532118 -0.004359 -0.002215
1769097894.088097 3.536320 -0.004369 -0.001582
1769097894.148087 3.540445 -0.004375 -0.000633
1769097894.193093 3.546647 -0.004379 0.000316
1769097894.238070 3.550899 -0.004378 0.000316
1769097894.303082 3.555126 -0.004376 0.001266
1769097894.348085 3.561479 -0.004368 0.002215
1769097894.393090 3.565731 -0.004359 0.002215
1769097894.453079 3.570160 -0.004349 0.001898
1769097894.493095 3.576690 -0.004337 0.001266
1769097894.543119 3.581044 -0.004331 0.001266
1769097894.603065 3.585423 -0.004326 -0.000316
1769097894.643097 3.591927 -0.004328 -0.001266
1769097894.688083 3.596180 -0.004333 -0.002531
1769097894.748095 3.600229 -0.004343 -0.003797
1769097894.793094 3.606658 -0.004368 -0.005695
1769097894.838098 3.610910 -0.004392 -0.005062
1769097894.898062 3.614909 -0.004412 -0.005062
1769097894.938100 3.621186 -0.004444 -0.003797
1769097894.988112 3.625413 -0.004460 -0.003480
1769097895.048092 3.629741 -0.004475 -0.001898
1769097895.088096 3.636170 -0.004487 -0.000633
1769097895.138093 3.640473 -0.004490 -0.000000
1769097895.198191 3.644750 -0.004490 0.000949
1769097895.238097 3.651154 -0.004484 0.001898
1769097895.293137 3.655482 -0.004476 0.000949
1769097895.348101 3.659734 -0.004472 0.002215
1769097895.388157 3.666087 -0.004458 0.000633
1769097895.438114 3.670365 -0.004455 -0.000316
1769097895.498096 3.674668 -0.004456 -0.000949
1769097895.543123 3.681097 -0.004462 -0.000949
1769097895.593136 3.685349 -0.004466 -0.001582
1769097895.648131 3.689677 -0.004473 -0.002531
1769097895.693087 3.696308 -0.004490 -0.003164
1769097895.743148 3.700662 -0.004504 -0.003164
1769097895.798151 3.705116 -0.004518 -0.004429
1769097895.843105 3.711722 -0.004547 -0.004746
1769097895.893108 3.715899 -0.004567 -0.005062
1769097895.948117 3.720277 -0.004589 -0.005379
1769097895.993107 3.726554 -0.004623 -0.005379
1769097896.038106 3.730756 -0.004646 -0.004113
1769097896.098097 3.734932 -0.004663 -0.003797
1769097896.143116 3.741158 -0.004686 -0.003164
1769097896.193120 3.745411 -0.004700 -0.001266
1769097896.238118 3.749561 -0.004705 -0.000000
1769097896.293111 3.753763 -0.004705 0.000633
1769097896.343121 3.760192 -0.004701 0.001898
1769097896.388087 3.764469 -0.004693 0.001582
1769097896.443100 3.768848 -0.004686 0.002531
1769097896.488095 3.775429 -0.004669 0.002531
1769097896.543097 3.779706 -0.004658 0.002215
1769097896.598112 3.784111 -0.004649 0.000949
1769097896.638112 3.790539 -0.004643 -0.000949
1769097896.693115 3.794842 -0.004647 -0.002215
1769097896.748133 3.799120 -0.004656 -0.003164
1769097896.793111 3.805549 -0.004677 -0.004429
1769097896.838129 3.809877 -0.004696 -0.004746
1769097896.898129 3.814053 -0.004716 -0.005062
1769097896.938136 3.820482 -0.004748 -0.004429
1769097896.988136 3.824835 -0.004767 -0.003797
1769097897.043137 3.828935 -0.004783 -0.002531
1769097897.098122 3.835390 -0.004799 -0.001582
1769097897.148134 3.839591 -0.004806 -0.001582
1769097897.193105 3.845919 -0.004816 0.000316
1769097897.238126 3.850247 -0.004815 0.000633
1769097897.303124 3.854398 -0.004812 0.000633
1769097897.343116 3.860675 -0.004808 -0.000000
1769097897.388135 3.864978 -0.004808 0.000633
1769097897.448135 3.869179 -0.004805 0.000000
1769097897.493116 3.875330 -0.004805 0.000316
1769097897.538131 3.879607 -0.004804 0.000633
1769097897.598134 3.883606 -0.004801 0.000000
1769097897.638139 3.890213 -0.004801 -0.000949
1769097897.688144 3.894515 -0.004805 -0.000949
1769097897.748147 3.898970 -0.004810 -0.001582
1769097897.788133 3.905601 -0.004820 -0.002847
1769097897.838137 3.909904 -0.004832 -0.004113
1769097897.898137 3.914258 -0.004850 -0.004746
1769097897.938151 3.920636 -0.004881 -0.006011
1769097897.988159 3.924913 -0.004906 -0.005695
1769097898.043134 3.929140 -0.004930 -0.006011
1769097898.088121 3.935316 -0.004968 -0.005379
1769097898.138115 3.939517 -0.004990 -0.003480
1769097898.198136 3.943694 -0.005005 -0.002531
1769097898.238135 3.949945 -0.005020 -0.000949
1769097898.288140 3.954248 -0.005025 0.000316
1769097898.348121 3.958500 -0.005023 0.001582
1769097898.388125 3.964904 -0.005013 0.002531
1769097898.443129 3.969181 -0.005002 0.002215
1769097898.498125 3.973459 -0.004993 0.002531
1769097898.543177 3.979964 -0.004976 0.001582
1769097898.593179 3.984165 -0.004970 0.000949
1769097898.648131 3.988443 -0.004966 0.000633
1769097898.688136 3.994897 -0.004962 -0.000949
1769097898.743142 3.999073 -0.004966 -0.001266
1769097898.798183 4.003376 -0.004971 -0.001898
1769097898.838131 4.009856 -0.004983 -0.002531
1769097898.893137 4.014082 -0.004994 -0.004746
1769097898.948121 4.018512 -0.005015 -0.006960
1769097898.993137 4.025042 -0.005060 -0.012023
1769097899.038138 4.029243 -0.005111 -0.015186
1769097899.098124 4.033621 -0.005177 -0.019299
1769097899.138134 4.039948 -0.005300 -0.024994
1769097899.188134 4.044173 -0.005405 -0.028475
1769097899.243136 4.048373 -0.005525 -0.032271
1769097899.293132 4.054672 -0.005728 -0.038282
1769097899.338139 4.058921 -0.005891 -0.042079
1769097899.398189 4.063069 -0.006066 -0.045243
1769097899.438137 4.069314 -0.006348 -0.050621
1769097899.488123 4.073637 -0.006567 -0.054734
1769097899.548144 4.077984 -0.006805 -0.059796
1769097899.588170 4.084376 -0.007188 -0.067706
1769097899.638165 4.088770 -0.007486 -0.071503
1769097899.698167 4.093213 -0.007804 -0.076565
1769097899.743190 4.099749 -0.008306 -0.084474
1769097899.793184 4.104188 -0.008682 -0.089537
1769097899.848197 4.108474 -0.009066 -0.095231
1769097899.888194 4.115025 -0.009692 -0.102825
1769097899.943161 4.119179 -0.010121 -0.106938
1769097899.998156 4.123356 -0.010569 -0.110101
1769097900.038145 4.129595 -0.011259 -0.114531
1769097900.088155 4.133795 -0.011742 -0.116113
1769097900.148150 4.137993 -0.012232 -0.117695
1769097900.193138 4.144277 -0.012975 -0.118327
1769097900.238152 4.148550 -0.013483 -0.116429
1769097900.303162 4.152748 -0.013974 -0.116746
1769097900.343218 4.159133 -0.014723 -0.114847
1769097900.388133 4.163357 -0.015210 -0.114214
1769097900.448156 4.167657 -0.015703 -0.113898
1769097900.493164 4.174019 -0.016431 -0.112949
1769097900.543151 4.178370 -0.016924 -0.113265
1769097900.598157 4.182595 -0.017405 -0.113898
1769097900.638155 4.188630 -0.018095 -0.114531
1769097900.693152 4.192880 -0.018584 -0.114847
1769097900.748146 4.197179 -0.019080 -0.115164
1769097900.793159 4.203566 -0.019819 -0.117062
1769097900.838150 4.207965 -0.020336 -0.118644
1769097900.898158 4.212237 -0.020846 -0.118644
1769097900.943149 4.218722 -0.021618 -0.119277
1769097900.993143 4.223019 -0.022133 -0.120226
1769097901.043163 4.227291 -0.022650 -0.118960
1769097901.093154 4.233649 -0.023410 -0.118644
1769097901.138178 4.237821 -0.023907 -0.118011
1769097901.198155 4.242019 -0.024405 -0.117695
1769097901.238182 4.248252 -0.025142 -0.115796
1769097901.293175 4.252350 -0.025618 -0.116113
1769097901.353134 4.256523 -0.026105 -0.115480
1769097901.393182 4.262784 -0.026831 -0.114531
1769097901.443154 4.267084 -0.027326 -0.114214
1769097901.498167 4.271333 -0.027813 -0.113898
1769097901.543160 4.277721 -0.028544 -0.114531
1769097901.593264 4.282071 -0.029044 -0.114847
1769097901.648203 4.286420 -0.029546 -0.115164
1769097901.693177 4.292832 -0.030288 -0.115480
1769097901.743180 4.297257 -0.030801 -0.116113
1769097901.803197 4.301506 -0.031297 -0.117062
1769097901.843173 4.308016 -0.032062 -0.118644
1769097901.893183 4.312188 -0.032560 -0.119277
1769097901.953159 4.316486 -0.033075 -0.119593
1769097901.998185 4.322768 -0.033830 -0.120226
1769097902.038182 4.326965 -0.034337 -0.121175
1769097902.098181 4.331211 -0.034854 -0.121491
1769097902.138169 4.337567 -0.035630 -0.121175
1769097902.188169 4.341713 -0.036134 -0.120226
1769097902.248176 4.345959 -0.036648 -0.119277
1769097902.293182 4.352292 -0.037407 -0.118011
1769097902.338180 4.356465 -0.037901 -0.116113
1769097902.403175 4.360739 -0.038400 -0.114847
1769097902.443174 4.367025 -0.039125 -0.114214
1769097902.488171 4.371249 -0.039609 -0.113582
1769097902.553176 4.375524 -0.040097 -0.112949
1769097902.598175 4.381711 -0.040799 -0.112949
1769097902.638190 4.385961 -0.041281 -0.113265
1769097902.698172 4.390186 -0.041762 -0.113265
1769097902.743184 4.396649 -0.042497 -0.115480
1769097902.793234 4.401024 -0.043004 -0.116746
1769097902.848174 4.405348 -0.043511 -0.117378
1769097902.898172 4.411858 -0.044279 -0.118327
1769097902.943171 4.416231 -0.044799 -0.118960
1769097902.993174 4.420554 -0.045316 -0.118960
1769097903.043177 4.424852 -0.045829 -0.119277
1769097903.088186 4.431260 -0.046597 -0.118960
1769097903.138180 4.435432 -0.047096 -0.118960
1769097903.198194 4.439654 -0.047601 -0.118327
1769097903.238186 4.445787 -0.048330 -0.117695
1769097903.293178 4.449934 -0.048820 -0.118011
1769097903.348188 4.454157 -0.049321 -0.116113
1769097903.393193 4.460467 -0.050057 -0.116429
1769097903.443191 4.464766 -0.050559 -0.116113
1769097903.498174 4.468939 -0.051046 -0.115480
1769097903.543197 4.475426 -0.051799 -0.114214
1769097903.593207 4.479751 -0.052295 -0.114847
1769097903.643200 4.484000 -0.052785 -0.113898
1769097903.693226 4.490563 -0.053536 -0.114214
1769097903.743205 4.494838 -0.054026 -0.114214
1769097903.798212 4.499063 -0.054511 -0.114847
1769097903.838199 4.505424 -0.055245 -0.116429
1769097903.888194 4.509748 -0.055750 -0.116429
1769097903.948183 4.513971 -0.056244 -0.118960
1769097903.993193 4.520455 -0.057019 -0.120859
1769097904.043201 4.524727 -0.057538 -0.120859
1769097904.098243 4.529074 -0.058066 -0.121808
1769097904.138217 4.535505 -0.058853 -0.121808
1769097904.193192 4.539776 -0.059376 -0.120542
1769097904.248199 4.544022 -0.059890 -0.121491
1769097904.293189 4.550304 -0.060657 -0.118960
1769097904.343199 4.554626 -0.061174 -0.117695
1769097904.398203 4.558748 -0.061661 -0.116429
1769097904.438197 4.564983 -0.062391 -0.115164
1769097904.493196 4.568981 -0.062853 -0.114214
1769097904.548207 4.573004 -0.063315 -0.113582
1769097904.593209 4.579266 -0.064029 -0.113265
1769097904.638200 4.583516 -0.064512 -0.112949
1769097904.698200 4.587791 -0.064997 -0.113582
1769097904.738199 4.594254 -0.065734 -0.115164
1769097904.793201 4.598503 -0.066226 -0.116113
1769097904.853195 4.602953 -0.066745 -0.115164
1769097904.888269 4.609490 -0.067501 -0.116429
1769097904.938202 4.613739 -0.067998 -0.116746
1769097904.998202 4.618138 -0.068514 -0.117062
1769097905.043212 4.624548 -0.069268 -0.118011
1769097905.088202 4.628796 -0.069771 -0.118327
1769097905.143207 4.632993 -0.070270 -0.118011
1769097905.188200 4.639126 -0.070998 -0.118644
1769097905.243207 4.643323 -0.071498 -0.118327
1769097905.298214 4.647496 -0.071994 -0.118960
1769097905.338181 4.653829 -0.072751 -0.118327
1769097905.388177 4.658076 -0.073256 -0.117378
1769097905.448205 4.662224 -0.073745 -0.117062
1769097905.493200 4.668659 -0.074502 -0.115796
1769097905.543218 4.672983 -0.075005 -0.115164
1769097905.598250 4.677207 -0.075493 -0.114531
1769097905.638237 4.683644 -0.076234 -0.112633
1769097905.693241 4.687895 -0.076715 -0.113582
1769097905.748281 4.691893 -0.077171 -0.113898
1769097905.793250 4.698230 -0.077896 -0.113898
1769097905.848232 4.702128 -0.078341 -0.114214
1769097905.893237 4.708389 -0.079060 -0.115164
1769097905.938243 4.712638 -0.079551 -0.117378
1769097905.998212 4.717012 -0.080067 -0.118011
1769097906.043217 4.723497 -0.080836 -0.119909
1769097906.093204 4.727844 -0.081360 -0.121491
1769097906.143219 4.731965 -0.081863 -0.120859
1769097906.188210 4.738372 -0.082641 -0.121175
1769097906.238262 4.742693 -0.083167 -0.121175
1769097906.298225 4.746939 -0.083684 -0.120226
1769097906.343218 4.753247 -0.084446 -0.118644
1769097906.393194 4.757343 -0.084934 -0.118327
1769097906.448228 4.761490 -0.085427 -0.117378
1769097906.493225 4.767624 -0.086151 -0.116113
1769097906.538230 4.771822 -0.086640 -0.114531
1769097906.598224 4.776046 -0.087126 -0.114531
1769097906.643235 4.782358 -0.087852 -0.114847
1769097906.688232 4.786657 -0.088348 -0.113898
1769097906.748227 4.790957 -0.088840 -0.114847
1769097906.793270 4.797445 -0.089589 -0.114847
1769097906.843229 4.801794 -0.090090 -0.114531
1769097906.903227 4.806069 -0.090582 -0.115164
1769097906.943223 4.812682 -0.091347 -0.115480
1769097906.993243 4.816931 -0.091840 -0.116429
1769097907.048217 4.821154 -0.092334 -0.116429
1769097907.088218 4.827539 -0.093081 -0.117062
1769097907.138216 4.831712 -0.093571 -0.118327
1769097907.203219 4.835985 -0.094079 -0.118327
1769097907.243218 4.842369 -0.094838 -0.119593
1769097907.293226 4.846591 -0.095346 -0.120226
1769097907.343228 4.850888 -0.095865 -0.119277
1769097907.393221 4.855034 -0.096362 -0.120226
1769097907.438261 4.861467 -0.097139 -0.118327
1769097907.493253 4.865815 -0.097656 -0.116746
1769097907.548232 4.869963 -0.098142 -0.116429
1769097907.593236 4.876374 -0.098892 -0.115480
1769097907.638308 4.880572 -0.099379 -0.114531
1769097907.693253 4.884797 -0.099865 -0.113898
1769097907.743270 4.891058 -0.100581 -0.113582
1769097907.793251 4.895233 -0.101057 -0.114214
1769097907.848264 4.899533 -0.101551 -0.113898
1769097907.893236 4.905970 -0.102287 -0.115164
1769097907.943242 4.910219 -0.102779 -0.116746
1769097907.998237 4.914593 -0.103292 -0.116746
1769097908.043253 4.921155 -0.104061 -0.118327
1769097908.088238 4.925528 -0.104581 -0.119593
1769097908.143237 4.929900 -0.105106 -0.119593
1769097908.188240 4.936409 -0.105888 -0.120542
1769097908.243257 4.940454 -0.106379 -0.120859
1769097908.298213 4.944651 -0.106888 -0.120542
1769097908.338254 4.950957 -0.107652 -0.119593
1769097908.393237 4.955079 -0.108147 -0.119593
1769097908.448244 4.959200 -0.108643 -0.118960
1769097908.493220 4.965458 -0.109391 -0.117378
1769097908.543238 4.969681 -0.109888 -0.117378
1769097908.598240 4.973778 -0.110372 -0.117695
1769097908.638242 4.980263 -0.111138 -0.115164
1769097908.693252 4.984437 -0.111621 -0.115164
1769097908.748239 4.988736 -0.112119 -0.114847
1769097908.793228 4.995173 -0.112861 -0.113582
1769097908.843217 4.999473 -0.113352 -0.113898
1769097908.898235 5.003748 -0.113841 -0.114531
1769097908.943240 5.010135 -0.114575 -0.114531
1769097908.993241 5.014410 -0.115067 -0.114531
1769097909.048248 5.018659 -0.115556 -0.115480
1769097909.088227 5.025020 -0.116294 -0.117062
1769097909.143250 5.029344 -0.116802 -0.117062
1769097909.198232 5.033617 -0.117305 -0.118960
1769097909.243247 5.040101 -0.118080 -0.120226
1769097909.293252 5.044373 -0.118596 -0.120226
1769097909.348235 5.048645 -0.119112 -0.120859
1769097909.393245 5.055077 -0.119893 -0.120226
1769097909.443244 5.059324 -0.120406 -0.118644
1769097909.498236 5.063596 -0.120915 -0.118011
1769097909.543250 5.069880 -0.121660 -0.117378
1769097909.593288 5.074027 -0.122150 -0.115796
1769097909.643249 5.077974 -0.122609 -0.115480
1769097909.688274 5.084210 -0.123332 -0.114847
1769097909.743271 5.088358 -0.123810 -0.114531
1769097909.798297 5.092331 -0.124268 -0.113898
1769097909.843296 5.098769 -0.125004 -0.113898
1769097909.903270 5.102817 -0.125467 -0.115480
1769097909.943298 5.109329 -0.126222 -0.115796
1769097909.993248 5.113628 -0.126722 -0.115480
1769097910.053266 5.117953 -0.127224 -0.117378
1769097910.093231 5.124539 -0.128001 -0.117378
1769097910.138260 5.128912 -0.128516 -0.118011
1769097910.203264 5.133261 -0.129032 -0.118960
1769097910.243260 5.139669 -0.129798 -0.120542
1769097910.288351 5.143866 -0.130306 -0.120226
1769097910.343265 5.148087 -0.130816 -0.120226
1769097910.393259 5.152258 -0.131320 -0.120859
1769097910.438248 5.158565 -0.132086 -0.120542
1769097910.488263 5.162811 -0.132600 -0.119593
1769097910.548250 5.166933 -0.133096 -0.120226
1769097910.593267 5.173340 -0.133870 -0.118644
1769097910.638265 5.177638 -0.134382 -0.117062
1769097910.698262 5.181811 -0.134873 -0.117062
1769097910.743277 5.188196 -0.135624 -0.114531
1769097910.793260 5.192445 -0.136113 -0.114847
1769097910.848263 5.196669 -0.136600 -0.114214
1769097910.888283 5.203082 -0.137335 -0.112633
1769097910.943272 5.207231 -0.137805 -0.113582
1769097910.998277 5.211506 -0.138292 -0.113582
1769097911.043271 5.217768 -0.139007 -0.115164
1769097911.088286 5.222093 -0.139507 -0.115164
1769097911.143275 5.226392 -0.140004 -0.116113
1769097911.188272 5.232878 -0.140761 -0.118011
1769097911.243289 5.237227 -0.141276 -0.118960
1769097911.298280 5.241600 -0.141799 -0.118960
1769097911.343275 5.248059 -0.142571 -0.119909
1769097911.393262 5.252381 -0.143092 -0.119277
1769097911.448277 5.256628 -0.143601 -0.119593
1769097911.488327 5.263011 -0.144368 -0.118960
1769097911.543290 5.267132 -0.144860 -0.118327
1769097911.598296 5.271305 -0.145356 -0.117695
1769097911.638305 5.277513 -0.146091 -0.116113
1769097911.688331 5.281611 -0.146569 -0.116429
1769097911.748300 5.285784 -0.147057 -0.116429
1769097911.793327 5.292170 -0.147803 -0.115796
1769097911.843294 5.296469 -0.148304 -0.115480
1769097911.903306 5.300768 -0.148802 -0.113898
1769097911.943301 5.307206 -0.149539 -0.114531
1769097911.993311 5.311556 -0.150039 -0.114847
1769097912.048309 5.315730 -0.150521 -0.114214
1769097912.088284 5.321890 -0.151227 -0.115796
1769097912.148275 5.325988 -0.151704 -0.115480
1769097912.188284 5.332399 -0.152448 -0.116429
1769097912.243300 5.336397 -0.152915 -0.118011
1769097912.298290 5.340670 -0.153422 -0.118644
1769097912.338306 5.347028 -0.154180 -0.119593
1769097912.388284 5.351074 -0.154666 -0.120542
1769097912.448305 5.355320 -0.155180 -0.120859
1769097912.488285 5.361728 -0.155958 -0.121175
1769097912.543314 5.366024 -0.156482 -0.121491
1769097912.598328 5.370044 -0.156972 -0.119593
1769097912.638262 5.376427 -0.157739 -0.118960
1769097912.688295 5.380649 -0.158244 -0.117062
1769097912.748288 5.384847 -0.158738 -0.116746
1769097912.793312 5.391132 -0.159475 -0.114214
1769097912.843292 5.395356 -0.159959 -0.113582
1769097912.893321 5.399405 -0.160421 -0.113898
1769097912.943291 5.405691 -0.161140 -0.113265
1769097912.993334 5.409891 -0.161618 -0.112949
1769097913.048313 5.414142 -0.162100 -0.113898
1769097913.088313 5.420579 -0.162837 -0.114531
1769097913.138303 5.424929 -0.163337 -0.116113
1769097913.198298 5.429253 -0.163841 -0.116113
1769097913.238316 5.435840 -0.164610 -0.117378
1769097913.288315 5.440214 -0.165125 -0.117378
1769097913.348303 5.444588 -0.165641 -0.117378
1769097913.388333 5.451022 -0.166400 -0.118644
1769097913.443309 5.455320 -0.166912 -0.118960
1769097913.493324 5.459216 -0.167378 -0.118644
1769097913.543340 5.465423 -0.168118 -0.118327
1769097913.603325 5.469369 -0.168587 -0.118011
1769097913.643366 5.475628 -0.169329 -0.117695
1769097913.688314 5.479851 -0.169828 -0.118327
1769097913.738413 5.484023 -0.170324 -0.117062
1769097913.793349 5.488271 -0.170824 -0.118011
1769097913.838317 5.494731 -0.171590 -0.116429
1769097913.888313 5.498904 -0.172078 -0.115164
1769097913.943321 5.503203 -0.172575 -0.114847
1769097913.993315 5.509665 -0.173321 -0.113898
1769097914.043320 5.513915 -0.173807 -0.113582
1769097914.093304 5.518316 -0.174309 -0.114531
1769097914.138309 5.524627 -0.175035 -0.114214
1769097914.188339 5.528852 -0.175519 -0.115480
1769097914.653321 5.533126 -0.176015 -0.115480
1769097914.658319 5.539512 -0.176756 -0.116746
1769097914.663299 5.543911 -0.177272 -0.119593
1769097914.668313 5.548158 -0.177782 -0.119909
1769097914.673314 5.554692 -0.178569 -0.121175
1769097914.678324 5.559038 -0.179099 -0.122124
1769097914.683310 5.563284 -0.179620 -0.121808
1769097914.688325 5.569690 -0.180404 -0.120226
1769097914.693323 5.573937 -0.180917 -0.119909
1769097914.698316 5.578159 -0.181426 -0.119277
1769097914.743317 5.584517 -0.182188 -0.117062
1769097914.793331 5.588614 -0.182670 -0.116113
1769097914.848324 5.592687 -0.183145 -0.115480
1769097914.888307 5.598922 -0.183868 -0.114214
1769097914.943312 5.603046 -0.184341 -0.113582
1769097914.998321 5.607321 -0.184829 -0.114214
1769097915.043320 5.613708 -0.185561 -0.113582
1769097915.088320 5.617983 -0.186049 -0.114847
1769097915.148309 5.622333 -0.186551 -0.115164
1769097915.193305 5.628795 -0.187298 -0.115480
1769097915.238314 5.633245 -0.187814 -0.115796
1769097915.298311 5.637620 -0.188323 -0.115796
1769097915.343327 5.644006 -0.189066 -0.117062
1769097915.393319 5.648379 -0.189580 -0.117062
1769097915.453315 5.652603 -0.190077 -0.117062
1769097915.488321 5.658887 -0.190816 -0.117695
1769097915.543325 5.663110 -0.191315 -0.118327
1769097915.603332 5.667307 -0.191814 -0.118644
1769097915.643358 5.673666 -0.192572 -0.118960
1769097915.693376 5.677838 -0.193071 -0.119593
1769097915.743318 5.682135 -0.193587 -0.118644
1769097915.793333 5.686332 -0.194088 -0.118327
1769097915.838326 5.692691 -0.194844 -0.116746
1769097915.888352 5.696989 -0.195348 -0.115796
1769097915.948408 5.701263 -0.195845 -0.115164
1769097915.988358 5.707625 -0.196581 -0.114847
1769097916.048365 5.711673 -0.197048 -0.113265
1769097916.088322 5.717985 -0.197766 -0.113582
1769097916.138323 5.722160 -0.198242 -0.113582
1769097916.198322 5.726409 -0.198727 -0.114531
1769097916.243330 5.732771 -0.199459 -0.114847
1769097916.288333 5.737146 -0.199963 -0.116113
1769097916.353319 5.741370 -0.200456 -0.117378
1769097916.393323 5.747905 -0.201227 -0.119277
1769097916.438330 5.752353 -0.201760 -0.119593
1769097916.488324 5.756726 -0.202285 -0.120859
1769097916.543328 5.761048 -0.202810 -0.120226
1769097916.588334 5.767455 -0.203584 -0.120542
1769097916.638333 5.771727 -0.204101 -0.120542
1769097916.693339 5.775948 -0.204613 -0.119909
1769097916.743332 5.782155 -0.205361 -0.118327
1769097916.793334 5.786277 -0.205851 -0.117695
1769097916.843386 5.790399 -0.206338 -0.117062
1769097916.888339 5.796658 -0.207074 -0.116113
1769097916.938347 5.800832 -0.207561 -0.115480
1769097916.998337 5.805106 -0.208057 -0.114847
1769097917.043340 5.811392 -0.208782 -0.114847
1769097917.088387 5.815767 -0.209286 -0.114214
1769097917.143348 5.820092 -0.209783 -0.113582
1769097917.188354 5.826530 -0.210517 -0.113582
1769097917.238364 5.830654 -0.210987 -0.113582
1769097917.293355 5.834829 -0.211464 -0.114214
1769097917.338353 5.841316 -0.212208 -0.114214
1769097917.398356 5.845365 -0.212672 -0.115164
1769097917.443341 5.851675 -0.213402 -0.115480
1769097917.488341 5.856000 -0.213904 -0.116746
1769097917.548342 5.860223 -0.214399 -0.118011
1769097917.593324 5.866658 -0.215162 -0.119277
1769097917.638375 5.870880 -0.215668 -0.119909
1769097917.698324 5.875152 -0.216183 -0.119909
1769097917.743348 5.881635 -0.216964 -0.119277
1769097917.793344 5.885882 -0.217473 -0.118960
1769097917.853376 5.890054 -0.217972 -0.117695
1769097917.898411 5.896438 -0.218726 -0.117062
1769097917.938366 5.900661 -0.219223 -0.116429
1769097917.988386 5.904860 -0.219714 -0.114847
1769097918.043350 5.909008 -0.220193 -0.114531
1769097918.088345 5.915320 -0.220919 -0.113582
1769097918.138343 5.919570 -0.221404 -0.113898
1769097918.193348 5.923744 -0.221881 -0.113898
1769097918.243335 5.930182 -0.222617 -0.115164
1769097918.293357 5.934456 -0.223112 -0.115164
1769097918.348366 5.938730 -0.223606 -0.116429
1769097918.393346 5.945442 -0.224391 -0.116746
1769097918.443358 5.949766 -0.224898 -0.118011
1769097918.498359 5.954039 -0.225405 -0.118011
1769097918.543375 5.960574 -0.226180 -0.119277
1769097918.593362 5.964897 -0.226698 -0.120542
1769097918.648365 5.969168 -0.227215 -0.119909
1769097918.688346 5.975501 -0.227978 -0.119909
1769097918.738372 5.979546 -0.228466 -0.119593
1769097918.798368 5.983819 -0.228979 -0.120226
1769097918.843333 5.990025 -0.229729 -0.119277
1769097918.893347 5.994247 -0.230235 -0.118011
1769097918.948350 5.998495 -0.230739 -0.118327
1769097918.993343 6.004753 -0.231483 -0.117378
1769097919.043355 6.009102 -0.231995 -0.115164
1769097919.093347 6.013351 -0.232487 -0.114847
1769097919.143361 6.019712 -0.233221 -0.113898
1769097919.188359 6.024038 -0.233715 -0.113265
1769097919.248363 6.028263 -0.234196 -0.113265
1769097919.293355 6.034675 -0.234926 -0.113582
1769097919.338360 6.038850 -0.235402 -0.113582
1769097919.398359 6.043050 -0.235881 -0.113898
1769097919.443387 6.049487 -0.236617 -0.115164
1769097919.488355 6.053736 -0.237109 -0.116746
1769097919.548367 6.058085 -0.237619 -0.117062
1769097919.593368 6.064571 -0.238381 -0.118327
1769097919.638373 6.068894 -0.238895 -0.119593
1769097919.698362 6.073241 -0.239418 -0.119277
1769097919.748366 6.079650 -0.240186 -0.118960
1769097919.793397 6.083897 -0.240694 -0.118644
1769097919.853384 6.088169 -0.241203 -0.118644
1769097919.893400 6.094478 -0.241955 -0.117695
1769097919.943425 6.098650 -0.242448 -0.117062
1769097920.003433 6.102748 -0.242930 -0.116113
1769097920.048394 6.108932 -0.243651 -0.115480
1769097920.088379 6.113206 -0.244147 -0.114214
1769097920.148369 6.117330 -0.244620 -0.114214
1769097920.193358 6.123742 -0.245356 -0.113898
1769097920.243348 6.128093 -0.245853 -0.114214
1769097920.293371 6.132342 -0.246341 -0.115164
1769097920.348375 6.136692 -0.246844 -0.114847
1769097920.393421 6.143204 -0.247595 -0.115164
1769097920.453378 6.147529 -0.248096 -0.115796
1769097920.498393 6.154041 -0.248853 -0.116746
1769097920.543423 6.158390 -0.249363 -0.117695
1769097920.593383 6.162688 -0.249871 -0.118644
1769097920.643381 6.166910 -0.250375 -0.119277
1769097920.693359 6.173193 -0.251127 -0.119909
1769097920.743384 6.177465 -0.251642 -0.119909
1769097920.798389 6.181711 -0.252154 -0.120859
1769097920.843435 6.188068 -0.252926 -0.120542
1769097920.893383 6.192290 -0.253437 -0.119909
1769097920.948395 6.196486 -0.253943 -0.120226
1769097920.993388 6.202944 -0.254723 -0.118011
1769097921.048380 6.206915 -0.255194 -0.116746
1769097921.093381 6.212999 -0.255907 -0.114847
1769097921.138391 6.217248 -0.256398 -0.113898
1769097921.198366 6.221423 -0.256875 -0.113898
1769097921.243392 6.227785 -0.257603 -0.112949
1769097921.293384 6.231985 -0.258079 -0.112633
1769097921.353381 6.236134 -0.258549 -0.113582
1769097921.398396 6.242522 -0.259277 -0.113582
1769097921.443380 6.246772 -0.259762 -0.115796
1769097921.488446 6.251121 -0.260268 -0.116113
1769097921.543394 6.255471 -0.260775 -0.117062
1769097921.593426 6.261906 -0.261532 -0.117695
1769097921.638438 6.266330 -0.262055 -0.117695
1769097921.693387 6.270628 -0.262563 -0.118644
1769097921.743379 6.277137 -0.263339 -0.118960
1769097921.793426 6.281435 -0.263853 -0.118644
1769097921.848410 6.285682 -0.264359 -0.118960
1769097921.893435 6.291965 -0.265110 -0.118960
1769097921.943429 6.296036 -0.265597 -0.118327
1769097921.998442 6.300234 -0.266096 -0.118011
1769097922.043397 6.306467 -0.266835 -0.116113
1769097922.088405 6.310666 -0.267325 -0.116429
1769097922.143401 6.314864 -0.267816 -0.116746
1769097922.188413 6.321274 -0.268567 -0.115796
1769097922.238402 6.325523 -0.269062 -0.116113
1769097922.298397 6.329872 -0.269569 -0.113898
1769097922.338395 6.336335 -0.270308 -0.113582
1769097922.388392 6.340660 -0.270802 -0.114847
1769097922.443399 6.344985 -0.271300 -0.114847
1769097922.493402 6.351372 -0.272037 -0.115480
1769097922.543390 6.355646 -0.272533 -0.115480
1769097922.598400 6.359845 -0.273020 -0.116429
1769097922.638393 6.366255 -0.273770 -0.118011
1769097922.693405 6.370578 -0.274282 -0.118644
1769097922.748402 6.374901 -0.274798 -0.120542
1769097922.793392 6.381334 -0.275577 -0.121808
1769097922.843405 6.385579 -0.276097 -0.121491
1769097922.898414 6.389851 -0.276618 -0.122124
1769097922.943417 6.396307 -0.277410 -0.121175
1769097922.993418 6.400578 -0.277931 -0.119277
1769097923.053427 6.404750 -0.278431 -0.118644
1769097923.093433 6.411108 -0.279189 -0.117062
1769097923.138422 6.415231 -0.279673 -0.115796
1769097923.203401 6.419404 -0.280159 -0.114531
1769097923.248406 6.425590 -0.280870 -0.113265
1769097923.293382 6.429714 -0.281339 -0.113265
1769097923.353407 6.433965 -0.281823 -0.112316
1769097923.393452 6.440378 -0.282546 -0.113898
1769097923.443483 6.444628 -0.283032 -0.114214
1769097923.503424 6.448978 -0.283531 -0.114531
1769097923.548420 6.455516 -0.284284 -0.115796
1769097923.593416 6.459865 -0.284789 -0.116113
1769097923.638503 6.464265 -0.285303 -0.116429
1769097923.693454 6.468564 -0.285805 -0.117378
1769097923.738414 6.475049 -0.286570 -0.117378
1769097923.798454 6.479347 -0.287077 -0.118327
1769097923.843410 6.485455 -0.287803 -0.118644
1769097923.893420 6.489602 -0.288297 -0.118327
1769097923.948414 6.493548 -0.288767 -0.118644
1769097923.993537 6.499655 -0.289495 -0.118960
1769097924.053399 6.503626 -0.289969 -0.118960
1769097924.088421 6.509909 -0.290720 -0.118327
1769097924.138437 6.513930 -0.291198 -0.117695
1769097924.198441 6.517952 -0.291674 -0.117695
1769097924.238432 6.524437 -0.292440 -0.115796
1769097924.293426 6.528560 -0.292920 -0.114531
1769097924.348411 6.532658 -0.293392 -0.114214
1769097924.393416 6.539096 -0.294130 -0.113582
1769097924.443416 6.543295 -0.294609 -0.113898
1769097924.493424 6.547545 -0.295095 -0.113582
1769097924.538420 6.553857 -0.295815 -0.113898
1769097924.603476 6.557805 -0.296267 -0.116113
1769097924.643437 6.564241 -0.297018 -0.116746
1769097924.688441 6.568615 -0.297531 -0.117378
1769097924.748424 6.572738 -0.298017 -0.119909
1769097924.793494 6.579196 -0.298795 -0.121491
1769097924.843426 6.583567 -0.299329 -0.121491
1769097924.898454 6.587688 -0.299832 -0.122124
1769097924.938442 6.593968 -0.300602 -0.120859
1769097924.993452 6.598215 -0.301118 -0.120542
1769097925.043443 6.602436 -0.301629 -0.119909
1769097925.088427 6.608643 -0.302377 -0.118327
1769097925.138428 6.612815 -0.302873 -0.117062
1769097925.193403 6.616988 -0.303364 -0.116429
1769097925.243407 6.622946 -0.304061 -0.115480
1769097925.303429 6.627119 -0.304545 -0.114214
1769097925.343434 6.633406 -0.305266 -0.114847
1769097925.388433 6.637705 -0.305762 -0.114531
1769097925.438436 6.642030 -0.306260 -0.113898
1769097925.498437 6.646280 -0.306746 -0.114847
1769097925.538447 6.652818 -0.307500 -0.114847
1769097925.593464 6.657117 -0.307996 -0.114531
1769097925.643500 6.661442 -0.308493 -0.115164
1769097925.693453 6.667954 -0.309247 -0.115480
1769097925.738436 6.672228 -0.309742 -0.116113
1769097925.798440 6.676502 -0.310241 -0.116746
1769097925.843469 6.682812 -0.310981 -0.117062
1769097925.893458 6.687060 -0.311481 -0.118644
1769097925.943470 6.691308 -0.311987 -0.118960
1769097925.993448 6.697666 -0.312747 -0.119277
1769097926.038452 6.701863 -0.313250 -0.120226
1769097926.098454 6.706135 -0.313766 -0.119593
1769097926.138446 6.712543 -0.314536 -0.118644
1769097926.188517 6.716865 -0.315051 -0.118011
1769097926.248439 6.721038 -0.315546 -0.116113
1769097926.293454 6.727348 -0.316282 -0.115796
1769097926.338440 6.731622 -0.316779 -0.115164
1769097926.398461 6.735821 -0.317265 -0.114214
1769097926.443448 6.742132 -0.317989 -0.113265
1769097926.493440 6.746307 -0.318464 -0.113265
1769097926.548451 6.750482 -0.318939 -0.114531
1769097926.593458 6.756843 -0.319670 -0.114847
1769097926.638452 6.761143 -0.320166 -0.115164
1769097926.703474 6.765493 -0.320669 -0.116746
1769097926.738451 6.772029 -0.321436 -0.118644
1769097926.793450 6.776226 -0.321936 -0.118327
1769097926.848501 6.780599 -0.322456 -0.119593
1769097926.888506 6.787133 -0.323241 -0.120859
1769097926.938447 6.791455 -0.323766 -0.120226
1769097926.998439 6.795752 -0.324285 -0.120542
1769097927.043452 6.802033 -0.325046 -0.119909
1769097927.093454 6.806180 -0.325546 -0.119593
1769097927.143449 6.810276 -0.326038 -0.118644
1769097927.188464 6.816509 -0.326781 -0.118011
1769097927.243459 6.820706 -0.327279 -0.117695
1769097927.298469 6.824929 -0.327778 -0.116429
1769097927.343480 6.831214 -0.328513 -0.115796
1769097927.393472 6.835488 -0.329010 -0.115164
1769097927.448460 6.839737 -0.329502 -0.114847
1769097927.493435 6.846249 -0.330253 -0.113898
1769097927.538533 6.850474 -0.330736 -0.113265
1769097927.598470 6.854749 -0.331223 -0.113898
1769097927.638499 6.861036 -0.331942 -0.113898
1769097927.693478 6.865185 -0.332416 -0.114847
1769097927.748492 6.869485 -0.332912 -0.114531
1769097927.793515 6.875846 -0.333644 -0.116113
1769097927.853485 6.879869 -0.334113 -0.116746
1769097927.893497 6.886103 -0.334844 -0.118644
1769097927.943499 6.890325 -0.335348 -0.119277
1769097927.998484 6.894447 -0.335842 -0.119909
1769097928.043465 6.900905 -0.336620 -0.120226
1769097928.088451 6.905152 -0.337133 -0.119909
1769097928.143449 6.909273 -0.337629 -0.119277
1769097928.188440 6.915581 -0.338385 -0.118327
1769097928.238477 6.919753 -0.338881 -0.117695
1769097928.298467 6.923800 -0.339360 -0.116746
1769097928.338489 6.930009 -0.340088 -0.115796
1769097928.398470 6.934182 -0.340574 -0.115164
1769097928.438479 6.940166 -0.341266 -0.114531
1769097928.493448 6.944340 -0.341746 -0.113898
1769097928.543449 6.948414 -0.342212 -0.113265
1769097928.593471 6.954575 -0.342913 -0.114214
1769097928.638480 6.958926 -0.343412 -0.114531
1769097928.693478 6.963225 -0.343906 -0.115480
1769097928.738466 6.969511 -0.344635 -0.116113
1769097928.793489 6.973986 -0.345157 -0.116113
1769097928.848498 6.978235 -0.345653 -0.117062
1769097928.893475 6.984821 -0.346428 -0.118327
1769097928.938495 6.989068 -0.346932 -0.118644
1769097928.998477 6.993391 -0.347448 -0.119909
1769097929.043487 6.999698 -0.348208 -0.120226
1769097929.088475 7.003845 -0.348709 -0.120542
1769097929.143459 7.008091 -0.349223 -0.119593
1769097929.188472 7.014399 -0.349981 -0.120542
1769097929.243471 7.018595 -0.350489 -0.119593
1769097929.298504 7.022817 -0.350997 -0.118960
1769097929.338485 7.029200 -0.351760 -0.118327
1769097929.393489 7.033372 -0.352256 -0.117062
1769097929.448496 7.037671 -0.352761 -0.114847
1769097929.493487 7.043806 -0.353469 -0.114847
1769097929.538487 7.048080 -0.353962 -0.113582
1769097929.593527 7.052381 -0.354452 -0.113265
1769097929.638482 7.058467 -0.355145 -0.113265
1769097929.703506 7.062666 -0.355622 -0.113582
1769097929.743469 7.068953 -0.356340 -0.114214
1769097929.793491 7.073228 -0.356830 -0.114214
1769097929.838486 7.077578 -0.357329 -0.115796
1769097929.898498 7.081903 -0.357832 -0.117062
1769097929.938494 7.088438 -0.358601 -0.117695
1769097930.003510 7.092711 -0.359106 -0.118960
1769097930.043496 7.099095 -0.359869 -0.119593
1769097930.088480 7.103367 -0.360382 -0.118960
1769097930.148539 7.107664 -0.360896 -0.119277
1769097930.188470 7.113997 -0.361655 -0.118644
1769097930.238533 7.118220 -0.362158 -0.118644
1769097930.303490 7.122367 -0.362652 -0.117695
1769097930.343480 7.128600 -0.363390 -0.117062
1769097930.393470 7.132698 -0.363871 -0.116113
1769097930.443514 7.136846 -0.364355 -0.115796
1769097930.493446 7.141120 -0.364852 -0.115796
1769097930.538488 7.147229 -0.365563 -0.115480
1769097930.603488 7.151528 -0.366062 -0.114531
1769097930.643515 7.158041 -0.366811 -0.114847
1769097930.693497 7.162315 -0.367304 -0.114847
1769097930.743477 7.166489 -0.367785 -0.114214
1769097930.793497 7.172650 -0.368492 -0.114531
1769097930.853557 7.177000 -0.368993 -0.116113
1769097930.893548 7.183260 -0.369723 -0.116429
1769097930.938552 7.187307 -0.370196 -0.117378
1769097931.003495 7.191530 -0.370694 -0.118011
1769097931.038505 7.197889 -0.371448 -0.119593
1769097931.088508 7.201910 -0.371931 -0.119593
1769097931.148494 7.206207 -0.372447 -0.120542
1769097931.188508 7.212389 -0.373196 -0.121175
1769097931.243503 7.216660 -0.373716 -0.121175
1769097931.298470 7.220931 -0.374236 -0.121175
1769097931.338562 7.227263 -0.375007 -0.119277
1769097931.388561 7.231535 -0.375519 -0.117378
1769097931.448500 7.235557 -0.375994 -0.116746
1769097931.493515 7.241816 -0.376728 -0.115164
1769097931.548550 7.245889 -0.377199 -0.113898
1769097931.593523 7.252076 -0.377907 -0.113898
1769097931.643494 7.256074 -0.378364 -0.112949
1769097931.693505 7.260048 -0.378815 -0.112949
1769097931.738525 7.266159 -0.379508 -0.113265
1769097931.803509 7.270308 -0.379980 -0.114847
1769097931.843551 7.276695 -0.380717 -0.116113
1769097931.893551 7.281094 -0.381230 -0.115796
1769097931.943512 7.285268 -0.381715 -0.117062
1769097931.993552 7.291602 -0.382460 -0.117062
1769097932.038524 7.295775 -0.382951 -0.117062
1769097932.098515 7.300074 -0.383456 -0.118011
1769097932.138525 7.306508 -0.384219 -0.118644
1769097932.188514 7.310781 -0.384729 -0.118011
1769097932.248507 7.314978 -0.385226 -0.117695
1769097932.293511 7.321162 -0.385957 -0.118327
1769097932.338528 7.325384 -0.386459 -0.118327
1769097932.398575 7.329581 -0.386958 -0.117378
1769097932.443490 7.335916 -0.387705 -0.116746
1769097932.493515 7.340064 -0.388192 -0.117062
1769097932.543571 7.344337 -0.388694 -0.116429
1769097932.593524 7.350773 -0.389447 -0.115796
1769097932.638515 7.355047 -0.389944 -0.115796
1769097932.698520 7.359371 -0.390447 -0.113898
1769097932.743516 7.365783 -0.391181 -0.113582
1769097932.793515 7.370084 -0.391671 -0.114531
1769097932.848512 7.374409 -0.392169 -0.114531
1769097932.893520 7.380695 -0.392892 -0.115164
1769097932.943532 7.384994 -0.393389 -0.115480
1769097932.998522 7.389193 -0.393876 -0.116429
1769097933.043618 7.395629 -0.394629 -0.118327
1769097933.088587 7.400002 -0.395149 -0.118960
1769097933.148514 7.404299 -0.395663 -0.121175
1769097933.193518 7.410807 -0.396455 -0.121491
1769097933.238524 7.415128 -0.396983 -0.121491
1769097933.303528 7.419399 -0.397504 -0.121491
1769097933.343528 7.425806 -0.398286 -0.119909
1769097933.393550 7.430028 -0.398795 -0.119277
1769097933.453559 7.434250 -0.399301 -0.118644
1769097933.493500 7.440508 -0.400047 -0.117062
1769097933.543585 7.444580 -0.400526 -0.116429
1769097933.603550 7.448678 -0.401005 -0.114214
1769097933.643574 7.454964 -0.401726 -0.113582
1769097933.693532 7.459113 -0.402200 -0.113898
1769097933.748526 7.463414 -0.402691 -0.112949
1769097933.793500 7.469852 -0.403422 -0.114847
1769097933.843545 7.474151 -0.403918 -0.115164
1769097933.893549 7.478526 -0.404424 -0.114531
1769097933.943562 7.482801 -0.404915 -0.115796
1769097933.993563 7.489363 -0.405679 -0.115480
1769097934.053547 7.493737 -0.406186 -0.116113
1769097934.093514 7.499997 -0.406916 -0.116429
1769097934.138531 7.504321 -0.407422 -0.117062
1769097934.203542 7.508494 -0.407913 -0.118327
1769097934.243529 7.514803 -0.408663 -0.118644
1769097934.293526 7.519000 -0.409163 -0.118327
1769097934.348546 7.522996 -0.409638 -0.119277
1769097934.398537 7.529379 -0.410403 -0.119277
1769097934.438534 7.533551 -0.410903 -0.118644
1769097934.498549 7.537799 -0.411409 -0.118960
1769097934.543551 7.544006 -0.412151 -0.117378
1769097934.593511 7.548229 -0.412649 -0.116746
1769097934.648542 7.552503 -0.413151 -0.114847
1769097934.698599 7.558839 -0.413881 -0.114214
1769097934.743576 7.563164 -0.414378 -0.114214
1769097934.798563 7.567464 -0.414871 -0.113265
1769097934.843567 7.573676 -0.415577 -0.114214
1769097934.893565 7.577875 -0.416059 -0.113898
1769097934.948535 7.582150 -0.416548 -0.113898
1769097934.998530 7.588562 -0.417282 -0.116746
1769097935.038598 7.592911 -0.417792 -0.117062
1769097935.103542 7.597235 -0.418300 -0.117695
1769097935.143543 7.603770 -0.419073 -0.120226
1769097935.188551 7.608067 -0.419592 -0.119909
1769097935.248558 7.612465 -0.420122 -0.121491
1769097935.293542 7.618771 -0.420892 -0.120542
1769097935.343554 7.622766 -0.421376 -0.120859
1769097935.398570 7.627037 -0.421895 -0.120226
1769097935.443570 7.633143 -0.422632 -0.119277
1769097935.503571 7.637064 -0.423102 -0.118644
1769097935.543519 7.643246 -0.423839 -0.117378
1769097935.588541 7.647218 -0.424307 -0.116113
1769097935.648566 7.651140 -0.424765 -0.116113
1769097935.693565 7.657551 -0.425513 -0.114531
1769097935.743636 7.661725 -0.425993 -0.115164
1769097935.803595 7.665999 -0.426487 -0.115164
1769097935.843567 7.672536 -0.427243 -0.113898
1769097935.893589 7.676861 -0.427738 -0.113898
1769097935.953558 7.681162 -0.428230 -0.114214
1769097935.993587 7.687624 -0.428971 -0.114531
1769097936.043561 7.691949 -0.429469 -0.114531
1769097936.103556 7.696349 -0.429975 -0.115480
1769097936.143660 7.702635 -0.430704 -0.116113
1769097936.188569 7.706884 -0.431200 -0.117062
1769097936.253561 7.711182 -0.431705 -0.117378
1769097936.298598 7.717642 -0.432467 -0.119593
1769097936.338579 7.721914 -0.432980 -0.119593
1769097936.403563 7.726237 -0.433500 -0.119593
1769097936.443573 7.732594 -0.434264 -0.120542
1769097936.493557 7.736640 -0.434754 -0.119593
1769097936.553564 7.740937 -0.435270 -0.119277
1769097936.598572 7.747320 -0.436035 -0.117378
1769097936.638559 7.751493 -0.436527 -0.116113
1769097936.703611 7.755691 -0.437017 -0.115796
1769097936.748564 7.762027 -0.437754 -0.114531
1769097936.788638 7.766176 -0.438231 -0.114847
1769097936.843571 7.770325 -0.438710 -0.113265
1769097936.893568 7.774575 -0.439193 -0.113582
1769097936.943565 7.780962 -0.439922 -0.114847
1769097936.993610 7.785312 -0.440424 -0.115164
1769097937.048573 7.789612 -0.440921 -0.115480
1769097937.088566 7.796098 -0.441673 -0.117378
1769097937.138585 7.800422 -0.442183 -0.117378
1769097937.193627 7.804846 -0.442705 -0.118011
1769097937.243574 7.811381 -0.443480 -0.119277
1769097937.288618 7.815728 -0.444001 -0.120226
1769097937.348585 7.820025 -0.444520 -0.119909
1769097937.388569 7.826333 -0.445280 -0.120226
1769097937.438581 7.830504 -0.445784 -0.120226
1769097937.498579 7.834625 -0.446282 -0.119593
1769097937.538577 7.840932 -0.447039 -0.118644
1769097937.593567 7.845130 -0.447540 -0.119593
1769097937.648576 7.849301 -0.448041 -0.118327
1769097937.688609 7.855635 -0.448794 -0.117062
1769097937.743587 7.859783 -0.449282 -0.116746
1769097937.798605 7.864232 -0.449804 -0.114531
1769097937.843611 7.870493 -0.450524 -0.114847
1769097937.893663 7.874793 -0.451020 -0.113898
1769097937.948579 7.879093 -0.451512 -0.112949
1769097937.993582 7.885456 -0.452234 -0.113265
1769097938.043580 7.889756 -0.452723 -0.112949
1769097938.098577 7.893881 -0.453191 -0.112316
1769097938.138582 7.900244 -0.453908 -0.110101
1769097938.188587 7.904621 -0.454392 -0.106938
1769097938.253582 7.908874 -0.454849 -0.104723
1769097938.293587 7.915419 -0.455537 -0.100294
1769097938.343586 7.919675 -0.455965 -0.096813
1769097938.403564 7.924109 -0.456396 -0.092384
1769097938.443589 7.930636 -0.457000 -0.085740
1769097938.493571 7.934848 -0.457362 -0.082260
1769097938.553632 7.939086 -0.457712 -0.077198
1769097938.593638 7.945495 -0.458207 -0.070870
1769097938.638599 7.949737 -0.458509 -0.065808
1769097938.693583 7.953904 -0.458783 -0.061695
1769097938.743598 7.958072 -0.459041 -0.056949
1769097938.793589 7.964289 -0.459395 -0.049356
1769097938.843598 7.968510 -0.459604 -0.043977
1769097938.893574 7.972809 -0.459793 -0.038915
1769097938.938587 7.979233 -0.460043 -0.033220
1769097938.988585 7.983483 -0.460184 -0.027525
1769097939.043590 7.987936 -0.460307 -0.023729
1769097939.088620 7.994161 -0.460454 -0.019932
1769097939.148591 7.998539 -0.460542 -0.017717
1769097939.188596 8.004840 -0.460653 -0.016768
1769097939.238591 8.008990 -0.460723 -0.017401
1769097939.293589 8.013141 -0.460795 -0.019299
1769097939.343593 8.019341 -0.460915 -0.020881
1769097939.388607 8.023693 -0.461006 -0.020881
1769097939.438585 8.027970 -0.461095 -0.021198
1769097939.488588 8.034169 -0.461227 -0.022147
1769097939.548609 8.038243 -0.461317 -0.021830
1769097939.588605 8.044519 -0.461454 -0.022463
1769097939.648603 8.048644 -0.461546 -0.021514
1769097939.693626 8.055096 -0.461685 -0.019932
1769097939.738599 8.059145 -0.461766 -0.019932
1769097939.803621 8.063498 -0.461853 -0.018034
1769097939.843631 8.069799 -0.461966 -0.017717
1769097939.893614 8.074000 -0.462041 -0.016452
1769097939.948625 8.078302 -0.462112 -0.016452
1769097939.993608 8.084452 -0.462213 -0.016768
1769097940.043590 8.088754 -0.462285 -0.016136
1769097940.098606 8.092930 -0.462352 -0.015819
1769097940.143627 8.099333 -0.462454 -0.015503
1769097940.188598 8.103686 -0.462521 -0.014870
1769097940.248606 8.107988 -0.462585 -0.016136
1769097940.293605 8.114391 -0.462688 -0.016452
1769097940.343608 8.118819 -0.462761 -0.016136
1769097940.398611 8.123020 -0.462829 -0.017401
1769097940.438608 8.129575 -0.462943 -0.018350
1769097940.488621 8.133902 -0.463023 -0.019932
1769097940.548619 8.138230 -0.463109 -0.020881
1769097940.588602 8.144657 -0.463243 -0.021514
1769097940.638605 8.148782 -0.463332 -0.021830
1769097940.698608 8.153033 -0.463425 -0.021198
1769097940.743608 8.159131 -0.463554 -0.020249
1769097940.788604 8.163332 -0.463639 -0.019616
1769097940.848630 8.167356 -0.463718 -0.018667
1769097940.893618 8.173809 -0.463838 -0.017085
1769097940.943626 8.178111 -0.463912 -0.015819
1769097940.998664 8.182489 -0.463981 -0.014870
1769097941.038597 8.188892 -0.464076 -0.015186
1769097941.088618 8.193195 -0.464142 -0.014554
1769097941.143626 8.197472 -0.464204 -0.014870
1769097941.188624 8.203925 -0.464300 -0.015819
1769097941.243648 8.208227 -0.464368 -0.017085
1769097941.298642 8.212428 -0.464440 -0.017717
1769097941.343634 8.218907 -0.464555 -0.018983
1769097941.388636 8.223184 -0.464636 -0.019299
1769097941.453662 8.227511 -0.464719 -0.020249
1769097941.493623 8.234014 -0.464851 -0.020565
1769097941.543639 8.238418 -0.464942 -0.021830
1769097941.603677 8.242821 -0.465038 -0.021830
1769097941.643647 8.249324 -0.465180 -0.021514
1769097941.693717 8.253702 -0.465274 -0.022463
1769097941.753640 8.257953 -0.465369 -0.020565
1769097941.788698 8.264304 -0.465500 -0.020249
1769097941.843697 8.268328 -0.465582 -0.019299
1769097941.898656 8.272529 -0.465663 -0.018667
1769097941.943641 8.278729 -0.465778 -0.018983
1769097941.988670 8.282930 -0.465858 -0.017085
1769097942.048676 8.287131 -0.465930 -0.016452
1769097942.088622 8.293432 -0.466034 -0.015503
1769097942.138606 8.297684 -0.466100 -0.014237
1769097942.198641 8.301986 -0.466161 -0.015503
1769097942.238675 8.308364 -0.466260 -0.014870
1769097942.293705 8.312792 -0.466326 -0.014554
1769097942.348626 8.317120 -0.466389 -0.015503
1769097942.388700 8.323675 -0.466490 -0.016452
1769097942.443700 8.328002 -0.466561 -0.017401
1769097942.498625 8.332279 -0.466636 -0.017717
1769097942.543625 8.338555 -0.466747 -0.019616
1769097942.588609 8.342781 -0.466830 -0.021198
1769097942.643672 8.347058 -0.466921 -0.020881
1769097942.693610 8.353207 -0.467049 -0.020565
1769097942.753622 8.357408 -0.467135 -0.020565
1769097942.788727 8.363658 -0.467264 -0.019616
1769097942.838659 8.367732 -0.467344 -0.019299
1769097942.898622 8.371857 -0.467424 -0.018350
1769097942.943620 8.378260 -0.467541 -0.016768
1769097942.998639 8.382360 -0.467610 -0.016136
1769097943.043637 8.388636 -0.467711 -0.015503
1769097943.088632 8.392584 -0.467772 -0.014237
1769097943.143643 8.396658 -0.467830 -0.015186
1769097943.188676 8.402884 -0.467925 -0.015819
1769097943.243655 8.407060 -0.467991 -0.016136
1769097943.298735 8.411387 -0.468061 -0.015819
1769097943.343707 8.417816 -0.468162 -0.016452
1769097943.388709 8.422067 -0.468232 -0.017085
1769097943.448644 8.426395 -0.468306 -0.017401
1769097943.488727 8.433076 -0.468423 -0.018034
1769097943.538667 8.437504 -0.468502 -0.019616
1769097943.598647 8.441933 -0.468589 -0.019932
1769097943.638671 8.448487 -0.468720 -0.021514
1769097943.693745 8.452865 -0.468814 -0.021830
1769097943.748691 8.457065 -0.468906 -0.021830
1769097943.788692 8.463341 -0.469043 -0.021830
1769097943.838661 8.467541 -0.469135 -0.021830
1769097943.893692 8.471464 -0.469220 -0.021514
1769097943.943769 8.477790 -0.469356 -0.019616
1769097943.998782 8.481763 -0.469434 -0.018667
1769097944.043651 8.488039 -0.469552 -0.016768
1769097944.088655 8.492063 -0.469619 -0.015819
1769097944.148729 8.496365 -0.469687 -0.015186
1769097944.188702 8.502818 -0.469785 -0.014870
1769097944.238646 8.507171 -0.469850 -0.013604
1769097944.298628 8.511524 -0.469909 -0.014870
1769097944.343685 8.517826 -0.470003 -0.015186
1769097944.388662 8.522103 -0.470068 -0.015503
1769097944.448642 8.526456 -0.470135 -0.016768
1769097944.493640 8.532935 -0.470244 -0.018034
1769097944.543623 8.537161 -0.470320 -0.018983
1769097944.598667 8.541463 -0.470402 -0.020249
1769097944.643648 8.547815 -0.470530 -0.019932
1769097944.688660 8.552142 -0.470617 -0.020881
1769097944.748738 8.556469 -0.470707 -0.021198
1769097944.788656 8.562922 -0.470844 -0.020249
1769097944.843642 8.567274 -0.470932 -0.020249
1769097944.898736 8.571576 -0.471019 -0.019616
1769097944.943680 8.577776 -0.471141 -0.019299
1769097944.988732 8.582104 -0.471224 -0.018983
1769097945.048670 8.586279 -0.471303 -0.016768
1769097945.088716 8.592454 -0.471407 -0.017401
1769097945.138669 8.596756 -0.471482 -0.017401
1769097945.193740 8.600881 -0.471554 -0.016452
1769097945.243656 8.607056 -0.471655 -0.015819
1769097945.288656 8.611282 -0.471722 -0.016136
1769097945.348717 8.615610 -0.471792 -0.016452
1769097945.388760 8.621886 -0.471895 -0.017085
1769097945.448659 8.626011 -0.471966 -0.015503
1769097945.488638 8.632490 -0.472066 -0.017401
1769097945.543656 8.636843 -0.472142 -0.018034
1769097945.593759 8.641271 -0.472222 -0.018983
1769097945.638650 8.647598 -0.472342 -0.020881
1769097945.688699 8.652001 -0.472434 -0.021514
1769097945.748652 8.656328 -0.472527 -0.022463
1769097945.788683 8.662477 -0.472665 -0.023412
1769097945.853696 8.666678 -0.472763 -0.023412
1769097945.893651 8.672801 -0.472907 -0.022147
1769097945.938676 8.676749 -0.472994 -0.020881
1769097945.993686 8.680975 -0.473083 -0.020565
1769097946.043692 8.686972 -0.473206 -0.018983
1769097946.088664 8.691198 -0.473286 -0.018034
1769097946.143656 8.695525 -0.473364 -0.017085
1769097946.188648 8.702004 -0.473475 -0.015186
1769097946.243659 8.706053 -0.473536 -0.015186
1769097946.298650 8.710356 -0.473602 -0.015186
1769097946.343622 8.716733 -0.473699 -0.015186
1769097946.398672 8.721086 -0.473765 -0.015819
1769097946.443728 8.727312 -0.473863 -0.016452
1769097946.493655 8.731589 -0.473934 -0.017401
1769097946.548685 8.735815 -0.474007 -0.017717
1769097946.588724 8.742040 -0.474117 -0.017717
1769097946.638646 8.746165 -0.474191 -0.018034
1769097946.698652 8.750569 -0.474270 -0.019299
1769097946.743639 8.756895 -0.474392 -0.019932
1769097946.798693 8.761096 -0.474476 -0.019932
1769097946.838666 8.767346 -0.474600 -0.020249
1769097946.893656 8.771421 -0.474683 -0.019932
1769097946.948662 8.775571 -0.474766 -0.019932
1769097946.988762 8.781872 -0.474891 -0.019616
1769097947.053643 8.785895 -0.474970 -0.019932
1769097947.088666 8.791994 -0.475092 -0.018983
1769097947.138744 8.796018 -0.475168 -0.018034
1769097947.193628 8.800042 -0.475241 -0.017085
1769097947.243662 8.806267 -0.475347 -0.016452
1769097947.293647 8.810392 -0.475415 -0.016136
1769097947.348671 8.814694 -0.475484 -0.014870
1769097947.388705 8.821123 -0.475580 -0.014870
1769097947.448703 8.825602 -0.475647 -0.015186
1769097947.493653 8.831904 -0.475742 -0.015503
1769097947.538644 8.836257 -0.475810 -0.016136
1769097947.593742 8.840660 -0.475881 -0.017401
1769097947.638716 8.845013 -0.475957 -0.018667
1769097947.688658 8.851314 -0.476074 -0.020249
1769097947.753811 8.855641 -0.476162 -0.022463
1769097947.793666 8.862094 -0.476307 -0.022780
1769097947.838682 8.866370 -0.476404 -0.022463
1769097947.903668 8.870647 -0.476500 -0.022147
1769097947.938713 8.876973 -0.476640 -0.021514
1769097947.993711 8.881123 -0.476730 -0.022147
1769097948.048802 8.885146 -0.476819 -0.020565
1769097948.088727 8.891422 -0.476948 -0.018667
1769097948.138762 8.895749 -0.477029 -0.017717
1769097948.193709 8.899925 -0.477103 -0.017401
1769097948.243666 8.906353 -0.477215 -0.015503
1769097948.293648 8.910554 -0.477280 -0.015503
1769097948.348657 8.914780 -0.477345 -0.015819
1769097948.393735 8.921133 -0.477446 -0.016768
1769097948.443657 8.925308 -0.477516 -0.015819
1769097948.498675 8.929560 -0.477583 -0.016452
1769097948.538661 8.935912 -0.477688 -0.015503
1769097948.593748 8.940316 -0.477756 -0.016136
1769097948.648648 8.944669 -0.477826 -0.016768
1769097948.693679 8.951274 -0.477937 -0.018350
1769097948.743680 8.955626 -0.478017 -0.018350
1769097948.798696 8.960131 -0.478099 -0.018983
1769097948.843687 8.966584 -0.478222 -0.019932
1769097948.893699 8.970987 -0.478310 -0.020565
1769097948.948701 8.975238 -0.478397 -0.020565
1769097948.993743 8.981388 -0.478524 -0.021514
1769097949.043719 8.985614 -0.478615 -0.021830
1769097949.098687 8.989814 -0.478706 -0.020565
1769097949.143692 8.996141 -0.478836 -0.019299
1769097949.188685 9.000316 -0.478917 -0.018350
1769097949.248689 9.004618 -0.478996 -0.017085
1769097949.293682 9.010920 -0.479104 -0.016136
1769097949.338700 9.015146 -0.479172 -0.015186
1769097949.393690 9.019575 -0.479239 -0.014870
1769097949.443690 9.025826 -0.479332 -0.015186
1769097949.493683 9.030103 -0.479397 -0.015503
1769097949.548711 9.034304 -0.479462 -0.015503
1769097949.593709 9.040732 -0.479562 -0.016768
1769097949.638694 9.045034 -0.479634 -0.018034
1769097949.693716 9.049362 -0.479712 -0.020249
1769097949.743715 9.055789 -0.479842 -0.020881
1769097949.793720 9.060116 -0.479933 -0.021198
1769097949.848742 9.064191 -0.480019 -0.020881
1769097949.893849 9.070694 -0.480155 -0.022463
1769097949.943747 9.075046 -0.480252 -0.022463
1769097949.993802 9.079323 -0.480349 -0.022780
1769097950.043774 9.085623 -0.480492 -0.021198
1769097950.098724 9.090026 -0.480585 -0.021198
1769097950.138719 9.096150 -0.480715 -0.020565
1769097950.188724 9.100199 -0.480799 -0.018667
1769097950.243699 9.104172 -0.480873 -0.018983
1769097950.293705 9.110499 -0.480993 -0.017717
1769097950.348721 9.114472 -0.481063 -0.017401
1769097950.393757 9.120470 -0.481168 -0.017085
1769097950.443699 9.124721 -0.481240 -0.015819
1769097950.498732 9.128922 -0.481307 -0.015819
1769097950.548781 9.135401 -0.481409 -0.015186
1769097950.593788 9.139855 -0.481477 -0.015186
1769097950.653698 9.144183 -0.481543 -0.015503
1769097950.693730 9.150839 -0.481646 -0.015819
1769097950.743767 9.155242 -0.481715 -0.017085
1769097950.803724 9.159620 -0.481790 -0.018034
1769097950.848730 9.166175 -0.481909 -0.018983
1769097950.893729 9.170198 -0.481985 -0.020565
1769097950.953710 9.174526 -0.482074 -0.021514
1769097950.993744 9.180852 -0.482210 -0.021514
1769097951.043921 9.185128 -0.482302 -0.021830
1769097951.103731 9.189354 -0.482394 -0.020881
1769097951.143742 9.195681 -0.482526 -0.020249
1769097951.188746 9.199729 -0.482608 -0.019616
1769097951.253717 9.204082 -0.482694 -0.018983
1769097951.293734 9.210535 -0.482816 -0.016768
1769097951.338738 9.214863 -0.482889 -0.015819
1769097951.403748 9.219190 -0.482957 -0.016136
1769097951.443741 9.225593 -0.483061 -0.015819
1769097951.493733 9.229667 -0.483125 -0.014237
1769097951.553725 9.233869 -0.483185 -0.015503
1769097951.593719 9.240347 -0.483285 -0.016768
1769097951.638752 9.244650 -0.483358 -0.017401
1769097951.698748 9.248623 -0.483427 -0.017717
1769097951.743736 9.255076 -0.483541 -0.018034
1769097951.793748 9.259252 -0.483616 -0.018983
1769097951.848759 9.263604 -0.483699 -0.019616
1769097951.893803 9.270234 -0.483829 -0.020881
1769097951.938715 9.274637 -0.483921 -0.022147
1769097951.998716 9.278838 -0.484014 -0.021514
1769097952.043736 9.285392 -0.484155 -0.021198
1769097952.098743 9.289466 -0.484241 -0.022147
1769097952.143731 9.295488 -0.484375 -0.021514
1769097952.188801 9.299588 -0.484463 -0.021514
1769097952.253716 9.303814 -0.484554 -0.020565
1769097952.293721 9.310140 -0.484684 -0.019932
1769097952.353716 9.314240 -0.484766 -0.019299
1769097952.398793 9.320313 -0.484883 -0.016136
1769097952.438726 9.324514 -0.484951 -0.016136
1769097952.493721 9.328740 -0.485019 -0.015819
1769097952.543732 9.332916 -0.485085 -0.014870
1769097952.593755 9.339167 -0.485178 -0.014554
1769097952.643722 9.343571 -0.485242 -0.014554
1769097952.693829 9.349746 -0.485332 -0.015186
1769097952.753751 9.353846 -0.485394 -0.015819
1769097952.793712 9.360173 -0.485494 -0.017085
1769097952.843836 9.364247 -0.485564 -0.018667
1769097952.898703 9.368347 -0.485641 -0.019299
1769097952.943835 9.374850 -0.485766 -0.020881
1769097953.003715 9.379076 -0.485854 -0.021198
1769097953.043797 9.385048 -0.485981 -0.021830
1769097953.093769 9.389072 -0.486069 -0.020881
1769097953.143736 9.393146 -0.486154 -0.021198
1769097953.188768 9.399497 -0.486289 -0.020249
1769097953.248774 9.403572 -0.486371 -0.019932
1769097953.293773 9.409822 -0.486496 -0.018350
1769097953.343763 9.413896 -0.486570 -0.017401
1769097953.398751 9.418173 -0.486645 -0.017717
1769097953.443758 9.424373 -0.486755 -0.016136
1769097953.498759 9.428321 -0.486818 -0.016136
1769097953.543775 9.434294 -0.486915 -0.016768
1769097953.593754 9.438571 -0.486987 -0.016452
1769097953.648817 9.442772 -0.487056 -0.016452
1769097953.693764 9.449175 -0.487161 -0.016768
1769097953.743753 9.453300 -0.487230 -0.016452
1769097953.798817 9.457577 -0.487301 -0.017401
1769097953.843750 9.464258 -0.487417 -0.018034
1769097953.898739 9.468636 -0.487496 -0.018350
1769097953.943769 9.474810 -0.487609 -0.019616
1769097953.993770 9.479239 -0.487696 -0.019932
1769097954.048744 9.483617 -0.487783 -0.021514
1769097954.088763 9.489918 -0.487919 -0.022463
1769097954.143768 9.494068 -0.488012 -0.023096
1769097954.198785 9.498369 -0.488111 -0.022463
1769097954.243777 9.504721 -0.488254 -0.022147
1769097954.293875 9.508820 -0.488345 -0.021514
1769097954.348796 9.512843 -0.488432 -0.019299
1769097954.393728 9.519119 -0.488553 -0.018034
1769097954.453792 9.523168 -0.488626 -0.017401
1769097954.493780 9.529444 -0.488735 -0.015503
1769097954.543766 9.533494 -0.488798 -0.015503
1769097954.598793 9.537594 -0.488861 -0.014870
1769097954.643797 9.544098 -0.488958 -0.014554
1769097954.693772 9.548451 -0.489021 -0.015186
1769097954.748779 9.552778 -0.489087 -0.014870
1769097954.793770 9.559131 -0.489182 -0.016452
1769097954.838794 9.563483 -0.489253 -0.017717
1769097954.903772 9.567861 -0.489331 -0.018034
1769097954.943822 9.574213 -0.489445 -0.018983
1769097954.993796 9.578490 -0.489526 -0.019299
1769097955.048782 9.582615 -0.489606 -0.019616
1769097955.093784 9.588916 -0.489730 -0.021198
1769097955.138780 9.593269 -0.489822 -0.020565
1769097955.193796 9.597419 -0.489907 -0.020565
1769097955.238805 9.603669 -0.490036 -0.020881
1769097955.298782 9.608022 -0.490127 -0.019616
1769097955.343811 9.613918 -0.490242 -0.019932
1769097955.388843 9.618169 -0.490327 -0.019299
1769097955.448780 9.622395 -0.490409 -0.018350
1769097955.493764 9.628747 -0.490525 -0.018034
1769097955.543779 9.632796 -0.490598 -0.017401
1769097955.598793 9.636896 -0.490670 -0.016768
1769097955.638800 9.643273 -0.490777 -0.015503
1769097955.703787 9.647348 -0.490840 -0.015819
1769097955.743788 9.653624 -0.490939 -0.015819
1769097955.793804 9.657749 -0.491004 -0.016136
1769097955.848893 9.662178 -0.491076 -0.015819
1769097955.893823 9.668758 -0.491180 -0.017717
1769097955.953846 9.672934 -0.491254 -0.018034
1769097955.993831 9.679260 -0.491368 -0.019299
1769097956.038753 9.683410 -0.491448 -0.021198
1769097956.103792 9.687738 -0.491540 -0.022147
1769097956.138775 9.694165 -0.491682 -0.023412
1769097956.188779 9.698239 -0.491778 -0.023729
1769097956.243787 9.702161 -0.491871 -0.023412
1769097956.293777 9.708386 -0.492017 -0.022147
1769097956.348781 9.712485 -0.492107 -0.020249
1769097956.398786 9.718685 -0.492233 -0.019932
1769097956.438802 9.722987 -0.492319 -0.018667
1769097956.498791 9.727010 -0.492394 -0.018350
1769097956.543795 9.733236 -0.492508 -0.016452
1769097956.593834 9.737563 -0.492579 -0.015503
1769097956.643799 9.741790 -0.492645 -0.015186
1769097956.693804 9.747965 -0.492739 -0.015186
1769097956.748795 9.751964 -0.492799 -0.015819
1769097956.793809 9.758265 -0.492899 -0.016136
1769097956.848809 9.762340 -0.492965 -0.016452
1769097956.893803 9.768236 -0.493062 -0.016136
1769097956.943822 9.772589 -0.493132 -0.016768
1769097956.998801 9.776967 -0.493205 -0.016452
1769097957.038811 9.783294 -0.493309 -0.017717
1769097957.088797 9.787495 -0.493384 -0.017717
1769097957.148787 9.791848 -0.493461 -0.017085
1769097957.188801 9.798453 -0.493574 -0.015503
1769097957.238809 9.802502 -0.493637 -0.012339
1769097957.293793 9.806804 -0.493690 -0.009175
1769097957.343858 9.812980 -0.493746 -0.003480
1769097957.398822 9.817156 -0.493761 -0.000000
1769097957.443821 9.823307 -0.493761 0.006644
1769097957.493792 9.827508 -0.493733 0.011706
1769097957.548782 9.831760 -0.493683 0.017401
1769097957.593786 9.837859 -0.493577 0.025311
1769097957.643794 9.842135 -0.493469 0.030056
1769097957.703792 9.846386 -0.493341 0.035751
1769097957.748855 9.852937 -0.493107 0.042395
1769097957.793806 9.857312 -0.492921 0.047774
1769097957.848842 9.861357 -0.492728 0.050938
1769097957.893853 9.867853 -0.492397 0.055051
1769097957.938894 9.871947 -0.492171 0.056316
1769097957.993825 9.876218 -0.491930 0.057265
1769097958.038829 9.882510 -0.491570 0.056949
1769097958.093827 9.886578 -0.491338 0.056633
1769097958.138804 9.892845 -0.490982 0.055367
1769097958.188795 9.896990 -0.490753 0.054734
1769097958.243797 9.901286 -0.490517 0.054734
1769097958.288900 9.907781 -0.490161 0.055684
1769097958.343798 9.912128 -0.489919 0.055684
1769097958.393800 9.916500 -0.489675 0.055367
1769097958.438810 9.922742 -0.489329 0.056949
1769097958.493841 9.927013 -0.489086 0.057898
1769097958.548830 9.931283 -0.488838 0.057582
1769097958.588812 9.937600 -0.488474 0.058215
1769097958.638831 9.941593 -0.488242 0.058215
1769097958.693816 9.945737 -0.488000 0.058847
1769097958.743825 9.952104 -0.487625 0.058847
1769097958.803804 9.956349 -0.487375 0.059480
1769097958.843820 9.962514 -0.487008 0.060113
1769097958.893824 9.966480 -0.486769 0.061062
1769097958.948819 9.970800 -0.486505 0.062011
1769097958.993838 9.977116 -0.486113 0.063277
1769097959.038822 9.981258 -0.485850 0.061378
1769097959.093826 9.985578 -0.485585 0.061695
1769097959.138824 9.992197 -0.485176 0.059796
1769097959.198830 9.996518 -0.484917 0.058847
1769097959.243838 10.002556 -0.484561 0.056000
1769097959.293838 10.006802 -0.484323 0.055367
1769097959.348837 10.011149 -0.484083 0.054734
1769097959.393846 10.017315 -0.483745 0.054102
1769097959.438846 10.021612 -0.483512 0.054734
1769097959.493884 10.025681 -0.483289 0.055684
1769097959.538832 10.031518 -0.482964 0.056000
1769097959.598839 10.035663 -0.482731 0.057898
1769097959.643815 10.042056 -0.482361 0.060746
1769097959.688811 10.046300 -0.482103 0.060746
1769097959.748820 10.050393 -0.481854 0.062011
1769097959.793871 10.056506 -0.481474 0.062011
1769097959.848863 10.060599 -0.481220 0.061378
1769097959.893851 10.066864 -0.480835 0.060746
1769097959.943856 10.070856 -0.480592 0.060746
1769097959.993893 10.075176 -0.480329 0.059796
1769097960.038814 10.081138 -0.479972 0.059164
1769097960.098817 10.085282 -0.479727 0.057898
1769097960.138824 10.091599 -0.479361 0.057265
1769097960.203819 10.095642 -0.479129 0.057265
1769097960.238821 10.101959 -0.478767 0.057265
1769097960.293833 10.106154 -0.478526 0.057265
1769097960.348838 10.110349 -0.478286 0.056000
1769097960.393843 10.116945 -0.477916 0.055684
1769097960.448841 10.121039 -0.477688 0.056316
1769097960.493821 10.127255 -0.477338 0.055684
1769097960.543816 10.131526 -0.477100 0.054734
1769097960.598816 10.135620 -0.476875 0.054734
1769097960.643831 10.141585 -0.476548 0.056633
1769097960.703820 10.145577 -0.476322 0.056633
1769097960.743825 10.151617 -0.475980 0.057582
1769097960.793827 10.155609 -0.475750 0.059480
1769097960.843834 10.159601 -0.475512 0.060113
1769097960.893834 10.165791 -0.475139 0.062328
1769097960.953841 10.170187 -0.474865 0.062960
1769097960.998906 10.176653 -0.474457 0.063593
1769097961.043849 10.181023 -0.474179 0.062644
1769097961.088834 10.185343 -0.473908 0.062960
1769097961.138848 10.189764 -0.473629 0.060113
1769097961.188834 10.195777 -0.473267 0.058847
1769097961.248834 10.200021 -0.473017 0.056949
1769097961.293823 10.206566 -0.472644 0.056000
1769097961.343839 10.210635 -0.472416 0.055051
1769097961.398840 10.214931 -0.472179 0.054418
1769097961.438842 10.221401 -0.471827 0.055051
1769097961.493855 10.225622 -0.471594 0.055367
1769097961.548853 10.229968 -0.471353 0.056633
1769097961.593835 10.236412 -0.470988 0.058215
1769097961.638840 10.240733 -0.470736 0.059164
1769097961.688839 10.245003 -0.470483 0.059480
1769097961.743871 10.249273 -0.470229 0.060429
1769097961.793841 10.255614 -0.469845 0.060113
1769097961.848858 10.259960 -0.469584 0.060113
1769097961.893848 10.265948 -0.469224 0.059796
1769097961.943854 10.270091 -0.468975 0.059796
1769097961.998871 10.274311 -0.468723 0.058847
1769097962.038852 10.280476 -0.468360 0.058847
1769097962.093842 10.284796 -0.468105 0.059164
1769097962.143845 10.288839 -0.467866 0.059796
1769097962.188842 10.295383 -0.467474 0.059480
1769097962.238906 10.299526 -0.467227 0.058847
1769097962.293852 10.303948 -0.466967 0.058531
1769097962.338847 10.310341 -0.466592 0.056949
1769097962.393872 10.314712 -0.466343 0.056633
1769097962.448860 10.320954 -0.465989 0.054418
1769097962.493853 10.325326 -0.465751 0.054102
1769097962.543865 10.329269 -0.465537 0.052836
1769097962.588859 10.335512 -0.465207 0.053785
1769097962.638870 10.339708 -0.464981 0.054418
1769097962.703861 10.343852 -0.464755 0.054418
1769097962.743858 10.350221 -0.464409 0.056949
1769097962.803953 10.354189 -0.464182 0.058531
1769097962.843896 10.360531 -0.463811 0.061378
1769097962.888858 10.364851 -0.463545 0.061695
1769097962.953855 10.369120 -0.463281 0.062644
1769097962.988854 10.375359 -0.462890 0.062960
1769097963.043854 10.379426 -0.462634 0.062644
1769097963.093866 10.383822 -0.462358 0.062011
1769097963.138856 10.390062 -0.461971 0.059796
1769097963.198974 10.394003 -0.461735 0.059164
1769097963.243939 10.400269 -0.461363 0.057898
1769097963.293854 10.404464 -0.461120 0.057265
1769097963.348872 10.408658 -0.460880 0.056633
1769097963.393864 10.414900 -0.460526 0.055684
1769097963.443868 10.419019 -0.460296 0.056633
1769097963.493860 10.425135 -0.459950 0.056633
1769097963.543912 10.429506 -0.459702 0.056949
1769097963.593884 10.433549 -0.459471 0.056949
1769097963.638901 10.439867 -0.459111 0.056949
1769097963.698936 10.443910 -0.458881 0.057582
1769097963.743890 10.450076 -0.458525 0.057582
1769097963.793906 10.454321 -0.458281 0.057582
1769097963.843863 10.458237 -0.458055 0.057898
1769097963.888876 10.464378 -0.457699 0.058215
1769097963.948863 10.468496 -0.457459 0.059164
1769097963.993966 10.474535 -0.457101 0.058847
1769097964.043872 10.478578 -0.456863 0.060113
1769097964.093935 10.482873 -0.456604 0.061378
1769097964.138892 10.489113 -0.456221 0.061062
1769097964.198872 10.493332 -0.455963 0.060746
1769097964.243883 10.499547 -0.455585 0.060746
1769097964.293865 10.504018 -0.455313 0.059796
1769097964.348910 10.508415 -0.455050 0.059164
1769097964.388900 10.514857 -0.454668 0.056316
1769097964.438938 10.519002 -0.454435 0.055051
1769097964.493871 10.523298 -0.454198 0.053152
1769097964.543868 10.529566 -0.453864 0.052520
1769097964.603879 10.533863 -0.453638 0.053152
1769097964.643869 10.539980 -0.453313 0.053152
1769097964.693881 10.544251 -0.453086 0.054734
1769097964.748874 10.548421 -0.452857 0.056316
1769097964.788879 10.554612 -0.452508 0.058531
1769097964.843873 10.558706 -0.452268 0.059164
1769097964.898912 10.562900 -0.452020 0.059796
1769097964.943900 10.569065 -0.451651 0.061695
1769097964.993869 10.573309 -0.451389 0.061062
1769097965.043882 10.577376 -0.451140 0.061378
1769097965.088876 10.583793 -0.450746 0.060113
1769097965.148886 10.587734 -0.450509 0.060113
1769097965.188879 10.594000 -0.450131 0.059480
1769097965.243896 10.598321 -0.449874 0.059164
1769097965.298907 10.602338 -0.449636 0.058847
1769097965.343884 10.608806 -0.449255 0.058215
1769097965.388902 10.612874 -0.449018 0.059164
1769097965.758894 10.617170 -0.448764 0.058531
1769097965.774009 10.623840 -0.448373 0.057898
1769097965.783897 10.628212 -0.448119 0.057582
1769097965.788905 10.634529 -0.447755 0.056949
1769097965.798895 10.638572 -0.447525 0.056316
1769097965.813889 10.642590 -0.447298 0.056000
1769097965.823919 10.648984 -0.446940 0.055684
1769097965.833930 10.653179 -0.446706 0.055684
1769097965.954002 10.657450 -0.446468 0.056000
1769097965.963905 10.663843 -0.446109 0.057582
1769097965.973946 10.667987 -0.445871 0.058215
1769097966.038901 10.672232 -0.445623 0.059480
1769097966.048980 10.678574 -0.445245 0.061695
1769097966.118886 10.682919 -0.444977 0.062328
1769097966.143966 10.687062 -0.444719 0.061695
1769097966.218890 10.693504 -0.444321 0.062011
1769097966.238891 10.697900 -0.444048 0.062011
1769097966.318944 10.702194 -0.443781 0.060746
1769097966.338895 10.708687 -0.443386 0.058531
1769097966.448927 10.713008 -0.443133 0.056949
1769097966.458903 10.717354 -0.442885 0.056316
1769097966.538903 10.723874 -0.442518 0.054418
1769097966.548898 10.728170 -0.442284 0.054418
1769097966.628900 10.732441 -0.442051 0.052836
1769097966.643913 10.738962 -0.441706 0.054102
1769097966.728896 10.743208 -0.441476 0.054734
1769097966.748920 10.747530 -0.441239 0.056316
1769097966.828919 10.753772 -0.440887 0.057265
1769097966.838909 10.758042 -0.440643 0.056949
1769097966.979021 10.762313 -0.440399 0.058531
1769097966.988919 10.768478 -0.440038 0.058531
1769097966.998909 10.772647 -0.439794 0.058847
1769097967.073900 10.776640 -0.439558 0.059480
1769097967.138921 10.782956 -0.439182 0.059480
1769097967.148898 10.787201 -0.438929 0.058847
1769097967.273922 10.791521 -0.438675 0.059164
1769097967.283917 10.797686 -0.438310 0.059796
1769097967.368902 10.801704 -0.438069 0.060746
1769097967.378913 10.808171 -0.437676 0.063277
1769097967.388907 10.812516 -0.437401 0.066441
1769097967.448908 10.816759 -0.437118 0.068339
1769097967.548906 10.822996 -0.436691 0.072452
1769097967.558913 10.827363 -0.436374 0.075299
1769097967.613989 10.831704 -0.436047 0.078463
1769097967.674025 10.837937 -0.435557 0.083209
1769097967.693935 10.842225 -0.435199 0.086373
1769097967.743953 10.846436 -0.434835 0.090486
1769097967.793955 10.852586 -0.434277 0.096813
1769097967.868930 10.856919 -0.433856 0.101243
1769097967.893933 10.861175 -0.433423 0.106621
1769097967.943936 10.867290 -0.432769 0.114531
1769097968.593926 10.886225 -0.430591 0.137627
1769097968.603920 10.892492 -0.429723 0.144587
1769097968.613935 10.896525 -0.429136 0.148068
1769097968.623959 10.900781 -0.428501 0.151231
1769097968.633927 10.906861 -0.427574 0.157243
1769097968.638920 10.911111 -0.426900 0.160406
1769097968.649005 10.915408 -0.426205 0.163570
1769097968.658929 10.921577 -0.425187 0.168949
1769097968.668924 10.925768 -0.424472 0.172745
1769097968.673922 10.932151 -0.423358 0.179073
1769097968.683920 10.936510 -0.422569 0.183186
1769097968.703937 10.940716 -0.421790 0.187299
1769097968.743921 10.946933 -0.420612 0.193627
1769097968.793924 10.951105 -0.419794 0.197423
1769097968.853943 10.955399 -0.418935 0.200271
1769097968.893940 10.961650 -0.417666 0.205966
1769097968.943936 10.965614 -0.416838 0.209762
1769097968.998922 10.969823 -0.415942 0.213559
1769097969.038956 10.975784 -0.414649 0.221469
1769097969.098923 10.979735 -0.413759 0.225265
1769097969.143937 10.985779 -0.412374 0.233807
1769097969.203952 10.989940 -0.411383 0.239186
1769097969.243928 10.995768 -0.409962 0.247728
1769097969.289008 10.999792 -0.408944 0.252158
1769097969.339014 11.003689 -0.407940 0.255638
1769097969.393955 11.007828 -0.406859 0.259751
1769097969.453934 11.013650 -0.405311 0.262282
1769097969.498929 11.017561 -0.404261 0.262282
1769097969.543929 11.023599 -0.402640 0.261333
1769097969.593982 11.027805 -0.401516 0.261333
1769097969.643991 11.032035 -0.400384 0.260384
1769097969.694038 11.038443 -0.398677 0.259118
1769097969.743995 11.042651 -0.397561 0.258485
1769097969.798961 11.046884 -0.396442 0.258169
1769097969.843972 11.053320 -0.394743 0.258485
1769097969.894005 11.057504 -0.393636 0.258169
1769097969.948996 11.061665 -0.392538 0.258169
1769097969.994011 11.067856 -0.390903 0.259118
1769097970.038949 11.071868 -0.389839 0.259118
1769097970.098949 11.075758 -0.388808 0.259435
1769097970.144012 11.081874 -0.387185 0.259435
1769097970.193968 11.085764 -0.386152 0.259118
1769097970.248940 11.089801 -0.385082 0.260067
1769097970.289045 11.095965 -0.383442 0.260067
1769097970.368965 11.100172 -0.382323 0.260067
1769097970.394019 11.104281 -0.381229 0.260700
1769097970.449029 11.110542 -0.379559 0.261966
1769097970.498973 11.114771 -0.378425 0.261649
1769097970.548977 11.118976 -0.377299 0.261649
1769097970.588962 11.125186 -0.375636 0.261649
1769097970.639015 11.129367 -0.374516 0.261966
1769097970.698952 11.133474 -0.373415 0.261333
1769097970.738980 11.139685 -0.371754 0.260067
1769097970.788981 11.143647 -0.370700 0.259435
1769097970.843945 11.147855 -0.369583 0.257536
1769097970.888962 11.154243 -0.367900 0.255954
1769097970.938949 11.158210 -0.366862 0.255322
1769097970.993975 11.162349 -0.365782 0.253740
1769097971.043947 11.168474 -0.364194 0.254372
1769097971.098969 11.172320 -0.363194 0.255322
1769097971.138973 11.178614 -0.361551 0.256903
1769097971.188951 11.182531 -0.360522 0.258802
1769097971.249001 11.186592 -0.359447 0.259435
1769097971.293982 11.192439 -0.357895 0.261016
1769097971.353974 11.196205 -0.356889 0.262282
1769097971.394025 11.202316 -0.355248 0.262915
1769097971.443968 11.206227 -0.354196 0.262915
1769097971.499044 11.210064 -0.353163 0.261966
1769097971.543955 11.216078 -0.351550 0.261966
1769097971.594025 11.220283 -0.350423 0.261333
1769097971.648961 11.224586 -0.349272 0.259435
1769097971.689063 11.230947 -0.347584 0.259435
1769097971.748998 11.234861 -0.346545 0.260067
1769097971.794015 11.241074 -0.344892 0.259435
1769097971.839023 11.245306 -0.343768 0.259118
1769097971.899015 11.249539 -0.342647 0.259435
1769097971.938967 11.255532 -0.341056 0.258485
1769097971.988981 11.259374 -0.340040 0.258802
1769097972.048985 11.263533 -0.338939 0.258169
1769097972.088981 11.269725 -0.337304 0.258485
1769097972.138986 11.273591 -0.336282 0.257853
1769097972.193962 11.277727 -0.335191 0.258169
1769097972.243983 11.283894 -0.333562 0.258169
1769097972.308986 11.287761 -0.332541 0.258802
1769097972.344048 11.294049 -0.330877 0.259751
1769097972.394035 11.297938 -0.329843 0.261333
1769097972.449038 11.302119 -0.328725 0.261649
1769097972.493983 11.308134 -0.327114 0.262915
1769097972.539004 11.312240 -0.326009 0.262915
1769097972.598972 11.316126 -0.324963 0.263231
1769097972.643978 11.322260 -0.323310 0.262282
1769097972.689012 11.326196 -0.322253 0.262598
1769097972.744006 11.330327 -0.321143 0.261649
1769097972.788989 11.336684 -0.319441 0.259751
1769097972.838985 11.340915 -0.318316 0.258802
1769097972.893971 11.345148 -0.317196 0.257853
1769097972.943997 11.351438 -0.315537 0.256271
1769097972.998970 11.355576 -0.314453 0.255954
1769097973.044005 11.361673 -0.312857 0.255638
1769097973.088973 11.365665 -0.311814 0.256587
1769097973.148989 11.369802 -0.310728 0.256903
1769097973.193995 11.375751 -0.309165 0.257853
1769097973.243966 11.379764 -0.308107 0.259118
1769097973.293973 11.383728 -0.307056 0.260384
1769097973.338969 11.389793 -0.305440 0.261016
1769097973.398971 11.393681 -0.304402 0.261333
1769097973.438980 11.399550 -0.302832 0.261333
1769097973.488994 11.403486 -0.301779 0.261016
1769097973.549004 11.407643 -0.300669 0.262282
1769097973.588988 11.413877 -0.298995 0.261966
1769097973.644043 11.418131 -0.297855 0.261333
1769097973.699026 11.422336 -0.296730 0.261966
1769097973.738986 11.428424 -0.295098 0.262282
1769097973.789011 11.432653 -0.293963 0.261333
1769097973.849041 11.436589 -0.292910 0.261016
1769097973.889003 11.442825 -0.291244 0.260700
1769097973.944081 11.446958 -0.290142 0.259751
1769097973.999004 11.451141 -0.289030 0.259435
1769097974.044058 11.457452 -0.287355 0.257536
1769097974.089058 11.461564 -0.286272 0.257536
1769097974.149008 11.465701 -0.285182 0.256587
1769097974.189061 11.471968 -0.283538 0.256587
1769097974.244011 11.476081 -0.282459 0.256587
1769097974.294024 11.480243 -0.281367 0.257853
1769097974.338985 11.486460 -0.279727 0.259118
1769097974.389058 11.490545 -0.278644 0.260700
1769097974.449026 11.494678 -0.277542 0.261016
1769097974.489000 11.500792 -0.275909 0.262282
1769097974.539006 11.504825 -0.274826 0.263231
1769097974.598991 11.508906 -0.273726 0.263548
1769097974.638996 11.514991 -0.272084 0.263231
1769097974.689007 11.519195 -0.270952 0.261966
1769097974.749013 11.523106 -0.269903 0.261333
1769097974.794067 11.529390 -0.268222 0.260384
1769097974.854017 11.533744 -0.267062 0.259751
1769097974.899010 11.539614 -0.265502 0.258485
1769097974.944070 11.543921 -0.264363 0.257853
1769097974.999006 11.548155 -0.263247 0.256903
1769097975.044075 11.554324 -0.261626 0.256903
1769097975.089033 11.558559 -0.260514 0.256587
1769097975.144024 11.562452 -0.259492 0.256903
1769097975.189015 11.568376 -0.257936 0.257536
1769097975.249106 11.572145 -0.256943 0.257536
1769097975.289026 11.578289 -0.255325 0.258485
1769097975.339020 11.582228 -0.254283 0.258169
1769097975.393999 11.586070 -0.253269 0.257853
1769097975.439003 11.591993 -0.251707 0.259751
1769097975.489003 11.596225 -0.250582 0.260067
1769097975.544022 11.600285 -0.249502 0.260700
1769097975.594023 11.606326 -0.247890 0.261649
1769097975.649050 11.610213 -0.246849 0.261966
1769097975.694027 11.616447 -0.245178 0.262915
1769097975.744067 11.620455 -0.244099 0.262282
1769097975.799037 11.624367 -0.243049 0.262282
1769097975.844052 11.630502 -0.241402 0.261966
1769097975.899062 11.634414 -0.240353 0.261333
1769097975.944061 11.640429 -0.238744 0.260700
1769097975.994039 11.644660 -0.237616 0.259118
1769097976.049051 11.648917 -0.236487 0.258485
1769097976.094034 11.655206 -0.234824 0.257536
1769097976.139013 11.659269 -0.233754 0.256903
1769097976.199027 11.663430 -0.232661 0.256903
1769097976.239102 11.669746 -0.231002 0.258169
1769097976.289034 11.673906 -0.229903 0.257536
1769097976.349037 11.678043 -0.228814 0.258485
1769097976.394041 11.684233 -0.227177 0.260067
1769097976.439048 11.688269 -0.226103 0.260384
1769097976.494032 11.692109 -0.225080 0.261966
1769097976.544021 11.697903 -0.223526 0.261649
1769097976.589046 11.701986 -0.222433 0.262598
1769097976.644045 11.705921 -0.221375 0.261649
1769097976.689047 11.712107 -0.219719 0.261966
1769097976.754123 11.716288 -0.218598 0.261016
1769097976.794046 11.722376 -0.216971 0.260067
1769097976.844043 11.726363 -0.215911 0.260384
1769097976.899019 11.730668 -0.214764 0.260384
1769097976.944036 11.736831 -0.213122 0.259751
1769097976.994096 11.741112 -0.211984 0.259435
1769097977.049099 11.745075 -0.210932 0.258802
1769097977.089024 11.751314 -0.209280 0.258485
1769097977.149056 11.755278 -0.208232 0.257853
1769097977.194112 11.761470 -0.206599 0.256903
1769097977.244046 11.765338 -0.205583 0.256903
1769097977.294050 11.769475 -0.204496 0.255954
1769097977.344051 11.775450 -0.202933 0.255954
1769097977.394063 11.779515 -0.201869 0.256587
1769097977.449041 11.783530 -0.200816 0.257220
1769097977.489058 11.789698 -0.199193 0.258485
1769097977.554034 11.793564 -0.198171 0.259751
1769097977.594054 11.799753 -0.196526 0.261333
1769097977.639063 11.803885 -0.195421 0.262282
1769097977.699088 11.807797 -0.194371 0.262282
1769097977.744079 11.813908 -0.192730 0.263548
1769097977.794045 11.817916 -0.191649 0.263548
1769097977.849123 11.821825 -0.190594 0.262915
1769097977.894057 11.828033 -0.188923 0.262915
1769097977.944062 11.832286 -0.187778 0.260384
1769097978.004045 11.836419 -0.186677 0.260067
1769097978.044059 11.842754 -0.184991 0.258485
1769097978.094053 11.847037 -0.183859 0.257536
1769097978.149068 11.851296 -0.182738 0.257536
1769097978.194063 11.857635 -0.181068 0.257220
1769097978.244047 11.861821 -0.179967 0.256903
1769097978.299059 11.865958 -0.178880 0.257220
1769097978.349057 11.872151 -0.177251 0.258169
1769097978.394059 11.876262 -0.176165 0.258802
1769097978.449071 11.880250 -0.175109 0.259751
1769097978.494056 11.886341 -0.173491 0.260067
1769097978.544060 11.890401 -0.172410 0.260700
1769097978.604045 11.894241 -0.171386 0.260384
1769097978.639060 11.900282 -0.169777 0.260067
1769097978.699059 11.904342 -0.168696 0.261333
1769097978.749070 11.908523 -0.167578 0.260384
1769097978.794064 11.914784 -0.165910 0.261649
1769097978.844067 11.918696 -0.164862 0.262282
1769097978.894061 11.922974 -0.163714 0.261333
1769097978.949039 11.929063 -0.162085 0.261649
1769097978.989057 11.933292 -0.160953 0.261333
1769097979.049115 11.937425 -0.159848 0.261016
1769097979.089074 11.943636 -0.158188 0.260384
1769097979.149059 11.947622 -0.157126 0.258802
1769097979.189071 11.953886 -0.155468 0.256903
1769097979.244069 11.957852 -0.154426 0.256271
1769097979.299049 11.962112 -0.153310 0.255005
1769097979.344079 11.968333 -0.151688 0.254372
1769097979.389070 11.972301 -0.150656 0.254372
1769097979.449071 11.976441 -0.149580 0.255322
1769097979.494073 11.982613 -0.147969 0.257853
1769097979.544075 11.986773 -0.146872 0.258485
1769097979.599066 11.990860 -0.145791 0.259435
1769097979.644052 11.997000 -0.144162 0.262282
1769097979.689079 12.001009 -0.143085 0.262282
1769097979.749078 12.004994 -0.142016 0.263231
1769097979.794081 12.011079 -0.140376 0.262915
1769097979.844071 12.014965 -0.139330 0.263231
1769097979.894105 12.019120 -0.138210 0.261966
1769097979.944123 12.025207 -0.136578 0.260384
1769097979.994102 12.029340 -0.135477 0.260700
1769097980.049181 12.033645 -0.134329 0.259435
1769097980.089085 12.039956 -0.132653 0.258802
1769097980.139100 12.044018 -0.131578 0.258802
1769097980.194126 12.048275 -0.130451 0.258169
1769097980.244157 12.054638 -0.128771 0.258802
1769097980.299058 12.058822 -0.127663 0.258485
1769097980.349100 12.062933 -0.126576 0.258485
1769097980.394108 12.069050 -0.124959 0.259118
1769097980.444097 12.072867 -0.123947 0.258485
1769097980.499101 12.076978 -0.122860 0.258485
1769097980.544092 12.083095 -0.121243 0.258485
1769097980.594085 12.087231 -0.120149 0.258802
1769097980.644075 12.091268 -0.119081 0.259751
1769097980.694063 12.097481 -0.117429 0.259751
1769097980.754094 12.101542 -0.116350 0.260384
1769097980.794092 12.107730 -0.114702 0.261333
1769097980.844091 12.111666 -0.113649 0.262282
1769097980.899069 12.115822 -0.112533 0.262915
1769097980.939086 12.121883 -0.110902 0.262282
1769097980.994087 12.126014 -0.109793 0.262598
1769097981.049090 12.129803 -0.108774 0.262282
1769097981.099068 12.135890 -0.107140 0.260700
1769097981.149110 12.140072 -0.106024 0.260384
1769097981.199088 12.146186 -0.104395 0.257853
1769097981.244114 12.150175 -0.103343 0.256903
1769097981.299095 12.154435 -0.102224 0.255638
1769097981.344130 12.160581 -0.100618 0.255322
1769097981.394097 12.164794 -0.099518 0.254689
1769097981.449071 12.169007 -0.098422 0.255954
1769097981.494355 12.175226 -0.096794 0.256587
1769097981.539092 12.179339 -0.095715 0.257853
1769097981.599094 12.183426 -0.094637 0.258802
1769097981.639152 12.189323 -0.093076 0.260384
1769097981.694157 12.193261 -0.092027 0.261333
1769097981.749145 12.197320 -0.090941 0.261966
1769097981.794111 12.203407 -0.089309 0.262282
1769097981.844147 12.207465 -0.088220 0.262282
1769097981.894128 12.211572 -0.087117 0.261016
1769097981.944105 12.217612 -0.085504 0.261333
1769097981.989203 12.221817 -0.084379 0.261333
1769097982.044124 12.226047 -0.083248 0.260384
1769097982.089105 12.232382 -0.081560 0.260700
1769097982.149108 12.236344 -0.080503 0.260067
1769097982.189154 12.242679 -0.078817 0.259751
1769097982.244107 12.246862 -0.077706 0.259435
1769097982.304113 12.251069 -0.076589 0.259435
1769097982.349103 12.256965 -0.075024 0.258485
1769097982.389112 12.261125 -0.073924 0.257853
1769097982.449129 12.265310 -0.072820 0.257536
1769097982.524106 12.271527 -0.071183 0.257536
1769097982.544102 12.275419 -0.070158 0.256587
1769097982.604105 12.279581 -0.069066 0.257220
1769097982.639099 12.285798 -0.067431 0.258485
1769097982.694108 12.289738 -0.066389 0.258802
1769097982.749110 12.293799 -0.065314 0.260067
1769097982.794109 12.299816 -0.063713 0.258802
1769097982.839094 12.303951 -0.062618 0.258485
1769097982.894104 12.308013 -0.061544 0.255954
1769097982.944123 12.314159 -0.059935 0.251209
1769097982.989125 12.318254 -0.058885 0.247096
1769097983.044124 12.322475 -0.057820 0.242666
1769097983.089120 12.328445 -0.056342 0.235389
1769097983.149100 12.332728 -0.055315 0.229062
1769097983.194126 12.339112 -0.053826 0.221785
1769097983.244097 12.343383 -0.052863 0.215774
1769097983.299173 12.347586 -0.051942 0.211344
1769097983.344113 12.353947 -0.050577 0.203435
1769097983.394116 12.358210 -0.049698 0.199005
1769097983.449124 12.362254 -0.048882 0.196791
1769097983.494170 12.368534 -0.047630 0.190779
1769097983.544100 12.372411 -0.046882 0.188248
1769097983.594126 12.376514 -0.046100 0.185401
1769097983.644179 12.382758 -0.044929 0.179389
1769097983.694113 12.386643 -0.044224 0.176226
1769097983.744192 12.390829 -0.043479 0.171796
1769097983.789129 12.397089 -0.042393 0.165785
1769097983.849120 12.401058 -0.041729 0.161672
1769097983.894152 12.407453 -0.040686 0.154712
1769097983.944153 12.411579 -0.040042 0.151231
1769097984.004134 12.415908 -0.039382 0.145853
1769097984.044128 12.422294 -0.038444 0.140474
1769097984.089134 12.426354 -0.037870 0.136678
1769097984.144126 12.430692 -0.037274 0.132565
1769097984.189133 12.436889 -0.036447 0.125288
1769097984.244129 12.440932 -0.035938 0.121175
1769097984.294130 12.445278 -0.035409 0.116429
1769097984.344122 12.451538 -0.034677 0.108520
1769097984.399126 12.455891 -0.034202 0.103141
1769097984.439142 12.462034 -0.033567 0.096181
1769097984.489122 12.466065 -0.033178 0.092384
1769097984.549143 12.470274 -0.032788 0.088904
1769097984.594140 12.476703 -0.032215 0.083525
1769097984.639132 12.480587 -0.031890 0.079729
1769097984.694137 12.484775 -0.031555 0.076565
1769097984.744120 12.491160 -0.031065 0.072452
1769097984.804132 12.495325 -0.030763 0.068972
1769097984.844130 12.501587 -0.030330 0.063909
1769097984.894201 12.505907 -0.030054 0.059796
1769097984.954214 12.510227 -0.029795 0.055051
1769097984.994141 12.516469 -0.029451 0.047774
1769097985.044151 12.520792 -0.029244 0.042395
1769097985.099136 12.525167 -0.029059 0.036384
1769097985.139123 12.531643 -0.028823 0.028158
1769097985.189203 12.535792 -0.028706 0.022463
1769097985.249152 12.540119 -0.028609 0.017717
1769097985.294163 12.546471 -0.028497 0.011073
1769097985.339127 12.550368 -0.028453 0.006644
1769097985.394170 12.554722 -0.028424 0.003480
1769097985.444149 12.561176 -0.028402 -0.001266
1769097985.494157 12.565378 -0.028407 -0.005695
1769097985.549150 12.569731 -0.028432 -0.008226
1769097985.594154 12.576109 -0.028485 -0.013921
1769097985.639132 12.580285 -0.028543 -0.016768
1769097985.699130 12.584562 -0.028614 -0.019616
1769097985.739172 12.590888 -0.028739 -0.025943
1769097985.794183 12.594886 -0.028842 -0.030373
1769097985.849161 12.599187 -0.028973 -0.034802
1769097985.894172 12.605460 -0.029191 -0.041763
1769097985.949222 12.609582 -0.029364 -0.045243
1769097985.994181 12.615979 -0.029653 -0.051887
1769097986.039188 12.620226 -0.029874 -0.056949
1769097986.104181 12.624673 -0.030127 -0.061378
1769097986.144177 12.631292 -0.030534 -0.068972
1769097986.189151 12.635635 -0.030834 -0.074034
1769097986.249169 12.639775 -0.031141 -0.078463
1769097986.294165 12.646310 -0.031655 -0.085740
1769097986.339154 12.650521 -0.032017 -0.090486
1769097986.404149 12.654781 -0.032403 -0.093966
1769097986.449175 12.661131 -0.033002 -0.099661
1769097986.494158 12.665211 -0.033410 -0.104090
1769097986.549168 12.669189 -0.033825 -0.107254
1769097986.594165 12.675380 -0.034492 -0.112316
1769097986.639157 12.679379 -0.034943 -0.116429
1769097986.694176 12.683652 -0.035443 -0.119593
1769097986.739163 12.689784 -0.036180 -0.125921
1769097986.804145 12.693902 -0.036701 -0.129085
1769097986.844166 12.700428 -0.037548 -0.136045
1769097986.894149 12.704491 -0.038104 -0.140474
1769097986.954169 12.708851 -0.038721 -0.144904
1769097986.994168 12.715338 -0.039667 -0.152181
1769097987.039161 12.719341 -0.040281 -0.156610
1769097987.094177 12.723666 -0.040964 -0.161356
1769097987.139161 12.729837 -0.041969 -0.168000
1769097987.199178 12.734054 -0.042684 -0.174011
1769097987.244167 12.739962 -0.043722 -0.181288
1769097987.294182 12.744169 -0.044494 -0.186034
1769097987.354185 12.748448 -0.045299 -0.191096
1769097987.394179 12.754710 -0.046510 -0.197423
1769097987.439182 12.758606 -0.047290 -0.200271
1769097987.499170 12.762798 -0.048141 -0.203751
1769097987.544177 12.769094 -0.049442 -0.208180
1769097987.594169 12.773205 -0.050310 -0.211977
1769097987.644226 12.777214 -0.051173 -0.213243
1769097987.689171 12.783423 -0.052517 -0.217988
1769097987.739161 12.787525 -0.053426 -0.221152
1769097987.799150 12.791698 -0.054364 -0.224000
1769097987.844174 12.798016 -0.055803 -0.232226
1769097987.904158 12.802154 -0.056782 -0.237288
1769097987.944200 12.808058 -0.058210 -0.244881
1769097987.994199 12.812380 -0.059290 -0.250576
1769097988.049196 12.816303 -0.060294 -0.255638
1769097988.089222 12.822597 -0.061939 -0.263548
1769097988.139184 12.826751 -0.063060 -0.269242
1769097988.199170 12.830801 -0.064177 -0.273039
1769097988.249176 12.837065 -0.065932 -0.279050
1769097988.294180 12.841129 -0.067096 -0.282531
1769097988.349175 12.845309 -0.068310 -0.284429
1769097988.394161 12.851359 -0.070078 -0.290440
1769097988.444245 12.855457 -0.071303 -0.294553
1769097988.499172 12.859308 -0.072471 -0.297401
1769097988.544185 12.865406 -0.074340 -0.303095
1769097988.594198 12.869440 -0.075602 -0.308474
1769097988.649192 12.873444 -0.076878 -0.312903
1769097988.689187 12.879560 -0.078857 -0.319231
1769097988.739161 12.883406 -0.080128 -0.323660
1769097988.799164 12.887485 -0.081496 -0.328090
1769097988.844188 12.893595 -0.083576 -0.335367
1769097988.894192 12.897634 -0.084984 -0.339480
1769097988.949194 12.901763 -0.086442 -0.343593
1769097988.994179 12.907935 -0.088650 -0.350237
1769097989.044199 12.912167 -0.090196 -0.354666
1769097989.094161 12.916250 -0.091708 -0.359728
1769097989.144196 12.922385 -0.094015 -0.368270
1769097989.189187 12.926471 -0.095592 -0.373016
1769097989.249218 12.930478 -0.097160 -0.376813
1769097989.294188 12.936149 -0.099404 -0.384090
1769097989.339198 12.940115 -0.101007 -0.387570
1769097989.399197 12.943912 -0.102557 -0.391999
1769097989.444202 12.949736 -0.104965 -0.397378
1769097989.494185 12.953610 -0.106591 -0.399909
1769097989.549191 12.957387 -0.108187 -0.402440
1769097989.589203 12.963186 -0.110655 -0.407186
1769097989.639196 12.967160 -0.112369 -0.410666
1769097989.699257 12.971198 -0.114128 -0.414462
1769097989.739207 12.977106 -0.116727 -0.421107
1769097989.794220 12.980917 -0.118434 -0.425852
1769097989.849278 12.984836 -0.120211 -0.430282
1769097989.894239 12.990793 -0.122946 -0.437558
1769097989.939295 12.994553 -0.124705 -0.442621
1769097989.999253 12.998419 -0.126537 -0.448632
1769097990.044226 13.004303 -0.129369 -0.455592
1769097990.089253 13.008098 -0.131229 -0.460338
1769097990.144244 13.011885 -0.133107 -0.465084
1769097990.189201 13.017631 -0.135990 -0.470779
1769097990.249204 13.021263 -0.137838 -0.475525
1769097990.294190 13.026956 -0.140770 -0.481536
1769097990.339181 13.030770 -0.142763 -0.484700
1769097990.394206 13.034599 -0.144780 -0.488813
1769097990.444210 13.038309 -0.146752 -0.491344
1769097990.494215 13.043955 -0.149774 -0.496722
1769097990.549189 13.047560 -0.151728 -0.499886
1769097990.594214 13.053180 -0.154797 -0.505897
1769097990.639201 13.056921 -0.156870 -0.510010
1769097990.704215 13.060544 -0.158896 -0.514440
1769097990.744206 13.066053 -0.162010 -0.521400
1769097990.794283 13.069762 -0.164141 -0.526146
1769097990.849210 13.073329 -0.166212 -0.530892
1769097990.894206 13.078961 -0.169519 -0.539118
1769097990.939211 13.082545 -0.171663 -0.545129
1769097990.999198 13.086332 -0.173959 -0.550507
1769097991.044193 13.091746 -0.177283 -0.557784
1769097991.089223 13.095483 -0.179614 -0.562214
1769097991.144224 13.099145 -0.181921 -0.566959
1769097991.189224 13.104611 -0.185401 -0.572022
1769097991.239191 13.108037 -0.187607 -0.575502
1769097991.294224 13.111477 -0.189839 -0.578033
1769097991.339213 13.116565 -0.193158 -0.581829
1769097991.404212 13.120075 -0.195467 -0.586259
1769097991.444230 13.125304 -0.198939 -0.591954
1769097991.494219 13.128811 -0.201298 -0.594801
1769097991.549220 13.132124 -0.203539 -0.599231
1769097991.594225 13.137474 -0.207193 -0.605558
1769097991.639208 13.140950 -0.209599 -0.610304
1769097991.704239 13.144538 -0.212109 -0.614417
1769097991.744245 13.149832 -0.215844 -0.620745
1769097991.794241 13.153415 -0.218406 -0.626439
1769097991.854217 13.156921 -0.220943 -0.629920
1769097991.894238 13.162157 -0.224760 -0.636247
1769097991.939223 13.165659 -0.227347 -0.640677
1769097992.004223 13.169108 -0.229919 -0.645106
1769097992.044280 13.174286 -0.233815 -0.653332
1769097992.089247 13.177702 -0.236430 -0.658394
1769097992.149263 13.181066 -0.239032 -0.662824
1769097992.194242 13.186153 -0.243004 -0.669468
1769097992.239281 13.189428 -0.245595 -0.674213
1769097992.294312 13.192750 -0.248250 -0.677377
1769097992.344236 13.196063 -0.250915 -0.681174
1769097992.394231 13.200939 -0.254868 -0.686869
1769097992.444228 13.204286 -0.257612 -0.689716
1769097992.494234 13.207527 -0.260286 -0.692247
1769097992.539219 13.212262 -0.264211 -0.696993
1769097992.594238 13.215387 -0.266827 -0.701106
1769097992.639227 13.220183 -0.270876 -0.707434
1769097992.694240 13.223492 -0.273705 -0.711863
1769097992.749250 13.226750 -0.276516 -0.716292
1769097992.794234 13.231541 -0.280688 -0.724835
1769097992.854292 13.234763 -0.283540 -0.731162
1769097992.894232 13.239473 -0.287766 -0.739388
1769097992.939219 13.242690 -0.290699 -0.745083
1769097992.999233 13.245871 -0.293634 -0.750462
1769097993.044244 13.250443 -0.297897 -0.756473
1769097993.089244 13.253499 -0.300781 -0.760270
1769097993.149236 13.256544 -0.303676 -0.763434
1769097993.194216 13.261170 -0.308104 -0.768179
1769097993.239232 13.264264 -0.311094 -0.771343
1769097993.299226 13.267349 -0.314093 -0.773874
1769097993.339234 13.271585 -0.318233 -0.779569
1769097993.394256 13.274556 -0.321168 -0.783682
1769097993.449296 13.277603 -0.324206 -0.786846
1769097993.494249 13.282107 -0.328722 -0.793174
1769097993.544253 13.285108 -0.331770 -0.797287
1769097993.594245 13.287902 -0.334632 -0.801716
1769097993.639246 13.292232 -0.339106 -0.808044
1769097993.704245 13.295170 -0.342180 -0.812473
1769097993.744271 13.299609 -0.346865 -0.818484
1769097993.794280 13.302566 -0.350025 -0.823863
1769097993.854252 13.305558 -0.353257 -0.828925
1769097993.894237 13.309851 -0.357940 -0.836202
1769097993.944226 13.312650 -0.361040 -0.839682
1769097993.999272 13.315574 -0.364299 -0.845061
1769097994.044267 13.319891 -0.369165 -0.851705
1769097994.089272 13.322692 -0.372364 -0.856134
1769097994.144251 13.325396 -0.375481 -0.860247
1769097994.189244 13.329490 -0.380239 -0.865942
1769097994.254261 13.332048 -0.383246 -0.868473
1769097994.299246 13.336054 -0.387980 -0.870688
1769097994.344236 13.338696 -0.391116 -0.870688
1769097994.399258 13.341240 -0.394135 -0.871953
1769097994.439256 13.345213 -0.398863 -0.871953
1769097994.494252 13.347965 -0.402138 -0.871637
1769097994.544286 13.350783 -0.405490 -0.871953
1769097994.594263 13.355017 -0.410528 -0.871953
1769097994.639300 13.357834 -0.413880 -0.871637
1769097994.704493 13.360652 -0.417232 -0.871953
1769097994.744271 13.364739 -0.422095 -0.872902
1769097994.804241 13.367536 -0.425431 -0.873535
1769097994.844260 13.371567 -0.430243 -0.874801
1769097994.894248 13.374180 -0.433370 -0.876383
1769097994.949257 13.376885 -0.436618 -0.877332
1769097994.994269 13.381026 -0.441601 -0.877332
1769097995.039259 13.383615 -0.444716 -0.877332
1769097995.094256 13.386349 -0.448005 -0.878281
1769097995.144260 13.390422 -0.452914 -0.877648
1769097995.189269 13.393171 -0.456224 -0.876383
1769097995.249232 13.395924 -0.459530 -0.876383
1769097995.299261 13.400006 -0.464432 -0.875117
1769097995.344265 13.402731 -0.467696 -0.873851
1769097995.399246 13.405428 -0.470918 -0.873219
1769097995.444254 13.409509 -0.475786 -0.871637
1769097995.494271 13.412213 -0.479002 -0.872270
1769097995.549270 13.414899 -0.482200 -0.871953
1769097995.599288 13.418970 -0.487045 -0.871320
1769097995.639274 13.421707 -0.490298 -0.871953
1769097995.704257 13.424492 -0.493612 -0.871004
1769097995.744291 13.428681 -0.498588 -0.872586
1769097995.794285 13.431480 -0.501923 -0.873219
1769097995.854281 13.434341 -0.505337 -0.873219
1769097995.899250 13.438585 -0.510400 -0.874168
1769097995.944280 13.441346 -0.513700 -0.875433
1769097996.004289 13.444167 -0.517082 -0.875433
1769097996.044279 13.448351 -0.522096 -0.876066
1769097996.089284 13.451057 -0.525343 -0.876383
1769097996.149307 13.453729 -0.528552 -0.876699
1769097996.194277 13.457793 -0.533435 -0.876383
1769097996.244287 13.460466 -0.536644 -0.875433
1769097996.304265 13.462979 -0.539657 -0.875750
1769097996.344289 13.467016 -0.544497 -0.874168
1769097996.399270 13.469614 -0.547603 -0.874168
1769097996.449368 13.472196 -0.550690 -0.873851
1769097996.494288 13.476355 -0.555658 -0.872586
1769097996.559259 13.479024 -0.558838 -0.872586
1769097996.594298 13.483173 -0.563782 -0.872270
1769097996.639297 13.485972 -0.567116 -0.871637
1769097996.704293 13.488758 -0.570428 -0.871953
1769097996.749277 13.492926 -0.575389 -0.872586
1769097996.804276 13.495709 -0.578704 -0.873535
1769097997.149287 13.498293 -0.581789 -0.874484
1769097997.174273 13.502384 -0.586683 -0.875117
1769097997.184304 13.505174 -0.590025 -0.877015
1769097997.194280 13.507925 -0.593333 -0.876383
1769097997.209297 13.512137 -0.598390 -0.878281
1769097997.219279 13.514900 -0.601721 -0.879863
1769097997.229288 13.517674 -0.605076 -0.878597
1769097997.244282 13.521842 -0.610103 -0.877964
1769097997.344296 13.524558 -0.613375 -0.877964
1769097997.364289 13.527242 -0.616608 -0.876699
1769097997.384274 13.529978 -0.619896 -0.876383
1769097997.429303 13.533881 -0.624583 -0.875433
1769097997.499290 13.536541 -0.627770 -0.874801
1769097997.514283 13.540517 -0.632529 -0.873851
1769097997.544293 13.543214 -0.635751 -0.872586
1769097997.604265 13.545915 -0.638969 -0.872586
1769097997.639289 13.549999 -0.643835 -0.872270
1769097997.704339 13.552652 -0.646995 -0.872586
1769097997.839312 13.555450 -0.650329 -0.872586
1769097997.854312 13.559681 -0.655370 -0.871953
1769097997.864288 13.562547 -0.658781 -0.873219
1769097997.924290 13.565213 -0.661962 -0.873219
1769097997.939341 13.569424 -0.666986 -0.873535
1769097998.014336 13.572219 -0.670324 -0.874801
1769097998.044306 13.574832 -0.673451 -0.875750
1769097998.114297 13.578982 -0.678427 -0.877015
1769097998.139293 13.581539 -0.681502 -0.877015
1769097998.219313 13.584226 -0.684732 -0.877015
1769097998.239293 13.588142 -0.689441 -0.876383
1769097998.364303 13.590847 -0.692689 -0.876066
1769097998.379299 13.594963 -0.697628 -0.875433
1769097998.394310 13.597687 -0.700893 -0.875433
1769097998.464288 13.600444 -0.704197 -0.874168
1769097998.524371 13.604601 -0.709167 -0.872270
1769097998.539300 13.607336 -0.712423 -0.872902
1769097998.629310 13.610052 -0.715662 -0.871320
1769097998.644306 13.614224 -0.720620 -0.871320
1769097998.709298 13.616994 -0.723912 -0.871320
1769097998.799299 13.619715 -0.727147 -0.871637
1769097998.809309 13.622452 -0.730401 -0.872902
1769097998.839329 13.626534 -0.735269 -0.871953
1769097998.889318 13.629335 -0.738602 -0.872586
1769097998.954300 13.632101 -0.741898 -0.873851
1769097999.014324 13.636309 -0.746924 -0.875433
1769097999.074310 13.639098 -0.750267 -0.877332
1769097999.094315 13.641913 -0.753654 -0.876699
1769097999.144316 13.646204 -0.758809 -0.877648
1769097999.204290 13.648953 -0.762119 -0.878281
1769097999.269313 13.651700 -0.765431 -0.877648
1769097999.289318 13.655792 -0.770357 -0.877332
1769097999.709317 13.658478 -0.773588 -0.876699
1769097999.729343 13.661133 -0.776779 -0.876699
1769097999.739311 13.665116 -0.781564 -0.875433
1769097999.754346 13.667759 -0.784732 -0.874484
1769097999.764332 13.670422 -0.787917 -0.874484
1769097999.779320 13.674480 -0.792771 -0.873219
1769097999.789348 13.677228 -0.796050 -0.872270
1769097999.799306 13.680011 -0.799364 -0.872586
1769097999.824381 13.684193 -0.804347 -0.871637
1769097999.839321 13.687027 -0.807718 -0.872270
1769097999.849316 13.689843 -0.811071 -0.871953
1769097999.889346 13.694012 -0.816032 -0.871953
1769097999.939299 13.696829 -0.819384 -0.872270
1769097999.999338 13.699579 -0.822660 -0.873219
1769098000.044301 13.703725 -0.827606 -0.874168
1769098000.089324 13.706308 -0.830693 -0.875750
1769098000.144388 13.708885 -0.833784 -0.875433
1769098000.189369 13.713004 -0.838720 -0.876066
1769098000.254330 13.715758 -0.842025 -0.877332
1769098000.294375 13.719706 -0.846775 -0.877332
1769098000.344336 13.722359 -0.849967 -0.877332
1769098000.399324 13.725110 -0.853276 -0.876066
1769098000.444330 13.729258 -0.858254 -0.874801
1769098000.489324 13.731984 -0.861517 -0.874801
1769098000.549326 13.734678 -0.864741 -0.873535
1769098000.589314 13.738676 -0.869515 -0.872902
1769098000.639333 13.741408 -0.872773 -0.872270
1769098000.699329 13.744094 -0.875971 -0.871953
1769098000.739329 13.748149 -0.880796 -0.872270
1769098000.789346 13.750883 -0.884052 -0.871637
1769098000.844338 13.753669 -0.887365 -0.871953
1769098000.894386 13.757658 -0.892112 -0.872902
1769098000.944346 13.760456 -0.895448 -0.872902
1769098000.999336 13.763286 -0.898822 -0.874168
1769098001.039346 13.767524 -0.903889 -0.875750
1769098001.089332 13.770361 -0.907291 -0.875433
1769098001.144361 13.773053 -0.910517 -0.876699
1769098001.189332 13.777230 -0.915536 -0.877964
1769098001.244330 13.780043 -0.918925 -0.877332
1769098001.299349 13.782729 -0.922156 -0.877964
1769098001.339338 13.786770 -0.927025 -0.877964
1769098001.389354 13.789405 -0.930199 -0.877648
1769098001.444360 13.792074 -0.933412 -0.876699
1769098001.489413 13.795976 -0.938100 -0.875750
1769098001.539340 13.798667 -0.941327 -0.875750
1769098001.594379 13.801374 -0.944574 -0.874801
1769098001.639335 13.805479 -0.949488 -0.873219
1769098001.704337 13.808243 -0.952786 -0.872586
1769098001.744331 13.812295 -0.957613 -0.872270
1769098001.789378 13.815029 -0.960869 -0.872270
1769098001.854361 13.817634 -0.963971 -0.871004
1769098001.894383 13.821823 -0.968947 -0.871953
1769098001.944392 13.824575 -0.972222 -0.871637
1769098001.999375 13.827328 -0.975496 -0.872586
1769098002.049351 13.831428 -0.980381 -0.873219
1769098002.089320 13.834192 -0.983679 -0.873851
1769098002.149364 13.836987 -0.987017 -0.873851
1769098002.194426 13.841129 -0.991966 -0.876066
1769098002.239330 13.843949 -0.995350 -0.876699
1769098002.299332 13.846636 -0.998579 -0.876699
1769098002.339349 13.850765 -1.003540 -0.876383
1769098002.389350 13.853535 -1.006866 -0.876699
1769098002.444355 13.856158 -1.010018 -0.876066
1769098002.489351 13.860225 -1.014898 -0.875750
1769098002.539348 13.862980 -1.018203 -0.875117
1769098002.594361 13.865657 -1.021408 -0.874168
1769098002.639361 13.869636 -1.026165 -0.873219
1769098002.694416 13.872335 -1.029385 -0.873851
1769098002.749335 13.875016 -1.032587 -0.872270
1769098002.789419 13.879150 -1.037510 -0.871004
1769098002.839357 13.881889 -1.040763 -0.872270
1769098002.899356 13.884656 -1.044058 -0.872270
1769098002.939358 13.888855 -1.049059 -0.872270
1769098002.989356 13.891671 -1.052412 -0.872586
1769098003.049360 13.894535 -1.055825 -0.872586
1769098003.089357 13.898716 -1.060807 -0.873535
1769098003.144361 13.901366 -1.063970 -0.875117
1769098003.194360 13.904204 -1.067370 -0.876066
1769098003.239354 13.908158 -1.072114 -0.877332
1769098003.289363 13.910779 -1.075268 -0.877964
1769098003.344370 13.913479 -1.078520 -0.878281
1769098003.389370 13.917503 -1.083371 -0.878597
1769098003.449372 13.920265 -1.086703 -0.877015
1769098003.489412 13.924198 -1.091431 -0.877964
1769098003.544374 13.926736 -1.094489 -0.877015
1769098003.594368 13.929487 -1.097797 -0.875750
1769098003.639359 13.933572 -1.102696 -0.875750
1769098003.694379 13.936312 -1.105981 -0.874801
1769098003.749395 13.939022 -1.109225 -0.873219
1769098003.789454 13.943151 -1.114152 -0.872586
1769098003.839383 13.945722 -1.117215 -0.872586
1769098003.894357 13.948309 -1.120298 -0.872902
1769098003.939375 13.952375 -1.125146 -0.872902
1769098003.989377 13.955075 -1.128365 -0.872902
1769098004.044400 13.957840 -1.131662 -0.871637
1769098004.089371 13.961994 -1.136602 -0.872586
1769098004.139387 13.964825 -1.139976 -0.874484
1769098004.194446 13.967601 -1.143296 -0.875433
1769098004.244390 13.971834 -1.148368 -0.875750
1769098004.294425 13.974687 -1.151790 -0.875750
1769098004.349378 13.977426 -1.155075 -0.876699
1769098004.389374 13.981619 -1.160114 -0.876383
1769098004.444358 13.984373 -1.163420 -0.877015
1769098004.499387 13.987108 -1.166709 -0.876699
1769098004.544383 13.991124 -1.171534 -0.876066
1769098004.589386 13.993797 -1.174742 -0.876383
1769098004.644385 13.996324 -1.177776 -0.875750
1769098004.689364 14.000328 -1.182577 -0.874168
1769098004.754401 14.002942 -1.185703 -0.873851
1769098004.789435 14.007036 -1.190594 -0.875117
1769098004.844384 14.009648 -1.193722 -0.877964
1769098004.899378 14.012461 -1.197111 -0.879230
1769098004.944391 14.016577 -1.202082 -0.884608
1769098004.989387 14.019368 -1.205489 -0.889671
1769098005.049394 14.022093 -1.208852 -0.893784
1769098005.089384 14.026025 -1.213744 -0.900744
1769098005.139402 14.028635 -1.217037 -0.905173
1769098005.194388 14.031307 -1.220442 -0.910552
1769098005.244390 14.035219 -1.225480 -0.918145
1769098005.294397 14.037679 -1.228697 -0.923207
1769098005.344386 14.040259 -1.232108 -0.928586
1769098005.389410 14.044049 -1.237175 -0.935546
1769098005.449391 14.046602 -1.240639 -0.939976
1769098005.489402 14.050409 -1.245851 -0.945987
1769098005.544407 14.052882 -1.249279 -0.949467
1769098005.599386 14.055416 -1.252819 -0.952631
1769098005.639414 14.059083 -1.257976 -0.958326
1769098005.689429 14.061367 -1.261227 -0.960541
1769098005.749390 14.063688 -1.264546 -0.963072
1769098005.789433 14.067272 -1.269699 -0.968134
1769098005.844445 14.069683 -1.273202 -0.971930
1769098005.899388 14.071923 -1.276484 -0.975411
1769098005.944391 14.075500 -1.281765 -0.982371
1769098005.999388 14.077790 -1.285197 -0.987750
1769098006.044414 14.081357 -1.290606 -0.995343
1769098006.089401 14.083754 -1.294301 -0.999772
1769098006.139400 14.086121 -1.297985 -1.005783
1769098006.194422 14.088438 -1.301640 -1.011162
1769098006.244403 14.091972 -1.307282 -1.017806
1769098006.294461 14.094272 -1.311008 -1.021919
1769098006.344449 14.096530 -1.314700 -1.026665
1769098006.389411 14.099766 -1.320049 -1.032043
1769098006.449432 14.101935 -1.323677 -1.035523
1769098006.494407 14.105176 -1.329141 -1.040269
1769098006.544434 14.107289 -1.332744 -1.043749
1769098006.589459 14.109453 -1.336463 -1.048179
1769098006.644470 14.111525 -1.340059 -1.052608
1769098006.689419 14.114659 -1.345556 -1.059569
1769098006.739399 14.116727 -1.349243 -1.063049
1769098006.794409 14.118831 -1.353025 -1.067795
1769098006.839410 14.121930 -1.358658 -1.074122
1769098006.899418 14.123836 -1.362173 -1.077919
1769098006.944459 14.126818 -1.367726 -1.083930
1769098006.989406 14.128843 -1.371551 -1.087410
1769098007.049406 14.130749 -1.375181 -1.091840
1769098007.089418 14.133758 -1.380977 -1.098167
1769098007.144392 14.135752 -1.384875 -1.102280
1769098007.194398 14.137729 -1.388782 -1.108292
1769098007.244398 14.140676 -1.394694 -1.116201
1769098007.294394 14.142566 -1.398560 -1.121896
1769098007.344412 14.144422 -1.402414 -1.126642
1769098007.389416 14.147098 -1.408036 -1.133602
1769098007.454391 14.148887 -1.411866 -1.137715
1769098007.494393 14.151426 -1.417356 -1.143094
1769098007.539431 14.153095 -1.421018 -1.146574
1769098007.594429 14.154710 -1.424594 -1.149422
1769098007.639407 14.157288 -1.430345 -1.152902
1769098007.694395 14.159034 -1.434277 -1.155433
1769098007.749414 14.160627 -1.437890 -1.158597
1769098007.789440 14.163254 -1.443896 -1.163342
1769098007.854438 14.164949 -1.447824 -1.168088
1769098007.894459 14.167419 -1.453622 -1.175998
1769098007.939427 14.169074 -1.457594 -1.180427
1769098007.999418 14.170740 -1.461643 -1.186438
1769098008.044454 14.173084 -1.467439 -1.194348
1769098008.089423 14.174582 -1.471228 -1.199727
1769098008.149410 14.176161 -1.475285 -1.204789
1769098008.189434 14.178462 -1.481289 -1.211749
1769098008.244428 14.179965 -1.485293 -1.216495
1769098008.299405 14.181440 -1.489281 -1.220924
1769098008.344430 14.183652 -1.495345 -1.226303
1769098008.389430 14.185131 -1.499466 -1.229783
1769098008.449439 14.186545 -1.503450 -1.233263
1769098008.494431 14.188699 -1.509587 -1.238009
1769098008.539433 14.190080 -1.513582 -1.241489
1769098008.604483 14.191438 -1.517558 -1.245919
1769098008.644416 14.193490 -1.523651 -1.250981
1769098008.694439 14.194811 -1.527639 -1.254777
1769098008.749409 14.196046 -1.531416 -1.259523
1769098008.789488 14.197992 -1.537464 -1.266167
1769098008.844439 14.199283 -1.541569 -1.269964
1769098008.899425 14.200550 -1.545654 -1.274709
1769098008.944442 14.202433 -1.551827 -1.281986
1769098008.994433 14.203673 -1.556001 -1.287048
1769098009.054437 14.204899 -1.560204 -1.292427
1769098009.089440 14.206728 -1.566605 -1.300337
1769098009.139445 14.207898 -1.570824 -1.305082
1769098009.199503 14.209068 -1.575123 -1.310144
1769098009.244442 14.210744 -1.581408 -1.316788
1769098009.294442 14.211800 -1.585474 -1.321218
1769098009.354442 14.212863 -1.589644 -1.324382
1769098009.394450 14.214388 -1.595707 -1.329127
1769098009.444438 14.215369 -1.599688 -1.332924
1769098009.504448 14.216371 -1.603821 -1.336088
1769098009.544419 14.217819 -1.609876 -1.341783
1769098009.589494 14.218773 -1.613968 -1.345579
1769098009.639428 14.219740 -1.618187 -1.349060
1769098009.694461 14.220686 -1.622384 -1.353489
1769098009.744523 14.222072 -1.628662 -1.359817
1769098009.794465 14.222984 -1.632919 -1.363613
1769098009.849458 14.223869 -1.637130 -1.368675
1769098009.889445 14.225185 -1.643552 -1.374687
1769098009.954442 14.226038 -1.647847 -1.378800
1769098009.994526 14.227226 -1.653959 -1.385127
1769098010.044480 14.228025 -1.658212 -1.388608
1769098010.104430 14.228805 -1.662444 -1.391139
1769098010.144453 14.229944 -1.668720 -1.394935
1769098010.189448 14.230697 -1.672956 -1.396201
1769098010.249453 14.231414 -1.677019 -1.397783
1769098010.294458 14.232503 -1.683252 -1.398415
1769098010.339458 14.233193 -1.687217 -1.398732
1769098010.394452 14.233930 -1.691456 -1.398099
1769098010.444451 14.234996 -1.697565 -1.397150
1769098010.494452 14.235730 -1.701753 -1.395884
1769098010.549456 14.236466 -1.705916 -1.394935
1769098010.594515 14.237582 -1.712196 -1.393037
1769098010.639473 14.238329 -1.716356 -1.392088
1769098010.699443 14.239085 -1.720540 -1.390822
1769098010.749464 14.240241 -1.726890 -1.391139
1769098010.789455 14.240982 -1.730975 -1.391139
1769098010.849470 14.241751 -1.735208 -1.392404
1769098010.894511 14.242896 -1.741560 -1.393353
1769098010.939462 14.243656 -1.745795 -1.394619
1769098010.999472 14.244428 -1.750131 -1.395884
1769098011.039435 14.245560 -1.756537 -1.397466
1769098011.089525 14.246328 -1.760925 -1.398099
1769098011.149460 14.247085 -1.765263 -1.398732
1769098011.189466 14.248207 -1.771722 -1.399048
1769098011.244467 14.248947 -1.775986 -1.398732
1769098011.299459 14.249662 -1.780101 -1.397783
1769098011.344467 14.250760 -1.786384 -1.396517
1769098011.394462 14.251497 -1.790572 -1.395884
1769098011.449471 14.252215 -1.794634 -1.396201
1769098011.494452 14.253284 -1.800691 -1.395884
1769098011.549515 14.253980 -1.804629 -1.395884
1769098011.589453 14.255046 -1.810661 -1.395252
1769098011.639476 14.255744 -1.814599 -1.394619
1769098011.699473 14.256480 -1.818735 -1.394619
1769098011.744500 14.257625 -1.825164 -1.392721
1769098011.794527 14.258396 -1.829449 -1.393353
1769098011.849514 14.259129 -1.833535 -1.392088
1769098011.894474 14.260299 -1.840011 -1.392088
1769098011.944484 14.261045 -1.844145 -1.392088
1769098011.999480 14.261815 -1.848405 -1.391771
1769098012.044496 14.262973 -1.854805 -1.392088
1769098012.089487 14.263729 -1.858990 -1.393986
1769098012.149465 14.264495 -1.863276 -1.395252
1769098012.189470 14.265622 -1.869631 -1.396834
1769098012.239478 14.266345 -1.873744 -1.398415
1769098012.299524 14.267083 -1.877983 -1.399048
1769098012.344481 14.268177 -1.884292 -1.399365
1769098012.389455 14.268907 -1.888507 -1.398415
1769098012.449542 14.269654 -1.892796 -1.398415
1769098012.494486 14.270752 -1.899105 -1.396834
1769098012.544475 14.271488 -1.903293 -1.395568
1769098012.604475 14.272212 -1.907380 -1.394302
1769098012.639536 14.273327 -1.913634 -1.392088
1769098012.694534 14.274043 -1.917595 -1.392404
1769098012.749480 14.274788 -1.921730 -1.391771
1769098012.794492 14.275928 -1.928031 -1.392088
1769098012.844478 14.276693 -1.932265 -1.392721
1769098012.899480 14.277447 -1.936450 -1.392721
1769098012.944495 14.278617 -1.942952 -1.394302
1769098012.994483 14.279359 -1.947113 -1.395252
1769098013.049486 14.280132 -1.951474 -1.394935
1769098013.089495 14.281279 -1.957929 -1.395252
1769098013.144491 14.282048 -1.962265 -1.396517
1769098013.199479 14.282808 -1.966577 -1.396834
1769098013.244533 14.283916 -1.972884 -1.397150
1769098013.289498 14.284664 -1.977147 -1.396834
1769098013.349496 14.285400 -1.981335 -1.397466
1769098013.394506 14.286465 -1.987419 -1.398732
1769098013.444467 14.287184 -1.991558 -1.398732
1769098013.499487 14.287921 -1.995797 -1.398732
1769098013.544473 14.289005 -2.002032 -1.398099
1769098013.594490 14.289740 -2.006246 -1.397150
1769098013.649513 14.290465 -2.010384 -1.397150
1769098013.699473 14.291572 -2.016691 -1.394302
1769098013.744528 14.292327 -2.020927 -1.393670
1769098013.804473 14.293072 -2.025088 -1.392721
1769098013.844539 14.294211 -2.031415 -1.390822
1769098013.894544 14.294972 -2.035599 -1.390189
1769098013.954563 14.295736 -2.039782 -1.390189
1769098013.999559 14.296886 -2.046081 -1.391139
1769098014.044525 14.297651 -2.050290 -1.392088
1769098014.104482 14.298420 -2.054549 -1.393037
1769098014.144557 14.299575 -2.060976 -1.394935
1769098014.189517 14.300336 -2.065263 -1.396201
1769098014.254553 14.301092 -2.069550 -1.396834
1769098014.299496 14.302214 -2.075932 -1.398099
1769098014.339501 14.302971 -2.080270 -1.398099
1769098014.394563 14.303715 -2.084534 -1.397783
1769098014.444508 14.304451 -2.088748 -1.397466
1769098014.494505 14.305551 -2.095030 -1.396834
1769098014.544507 14.306278 -2.099168 -1.395568
1769098014.599501 14.307011 -2.103306 -1.394935
1769098014.639508 14.308118 -2.109536 -1.393670
1769098014.694505 14.308849 -2.113622 -1.394302
1769098014.749422 14.309596 -2.117808 -1.393670
1769098014.794504 14.310720 -2.124086 -1.393670
1769098014.844561 14.311482 -2.128347 -1.393986
1769098014.899514 14.312243 -2.132607 -1.393037
1769098014.944488 14.313380 -2.138935 -1.393670
1769098014.994521 14.314152 -2.143245 -1.393986
1769098015.049562 14.314931 -2.147606 -1.393670
1769098015.094495 14.316059 -2.153909 -1.393986
1769098015.139509 14.316834 -2.158244 -1.393986
1769098015.199508 14.317595 -2.162505 -1.393670
1769098015.244516 14.318728 -2.168833 -1.394935
1769098015.294516 14.319476 -2.173045 -1.396517
1769098015.349528 14.320236 -2.177357 -1.398099
1769098015.394521 14.321345 -2.183716 -1.399681
1769098015.444530 14.322073 -2.187931 -1.399997
1769098015.499511 14.322809 -2.192196 -1.400314
1769098015.544513 14.323852 -2.198257 -1.400630
1769098015.594522 14.324525 -2.202173 -1.399681
1769098015.644509 14.325258 -2.206413 -1.398415
1769098015.694512 14.326361 -2.212747 -1.396517
1769098015.754522 14.327054 -2.216686 -1.395252
1769098015.799545 14.328164 -2.222941 -1.392404
1769098015.844551 14.328905 -2.227051 -1.391455
1769098015.904517 14.329654 -2.231185 -1.390822
1769098015.944568 14.330800 -2.237485 -1.390506
1769098015.994544 14.331508 -2.241370 -1.391771
1769098016.049546 14.332279 -2.245629 -1.392088
1769098016.094518 14.333422 -2.251955 -1.393986
1769098016.139523 14.334201 -2.256316 -1.395568
1769098016.199503 14.334955 -2.260577 -1.395252
1769098016.244543 14.336096 -2.267007 -1.396517
1769098016.294529 14.336873 -2.271419 -1.396834
1769098016.349522 14.337596 -2.275533 -1.396517
1769098016.394521 14.338715 -2.281889 -1.397466
1769098016.444579 14.339461 -2.286152 -1.397150
1769098016.499532 14.340161 -2.290141 -1.396517
1769098016.539526 14.341254 -2.296348 -1.396201
1769098016.604506 14.341948 -2.300286 -1.396201
1769098016.644536 14.343048 -2.306518 -1.396834
1769098016.694534 14.343753 -2.310531 -1.396517
1769098016.749589 14.344486 -2.314694 -1.396201
1769098016.794579 14.345554 -2.320751 -1.395252
1769098016.839533 14.346253 -2.324689 -1.395252
1769098016.899516 14.346991 -2.328851 -1.394935
1769098016.944542 14.348142 -2.335330 -1.393037
1769098016.994581 14.348876 -2.339415 -1.393037
1769098017.044560 14.349615 -2.343526 -1.392721
1769098017.089536 14.350771 -2.349953 -1.392088
1769098017.139547 14.351518 -2.354087 -1.392088
1769098017.194512 14.352283 -2.358322 -1.392721
1769098017.239530 14.353435 -2.364724 -1.394302
1769098017.304523 14.354186 -2.368935 -1.395884
1769098017.344531 14.355292 -2.375191 -1.398099
1769098017.394540 14.356031 -2.379430 -1.399365
1769098017.454530 14.356783 -2.383769 -1.400630
1769098017.499527 14.357880 -2.390155 -1.401263
1769098017.544547 14.358602 -2.394371 -1.400946
1769098017.604550 14.359333 -2.398637 -1.400630
1769098017.639547 14.360422 -2.404973 -1.398099
1769098017.689600 14.361096 -2.408838 -1.397150
1769098017.749574 14.361831 -2.413026 -1.395884
1769098017.794583 14.362919 -2.419183 -1.393670
1769098017.839556 14.363668 -2.423368 -1.392404
1769098017.904595 14.364400 -2.427428 -1.391455
1769098017.944555 14.365520 -2.433605 -1.392721
1769098017.994561 14.366291 -2.437889 -1.392088
1769098018.049553 14.367056 -2.442124 -1.392721
1769098018.094534 14.368195 -2.448451 -1.393986
1769098018.139581 14.368965 -2.452761 -1.394302
1769098018.199557 14.369707 -2.456923 -1.394619
1769098018.244552 14.370874 -2.463476 -1.394302
1769098018.294549 14.371647 -2.467812 -1.394302
1769098018.344598 14.372398 -2.472023 -1.395252
1769098018.394557 14.373158 -2.476310 -1.394619
1769098018.439532 14.374281 -2.482614 -1.394935
1769098018.494550 14.375038 -2.486875 -1.395884
1769098018.549554 14.375782 -2.491088 -1.396201
1769098018.594557 14.376877 -2.497294 -1.397783
1769098018.639575 14.377613 -2.501508 -1.398099
1769098018.694609 14.378344 -2.505697 -1.398099
1769098018.744583 14.379440 -2.511980 -1.398099
1769098018.794563 14.380179 -2.516219 -1.397466
1769098018.844560 14.380891 -2.520283 -1.396517
1769098018.894561 14.382019 -2.526689 -1.394935
1769098018.944561 14.382776 -2.530951 -1.394619
1769098018.999559 14.383517 -2.535112 -1.392404
1769098019.044545 14.384653 -2.541414 -1.391455
1769098019.089571 14.385412 -2.545598 -1.390822
1769098019.144562 14.386178 -2.549806 -1.391139
1769098019.189565 14.387299 -2.555982 -1.392404
1769098019.239564 14.388036 -2.560067 -1.393670
1769098019.299568 14.388825 -2.564477 -1.394619
1769098019.344587 14.389965 -2.570882 -1.396201
1769098019.404568 14.390677 -2.574919 -1.398099
1769098019.444560 14.391817 -2.581452 -1.399997
1769098019.494570 14.392553 -2.585717 -1.400314
1769098019.554544 14.393296 -2.590033 -1.399997
1769098019.599560 14.394397 -2.596418 -1.399365
1769098019.639575 14.395122 -2.600608 -1.398732
1769098019.689572 14.395850 -2.604797 -1.398099
1769098019.749588 14.396568 -2.608911 -1.395884
1769098019.794594 14.397660 -2.615093 -1.395252
1769098019.849634 14.398363 -2.619055 -1.394935
1769098019.894642 14.399457 -2.625210 -1.395252
1769098019.944611 14.400208 -2.629447 -1.393986
1769098020.004602 14.400947 -2.633583 -1.393986
1769098020.044653 14.402074 -2.639887 -1.394302
1769098020.089551 14.402838 -2.644173 -1.394302
1769098020.154582 14.403585 -2.648359 -1.393037
1769098020.194585 14.404753 -2.654861 -1.393353
1769098020.239640 14.405508 -2.659071 -1.393670
1769098020.294580 14.406266 -2.663307 -1.393037
1769098020.344584 14.407027 -2.667542 -1.393037
1769098020.394614 14.408123 -2.673645 -1.392721
1769098020.449579 14.408890 -2.677905 -1.393670
1769098020.494586 14.410036 -2.684308 -1.395884
1769098020.544592 14.410776 -2.688495 -1.397150
1769098020.599590 14.411524 -2.692758 -1.398099
1769098020.644599 14.412594 -2.698892 -1.398732
1769098020.694597 14.413331 -2.703131 -1.399365
1769098020.749588 14.414065 -2.707371 -1.399365
1769098020.794581 14.415153 -2.713656 -1.398099
1769098020.844587 14.415888 -2.717870 -1.397150
1769098020.904584 14.416640 -2.722158 -1.395884
1769098020.944595 14.417728 -2.728314 -1.393670
1769098020.994588 14.418468 -2.732450 -1.393037
1769098021.049585 14.419184 -2.736436 -1.391771
1769098021.089583 14.420320 -2.742712 -1.391139
1769098021.144605 14.421089 -2.746946 -1.392404
1769098021.199583 14.421830 -2.751056 -1.392721
1769098021.244569 14.422973 -2.757408 -1.393670
1769098021.294564 14.423740 -2.761693 -1.394302
1769098021.354585 14.424492 -2.765904 -1.395252
1769098021.389568 14.425654 -2.772459 -1.397466
1769098021.439588 14.426405 -2.776747 -1.396834
1769098021.504601 14.427123 -2.780835 -1.398099
1769098021.544651 14.428250 -2.787293 -1.397783
1769098021.594608 14.428995 -2.791557 -1.398099
1769098021.649607 14.429739 -2.795820 -1.397783
1769098021.694697 14.430824 -2.802029 -1.397466
1769098021.739599 14.431553 -2.806192 -1.397150
1769098021.799578 14.432257 -2.810206 -1.398099
1769098021.839634 14.433335 -2.816390 -1.397466
1769098021.894633 14.434073 -2.820603 -1.397150
1769098021.949629 14.434812 -2.824816 -1.396834
1769098021.994642 14.435894 -2.830974 -1.395884
1769098022.039594 14.436643 -2.835211 -1.394619
1769098022.099624 14.437388 -2.839397 -1.393986
1769098022.144603 14.438532 -2.845801 -1.392404
1769098022.189611 14.439305 -2.850085 -1.392404
1769098022.249600 14.440037 -2.854145 -1.391455
1769098022.294610 14.441193 -2.860521 -1.390822
1769098022.344608 14.441940 -2.864630 -1.391139
1769098022.404611 14.442718 -2.868913 -1.391771
1769098022.439603 14.443877 -2.875314 -1.393986
1769098022.494600 14.444629 -2.879525 -1.394935
1769098022.549613 14.445360 -2.883636 -1.396517
1769098022.589607 14.446492 -2.890068 -1.397783
1769098022.639623 14.447237 -2.894331 -1.398732
1769098022.699593 14.447978 -2.898595 -1.399048
1769098022.744676 14.449073 -2.904905 -1.398732
1769098022.794663 14.449818 -2.909194 -1.398099
1769098022.844684 14.450557 -2.913433 -1.397466
1769098022.894679 14.451609 -2.919441 -1.395884
1769098022.944669 14.452345 -2.923604 -1.394302
1769098022.994631 14.453043 -2.927516 -1.393353
1769098023.039623 14.454110 -2.933470 -1.393037
1769098023.099609 14.454876 -2.937730 -1.393986
1769098023.139611 14.455953 -2.943760 -1.393353
1769098023.189693 14.456668 -2.947746 -1.393353
1769098023.244680 14.457436 -2.952031 -1.393986
1769098023.294595 14.458563 -2.958335 -1.394302
1769098023.344724 14.459336 -2.962670 -1.394302
1769098023.399629 14.460096 -2.966931 -1.394619
1769098023.439606 14.461218 -2.973236 -1.394935
1769098023.504611 14.461944 -2.977323 -1.396201
1769098023.544686 14.463066 -2.983679 -1.395884
1769098023.594628 14.463819 -2.987941 -1.396201
1769098023.649635 14.464522 -2.991929 -1.396834
1769098023.694624 14.465644 -2.998311 -1.397466
1769098023.744628 14.466381 -3.002524 -1.399048
1769098023.804648 14.467117 -3.006764 -1.399681
1769098023.844639 14.468199 -3.013024 -1.399997
1769098023.894624 14.468930 -3.017264 -1.399997
1769098023.954642 14.469640 -3.021379 -1.399681
1769098023.994631 14.470735 -3.027714 -1.397150
1769098024.044637 14.471465 -3.031878 -1.396834
1769098024.099636 14.472210 -3.036116 -1.394935
1769098024.144666 14.473317 -3.042346 -1.393037
1769098024.189631 14.474064 -3.046506 -1.392088
1769098024.239640 14.474820 -3.050690 -1.390822
1769098024.294628 14.475577 -3.054849 -1.390506
1769098024.344617 14.476720 -3.061124 -1.391139
1769098024.389605 14.477485 -3.065333 -1.392721
1769098024.444636 14.478242 -3.069542 -1.393670
1769098024.494653 14.479393 -3.075970 -1.394935
1769098024.544638 14.480164 -3.080307 -1.396201
1769098024.599634 14.480911 -3.084544 -1.396834
1769098024.644632 14.482050 -3.091025 -1.397466
1769098024.694605 14.482801 -3.095314 -1.398099
1769098024.749633 14.483553 -3.099627 -1.397783
1769098024.789651 14.484669 -3.106010 -1.397150
1769098024.844639 14.485395 -3.110148 -1.397150
1769098024.899629 14.486090 -3.114112 -1.396201
1769098024.944658 14.487185 -3.120319 -1.395252
1769098024.994638 14.487914 -3.124431 -1.395568
1769098025.044698 14.488660 -3.128643 -1.395884
1769098025.089689 14.489757 -3.134849 -1.395568
1769098025.149700 14.490467 -3.138862 -1.395252
1769098025.189691 14.491576 -3.145117 -1.394935
1769098025.244611 14.492298 -3.149179 -1.394619
1769098025.299670 14.493048 -3.153390 -1.393037
1769098025.349641 14.494194 -3.159768 -1.393670
1769098025.394673 14.494979 -3.164153 -1.393670
1769098025.449645 14.495746 -3.168438 -1.393670
1769098025.494638 14.496865 -3.174692 -1.393353
1769098025.544641 14.497625 -3.178927 -1.393353
1769098025.604637 14.498393 -3.183212 -1.393986
1769098025.644725 14.499528 -3.189566 -1.396201
1769098025.694651 14.500280 -3.193828 -1.397783
1769098025.754652 14.501030 -3.198116 -1.399681
1769098025.794653 14.502146 -3.204576 -1.400630
1769098025.839677 14.502866 -3.208767 -1.401263
1769098025.894657 14.503588 -3.212983 -1.401579
1769098025.949654 14.504304 -3.217175 -1.400314
1769098025.989689 14.505395 -3.223510 -1.399048
1769098026.044674 14.506126 -3.227725 -1.397466
1769098026.094668 14.506868 -3.231963 -1.396201
1769098026.139649 14.507945 -3.238070 -1.393986
1769098026.199681 14.508684 -3.242206 -1.392088
1769098026.244633 14.509755 -3.248134 -1.392088
1769098026.294669 14.510515 -3.252344 -1.391771
1769098026.349654 14.511227 -3.256279 -1.391771
1769098026.389744 14.512372 -3.262605 -1.392404
1769098026.439660 14.513104 -3.266665 -1.393353
1769098026.499629 14.513886 -3.271025 -1.394935
1769098026.544738 14.515015 -3.277380 -1.395252
1769098026.594719 14.515780 -3.281691 -1.393670
1769098026.644663 14.516511 -3.285777 -1.393037
1769098026.689652 14.517679 -3.292279 -1.388291
1769098026.739682 14.518447 -3.296436 -1.384811
1769098026.794663 14.519219 -3.300540 -1.381331
1769098026.844752 14.520425 -3.306829 -1.375319
1769098026.894746 14.521246 -3.310975 -1.371839
1769098026.949718 14.522076 -3.315094 -1.367410
1769098026.994740 14.523370 -3.321366 -1.362031
1769098027.044658 14.524240 -3.325476 -1.358235
1769098027.094660 14.525138 -3.329632 -1.353173
1769098027.144627 14.526526 -3.335910 -1.346845
1769098027.189672 14.527481 -3.340105 -1.340517
1769098027.249753 14.528457 -3.344270 -1.336404
1769098027.294723 14.529968 -3.350597 -1.327862
1769098027.344645 14.530997 -3.354749 -1.323116
1769098027.394655 14.532040 -3.358871 -1.318687
1769098027.444690 14.533650 -3.365121 -1.311410
1769098027.494651 14.534669 -3.368962 -1.307930
1769098027.549632 14.535774 -3.373068 -1.303500
1769098027.589627 14.537465 -3.379244 -1.298122
1769098027.644655 14.538597 -3.383291 -1.293692
1769098027.699710 14.539774 -3.387429 -1.291794
1769098027.744655 14.541579 -3.393731 -1.286416
1769098027.804650 14.542765 -3.397789 -1.284201
1769098027.844726 14.544647 -3.404174 -1.281354
1769098027.889770 14.545839 -3.408176 -1.280404
1769098027.949679 14.547100 -3.412396 -1.280404
1769098027.994650 14.548948 -3.418580 -1.280088
1769098028.044660 14.550174 -3.422678 -1.279772
1769098028.099653 14.551401 -3.426776 -1.278822
1769098028.144647 14.553194 -3.432738 -1.278190
1769098028.189669 14.554332 -3.436519 -1.277557
1769098028.249661 14.555532 -3.440493 -1.276924
1769098028.599660 14.557365 -3.446549 -1.275026
1769098028.614658 14.558538 -3.450399 -1.274709
1769098028.629681 14.559757 -3.454393 -1.274393
1769098028.644654 14.561583 -3.460373 -1.272811
1769098028.654637 14.562846 -3.464486 -1.273444
1769098028.669721 14.564144 -3.468721 -1.272495
1769098028.684652 14.566063 -3.474963 -1.272495
1769098028.699656 14.567313 -3.479027 -1.273128
1769098028.794715 14.568590 -3.483189 -1.273128
1769098028.809662 14.570483 -3.489359 -1.274709
1769098028.819658 14.571731 -3.493451 -1.275026
1769098028.849689 14.572911 -3.497325 -1.276291
1769098028.894745 14.574762 -3.503428 -1.277557
1769098029.059662 14.576021 -3.507596 -1.276924
1769098029.079644 14.577846 -3.513628 -1.278506
1769098029.094644 14.579028 -3.517554 -1.279139
1769098029.154669 14.580287 -3.521748 -1.278822
1769098029.179665 14.582152 -3.527954 -1.278822
1769098029.304641 14.583318 -3.531832 -1.276924
1769098029.319639 14.584586 -3.536023 -1.277241
1769098029.334643 14.586432 -3.542128 -1.275342
1769098029.359683 14.587596 -3.545954 -1.274077
1769098029.454640 14.588832 -3.549996 -1.274393
1769098029.464648 14.590606 -3.555806 -1.273760
1769098029.489767 14.591836 -3.559824 -1.273128
1769098029.634691 14.593068 -3.563840 -1.273128
1769098029.649700 14.594946 -3.569962 -1.272811
1769098029.669675 14.596217 -3.574100 -1.273760
1769098029.699672 14.597469 -3.578190 -1.274077
1769098029.919684 14.599401 -3.584507 -1.274393
1769098029.934704 14.600694 -3.588744 -1.275342
1769098029.954733 14.601977 -3.592957 -1.275342
1769098029.979749 14.603885 -3.599228 -1.276924
1769098030.009746 14.605088 -3.603201 -1.278190
1769098030.029701 14.606979 -3.609478 -1.279139
1769098030.054716 14.608136 -3.613333 -1.279455
1769098030.099664 14.609335 -3.617333 -1.279772
1769098030.239705 14.611166 -3.623443 -1.279139
1769098030.254698 14.612359 -3.627419 -1.279139
1769098030.269706 14.613524 -3.631297 -1.277873
1769098030.289761 14.615365 -3.637404 -1.277873
1769098030.349683 14.616520 -3.641233 -1.277241
1769098030.409682 14.617707 -3.645157 -1.275342
1769098030.474678 14.619586 -3.651332 -1.273760
1769098030.524718 14.620845 -3.655446 -1.273128
1769098030.544694 14.622597 -3.661157 -1.273128
1769098030.604678 14.623785 -3.665029 -1.272495
1769098030.649783 14.624990 -3.668948 -1.271862
1769098030.884699 14.626883 -3.675092 -1.273760
1769098030.899711 14.628076 -3.678988 -1.273444
1769098030.914706 14.629930 -3.685038 -1.273444
1769098030.929729 14.631109 -3.688886 -1.274393
1769098030.944701 14.632322 -3.692856 -1.275026
1769098030.959714 14.634225 -3.699103 -1.276291
1769098030.994717 14.635496 -3.703293 -1.277873
1769098031.049711 14.636695 -3.707267 -1.277873
1769098031.089731 14.638595 -3.713567 -1.278506
1769098031.144701 14.639791 -3.717542 -1.278506
1769098031.199712 14.641016 -3.721614 -1.278506
1769098031.239723 14.642876 -3.727795 -1.278190
1769098031.289706 14.644095 -3.731842 -1.277241
1769098031.349691 14.645318 -3.735888 -1.277557
1769098031.394689 14.647125 -3.741873 -1.275975
1769098031.454695 14.648280 -3.745675 -1.275026
1769098031.489706 14.650117 -3.751704 -1.274077
1769098031.549705 14.651286 -3.755528 -1.273444
1769098031.599710 14.652562 -3.759691 -1.273444
1769098031.639703 14.654445 -3.765837 -1.274077
1769098031.689707 14.655703 -3.769952 -1.273444
1769098031.749765 14.656949 -3.774018 -1.273444
1769098031.794720 14.658848 -3.780213 -1.274077
1769098031.859714 14.660061 -3.784182 -1.274077
1769098031.889771 14.661919 -3.790258 -1.275659
1769098031.944834 14.663104 -3.794157 -1.276608
1769098031.999739 14.664374 -3.798347 -1.277557
1769098032.044706 14.666144 -3.804211 -1.278822
1769098032.089725 14.667376 -3.808307 -1.279139
1769098032.144749 14.668606 -3.812404 -1.280088
1769098032.189724 14.670448 -3.818563 -1.280088
1769098032.244729 14.671689 -3.822710 -1.279139
1769098032.299707 14.672846 -3.826564 -1.280088
1769098032.344713 14.674696 -3.832748 -1.277873
1769098032.394706 14.675938 -3.836867 -1.277241
1769098032.449730 14.677184 -3.840986 -1.276608
1769098032.494719 14.679026 -3.847066 -1.274393
1769098032.544742 14.680245 -3.851060 -1.274077
1769098032.599715 14.681422 -3.854909 -1.273128
1769098032.639713 14.683278 -3.860958 -1.273760
1769098032.689736 14.684515 -3.865000 -1.272811
1769098032.749720 14.685726 -3.868944 -1.272495
1769098032.799711 14.687616 -3.875089 -1.273128
1769098032.854733 14.688811 -3.878985 -1.272811
1769098032.894752 14.690758 -3.885324 -1.274077
1769098032.969741 14.692023 -3.889463 -1.275659
1769098032.994730 14.693290 -3.893628 -1.276291
1769098033.044744 14.694583 -3.897891 -1.276291
1769098033.089722 14.696478 -3.904140 -1.277557
1769098033.144804 14.697737 -3.908308 -1.278190
1769098033.194718 14.698992 -3.912476 -1.278822
1769098033.244729 14.700828 -3.918584 -1.278822
1769098033.294752 14.702038 -3.922608 -1.278822
1769098033.349814 14.703240 -3.926608 -1.279139
1769098033.389741 14.705045 -3.932620 -1.277241
1769098033.439723 14.706261 -3.936641 -1.276608
1769098033.494724 14.707494 -3.940711 -1.275342
1769098033.544753 14.709358 -3.946837 -1.274393
1769098033.594719 14.710615 -3.950952 -1.275026
1769098033.644721 14.711862 -3.955044 -1.273444
1769098033.689733 14.713753 -3.961215 -1.273128
1769098033.749788 14.714963 -3.965159 -1.273444
1769098033.794749 14.716780 -3.971088 -1.273128
1769098033.844733 14.718049 -3.975226 -1.273444
1769098033.899745 14.719250 -3.979146 -1.274077
1769098033.944775 14.721123 -3.985270 -1.276291
1769098033.994788 14.722357 -3.989339 -1.276291
1769098034.049771 14.723532 -3.993215 -1.276924
1769098034.094748 14.725424 -3.999465 -1.278190
1769098034.139734 14.726680 -4.003633 -1.279455
1769098034.194756 14.727872 -4.007609 -1.280088
1769098034.244814 14.729744 -4.013865 -1.280721
1769098034.289836 14.730989 -4.018037 -1.280721
1769098034.349741 14.732234 -4.022208 -1.279455
1769098034.394712 14.734081 -4.028366 -1.278190
1769098034.454745 14.735234 -4.032196 -1.277557
1769098034.489738 14.737063 -4.038253 -1.276291
1769098034.544751 14.738231 -4.042104 -1.275975
1769098034.599735 14.739452 -4.046125 -1.274709
1769098034.639755 14.741195 -4.051838 -1.274077
1769098034.689742 14.742416 -4.055832 -1.273128
1769098034.749738 14.743582 -4.059631 -1.273444
1769098034.794830 14.745465 -4.065778 -1.272811
1769098034.844727 14.746766 -4.070012 -1.272495
1769098034.899754 14.748045 -4.074173 -1.273760
1769098034.944760 14.749964 -4.080441 -1.274709
1769098034.994739 14.751190 -4.084460 -1.274077
1769098035.049742 14.752470 -4.088647 -1.275026
1769098035.089763 14.754366 -4.094870 -1.275975
1769098035.149753 14.755572 -4.098842 -1.276608
1769098035.189750 14.757436 -4.104994 -1.278506
1769098035.244830 14.758611 -4.108897 -1.278822
1769098035.299728 14.759820 -4.112920 -1.279455
1769098035.344752 14.761638 -4.118981 -1.278190
1769098035.389752 14.762864 -4.123053 -1.278190
1769098035.454762 14.764025 -4.126906 -1.277873
1769098035.489755 14.765874 -4.133037 -1.276924
1769098035.544755 14.767135 -4.137204 -1.276291
1769098035.599751 14.768377 -4.141297 -1.274709
1769098035.639757 14.770186 -4.147228 -1.274393
1769098035.689746 14.771450 -4.151368 -1.273444
1769098035.744754 14.772637 -4.155240 -1.272811
1769098035.794772 14.774502 -4.161313 -1.272495
1769098035.844787 14.775781 -4.165474 -1.273128
1769098035.894806 14.777029 -4.169539 -1.273760
1769098035.944778 14.778873 -4.175566 -1.274709
1769098035.994747 14.780114 -4.179633 -1.274709
1769098036.049817 14.781391 -4.183821 -1.275659
1769098036.089764 14.783291 -4.190069 -1.276924
1769098036.149754 14.784493 -4.194042 -1.278190
1769098036.194758 14.786333 -4.200149 -1.278190
1769098036.244769 14.787625 -4.204438 -1.280404
1769098036.299760 14.788879 -4.208634 -1.280088
1769098036.344837 14.790671 -4.214623 -1.279139
1769098036.389843 14.791923 -4.218793 -1.279772
1769098036.444764 14.793070 -4.222624 -1.279139
1769098036.494831 14.794832 -4.228490 -1.278506
1769098036.544767 14.796042 -4.232514 -1.277873
1769098036.599759 14.797233 -4.236464 -1.276924
1769098036.639755 14.799037 -4.242423 -1.275026
1769098036.699764 14.800269 -4.246466 -1.274077
1769098036.744765 14.802082 -4.252397 -1.273760
1769098036.794766 14.803275 -4.256293 -1.273444
1769098036.849784 14.804476 -4.260214 -1.272811
1769098036.889768 14.806386 -4.266432 -1.273128
1769098036.944866 14.807693 -4.270690 -1.273128
1769098036.999771 14.808969 -4.274852 -1.273128
1769098037.044783 14.810885 -4.281095 -1.273760
1769098037.089771 14.812129 -4.285161 -1.274393
1769098037.144763 14.813327 -4.289083 -1.275659
1769098037.189764 14.815197 -4.295234 -1.276924
1769098037.244790 14.816355 -4.299062 -1.277557
1769098037.294783 14.817599 -4.303181 -1.278190
1769098037.339783 14.819439 -4.309288 -1.278822
1769098037.404771 14.820685 -4.313433 -1.279139
1769098037.444768 14.822475 -4.319396 -1.279139
1769098037.489784 14.823647 -4.323299 -1.278822
1769098037.559781 14.824885 -4.327420 -1.277557
1769098037.589773 14.826744 -4.333574 -1.276924
1769098037.639777 14.827931 -4.337499 -1.275026
1769098037.694770 14.829163 -4.341542 -1.274709
1769098037.744797 14.831032 -4.347667 -1.274393
1769098037.799780 14.832244 -4.351637 -1.273760
1769098037.849804 14.833429 -4.355510 -1.273760
1769098037.889818 14.835267 -4.361512 -1.273760
1769098037.954815 14.836430 -4.365311 -1.273444
1769098037.994782 14.838313 -4.371458 -1.274077
1769098038.044779 14.839534 -4.375452 -1.274393
1769098038.099810 14.840799 -4.379591 -1.275975
1769098038.139786 14.842718 -4.385913 -1.276291
1769098038.189783 14.843996 -4.390127 -1.277557
1769098038.249785 14.845233 -4.394222 -1.277873
1769098038.294790 14.847111 -4.400450 -1.278822
1769098038.344804 14.848321 -4.404473 -1.279455
1769098038.399786 14.849542 -4.408546 -1.280088
1769098038.444788 14.851370 -4.414657 -1.280088
1769098038.489790 14.852589 -4.418731 -1.279455
1769098038.549804 14.853774 -4.422683 -1.279139
1769098038.594795 14.855586 -4.428719 -1.277557
1769098038.639855 14.856728 -4.432499 -1.276924
1769098038.694792 14.857974 -4.436617 -1.276924
1769098038.744791 14.859829 -4.442746 -1.275342
1769098038.789783 14.861059 -4.446790 -1.274393
1769098038.849793 14.862309 -4.450881 -1.273444
1769098038.889793 14.864192 -4.457028 -1.271546
1769098038.954794 14.865416 -4.460994 -1.269015
1769098038.994808 14.867365 -4.467253 -1.264269
1769098039.044795 14.868571 -4.471066 -1.261105
1769098039.099793 14.869883 -4.475164 -1.257308
1769098039.144818 14.871842 -4.481208 -1.252563
1769098039.189804 14.873196 -4.485318 -1.248450
1769098039.249817 14.874479 -4.489159 -1.244653
1769098039.294799 14.876531 -4.495225 -1.239907
1769098039.344816 14.877887 -4.499175 -1.238325
1769098039.394802 14.879317 -4.503314 -1.236111
1769098039.444806 14.881478 -4.509530 -1.234845
1769098039.499797 14.882855 -4.513473 -1.234529
1769098039.544804 14.884884 -4.519279 -1.234212
1769098039.594805 14.886322 -4.523388 -1.234212
1769098039.649859 14.887718 -4.527377 -1.233263
1769098039.689805 14.889763 -4.533205 -1.232630
1769098039.744813 14.891157 -4.537168 -1.232630
1769098039.799817 14.892518 -4.541037 -1.231998
1769098039.844846 14.894646 -4.547076 -1.230416
1769098039.894827 14.896023 -4.550965 -1.229467
1769098039.954849 14.897455 -4.554996 -1.229783
1769098039.994807 14.899614 -4.561078 -1.230099
1769098040.044814 14.901043 -4.565110 -1.229150
1769098040.099831 14.902451 -4.569069 -1.229150
1769098040.139806 14.904647 -4.575245 -1.229467
1769098040.189810 14.906028 -4.579133 -1.229783
1769098040.249813 14.907501 -4.583283 -1.231049
1769098040.294811 14.909677 -4.589440 -1.230416
1769098040.364810 14.911054 -4.593329 -1.230099
1769098040.394814 14.913135 -4.599198 -1.226936
1769098040.444816 14.914517 -4.603058 -1.224404
1769098040.499911 14.915987 -4.607129 -1.220924
1769098040.544814 14.918138 -4.613026 -1.214597
1769098040.589896 14.919648 -4.617082 -1.209218
1769098040.649901 14.921161 -4.621083 -1.203840
1769098040.694914 14.923476 -4.627108 -1.196563
1769098040.744815 14.925049 -4.631113 -1.191501
1769098040.804829 14.926624 -4.635063 -1.186438
1769098040.844819 14.929034 -4.641023 -1.178845
1769098040.894816 14.930630 -4.644882 -1.174732
1769098040.954822 14.932251 -4.648759 -1.170303
1769098040.994822 14.934727 -4.654609 -1.163659
1769098041.044900 14.936411 -4.658513 -1.159229
1769098041.099819 14.938011 -4.662179 -1.154800
1769098041.139831 14.940466 -4.667735 -1.148472
1769098041.189823 14.942229 -4.671660 -1.144676
1769098041.249830 14.944008 -4.675578 -1.140246
1769098041.294824 14.946681 -4.681397 -1.132970
1769098041.344825 14.948548 -4.685386 -1.129173
1769098041.399832 14.950333 -4.689161 -1.127591
1769098041.444835 14.953155 -4.695106 -1.125060
1769098041.494830 14.955032 -4.699034 -1.124427
1769098041.549834 14.956878 -4.702893 -1.125376
1769098041.594895 14.959670 -4.708740 -1.127275
1769098041.649851 14.961516 -4.712627 -1.127275
1769098041.694877 14.964188 -4.718251 -1.127275
1769098041.744930 14.965937 -4.721931 -1.126958
1769098041.804864 14.967752 -4.725749 -1.126642
1769098041.844844 14.970471 -4.731462 -1.124744
1769098041.894824 14.972294 -4.735276 -1.123794
1769098041.949836 14.974133 -4.739110 -1.121263
1769098041.994860 14.976805 -4.744650 -1.120314
1769098042.044838 14.978602 -4.748364 -1.120631
1769098042.094849 14.980452 -4.752192 -1.119365
1769098042.144837 14.983234 -4.757932 -1.119998
1769098042.194851 14.985109 -4.761804 -1.120631
1769098042.249834 14.986970 -4.765656 -1.121580
1769098042.294886 14.989784 -4.771493 -1.122845
1769098042.349880 14.991549 -4.775165 -1.123794
1769098042.399840 14.993442 -4.779114 -1.124744
1769098042.444839 14.996226 -4.784937 -1.125060
1769098042.504837 14.998114 -4.788888 -1.125376
1769098042.544850 15.000818 -4.794552 -1.125376
1769098042.589841 15.002716 -4.798527 -1.125376
1769098042.639849 15.004591 -4.802455 -1.125376
1769098042.699844 15.006456 -4.806361 -1.125693
1769098042.744850 15.009246 -4.812209 -1.125693
1769098042.794846 15.011087 -4.816070 -1.125376
1769098042.849925 15.012909 -4.819885 -1.126326
1769098042.894848 15.015618 -4.825575 -1.126642
1769098042.944845 15.017391 -4.829300 -1.125693
1769098042.999850 15.019222 -4.833138 -1.125060
1769098043.044849 15.021928 -4.838801 -1.123794
1769098043.089863 15.023755 -4.842613 -1.122845
1769098043.149849 15.025597 -4.846446 -1.122213
1769098043.189861 15.028363 -4.852193 -1.119681
1769098043.244840 15.030228 -4.856043 -1.118732
1769098043.299843 15.032108 -4.859913 -1.118732
1769098043.344881 15.034938 -4.865742 -1.119365
1769098043.394853 15.036837 -4.869659 -1.119998
1769098043.449852 15.038734 -4.873578 -1.121263
1769098043.494853 15.041451 -4.879208 -1.123478
1769098043.554846 15.043235 -4.882928 -1.124427
1769098043.594919 15.046032 -4.888773 -1.126326
1769098043.639873 15.047915 -4.892726 -1.127275
1769098043.699877 15.049675 -4.896430 -1.127907
1769098043.744878 15.052441 -4.902261 -1.126958
1769098043.794876 15.054245 -4.906056 -1.126326
1769098043.854865 15.056008 -4.909758 -1.124427
1769098043.894893 15.058772 -4.915534 -1.122845
1769098043.944911 15.060636 -4.919412 -1.122213
1769098044.004889 15.062469 -4.923221 -1.121896
1769098044.044863 15.065226 -4.928944 -1.121580
1769098044.089854 15.067095 -4.932820 -1.120947
1769098044.149854 15.068834 -4.936421 -1.121580
1769098044.189947 15.071614 -4.942190 -1.122529
1769098044.244875 15.073315 -4.945725 -1.122213
1769098044.299943 15.075203 -4.949648 -1.122213
1769098044.344874 15.078013 -4.955486 -1.123478
1769098044.394865 15.079852 -4.959320 -1.123478
1769098044.449864 15.081702 -4.963177 -1.123162
1769098044.494867 15.084529 -4.969064 -1.123162
1769098044.549868 15.086315 -4.972783 -1.122845
1769098044.594956 15.089110 -4.978600 -1.123794
1769098044.639869 15.090970 -4.982480 -1.124427
1769098044.704866 15.092893 -4.986498 -1.125693
1769098044.749870 15.095683 -4.992347 -1.127591
1769098044.794868 15.097496 -4.996165 -1.127907
1769098044.854877 15.099339 -5.000053 -1.128540
1769098044.894868 15.102037 -5.005749 -1.128224
1769098044.944881 15.103728 -5.009317 -1.127591
1769098045.004867 15.105540 -5.013135 -1.127275
1769098045.044881 15.108256 -5.018851 -1.125376
1769098045.094872 15.110066 -5.022642 -1.123478
1769098045.149871 15.111807 -5.026271 -1.121263
1769098045.189871 15.114578 -5.032016 -1.119365
1769098045.239876 15.116356 -5.035682 -1.119049
1769098045.299885 15.118223 -5.039531 -1.119365
1769098045.344887 15.121050 -5.045361 -1.121896
1769098045.399883 15.122841 -5.049078 -1.124744
1769098045.449883 15.125516 -5.054672 -1.131388
1769098045.494893 15.127346 -5.058566 -1.137083
1769098045.554898 15.129197 -5.062563 -1.142145
1769098045.589888 15.131880 -5.068433 -1.149422
1769098045.644920 15.133577 -5.072221 -1.153851
1769098045.699914 15.135299 -5.076109 -1.158913
1769098045.744915 15.137883 -5.082023 -1.164292
1769098045.794922 15.139605 -5.086022 -1.168088
1769098045.849922 15.141192 -5.089748 -1.171885
1769098045.894919 15.143748 -5.095812 -1.176314
1769098045.939959 15.145295 -5.099527 -1.179794
1769098045.999963 15.146896 -5.103412 -1.182958
1769098046.044922 15.149318 -5.109340 -1.184540
1769098046.099905 15.150939 -5.113325 -1.185806
1769098046.139911 15.153229 -5.118979 -1.186755
1769098046.194918 15.154709 -5.122640 -1.186755
1769098046.249923 15.156321 -5.126629 -1.187388
1769098046.294928 15.158688 -5.132497 -1.186755
1769098046.339909 15.160215 -5.136275 -1.187071
1769098046.399904 15.161807 -5.140218 -1.186438
1769098046.444923 15.164151 -5.146014 -1.186122
1769098046.494896 15.165737 -5.149932 -1.187071
1769098046.544902 15.167386 -5.154016 -1.187071
1769098046.594913 15.169859 -5.160141 -1.188653
1769098046.639904 15.171501 -5.164228 -1.189919
1769098046.699905 15.173120 -5.168269 -1.189919
1769098046.739909 15.175557 -5.174355 -1.192133
1769098046.794898 15.177119 -5.178282 -1.193082
1769098046.849896 15.178687 -5.182235 -1.193082
1769098046.894915 15.181030 -5.188140 -1.193399
1769098046.954911 15.182513 -5.191881 -1.192450
1769098046.994915 15.184832 -5.197714 -1.190551
1769098047.044891 15.186297 -5.201381 -1.189286
1769098047.099905 15.187881 -5.205327 -1.188020
1769098047.139895 15.190263 -5.211244 -1.186755
1769098047.194907 15.191790 -5.215022 -1.184540
1769098047.249923 15.193420 -5.219031 -1.184857
1769098047.294902 15.195764 -5.224800 -1.184857
1769098047.339900 15.197393 -5.228810 -1.184540
1769098047.399908 15.199024 -5.232819 -1.185489
1769098047.439909 15.201411 -5.238706 -1.187071
1769098047.494901 15.202994 -5.242626 -1.187388
1769098047.549904 15.204613 -5.246639 -1.188337
1769098047.589896 15.207041 -5.252674 -1.189286
1769098047.639914 15.208624 -5.256621 -1.189919
1769098047.694914 15.210148 -5.260427 -1.189919
1769098047.739939 15.212491 -5.266278 -1.189602
1769098047.799936 15.214063 -5.270202 -1.190551
1769098047.844944 15.216412 -5.276077 -1.189919
1769098047.894962 15.217917 -5.279837 -1.189919
1769098047.944931 15.219526 -5.283855 -1.190235
1769098047.994929 15.221924 -5.289847 -1.189286
1769098048.044935 15.223497 -5.293770 -1.189602
1769098048.099934 15.225051 -5.297647 -1.189286
1769098048.139907 15.227407 -5.303519 -1.188020
1769098048.189936 15.228882 -5.307182 -1.188653
1769098048.244934 15.230467 -5.311128 -1.188020
1769098048.294914 15.232850 -5.317044 -1.186755
1769098048.339929 15.234414 -5.320916 -1.185806
1769098048.394918 15.236059 -5.324975 -1.184857
1769098048.439924 15.238498 -5.330978 -1.186122
1769098048.494924 15.240160 -5.335083 -1.185173
1769098048.544916 15.241779 -5.339070 -1.185806
1769098048.589919 15.244259 -5.345193 -1.187388
1769098048.639920 15.245897 -5.349253 -1.188337
1769098048.699937 15.247522 -5.353292 -1.189602
1769098048.739928 15.249942 -5.359330 -1.191184
1769098048.794944 15.251462 -5.363139 -1.193082
1769098048.849942 15.253048 -5.367138 -1.193082
1769098048.894922 15.255391 -5.373043 -1.192766
1769098048.939947 15.256952 -5.376972 -1.192450
1769098048.999923 15.258513 -5.380900 -1.192133
1769098049.044930 15.260889 -5.386873 -1.189602
1769098049.089928 15.262500 -5.390891 -1.189286
1769098049.149948 15.264073 -5.394814 -1.188337
1769098049.189940 15.266463 -5.400755 -1.186755
1769098049.254998 15.267990 -5.404533 -1.186438
1769098049.299968 15.270296 -5.410235 -1.186122
1769098049.340018 15.271882 -5.414153 -1.185806
1769098049.399951 15.273460 -5.418047 -1.186438
1769098049.444928 15.275767 -5.423748 -1.186755
1769098049.494954 15.277303 -5.427550 -1.187388
1769098049.545002 15.278912 -5.431540 -1.187388
1769098049.594933 15.281223 -5.437268 -1.187388
1769098049.639953 15.282813 -5.441211 -1.188020
1769098049.699949 15.284458 -5.445297 -1.187388
1769098049.739955 15.286854 -5.451235 -1.188337
1769098049.794948 15.288507 -5.455345 -1.189286
1769098049.844947 15.290109 -5.459338 -1.189286
1769098049.894977 15.292455 -5.465187 -1.190868
1769098049.949968 15.294079 -5.469254 -1.191184
1769098049.994980 15.296424 -5.475131 -1.191184
1769098050.044940 15.298019 -5.479127 -1.191184
1769098050.099973 15.299566 -5.483006 -1.190868
1769098050.144940 15.301894 -5.488836 -1.190235
1769098050.190012 15.303483 -5.492807 -1.188653
1769098050.250018 15.304965 -5.496495 -1.187704
1769098050.294970 15.307330 -5.502363 -1.187071
1769098050.344943 15.308941 -5.506353 -1.185173
1769098050.404943 15.310578 -5.510387 -1.185173
1769098050.444942 15.313015 -5.516391 -1.185173
1769098050.494960 15.314624 -5.520354 -1.184857
1769098050.549960 15.316282 -5.524434 -1.185489
1769098050.589963 15.318613 -5.530181 -1.186438
1769098050.644966 15.320245 -5.534217 -1.187704
1769098050.699970 15.321863 -5.538231 -1.189286
1769098050.739949 15.324181 -5.544010 -1.190551
1769098050.794949 15.325806 -5.548076 -1.192766
1769098050.849963 15.327395 -5.552075 -1.192133
1769098050.894963 15.329790 -5.558095 -1.192133
1769098050.939949 15.331362 -5.562046 -1.192766
1769098050.999984 15.332969 -5.566092 -1.191501
1769098051.044974 15.335274 -5.571876 -1.190868
1769098051.089953 15.336889 -5.575919 -1.190868
1769098051.144954 15.338466 -5.579868 -1.189602
1769098051.189981 15.340754 -5.585577 -1.188653
1769098051.244955 15.342368 -5.589593 -1.188969
1769098051.294983 15.343905 -5.593422 -1.188020
1769098051.339980 15.346174 -5.599057 -1.188020
1769098051.404956 15.347743 -5.602954 -1.187388
1769098051.444984 15.350120 -5.608846 -1.187071
1769098051.499979 15.351712 -5.612789 -1.186438
1769098051.549959 15.353306 -5.616731 -1.185806
1769098051.594975 15.355711 -5.622666 -1.186122
1769098051.644974 15.357345 -5.626701 -1.185489
1769098051.699997 15.358914 -5.630571 -1.185806
1769098051.739973 15.361395 -5.636694 -1.186755
1769098051.794942 15.363017 -5.640706 -1.188337
1769098051.854999 15.364651 -5.644769 -1.189286
1769098051.895015 15.367082 -5.650829 -1.190551
1769098051.939979 15.368670 -5.654801 -1.191501
1769098052.004988 15.370244 -5.658751 -1.192766
1769098052.045010 15.372608 -5.664703 -1.192450
1769098052.090021 15.374085 -5.668419 -1.192450
1769098052.150005 15.375665 -5.672394 -1.190868
1769098052.189970 15.378030 -5.678318 -1.188969
1769098052.244974 15.379502 -5.681982 -1.188337
1769098052.299983 15.381098 -5.685950 -1.187388
1769098052.339991 15.383503 -5.691912 -1.186122
1769098052.394984 15.385051 -5.695736 -1.186438
1769098052.449990 15.386627 -5.699631 -1.185173
1769098052.494983 15.389045 -5.705588 -1.185173
1769098052.539991 15.390682 -5.709622 -1.185806
1769098052.599996 15.392279 -5.713563 -1.186438
1769098052.639990 15.394633 -5.719382 -1.188337
1769098052.694993 15.396210 -5.723304 -1.188653
1769098052.744972 15.397834 -5.727343 -1.189286
1769098052.794997 15.400218 -5.733286 -1.190235
1769098052.844973 15.401835 -5.737328 -1.190235
1769098052.899983 15.403433 -5.741323 -1.190868
1769098052.939980 15.405893 -5.747482 -1.191501
1769098052.994997 15.407514 -5.751549 -1.191184
1769098053.050002 15.409127 -5.755593 -1.191817
1769098053.089988 15.411543 -5.761659 -1.191817
1769098053.144976 15.413107 -5.765586 -1.191501
1769098053.195001 15.414691 -5.769560 -1.191184
1769098053.244993 15.417026 -5.775414 -1.190868
1769098053.294998 15.418556 -5.779245 -1.190551
1769098053.345000 15.420115 -5.783147 -1.189919
1769098053.395006 15.422355 -5.788739 -1.188653
1769098053.445003 15.423931 -5.792661 -1.187704
1769098053.500001 15.425492 -5.796534 -1.186122
1769098053.540015 15.427886 -5.802446 -1.184857
1769098053.595001 15.429534 -5.806503 -1.184540
1769098053.644988 15.431183 -5.810559 -1.184224
1769098053.694995 15.433645 -5.816608 -1.184857
1769098053.745004 15.435265 -5.820594 -1.186122
1769098053.800006 15.436908 -5.824653 -1.187071
1769098053.845001 15.439344 -5.830684 -1.188653
1769098053.895068 15.440948 -5.834677 -1.189919
1769098053.945039 15.442529 -5.838624 -1.191184
1769098053.995004 15.444855 -5.844455 -1.192450
1769098054.045002 15.446426 -5.848406 -1.193082
1769098054.100064 15.448003 -5.852382 -1.192766
1769098054.145063 15.450348 -5.858286 -1.191184
1769098054.190012 15.451952 -5.862306 -1.190235
1769098054.249992 15.453559 -5.866325 -1.189286
1769098054.295019 15.455953 -5.872292 -1.188653
1769098054.344991 15.457548 -5.876261 -1.187071
1769098054.394996 15.459150 -5.880227 -1.186755
1769098054.440016 15.461530 -5.886117 -1.185806
1769098054.495019 15.463146 -5.890105 -1.186438
1769098054.545013 15.464731 -5.894024 -1.186755
1769098054.590018 15.467111 -5.899914 -1.187704
1769098054.640018 15.468691 -5.903834 -1.187388
1769098054.700001 15.470301 -5.907825 -1.188020
1769098054.745002 15.472683 -5.913741 -1.188020
1769098054.795000 15.474195 -5.917498 -1.188020
1769098054.850016 15.475840 -5.921583 -1.188020
1769098054.895023 15.478298 -5.927688 -1.188653
1769098054.945023 15.479865 -5.931586 -1.188653
1769098054.995028 15.481517 -5.935696 -1.190235
1769098055.045027 15.483886 -5.941618 -1.191501
1769098055.100015 15.485479 -5.945615 -1.192133
1769098055.150026 15.487781 -5.951401 -1.191501
1769098055.200025 15.489374 -5.955398 -1.193399
1769098055.250026 15.490913 -5.959280 -1.193082
1769098055.295014 15.493228 -5.965115 -1.191817
1769098055.345017 15.494782 -5.969018 -1.190551
1769098055.405029 15.496332 -5.972896 -1.189602
1769098055.555031 15.498658 -5.978699 -1.188020
1769098055.570046 15.500152 -5.982409 -1.186122
1769098055.590021 15.501776 -5.986420 -1.185806
1769098055.610034 15.504209 -5.992426 -1.184540
1769098055.645101 15.505773 -5.996271 -1.183907
1769098055.790058 15.507378 -6.000209 -1.184540
1769098055.820028 15.509838 -6.006258 -1.185173
1769098055.835038 15.511447 -6.010221 -1.186122
1769098056.035077 15.513071 -6.014233 -1.187704
1769098056.050054 15.515474 -6.020196 -1.188969
1769098056.070064 15.517077 -6.024189 -1.190235
1769098056.085047 15.518657 -6.028137 -1.190235
1769098056.100029 15.521054 -6.034129 -1.190551
1769098056.120036 15.522660 -6.038148 -1.190868
1769098056.150043 15.524247 -6.042121 -1.190551
1769098056.195028 15.526680 -6.048208 -1.190868
1769098056.280044 15.528294 -6.052251 -1.190235
1769098056.300022 15.529902 -6.056269 -1.189286
1769098056.345047 15.532305 -6.062260 -1.188337
1769098056.395044 15.533873 -6.066158 -1.188337
1769098056.545030 15.535432 -6.070032 -1.188020
1769098056.575037 15.537804 -6.075925 -1.187704
1769098056.595036 15.539375 -6.079822 -1.188337
1769098056.610027 15.540933 -6.083697 -1.187388
1769098056.645025 15.543310 -6.089589 -1.187071
1769098056.800025 15.544902 -6.093532 -1.186438
1769098056.815060 15.546487 -6.097450 -1.186122
1769098056.830024 15.548937 -6.103503 -1.185489
1769098056.870051 15.550593 -6.107584 -1.185489
1769098056.930059 15.552248 -6.111665 -1.186122
1769098056.945044 15.554698 -6.117718 -1.187388
1769098056.995049 15.556346 -6.121803 -1.188653
1769098057.065036 15.557988 -6.125889 -1.190551
1769098057.125130 15.559585 -6.129884 -1.190551
1769098057.155034 15.562018 -6.135972 -1.193399
1769098057.190107 15.563566 -6.139878 -1.194032
1769098057.655063 15.565140 -6.143855 -1.193715
1769098057.670052 15.567461 -6.149715 -1.192766
1769098057.685048 15.569021 -6.153643 -1.191817
1769098057.705058 15.570575 -6.157547 -1.190551
1769098057.725061 15.572952 -6.163493 -1.188969
1769098057.745128 15.574536 -6.167439 -1.187704
1769098057.770088 15.576154 -6.171453 -1.186755
1769098057.785066 15.578554 -6.177390 -1.185806
1769098057.805109 15.580160 -6.181355 -1.185489
1769098057.835090 15.581768 -6.185319 -1.185173
1769098057.850059 15.584072 -6.190994 -1.185173
1769098057.870113 15.585709 -6.195028 -1.187071
1769098057.885088 15.588012 -6.200731 -1.187388
1769098057.900081 15.589574 -6.204604 -1.187704
1769098057.950091 15.591192 -6.208618 -1.188020
1769098057.995101 15.593602 -6.214606 -1.188337
1769098058.040065 15.595199 -6.218574 -1.189286
1769098058.095077 15.596744 -6.222426 -1.189286
1769098058.140065 15.599110 -6.228323 -1.189602
1769098058.190067 15.600757 -6.232434 -1.190551
1769098058.245082 15.602251 -6.236171 -1.190235
1769098058.295071 15.604658 -6.242187 -1.190235
1769098058.340046 15.606247 -6.246159 -1.190551
1769098058.400069 15.607844 -6.250154 -1.189919
1769098058.445044 15.610196 -6.256028 -1.190551
1769098058.495063 15.611755 -6.259930 -1.189919
1769098058.550076 15.613298 -6.263783 -1.188653
1769098058.595063 15.615639 -6.269607 -1.188020
1769098058.640154 15.617237 -6.273575 -1.186438
1769098058.695068 15.618803 -6.277447 -1.186122
1769098058.740074 15.621215 -6.283406 -1.184857
1769098058.790074 15.622873 -6.287486 -1.184224
1769098058.850120 15.624514 -6.291518 -1.185489
1769098058.890123 15.626969 -6.297570 -1.185489
1769098058.940074 15.628576 -6.301534 -1.186438
1769098058.995088 15.630228 -6.305616 -1.187704
1769098059.040073 15.632640 -6.311603 -1.189286
1769098059.090070 15.634271 -6.315667 -1.190868
1769098059.150132 15.635866 -6.319663 -1.192133
1769098059.190070 15.638252 -6.325660 -1.193082
1769098059.245078 15.639820 -6.329612 -1.193082
1769098059.300082 15.641398 -6.333588 -1.192133
1769098059.345098 15.643775 -6.339562 -1.191501
1769098059.395087 15.645358 -6.343535 -1.191184
1769098059.455074 15.646972 -6.347579 -1.189286
1769098059.495093 15.649356 -6.353522 -1.188337
1769098059.545083 15.650943 -6.357467 -1.187704
1769098059.600113 15.652523 -6.361387 -1.187388
1769098059.645079 15.654880 -6.367232 -1.186438
1769098059.690151 15.656465 -6.371151 -1.186122
1769098059.755096 15.658061 -6.375092 -1.186755
1769098059.790074 15.660441 -6.380982 -1.186438
1769098059.845118 15.661998 -6.384830 -1.186438
1769098059.900098 15.663611 -6.388819 -1.186438
1769098059.940098 15.665993 -6.394709 -1.185489
1769098059.990127 15.667629 -6.398743 -1.186122
1769098060.050241 15.669168 -6.402544 -1.186755
1769098060.090091 15.671653 -6.408692 -1.188020
1769098060.140092 15.673298 -6.412777 -1.188020
1769098060.200086 15.674933 -6.416839 -1.188969
1769098060.245100 15.677376 -6.422923 -1.189919
1769098060.295088 15.678966 -6.426894 -1.191501
1769098060.350097 15.680475 -6.430679 -1.191817
1769098060.390096 15.682816 -6.436558 -1.192450
1769098060.450090 15.684330 -6.440368 -1.191817
1769098060.495107 15.686568 -6.445988 -1.190868
1769098060.540096 15.688117 -6.449866 -1.190551
1769098060.600080 15.689677 -6.453768 -1.188020
1769098060.640110 15.691983 -6.459497 -1.186755
1769098060.690112 15.693557 -6.463392 -1.186122
1769098060.750095 15.695210 -6.467474 -1.184857
1769098060.790104 15.697630 -6.473431 -1.184857
1769098060.840160 15.699183 -6.477253 -1.185173
1769098060.895078 15.700783 -6.481193 -1.185173
1769098060.945166 15.703144 -6.487009 -1.186438
1769098061.005087 15.704728 -6.490927 -1.186755
1769098061.045100 15.707080 -6.496747 -1.188653
1769098061.090096 15.708694 -6.500763 -1.189602
1769098061.140118 15.710276 -6.504710 -1.190868
1769098061.190111 15.711900 -6.508776 -1.191184
1769098061.245089 15.714207 -6.514560 -1.191184
1769098061.305100 15.715830 -6.518627 -1.191501
1769098061.340103 15.718257 -6.524716 -1.191817
1769098061.390107 15.719868 -6.528761 -1.191184
1769098061.450103 15.721481 -6.532804 -1.191184
1769098061.495103 15.723863 -6.538775 -1.191184
1769098061.540103 15.725345 -6.542490 -1.189919
1769098061.595108 15.726917 -6.546414 -1.189602
1769098061.640161 15.729167 -6.552029 -1.189286
1769098061.690106 15.730722 -6.555905 -1.188969
1769098061.745121 15.732203 -6.559592 -1.188020
1769098061.795121 15.734547 -6.565415 -1.187388
1769098061.845125 15.736128 -6.569335 -1.187071
1769098061.895244 15.737720 -6.573278 -1.185173
1769098061.945148 15.740062 -6.579047 -1.184540
1769098061.990159 15.741683 -6.583033 -1.185173
1769098062.045107 15.743340 -6.587114 -1.185173
1769098062.090137 15.745806 -6.593188 -1.186122
1769098062.140124 15.747439 -6.597223 -1.187388
1769098062.195137 15.749058 -6.601237 -1.188337
1769098062.240122 15.751401 -6.607061 -1.190235
1769098062.300120 15.753018 -6.611103 -1.190868
1769098062.345111 15.755412 -6.617097 -1.193082
1769098062.390107 15.756989 -6.621073 -1.192766
1769098062.450128 15.758474 -6.624813 -1.191817
1769098062.490111 15.760825 -6.630715 -1.192133
1769098062.540124 15.762416 -6.634713 -1.190235
1769098062.600108 15.763920 -6.638473 -1.188969
1769098062.640130 15.766325 -6.644462 -1.188020
1769098062.695122 15.767913 -6.648407 -1.186755
1769098062.750119 15.769525 -6.652396 -1.186122
1769098062.790122 15.771938 -6.658355 -1.186122
1769098062.845177 15.773429 -6.662039 -1.185173
1769098062.900133 15.775057 -6.666049 -1.185489
1769098062.945141 15.777435 -6.671913 -1.186122
1769098062.990124 15.779040 -6.675878 -1.187071
1769098063.045103 15.780641 -6.679844 -1.187388
1769098063.090132 15.783037 -6.685783 -1.187704
1769098063.140129 15.784645 -6.689774 -1.188337
1769098063.195113 15.786270 -6.693813 -1.188337
1769098063.240129 15.788717 -6.699894 -1.188653
1769098063.290138 15.790349 -6.703957 -1.189602
1769098063.350146 15.792007 -6.708092 -1.190235
1769098063.390123 15.794432 -6.714155 -1.190868
1769098063.440128 15.796066 -6.718245 -1.191501
1769098063.500134 15.797640 -6.722195 -1.191501
1769098063.545148 15.799983 -6.728073 -1.192133
1769098063.590210 15.801564 -6.732048 -1.191184
1769098063.650132 15.803112 -6.735927 -1.190868
1769098063.695136 15.805440 -6.741756 -1.190868
1769098063.745139 15.806979 -6.745611 -1.189602
1769098063.795147 15.808514 -6.749440 -1.188653
1769098063.845135 15.810807 -6.755147 -1.186438
1769098063.895135 15.812402 -6.759089 -1.185173
1769098063.955134 15.814020 -6.763076 -1.185173
1769098063.990161 15.816467 -6.769103 -1.184224
1769098064.045176 15.818127 -6.773182 -1.184224
1769098064.095134 15.819673 -6.776980 -1.185489
1769098064.145152 15.822023 -6.782773 -1.187071
1769098064.195143 15.823530 -6.786505 -1.188020
1769098064.245149 15.825855 -6.792281 -1.189286
1769098064.295149 15.827438 -6.796228 -1.190551
1769098064.350123 15.829035 -6.800223 -1.191184
1769098064.390131 15.831418 -6.806194 -1.191817
1769098064.445152 15.833000 -6.810168 -1.192133
1769098064.500149 15.834591 -6.814166 -1.192133
1769098064.545148 15.836911 -6.819999 -1.190235
1769098064.600156 15.838510 -6.823994 -1.189602
1769098064.645157 15.840826 -6.829773 -1.189602
1769098064.695154 15.842427 -6.833767 -1.188337
1769098064.755158 15.844033 -6.837759 -1.188337
1769098064.795156 15.846413 -6.843676 -1.187071
1769098064.845148 15.847958 -6.847502 -1.187388
1769098064.900154 15.849473 -6.851258 -1.186755
1769098064.945140 15.851862 -6.857171 -1.187388
1769098064.990148 15.853330 -6.860810 -1.187071
1769098065.050126 15.854941 -6.864800 -1.187071
1769098065.090156 15.857243 -6.870503 -1.187388
1769098065.150169 15.858853 -6.874493 -1.187388
1769098065.195163 15.861220 -6.880361 -1.187388
1769098065.245155 15.862839 -6.884375 -1.187071
1769098065.305143 15.864412 -6.888271 -1.188337
1769098065.345152 15.866878 -6.894400 -1.189919
1769098065.390185 15.868524 -6.898512 -1.190235
1769098065.450161 15.870160 -6.902601 -1.192133
1769098065.495174 15.872508 -6.908504 -1.193082
1769098065.550163 15.874021 -6.912315 -1.193082
1769098065.595184 15.875580 -6.916244 -1.193399
1769098065.640169 15.877818 -6.921891 -1.193399
1769098065.700171 15.879348 -6.925750 -1.191501
1769098065.745238 15.881587 -6.931370 -1.189286
1769098065.790161 15.883171 -6.935316 -1.188653
1769098065.855179 15.884737 -6.939214 -1.187388
1769098065.900165 15.887133 -6.945153 -1.185173
1769098065.945210 15.888761 -6.949163 -1.184857
1769098066.000209 15.890381 -6.953150 -1.184224
1769098066.050202 15.892824 -6.959151 -1.184224
1769098066.090177 15.894427 -6.963090 -1.184857
1769098066.145169 15.896037 -6.967052 -1.185806
1769098066.195186 15.897662 -6.971064 -1.186755
1769098066.245165 15.900062 -6.977001 -1.187704
1769098066.295152 15.901651 -6.980945 -1.188337
1769098066.350163 15.903257 -6.984937 -1.188969
1769098066.390161 15.905652 -6.990903 -1.188969
1769098066.445163 15.907274 -6.994943 -1.189602
1769098066.500184 15.908885 -6.998960 -1.189286
1769098066.545182 15.911335 -7.005068 -1.189919
1769098066.590185 15.912944 -7.009086 -1.189602
1769098066.645179 15.914545 -7.013080 -1.189602
1769098066.700233 15.916955 -7.019094 -1.188969
1769098066.740183 15.918540 -7.023040 -1.188969
1769098066.800168 15.920086 -7.026892 -1.188969
1769098066.845164 15.922435 -7.032741 -1.188653
1769098066.895184 15.924020 -7.036686 -1.188020
1769098066.950155 15.925571 -7.040537 -1.188020
1769098066.990155 15.927925 -7.046383 -1.186438
1769098067.040187 15.929538 -7.050372 -1.185173
1769098067.100179 15.931147 -7.054335 -1.186122
1769098067.145175 15.933588 -7.060365 -1.185173
1769098067.195182 15.935216 -7.064375 -1.184857
1769098067.250193 15.936864 -7.068432 -1.185173
1769098067.295160 15.939330 -7.074506 -1.186755
1769098067.345193 15.940980 -7.078589 -1.187388
1769098067.400188 15.942590 -7.082579 -1.188653
1769098067.445174 15.945015 -7.088615 -1.190868
1769098067.495192 15.946620 -7.092635 -1.191817
1769098067.555194 15.948222 -7.096656 -1.192766
1769098067.595190 15.950567 -7.102560 -1.193082
1769098067.640193 15.952135 -7.106512 -1.192450
1769098067.705187 15.953696 -7.110440 -1.191501
1769098067.745194 15.956077 -7.116412 -1.189602
1769098067.790205 15.957658 -7.120359 -1.189602
1769098067.850234 15.959240 -7.124306 -1.188337
1769098067.895188 15.961536 -7.130012 -1.186755
1769098067.955190 15.963044 -7.133744 -1.187071
1769098067.990200 15.965356 -7.139470 -1.185173
1769098068.045210 15.966841 -7.143129 -1.185806
1769098068.095197 15.968428 -7.147046 -1.185489
1769098068.145209 15.970740 -7.152746 -1.186438
1769098068.195192 15.972353 -7.156735 -1.186438
1769098068.250174 15.973929 -7.160630 -1.186438
1769098068.295193 15.976320 -7.166543 -1.187071
1769098068.345197 15.977950 -7.170580 -1.186438
1769098068.400205 15.979554 -7.174545 -1.187388
1769098068.445201 15.982025 -7.180671 -1.188337
1769098068.495182 15.983659 -7.184734 -1.188653
1769098068.550248 15.985311 -7.188844 -1.189602
1769098068.590245 15.987741 -7.194905 -1.190868
1769098068.640202 15.989336 -7.198901 -1.190868
1769098068.705189 15.990941 -7.202921 -1.191184
1769098068.740201 15.993286 -7.208798 -1.191184
1769098068.790261 15.994853 -7.212724 -1.190868
1769098068.850211 15.996439 -7.216696 -1.190551
1769098068.895194 15.998759 -7.222501 -1.188969
1769098068.945237 16.000221 -7.226142 -1.188020
1769098068.995220 16.001790 -7.230040 -1.186755
1769098069.045252 16.004114 -7.235789 -1.185806
1769098069.100210 16.005711 -7.239730 -1.185173
1769098069.145200 16.008062 -7.245523 -1.184857
1769098069.190211 16.009701 -7.249556 -1.184224
1769098069.250215 16.011247 -7.253354 -1.185489
1769098069.295193 16.013701 -7.259405 -1.186122
1769098069.345207 16.015306 -7.263370 -1.187071
1769098069.400248 16.016917 -7.267360 -1.188337
1769098069.445209 16.019335 -7.273371 -1.190235
1769098069.495220 16.020962 -7.277437 -1.191817
1769098069.550236 16.022535 -7.281387 -1.192450
1769098069.590224 16.024826 -7.287150 -1.192766
1769098069.640193 16.026330 -7.290937 -1.192450
1769098069.695214 16.027919 -7.294935 -1.191817
1769098069.745225 16.030335 -7.301002 -1.191184
1769098069.795207 16.031920 -7.304975 -1.190868
1769098069.850266 16.033535 -7.309018 -1.189602
1769098069.895216 16.035917 -7.314962 -1.189286
1769098069.955233 16.037396 -7.318650 -1.188337
1769098069.995254 16.039720 -7.324427 -1.187704
1769098070.040236 16.041187 -7.328066 -1.188020
1769098070.100226 16.042775 -7.332010 -1.187388
1769098070.145272 16.045151 -7.337902 -1.187071
1769098070.190274 16.046715 -7.341774 -1.185489
1769098070.255221 16.048313 -7.345715 -1.186122
1769098070.295290 16.050706 -7.351627 -1.186122
1769098070.345227 16.052350 -7.355686 -1.185173
1769098070.400222 16.053978 -7.359696 -1.185489
1769098070.450235 16.056451 -7.365794 -1.186755
1769098070.495221 16.058092 -7.369854 -1.187071
1769098070.555234 16.059750 -7.373961 -1.188653
1769098070.595227 16.062175 -7.379997 -1.189602
1769098070.640245 16.063767 -7.383967 -1.190551
1769098070.695238 16.065354 -7.387939 -1.192133
1769098070.745234 16.066926 -7.391890 -1.192133
1769098070.795274 16.069303 -7.397864 -1.192133
1769098070.845239 16.070875 -7.401815 -1.191501
1769098070.895211 16.072421 -7.405694 -1.189919
1769098070.945232 16.074764 -7.411545 -1.189602
1769098070.995320 16.076346 -7.415492 -1.187071
1769098071.045235 16.077957 -7.419482 -1.186438
1769098071.090249 16.080349 -7.425395 -1.185806
1769098071.150290 16.081888 -7.429195 -1.184540
1769098071.195286 16.084329 -7.435197 -1.185173
1769098071.245218 16.085919 -7.439114 -1.185489
1769098071.295270 16.087517 -7.443054 -1.186122
1769098071.350309 16.089142 -7.447066 -1.187071
1769098071.390244 16.091539 -7.453004 -1.187388
1769098071.445249 16.093139 -7.456971 -1.188969
1769098071.495222 16.094742 -7.460964 -1.188969
1769098071.545245 16.097072 -7.466765 -1.189919
1769098071.605244 16.098671 -7.470760 -1.189919
1769098071.640259 16.101033 -7.476657 -1.190235
1769098071.695269 16.102669 -7.480746 -1.190868
1769098071.750268 16.104293 -7.484813 -1.191817
1769098071.795349 16.106709 -7.490880 -1.191184
1769098071.845269 16.108313 -7.494900 -1.190868
1769098071.900273 16.109890 -7.498849 -1.191501
1769098071.945275 16.112223 -7.504703 -1.190551
1769098071.990251 16.113773 -7.508581 -1.190235
1769098072.050271 16.115334 -7.512482 -1.190235
1769098072.090293 16.117656 -7.518287 -1.189286
1769098072.145254 16.119211 -7.522163 -1.187704
1769098072.200290 16.120772 -7.526036 -1.186755
1769098072.245305 16.123152 -7.531926 -1.185806
1769098072.295222 16.124778 -7.535938 -1.184224
1769098072.350249 16.126314 -7.539712 -1.184540
1769098072.395256 16.128764 -7.545738 -1.184857
1769098072.440310 16.130413 -7.549794 -1.185173
1769098072.500233 16.132079 -7.553898 -1.186755
1769098072.545307 16.134506 -7.559906 -1.188653
1769098072.595319 16.136092 -7.563851 -1.189286
1769098072.650257 16.137713 -7.567892 -1.190551
1769098072.695261 16.140099 -7.573862 -1.191817
1769098072.740247 16.141700 -7.577883 -1.192766
1769098072.805238 16.143261 -7.581811 -1.193082
1769098072.845258 16.145594 -7.587693 -1.191817
1769098072.895262 16.147177 -7.591667 -1.191501
1769098072.950267 16.148789 -7.595711 -1.189602
1769098072.995247 16.151105 -7.601490 -1.188337
1769098073.045263 16.152683 -7.605412 -1.188020
1769098073.100263 16.154280 -7.609380 -1.187071
1769098073.145253 16.156678 -7.615317 -1.186755
1769098073.190254 16.158280 -7.619283 -1.187071
1769098073.250234 16.159825 -7.623109 -1.186122
1769098073.295284 16.162218 -7.629021 -1.187388
1769098073.345271 16.163828 -7.633012 -1.187388
1769098073.405314 16.165409 -7.636932 -1.187704
1769098073.445235 16.167822 -7.642918 -1.187388
1769098073.490275 16.169384 -7.646791 -1.187704
1769098073.555293 16.171040 -7.650899 -1.188020
1769098073.595242 16.173469 -7.656933 -1.188337
1769098073.640273 16.175132 -7.661066 -1.188969
1769098073.705264 16.176773 -7.665153 -1.190235
1769098073.750255 16.179236 -7.671310 -1.191501
1769098073.795303 16.180848 -7.675354 -1.192133
1769098073.855277 16.182438 -7.679352 -1.192766
1769098073.900285 16.184793 -7.685280 -1.192766
1769098073.945297 16.186334 -7.689161 -1.193715
1769098074.005272 16.187900 -7.693115 -1.192450
1769098074.045278 16.190218 -7.698948 -1.191184
1769098074.090276 16.191756 -7.702803 -1.191184
1769098074.140251 16.193295 -7.706659 -1.189286
1769098074.195292 16.194868 -7.710582 -1.188337
1769098074.240251 16.197258 -7.716523 -1.186122
1769098074.295345 16.198854 -7.720464 -1.184857
1769098074.345282 16.200483 -7.724474 -1.185173
1769098074.395277 16.202930 -7.730501 -1.184224
1769098074.445260 16.204581 -7.734557 -1.185173
1769098074.500284 16.206180 -7.738497 -1.185806
1769098074.545269 16.208595 -7.744455 -1.187071
1769098074.600276 16.210196 -7.748422 -1.189286
1769098074.645288 16.212514 -7.754200 -1.189919
1769098074.690260 16.214095 -7.758148 -1.191184
1769098074.755264 16.215689 -7.762144 -1.191184
1769098074.795293 16.217987 -7.767904 -1.191501
1769098074.845329 16.219487 -7.771666 -1.192133
1769098074.900292 16.221096 -7.775711 -1.191501
1769098074.945262 16.223514 -7.781777 -1.190235
1769098075.005275 16.225028 -7.785560 -1.189919
1769098075.045285 16.227389 -7.791458 -1.189602
1769098075.090289 16.228999 -7.795476 -1.189286
1769098075.150275 16.230573 -7.799398 -1.188337
1769098075.195296 16.232906 -7.805199 -1.188020
1769098075.240286 16.234457 -7.809049 -1.188653
1769098075.305347 16.236061 -7.813042 -1.188020
1769098075.345289 16.238425 -7.818911 -1.187388
1769098075.390286 16.239968 -7.822737 -1.187071
1769098075.440276 16.241560 -7.826680 -1.186438
1769098075.495301 16.243164 -7.830646 -1.186755
1769098075.545352 16.245610 -7.836700 -1.186755
1769098075.590289 16.247223 -7.840690 -1.186755
1769098075.645296 16.248873 -7.844773 -1.187388
1769098075.690312 16.251249 -7.850665 -1.188337
1769098075.750324 16.252883 -7.854727 -1.189286
1769098075.795330 16.255305 -7.860764 -1.191501
1769098075.840300 16.256908 -7.864785 -1.193082
1769098075.900318 16.258485 -7.868761 -1.194032
1769098075.945312 16.260823 -7.874668 -1.193715
1769098075.995282 16.262398 -7.878645 -1.193399
1769098076.055280 16.263909 -7.882457 -1.193399
1769098076.090302 16.266231 -7.888316 -1.191184
1769098076.145324 16.267807 -7.892265 -1.189919
1769098076.200310 16.269406 -7.896260 -1.188653
1769098076.245315 16.271766 -7.902131 -1.186755
1769098076.295301 16.273274 -7.905862 -1.186438
1769098076.350352 16.274887 -7.909851 -1.185806
1769098076.390303 16.277292 -7.915786 -1.185489
1769098076.445301 16.278805 -7.919515 -1.185173
1769098076.495291 16.280385 -7.923408 -1.185806
1769098076.545365 16.282790 -7.929343 -1.188020
1769098076.595292 16.284397 -7.933335 -1.188020
1769098076.645304 16.285976 -7.937256 -1.188337
1769098076.695310 16.288356 -7.943173 -1.188969
1769098076.745280 16.289959 -7.947166 -1.188969
1769098076.800305 16.291563 -7.951159 -1.188969
1769098076.840311 16.294024 -7.957289 -1.189919
1769098076.895287 16.295633 -7.961307 -1.190235
1769098076.945324 16.297260 -7.965373 -1.190551
1769098076.995312 16.299655 -7.971366 -1.190868
1769098077.040319 16.301251 -7.975362 -1.190868
1769098077.095315 16.302847 -7.979358 -1.190868
1769098077.140326 16.305165 -7.985164 -1.191184
1769098077.190316 16.306722 -7.989066 -1.190551
1769098077.240323 16.308281 -7.992968 -1.189919
1769098077.295336 16.310539 -7.998607 -1.188020
1769098077.350424 16.311986 -8.002199 -1.188337
1769098077.390312 16.314328 -8.008023 -1.186438
1769098077.440315 16.315970 -8.012082 -1.185489
1769098077.500319 16.317588 -8.016069 -1.186122
1769098077.545313 16.320010 -8.022052 -1.185806
1769098077.595310 16.321635 -8.026063 -1.185489
1769098077.650368 16.323271 -8.030098 -1.186122
1769098077.690306 16.325712 -8.036127 -1.187704
1769098077.745399 16.327330 -8.040141 -1.188653
1769098077.800338 16.328916 -8.044087 -1.190551
1769098077.840312 16.331236 -8.049892 -1.192766
1769098077.895319 16.332824 -8.053891 -1.192766
1769098077.945347 16.334412 -8.057890 -1.193399
1769098077.995332 16.336641 -8.063514 -1.193715
1769098078.045325 16.338151 -8.067326 -1.192450
1769098078.090377 16.340423 -8.073041 -1.191501
1769098078.155324 16.342035 -8.077085 -1.191501
1769098078.195346 16.344322 -8.082822 -1.189602
1769098078.240331 16.345894 -8.086746 -1.189286
1769098078.295334 16.347496 -8.090739 -1.188653
1769098078.345334 16.349082 -8.094685 -1.187388
1769098078.390337 16.351430 -8.100506 -1.186755
1769098078.440330 16.353004 -8.104402 -1.187388
1769098078.500328 16.354595 -8.108345 -1.187388
1769098078.540316 16.356972 -8.114237 -1.187071
1769098078.595330 16.358563 -8.118180 -1.186438
1769098078.645338 16.360148 -8.122098 -1.186755
1769098078.700337 16.362538 -8.128012 -1.186755
1769098078.745343 16.364188 -8.132095 -1.186122
1769098078.800337 16.365831 -8.136154 -1.187704
1769098078.845340 16.368301 -8.142281 -1.188653
1769098078.895344 16.369924 -8.146321 -1.189286
1769098078.950333 16.371545 -8.150361 -1.189919
1769098078.995346 16.373982 -8.156447 -1.191501
1769098079.055356 16.375453 -8.160138 -1.191817
1769098079.095318 16.377822 -8.166087 -1.192766
1769098079.145313 16.379373 -8.169992 -1.192766
1769098079.195338 16.380961 -8.173991 -1.192133
1769098079.245322 16.382505 -8.177872 -1.191184
1769098079.295348 16.384831 -8.183702 -1.189919
1769098079.345357 16.386374 -8.187555 -1.188020
1769098079.395347 16.387972 -8.191523 -1.187071
1769098079.440326 16.390388 -8.197508 -1.186122
1769098079.495362 16.391993 -8.201473 -1.185806
1769098079.550365 16.393600 -8.205437 -1.184857
1769098079.595348 16.396039 -8.211440 -1.185489
1769098079.640360 16.397647 -8.215404 -1.186438
1769098079.700393 16.399250 -8.219370 -1.186755
1769098079.745358 16.401640 -8.225283 -1.188653
1769098079.795359 16.403264 -8.229323 -1.189919
1769098079.845358 16.404863 -8.233317 -1.190551
1769098079.895351 16.407277 -8.239357 -1.191501
1769098079.945366 16.408843 -8.243284 -1.191817
1769098080.000412 16.410453 -8.247328 -1.192450
1769098080.040328 16.412865 -8.253397 -1.192450
1769098080.090355 16.414483 -8.257466 -1.191501
1769098080.145338 16.416085 -8.261486 -1.191817
1769098080.190346 16.418436 -8.267388 -1.191501
1769098080.240369 16.420057 -8.271456 -1.190551
1769098080.300367 16.421616 -8.275357 -1.189919
1769098080.345384 16.423931 -8.281138 -1.189919
1769098080.395335 16.425483 -8.285015 -1.190235
1769098080.445359 16.427025 -8.288869 -1.189602
1769098080.495374 16.429361 -8.294695 -1.188337
1769098080.545351 16.430948 -8.298640 -1.187704
1769098080.600350 16.432499 -8.302490 -1.186438
1769098080.645347 16.434872 -8.308356 -1.185806
1769098080.695350 16.436516 -8.312414 -1.185489
1769098080.750344 16.438152 -8.316449 -1.186122
1769098080.795357 16.440622 -8.322549 -1.186122
1769098080.840362 16.442227 -8.326513 -1.187071
1769098080.900354 16.443876 -8.330597 -1.188337
1769098080.945372 16.446285 -8.336585 -1.189919
1769098080.995372 16.447875 -8.340556 -1.190868
1769098081.045374 16.449461 -8.344529 -1.191817
1769098081.090364 16.451840 -8.350501 -1.193715
1769098081.145350 16.453415 -8.354478 -1.193399
1769098081.200379 16.454953 -8.358361 -1.192450
1769098081.240376 16.457319 -8.364311 -1.190868
1769098081.300384 16.458811 -8.368049 -1.189919
1769098081.345375 16.461079 -8.373712 -1.188969
1769098081.390367 16.462682 -8.377705 -1.187704
1769098081.445349 16.464196 -8.381461 -1.187071
1769098081.495373 16.466565 -8.387328 -1.186438
1769098081.545370 16.468178 -8.391317 -1.185806
1769098081.595365 16.469785 -8.395281 -1.186755
1769098081.640372 16.472137 -8.401101 -1.186755
1769098081.690371 16.473711 -8.404997 -1.187388
1769098081.750371 16.475330 -8.409011 -1.188337
1769098081.795416 16.477710 -8.414928 -1.188337
1769098081.850384 16.479288 -8.418850 -1.189286
1769098081.895586 16.481625 -8.424675 -1.189286
1769098081.945379 16.483208 -8.428622 -1.189919
1769098082.000395 16.484760 -8.432499 -1.189602
1769098082.040396 16.487209 -8.438607 -1.189602
1769098082.090427 16.488847 -8.442695 -1.191501
1769098082.150388 16.490365 -8.446504 -1.192133
1769098082.190433 16.492761 -8.452525 -1.192133
1769098082.250359 16.494276 -8.456335 -1.192766
1769098082.295394 16.496593 -8.462168 -1.192766
1769098082.345361 16.498041 -8.465815 -1.191817
1769098082.400365 16.499605 -8.469741 -1.191501
1769098082.440361 16.501836 -8.475337 -1.190868
1769098082.495380 16.503384 -8.479216 -1.189286
1769098082.545384 16.504920 -8.483045 -1.187704
1769098082.595454 16.507210 -8.488726 -1.186438
1769098082.640372 16.508823 -8.492715 -1.185806
1769098082.700410 16.510439 -8.496703 -1.184540
1769098082.745408 16.512899 -8.502752 -1.185173
1769098082.795388 16.514527 -8.506762 -1.185489
1769098082.845392 16.516164 -8.510796 -1.186122
1769098082.895398 16.518605 -8.516826 -1.187704
1769098082.945392 16.520194 -8.520770 -1.188969
1769098083.000393 16.521807 -8.524786 -1.190551
1769098083.045389 16.524212 -8.530803 -1.191817
1769098083.090386 16.525785 -8.534753 -1.192450
1769098083.145390 16.527365 -8.538728 -1.192766
1769098083.195393 16.529728 -8.544680 -1.192450
1769098083.240452 16.531327 -8.548702 -1.191501
1769098083.300397 16.532930 -8.552722 -1.191184
1769098083.345416 16.535349 -8.558788 -1.189286
1769098083.395401 16.536933 -8.562734 -1.189286
1769098083.450373 16.538525 -8.566704 -1.188969
1769098083.495397 16.540892 -8.572600 -1.187388
1769098083.545402 16.542483 -8.576543 -1.188020
1769098083.600392 16.544033 -8.580394 -1.188020
1769098083.640389 16.546397 -8.586263 -1.188020
1769098083.695385 16.548013 -8.590278 -1.187704
1769098083.755396 16.549584 -8.594175 -1.187704
1769098083.795406 16.551959 -8.600068 -1.188020
1769098083.840399 16.553556 -8.604036 -1.187704
1769098083.900376 16.555165 -8.608027 -1.187071
1769098083.945401 16.557638 -8.614152 -1.188020
1769098083.995398 16.559283 -8.618238 -1.188020
1769098084.050435 16.560918 -8.622299 -1.189602
1769098084.095415 16.563385 -8.628455 -1.191501
1769098084.145477 16.565006 -8.632522 -1.191817
1769098084.205387 16.566636 -8.636614 -1.192450
1769098084.245416 16.568983 -8.642518 -1.194032
1769098084.295411 16.570538 -8.646448 -1.194348
1769098084.355405 16.572092 -8.650379 -1.194664
1769098084.390389 16.574323 -8.656029 -1.192133
1769098084.440387 16.575857 -8.659886 -1.190868
1769098084.500412 16.577397 -8.663741 -1.190235
1769098084.545459 16.579757 -8.669639 -1.188020
1769098084.595426 16.581345 -8.673584 -1.188020
1769098084.650413 16.582952 -8.677575 -1.185489
1769098084.695416 16.585359 -8.683509 -1.185173
1769098084.745413 16.586968 -8.687473 -1.186122
1769098084.800409 16.588601 -8.691508 -1.185489
1769098084.845393 16.590998 -8.697419 -1.186755
1769098084.895406 16.592573 -8.701314 -1.187388
1769098084.950423 16.594163 -8.705257 -1.188020
1769098084.995420 16.596555 -8.711198 -1.189602
1769098085.045412 16.598146 -8.715168 -1.189919
1769098085.100423 16.599765 -8.719210 -1.190551
1769098085.145400 16.602160 -8.725203 -1.190868
1769098085.195418 16.603765 -8.729222 -1.190551
1769098085.250424 16.605409 -8.733335 -1.191501
1769098085.295426 16.607827 -8.739401 -1.190868
1769098085.345418 16.609413 -8.743374 -1.190551
1769098085.405426 16.611020 -8.747393 -1.190868
1769098085.445428 16.613404 -8.753363 -1.189602
1769098085.495430 16.614977 -8.757287 -1.189919
1769098085.555409 16.616538 -8.761187 -1.189919
1769098085.595427 16.618881 -8.767038 -1.188969
1769098085.645462 16.620428 -8.770890 -1.188969
1769098085.705514 16.622012 -8.774836 -1.187704
1769098085.745438 16.624378 -8.780705 -1.187071
1769098085.795444 16.625941 -8.784578 -1.186122
1769098085.845459 16.627575 -8.788613 -1.185489
1769098085.895461 16.629221 -8.792671 -1.185806
1769098085.945461 16.631682 -8.798746 -1.186122
1769098085.995473 16.633297 -8.802735 -1.186755
1769098086.045432 16.634947 -8.806818 -1.188020
1769098086.090486 16.637396 -8.812899 -1.188969
1769098086.145429 16.639027 -8.816962 -1.189919
1769098086.195441 16.640617 -8.820933 -1.192133
1769098086.245434 16.643022 -8.826977 -1.193715
1769098086.295447 16.644588 -8.830931 -1.194348
1769098086.350464 16.646151 -8.834885 -1.193715
1769098086.395444 16.648509 -8.840839 -1.192766
1769098086.445441 16.649957 -8.844485 -1.193082
1769098086.495432 16.651553 -8.848508 -1.190868
1769098086.545444 16.653947 -8.854502 -1.189919
1769098086.595433 16.655527 -8.858450 -1.188653
1769098086.645494 16.657103 -8.862372 -1.187071
1769098086.690443 16.659491 -8.868286 -1.187071
1769098086.750441 16.661083 -8.872229 -1.186438
1769098086.800429 16.662687 -8.876194 -1.186755
1769098086.845442 16.665077 -8.882108 -1.186755
1769098086.895436 16.666632 -8.885957 -1.186755
1769098086.950444 16.668263 -8.889993 -1.188020
1769098086.995454 16.670627 -8.895863 -1.187388
1769098087.045446 16.672227 -8.899830 -1.187704
1769098087.095448 16.673816 -8.903774 -1.188337
1769098087.150463 16.676282 -8.909902 -1.188653
1769098087.190450 16.677924 -8.913989 -1.188653
1769098087.250471 16.679557 -8.918052 -1.189602
1769098087.295453 16.681996 -8.924137 -1.190551
1769098087.345472 16.683602 -8.928156 -1.191501
1769098087.395449 16.685214 -8.932200 -1.191501
1769098087.445524 16.687557 -8.938078 -1.192133
1769098087.495423 16.689138 -8.942052 -1.191817
1769098087.550488 16.690683 -8.945932 -1.191501
1769098087.595483 16.693017 -8.951786 -1.190551
1769098087.640478 16.694586 -8.955711 -1.189602
1769098087.700465 16.696149 -8.959611 -1.188337
1769098087.745542 16.698501 -8.965458 -1.187388
1769098087.795495 16.700110 -8.969449 -1.185489
1769098087.850497 16.701747 -8.973483 -1.185489
1769098087.895499 16.704172 -8.979464 -1.185806
1769098087.945471 16.705788 -8.983452 -1.185806
1769098088.000469 16.707423 -8.987487 -1.186438
1769098088.040458 16.709767 -8.993282 -1.186755
1769098088.090465 16.711389 -8.997295 -1.187704
1769098088.150527 16.712988 -9.001263 -1.189286
1769098088.195460 16.715400 -9.007276 -1.191184
1769098088.245469 16.716995 -9.011273 -1.193082
1769098088.300434 16.718582 -9.015272 -1.192450
1769098088.345447 16.720985 -9.021317 -1.192133
1769098088.395463 16.722538 -9.025221 -1.192766
1769098088.450487 16.724154 -9.029291 -1.191184
1769098088.495517 16.726555 -9.035309 -1.188653
1769098088.545465 16.728178 -9.039348 -1.185489
1769098088.605467 16.729767 -9.043265 -1.181376
1769098088.640460 16.732189 -9.049166 -1.175681
1769098088.695452 16.733825 -9.053091 -1.171252
1769098088.755476 16.735440 -9.056915 -1.166823
1769098088.790451 16.737907 -9.062686 -1.159862
1769098088.845509 16.739606 -9.066585 -1.154800
1769098088.905550 16.741314 -9.070451 -1.150687
1769098088.945465 16.743905 -9.076251 -1.143410
1769098088.995478 16.745657 -9.080098 -1.138665
1769098089.055463 16.747449 -9.083982 -1.133286
1769098089.095539 16.750205 -9.089875 -1.126642
1769098089.140487 16.752065 -9.093783 -1.123162
1769098089.205464 16.753971 -9.097753 -1.119998
1769098089.250459 16.756816 -9.103631 -1.116834
1769098089.295485 16.758703 -9.107498 -1.114936
1769098089.345461 16.760642 -9.111452 -1.115569
1769098089.395459 16.762500 -9.115249 -1.115885
1769098089.445477 16.765369 -9.121115 -1.116518
1769098089.495481 16.767257 -9.124981 -1.117150
1769098089.550468 16.769121 -9.128803 -1.116518
1769098089.590476 16.771942 -9.134580 -1.115885
1769098089.640475 16.773821 -9.138422 -1.114936
1769098089.695519 16.775671 -9.142195 -1.113037
1769098089.745580 16.778490 -9.147917 -1.111772
1769098089.795539 16.780352 -9.151683 -1.109874
1769098089.850521 16.782243 -9.155492 -1.109874
1769098089.895491 16.785113 -9.161272 -1.109557
1769098089.945494 16.786983 -9.165035 -1.108924
1769098090.000508 16.788878 -9.168842 -1.110190
1769098090.045485 16.791736 -9.174600 -1.111456
1769098090.090501 16.793599 -9.178366 -1.110823
1769098090.150488 16.795531 -9.182267 -1.112088
1769098090.190470 16.798378 -9.188032 -1.112721
1769098090.240482 16.800214 -9.191755 -1.113354
1769098090.300490 16.802092 -9.195570 -1.113987
1769098090.345489 16.804983 -9.201453 -1.112405
1769098090.390473 16.806921 -9.205380 -1.113987
1769098090.445484 16.808852 -9.209310 -1.113670
1769098090.495547 16.811757 -9.215215 -1.114936
1769098090.545487 16.813662 -9.219101 -1.115885
1769098090.600486 16.815530 -9.222921 -1.115252
1769098090.640501 16.818381 -9.228739 -1.115885
1769098090.695498 16.820216 -9.232491 -1.116834
1769098090.750496 16.822036 -9.236221 -1.115569
1769098090.795491 16.824830 -9.241927 -1.115252
1769098090.845464 16.826678 -9.245700 -1.114619
1769098090.900500 16.828540 -9.249495 -1.113037
1769098090.945496 16.831359 -9.255217 -1.110506
1769098090.990508 16.833192 -9.258913 -1.109557
1769098091.050488 16.835129 -9.262812 -1.108292
1769098091.095505 16.837975 -9.268520 -1.107659
1769098091.145487 16.839909 -9.272392 -1.107975
1769098091.200498 16.841841 -9.276265 -1.108924
1769098091.245554 16.844729 -9.282065 -1.110823
1769098091.290496 16.846650 -9.285944 -1.112405
1769098091.355487 16.848565 -9.289825 -1.113987
1769098091.400545 16.851423 -9.295640 -1.115252
1769098091.445507 16.853327 -9.299527 -1.116201
1769098091.500498 16.855217 -9.303393 -1.116834
1769098091.545510 16.857958 -9.309011 -1.116518
1769098091.595506 16.859858 -9.312900 -1.115569
1769098091.645509 16.861716 -9.316697 -1.113987
1769098091.695503 16.864529 -9.322421 -1.113354
1769098091.745495 16.866430 -9.326281 -1.112721
1769098091.800532 16.868332 -9.330141 -1.111456
1769098091.845567 16.871149 -9.335835 -1.111139
1769098091.895519 16.873024 -9.339623 -1.110823
1769098091.945507 16.874800 -9.343207 -1.111456
1769098091.995575 16.877482 -9.348629 -1.111772
1769098092.055527 16.879354 -9.352418 -1.111456
1769098092.095562 16.882171 -9.358113 -1.111139
1769098092.145522 16.884091 -9.361992 -1.111456
1769098092.200507 16.885988 -9.365826 -1.112405
1769098092.245523 16.888732 -9.371387 -1.110823
1769098092.305517 16.890518 -9.374993 -1.109874
1769098092.345521 16.893333 -9.380660 -1.110506
1769098092.390511 16.895311 -9.384651 -1.111139
1769098092.445511 16.897243 -9.388553 -1.111772
1769098092.500521 16.899172 -9.392456 -1.113670
1769098092.540531 16.902076 -9.398361 -1.115569
1769098092.595520 16.903968 -9.402225 -1.116201
1769098092.645526 16.905824 -9.406023 -1.117783
1769098092.690505 16.908638 -9.411803 -1.117783
1769098092.745520 16.910488 -9.415604 -1.117467
1769098092.800500 16.912328 -9.419381 -1.116834
1769098092.845525 16.915114 -9.425091 -1.115252
1769098092.895545 16.916974 -9.428886 -1.113037
1769098092.950528 16.918808 -9.432610 -1.111772
1769098092.995534 16.921623 -9.438305 -1.108924
1769098093.040604 16.923540 -9.442157 -1.108292
1769098093.100582 16.925449 -9.445985 -1.107975
1769098093.145522 16.928297 -9.451693 -1.107975
1769098093.190527 16.930206 -9.455520 -1.108924
1769098093.250534 16.932124 -9.459372 -1.110190
1769098093.290529 16.934981 -9.465131 -1.111456
1769098093.345505 16.936889 -9.468988 -1.112721
1769098093.400539 16.938792 -9.472847 -1.113354
1769098093.445529 16.941665 -9.478683 -1.114303
1769098093.490537 16.943584 -9.482591 -1.114303
1769098093.550534 16.945481 -9.486453 -1.114303
1769098093.595511 16.948337 -9.492269 -1.113670
1769098093.645530 16.950236 -9.496130 -1.113670
1769098093.700563 16.952191 -9.500105 -1.113354
1769098093.745580 16.954930 -9.505668 -1.113037
1769098093.795549 16.956820 -9.509505 -1.113354
1769098093.850553 16.958676 -9.513275 -1.113354
1769098093.890560 16.961459 -9.518929 -1.114303
1769098093.945636 16.963311 -9.522701 -1.113670
1769098094.000563 16.965143 -9.526425 -1.113037
1769098094.045555 16.967962 -9.532147 -1.113037
1769098094.090517 16.969819 -9.535916 -1.111772
1769098094.150550 16.971714 -9.539751 -1.112088
1769098094.190543 16.974550 -9.545492 -1.109874
1769098094.245534 16.976430 -9.549278 -1.108924
1769098094.295549 16.978381 -9.553198 -1.108608
1769098094.345596 16.981282 -9.559020 -1.108924
1769098094.395545 16.983233 -9.562940 -1.109874
1769098094.450562 16.985158 -9.566817 -1.110823
1769098094.490544 16.988057 -9.572668 -1.113354
1769098094.545555 16.989968 -9.576551 -1.114936
1769098094.600597 16.991851 -9.580392 -1.115885
1769098094.645530 16.994721 -9.586258 -1.117783
1769098094.690544 16.996560 -9.590036 -1.118416
1769098094.750547 16.998440 -9.593906 -1.117783
1769098094.795541 17.001232 -9.599641 -1.116518
1769098094.845546 17.003054 -9.603371 -1.115252
1769098094.900560 17.004913 -9.607167 -1.113670
1769098094.945556 17.007706 -9.612845 -1.112405
1769098094.995531 17.009621 -9.616726 -1.111456
1769098095.050547 17.011473 -9.620469 -1.109874
1769098095.090532 17.014287 -9.626137 -1.109874
1769098095.140547 17.016156 -9.629900 -1.109874
1769098095.200595 17.018070 -9.633754 -1.109874
1769098095.245535 17.020873 -9.639398 -1.110823
1769098095.290561 17.022772 -9.643231 -1.111772
1769098095.350536 17.024667 -9.647066 -1.112088
1769098095.395530 17.027491 -9.652785 -1.112088
1769098095.445565 17.029396 -9.656643 -1.112088
1769098095.500591 17.031313 -9.660524 -1.111772
1769098095.545560 17.034184 -9.666332 -1.111772
1769098095.595560 17.036079 -9.670167 -1.112088
1769098095.650587 17.038052 -9.674161 -1.112721
1769098095.690560 17.040928 -9.679995 -1.114303
1769098095.745602 17.042836 -9.683880 -1.113987
1769098095.800574 17.044712 -9.687697 -1.114619
1769098095.845610 17.047499 -9.693377 -1.115885
1769098095.890591 17.049356 -9.697174 -1.114936
1769098095.950604 17.051239 -9.701015 -1.114619
1769098095.995578 17.054005 -9.706650 -1.114619
1769098096.045558 17.055867 -9.710445 -1.113037
1769098096.100631 17.057712 -9.714191 -1.112088
1769098096.145554 17.060537 -9.719910 -1.110190
1769098096.190567 17.062404 -9.723674 -1.108924
1769098096.255547 17.064310 -9.727503 -1.108608
1769098096.290568 17.067188 -9.733280 -1.108292
1769098096.355630 17.069006 -9.736927 -1.109241
1769098096.395568 17.071779 -9.742502 -1.109874
1769098096.440576 17.073671 -9.746310 -1.111139
1769098096.500671 17.075512 -9.750030 -1.112405
1769098096.545549 17.078379 -9.755841 -1.113670
1769098096.590573 17.080312 -9.759770 -1.115885
1769098096.650580 17.082225 -9.763681 -1.117150
1769098096.695562 17.085076 -9.769528 -1.116834
1769098096.745580 17.086974 -9.773418 -1.116518
1769098096.805571 17.088840 -9.777238 -1.115885
1769098096.845573 17.091687 -9.783059 -1.114619
1769098096.890580 17.093571 -9.786899 -1.113670
1769098096.955626 17.095470 -9.790760 -1.113670
1769098096.995583 17.098296 -9.796506 -1.113354
1769098097.045585 17.100130 -9.800230 -1.112721
1769098097.100578 17.101999 -9.804022 -1.112405
1769098097.150590 17.104776 -9.809651 -1.112405
1769098097.190588 17.106658 -9.813464 -1.111772
1769098097.240588 17.108520 -9.817230 -1.111772
1769098097.295588 17.110404 -9.821043 -1.112405
1769098097.340576 17.113215 -9.826740 -1.110823
1769098097.390573 17.115148 -9.830641 -1.110823
1769098097.450573 17.117024 -9.834428 -1.109874
1769098097.490578 17.119906 -9.840232 -1.109241
1769098097.545586 17.121845 -9.844129 -1.109874
1769098097.600578 17.123804 -9.848074 -1.111139
1769098097.640581 17.126723 -9.853972 -1.112405
1769098097.700585 17.128526 -9.857626 -1.113354
1769098097.745678 17.131366 -9.863394 -1.115252
1769098097.795613 17.133270 -9.867281 -1.116834
1769098097.855613 17.135157 -9.871148 -1.116201
1769098097.890642 17.137968 -9.876901 -1.115885
1769098097.945661 17.139837 -9.880721 -1.116518
1769098098.005593 17.141681 -9.884496 -1.115252
1769098098.045635 17.144476 -9.890201 -1.113670
1769098098.090655 17.146330 -9.893971 -1.111772
1769098098.140638 17.148225 -9.897806 -1.110823
1769098098.195604 17.150102 -9.901594 -1.109241
1769098098.250574 17.152965 -9.907350 -1.109241
1769098098.290662 17.154870 -9.911180 -1.108924
1769098098.345592 17.156753 -9.914964 -1.108608
1769098098.395605 17.159609 -9.920695 -1.110190
1769098098.440651 17.161555 -9.924618 -1.111772
1769098098.495590 17.163439 -9.928430 -1.112405
1769098098.545586 17.166284 -9.934195 -1.113670
1769098098.595599 17.168183 -9.938056 -1.114936
1769098098.640609 17.170122 -9.942010 -1.114303
1769098098.690654 17.172911 -9.947690 -1.114303
1769098098.750603 17.174774 -9.951484 -1.113987
1769098098.795662 17.177565 -9.957163 -1.113987
1769098098.845602 17.179474 -9.961047 -1.114936
1769098098.895604 17.181280 -9.964729 -1.114936
1769098098.945598 17.184154 -9.970592 -1.114936
1769098099.005592 17.185971 -9.974297 -1.115885
1769098099.045600 17.188640 -9.979754 -1.114619
1769098099.095675 17.190401 -9.983344 -1.115885
1769098099.150682 17.192259 -9.987141 -1.114936
1769098099.195611 17.195033 -9.992799 -1.113987
1769098099.240659 17.196864 -9.996525 -1.113354
1769098099.300663 17.198742 -10.000340 -1.112088
1769098099.340610 17.201566 -10.006059 -1.110190
1769098099.390661 17.203344 -10.009641 -1.108292
1769098099.450618 17.205252 -10.013469 -1.107975
1769098099.490680 17.208145 -10.019267 -1.108608
1769098099.545581 17.210075 -10.023141 -1.108924
1769098099.600607 17.212015 -10.027038 -1.110190
1769098099.640608 17.214895 -10.032843 -1.112088
1769098099.690678 17.216812 -10.036723 -1.113670
1769098099.750626 17.218722 -10.040607 -1.115252
1769098099.795649 17.221573 -10.046426 -1.115885
1769098099.845657 17.223463 -10.050291 -1.116518
1769098099.900735 17.225385 -10.054226 -1.117467
1769098099.945610 17.228201 -10.060005 -1.116201
1769098099.995678 17.230079 -10.063848 -1.114619
1769098100.050662 17.231941 -10.067643 -1.113670
1769098100.090726 17.234767 -10.073389 -1.111456
1769098100.145635 17.236664 -10.077223 -1.111772
1769098100.200680 17.238559 -10.081058 -1.110823
1769098100.245686 17.241379 -10.086751 -1.109874
1769098100.295694 17.243259 -10.090536 -1.110823
1769098100.355606 17.245124 -10.094301 -1.110190
1769098100.395596 17.247982 -10.100060 -1.112088
1769098100.445631 17.249854 -10.103850 -1.111772
1769098100.500633 17.251726 -10.107639 -1.111456
1769098100.545683 17.254610 -10.113470 -1.112405
1769098100.595691 17.256503 -10.117306 -1.112088
1769098100.640690 17.258453 -10.121255 -1.112088
1769098100.700634 17.260347 -10.125090 -1.111772
1769098100.745759 17.263252 -10.130967 -1.111456
1769098100.795635 17.265204 -10.134915 -1.113354
1769098100.850612 17.267138 -10.138843 -1.113037
1769098100.895639 17.270058 -10.144769 -1.114619
1769098100.945639 17.271931 -10.148586 -1.117150
1769098101.000628 17.273794 -10.152409 -1.116518
1769098101.045644 17.276604 -10.158163 -1.116834
1769098101.090638 17.278469 -10.161984 -1.117467
1769098101.145637 17.280298 -10.165739 -1.116518
1769098101.195637 17.283064 -10.171402 -1.115569
1769098101.245646 17.284922 -10.175198 -1.113987
1769098101.295628 17.286820 -10.179060 -1.112088
1769098101.345682 17.289611 -10.184711 -1.109241
1769098101.405631 17.291471 -10.188450 -1.108292
1769098101.445653 17.294237 -10.194000 -1.107975
1769098101.495637 17.296136 -10.197804 -1.107343
1769098101.545669 17.298093 -10.201721 -1.108924
1769098101.600624 17.299977 -10.205505 -1.109874
1769098101.640645 17.302836 -10.211263 -1.111772
1769098101.695657 17.304777 -10.215189 -1.112721
1769098101.745718 17.306679 -10.219048 -1.113987
1769098101.795639 17.309549 -10.224886 -1.115569
1769098101.845668 17.311429 -10.228728 -1.115885
1769098101.900746 17.313342 -10.232638 -1.115885
1769098101.945771 17.316211 -10.238504 -1.115252
1769098101.995757 17.318093 -10.242346 -1.113670
1769098102.050689 17.320015 -10.246252 -1.113037
1769098102.095720 17.322856 -10.252019 -1.113037
1769098102.150644 17.324735 -10.255834 -1.112405
1769098102.200704 17.326628 -10.259670 -1.112088
1769098102.245651 17.329441 -10.265366 -1.113037
1769098102.295657 17.331287 -10.269112 -1.112088
1769098102.350633 17.333181 -10.272947 -1.112405
1769098102.390727 17.335969 -10.278599 -1.112088
1769098102.440735 17.337830 -10.282366 -1.112088
1769098102.500628 17.339713 -10.286179 -1.112088
1769098102.545685 17.342571 -10.291966 -1.110506
1769098102.590661 17.344493 -10.295844 -1.110190
1769098102.650663 17.346383 -10.299653 -1.109557
1769098102.695672 17.349267 -10.305455 -1.109557
1769098102.745663 17.351250 -10.309444 -1.110823
1769098102.800660 17.353193 -10.313368 -1.110506
1769098102.845654 17.356105 -10.319241 -1.112721
1769098102.895672 17.358019 -10.323123 -1.114936
1769098102.950660 17.359936 -10.327032 -1.116201
1769098103.000671 17.362792 -10.332876 -1.117783
1769098103.045712 17.364642 -10.336677 -1.118100
1769098103.100746 17.366535 -10.340569 -1.118416
1769098103.145632 17.369279 -10.346215 -1.117150
1769098103.195729 17.371143 -10.350037 -1.115885
1769098103.255688 17.373011 -10.353856 -1.113987
1769098103.295655 17.375824 -10.359581 -1.111456
1769098103.345679 17.377653 -10.363279 -1.110506
1769098103.405653 17.379565 -10.367134 -1.109874
1769098103.445626 17.382413 -10.372869 -1.108924
1769098103.495647 17.384319 -10.376698 -1.108608
1769098103.545655 17.386193 -10.380459 -1.109874
1769098103.595667 17.388084 -10.384267 -1.110506
1769098103.640745 17.390940 -10.390027 -1.111139
1769098103.700699 17.392849 -10.393883 -1.112405
1769098103.745659 17.395593 -10.399444 -1.113354
1769098103.795649 17.397482 -10.403282 -1.113037
1769098103.855735 17.399406 -10.407187 -1.113037
1769098103.895692 17.402280 -10.413023 -1.112721
1769098103.945775 17.404206 -10.416927 -1.113354
1769098104.005685 17.406117 -10.420810 -1.113037
1769098104.050669 17.409014 -10.426691 -1.113354
1769098104.090740 17.410959 -10.430642 -1.113987
1769098104.150653 17.412813 -10.434413 -1.113354
1769098104.195690 17.415641 -10.440158 -1.114303
1769098104.245685 17.417493 -10.443929 -1.114936
1769098104.295631 17.419365 -10.447747 -1.114303
1769098104.350718 17.421206 -10.451496 -1.114619
1769098104.395654 17.423982 -10.457154 -1.113037
1769098104.445661 17.425873 -10.460991 -1.112088
1769098104.500673 17.427744 -10.464781 -1.111139
1769098104.545735 17.430563 -10.470475 -1.109557
1769098104.605735 17.432478 -10.474328 -1.108292
1769098104.640731 17.435244 -10.479877 -1.108608
1769098104.695750 17.437084 -10.483570 -1.108924
1769098104.750649 17.439035 -10.487490 -1.109874
1769098104.795758 17.441906 -10.493271 -1.110823
1769098104.845626 17.443827 -10.497149 -1.112405
1769098104.900629 17.445743 -10.501030 -1.114619
1769098104.945645 17.448519 -10.506688 -1.116201
1769098104.995667 17.450408 -10.510554 -1.116834
1769098105.050663 17.452317 -10.514467 -1.118100
1769098105.090654 17.455129 -10.520248 -1.118100
1769098105.145628 17.457011 -10.524117 -1.116834
1769098105.195664 17.458887 -10.527962 -1.115252
1769098105.245635 17.461682 -10.533667 -1.113670
1769098105.295637 17.463570 -10.537505 -1.113354
1769098105.355631 17.465448 -10.541320 -1.112721
1769098105.390734 17.468291 -10.547086 -1.112088
1769098105.445721 17.470129 -10.550808 -1.110823
1769098105.500648 17.471994 -10.554573 -1.110823
1769098105.545724 17.474803 -10.560243 -1.111456
1769098105.595632 17.476700 -10.564077 -1.110506
1769098105.650656 17.478589 -10.567887 -1.111772
1769098105.695726 17.481437 -10.573650 -1.111772
1769098105.745675 17.483299 -10.577417 -1.111772
1769098105.800670 17.485205 -10.581274 -1.111139
1769098105.850710 17.488080 -10.587081 -1.110506
1769098105.895784 17.490025 -10.591004 -1.110823
1769098105.955679 17.491958 -10.594905 -1.110823
1769098105.995695 17.494856 -10.600757 -1.112721
1769098106.045653 17.496804 -10.604707 -1.113354
1769098106.100755 17.498704 -10.608567 -1.113987
1769098106.150637 17.501574 -10.614405 -1.115569
1769098106.195652 17.503465 -10.618269 -1.116201
1769098106.255708 17.505321 -10.622067 -1.116518
1769098106.295756 17.508098 -10.627753 -1.115252
1769098106.345712 17.509980 -10.631594 -1.114936
1769098106.405686 17.511819 -10.635344 -1.114619
1769098106.445801 17.514617 -10.641047 -1.111772
1769098106.495711 17.516501 -10.644859 -1.110506
1769098106.545810 17.518390 -10.648669 -1.109874
1769098106.600686 17.520293 -10.652500 -1.108924
1769098106.640701 17.523146 -10.658233 -1.108608
1769098106.695712 17.525087 -10.662129 -1.109241
1769098106.750685 17.526959 -10.665891 -1.109241
1769098106.795712 17.529844 -10.671693 -1.111139
1769098106.845723 17.531753 -10.675549 -1.112405
1769098106.900694 17.533679 -10.679453 -1.112405
1769098106.940689 17.536558 -10.685286 -1.114619
1769098106.995749 17.538453 -10.689149 -1.115252
1769098107.050746 17.540380 -10.693081 -1.116201
1769098107.095701 17.543247 -10.698948 -1.115569
1769098107.150699 17.545072 -10.702677 -1.114936
1769098107.195693 17.547869 -10.708381 -1.114619
1769098107.245711 17.549686 -10.712085 -1.114936
1769098107.300810 17.551570 -10.715925 -1.113987
1769098107.340701 17.554394 -10.721672 -1.113670
1769098107.395720 17.556260 -10.725465 -1.113987
1769098107.455701 17.558102 -10.729213 -1.114303
1769098107.495695 17.560891 -10.734893 -1.113670
1769098107.540706 17.562723 -10.738618 -1.113037
1769098107.605720 17.564614 -10.742455 -1.112088
1769098107.645707 17.567415 -10.748128 -1.111456
1769098107.690710 17.569267 -10.751872 -1.111139
1769098107.755702 17.571165 -10.755705 -1.109557
1769098107.795719 17.574048 -10.761508 -1.108924
1769098107.845695 17.575955 -10.765337 -1.108608
1769098107.895697 17.577885 -10.769211 -1.108924
1769098107.945720 17.579847 -10.773154 -1.109557
1769098107.995741 17.582753 -10.779001 -1.110823
1769098108.045703 17.584675 -10.782880 -1.113037
1769098108.095711 17.586576 -10.786740 -1.114303
1769098108.140743 17.589455 -10.792601 -1.115569
1769098108.195805 17.591336 -10.796443 -1.117150
1769098108.250739 17.593243 -10.800356 -1.116518
1769098108.295732 17.596053 -10.806110 -1.116201
1769098108.340722 17.597909 -10.809908 -1.115252
1769098108.395701 17.599780 -10.813726 -1.113354
1769098108.440721 17.602508 -10.819267 -1.112088
1769098108.495718 17.604368 -10.823034 -1.111456
1769098108.545801 17.606253 -10.826846 -1.109557
1769098108.590780 17.609126 -10.832626 -1.108608
1769098108.640737 17.611022 -10.836432 -1.109241
1769098108.700736 17.612882 -10.840171 -1.109557
1769098108.740715 17.615709 -10.845860 -1.109874
1769098108.805721 17.617657 -10.849782 -1.110823
1769098108.845718 17.620398 -10.855316 -1.112721
1769098108.895714 17.622301 -10.859175 -1.114619
1769098108.955717 17.624208 -10.863061 -1.116834
1769098108.995719 17.627072 -10.868929 -1.122529
1769098109.045723 17.628958 -10.872853 -1.125060
1769098109.100716 17.630846 -10.876804 -1.129173
1769098109.140728 17.633540 -10.882501 -1.136450
1769098109.195722 17.635414 -10.886542 -1.140246
1769098109.250741 17.637253 -10.890544 -1.145309
1769098109.295731 17.639802 -10.896170 -1.152902
1769098109.340722 17.641538 -10.900079 -1.156382
1769098109.400727 17.643240 -10.903948 -1.160495
1769098109.445710 17.645723 -10.909658 -1.167455
1769098109.495723 17.647402 -10.913592 -1.170303
1769098109.550723 17.649011 -10.917391 -1.174416
1769098109.595813 17.651434 -10.923182 -1.178212
1769098109.645744 17.653032 -10.927040 -1.181060
1769098109.700751 17.654628 -10.930927 -1.184857
1769098109.740760 17.657077 -10.936953 -1.189602
1769098109.795808 17.658574 -10.940688 -1.193715
1769098109.850753 17.660196 -10.944783 -1.198145
1769098109.895729 17.662573 -10.950865 -1.205738
1769098109.940775 17.664037 -10.954695 -1.210800
1769098110.000757 17.665588 -10.958817 -1.216495
1769098110.045744 17.667819 -10.964847 -1.224088
1769098110.090714 17.669298 -10.968941 -1.229783
1769098110.145835 17.670720 -10.972948 -1.234845
1769098110.195729 17.672848 -10.979042 -1.241489
1769098110.245718 17.674199 -10.982994 -1.245602
1769098110.300771 17.675557 -10.987023 -1.249399
1769098110.345735 17.677572 -10.993075 -1.255094
1769098110.395732 17.678908 -10.997165 -1.258890
1769098110.450756 17.680228 -11.001260 -1.261421
1769098110.495739 17.682178 -11.007360 -1.266800
1769098110.540716 17.683466 -11.011465 -1.269964
1769098110.600708 17.684741 -11.015575 -1.273760
1769098110.640764 17.686615 -11.021698 -1.279772
1769098110.695765 17.687821 -11.025723 -1.283568
1769098110.745743 17.689040 -11.029849 -1.287998
1769098110.795730 17.690820 -11.035974 -1.295591
1769098110.845742 17.691954 -11.039993 -1.299704
1769098110.905741 17.693120 -11.044188 -1.304766
1769098110.940746 17.694817 -11.050415 -1.312043
1769098110.995730 17.695931 -11.054623 -1.317738
1769098111.050746 17.697027 -11.058863 -1.323116
1769098111.090758 17.698653 -11.065292 -1.331975
1769098111.140768 17.699689 -11.069546 -1.335455
1769098111.200744 17.700710 -11.073804 -1.340834
1769098111.245766 17.702170 -11.080039 -1.346212
1769098111.295817 17.703128 -11.084234 -1.349376
1769098111.350756 17.704051 -11.088333 -1.352540
1769098111.395750 17.705404 -11.094437 -1.357286
1769098111.450754 17.706294 -11.098543 -1.359817
1769098111.505771 17.707164 -11.102602 -1.363613
1769098111.545821 17.708439 -11.108670 -1.369625
1769098111.595754 17.709294 -11.112861 -1.373105
1769098111.650795 17.710134 -11.117056 -1.377850
1769098111.695782 17.711357 -11.123315 -1.384811
1769098111.740752 17.712176 -11.127668 -1.389557
1769098111.795757 17.712970 -11.132000 -1.395252
1769098111.845763 17.713713 -11.136187 -1.399048
1769098111.895802 17.714803 -11.142472 -1.405376
1769098111.950750 17.715524 -11.146791 -1.409489
1769098111.995774 17.716569 -11.153211 -1.415500
1769098112.045762 17.717226 -11.157412 -1.420562
1769098112.100756 17.717848 -11.161516 -1.424992
1769098112.140761 17.718774 -11.167827 -1.431952
1769098112.195759 17.719370 -11.172088 -1.437014
1769098112.255820 17.719937 -11.176302 -1.442076
1769098112.295761 17.720749 -11.182578 -1.448404
1769098112.340766 17.721234 -11.186522 -1.452517
1769098112.405772 17.721745 -11.190820 -1.455997
1769098112.445762 17.722464 -11.197055 -1.461692
1769098112.495778 17.722938 -11.201383 -1.464856
1769098112.550762 17.723377 -11.205511 -1.468020
1769098112.590765 17.724037 -11.211906 -1.473082
1769098112.640772 17.724456 -11.216188 -1.476246
1769098112.700775 17.724863 -11.220472 -1.480042
1769098112.740764 17.725432 -11.226723 -1.486370
1769098112.795773 17.725794 -11.231010 -1.490799
1769098112.850796 17.726144 -11.235375 -1.496811
1769098112.895769 17.726629 -11.241913 -1.504720
1769098112.940769 17.726898 -11.245979 -1.511364
1769098113.000768 17.727160 -11.250375 -1.517059
1769098113.045781 17.727510 -11.256896 -1.525285
1769098113.100775 17.727698 -11.261017 -1.529398
1769098113.145786 17.727962 -11.267390 -1.535726
1769098113.195775 17.728109 -11.271589 -1.538890
1769098113.240776 17.728244 -11.275814 -1.541104
1769098113.295877 17.728370 -11.280064 -1.544268
1769098113.340780 17.728540 -11.286440 -1.548698
1769098113.405782 17.728627 -11.290413 -1.552178
1769098113.445783 17.728746 -11.296765 -1.556924
1769098113.495792 17.728805 -11.301067 -1.561353
1769098113.550785 17.728845 -11.305319 -1.565782
1769098113.595844 17.728878 -11.311748 -1.572110
1769098113.640829 17.728872 -11.315924 -1.577489
1769098113.705816 17.728845 -11.320050 -1.581602
1769098113.740788 17.728776 -11.326428 -1.587929
1769098113.795800 17.728705 -11.330553 -1.592675
1769098113.850836 17.728610 -11.334880 -1.596788
1769098113.895810 17.728442 -11.341357 -1.603748
1769098113.940818 17.728297 -11.345759 -1.608178
1769098114.000837 17.728134 -11.350109 -1.613240
1769098114.045785 17.727852 -11.356760 -1.619884
1769098114.090786 17.727642 -11.361032 -1.624630
1769098114.150856 17.727412 -11.365304 -1.628743
1769098114.195801 17.727041 -11.371696 -1.634754
1769098114.245790 17.726771 -11.375915 -1.638867
1769098114.300790 17.726487 -11.380081 -1.642980
1769098114.340790 17.726037 -11.386291 -1.648675
1769098114.390800 17.725709 -11.390506 -1.652155
1769098114.450805 17.725367 -11.394693 -1.655952
1769098114.495793 17.724831 -11.400973 -1.661330
1769098114.540807 17.724444 -11.405233 -1.665443
1769098114.605793 17.724035 -11.409542 -1.669556
1769098114.640816 17.723411 -11.415838 -1.675884
1769098114.695796 17.722957 -11.420143 -1.680630
1769098114.750795 17.722475 -11.424520 -1.685059
1769098114.795861 17.721727 -11.431033 -1.692969
1769098114.845797 17.721194 -11.435379 -1.697714
1769098114.905765 17.720633 -11.439773 -1.703093
1769098114.940800 17.719775 -11.446221 -1.711002
1769098114.995815 17.719209 -11.450231 -1.714799
1769098115.050816 17.718602 -11.454414 -1.718912
1769098115.090823 17.717665 -11.460697 -1.725556
1769098115.145800 17.717013 -11.464874 -1.729669
1769098115.200802 17.716341 -11.469072 -1.733466
1769098115.245805 17.715316 -11.475316 -1.739161
1769098115.295803 17.714603 -11.479508 -1.743590
1769098115.350811 17.713868 -11.483722 -1.745805
1769098115.395805 17.712753 -11.490028 -1.750550
1769098115.440800 17.711997 -11.494187 -1.754031
1769098115.505825 17.711218 -11.498393 -1.758776
1769098115.545831 17.710031 -11.504634 -1.763522
1769098115.595846 17.709255 -11.508609 -1.767951
1769098115.645835 17.708412 -11.512828 -1.771748
1769098115.695839 17.707195 -11.518805 -1.778392
1769098115.745810 17.706287 -11.523115 -1.783454
1769098115.800818 17.705373 -11.527345 -1.789466
1769098115.845813 17.703946 -11.533769 -1.797692
1769098115.890857 17.702966 -11.538011 -1.802754
1769098115.945826 17.701966 -11.542248 -1.808449
1769098115.995847 17.700470 -11.548422 -1.814460
1769098116.045817 17.699438 -11.552574 -1.818573
1769098116.095815 17.698389 -11.556720 -1.822686
1769098116.140816 17.696780 -11.562971 -1.826799
1769098116.200817 17.695761 -11.566864 -1.830279
1769098116.250817 17.694209 -11.572711 -1.834392
1769098116.290816 17.693114 -11.576767 -1.837556
1769098116.345818 17.692074 -11.580576 -1.841985
1769098116.395819 17.690365 -11.586721 -1.847680
1769098116.445822 17.689168 -11.590933 -1.852426
1769098116.500827 17.687993 -11.594994 -1.857804
1769098116.545822 17.686245 -11.600917 -1.864765
1769098116.605826 17.685042 -11.604890 -1.868561
1769098116.645821 17.683141 -11.611084 -1.876787
1769098116.690840 17.681837 -11.615211 -1.881533
1769098116.750825 17.680553 -11.619212 -1.885330
1769098116.790833 17.678540 -11.625397 -1.892607
1769098116.845818 17.677228 -11.629335 -1.896403
1769098116.900864 17.675851 -11.633412 -1.901465
1769098116.950835 17.673723 -11.639612 -1.908742
1769098116.995826 17.672313 -11.643624 -1.912539
1769098117.050847 17.670862 -11.647702 -1.917917
1769098117.090825 17.668684 -11.653724 -1.923929
1769098117.140835 17.667240 -11.657642 -1.928042
1769098117.200842 17.665770 -11.661578 -1.931838
1769098117.250829 17.663508 -11.667569 -1.936584
1769098117.295835 17.662015 -11.671469 -1.939431
1769098117.350832 17.660592 -11.675152 -1.943228
1769098117.390833 17.658280 -11.681070 -1.947974
1769098117.445832 17.656695 -11.685070 -1.950505
1769098117.500831 17.655138 -11.688972 -1.954301
1769098117.550830 17.652676 -11.695075 -1.960629
1769098117.590840 17.651031 -11.699079 -1.964742
1769098117.650854 17.649438 -11.702912 -1.970437
1769098117.695838 17.646887 -11.708950 -1.978347
1769098117.745855 17.645171 -11.712924 -1.983725
1769098117.800850 17.643424 -11.716912 -1.988787
1769098117.845879 17.640907 -11.722579 -1.997330
1769098117.900863 17.639211 -11.726312 -2.002392
1769098117.950929 17.636553 -11.732082 -2.008403
1769098117.995840 17.634741 -11.735957 -2.011883
1769098118.050841 17.632958 -11.739733 -2.015363
1769098118.090859 17.630302 -11.745309 -2.020426
1769098118.140843 17.628420 -11.749207 -2.023273
1769098118.195863 17.626694 -11.752758 -2.027070
1769098118.240840 17.623806 -11.758643 -2.031183
1769098118.295852 17.621984 -11.762316 -2.035612
1769098118.350846 17.620135 -11.766004 -2.039092
1769098118.395845 17.617210 -11.771786 -2.044787
1769098118.455859 17.615338 -11.775434 -2.049216
1769098118.495850 17.612484 -11.780939 -2.056493
1769098118.545887 17.610487 -11.784722 -2.061239
1769098118.600846 17.608532 -11.788384 -2.066301
1769098118.645858 17.605415 -11.794151 -2.073578
1769098118.695853 17.603366 -11.797877 -2.078007
1769098118.760854 17.601226 -11.801726 -2.084335
1769098118.800865 17.597981 -11.807480 -2.091612
1769098118.850851 17.595790 -11.811300 -2.096041
1769098118.905849 17.593619 -11.815045 -2.102053
1769098118.950894 17.590324 -11.820653 -2.108064
1769098118.995864 17.588148 -11.824306 -2.110595
1769098119.055921 17.585975 -11.827932 -2.114708
1769098119.095899 17.582714 -11.833325 -2.120086
1769098119.145848 17.580520 -11.836909 -2.123250
1769098119.190857 17.578369 -11.840399 -2.127047
1769098119.250872 17.576177 -11.843924 -2.129578
1769098119.295859 17.572849 -11.849246 -2.135273
1769098119.355858 17.570683 -11.852668 -2.139069
1769098119.395860 17.567209 -11.858108 -2.145713
1769098119.445872 17.564883 -11.861698 -2.150459
1769098119.500863 17.562443 -11.865425 -2.154889
1769098119.545853 17.558828 -11.870893 -2.161533
1769098119.595877 17.556432 -11.874467 -2.165962
1769098119.650937 17.553920 -11.878177 -2.170708
1769098119.695913 17.550219 -11.883587 -2.178617
1769098119.750897 17.547921 -11.886891 -2.182730
1769098119.805878 17.545420 -11.890454 -2.187160
1769098119.845951 17.541718 -11.895680 -2.193171
1769098119.895877 17.539269 -11.899093 -2.198233
1769098119.950882 17.536906 -11.902351 -2.202346
1769098119.995897 17.533140 -11.907499 -2.209307
1769098120.045892 17.530606 -11.910914 -2.213103
1769098120.100869 17.528028 -11.914359 -2.216900
1769098120.145887 17.524234 -11.919391 -2.222911
1769098120.195868 17.521669 -11.922751 -2.226391
1769098120.250886 17.519200 -11.925961 -2.229555
1769098120.295867 17.515265 -11.931045 -2.235250
1769098120.345871 17.512549 -11.934512 -2.237781
1769098120.395871 17.509934 -11.937833 -2.241894
1769098120.440878 17.505936 -11.942867 -2.247589
1769098120.495879 17.503226 -11.946242 -2.251702
1769098120.550875 17.500628 -11.949447 -2.257080
1769098120.595986 17.496523 -11.954460 -2.265939
1769098120.640960 17.493702 -11.957842 -2.271001
1769098120.700878 17.490831 -11.961248 -2.277329
1769098120.745874 17.486658 -11.966138 -2.286188
1769098120.795879 17.483819 -11.969405 -2.290934
1769098120.850891 17.481131 -11.972469 -2.295679
1769098120.895950 17.476835 -11.977319 -2.300741
1769098120.955887 17.474135 -11.980337 -2.303905
1769098120.995880 17.469951 -11.984983 -2.307385
1769098121.040898 17.467044 -11.988189 -2.310233
1769098121.090962 17.464229 -11.991274 -2.313080
1769098121.150880 17.461355 -11.994408 -2.316877
1769098121.195886 17.457043 -11.999073 -2.322255
1769098121.245901 17.454140 -12.002180 -2.326052
1769098121.295895 17.451225 -12.005276 -2.331114
1769098121.345886 17.446986 -12.009733 -2.338391
1769098121.400890 17.444122 -12.012702 -2.343770
1769098121.440888 17.439774 -12.017159 -2.350730
1769098121.495893 17.436712 -12.020254 -2.355159
1769098121.550962 17.433798 -12.023174 -2.359905
1769098121.595891 17.429271 -12.027668 -2.366866
1769098121.640896 17.426124 -12.030748 -2.370029
1769098121.695924 17.423003 -12.033784 -2.374459
1769098121.745918 17.418393 -12.038229 -2.380470
1769098121.800914 17.415260 -12.041214 -2.385216
1769098121.845935 17.410731 -12.045487 -2.391543
1769098121.895932 17.407564 -12.048437 -2.395656
1769098121.950923 17.404571 -12.051203 -2.399137
1769098121.995936 17.400133 -12.055276 -2.405464
1769098122.050897 17.397151 -12.057978 -2.408945
1769098122.090897 17.392635 -12.062041 -2.414639
1769098122.140892 17.389495 -12.064833 -2.418436
1769098122.200899 17.386383 -12.067580 -2.420967
1769098122.245898 17.381591 -12.071789 -2.427295
1769098122.295902 17.378340 -12.074607 -2.431091
1769098122.355917 17.375039 -12.077447 -2.436154
1769098122.395921 17.370068 -12.081681 -2.442481
1769098122.440900 17.366755 -12.084466 -2.446594
1769098122.505921 17.363353 -12.087303 -2.451973
1769098122.545912 17.358315 -12.091457 -2.460199
1769098122.590902 17.354875 -12.094247 -2.464944
1769098122.650871 17.351461 -12.096989 -2.469690
1769098122.695969 17.346449 -12.100975 -2.478233
1769098122.745909 17.343039 -12.103640 -2.482346
1769098122.790981 17.339758 -12.106183 -2.486142
1769098122.850902 17.336407 -12.108759 -2.490255
1769098122.895911 17.331395 -12.112580 -2.495001
1769098122.945900 17.327940 -12.115188 -2.499747
1769098123.000916 17.324555 -12.117718 -2.503227
1769098123.045926 17.319453 -12.121504 -2.507973
1769098123.100909 17.316026 -12.124021 -2.511136
1769098123.145910 17.311017 -12.127677 -2.515882
1769098123.190911 17.307529 -12.130197 -2.519679
1769098123.255935 17.303991 -12.132733 -2.524108
1769098123.295992 17.298770 -12.136441 -2.530752
1769098123.345929 17.295245 -12.138909 -2.534549
1769098123.400913 17.291836 -12.141277 -2.539611
1769098123.445922 17.286558 -12.144903 -2.546255
1769098123.495982 17.282974 -12.147330 -2.551634
1769098123.545924 17.279357 -12.149752 -2.557328
1769098123.595922 17.275725 -12.152153 -2.563023
1769098123.640936 17.270300 -12.155697 -2.571249
1769098123.695966 17.266594 -12.158074 -2.575679
1769098123.750954 17.262962 -12.160381 -2.580108
1769098123.790994 17.257498 -12.163818 -2.585487
1769098123.845919 17.253844 -12.166089 -2.589283
1769098123.900923 17.250224 -12.168320 -2.592447
1769098123.945960 17.244783 -12.171649 -2.596876
1769098123.990964 17.241255 -12.173787 -2.599091
1769098124.050959 17.237613 -12.175983 -2.602255
1769098124.095946 17.232227 -12.179206 -2.608583
1769098124.145942 17.228565 -12.181367 -2.613645
1769098124.200942 17.224892 -12.183509 -2.617441
1769098124.245930 17.219326 -12.186727 -2.625035
1769098124.290919 17.215474 -12.188914 -2.629780
1769098124.351006 17.211767 -12.190997 -2.634842
1769098124.391018 17.206168 -12.194105 -2.642752
1769098124.450927 17.202190 -12.196272 -2.647498
1769098124.500935 17.198023 -12.198517 -2.652876
1769098124.545953 17.191765 -12.201844 -2.659204
1769098124.590957 17.187595 -12.204028 -2.663633
1769098124.650933 17.183347 -12.206228 -2.668379
1769098124.695935 17.177061 -12.209447 -2.675656
1769098124.745923 17.173059 -12.211459 -2.679769
1769098124.795956 17.168912 -12.213523 -2.684515
1769098124.845952 17.162621 -12.216617 -2.690526
1769098124.905994 17.158407 -12.218659 -2.694639
1769098124.945959 17.152450 -12.221514 -2.700017
1769098124.990972 17.148376 -12.223439 -2.703814
1769098125.050934 17.144250 -12.225371 -2.707611
1769098125.095937 17.137935 -12.228297 -2.711724
1769098125.145938 17.133771 -12.230207 -2.715204
1769098125.200971 17.129669 -12.232070 -2.719000
1769098125.245937 17.123136 -12.235008 -2.726277
1769098125.305951 17.118805 -12.236917 -2.731656
1769098125.345978 17.112398 -12.239702 -2.739249
1769098125.390947 17.107927 -12.241605 -2.744944
1769098125.455954 17.103794 -12.243335 -2.751588
1769098125.495944 17.097193 -12.246049 -2.759181
1769098125.545941 17.093013 -12.247730 -2.764876
1769098125.601027 17.088706 -12.249434 -2.768989
1769098125.640951 17.082176 -12.251986 -2.775000
1769098125.695964 17.078159 -12.253529 -2.778164
1769098125.750980 17.073759 -12.255202 -2.781328
1769098125.795969 17.067174 -12.257683 -2.786390
1769098125.850966 17.062736 -12.259329 -2.789870
1769098125.905976 17.058364 -12.260933 -2.793667
1769098125.945963 17.051702 -12.263350 -2.799995
1769098125.990972 17.047171 -12.264961 -2.804424
1769098126.051033 17.042776 -12.266501 -2.809486
1769098126.091027 17.036052 -12.268820 -2.817396
1769098126.145952 17.031758 -12.270263 -2.823407
1769098126.201057 17.027262 -12.271744 -2.828153
1769098126.245964 17.020544 -12.273921 -2.835430
1769098126.296036 17.016152 -12.275310 -2.839859
1769098126.345971 17.011609 -12.276724 -2.846819
1769098126.390981 17.004924 -12.278753 -2.853147
1769098126.450965 17.000387 -12.280100 -2.856627
1769098126.495973 16.993488 -12.282121 -2.863588
1769098126.545974 16.989205 -12.283343 -2.867384
1769098126.600982 16.984697 -12.284611 -2.871497
1769098126.640981 16.978087 -12.286441 -2.876876
1769098126.705963 16.973885 -12.287580 -2.880673
1769098126.750951 16.969728 -12.288690 -2.883204
1769098126.790968 16.963096 -12.290443 -2.888582
1769098126.845983 16.958636 -12.291596 -2.892379
1769098126.900966 16.954074 -12.292757 -2.896808
1769098126.945962 16.947100 -12.294499 -2.904401
1769098126.990969 16.942475 -12.295617 -2.908198
1769098127.050965 16.937747 -12.296741 -2.911994
1769098127.095982 16.930673 -12.298394 -2.916740
1769098127.140965 16.926010 -12.299461 -2.917689
1769098127.195967 16.921247 -12.300546 -2.918639
1769098127.245969 16.914632 -12.302046 -2.920537
1769098127.295966 16.909964 -12.303094 -2.921486
1769098127.350976 16.905568 -12.304078 -2.921486
1769098127.390965 16.898825 -12.305587 -2.920537
1769098127.445978 16.894281 -12.306608 -2.921170
1769098127.500970 16.889761 -12.307621 -2.920853
1769098127.545981 16.882871 -12.309167 -2.919271
1769098127.590971 16.878378 -12.310182 -2.919271
1769098127.646056 16.873810 -12.311215 -2.918322
1769098127.695988 16.866973 -12.312767 -2.916740
1769098127.746015 16.862384 -12.313817 -2.916740
1769098127.796007 16.857721 -12.314884 -2.916424
1769098127.846030 16.851158 -12.316387 -2.916424
1769098127.896069 16.846569 -12.317438 -2.917057
1769098127.951087 16.842177 -12.318441 -2.917689
1769098127.991018 16.835242 -12.320020 -2.918639
1769098128.046014 16.830577 -12.321078 -2.919588
1769098128.096000 16.825935 -12.322126 -2.920220
1769098128.141003 16.818898 -12.323710 -2.922435
1769098128.191002 16.814179 -12.324761 -2.923384
1769098128.250999 16.809484 -12.325802 -2.923384
1769098128.296006 16.802565 -12.327336 -2.923384
1769098128.346012 16.797944 -12.328360 -2.922435
1769098128.396069 16.793324 -12.329389 -2.922119
1769098128.446052 16.786877 -12.330828 -2.920537
1769098128.495983 16.782456 -12.331821 -2.920220
1769098128.550979 16.778061 -12.332810 -2.918955
1769098128.590986 16.771396 -12.334319 -2.917689
1769098128.651053 16.767077 -12.335303 -2.917373
1769098128.695988 16.760241 -12.336862 -2.917689
1769098128.746018 16.755602 -12.337918 -2.917689
1769098128.801010 16.751184 -12.338924 -2.917373
1769098128.850994 16.744102 -12.340539 -2.917057
1769098128.896062 16.739586 -12.341571 -2.917373
1769098128.951008 16.735070 -12.342600 -2.917689
1769098128.996073 16.728160 -12.344174 -2.918322
1769098129.046018 16.723545 -12.345222 -2.918639
1769098129.096014 16.719151 -12.346218 -2.919271
1769098129.146023 16.712386 -12.347747 -2.921170
1769098129.201005 16.707990 -12.348732 -2.921170
1769098129.246011 16.701420 -12.350204 -2.921802
1769098129.296001 16.697048 -12.351181 -2.922752
1769098129.350992 16.692477 -12.352198 -2.921802
1769098129.396022 16.685635 -12.353726 -2.920853
1769098129.446015 16.681165 -12.354729 -2.919271
1769098129.501018 16.676746 -12.355728 -2.918955
1769098129.545990 16.669908 -12.357276 -2.917373
1769098129.591021 16.665614 -12.358256 -2.916740
1769098129.646003 16.661074 -12.359294 -2.916740
1769098129.696016 16.654387 -12.360823 -2.917057
1769098129.741076 16.649847 -12.361860 -2.916424
1769098129.796013 16.645234 -12.362917 -2.917373
1769098129.846036 16.638398 -12.364476 -2.918322
1769098129.896030 16.633659 -12.365552 -2.918322
1769098129.951027 16.629019 -12.366606 -2.917057
1769098129.991123 16.621863 -12.368240 -2.913893
1769098130.046020 16.617129 -12.369337 -2.910729
1769098130.096054 16.612496 -12.370426 -2.906932
1769098130.151044 16.605456 -12.372109 -2.901237
1769098130.191155 16.600933 -12.373218 -2.896175
1769098130.251073 16.596464 -12.374337 -2.892379
1769098130.296076 16.589768 -12.376041 -2.885102
1769098130.346035 16.585410 -12.377184 -2.880040
1769098130.396012 16.580911 -12.378388 -2.874345
1769098130.446010 16.574149 -12.380240 -2.867701
1769098130.496012 16.569641 -12.381506 -2.861057
1769098130.551012 16.565117 -12.382810 -2.855995
1769098130.591009 16.558317 -12.384806 -2.848401
1769098130.641041 16.553810 -12.386167 -2.843339
1769098130.701031 16.549165 -12.387595 -2.838277
1769098130.746016 16.542523 -12.389674 -2.832266
1769098130.796014 16.537966 -12.391130 -2.828153
1769098130.851037 16.533656 -12.392527 -2.824040
1769098130.896039 16.526803 -12.394779 -2.818029
1769098130.946043 16.522532 -12.396212 -2.814865
1769098131.001033 16.517953 -12.397763 -2.810119
1769098131.046035 16.511204 -12.400086 -2.803791
1769098131.091026 16.506595 -12.401705 -2.799678
1769098131.151034 16.502064 -12.403318 -2.795882
1769098131.196096 16.495278 -12.405762 -2.789238
1769098131.246093 16.490859 -12.407387 -2.784808
1769098131.301047 16.486472 -12.409022 -2.780695
1769098131.346066 16.480196 -12.411391 -2.774684
1769098131.396091 16.475849 -12.413061 -2.770887
1769098131.451053 16.471556 -12.414730 -2.766458
1769098131.496042 16.465197 -12.417234 -2.758232
1769098131.546050 16.460831 -12.418995 -2.753170
1769098131.596026 16.456521 -12.420759 -2.748741
1769098131.641103 16.450254 -12.423356 -2.743046
1769098131.696058 16.446079 -12.425114 -2.740198
1769098131.751081 16.441675 -12.426983 -2.739249
1769098131.796088 16.435061 -12.429798 -2.738616
1769098131.851067 16.430940 -12.431554 -2.739565
1769098131.896044 16.424604 -12.434248 -2.740831
1769098131.946059 16.420502 -12.435986 -2.743362
1769098132.001058 16.416163 -12.437812 -2.743362
1769098132.046064 16.409584 -12.440580 -2.746526
1769098132.091083 16.405262 -12.442382 -2.746842
1769098132.151116 16.400893 -12.444202 -2.747791
1769098132.196103 16.394395 -12.446902 -2.745893
1769098132.246060 16.390075 -12.448707 -2.745577
1769098132.301053 16.385708 -12.450532 -2.744628
1769098132.346063 16.379242 -12.453243 -2.743046
1769098132.391061 16.374880 -12.455080 -2.742729
1769098132.451076 16.370681 -12.456849 -2.742729
1769098132.496060 16.364267 -12.459553 -2.741780
1769098132.546063 16.360117 -12.461306 -2.741780
1769098132.601042 16.355804 -12.463129 -2.741464
1769098132.646039 16.349440 -12.465820 -2.741780
1769098132.696076 16.345127 -12.467643 -2.740831
1769098132.751057 16.340746 -12.469499 -2.740831
1769098132.796111 16.334337 -12.472215 -2.739249
1769098132.846045 16.329912 -12.474098 -2.739249
1769098132.906063 16.325463 -12.475991 -2.740198
1769098132.946062 16.318870 -12.478790 -2.741147
1769098132.996067 16.314441 -12.480664 -2.741780
1769098133.056064 16.310058 -12.482516 -2.743046
1769098133.096074 16.303527 -12.485267 -2.744944
1769098133.146071 16.299208 -12.487076 -2.745893
1769098133.206077 16.294980 -12.488842 -2.746842
1769098133.251046 16.288532 -12.491528 -2.746842
1769098133.296062 16.284233 -12.493319 -2.744944
1769098133.346079 16.280031 -12.495079 -2.744311
1769098133.401074 16.275783 -12.496862 -2.742413
1769098133.446070 16.269276 -12.499606 -2.739565
1769098133.496074 16.264967 -12.501438 -2.739882
1769098133.551077 16.260658 -12.503269 -2.739565
1769098133.596058 16.254206 -12.506013 -2.738616
1769098133.651097 16.250038 -12.507789 -2.738933
1769098133.696079 16.243541 -12.510556 -2.740515
1769098133.746089 16.239323 -12.512345 -2.741464
1769098133.801092 16.235104 -12.514130 -2.742413
1769098133.846112 16.228621 -12.516864 -2.744311
1769098133.896181 16.224186 -12.518725 -2.744311
1769098133.956109 16.219822 -12.520556 -2.743995
1769098133.996080 16.213241 -12.523320 -2.744628
1769098134.046083 16.208876 -12.525150 -2.744311
1769098134.101146 16.204488 -12.526991 -2.745577
1769098134.146147 16.197950 -12.529725 -2.744944
1769098134.196141 16.193607 -12.531544 -2.745577
1769098134.256141 16.189381 -12.533311 -2.745260
1769098134.296114 16.183006 -12.535978 -2.744944
1769098134.346061 16.178944 -12.537680 -2.744311
1769098134.406068 16.174673 -12.539472 -2.743362
1769098134.451096 16.168397 -12.542112 -2.741780
1769098134.497528 16.164061 -12.543945 -2.741147
1769098134.551095 16.159772 -12.545760 -2.739249
1769098134.596091 16.153507 -12.548426 -2.737667
1769098134.641108 16.149132 -12.550296 -2.737034
1769098134.701089 16.144781 -12.552159 -2.737984
1769098134.751088 16.138193 -12.554972 -2.738933
1769098134.796096 16.133816 -12.556837 -2.740198
1769098134.851091 16.129459 -12.558686 -2.741780
1769098134.896086 16.122884 -12.561465 -2.744311
1769098134.946073 16.118566 -12.563276 -2.745260
1769098135.001096 16.114177 -12.565113 -2.745893
1769098135.046101 16.107731 -12.567806 -2.745893
1769098135.091104 16.103690 -12.569494 -2.745577
1769098135.151097 16.099347 -12.571310 -2.743678
1769098135.196146 16.092930 -12.574007 -2.742729
1769098135.246078 16.088825 -12.575737 -2.742096
1769098135.301092 16.084511 -12.577558 -2.741147
1769098135.346094 16.078032 -12.580301 -2.740515
1769098135.406168 16.074024 -12.582001 -2.741147
1769098135.451081 16.067521 -12.584754 -2.741464
1769098135.496099 16.063278 -12.586548 -2.740831
1769098135.551078 16.059153 -12.588296 -2.741147
1769098135.596102 16.052813 -12.590980 -2.741780
1769098135.651110 16.048780 -12.592684 -2.742096
1769098135.706133 16.042391 -12.595382 -2.741464
1769098135.741129 16.038101 -12.597196 -2.742096
1769098135.806117 16.033671 -12.599066 -2.740831
1769098135.851127 16.027052 -12.601870 -2.742729
1769098135.891110 16.022621 -12.603738 -2.743362
1769098135.941116 16.018188 -12.605603 -2.744628
1769098135.996109 16.013847 -12.607423 -2.745893
1769098136.041112 16.007424 -12.610106 -2.747475
1769098136.091115 16.003147 -12.611885 -2.746526
1769098136.151160 15.998895 -12.613658 -2.746526
1769098136.191098 15.992541 -12.616307 -2.745893
1769098136.246115 15.988291 -12.618083 -2.743995
1769098136.301115 15.984020 -12.619876 -2.742413
1769098136.346113 15.977654 -12.622562 -2.740198
1769098136.396112 15.973297 -12.624411 -2.737984
1769098136.451109 15.968967 -12.626260 -2.737984
1769098136.491161 15.962706 -12.628934 -2.737667
1769098136.556116 15.958237 -12.630844 -2.737667
1769098136.591096 15.952000 -12.633510 -2.740198
1769098136.641112 15.947922 -12.635241 -2.742413
1769098136.701123 15.943818 -12.636972 -2.743046
1769098136.746119 15.937263 -12.639732 -2.743995
1769098136.796114 15.932876 -12.641575 -2.744628
1769098136.851129 15.928534 -12.643395 -2.744628
1769098136.896097 15.921975 -12.646145 -2.744311
1769098136.956132 15.917610 -12.647976 -2.744628
1769098136.996125 15.911331 -12.650608 -2.743046
1769098137.046135 15.906969 -12.652445 -2.743362
1769098137.096121 15.902886 -12.654163 -2.743046
1769098137.146148 15.896681 -12.656775 -2.742413
1769098137.196128 15.892717 -12.658448 -2.742413
1769098137.251126 15.888449 -12.660248 -2.742729
1769098137.296130 15.882315 -12.662833 -2.742413
1769098137.341127 15.878024 -12.664643 -2.741780
1769098137.391186 15.873687 -12.666476 -2.741780
1769098137.441178 15.867393 -12.669136 -2.740515
1769098137.506103 15.863012 -12.670994 -2.739882
1769098137.546104 15.856559 -12.673735 -2.738933
1769098137.591116 15.852065 -12.675649 -2.739249
1769098137.651130 15.847686 -12.677512 -2.740515
1769098137.696143 15.841068 -12.680319 -2.742413
1769098137.746156 15.836637 -12.682188 -2.744311
1769098137.801166 15.832273 -12.684019 -2.745893
1769098137.846129 15.825990 -12.686644 -2.747475
1769098137.896127 15.821644 -12.688451 -2.747475
1769098137.951161 15.817554 -12.690152 -2.747791
1769098137.991194 15.811173 -12.692804 -2.747475
1769098138.041145 15.806943 -12.694563 -2.745893
1769098138.096138 15.802646 -12.696358 -2.743362
1769098138.146143 15.796486 -12.698949 -2.741464
1769098138.196146 15.792174 -12.700773 -2.740515
1769098138.246138 15.787933 -12.702571 -2.739249
1769098138.296159 15.781435 -12.705337 -2.738300
1769098138.346136 15.777105 -12.707184 -2.739565
1769098138.396141 15.772796 -12.709016 -2.739249
1769098138.441194 15.766251 -12.711801 -2.740831
1769098138.491143 15.762010 -12.713599 -2.742096
1769098138.551150 15.757859 -12.715351 -2.742096
1769098138.596138 15.751354 -12.718098 -2.743046
1769098138.641141 15.746992 -12.719934 -2.743362
1769098138.696141 15.742489 -12.721829 -2.741780
1769098138.746143 15.736241 -12.724469 -2.742413
1769098138.806150 15.732020 -12.726250 -2.743362
1769098138.841203 15.725510 -12.728988 -2.743678
1769098138.896238 15.721170 -12.730812 -2.743046
1769098138.951197 15.717065 -12.732541 -2.744311
1769098138.996167 15.710693 -12.735215 -2.744628
1769098139.046153 15.706655 -12.736907 -2.744311
1769098139.096151 15.702431 -12.738680 -2.744628
1769098139.146148 15.695988 -12.741381 -2.743362
1769098139.196123 15.691789 -12.743148 -2.742729
1769098139.246919 15.687450 -12.744976 -2.740831
1769098139.296204 15.680972 -12.747721 -2.739565
1769098139.346154 15.676849 -12.749474 -2.737984
1769098139.401157 15.672426 -12.751363 -2.738616
1769098139.441167 15.665907 -12.754142 -2.739249
1769098139.496153 15.661482 -12.756025 -2.739882
1769098139.551157 15.657079 -12.757895 -2.742096
1769098139.596161 15.650527 -12.760662 -2.744944
1769098139.646166 15.646091 -12.762520 -2.745577
1769098139.701188 15.641748 -12.764336 -2.746842
1769098139.746192 15.635206 -12.767061 -2.748741
1769098139.796175 15.631137 -12.768747 -2.747475
1769098139.846157 15.626814 -12.770545 -2.746526
1769098139.891168 15.620343 -12.773243 -2.744944
1769098139.941192 15.616047 -12.775043 -2.743678
1769098140.001172 15.611707 -12.776867 -2.742413
1769098140.046217 15.605294 -12.779572 -2.741464
1769098140.091163 15.601004 -12.781386 -2.740831
1769098140.146163 15.596763 -12.783183 -2.740831
1769098140.196167 15.590354 -12.785899 -2.741147
1769098140.251162 15.586322 -12.787606 -2.740831
1769098140.296174 15.579843 -12.790351 -2.740831
1769098140.346183 15.575392 -12.792237 -2.741147
1769098140.396223 15.571196 -12.794013 -2.741147
1769098140.446170 15.566814 -12.795868 -2.740515
1769098140.496175 15.560243 -12.798654 -2.740515
1769098140.551170 15.556049 -12.800433 -2.740515
1769098140.596177 15.549407 -12.803249 -2.742096
1769098140.641172 15.545024 -12.805100 -2.742729
1769098140.701184 15.540756 -12.806899 -2.744311
1769098140.746175 15.534571 -12.809494 -2.745260
1769098140.796177 15.530508 -12.811194 -2.745893
1769098140.846152 15.526187 -12.812999 -2.746209
1769098140.896154 15.519834 -12.815651 -2.745577
1769098140.956153 15.515817 -12.817330 -2.744944
1769098140.996153 15.509444 -12.820000 -2.742729
1769098141.041162 15.505362 -12.821720 -2.741147
1769098141.096153 15.501307 -12.823437 -2.740515
1769098141.146190 15.494805 -12.826194 -2.739565
1769098141.196179 15.490496 -12.828026 -2.738616
1769098141.246161 15.486096 -12.829902 -2.738300
1769098141.306181 15.479577 -12.832683 -2.740198
1769098141.346255 15.475244 -12.834522 -2.740831
1769098141.396251 15.470886 -12.836369 -2.741780
1769098141.441178 15.464358 -12.839127 -2.744311
1769098141.491199 15.459970 -12.840969 -2.744944
1769098141.551185 15.455557 -12.842817 -2.745893
1769098141.596199 15.449065 -12.845529 -2.745893
1769098141.641165 15.444931 -12.847256 -2.745577
1769098141.696280 15.440518 -12.849101 -2.744628
1769098141.751225 15.433982 -12.851841 -2.745260
1769098141.796228 15.429615 -12.853668 -2.744944
1769098141.846228 15.425367 -12.855448 -2.743678
1769098141.896204 15.418927 -12.858155 -2.743678
1769098141.946206 15.414983 -12.859812 -2.743995
1769098141.996231 15.410713 -12.861606 -2.743046
1769098142.041201 15.404578 -12.864189 -2.742729
1769098142.101192 15.400239 -12.866017 -2.741464
1769098142.146194 15.393829 -12.868729 -2.741780
1769098142.196200 15.389562 -12.870532 -2.739565
1769098142.251192 15.385137 -12.872413 -2.738300
1769098142.296177 15.378851 -12.875095 -2.738300
1769098142.341202 15.374405 -12.876993 -2.739249
1769098142.406194 15.370003 -12.878866 -2.740198
1769098142.441195 15.363409 -12.881664 -2.741780
1769098142.496193 15.359049 -12.883507 -2.742729
1769098142.551209 15.354968 -12.885227 -2.744944
1769098142.596195 15.348361 -12.887994 -2.745893
1769098142.646202 15.344064 -12.889789 -2.747159
1769098142.701201 15.339764 -12.891579 -2.746526
1769098142.746213 15.333550 -12.894170 -2.745893
1769098142.796200 15.329253 -12.895965 -2.743995
1769098142.846206 15.325216 -12.897661 -2.743046
1769098142.896215 15.318777 -12.900372 -2.740515
1769098142.946209 15.314397 -12.902230 -2.739882
1769098142.996259 15.310133 -12.904041 -2.740198
1769098143.041262 15.303889 -12.906691 -2.740198
1769098143.101195 15.299626 -12.908500 -2.739882
1769098143.141202 15.293359 -12.911163 -2.740198
1769098143.196209 15.289002 -12.913012 -2.741147
1769098143.246203 15.284877 -12.914758 -2.742096
1769098143.296253 15.278324 -12.917525 -2.743046
1769098143.346222 15.274009 -12.919342 -2.743995
1769098143.401203 15.269575 -12.921204 -2.742096
1769098143.441205 15.263186 -12.923901 -2.742729
1769098143.496207 15.258778 -12.925759 -2.744311
1769098143.551204 15.254413 -12.927590 -2.744628
1769098143.591213 15.247761 -12.930379 -2.744944
1769098143.641205 15.243675 -12.932091 -2.746526
1769098143.701244 15.239400 -12.933873 -2.746209
1769098143.746193 15.233070 -12.936515 -2.745893
1769098143.796226 15.228749 -12.938320 -2.745577
1769098143.846231 15.224546 -12.940077 -2.744944
1769098143.896241 15.218126 -12.942766 -2.743362
1769098143.941248 15.213950 -12.944523 -2.741780
1769098144.001244 15.209683 -12.946326 -2.739565
1769098144.041225 15.203231 -12.949070 -2.737984
1769098144.091223 15.199041 -12.950859 -2.737351
1769098144.151230 15.194620 -12.952750 -2.737351
1769098144.196222 15.188151 -12.955518 -2.738616
1769098144.251220 15.183937 -12.957315 -2.740831
1769098144.296229 15.177434 -12.960069 -2.742413
1769098144.346299 15.173260 -12.961830 -2.743362
1769098144.396224 15.168897 -12.963666 -2.744311
1769098144.441225 15.162572 -12.966320 -2.745893
1769098144.491225 15.158182 -12.968154 -2.745893
1769098144.551223 15.154118 -12.969851 -2.745893
1769098144.596293 15.147672 -12.972544 -2.743995
1769098144.651202 15.143565 -12.974269 -2.743362
1769098144.696228 15.137359 -12.976880 -2.742096
1769098144.746200 15.133232 -12.978622 -2.741780
1769098144.801235 15.128965 -12.980425 -2.741464
1769098144.841282 15.122531 -12.983146 -2.741464
1769098144.896206 15.118288 -12.984941 -2.742096
1769098144.951233 15.114045 -12.986733 -2.740831
1769098144.996207 15.107589 -12.989468 -2.741147
1769098145.041214 15.103254 -12.991303 -2.741147
1769098145.101227 15.098872 -12.993158 -2.741147
1769098145.146241 15.092439 -12.995881 -2.740515
1769098145.196234 15.088011 -12.997759 -2.739882
1769098145.246211 15.083655 -12.999609 -2.740198
1769098145.296237 15.077015 -13.002428 -2.741780
1769098145.346234 15.072562 -13.004309 -2.742729
1769098145.401247 15.068154 -13.006167 -2.744311
1769098145.446249 15.061595 -13.008919 -2.746526
1769098145.496247 15.057343 -13.010692 -2.747159
1769098145.551244 15.052997 -13.012501 -2.747791
1769098145.596336 15.046593 -13.015162 -2.747159
1769098145.641265 15.042363 -13.016923 -2.746209
1769098145.701245 15.038089 -13.018707 -2.744628
1769098145.761242 15.031763 -13.021359 -2.741780
1769098145.796276 15.027427 -13.023191 -2.740515
1769098145.851260 15.023186 -13.024989 -2.739249
1769098145.896253 15.016665 -13.027765 -2.737984
1769098145.946269 15.012382 -13.029594 -2.737984
1769098146.001256 15.008029 -13.031453 -2.738300
1769098146.046253 15.001743 -13.034134 -2.739565
1769098146.091248 14.997481 -13.035947 -2.740515
1769098146.156231 14.993053 -13.037824 -2.741780
1769098146.196250 14.986572 -13.040563 -2.743046
1769098146.246222 14.982186 -13.042410 -2.743678
1769098146.301247 14.977800 -13.044254 -2.743678
1769098146.346251 14.971266 -13.047000 -2.743678
1769098146.396252 14.966810 -13.048873 -2.742729
1769098146.446253 14.962751 -13.050584 -2.743362
1769098146.496255 14.956476 -13.053224 -2.743046
1769098146.556234 14.952323 -13.054972 -2.743046
1769098146.596300 14.945908 -13.057674 -2.743995
1769098146.641265 14.941661 -13.059457 -2.743995
1769098146.701253 14.937484 -13.061211 -2.743046
1769098146.746236 14.931209 -13.063854 -2.742729
1769098146.796262 14.927034 -13.065613 -2.743046
1769098146.851306 14.922975 -13.067322 -2.741780
1769098146.896246 14.916517 -13.070051 -2.740198
1769098146.946236 14.912370 -13.071812 -2.738933
1769098147.001251 14.907946 -13.073696 -2.738300
1769098147.046265 14.901474 -13.076458 -2.738933
1769098147.106249 14.897026 -13.078352 -2.739249
1769098147.151274 14.890668 -13.081058 -2.740831
1769098147.196263 14.886263 -13.082924 -2.743046
1769098147.246270 14.881831 -13.084790 -2.744944
1769098147.296265 14.877512 -13.086599 -2.745893
1769098147.346273 14.870879 -13.089370 -2.747791
1769098147.401265 14.866883 -13.091031 -2.747475
1769098147.446262 14.860339 -13.093752 -2.747475
1769098147.496250 14.856343 -13.095414 -2.745893
1769098147.551275 14.852069 -13.097199 -2.743678
1769098147.596316 14.845605 -13.099916 -2.742096
1769098147.641242 14.841478 -13.101659 -2.740515
1769098147.701260 14.837424 -13.103378 -2.739882
1769098147.746352 14.831017 -13.106100 -2.738933
1769098147.796297 14.826686 -13.107944 -2.739565
1769098147.851290 14.822423 -13.109757 -2.739882
1769098147.896296 14.815994 -13.112488 -2.739882
1769098147.946304 14.811568 -13.114368 -2.741147
1769098148.001353 14.807349 -13.116154 -2.741464
1769098148.046270 14.800822 -13.118915 -2.741464
1769098148.091277 14.796462 -13.120759 -2.741147
1769098148.151289 14.792127 -13.122594 -2.741147
1769098148.196278 14.785671 -13.125327 -2.740831
1769098148.251256 14.781289 -13.127183 -2.741464
1769098148.296274 14.774879 -13.129895 -2.741780
1769098148.341287 14.770799 -13.131619 -2.743995
1769098148.401264 14.766528 -13.133412 -2.744311
1769098148.446275 14.760110 -13.136105 -2.745260
1769098148.496343 14.755860 -13.137884 -2.744628
1769098148.551260 14.751565 -13.139684 -2.744628
1769098148.596287 14.745449 -13.142248 -2.743362
1769098148.641286 14.741157 -13.144054 -2.742729
1769098148.696287 14.736958 -13.145823 -2.741464
1769098148.746286 14.730664 -13.148486 -2.739565
1769098148.801280 14.726402 -13.150298 -2.738616
1769098148.846273 14.720022 -13.153018 -2.737351
1769098148.896295 14.715647 -13.154889 -2.737984
1769098148.951298 14.711271 -13.156758 -2.739249
1769098148.996286 14.704727 -13.159543 -2.740831
1769098149.041295 14.700485 -13.161340 -2.743362
1769098149.101291 14.696263 -13.163117 -2.743678
1769098149.146296 14.689683 -13.165882 -2.746209
1769098149.196283 14.685385 -13.167676 -2.746842
1769098149.251348 14.681062 -13.169477 -2.747159
1769098149.296281 14.674543 -13.172191 -2.744944
1769098149.346287 14.670201 -13.174009 -2.744944
1769098149.401287 14.665835 -13.175838 -2.743995
1769098149.446288 14.659394 -13.178543 -2.743362
1769098149.496292 14.655078 -13.180359 -2.742413
1769098149.556302 14.650834 -13.182149 -2.742413
1769098149.596284 14.644421 -13.184854 -2.741464
1769098149.641273 14.640248 -13.186619 -2.741147
1769098149.701298 14.636146 -13.188356 -2.741780
1769098149.746300 14.629734 -13.191065 -2.741464
1769098149.796293 14.625468 -13.192869 -2.739882
1769098149.851304 14.621019 -13.194760 -2.740198
1769098149.896303 14.614611 -13.197479 -2.739249
1769098149.946382 14.610233 -13.199342 -2.738616
1769098150.001327 14.606019 -13.201139 -2.739565
1769098150.046332 14.599380 -13.203961 -2.741147
1769098150.091281 14.594975 -13.205826 -2.741464
1769098150.151313 14.590686 -13.207640 -2.743362
1769098150.196304 14.584060 -13.210428 -2.745260
1769098150.246298 14.579787 -13.212216 -2.746209
1769098150.301305 14.575513 -13.214000 -2.745893
1769098150.346302 14.569090 -13.216683 -2.746842
1769098150.391316 14.564838 -13.218454 -2.745577
1769098150.451313 14.560611 -13.220222 -2.743995
1769098150.496312 14.554194 -13.222917 -2.741147
1769098150.546308 14.550091 -13.224653 -2.739882
1769098150.601302 14.545782 -13.226484 -2.740198
1769098150.641314 14.539235 -13.229263 -2.739249
1769098150.691355 14.534949 -13.231087 -2.738616
1769098150.751313 14.530828 -13.232843 -2.738933
1769098150.796312 14.524331 -13.235611 -2.741147
1769098150.846314 14.520066 -13.237416 -2.740831
1769098150.901313 14.515615 -13.239302 -2.742413
1769098150.946386 14.509108 -13.242047 -2.743995
1769098150.996322 14.504814 -13.243850 -2.743995
1769098151.051317 14.500380 -13.245712 -2.743995
1769098151.091372 14.493823 -13.248466 -2.744311
1769098151.146365 14.489412 -13.250317 -2.743995
1769098151.201316 14.485024 -13.252160 -2.744628
1769098151.246296 14.478512 -13.254890 -2.744944
1769098151.296369 14.474193 -13.256699 -2.745260
1769098151.351322 14.469944 -13.258477 -2.744628
1769098151.396318 14.463571 -13.261148 -2.744311
1769098151.446332 14.459580 -13.262823 -2.743995
1769098151.501319 14.455333 -13.264607 -2.743362
1769098151.546324 14.449034 -13.267257 -2.742096
1769098151.596328 14.444697 -13.269088 -2.740831
1769098151.646327 14.440408 -13.270905 -2.738933
1769098151.696367 14.433981 -13.273642 -2.737667
1769098151.746363 14.429559 -13.275532 -2.737667
1769098151.801358 14.425277 -13.277363 -2.738300
1769098151.846364 14.418619 -13.280204 -2.738933
1769098151.896349 14.414218 -13.282078 -2.741147
1769098151.951355 14.409929 -13.283894 -2.741780
1769098151.996327 14.403378 -13.286662 -2.743995
1769098152.046402 14.399014 -13.288495 -2.744944
1769098152.096335 14.394601 -13.290343 -2.745893
1769098152.141311 14.388202 -13.293016 -2.745893
1769098152.196334 14.383905 -13.294811 -2.745893
1769098152.251338 14.379654 -13.296587 -2.743995
1769098152.296334 14.373214 -13.299292 -2.742096
1769098152.346328 14.368900 -13.301113 -2.741780
1769098152.401331 14.364633 -13.302916 -2.740831
1769098152.446337 14.358154 -13.305661 -2.740198
1769098152.496313 14.353891 -13.307471 -2.741147
1769098152.551338 14.349625 -13.309276 -2.740198
1769098152.596336 14.343171 -13.312016 -2.741147
1769098152.641333 14.338859 -13.313841 -2.740831
1769098152.706388 14.334478 -13.315697 -2.741464
1769098152.751322 14.328067 -13.318409 -2.741147
1769098152.806340 14.323895 -13.320175 -2.741464
1769098152.846339 14.317648 -13.322817 -2.741464
1769098152.891338 14.313382 -13.324621 -2.741780
1769098152.951347 14.308905 -13.326513 -2.742413
1769098153.001400 14.302329 -13.329287 -2.744311
1769098153.041337 14.297988 -13.331109 -2.744944
1769098153.101389 14.293669 -13.332918 -2.745893
1769098153.151325 14.287456 -13.335513 -2.747159
1769098153.196352 14.283180 -13.337293 -2.746842
1769098153.251343 14.278928 -13.339064 -2.746842
1769098153.291348 14.272550 -13.341722 -2.745893
1769098153.346326 14.268322 -13.343487 -2.743678
1769098153.401348 14.264052 -13.345282 -2.742096
1769098153.446342 14.257710 -13.347960 -2.739565
1769098153.491342 14.253331 -13.349822 -2.737667
1769098153.551352 14.249258 -13.351563 -2.737351
1769098153.596352 14.242742 -13.354350 -2.736718
1769098153.641355 14.238299 -13.356255 -2.737667
1769098153.701380 14.234086 -13.358055 -2.739882
1769098153.746368 14.227494 -13.360856 -2.742096
1769098153.796351 14.223156 -13.362687 -2.742729
1769098153.851332 14.218842 -13.364505 -2.743678
1769098153.891381 14.212262 -13.367271 -2.744944
1769098153.946373 14.207966 -13.369070 -2.744944
1769098154.001364 14.203507 -13.370938 -2.744628
1769098154.046393 14.196994 -13.373668 -2.743678
1769098154.091355 14.192701 -13.375473 -2.743678
1769098154.146355 14.188291 -13.377327 -2.743362
1769098154.191345 14.181899 -13.380016 -2.742096
1769098154.246360 14.177585 -13.381837 -2.742413
1769098154.301365 14.173387 -13.383608 -2.742413
1769098154.346362 14.166997 -13.386303 -2.742413
1769098154.396356 14.162753 -13.388094 -2.741780
1769098154.451368 14.158486 -13.389897 -2.741464
1769098154.491362 14.151982 -13.392647 -2.741147
1769098154.546377 14.147694 -13.394463 -2.740515
1769098154.606428 14.143266 -13.396340 -2.739882
1769098154.641376 14.136790 -13.399092 -2.739249
1769098154.691413 14.132342 -13.400985 -2.738933
1769098154.751364 14.127987 -13.402839 -2.740515
1769098154.796368 14.121323 -13.405666 -2.742413
1769098154.846352 14.116915 -13.407525 -2.743995
1769098154.906359 14.112528 -13.409367 -2.745893
1769098154.946371 14.106059 -13.412070 -2.747475
1769098154.996390 14.101735 -13.413868 -2.747791
1769098155.051372 14.097411 -13.415664 -2.748108
1769098155.091391 14.091240 -13.418226 -2.746842
1769098155.141369 14.087034 -13.419978 -2.745577
1769098155.201373 14.082761 -13.421765 -2.742729
1769098155.246369 14.076370 -13.424459 -2.740831
1769098155.291430 14.071989 -13.426315 -2.740198
1769098155.351382 14.067795 -13.428095 -2.738933
1769098155.396375 14.061275 -13.430872 -2.738300
1769098155.446392 14.057271 -13.432581 -2.739565
1769098155.496375 14.052961 -13.434413 -2.739249
1769098155.546387 14.046510 -13.437158 -2.740198
1769098155.596379 14.042223 -13.438978 -2.740831
1769098155.651379 14.037865 -13.440824 -2.742413
1769098155.691352 14.031359 -13.443569 -2.742729
1769098155.746377 14.027044 -13.445387 -2.743046
1769098155.801388 14.022612 -13.447254 -2.741780
1769098155.846425 14.016037 -13.450032 -2.742413
1769098155.891419 14.011653 -13.451881 -2.742413
1769098155.951399 14.007315 -13.453711 -2.743678
1769098155.996418 14.000805 -13.456447 -2.743362
1769098156.046381 13.996512 -13.458253 -2.744628
1769098156.096386 13.992264 -13.460034 -2.744628
1769098156.141387 13.985868 -13.462716 -2.744628
1769098156.196382 13.981736 -13.464448 -2.743046
1769098156.251399 13.977444 -13.466255 -2.743678
1769098156.291389 13.971121 -13.468913 -2.742096
1769098156.346392 13.966831 -13.470724 -2.740831
1769098156.401397 13.962542 -13.472541 -2.739565
1769098156.441396 13.955974 -13.475334 -2.737667
1769098156.491442 13.951552 -13.477224 -2.738300
1769098156.556391 13.947199 -13.479082 -2.739249
1769098156.591406 13.940561 -13.481906 -2.740198
1769098156.641391 13.936274 -13.483726 -2.742096
1769098156.701396 13.931890 -13.485577 -2.743362
1769098156.746397 13.925335 -13.488335 -2.746209
1769098156.796401 13.920967 -13.490158 -2.747159
1769098156.856450 13.916597 -13.491977 -2.748108
1769098156.891451 13.910215 -13.494626 -2.747159
1769098156.946419 13.905845 -13.496445 -2.746209
1769098157.006491 13.901548 -13.498239 -2.745577
1769098157.046410 13.895103 -13.500933 -2.743678
1769098157.091411 13.890809 -13.502738 -2.742413
1769098157.156390 13.886472 -13.504568 -2.741780
1769098157.201401 13.880037 -13.507287 -2.741147
1769098157.246373 13.875818 -13.509073 -2.741464
1769098157.301414 13.871505 -13.510897 -2.741147
1769098157.346467 13.865096 -13.513610 -2.742096
1769098157.396461 13.860852 -13.515402 -2.740831
1769098157.456470 13.856424 -13.517278 -2.742096
1769098157.496456 13.850035 -13.519975 -2.740831
1769098157.546405 13.845630 -13.521842 -2.740515
1769098157.606383 13.841249 -13.523699 -2.739882
1769098157.646461 13.834633 -13.526510 -2.741780
1769098157.691453 13.830227 -13.528372 -2.742096
1769098157.746455 13.825843 -13.530223 -2.742729
1769098157.801427 13.821365 -13.532110 -2.743995
1769098157.846416 13.814924 -13.534815 -2.745260
1769098157.891440 13.810675 -13.536593 -2.745893
1769098157.951423 13.806377 -13.538388 -2.746526
1769098157.996408 13.800000 -13.541048 -2.745577
1769098158.046417 13.795750 -13.542825 -2.744944
1769098158.096403 13.791548 -13.544585 -2.743678
1769098158.141419 13.785084 -13.547302 -2.740831
1769098158.196424 13.780796 -13.549119 -2.740198
1769098158.251411 13.776463 -13.550958 -2.738300
1769098158.291430 13.769921 -13.553749 -2.739249
1769098158.341419 13.765566 -13.555602 -2.738300
1769098158.401417 13.761166 -13.557480 -2.739249
1769098158.446427 13.754784 -13.560195 -2.741147
1769098158.491425 13.750402 -13.562050 -2.741780
1769098158.551423 13.746043 -13.563893 -2.743995
1769098158.596420 13.739485 -13.566647 -2.745577
1769098158.641427 13.735048 -13.568502 -2.746209
1769098158.701421 13.730727 -13.570305 -2.746526
1769098158.746424 13.724163 -13.573043 -2.745577
1769098158.796427 13.719819 -13.574859 -2.744311
1769098158.851476 13.715431 -13.576700 -2.744944
1769098158.891421 13.708895 -13.579438 -2.744311
1769098158.946428 13.704694 -13.581200 -2.743678
1769098159.001425 13.700587 -13.582926 -2.743678
1769098159.041432 13.694240 -13.585594 -2.743678
1769098159.091430 13.690040 -13.587360 -2.742413
1769098159.151434 13.685796 -13.589150 -2.742413
1769098159.196424 13.679663 -13.591737 -2.742096
1769098159.241429 13.675419 -13.593529 -2.740831
1769098159.296479 13.671177 -13.595326 -2.739565
1769098159.346445 13.664609 -13.598119 -2.738300
1769098159.391492 13.660279 -13.599966 -2.738300
1769098159.451439 13.655832 -13.601864 -2.739249
1769098159.496440 13.649241 -13.604669 -2.740198
1769098159.551433 13.644838 -13.606538 -2.741147
1769098159.596440 13.638568 -13.609192 -2.743995
1769098159.641443 13.634484 -13.610907 -2.744944
1769098159.696546 13.630095 -13.612745 -2.746209
1769098159.746434 13.623905 -13.615328 -2.746526
1769098159.801436 13.619864 -13.617014 -2.746842
1769098159.846443 13.613719 -13.619574 -2.745893
1769098159.891462 13.609492 -13.621340 -2.743678
1769098159.951435 13.605362 -13.623076 -2.742729
1769098159.996467 13.598971 -13.625769 -2.740831
1769098160.041463 13.594636 -13.627606 -2.740198
1769098160.096440 13.590349 -13.629425 -2.740831
1769098160.146458 13.583917 -13.632150 -2.740198
1769098160.196418 13.579676 -13.633950 -2.740198
1769098160.251437 13.575320 -13.635799 -2.740515
1769098160.291441 13.568842 -13.638547 -2.741780
1769098160.346447 13.564692 -13.640300 -2.741780
1769098160.396448 13.560308 -13.642152 -2.742413
1769098160.446445 13.553825 -13.644887 -2.743046
1769098160.496438 13.549440 -13.646734 -2.742413
1769098160.546449 13.545009 -13.648603 -2.743046
1769098160.596448 13.538617 -13.651294 -2.744311
1769098160.651452 13.534229 -13.653135 -2.744311
1769098160.696460 13.527671 -13.655887 -2.744628
1769098160.746457 13.523353 -13.657698 -2.746209
1769098160.801452 13.519242 -13.659413 -2.746209
1769098160.846457 13.512982 -13.662026 -2.744944
1769098160.896450 13.508640 -13.663845 -2.744944
1769098160.956453 13.504437 -13.665605 -2.744311
1769098160.996453 13.498066 -13.668278 -2.742729
1769098161.046466 13.493867 -13.670048 -2.741464
1769098161.101451 13.489555 -13.671872 -2.739249
1769098161.146429 13.483104 -13.674617 -2.738300
1769098161.196457 13.478750 -13.676475 -2.737984
1769098161.256510 13.474328 -13.678363 -2.737351
1769098161.296541 13.467835 -13.681141 -2.738300
1769098161.346439 13.463435 -13.683018 -2.740515
1769098161.406457 13.459031 -13.684886 -2.742729
1769098161.446464 13.452570 -13.687609 -2.743678
1769098161.496512 13.448137 -13.689472 -2.744944
1769098161.541516 13.443841 -13.691271 -2.746209
1769098161.601465 13.439427 -13.693114 -2.746526
1769098161.646461 13.433002 -13.695793 -2.744944
1769098161.696457 13.428707 -13.697592 -2.744311
1769098161.746468 13.424389 -13.699404 -2.743362
1769098161.796474 13.417880 -13.702142 -2.743046
1769098161.846456 13.413588 -13.703949 -2.742413
1769098161.896469 13.409297 -13.705759 -2.741780
1769098161.946510 13.402885 -13.708469 -2.741464
1769098161.996550 13.398666 -13.710253 -2.741780
1769098162.051491 13.394423 -13.712046 -2.741780
1769098162.096472 13.387918 -13.714795 -2.742096
1769098162.146477 13.383651 -13.716597 -2.741780
1769098162.201463 13.379221 -13.718469 -2.741780
1769098162.246474 13.372763 -13.721198 -2.740831
1769098162.296472 13.368312 -13.723084 -2.740515
1769098162.351481 13.363954 -13.724932 -2.741464
1769098162.391543 13.357357 -13.727722 -2.742413
1769098162.441517 13.352856 -13.729620 -2.743362
1769098162.501479 13.348470 -13.731466 -2.745260
1769098162.546490 13.341932 -13.734201 -2.747159
1769098162.596474 13.337633 -13.735991 -2.747159
1769098162.646483 13.333333 -13.737781 -2.747791
1769098162.691474 13.327139 -13.740354 -2.747475
1769098162.746491 13.322909 -13.742114 -2.746526
1769098162.801486 13.318611 -13.743906 -2.744628
1769098162.846485 13.312355 -13.746529 -2.742096
1769098162.896483 13.308041 -13.748350 -2.740515
1769098162.951531 13.303824 -13.750138 -2.739565
1769098162.996482 13.297325 -13.752902 -2.737984
1769098163.056534 13.293019 -13.754740 -2.737667
1769098163.096481 13.286758 -13.757416 -2.738616
1769098163.146548 13.282381 -13.759283 -2.739882
1769098163.206492 13.278141 -13.761084 -2.740515
1769098163.241485 13.271803 -13.763771 -2.742413
1769098163.296489 13.267535 -13.765572 -2.743362
1769098163.351490 13.263173 -13.767407 -2.743678
1769098163.396485 13.256639 -13.770153 -2.744944
1769098163.446492 13.252297 -13.771972 -2.743678
1769098163.501485 13.247864 -13.773836 -2.743046
1769098163.546497 13.241355 -13.776576 -2.743362
1769098163.596536 13.237016 -13.778402 -2.743362
1769098163.651497 13.232700 -13.780217 -2.743678
1769098163.696512 13.226330 -13.782895 -2.743995
1769098163.746488 13.222059 -13.784688 -2.743678
1769098163.801512 13.217883 -13.786444 -2.743362
1769098163.846523 13.211444 -13.789153 -2.743362
1769098163.896569 13.207268 -13.790910 -2.743046
1769098163.951553 13.202975 -13.792717 -2.741780
1769098163.996537 13.196471 -13.795466 -2.740198
1769098164.041492 13.192160 -13.797296 -2.739249
1769098164.101501 13.187759 -13.799169 -2.738300
1769098164.146506 13.181240 -13.801950 -2.738933
1769098164.196499 13.176816 -13.803834 -2.739565
1769098164.256504 13.172460 -13.805686 -2.741147
1769098164.296502 13.165887 -13.808469 -2.743678
1769098164.346511 13.161431 -13.810342 -2.745260
1769098164.406503 13.157134 -13.812140 -2.746526
1769098164.446499 13.150593 -13.814868 -2.748424
1769098164.496521 13.146315 -13.816642 -2.748108
1769098164.556495 13.142014 -13.818428 -2.748108
1769098164.596496 13.135608 -13.821087 -2.745577
1769098164.641507 13.131288 -13.822893 -2.743995
1769098164.696512 13.126994 -13.824696 -2.742096
1769098164.751492 13.122681 -13.826518 -2.741780
1769098164.796509 13.116223 -13.829247 -2.739565
1769098164.841508 13.112007 -13.831039 -2.739249
1769098164.901511 13.107651 -13.832892 -2.739565
1769098164.946525 13.101269 -13.835606 -2.740831
1769098164.996506 13.097028 -13.837403 -2.740198
1769098165.051523 13.092578 -13.839292 -2.741147
1769098165.091511 13.086168 -13.842005 -2.741464
1769098165.141516 13.081832 -13.843839 -2.742096
1769098165.196517 13.077472 -13.845680 -2.741780
1769098165.241519 13.070920 -13.848449 -2.741464
1769098165.296530 13.066468 -13.850332 -2.741147
1769098165.351516 13.062132 -13.852167 -2.742413
1769098165.391529 13.055509 -13.854961 -2.743046
1769098165.446522 13.051170 -13.856788 -2.744311
1769098165.501574 13.046923 -13.858570 -2.744311
1769098165.541575 13.040504 -13.861263 -2.745260
1769098165.596521 13.036232 -13.863051 -2.745577
1769098165.646552 13.031982 -13.864828 -2.744944
1769098165.696563 13.025632 -13.867488 -2.743046
1769098165.746602 13.021316 -13.869305 -2.742729
1769098165.801548 13.017071 -13.871094 -2.740831
1769098165.846524 13.010639 -13.873819 -2.739565
1769098165.891541 13.006306 -13.875662 -2.738300
1769098165.951551 13.001930 -13.877529 -2.737667
1769098165.996575 12.995343 -13.880344 -2.738616
1769098166.046565 12.991036 -13.882180 -2.739565
1769098166.101539 12.986634 -13.884052 -2.740515
1769098166.141500 12.980156 -13.886799 -2.743046
1769098166.196583 12.975747 -13.888656 -2.745260
1769098166.251574 12.971357 -13.890493 -2.745893
1769098166.296540 12.964818 -13.893224 -2.747159
1769098166.346537 12.960518 -13.895014 -2.747159
1769098166.401525 12.956242 -13.896794 -2.745577
1769098166.446530 12.949727 -13.899518 -2.744628
1769098166.496538 12.945362 -13.901348 -2.744944
1769098166.551538 12.941113 -13.903128 -2.743046
1769098166.596532 12.934885 -13.905750 -2.742729
1769098166.641609 12.930616 -13.907549 -2.742413
1769098166.701586 12.926395 -13.909330 -2.742096
1769098166.746537 12.920100 -13.911988 -2.741464
1769098166.806530 12.915997 -13.913723 -2.741464
1769098166.846538 12.909609 -13.916425 -2.741464
1769098166.896612 12.905320 -13.918239 -2.740198
1769098166.956540 12.900987 -13.920078 -2.740198
1769098167.001580 12.894556 -13.922807 -2.738933
1769098167.046576 12.890132 -13.924692 -2.738933
1769098167.101537 12.885963 -13.926467 -2.739882
1769098167.141536 12.879371 -13.929268 -2.741464
1769098167.196538 12.875011 -13.931112 -2.741780
1769098167.251600 12.870652 -13.932954 -2.743362
1769098167.296601 12.864096 -13.935712 -2.744944
1769098167.341537 12.859870 -13.937482 -2.745893
1769098167.401537 12.855573 -13.939277 -2.746526
1769098167.451538 12.849172 -13.941946 -2.746526
1769098167.496548 12.844967 -13.943700 -2.745260
1769098167.551515 12.840694 -13.945488 -2.743678
1769098167.596552 12.834371 -13.948146 -2.741464
1769098167.641552 12.830035 -13.949979 -2.739565
1769098167.701573 12.825726 -13.951812 -2.739882
1769098167.746589 12.819273 -13.954553 -2.739565
1769098167.796544 12.814964 -13.956385 -2.738616
1769098167.856625 12.810633 -13.958231 -2.739249
1769098167.896565 12.804112 -13.961006 -2.741147
1769098167.941538 12.799870 -13.962802 -2.741780
1769098168.001574 12.795464 -13.964664 -2.742729
1769098168.046560 12.789003 -13.967387 -2.744311
1769098168.091552 12.784638 -13.969218 -2.745260
1769098168.151558 12.780226 -13.971065 -2.744311
1769098168.196554 12.773620 -13.973836 -2.743995
1769098168.246569 12.769257 -13.975669 -2.744944
1769098168.306577 12.764891 -13.977498 -2.744628
1769098168.351555 12.758355 -13.980238 -2.745260
1769098168.391555 12.754036 -13.982045 -2.745577
1769098168.451561 12.749786 -13.983822 -2.744944
1769098168.496569 12.743459 -13.986472 -2.745260
1769098168.541610 12.739256 -13.988231 -2.744628
1769098168.606559 12.734984 -13.990022 -2.743678
1769098168.646566 12.728661 -13.992680 -2.742096
1769098168.696568 12.724394 -13.994481 -2.741147
1769098168.756566 12.720105 -13.996297 -2.739249
1769098168.796565 12.713561 -13.999082 -2.737667
1769098168.846560 12.709185 -14.000952 -2.737667
1769098168.906605 12.704833 -14.002812 -2.737984
1769098168.951538 12.698269 -14.005615 -2.739882
1769098168.996571 12.693866 -14.007486 -2.740831
1769098169.046571 12.689485 -14.009342 -2.742729
1769098169.096566 12.685123 -14.011180 -2.743678
1769098169.141581 12.678613 -14.013917 -2.746526
1769098169.191566 12.674245 -14.015738 -2.746209
1769098169.251571 12.669947 -14.017532 -2.746842
1769098169.296566 12.663428 -14.020248 -2.745893
1769098169.341621 12.659248 -14.021994 -2.744311
1769098169.401577 12.654930 -14.023806 -2.743362
1769098169.446575 12.648444 -14.026535 -2.742096
1769098169.496559 12.644200 -14.028326 -2.740831
1769098169.551623 12.639842 -14.030173 -2.741147
1769098169.596576 12.633479 -14.032866 -2.741464
1769098169.641631 12.629143 -14.034700 -2.741464
1769098169.701717 12.624947 -14.036475 -2.740831
1769098169.741571 12.618399 -14.039250 -2.741147
1769098169.796575 12.614040 -14.041095 -2.741464
1769098169.856586 12.609751 -14.042909 -2.741464
1769098169.896580 12.603153 -14.045699 -2.741147
1769098169.946582 12.598795 -14.047544 -2.741464
1769098170.001622 12.594389 -14.049408 -2.741147
1769098170.051607 12.587769 -14.052210 -2.743046
1769098170.091632 12.583314 -14.054086 -2.743995
1769098170.151573 12.578950 -14.055919 -2.744944
1769098170.196588 12.572437 -14.058647 -2.745893
1769098170.256602 12.568350 -14.060354 -2.747475
1769098170.301652 12.561946 -14.063017 -2.746842
1769098170.341640 12.557787 -14.064750 -2.746209
1769098170.396563 12.553489 -14.066543 -2.745577
1769098170.456591 12.549263 -14.068311 -2.743995
1769098170.496639 12.542869 -14.070996 -2.740831
1769098170.541588 12.538930 -14.072665 -2.739882
1769098170.591583 12.534597 -14.074505 -2.737984
1769098170.641595 12.528359 -14.077169 -2.737351
1769098170.706665 12.524007 -14.079031 -2.737667
1769098170.751588 12.517444 -14.081836 -2.738300
1769098170.796650 12.513114 -14.083684 -2.739565
1769098170.856591 12.508781 -14.085526 -2.741464
1769098170.896599 12.502278 -14.088277 -2.743046
1769098170.941594 12.497892 -14.090123 -2.743678
1769098171.006600 12.493505 -14.091967 -2.744311
1769098171.046605 12.486970 -14.094709 -2.744944
1769098171.096590 12.482581 -14.096548 -2.743678
1769098171.151592 12.478288 -14.098352 -2.744311
1769098171.196594 12.471753 -14.101094 -2.743046
1769098171.246580 12.467461 -14.102902 -2.743046
1769098171.296601 12.463169 -14.104709 -2.742413
1769098171.341583 12.458878 -14.106519 -2.742413
1769098171.391600 12.452814 -14.109077 -2.741780
1769098171.456572 12.448501 -14.110900 -2.742729
1769098171.496604 12.442250 -14.113534 -2.742096
1769098171.541604 12.437890 -14.115375 -2.742413
1769098171.601596 12.433809 -14.117096 -2.741464
1769098171.641619 12.427631 -14.119709 -2.740515
1769098171.701605 12.423250 -14.121567 -2.739249
1769098171.746616 12.416962 -14.124243 -2.739249
1769098171.796631 12.412514 -14.126136 -2.739565
1769098171.856646 12.408182 -14.127978 -2.740831
1769098171.896600 12.401563 -14.130782 -2.742096
1769098171.941737 12.397086 -14.132672 -2.743995
1769098172.006606 12.392745 -14.134495 -2.745893
1769098172.046599 12.386253 -14.137208 -2.747791
1769098172.096638 12.381905 -14.139014 -2.747791
1769098172.156611 12.377605 -14.140801 -2.748424
1769098172.196622 12.371245 -14.143438 -2.746526
1769098172.246674 12.367017 -14.145202 -2.745577
1769098172.296675 12.362720 -14.146998 -2.743046
1769098172.346625 12.358428 -14.148805 -2.741780
1769098172.396613 12.351923 -14.151554 -2.738933
1769098172.446618 12.347732 -14.153339 -2.738933
1769098172.501621 12.343401 -14.155184 -2.738300
1769098172.541594 12.336929 -14.157946 -2.739565
1769098172.596631 12.332620 -14.159778 -2.739249
1769098172.651624 12.328241 -14.161641 -2.740515
1769098172.696634 12.321833 -14.164359 -2.741464
1769098172.741621 12.317474 -14.166202 -2.742413
1769098172.801617 12.313113 -14.168042 -2.742729
1769098172.851610 12.306582 -14.170794 -2.742729
1769098172.896622 12.302197 -14.172642 -2.742729
1769098172.946644 12.297812 -14.174490 -2.742096
1769098172.996626 12.291167 -14.177296 -2.742413
1769098173.046634 12.286806 -14.179136 -2.743362
1769098173.101623 12.282513 -14.180942 -2.743362
1769098173.141635 12.276074 -14.183651 -2.744628
1769098173.196624 12.271826 -14.185432 -2.744628
1769098173.251675 12.267554 -14.187222 -2.744311
1769098173.296623 12.261206 -14.189886 -2.743678
1769098173.341635 12.256936 -14.191681 -2.743362
1769098173.401623 12.252713 -14.193458 -2.742413
1769098173.446608 12.246253 -14.196182 -2.740198
1769098173.496628 12.241896 -14.198032 -2.738616
1769098173.551606 12.237519 -14.199898 -2.737351
1769098173.596603 12.230980 -14.202695 -2.738300
1769098173.641684 12.226580 -14.204573 -2.738616
1769098173.701608 12.222203 -14.206439 -2.739249
1769098173.746632 12.215938 -14.209105 -2.742096
1769098173.796624 12.211554 -14.210955 -2.744628
1769098173.846685 12.207352 -14.212717 -2.745260
1769098173.896672 12.200815 -14.215453 -2.747159
1769098173.951664 12.196726 -14.217155 -2.748108
1769098173.996732 12.190320 -14.219814 -2.746842
1769098174.046713 12.186255 -14.221508 -2.746209
1769098174.101643 12.181911 -14.223321 -2.744944
1769098174.141649 12.175467 -14.226020 -2.743046
1769098174.191703 12.171152 -14.227837 -2.742096
1769098174.251611 12.166885 -14.229638 -2.741147
1769098174.296698 12.160475 -14.232352 -2.740198
1769098174.341648 12.156258 -14.234142 -2.740515
1769098174.401645 12.151970 -14.235960 -2.740515
1769098174.441689 12.145562 -14.238677 -2.741464
1769098174.496688 12.141273 -14.240491 -2.740198
1769098174.551651 12.136869 -14.242360 -2.741147
1769098174.596649 12.130459 -14.245074 -2.740198
1769098174.641661 12.126103 -14.246923 -2.739882
1769098174.701648 12.121723 -14.248784 -2.739882
1769098174.741743 12.115084 -14.251604 -2.740831
1769098174.796630 12.110656 -14.253480 -2.741464
1769098174.856662 12.106250 -14.255344 -2.741780
1769098174.896668 12.099675 -14.258122 -2.744311
1769098174.941657 12.095381 -14.259924 -2.744944
1769098175.001676 12.091178 -14.261684 -2.745577
1769098175.046629 12.084920 -14.264300 -2.745577
1769098175.091761 12.080670 -14.266077 -2.745577
1769098175.151651 12.076443 -14.267845 -2.744628
1769098175.196724 12.070141 -14.270487 -2.742096
1769098175.246655 12.066014 -14.272229 -2.740515
1769098175.301621 12.061749 -14.274038 -2.739565
1769098175.341657 12.055274 -14.276791 -2.738933
1769098175.406726 12.051222 -14.278517 -2.738300
1769098175.446672 12.044681 -14.281308 -2.737984
1769098175.496661 12.040305 -14.283177 -2.739249
1769098175.551658 12.036019 -14.285000 -2.740515
1769098175.596714 12.029658 -14.287698 -2.742096
1769098175.641709 12.025624 -14.289401 -2.743678
1769098175.701657 12.021214 -14.291255 -2.743995
1769098175.741757 12.014656 -14.294009 -2.745577
1769098175.796715 12.010290 -14.295834 -2.745260
1769098175.856779 12.005923 -14.297662 -2.744944
1769098175.896641 11.999363 -14.300409 -2.743995
1769098175.946669 11.994999 -14.302242 -2.744311
1769098176.001670 11.990658 -14.304063 -2.744311
1769098176.046740 11.984263 -14.306747 -2.743678
1769098176.091666 11.979993 -14.308542 -2.743362
1769098176.151732 11.975747 -14.310328 -2.742729
1769098176.191715 11.969380 -14.313011 -2.741780
1769098176.246662 11.965183 -14.314785 -2.741780
1769098176.301718 11.960847 -14.316617 -2.741147
1769098176.346716 11.954460 -14.319321 -2.740515
1769098176.396623 11.950149 -14.321149 -2.738300
1769098176.456643 11.945796 -14.323006 -2.737984
1769098176.496654 11.939232 -14.325810 -2.737351
1769098176.546646 11.934834 -14.327691 -2.738300
1769098176.606750 11.930410 -14.329579 -2.739565
1769098176.646790 11.923842 -14.332371 -2.741464
1769098176.696714 11.919483 -14.334215 -2.743046
1769098176.751656 11.915144 -14.336042 -2.744311
1769098176.801679 11.908562 -14.338804 -2.745577
1769098176.846645 11.904312 -14.340581 -2.746209
1769098176.896709 11.900038 -14.342365 -2.746526
1769098176.951757 11.895716 -14.344167 -2.745577
1769098176.996710 11.889364 -14.346822 -2.743046
1769098177.046667 11.885049 -14.348640 -2.742096
1769098177.096659 11.880782 -14.350441 -2.741147
1769098177.146656 11.874279 -14.353194 -2.739565
1769098177.196661 11.870016 -14.355006 -2.739882
1769098177.251632 11.865706 -14.356837 -2.739565
1769098177.296657 11.859208 -14.359600 -2.739882
1769098177.346737 11.854944 -14.361411 -2.740198
1769098177.396725 11.850564 -14.363271 -2.740831
1769098177.446650 11.844085 -14.366016 -2.741464
1769098177.496633 11.839680 -14.367879 -2.741780
1769098177.551675 11.835366 -14.369702 -2.743362
1769098177.596659 11.828834 -14.372450 -2.742729
1769098177.641754 11.824636 -14.374219 -2.742729
1769098177.701629 11.820204 -14.376087 -2.743362
1769098177.746684 11.813648 -14.378845 -2.744944
1769098177.796666 11.809236 -14.380693 -2.744628
1769098177.851660 11.804894 -14.382513 -2.745893
1769098177.896676 11.798472 -14.385196 -2.746209
1769098177.946695 11.794267 -14.386951 -2.745577
1769098178.001755 11.789994 -14.388738 -2.745260
1769098178.046751 11.783666 -14.391386 -2.744311
1769098178.091631 11.779349 -14.393197 -2.742729
1769098178.156638 11.775174 -14.394957 -2.741780
1769098178.196633 11.768739 -14.397676 -2.738616
1769098178.246634 11.764478 -14.399492 -2.737667
1769098178.301627 11.760103 -14.401363 -2.737034
1769098178.346676 11.753518 -14.404182 -2.737351
1769098178.396628 11.749166 -14.406044 -2.737667
1769098178.451638 11.744791 -14.407914 -2.740198
1769098178.496653 11.738267 -14.410683 -2.742096
1769098178.546760 11.733907 -14.412524 -2.743046
1769098178.596795 11.729545 -14.414361 -2.743995
1769098178.641773 11.723314 -14.416977 -2.745577
1769098178.696731 11.718900 -14.418823 -2.745260
1769098178.751657 11.714651 -14.420601 -2.745260
1769098178.796676 11.708113 -14.423337 -2.743362
1769098178.846711 11.703844 -14.425133 -2.742413
1769098178.901693 11.699529 -14.426953 -2.742096
1769098178.946723 11.693094 -14.429670 -2.741464
1769098179.006690 11.689108 -14.431356 -2.740515
1769098179.046682 11.682676 -14.434083 -2.741147
1769098179.091724 11.678504 -14.435849 -2.741464
1769098179.151702 11.674238 -14.437654 -2.741147
1769098179.191713 11.667782 -14.440387 -2.740831
1769098179.246700 11.663680 -14.442125 -2.740831
1769098179.301692 11.659368 -14.443951 -2.740515
1769098179.346707 11.653170 -14.446580 -2.739882
1769098179.396690 11.648744 -14.448460 -2.739882
1769098179.451781 11.644364 -14.450321 -2.740515
1769098179.496719 11.637723 -14.453137 -2.741464
1769098179.546723 11.633247 -14.455030 -2.742729
1769098179.601768 11.628863 -14.456878 -2.744628
1769098179.641700 11.622327 -14.459618 -2.746526
1769098179.691710 11.618028 -14.461410 -2.746526
1769098179.761726 11.613706 -14.463213 -2.747475
1769098179.796783 11.607326 -14.465866 -2.747159
1769098179.846703 11.603097 -14.467626 -2.746209
1769098179.901744 11.598799 -14.469420 -2.744311
1769098179.946732 11.592451 -14.472084 -2.741780
1769098179.991755 11.588137 -14.473906 -2.739565
1769098180.051733 11.583875 -14.475719 -2.738616
1769098180.096727 11.577402 -14.478478 -2.737351
1769098180.146703 11.573074 -14.480330 -2.737351
1769098180.206719 11.568746 -14.482182 -2.737351
1769098180.246737 11.562206 -14.484979 -2.739565
1769098180.291701 11.557967 -14.486781 -2.740198
1769098180.351792 11.553564 -14.488650 -2.741780
1769098180.391704 11.547059 -14.491399 -2.742729
1769098180.441709 11.542697 -14.493237 -2.743678
1769098180.506727 11.538334 -14.495071 -2.743362
1769098180.546751 11.531778 -14.497829 -2.743046
1769098180.596719 11.527346 -14.499696 -2.741780
1769098180.656740 11.523010 -14.501528 -2.743678
1769098180.776735 11.516476 -14.504274 -2.743046
1769098180.791734 11.512184 -14.506082 -2.743046
1769098180.811734 11.507915 -14.507879 -2.743362
1769098180.846714 11.501546 -14.510559 -2.743678
1769098181.171710 11.497300 -14.512344 -2.742413
1769098181.191710 11.493032 -14.514144 -2.742729
1769098181.221725 11.488787 -14.515933 -2.742096
1769098181.246737 11.482631 -14.518532 -2.741464
1769098181.266731 11.478365 -14.520336 -2.740515
1769098181.286715 11.471817 -14.523113 -2.738300
1769098181.311739 11.467394 -14.525000 -2.737667
1769098181.341718 11.462995 -14.526881 -2.738616
1769098181.361743 11.456406 -14.529690 -2.739565
1769098181.436800 11.452050 -14.531542 -2.740515
1769098181.456743 11.447646 -14.533409 -2.742729
1769098181.476725 11.441349 -14.536063 -2.745260
1769098181.526735 11.436936 -14.537910 -2.746209
1769098181.551737 11.432591 -14.539723 -2.747475
1769098181.676794 11.426445 -14.542279 -2.747159
1769098181.696787 11.422122 -14.544079 -2.746842
1769098181.716741 11.417846 -14.545860 -2.745893
1769098181.741777 11.411447 -14.548533 -2.743362
1769098181.826725 11.407178 -14.550329 -2.741780
1769098181.851753 11.402841 -14.552162 -2.740515
1769098181.966780 11.396387 -14.554899 -2.738933
1769098181.991802 11.392149 -14.556704 -2.738933
1769098182.011768 11.387817 -14.558549 -2.739565
1769098182.046716 11.381435 -14.561263 -2.740198
1769098182.216734 11.377195 -14.563063 -2.739565
1769098182.236733 11.372979 -14.564855 -2.741147
1769098182.266721 11.366685 -14.567519 -2.741147
1769098182.296738 11.362257 -14.569394 -2.741780
1769098182.371736 11.357920 -14.571226 -2.741147
1769098182.391717 11.351347 -14.574009 -2.741147
1769098182.411740 11.346919 -14.575883 -2.741147
1769098182.446743 11.342537 -14.577738 -2.741780
1769098182.496718 11.335916 -14.580536 -2.742413
1769098182.556741 11.331601 -14.582356 -2.743995
1769098182.631729 11.325370 -14.584973 -2.744311
1769098182.666737 11.321146 -14.586746 -2.745260
1769098182.696738 11.316873 -14.588534 -2.744944
1769098182.751739 11.312624 -14.590313 -2.744311
1769098182.796734 11.306276 -14.592977 -2.743046
1769098182.841727 11.301984 -14.594784 -2.742413
1769098182.896748 11.297739 -14.596575 -2.741147
1769098182.946736 11.291493 -14.599219 -2.739882
1769098183.001739 11.287183 -14.601050 -2.738300
1769098183.046736 11.280874 -14.603742 -2.737984
1769098183.091758 11.276452 -14.605630 -2.738616
1769098183.151802 11.272121 -14.607477 -2.739249
1769098183.191750 11.265530 -14.610281 -2.741464
1769098183.246750 11.261241 -14.612096 -2.743362
1769098183.301762 11.256831 -14.613951 -2.744311
1769098183.346775 11.250296 -14.616693 -2.746842
1769098183.391827 11.245904 -14.618523 -2.746842
1769098183.451751 11.241558 -14.620333 -2.746842
1769098183.496821 11.235110 -14.623020 -2.744944
1769098183.541746 11.230744 -14.624848 -2.744628
1769098183.601762 11.226379 -14.626678 -2.744311
1769098183.646839 11.219937 -14.629381 -2.743046
1769098183.691750 11.215645 -14.631188 -2.743046
1769098183.756761 11.211400 -14.632976 -2.742413
1769098183.796779 11.205033 -14.635662 -2.741464
1769098183.846780 11.200790 -14.637456 -2.741464
1769098183.906827 11.196478 -14.639280 -2.741147
1769098183.946797 11.190115 -14.641974 -2.741464
1769098183.991804 11.185825 -14.643788 -2.739565
1769098184.041790 11.181446 -14.645650 -2.739565
1769098184.096761 11.177184 -14.647462 -2.738616
1769098184.141765 11.170548 -14.650291 -2.738300
1769098184.191761 11.166148 -14.652168 -2.739882
1769098184.251761 11.161768 -14.654029 -2.740515
1769098184.296760 11.155127 -14.656845 -2.742096
1769098184.346848 11.150790 -14.658676 -2.742729
1769098184.396762 11.146382 -14.660534 -2.744311
1769098184.446841 11.139940 -14.663237 -2.745577
1769098184.496870 11.135690 -14.665014 -2.745577
1769098184.551774 11.131370 -14.666820 -2.745893
1769098184.591783 11.125018 -14.669474 -2.744628
1769098184.641769 11.120769 -14.671255 -2.742729
1769098184.701767 11.116478 -14.673064 -2.740831
1769098184.746768 11.110022 -14.675799 -2.739249
1769098184.791850 11.105737 -14.677622 -2.739249
1769098184.851799 11.101405 -14.679466 -2.738616
1769098184.896794 11.094863 -14.682255 -2.738300
1769098184.946796 11.090579 -14.684083 -2.738300
1769098184.996770 11.086226 -14.685940 -2.739882
1769098185.046758 11.079773 -14.688681 -2.740831
1769098185.091774 11.075321 -14.690567 -2.741780
1769098185.151747 11.071032 -14.692380 -2.743678
1769098185.196773 11.064475 -14.695136 -2.743995
1769098185.246772 11.060041 -14.696998 -2.743362
1769098185.301780 11.055678 -14.698834 -2.743678
1769098185.346775 11.049098 -14.701600 -2.744311
1769098185.391788 11.044710 -14.703441 -2.743678
1769098185.451777 11.040347 -14.705275 -2.744628
1769098185.496786 11.033905 -14.707976 -2.744628
1769098185.546779 11.029656 -14.709757 -2.744628
1769098185.601780 11.025385 -14.711547 -2.743678
1769098185.641782 11.019061 -14.714205 -2.743362
1769098185.696887 11.014792 -14.716001 -2.742413
1769098185.756836 11.010641 -14.717752 -2.741780
1769098185.796784 11.004159 -14.720491 -2.739882
1769098185.846804 10.999943 -14.722283 -2.738300
1769098185.901790 10.995543 -14.724160 -2.736718
1769098185.946822 10.988982 -14.726971 -2.737351
1769098185.991907 10.984654 -14.728823 -2.737351
1769098186.056822 10.980209 -14.730725 -2.738933
1769098186.101793 10.973643 -14.733522 -2.740831
1769098186.146792 10.969285 -14.735368 -2.742413
1769098186.201789 10.964924 -14.737208 -2.743362
1769098186.246865 10.958414 -14.739946 -2.744944
1769098186.296790 10.954002 -14.741794 -2.745260
1769098186.346793 10.949729 -14.743582 -2.745577
1769098186.401791 10.945456 -14.745369 -2.745260
1769098186.441792 10.939035 -14.748056 -2.743678
1769098186.506796 10.934695 -14.749880 -2.741780
1769098186.546794 10.928260 -14.752599 -2.741147
1769098186.596807 10.923948 -14.754425 -2.740198
1769098186.651785 10.919615 -14.756264 -2.739565
1769098186.696789 10.913535 -14.758849 -2.739249
1769098186.746799 10.909460 -14.760583 -2.740831
1769098186.796881 10.905404 -14.762301 -2.740198
1769098186.846797 10.898927 -14.765051 -2.740198
1769098186.896810 10.894570 -14.766900 -2.741147
1769098186.951798 10.890282 -14.768715 -2.740515
1769098186.991807 10.883687 -14.771512 -2.740831
1769098187.041805 10.879399 -14.773329 -2.740831
1769098187.096870 10.874971 -14.775205 -2.740198
1769098187.141817 10.868331 -14.778023 -2.742413
1769098187.191901 10.863877 -14.779902 -2.743362
1769098187.251809 10.859514 -14.781737 -2.744311
1769098187.296804 10.853002 -14.784470 -2.745260
1769098187.346821 10.848683 -14.786277 -2.746842
1769098187.401807 10.844430 -14.788049 -2.746209
1769098187.446808 10.838077 -14.790701 -2.745577
1769098187.496807 10.833827 -14.792478 -2.745577
1769098187.551807 10.829600 -14.794245 -2.743362
1769098187.591813 10.823185 -14.796944 -2.739882
1769098187.641840 10.818945 -14.798745 -2.739249
1769098187.701818 10.814566 -14.800608 -2.737351
1769098187.746841 10.808120 -14.803366 -2.737034
1769098187.791888 10.803769 -14.805229 -2.736718
1769098187.856842 10.799349 -14.807123 -2.737351
1769098187.896849 10.792926 -14.809871 -2.739249
1769098187.946813 10.788548 -14.811734 -2.741147
1769098188.001848 10.784189 -14.813579 -2.742096
1769098188.046817 10.777684 -14.816326 -2.743678
1769098188.091879 10.773297 -14.818170 -2.744311
1769098188.156817 10.768979 -14.819981 -2.744628
1769098188.196816 10.762397 -14.822741 -2.743362
1769098188.246825 10.758104 -14.824547 -2.742729
1769098188.296818 10.753742 -14.826385 -2.742413
1769098188.346828 10.749381 -14.828225 -2.742096
1769098188.391819 10.742969 -14.830932 -2.742413
1769098188.446821 10.738655 -14.832752 -2.742096
1769098188.501823 10.734434 -14.834534 -2.741147
1769098188.541825 10.728048 -14.837237 -2.741780
1769098188.591848 10.723828 -14.839021 -2.742096
1769098188.646891 10.719537 -14.840832 -2.741464
1769098188.691826 10.713034 -14.843583 -2.740515
1769098188.746827 10.708723 -14.845411 -2.739565
1769098188.796826 10.704344 -14.847273 -2.738933
1769098188.846862 10.697870 -14.850030 -2.738300
1769098188.896929 10.693354 -14.851957 -2.739565
1769098188.956832 10.689045 -14.853789 -2.739882
1769098188.991827 10.682615 -14.856521 -2.741780
1769098189.046833 10.678185 -14.858393 -2.743678
1769098189.096829 10.673799 -14.860236 -2.745577
1769098189.146852 10.667307 -14.862951 -2.746842
1769098189.191832 10.662984 -14.864752 -2.747159
1769098189.251831 10.658685 -14.866541 -2.747791
1769098189.296840 10.652327 -14.869183 -2.746526
1769098189.346825 10.648076 -14.870956 -2.745260
1769098189.396836 10.643779 -14.872754 -2.742729
1769098189.446833 10.637365 -14.875457 -2.740515
1769098189.496835 10.633008 -14.877305 -2.739565
1769098189.551850 10.628792 -14.879097 -2.738616
1769098189.591852 10.622296 -14.881866 -2.737667
1769098189.641838 10.618013 -14.883697 -2.738933
1769098189.701838 10.613729 -14.885522 -2.738933
1769098189.746922 10.607232 -14.888289 -2.739882
1769098189.791862 10.602922 -14.890120 -2.740831
1769098189.851850 10.598541 -14.891976 -2.742096
1769098189.896887 10.592035 -14.894723 -2.742413
1769098189.946837 10.587674 -14.896563 -2.742096
1769098190.001862 10.583290 -14.898413 -2.741464
1769098190.046863 10.576670 -14.901213 -2.741464
1769098190.091883 10.572218 -14.903097 -2.741780
1769098190.156845 10.567904 -14.904919 -2.743362
1769098190.191876 10.561395 -14.907658 -2.743046
1769098190.246845 10.557126 -14.909455 -2.743995
1769098190.306847 10.552879 -14.911239 -2.743995
1769098190.346843 10.546508 -14.913914 -2.743678
1769098190.391851 10.542285 -14.915690 -2.742729
1769098190.451858 10.537993 -14.917498 -2.742729
1769098190.496849 10.531626 -14.920182 -2.740515
1769098190.546884 10.527315 -14.922010 -2.739565
1769098190.601852 10.523053 -14.923822 -2.738616
1769098190.641863 10.516720 -14.926522 -2.737351
1769098190.696851 10.512554 -14.928304 -2.737667
1769098190.751939 10.508202 -14.930164 -2.737984
1769098190.796855 10.501568 -14.932997 -2.740198
1769098190.846853 10.497281 -14.934817 -2.742096
1769098190.901858 10.492897 -14.936668 -2.743362
1769098190.946853 10.486342 -14.939426 -2.745577
1769098190.991939 10.481951 -14.941261 -2.746209
1769098191.051857 10.477630 -14.943065 -2.747159
1769098191.091861 10.471204 -14.945740 -2.746209
1769098191.141934 10.466860 -14.947553 -2.744944
1769098191.196857 10.462517 -14.949372 -2.744311
1769098191.241858 10.456099 -14.952065 -2.742729
1769098191.296860 10.451807 -14.953874 -2.741464
1769098191.351871 10.447471 -14.955707 -2.740831
1769098191.396861 10.441063 -14.958423 -2.739882
1769098191.446872 10.436869 -14.960204 -2.739882
1769098191.501858 10.432560 -14.962035 -2.740831
1769098191.546941 10.426127 -14.964760 -2.740831
1769098191.596864 10.421886 -14.966557 -2.739565
1769098191.651931 10.417437 -14.968449 -2.740515
1769098191.696894 10.411075 -14.971147 -2.740198
1769098191.746976 10.406672 -14.973016 -2.739249
1769098191.801896 10.402294 -14.974879 -2.739882
1769098191.846901 10.395654 -14.977699 -2.740198
1769098191.896910 10.391251 -14.979568 -2.741780
1769098191.956919 10.386868 -14.981421 -2.741780
1769098191.996886 10.380293 -14.984199 -2.743678
1769098192.046867 10.376000 -14.986003 -2.744311
1769098192.101870 10.371729 -14.987796 -2.744628
1769098192.146898 10.365309 -14.990487 -2.745577
1769098192.196872 10.361083 -14.992254 -2.745260
1769098192.256893 10.356810 -14.994042 -2.743678
1769098192.296875 10.350463 -14.996710 -2.741147
1769098192.346876 10.346174 -14.998525 -2.739882
1769098192.401900 10.341911 -15.000336 -2.738933
1769098192.446870 10.335321 -15.003143 -2.737984
1769098192.496891 10.330969 -15.005002 -2.737667
1769098192.546909 10.326640 -15.006852 -2.737034
1769098192.596893 10.322265 -15.008725 -2.738933
1769098192.641879 10.315838 -15.011463 -2.740198
1769098192.691891 10.311388 -15.013351 -2.741147
1769098192.751888 10.307076 -15.015177 -2.743362
1769098192.796886 10.300567 -15.017915 -2.744944
1769098192.856887 10.296131 -15.019773 -2.744944
1769098192.896929 10.289875 -15.022394 -2.744311
1769098192.946888 10.285510 -15.024225 -2.744628
1769098193.001885 10.281145 -15.026055 -2.743678
1769098193.046885 10.274565 -15.028821 -2.743678
1769098193.091886 10.270529 -15.030518 -2.743995
1769098193.156886 10.266281 -15.032301 -2.742729
1769098193.196886 10.259867 -15.035004 -2.743046
1769098193.246888 10.255645 -15.036782 -2.742729
1769098193.306895 10.251354 -15.038591 -2.741464
1769098193.346886 10.245036 -15.041263 -2.741147
1769098193.396900 10.240724 -15.043088 -2.740831
1769098193.456942 10.236506 -15.044876 -2.740515
1769098193.496918 10.230005 -15.047632 -2.738300
1769098193.546890 10.225675 -15.049480 -2.737667
1769098193.601913 10.221322 -15.051340 -2.737351
1769098193.646895 10.214667 -15.054187 -2.737984
1769098193.696906 10.210291 -15.056056 -2.739249
1769098193.756920 10.205889 -15.057929 -2.740831
1769098193.801909 10.199340 -15.060704 -2.743046
1769098193.846934 10.195002 -15.062531 -2.743678
1769098193.906917 10.190615 -15.064375 -2.744944
1769098193.946942 10.184172 -15.067074 -2.746209
1769098193.996937 10.179874 -15.068868 -2.745577
1769098194.046942 10.175624 -15.070645 -2.745577
1769098194.096979 10.171350 -15.072431 -2.742729
1769098194.141903 10.164913 -15.075144 -2.741464
1769098194.191922 10.160647 -15.076949 -2.739882
1769098194.251924 10.156314 -15.078789 -2.739249
1769098194.296899 10.149909 -15.081515 -2.738933
1769098194.346901 10.145601 -15.083350 -2.739249
1769098194.401921 10.141316 -15.085173 -2.739249
1769098194.446905 10.134842 -15.087929 -2.739882
1769098194.496915 10.130439 -15.089799 -2.740831
1769098194.551916 10.126127 -15.091626 -2.741147
1769098194.596910 10.119578 -15.094398 -2.742096
1769098194.651947 10.115520 -15.096111 -2.742729
1769098194.696928 10.109130 -15.098805 -2.742729
1769098194.746915 10.104721 -15.100663 -2.742413
1769098194.801930 10.100314 -15.102522 -2.743362
1769098194.846914 10.093711 -15.105300 -2.744944
1769098194.896938 10.089392 -15.107109 -2.743995
1769098194.956913 10.085028 -15.108941 -2.745577
1769098194.996919 10.078630 -15.111616 -2.746209
1769098195.046916 10.074449 -15.113361 -2.744628
1769098195.101914 10.070154 -15.115162 -2.744628
1769098195.151928 10.063805 -15.117824 -2.743362
1769098195.197006 10.059512 -15.119630 -2.741464
1769098195.256957 10.055363 -15.121385 -2.740831
1769098195.296918 10.048861 -15.124140 -2.737984
1769098195.346947 10.044531 -15.125989 -2.737351
1769098195.391938 10.040133 -15.127870 -2.736402
1769098195.451919 10.035783 -15.129736 -2.736718
1769098195.496938 10.029292 -15.132517 -2.737667
1769098195.546921 10.024847 -15.134417 -2.739882
1769098195.601940 10.020537 -15.136248 -2.741464
1769098195.641927 10.014010 -15.139009 -2.742729
1769098195.696944 10.009648 -15.140847 -2.744311
1769098195.751928 10.005307 -15.142669 -2.744944
1769098195.796963 9.998747 -15.145416 -2.744628
1769098195.846969 9.994452 -15.147217 -2.744628
1769098195.901975 9.990204 -15.148998 -2.743362
1769098195.946974 9.983695 -15.151736 -2.742413
1769098196.006955 9.979637 -15.153448 -2.741780
1769098196.047001 9.973179 -15.156177 -2.740831
1769098196.096936 9.968914 -15.157984 -2.740515
1769098196.147023 9.964626 -15.159802 -2.740515
1769098196.196931 9.960385 -15.161601 -2.741147
1769098196.246955 9.953976 -15.164314 -2.740831
1769098196.297011 9.949664 -15.166141 -2.739882
1769098196.352001 9.945355 -15.167972 -2.740198
1769098196.396945 9.938831 -15.170740 -2.740198
1769098196.446934 9.934521 -15.172570 -2.739249
1769098196.501957 9.930095 -15.174453 -2.739249
1769098196.546936 9.923574 -15.177228 -2.739882
1769098196.596968 9.919125 -15.179118 -2.740831
1769098196.646939 9.914674 -15.181004 -2.741780
1769098196.696937 9.908076 -15.183792 -2.743995
1769098196.746939 9.903712 -15.185625 -2.745577
1769098196.801935 9.899438 -15.187412 -2.746526
1769098196.847021 9.892944 -15.190120 -2.747159
1769098196.897009 9.888691 -15.191890 -2.746526
1769098196.951954 9.884463 -15.193653 -2.745577
1769098196.997025 9.878135 -15.196299 -2.743995
1769098197.046964 9.873864 -15.198093 -2.741147
1769098197.101963 9.869529 -15.199928 -2.739249
1769098197.141958 9.863101 -15.202663 -2.737351
1769098197.196959 9.858819 -15.204495 -2.736718
1769098197.251962 9.854492 -15.206350 -2.736718
1769098197.296960 9.847978 -15.209141 -2.737984
1769098197.347018 9.843625 -15.211000 -2.738300
1769098197.401947 9.839388 -15.212808 -2.738933
1769098197.447034 9.832821 -15.215605 -2.742096
1769098197.496967 9.828507 -15.217426 -2.741780
1769098197.551963 9.824148 -15.219268 -2.742729
1769098197.597014 9.817594 -15.222031 -2.743046
1769098197.641951 9.813208 -15.223877 -2.742413
1769098197.701953 9.808800 -15.225737 -2.741464
1769098197.746977 9.802553 -15.228379 -2.742096
1769098197.797052 9.798146 -15.230240 -2.742413
1769098197.852041 9.793878 -15.232040 -2.742729
1769098197.896957 9.787721 -15.234635 -2.743362
1769098197.956959 9.783638 -15.236353 -2.743046
1769098198.001985 9.777316 -15.239014 -2.742096
1769098198.052042 9.773026 -15.240826 -2.742096
1769098198.101972 9.768829 -15.242598 -2.742096
1769098198.146966 9.762370 -15.245325 -2.740515
1769098198.196981 9.758036 -15.247163 -2.739249
1769098198.256979 9.753937 -15.248907 -2.737984
1769098198.296988 9.747396 -15.251701 -2.738300
1769098198.346956 9.742996 -15.253578 -2.737984
1769098198.401961 9.738550 -15.255477 -2.738300
1769098198.446963 9.731985 -15.258278 -2.740831
1769098198.496984 9.727604 -15.260134 -2.742729
1769098198.556968 9.723195 -15.261992 -2.744311
1769098198.601965 9.716660 -15.264734 -2.746209
1769098198.642002 9.712316 -15.266547 -2.747475
1769098198.696988 9.707946 -15.268365 -2.747159
1769098198.751966 9.703716 -15.270125 -2.746842
1769098198.796996 9.697314 -15.272792 -2.744944
1769098198.841965 9.693042 -15.274582 -2.743362
1769098198.901989 9.688726 -15.276398 -2.741147
1769098198.946988 9.682246 -15.279140 -2.739882
1769098198.996997 9.677890 -15.280991 -2.738933
1769098199.066994 9.673722 -15.282767 -2.738616
1769098199.096971 9.667249 -15.285526 -2.738616
1769098199.146972 9.662988 -15.287342 -2.740198
1769098199.202001 9.658724 -15.289152 -2.739249
1769098199.241993 9.652227 -15.291917 -2.740198
1769098199.296977 9.647893 -15.293757 -2.740831
1769098199.352000 9.643558 -15.295593 -2.740831
1769098199.397044 9.637056 -15.298348 -2.739882
1769098199.442007 9.632677 -15.300209 -2.740515
1769098199.501997 9.628203 -15.302106 -2.739882
1769098199.546982 9.621587 -15.304916 -2.741147
1769098199.596996 9.617135 -15.306801 -2.742096
1769098199.652006 9.612844 -15.308612 -2.743362
1769098199.697115 9.606405 -15.311321 -2.743995
1769098199.747000 9.602181 -15.313095 -2.744311
1769098199.806991 9.597887 -15.314897 -2.744311
1769098199.842022 9.591539 -15.317561 -2.743678
1769098199.897031 9.587315 -15.319336 -2.742729
1769098199.957024 9.583024 -15.321145 -2.741464
1769098199.997018 9.576613 -15.323856 -2.738616
1769098200.046989 9.572282 -15.325702 -2.737984
1769098200.101994 9.567953 -15.327551 -2.737351
1769098200.147022 9.561390 -15.330359 -2.737351
1769098200.197015 9.557016 -15.332230 -2.737351
1769098200.251987 9.552687 -15.334082 -2.737984
1769098200.297062 9.546100 -15.336895 -2.741464
1769098200.347012 9.541811 -15.338709 -2.742096
1769098200.402034 9.537660 -15.340462 -2.743995
1769098200.447060 9.531079 -15.343225 -2.745893
1769098200.497007 9.526688 -15.345059 -2.745893
1769098200.552063 9.522625 -15.346757 -2.745893
1769098200.597005 9.516155 -15.349459 -2.744311
1769098200.642018 9.511814 -15.351281 -2.743678
1769098200.697072 9.507428 -15.353125 -2.743678
1769098201.047030 9.501011 -15.355822 -2.742096
1769098201.067080 9.496697 -15.357643 -2.741780
1769098201.082027 9.492431 -15.359446 -2.741464
1769098201.112016 9.486067 -15.362138 -2.740515
1769098201.137027 9.481849 -15.363926 -2.740198
1769098201.157017 9.477562 -15.365746 -2.740831
1769098201.177015 9.471409 -15.368353 -2.740831
1769098201.197030 9.467354 -15.370071 -2.739565
1769098201.242028 9.460763 -15.372873 -2.738616
1769098201.262008 9.456758 -15.374581 -2.737984
1769098201.282075 9.452568 -15.376370 -2.737984
1769098201.297038 9.445934 -15.379203 -2.738933
1769098201.357021 9.441742 -15.380988 -2.740198
1769098201.507005 9.435102 -15.383807 -2.741780
1769098201.527022 9.430766 -15.385639 -2.742413
1769098201.547007 9.426405 -15.387479 -2.743995
1769098201.592040 9.422064 -15.389302 -2.745260
1769098201.622007 9.415597 -15.392008 -2.744944
1769098201.742007 9.411418 -15.393759 -2.745893
1769098201.762039 9.407121 -15.395554 -2.743995
1769098201.787054 9.400726 -15.398239 -2.742096
1769098201.812103 9.396483 -15.400031 -2.740198
1769098201.897111 9.392102 -15.401890 -2.738933
1769098201.932028 9.385652 -15.404637 -2.737984
1769098201.957051 9.381299 -15.406496 -2.738933
1769098202.037031 9.376945 -15.408351 -2.737351
1769098202.057039 9.370499 -15.411108 -2.739565
1769098202.092021 9.366120 -15.412970 -2.740198
1769098202.152089 9.361786 -15.414810 -2.740831
1769098202.207081 9.355237 -15.417584 -2.741780
1769098202.257111 9.350924 -15.419407 -2.742729
1769098202.302042 9.346539 -15.421255 -2.743995
1769098202.352033 9.339982 -15.424009 -2.743678
1769098202.407021 9.335525 -15.425882 -2.743362
1769098202.457028 9.331162 -15.427718 -2.743678
1769098202.497051 9.324559 -15.430493 -2.743995
1769098202.542020 9.320242 -15.432306 -2.744311
1769098202.602020 9.315947 -15.434108 -2.744311
1769098202.662040 9.309576 -15.436782 -2.743995
1769098202.702040 9.305329 -15.438565 -2.743995
1769098202.937023 9.301081 -15.440349 -2.743362
1769098202.957024 9.296835 -15.442135 -2.742729
1769098202.977026 9.290491 -15.444809 -2.740831
1769098202.992033 9.286226 -15.446616 -2.739882
1769098203.012035 9.281940 -15.448437 -2.738616
1769098203.032029 9.275421 -15.451216 -2.736718
1769098203.052026 9.271047 -15.453091 -2.736718
1769098203.097030 9.266720 -15.454945 -2.736718
1769098203.147051 9.260089 -15.457787 -2.738300
1769098203.192027 9.255736 -15.459644 -2.740515
1769098203.252037 9.251379 -15.461492 -2.741464
1769098203.292038 9.244828 -15.464262 -2.743678
1769098203.342035 9.240465 -15.466096 -2.744628
1769098203.397031 9.236076 -15.467936 -2.745260
1769098203.442053 9.229679 -15.470613 -2.745260
1769098203.497035 9.225383 -15.472411 -2.744628
1769098203.552108 9.221088 -15.474212 -2.743362
1769098203.592061 9.214649 -15.476921 -2.741464
1769098203.652111 9.210569 -15.478646 -2.741147
1769098203.702071 9.206304 -15.480452 -2.739565
1769098203.747072 9.199852 -15.483195 -2.739249
1769098203.797061 9.195590 -15.485009 -2.739565
1769098203.847070 9.191327 -15.486821 -2.739882
1769098203.897072 9.184851 -15.489572 -2.739882
1769098203.957079 9.180751 -15.491314 -2.739882
1769098203.997151 9.174205 -15.494095 -2.740831
1769098204.042073 9.169940 -15.495902 -2.740515
1769098204.102116 9.165489 -15.497789 -2.740831
1769098204.147082 9.159197 -15.500455 -2.740831
1769098204.192067 9.154792 -15.502322 -2.741147
1769098204.252069 9.150317 -15.504216 -2.741147
1769098204.297130 9.143744 -15.506998 -2.743678
1769098204.347045 9.139287 -15.508872 -2.745260
1769098204.402083 9.134991 -15.510670 -2.745260
1769098204.447067 9.128523 -15.513376 -2.745577
1769098204.497080 9.124297 -15.515143 -2.746526
1769098204.552073 9.120255 -15.516829 -2.745577
1769098204.597139 9.114114 -15.519396 -2.744628
1769098204.642133 9.109842 -15.521187 -2.743046
1769098204.702127 9.105527 -15.523004 -2.740831
1769098204.747069 9.099211 -15.525680 -2.738616
1769098204.797078 9.095136 -15.527417 -2.737034
1769098204.847085 9.090785 -15.529280 -2.737351
1769098204.897054 9.084409 -15.532008 -2.736718
1769098204.952080 9.080059 -15.533872 -2.737667
1769098204.997077 9.073821 -15.536538 -2.738933
1769098205.042090 9.069653 -15.538314 -2.741147
1769098205.097081 9.065341 -15.540139 -2.742096
1769098205.142087 9.059045 -15.542797 -2.743362
1769098205.197131 9.054683 -15.544633 -2.744311
1769098205.247058 9.050318 -15.546464 -2.743995
1769098205.297078 9.043761 -15.549218 -2.743046
1769098205.357065 9.039678 -15.550937 -2.742729
1769098205.397082 9.033311 -15.553620 -2.742413
1769098205.442139 9.029090 -15.555401 -2.742096
1769098205.502083 9.024986 -15.557134 -2.742096
1769098205.547090 9.018527 -15.559861 -2.741780
1769098205.597097 9.014540 -15.561545 -2.741464
1769098205.647097 9.010251 -15.563359 -2.742096
1769098205.697090 9.003909 -15.566037 -2.741464
1769098205.747149 8.999596 -15.567861 -2.741147
1769098205.802096 8.995307 -15.569677 -2.740515
1769098205.847116 8.988829 -15.572424 -2.739882
1769098205.897118 8.984450 -15.574284 -2.738616
1769098205.952108 8.980072 -15.576150 -2.737984
1769098205.997132 8.973625 -15.578904 -2.738933
1769098206.052181 8.969526 -15.580650 -2.740198
1769098206.097158 8.962886 -15.583468 -2.741780
1769098206.142094 8.958503 -15.585320 -2.743678
1769098206.207093 8.954093 -15.587174 -2.745260
1769098206.247098 8.947579 -15.589900 -2.747475
1769098206.297147 8.943302 -15.591678 -2.746526
1769098206.352160 8.939167 -15.593403 -2.747475
1769098206.397141 8.932764 -15.596066 -2.745577
1769098206.447099 8.928560 -15.597823 -2.744311
1769098206.507082 8.924266 -15.599625 -2.742413
1769098206.547114 8.917806 -15.602350 -2.740198
1769098206.597101 8.913449 -15.604199 -2.738616
1769098206.652105 8.909235 -15.605996 -2.738300
1769098206.697145 8.902693 -15.608787 -2.737351
1769098206.747111 8.898435 -15.610609 -2.738933
1769098206.792159 8.894150 -15.612434 -2.738933
1769098206.847106 8.889772 -15.614298 -2.739565
1769098206.897101 8.883343 -15.617032 -2.740831
1769098206.947115 8.878985 -15.618878 -2.741780
1769098207.002093 8.874649 -15.620711 -2.742413
1769098207.047107 8.868096 -15.623475 -2.742096
1769098207.092118 8.863688 -15.625336 -2.741780
1769098207.152141 8.859305 -15.627188 -2.741780
1769098207.197106 8.852684 -15.629986 -2.741780
1769098207.247093 8.848301 -15.631838 -2.742413
1769098207.302110 8.843987 -15.633658 -2.742729
1769098207.347113 8.837549 -15.636371 -2.743362
1769098207.392105 8.833303 -15.638157 -2.744628
1769098207.447120 8.828985 -15.639968 -2.743678
1769098207.497122 8.822638 -15.642636 -2.742413
1769098207.547113 8.818324 -15.644455 -2.742096
1769098207.602109 8.814360 -15.646129 -2.741464
1769098207.642115 8.807903 -15.648860 -2.739249
1769098207.697124 8.803547 -15.650713 -2.738300
1769098207.747123 8.799404 -15.652482 -2.737034
1769098207.797115 8.792819 -15.655301 -2.737984
1769098207.852117 8.788443 -15.657170 -2.738616
1769098207.897144 8.782040 -15.659899 -2.740198
1769098207.947147 8.777706 -15.661739 -2.742096
1769098208.007174 8.773323 -15.663590 -2.743995
1769098208.052137 8.766742 -15.666353 -2.746526
1769098208.097170 8.762350 -15.668185 -2.747159
1769098208.157124 8.758004 -15.669994 -2.747791
1769098208.197181 8.751576 -15.672664 -2.746209
1769098208.247102 8.747465 -15.674380 -2.745577
1769098208.302123 8.743168 -15.676177 -2.744311
1769098208.347133 8.736913 -15.678801 -2.742413
1769098208.397125 8.732599 -15.680621 -2.742096
1769098208.447123 8.728472 -15.682364 -2.740515
1769098208.497195 8.722273 -15.684992 -2.739882
1769098208.547135 8.718057 -15.686783 -2.740198
1769098208.602125 8.713793 -15.688593 -2.740515
1769098208.642130 8.707338 -15.691330 -2.740831
1769098208.697137 8.703097 -15.693127 -2.739565
1769098208.752138 8.698694 -15.694999 -2.740515
1769098208.797187 8.692286 -15.697717 -2.739565
1769098208.852126 8.688117 -15.699489 -2.739249
1769098208.897136 8.681759 -15.702195 -2.738933
1769098208.957133 8.677567 -15.703980 -2.740198
1769098208.997133 8.671137 -15.706710 -2.741464
1769098209.047139 8.666754 -15.708563 -2.741464
1769098209.102132 8.662558 -15.710338 -2.743362
1769098209.142138 8.656353 -15.712949 -2.745260
1769098209.197135 8.652033 -15.714757 -2.744944
1769098209.252139 8.647971 -15.716458 -2.745577
1769098209.297211 8.641596 -15.719123 -2.745260
1769098209.347146 8.637323 -15.720911 -2.743678
1769098209.397144 8.633123 -15.722677 -2.741780
1769098209.447118 8.626712 -15.725386 -2.739565
1769098209.497149 8.622426 -15.727208 -2.738300
1769098209.552149 8.618003 -15.729096 -2.738933
1769098209.597187 8.611436 -15.731893 -2.737667
1769098209.642230 8.607107 -15.733743 -2.737667
1769098209.702143 8.602731 -15.735613 -2.738933
1769098209.747144 8.596258 -15.738371 -2.740831
1769098209.797147 8.591876 -15.740227 -2.741464
1769098209.852227 8.587517 -15.742071 -2.743678
1769098209.897151 8.580984 -15.744817 -2.744944
1769098209.947153 8.576642 -15.746636 -2.745577
1769098210.007235 8.572251 -15.748471 -2.744944
1769098210.047197 8.565691 -15.751219 -2.745260
1769098210.092191 8.561372 -15.753026 -2.743678
1769098210.152156 8.556985 -15.754870 -2.744311
1769098210.197132 8.550497 -15.757593 -2.743046
1769098210.247131 8.546205 -15.759400 -2.743678
1769098210.302152 8.541958 -15.761185 -2.743046
1769098210.347202 8.535800 -15.763778 -2.743046
1769098210.392153 8.531531 -15.765576 -2.740831
1769098210.452158 8.527313 -15.767363 -2.741147
1769098210.497134 8.520856 -15.770096 -2.740198
1769098210.547153 8.516616 -15.771896 -2.740198
1769098210.607149 8.512306 -15.773725 -2.737984
1769098210.647169 8.505741 -15.776529 -2.737351
1769098210.697154 8.501367 -15.778400 -2.737351
1769098210.757160 8.496875 -15.780322 -2.737667
1769098210.797138 8.490335 -15.783117 -2.739249
1769098210.847160 8.485887 -15.785010 -2.741464
1769098210.897187 8.481481 -15.786873 -2.742413
1769098210.947142 8.477167 -15.788693 -2.743995
1769098210.997218 8.470609 -15.791447 -2.745577
1769098211.057232 8.466336 -15.793234 -2.745893
1769098211.092173 8.460054 -15.795858 -2.744944
1769098211.147148 8.456061 -15.797530 -2.745260
1769098211.207232 8.451765 -15.799328 -2.742729
1769098211.242145 8.445514 -15.801963 -2.740831
1769098211.297145 8.441226 -15.803779 -2.740198
1769098211.352150 8.436869 -15.805629 -2.739249
1769098211.397147 8.430442 -15.808364 -2.738616
1769098211.447224 8.426134 -15.810200 -2.739565
1769098211.502167 8.421848 -15.812023 -2.738933
1769098211.547181 8.415375 -15.814780 -2.740198
1769098211.597149 8.411064 -15.816609 -2.741147
1769098211.652187 8.406706 -15.818455 -2.741464
1769098211.697203 8.400109 -15.821245 -2.742413
1769098211.747205 8.395841 -15.823045 -2.742096
1769098211.802208 8.391457 -15.824896 -2.742096
1769098211.847224 8.385068 -15.827593 -2.742096
1769098211.897206 8.380544 -15.829503 -2.743362
1769098211.952293 8.376205 -15.831329 -2.743995
1769098211.997235 8.369881 -15.833985 -2.743678
1769098212.042199 8.365541 -15.835809 -2.745577
1769098212.097221 8.361478 -15.837508 -2.745577
1769098212.142172 8.355126 -15.840163 -2.744944
1769098212.202187 8.351041 -15.841875 -2.744628
1769098212.247197 8.344902 -15.844448 -2.743678
1769098212.297183 8.340842 -15.846155 -2.741147
1769098212.347188 8.336879 -15.847832 -2.741147
1769098212.392260 8.330353 -15.850595 -2.737984
1769098212.457185 8.326303 -15.852325 -2.736718
1769098212.497187 8.319719 -15.855146 -2.736402
1769098212.547165 8.315578 -15.856922 -2.737034
1769098212.602189 8.311204 -15.858795 -2.737034
1769098212.642190 8.304619 -15.861614 -2.739882
1769098212.697198 8.300543 -15.863346 -2.741464
1769098212.752202 8.296370 -15.865111 -2.742413
1769098212.797189 8.289793 -15.867885 -2.744311
1769098212.852204 8.285639 -15.869628 -2.744944
1769098212.897193 8.279336 -15.872269 -2.744944
1769098212.947205 8.275040 -15.874068 -2.743678
1769098212.997188 8.270933 -15.875794 -2.743046
1769098213.047196 8.264682 -15.878426 -2.741780
1769098213.092236 8.260322 -15.880269 -2.741464
1769098213.152172 8.256033 -15.882083 -2.740831
1769098213.197194 8.249624 -15.884798 -2.740515
1769098213.252172 8.245546 -15.886528 -2.740198
1769098213.292207 8.239418 -15.889128 -2.740515
1769098213.347194 8.235317 -15.890867 -2.741147
1769098213.402199 8.231052 -15.892673 -2.740831
1769098213.447198 8.224503 -15.895448 -2.740515
1769098213.492208 8.220145 -15.897296 -2.740198
1769098213.552214 8.215742 -15.899165 -2.739249
1769098213.597241 8.209198 -15.901950 -2.738933
1769098213.642210 8.205029 -15.903725 -2.739882
1769098213.697221 8.200813 -15.905516 -2.740831
1769098213.747232 8.194357 -15.908251 -2.742413
1769098213.807220 8.189926 -15.910120 -2.744311
1769098213.847217 8.183415 -15.912853 -2.745893
1769098213.892305 8.179328 -15.914560 -2.746209
1769098213.952230 8.175030 -15.916354 -2.746842
1769098213.997224 8.168838 -15.918933 -2.745893
1769098214.047210 8.164588 -15.920709 -2.745260
1769098214.102221 8.160315 -15.922497 -2.743678
1769098214.147208 8.153945 -15.925175 -2.740831
1769098214.197215 8.149633 -15.927001 -2.737984
1769098214.252211 8.145350 -15.928830 -2.737984
1769098214.292223 8.138879 -15.931594 -2.736718
1769098214.347206 8.134529 -15.933458 -2.737034
1769098214.402220 8.130248 -15.935291 -2.737034
1769098214.447197 8.123686 -15.938101 -2.739565
1769098214.492278 8.119447 -15.939903 -2.739565
1769098214.552268 8.114998 -15.941795 -2.741147
1769098214.597215 8.108542 -15.944528 -2.742096
1769098214.642227 8.104181 -15.946369 -2.743046
1769098214.707219 8.099866 -15.948186 -2.743362
1769098214.747220 8.093240 -15.950974 -2.742729
1769098214.797262 8.088785 -15.952851 -2.741780
1769098214.857196 8.084379 -15.954713 -2.742096
1769098214.897223 8.078083 -15.957371 -2.742729
1769098214.947267 8.073768 -15.959190 -2.742413
1769098215.002225 8.069500 -15.960990 -2.742729
1769098215.047222 8.063320 -15.963595 -2.743046
1769098215.097222 8.059097 -15.965373 -2.742096
1769098215.152206 8.054807 -15.967184 -2.742096
1769098215.192220 8.048465 -15.969862 -2.740831
1769098215.247223 8.044153 -15.971689 -2.741147
1769098215.302200 8.039841 -15.973514 -2.739565
1769098215.347244 8.033529 -15.976198 -2.738616
1769098215.397227 8.029128 -15.978074 -2.737667
1769098215.452230 8.024753 -15.979944 -2.737667
1769098215.492284 8.018143 -15.982769 -2.738933
1769098215.547232 8.013765 -15.984634 -2.740198
1769098215.607236 8.009362 -15.986503 -2.742413
1769098215.642255 8.002809 -15.989267 -2.744628
1769098215.692275 7.998420 -15.991107 -2.745893
1769098215.752256 7.994076 -15.992922 -2.747159
1769098215.797294 7.987884 -15.995499 -2.746842
1769098215.847267 7.983748 -15.997222 -2.746526
1769098215.897268 7.979473 -15.999005 -2.744944
1769098215.947328 7.973287 -16.001596 -2.742096
1769098216.002221 7.969183 -16.003329 -2.740831
1769098216.042224 7.963124 -16.005896 -2.739565
1769098216.107241 7.958838 -16.007718 -2.738300
1769098216.142278 7.952599 -16.010380 -2.738300
1769098216.197234 7.948501 -16.012129 -2.738300
1769098216.252212 7.944497 -16.013837 -2.739565
1769098216.292244 7.937998 -16.016600 -2.739882
1769098216.357239 7.933875 -16.018352 -2.739565
1769098216.392241 7.927633 -16.021006 -2.740198
1769098216.442246 7.923439 -16.022786 -2.741464
1769098216.502248 7.919150 -16.024600 -2.740198
1769098216.547241 7.912742 -16.027320 -2.739882
1769098216.597245 7.908293 -16.029210 -2.740831
1769098216.652246 7.903888 -16.031076 -2.741147
1769098216.692257 7.897269 -16.033878 -2.742413
1769098216.747252 7.893164 -16.035610 -2.743046
1769098216.802230 7.888849 -16.037427 -2.743362
1769098216.847240 7.882456 -16.040116 -2.743995
1769098216.902247 7.878396 -16.041821 -2.744628
1769098216.947314 7.872210 -16.044415 -2.743678
1769098216.997228 7.868243 -16.046082 -2.742413
1769098217.052253 7.863882 -16.047921 -2.741464
1769098217.092251 7.857518 -16.050613 -2.738616
1769098217.147248 7.853118 -16.052489 -2.738300
1769098217.207233 7.848788 -16.054337 -2.737667
1769098217.247255 7.842224 -16.057142 -2.737667
1769098217.292300 7.837826 -16.059022 -2.737984
1769098217.357246 7.833543 -16.060851 -2.738616
1769098217.397261 7.826954 -16.063660 -2.741464
1769098217.447253 7.822618 -16.065494 -2.742096
1769098217.502255 7.818211 -16.067355 -2.744311
1769098217.547263 7.811909 -16.069999 -2.745577
1769098217.597262 7.807496 -16.071844 -2.745893
1769098217.652259 7.803175 -16.073649 -2.746209
1769098217.697281 7.796658 -16.076369 -2.743995
1769098217.747277 7.792341 -16.078182 -2.743046
1769098217.802325 7.788025 -16.079999 -2.743362
1769098217.847299 7.781563 -16.082718 -2.742413
1769098217.892264 7.777272 -16.084528 -2.741147
1769098217.957286 7.773030 -16.086324 -2.741147
1769098218.002343 7.766713 -16.088998 -2.740831
1769098218.047336 7.762425 -16.090814 -2.740198
1769098218.102248 7.758138 -16.092634 -2.740831
1769098218.147275 7.751729 -16.095349 -2.740515
1769098218.192277 7.747372 -16.097197 -2.739565
1769098218.252315 7.743039 -16.099039 -2.738933
1769098218.297261 7.736775 -16.101707 -2.737351
1769098218.347321 7.732307 -16.103619 -2.737351
1769098218.407271 7.727886 -16.105510 -2.738616
1769098218.447253 7.721436 -16.108260 -2.740198
1769098218.492250 7.717010 -16.110139 -2.741464
1769098218.552287 7.712650 -16.111982 -2.742413
1769098218.602262 7.706284 -16.114668 -2.744628
1769098218.642284 7.701989 -16.116469 -2.744628
1769098218.702285 7.697694 -16.118269 -2.745260
1769098218.747281 7.691319 -16.120937 -2.744944
1769098218.797261 7.687234 -16.122648 -2.743995
1769098218.852335 7.682987 -16.124431 -2.742096
1769098218.892277 7.676598 -16.127129 -2.739565
1769098218.947285 7.672242 -16.128981 -2.738616
1769098219.007278 7.667958 -16.130807 -2.738616
1769098219.047257 7.661415 -16.133596 -2.737667
1769098219.092284 7.657110 -16.135437 -2.737984
1769098219.152290 7.652803 -16.137276 -2.738300
1769098219.192291 7.646518 -16.139958 -2.739565
1769098219.247268 7.642185 -16.141800 -2.740198
1769098219.302279 7.637735 -16.143689 -2.741780
1769098219.347276 7.631324 -16.146398 -2.742729
1769098219.402280 7.626916 -16.148256 -2.743678
1769098219.447297 7.620779 -16.150835 -2.742729
1769098219.492258 7.616324 -16.152713 -2.743046
1769098219.557263 7.611915 -16.154569 -2.743995
1769098219.602292 7.605358 -16.157323 -2.743678
1769098219.642294 7.600924 -16.159187 -2.743678
1769098219.707268 7.596654 -16.160981 -2.743995
1769098219.742373 7.590284 -16.163657 -2.744311
1769098219.797297 7.586293 -16.165332 -2.743995
1769098219.852311 7.581999 -16.167135 -2.742729
1769098219.892324 7.575865 -16.169720 -2.741780
1769098219.957326 7.571808 -16.171434 -2.740515
1769098220.002309 7.565586 -16.174073 -2.738933
1769098220.047296 7.561302 -16.175898 -2.737667
1769098220.107298 7.556926 -16.177768 -2.735769
1769098220.152299 7.550345 -16.180596 -2.736718
1769098220.192296 7.545994 -16.182460 -2.737034
1769098220.247298 7.541527 -16.184373 -2.738300
1769098220.297298 7.537150 -16.186240 -2.739565
1769098220.347299 7.530605 -16.189023 -2.741780
1769098220.397295 7.526245 -16.190866 -2.743362
1769098220.452296 7.521883 -16.192701 -2.744944
1769098220.492305 7.515276 -16.195468 -2.745893
1769098220.557324 7.511235 -16.197156 -2.744944
1769098220.597300 7.504956 -16.199786 -2.743362
1769098220.642281 7.500919 -16.201484 -2.743046
1769098220.702299 7.496604 -16.203302 -2.741464
1769098220.747304 7.490380 -16.205934 -2.740515
1769098220.797302 7.486046 -16.207772 -2.739249
1769098220.852329 7.481737 -16.209606 -2.738933
1769098220.897308 7.475380 -16.212313 -2.739249
1769098220.942301 7.471071 -16.214147 -2.740198
1769098221.002303 7.466784 -16.215966 -2.740198
1769098221.047315 7.460284 -16.218725 -2.740515
1769098221.092357 7.455950 -16.220563 -2.741147
1769098221.147316 7.451638 -16.222389 -2.740831
1769098221.192310 7.445229 -16.225104 -2.740515
1769098221.242309 7.440918 -16.226932 -2.740198
1769098221.302297 7.436468 -16.228821 -2.741147
1769098221.347289 7.429848 -16.231623 -2.742413
1769098221.397326 7.425394 -16.233502 -2.743362
1769098221.452315 7.421031 -16.235338 -2.744311
1769098221.497310 7.414753 -16.237972 -2.745260
1769098221.547313 7.410457 -16.239770 -2.746526
1769098221.597320 7.406369 -16.241475 -2.746209
1769098221.642326 7.400225 -16.244038 -2.745260
1769098221.697319 7.396116 -16.245758 -2.744628
1769098221.747341 7.389977 -16.248332 -2.742413
1769098221.807384 7.385919 -16.250043 -2.739882
1769098221.847361 7.379699 -16.252686 -2.737667
1769098221.897404 7.375347 -16.254546 -2.736718
1769098221.952361 7.371276 -16.256291 -2.736402
1769098221.997393 7.364949 -16.259005 -2.737034
1769098222.057322 7.360830 -16.260768 -2.737351
1769098222.097335 7.354547 -16.263456 -2.739249
1769098222.147326 7.350122 -16.265339 -2.741147
1769098222.197396 7.346020 -16.267076 -2.741780
1769098222.247322 7.339678 -16.269755 -2.743678
1769098222.302373 7.335525 -16.271501 -2.744311
1769098222.347306 7.329177 -16.274165 -2.744311
1769098222.392334 7.324999 -16.275918 -2.742729
1769098222.447393 7.320917 -16.277638 -2.743046
1769098222.497404 7.314572 -16.280310 -2.741780
1769098222.552327 7.310492 -16.282034 -2.742096
1769098222.597331 7.304197 -16.284692 -2.742096
1769098222.642347 7.300139 -16.286405 -2.742096
1769098222.697339 7.295919 -16.288187 -2.741147
1769098222.747333 7.289929 -16.290723 -2.741464
1769098222.802340 7.285919 -16.292418 -2.741464
1769098222.847309 7.279602 -16.295090 -2.741147
1769098222.897352 7.275546 -16.296807 -2.740515
1769098222.952337 7.271235 -16.298635 -2.739565
1769098222.997339 7.264643 -16.301438 -2.738616
1769098223.057333 7.260196 -16.303334 -2.737667
1769098223.097349 7.253889 -16.306030 -2.739249
1769098223.147346 7.249487 -16.307903 -2.740198
1769098223.192349 7.245061 -16.309782 -2.741464
1769098223.247334 7.240561 -16.311685 -2.743046
1769098223.297344 7.234263 -16.314337 -2.745577
1769098223.357341 7.229920 -16.316153 -2.747475
1769098223.402338 7.223353 -16.318884 -2.750955
1769098223.447352 7.219070 -16.320647 -2.753803
1769098223.502350 7.215016 -16.322303 -2.756017
1769098223.547342 7.208567 -16.324921 -2.759498
1769098223.597340 7.204128 -16.326705 -2.762345
1769098223.647377 7.200060 -16.328326 -2.765193
1769098223.697359 7.193658 -16.330856 -2.768989
1769098223.757441 7.189415 -16.332515 -2.773418
1769098223.802351 7.182873 -16.335038 -2.780063
1769098223.847347 7.178801 -16.336578 -2.784492
1769098223.902341 7.174556 -16.338162 -2.789870
1769098223.947372 7.168093 -16.340534 -2.796831
1769098223.997383 7.163663 -16.342125 -2.801893
1769098224.052364 7.159200 -16.343702 -2.807904
1769098224.092351 7.152504 -16.346023 -2.815497
1769098224.142430 7.147972 -16.347556 -2.820243
1769098224.197350 7.143458 -16.349058 -2.825305
1769098224.247358 7.136770 -16.351247 -2.832266
1769098224.307369 7.132479 -16.352619 -2.836062
1769098224.347401 7.125792 -16.354727 -2.842074
1769098224.397356 7.121633 -16.356012 -2.846503
1769098224.447358 7.117346 -16.357315 -2.849351
1769098224.497352 7.110996 -16.359225 -2.855678
1769098224.552419 7.106747 -16.360475 -2.859158
1769098224.597361 7.100402 -16.362316 -2.865170
1769098224.642413 7.095946 -16.363580 -2.868650
1769098224.702424 7.091608 -16.364794 -2.872447
1769098224.747357 7.084849 -16.366659 -2.880356
1769098224.797374 7.080228 -16.367894 -2.885102
1769098224.847369 7.075649 -16.369095 -2.889215
1769098224.897410 7.068713 -16.370883 -2.896492
1769098224.957369 7.063999 -16.372063 -2.901554
1769098224.997428 7.057115 -16.373748 -2.910413
1769098225.047373 7.052483 -16.374838 -2.915475
1769098225.102343 7.047821 -16.375910 -2.920220
1769098225.142378 7.041302 -16.377377 -2.927181
1769098225.192420 7.036777 -16.378363 -2.930661
1769098225.252368 7.032247 -16.379333 -2.935407
1769098225.297370 7.025410 -16.380763 -2.941735
1769098225.357365 7.021068 -16.381642 -2.945215
1769098225.397428 7.014738 -16.382902 -2.950593
1769098225.442380 7.010141 -16.383791 -2.954073
1769098225.497386 7.005491 -16.384673 -2.958186
1769098225.547416 7.000837 -16.385536 -2.961667
1769098225.597376 6.993865 -16.386804 -2.966729
1769098225.642372 6.989179 -16.387632 -2.971791
1769098225.702373 6.984514 -16.388432 -2.975904
1769098225.742365 6.977524 -16.389601 -2.981599
1769098225.807412 6.972901 -16.390347 -2.988243
1769098225.847401 6.966072 -16.391402 -2.996153
1769098225.892379 6.961289 -16.392103 -3.002164
1769098225.952420 6.956652 -16.392754 -3.008175
1769098225.997383 6.949628 -16.393697 -3.015768
1769098226.047387 6.945058 -16.394275 -3.020198
1769098226.102382 6.940284 -16.394857 -3.024627
1769098226.142383 6.933547 -16.395649 -3.030322
1769098226.192390 6.928793 -16.396180 -3.032537
1769098226.252362 6.924164 -16.396687 -3.035700
1769098226.297441 6.917544 -16.397390 -3.039813
1769098226.347393 6.912861 -16.397869 -3.042977
1769098226.402390 6.908302 -16.398320 -3.047723
1769098226.447389 6.901246 -16.398984 -3.055316
1769098226.497381 6.896707 -16.399376 -3.060378
1769098226.552392 6.891889 -16.399769 -3.065757
1769098226.597382 6.884822 -16.400306 -3.073983
1769098226.642380 6.880049 -16.400629 -3.080627
1769098226.702376 6.875300 -16.400919 -3.085689
1769098226.742393 6.868249 -16.401313 -3.092966
1769098226.797403 6.863521 -16.401543 -3.097079
1769098226.852395 6.858768 -16.401755 -3.101508
1769098226.897467 6.851661 -16.402040 -3.107520
1769098226.947395 6.846880 -16.402203 -3.112265
1769098227.002389 6.842099 -16.402343 -3.116378
1769098227.047432 6.835444 -16.402511 -3.122390
1769098227.092395 6.831015 -16.402596 -3.126503
1769098227.142388 6.826384 -16.402666 -3.129983
1769098227.192372 6.819753 -16.402743 -3.136310
1769098227.252460 6.815248 -16.402767 -3.139474
1769098227.297461 6.808490 -16.402781 3.137700
1769098227.357378 6.804137 -16.402764 3.133903
1769098227.397399 6.797303 -16.402712 3.128841
1769098227.447407 6.792747 -16.402654 3.125044
1769098227.502402 6.787888 -16.402573 3.120615
1769098227.547412 6.780854 -16.402426 3.113022
1769098227.607484 6.776426 -16.402299 3.107643
1769098227.642419 6.769368 -16.402059 3.099734
1769098227.692418 6.764943 -16.401874 3.093722
1769098227.752408 6.760165 -16.401645 3.088344
1769098227.797423 6.753088 -16.401268 3.080751
1769098227.847418 6.748464 -16.400986 3.076005
1769098227.902414 6.743767 -16.400678 3.072841
1769098227.947450 6.736873 -16.400203 3.067463
1769098227.997411 6.732178 -16.399854 3.064932
1769098228.057407 6.727484 -16.399494 3.061135
1769098228.097412 6.720395 -16.398922 3.055124
1769098228.142416 6.715730 -16.398518 3.051643
1769098228.192467 6.710966 -16.398088 3.047530
1769098228.247430 6.706228 -16.397641 3.043101
1769098228.292415 6.699151 -16.396942 3.035191
1769098228.342413 6.694520 -16.396447 3.029497
1769098228.397415 6.689842 -16.395921 3.024434
1769098228.442425 6.682803 -16.395092 3.017474
1769098228.497424 6.678157 -16.394512 3.011463
1769098228.547506 6.673363 -16.393885 3.006717
1769098228.597497 6.666491 -16.392953 2.997858
1769098228.647415 6.661957 -16.392296 2.993112
1769098228.697422 6.655374 -16.391312 2.986468
1769098228.742420 6.650672 -16.390576 2.982672
1769098228.802422 6.646024 -16.389831 2.978875
1769098228.847420 6.639105 -16.388696 2.972864
1769098228.902425 6.634514 -16.387914 2.970333
1769098228.942423 6.628204 -16.386822 2.965587
1769098228.997488 6.623719 -16.386025 2.961790
1769098229.057423 6.619187 -16.385201 2.958627
1769098229.097487 6.612317 -16.383930 2.952299
1769098229.142437 6.607694 -16.383044 2.947870
1769098229.202432 6.602950 -16.382113 2.942491
1769098229.247430 6.596251 -16.380761 2.934265
1769098229.302434 6.591446 -16.379751 2.929836
1769098229.352428 6.586744 -16.378740 2.924141
1769098229.397435 6.579651 -16.377173 2.917497
1769098229.447423 6.574987 -16.376110 2.912751
1769098229.507414 6.570328 -16.375025 2.908638
1769098229.547436 6.563531 -16.373412 2.907372
1769098229.597440 6.558952 -16.372319 2.905474
1769098229.652446 6.554473 -16.371242 2.905474
1769098229.697476 6.547632 -16.369596 2.904841
1769098229.742468 6.543129 -16.368509 2.904525
1769098229.802452 6.538676 -16.367433 2.905474
1769098229.847472 6.532056 -16.365841 2.905791
1769098229.897468 6.527381 -16.364717 2.907056
1769098229.957482 6.522802 -16.363623 2.907689
1769098229.997441 6.515858 -16.361969 2.908322
1769098230.047436 6.511549 -16.360945 2.909271
1769098230.097447 6.507140 -16.359902 2.909587
1769098230.142447 6.500563 -16.358348 2.909904
1769098230.207496 6.496006 -16.357273 2.908322
1769098230.247443 6.489382 -16.355699 2.907372
1769098230.297443 6.484925 -16.354636 2.905791
1769098230.357450 6.480299 -16.353524 2.903892
1769098230.397437 6.473288 -16.351825 2.901045
1769098230.447429 6.468863 -16.350740 2.900412
1769098230.497441 6.464488 -16.349664 2.901045
1769098230.542444 6.457753 -16.348012 2.901678
1769098230.602442 6.453500 -16.346971 2.901994
1769098230.642459 6.446787 -16.345331 2.903576
1769098230.697452 6.442507 -16.344293 2.904841
1769098230.747450 6.438275 -16.343272 2.906740
1769098230.792444 6.431875 -16.341741 2.907372
1769098230.852447 6.427616 -16.340724 2.907689
1769098230.897458 6.421091 -16.339170 2.908638
1769098230.942446 6.416511 -16.338083 2.908638
1769098231.002454 6.411905 -16.336990 2.907689
1769098231.047454 6.405184 -16.335389 2.907372
1769098231.097457 6.400752 -16.334331 2.908005
1769098231.147463 6.396049 -16.333212 2.907056
1769098231.192465 6.389033 -16.331536 2.907372
1769098231.257530 6.384675 -16.330496 2.906423
1769098231.297468 6.378005 -16.328898 2.906107
1769098231.342457 6.373501 -16.327817 2.905791
1769098231.402455 6.368874 -16.326706 2.904525
1769098231.442538 6.362232 -16.325101 2.903892
1769098231.497462 6.357656 -16.323992 2.903260
1769098231.552458 6.353131 -16.322893 2.903260
1769098231.597434 6.346269 -16.321226 2.902943
1769098231.642464 6.341694 -16.320113 2.902943
1769098231.702465 6.337194 -16.319018 2.905791
1769098231.742502 6.330254 -16.317350 2.907056
1769098231.797500 6.325896 -16.316309 2.908005
1769098231.852486 6.321562 -16.315278 2.909271
1769098231.897550 6.314789 -16.313675 2.910220
1769098231.952515 6.310527 -16.312671 2.910536
1769098231.997501 6.303949 -16.311124 2.909587
1769098232.047486 6.299539 -16.310082 2.908638
1769098232.097471 6.295205 -16.309054 2.906740
1769098232.142473 6.288239 -16.307387 2.905791
1769098232.192467 6.283514 -16.306251 2.903892
1769098232.252474 6.278791 -16.305107 2.903260
1769098232.297479 6.271978 -16.303452 2.904209
1769098232.352472 6.267500 -16.302369 2.906107
1769098232.397467 6.260830 -16.300768 2.910853
1769098232.447474 6.256223 -16.299686 2.914966
1769098232.502478 6.251734 -16.298651 2.920661
1769098232.542477 6.245289 -16.297203 2.927305
1769098232.597483 6.241010 -16.296272 2.931418
1769098232.647472 6.236430 -16.295295 2.936796
1769098232.697481 6.229640 -16.293885 2.943757
1769098232.742452 6.225272 -16.293009 2.949452
1769098232.797473 6.220651 -16.292110 2.953881
1769098232.847539 6.213838 -16.290816 2.961474
1769098232.902478 6.209082 -16.289950 2.966853
1769098232.942468 6.202327 -16.288757 2.974129
1769098232.997537 6.197860 -16.288002 2.977610
1769098233.052485 6.193465 -16.287275 2.982672
1769098233.092480 6.186467 -16.286154 2.987734
1769098233.152491 6.182140 -16.285482 2.991214
1769098233.192472 6.175333 -16.284451 2.996276
1769098233.247461 6.170901 -16.283802 2.999757
1769098233.302536 6.166165 -16.283126 3.003237
1769098233.342489 6.158945 -16.282121 3.008932
1769098233.397498 6.154454 -16.281522 3.013677
1769098233.452491 6.149911 -16.280937 3.017790
1769098233.497493 6.142878 -16.280062 3.024751
1769098233.547490 6.138378 -16.279534 3.030762
1769098233.597491 6.131687 -16.278789 3.036457
1769098233.642475 6.127257 -16.278322 3.041519
1769098233.697528 6.123001 -16.277894 3.046265
1769098233.742495 6.116223 -16.277246 3.054174
1769098233.802537 6.111987 -16.276875 3.058604
1769098233.847524 6.105252 -16.276315 3.065881
1769098233.897528 6.100457 -16.275951 3.071576
1769098233.947510 6.095660 -16.275615 3.076005
1769098233.997512 6.088714 -16.275158 3.082016
1769098234.052493 6.084116 -16.274884 3.086446
1769098234.092516 6.077191 -16.274502 3.092141
1769098234.152492 6.072616 -16.274275 3.094988
1769098234.197507 6.066042 -16.273969 3.099417
1769098234.247495 6.061541 -16.273779 3.101948
1769098234.302498 6.056761 -16.273589 3.104796
1769098234.342477 6.049704 -16.273330 3.110807
1769098234.392510 6.044973 -16.273184 3.114920
1769098234.452513 6.040267 -16.273058 3.120615
1769098234.497497 6.033131 -16.272909 3.128841
1769098234.542479 6.028373 -16.272848 3.133270
1769098234.602494 6.023893 -16.272811 3.139914
1769098234.642592 6.016857 -16.272799 -3.136310
1769098234.697508 6.012377 -16.272822 -3.132197
1769098234.747508 6.007948 -16.272864 -3.126819
1769098234.797510 6.001266 -16.272963 -3.119858
1769098234.852505 5.996686 -16.273062 -3.115746
1769098234.897527 5.989880 -16.273238 -3.109734
1769098234.942514 5.985352 -16.273383 -3.104988
1769098234.997521 5.980950 -16.273544 -3.099926
1769098235.047519 5.974072 -16.273831 -3.092333
1769098235.097540 5.969547 -16.274054 -3.086955
1769098235.142518 5.962900 -16.274417 -3.080943
1769098235.202529 5.958201 -16.274703 -3.077147
1769098235.247529 5.951406 -16.275141 -3.073666
1769098235.297486 5.946810 -16.275454 -3.069870
1769098235.347526 5.942367 -16.275773 -3.067339
1769098235.397519 5.935451 -16.276287 -3.062909
1769098235.452520 5.930783 -16.276655 -3.058796
1769098235.497519 5.923897 -16.277227 -3.052152
1769098235.542526 5.919208 -16.277647 -3.047090
1769098235.602526 5.914471 -16.278096 -3.041395
1769098235.642552 5.907722 -16.278775 -3.033169
1769098235.707555 5.903293 -16.279257 -3.026842
1769098235.747543 5.896680 -16.280019 -3.018932
1769098235.797545 5.892083 -16.280586 -3.013554
1769098235.857602 5.887364 -16.281194 -3.009757
1769098235.897521 5.880514 -16.282102 -3.003746
1769098235.947519 5.875851 -16.282749 -2.999316
1769098236.002556 5.871491 -16.283373 -2.996153
1769098236.047516 5.864629 -16.284378 -2.991723
1769098236.092537 5.859874 -16.285096 -2.986028
1769098236.152529 5.855348 -16.285806 -2.981282
1769098236.192527 5.848227 -16.286958 -2.975904
1769098236.247538 5.843509 -16.287747 -2.971158
1769098236.302530 5.838745 -16.288567 -2.967678
1769098236.342543 5.831989 -16.289753 -2.961034
1769098236.407532 5.827358 -16.290599 -2.957870
1769098236.452536 5.820614 -16.291852 -2.953124
1769098236.497548 5.815940 -16.292743 -2.948062
1769098236.547516 5.811593 -16.293595 -2.945215
1769098236.597531 5.805064 -16.294894 -2.939203
1769098236.642538 5.800502 -16.295830 -2.933509
1769098236.702540 5.795847 -16.296813 -2.927814
1769098236.747582 5.788970 -16.298306 -2.918955
1769098236.797534 5.784403 -16.299340 -2.912944
1769098236.852524 5.779818 -16.300407 -2.907249
1769098236.897543 5.773171 -16.301994 -2.900288
1769098236.947553 5.768575 -16.303125 -2.895543
1769098237.002547 5.764426 -16.304167 -2.890797
1769098237.047550 5.757561 -16.305926 -2.883836
1769098237.097536 5.753303 -16.307048 -2.881305
1769098237.142550 5.746772 -16.308788 -2.874661
1769098237.197553 5.742134 -16.310056 -2.872130
1769098237.252522 5.737352 -16.311377 -2.868334
1769098237.297551 5.730430 -16.313317 -2.866435
1769098237.347536 5.725778 -16.314630 -2.865486
1769098237.397546 5.721394 -16.315872 -2.865486
1769098237.442552 5.714600 -16.317797 -2.867068
1769098237.507553 5.710337 -16.318998 -2.866752
1769098237.552543 5.703881 -16.320818 -2.866435
1769098237.597555 5.699399 -16.322084 -2.865802
1769098237.652569 5.695259 -16.323255 -2.865170
1769098237.697603 5.688490 -16.325176 -2.865170
1769098237.742618 5.684277 -16.326371 -2.863588
1769098237.802571 5.679774 -16.327656 -2.863904
1769098237.847568 5.673178 -16.329536 -2.862955
1769098237.907591 5.668676 -16.330824 -2.861373
1769098237.947586 5.662084 -16.332721 -2.861689
1769098237.997576 5.657852 -16.333938 -2.861689
1769098238.047564 5.653254 -16.335259 -2.862639
1769098238.092623 5.646757 -16.337120 -2.863588
1769098238.142555 5.642255 -16.338405 -2.863904
1769098238.202558 5.637703 -16.339703 -2.863588
1769098238.242563 5.631156 -16.341571 -2.864537
1769098238.307560 5.626457 -16.342907 -2.866119
1769098238.347557 5.619783 -16.344794 -2.867384
1769098238.397561 5.615422 -16.346021 -2.867701
1769098238.452567 5.610719 -16.347342 -2.868650
1769098238.497613 5.604138 -16.349184 -2.867384
1769098238.552564 5.599850 -16.350390 -2.866752
1769098238.597614 5.593419 -16.352204 -2.866119
1769098238.642570 5.589205 -16.353395 -2.865170
1769098238.702566 5.584822 -16.354638 -2.865802
1769098238.747547 5.578490 -16.356430 -2.863271
1769098238.807570 5.574280 -16.357633 -2.862322
1769098238.852563 5.567881 -16.359468 -2.862006
1769098238.897573 5.563575 -16.360704 -2.861689
1769098238.952565 5.559196 -16.361963 -2.860424
1769098238.992571 5.552534 -16.363887 -2.860424
1769098239.057576 5.548108 -16.365166 -2.861689
1769098239.097541 5.541297 -16.367123 -2.861689
1769098239.142573 5.536626 -16.368466 -2.862322
1769098239.207554 5.532125 -16.369757 -2.863271
1769098239.247552 5.525238 -16.371725 -2.864853
1769098239.297548 5.520855 -16.372969 -2.866119
1769098239.347583 5.516228 -16.374278 -2.866119
1769098239.402582 5.511770 -16.375537 -2.866435
1769098239.447589 5.505047 -16.377435 -2.866435
1769098239.507576 5.500687 -16.378666 -2.866752
1769098239.547586 5.493915 -16.380576 -2.865486
1769098239.597574 5.489605 -16.381797 -2.864537
1769098239.652610 5.485296 -16.383023 -2.863588
1769098239.692572 5.478602 -16.384933 -2.862639
1769098239.747606 5.474125 -16.386215 -2.862639
1769098239.802608 5.469672 -16.387491 -2.861689
1769098239.847636 5.462934 -16.389428 -2.862006
1769098239.897681 5.458750 -16.390629 -2.862639
1769098239.952625 5.454273 -16.391911 -2.863271
1769098239.997610 5.447483 -16.393851 -2.862322
1769098240.047613 5.442884 -16.395170 -2.863271
1769098240.102568 5.438212 -16.396505 -2.863271
1769098240.147579 5.431276 -16.398487 -2.865486
1769098240.197588 5.426819 -16.399750 -2.866435
1769098240.252590 5.422118 -16.401077 -2.866752
1769098240.297579 5.415516 -16.402939 -2.867068
1769098240.352592 5.410985 -16.404215 -2.868334
1769098240.397582 5.404526 -16.406025 -2.868017
1769098240.442590 5.400067 -16.407276 -2.868334
1769098240.502586 5.395704 -16.408499 -2.867384
1769098240.547563 5.389321 -16.410295 -2.865486
1769098240.597684 5.385108 -16.411488 -2.865170
1769098240.647594 5.380652 -16.412753 -2.863588
1769098240.697647 5.374153 -16.414607 -2.862639
1769098240.757594 5.369579 -16.415917 -2.862006
1769098240.797675 5.362816 -16.417859 -2.861373
1769098240.847722 5.358608 -16.419070 -2.861057
1769098240.907630 5.354035 -16.420388 -2.861057
1769098240.947667 5.347128 -16.422378 -2.861689
1769098240.997585 5.342676 -16.423657 -2.862639
1769098241.052575 5.338297 -16.424912 -2.863271
1769098241.092598 5.331604 -16.426824 -2.864853
1769098241.147601 5.327051 -16.428117 -2.864537
1769098241.202625 5.322766 -16.429336 -2.865170
1769098241.242651 5.315875 -16.431291 -2.866752
1769098241.297606 5.311247 -16.432596 -2.866752
1769098241.352619 5.306667 -16.433887 -2.866752
1769098241.397610 5.299992 -16.435769 -2.864853
1769098241.457611 5.295804 -16.436959 -2.864853
1769098241.497666 5.289036 -16.438881 -2.864221
1769098241.542607 5.284605 -16.440143 -2.862955
1769098241.602671 5.280444 -16.441333 -2.863271
1769098241.642591 5.274043 -16.443162 -2.862955
1769098241.697620 5.269639 -16.444422 -2.862639
1769098241.747620 5.265478 -16.445614 -2.861689
1769098241.797704 5.258715 -16.447558 -2.862322
1769098241.847646 5.254385 -16.448800 -2.862955
1769098241.902671 5.249737 -16.450129 -2.862639
1769098241.947683 5.242802 -16.452116 -2.862955
1769098242.007623 5.238300 -16.453403 -2.863271
1769098242.042632 5.231389 -16.455378 -2.864537
1769098242.092705 5.226958 -16.456638 -2.865802
1769098242.147621 5.222598 -16.457872 -2.866752
1769098242.192645 5.216094 -16.459706 -2.867701
1769098242.257671 5.211854 -16.460897 -2.868334
1769098242.297678 5.205201 -16.462762 -2.867384
1769098242.347634 5.200742 -16.464016 -2.867701
1769098242.402622 5.196258 -16.465276 -2.867068
1769098242.447658 5.189753 -16.467108 -2.865486
1769098242.497631 5.185443 -16.468329 -2.863904
1769098242.547625 5.181183 -16.469544 -2.862955
1769098242.597617 5.174613 -16.471423 -2.862955
1769098242.652624 5.170136 -16.472704 -2.862322
1769098242.697629 5.163250 -16.474679 -2.860740
1769098242.747630 5.158873 -16.475941 -2.861373
1769098242.807632 5.154519 -16.477194 -2.861689
1769098242.847634 5.147805 -16.479124 -2.863588
1769098242.897712 5.143375 -16.480389 -2.866119
1769098242.957614 5.138675 -16.481717 -2.868966
1769098242.997700 5.131801 -16.483639 -2.876560
1769098243.047701 5.127355 -16.484846 -2.881622
1769098243.102638 5.122976 -16.486010 -2.886367
1769098243.147628 5.115899 -16.487857 -2.893011
1769098243.192628 5.111507 -16.488972 -2.897757
1769098243.247644 5.106914 -16.490115 -2.901237
1769098243.297629 5.100326 -16.491729 -2.907565
1769098243.357639 5.095820 -16.492803 -2.911678
1769098243.392630 5.089363 -16.494315 -2.916740
1769098243.447607 5.085194 -16.495268 -2.920220
1769098243.502660 5.080576 -16.496308 -2.923701
1769098243.547649 5.074077 -16.497747 -2.930977
1769098243.607641 5.069720 -16.498678 -2.934774
1769098243.642622 5.062983 -16.500092 -2.941735
1769098243.692609 5.058468 -16.501006 -2.946797
1769098243.752709 5.053775 -16.501932 -2.951542
1769098243.792710 5.046890 -16.503257 -2.958819
1769098243.847672 5.042136 -16.504135 -2.962932
1769098243.897661 5.037628 -16.504949 -2.968311
1769098243.947754 5.030771 -16.506149 -2.974955
1769098244.002646 5.026104 -16.506935 -2.979701
1769098244.047635 5.019434 -16.508024 -2.986977
1769098244.092660 5.015008 -16.508714 -2.992356
1769098244.142637 5.010327 -16.509417 -2.996469
1769098244.192643 5.003916 -16.510355 -3.002164
1769098244.252648 4.999304 -16.511002 -3.007226
1769098244.297681 4.992607 -16.511907 -3.012604
1769098244.347653 4.988139 -16.512487 -3.015136
1769098244.392673 4.983695 -16.513052 -3.018616
1769098244.447664 4.976988 -16.513881 -3.023362
1769098244.502644 4.972564 -16.514406 -3.027158
1769098244.547647 4.965850 -16.515178 -3.032537
1769098244.607667 4.961347 -16.515671 -3.036017
1769098244.647643 4.954551 -16.516391 -3.044243
1769098244.697678 4.949739 -16.516861 -3.050254
1769098244.757685 4.945051 -16.517290 -3.055949
1769098244.797684 4.937814 -16.517912 -3.065757
1769098244.847686 4.933246 -16.518259 -3.069870
1769098244.902667 4.928701 -16.518585 -3.075565
1769098244.947677 4.921630 -16.519053 -3.082525
1769098244.997667 4.917107 -16.519320 -3.085373
1769098245.047658 4.912457 -16.519582 -3.089169
1769098245.092677 4.905734 -16.519935 -3.092966
1769098245.157665 4.901032 -16.520164 -3.095497
1769098245.192646 4.894382 -16.520470 -3.101508
1769098245.242632 4.889577 -16.520663 -3.105305
1769098245.302662 4.885277 -16.520819 -3.109734
1769098245.347689 4.878219 -16.521044 -3.117011
1769098245.407663 4.873740 -16.521154 -3.121757
1769098245.447642 4.866882 -16.521290 -3.129666
1769098245.497677 4.862150 -16.521347 -3.135045
1769098245.557663 4.857569 -16.521377 -3.139791
1769098245.597654 4.850507 -16.521389 3.136751
1769098245.642715 4.845698 -16.521366 3.131688
1769098245.707690 4.840889 -16.521318 3.127259
1769098245.747713 4.833600 -16.521214 3.119033
1769098245.792687 4.828767 -16.521105 3.114287
1769098245.857696 4.824036 -16.520976 3.108909
1769098245.897674 4.817206 -16.520752 3.101948
1769098245.947741 4.812881 -16.520581 3.098468
1769098245.997665 4.808430 -16.520389 3.094672
1769098246.047702 4.801503 -16.520064 3.089609
1769098246.092722 4.796903 -16.519824 3.085813
1769098246.147679 4.792531 -16.519580 3.082965
1769098246.192708 4.785683 -16.519178 3.077587
1769098246.252657 4.781162 -16.518888 3.074739
1769098246.297693 4.774242 -16.518425 3.069045
1769098246.347663 4.769471 -16.518078 3.063666
1769098246.397655 4.764929 -16.517724 3.059237
1769098246.442670 4.757740 -16.517130 3.050694
1769098246.507652 4.753203 -16.516717 3.046265
1769098246.547680 4.746274 -16.516054 3.037723
1769098246.597655 4.741667 -16.515574 3.031711
1769098246.652626 4.736937 -16.515052 3.026016
1769098246.702654 4.729998 -16.514247 3.019689
1769098246.742679 4.725577 -16.513705 3.015892
1769098246.802665 4.720856 -16.513108 3.012728
1769098246.847650 4.714204 -16.512246 3.005451
1769098246.897657 4.709439 -16.511594 3.002920
1769098246.952727 4.704777 -16.510943 2.999124
1769098246.997667 4.697737 -16.509933 2.993745
1769098247.047706 4.693130 -16.509247 2.990581
1769098247.102653 4.688426 -16.508531 2.986152
1769098247.147654 4.681499 -16.507446 2.979508
1769098247.192657 4.676828 -16.506682 2.974129
1769098247.257731 4.672286 -16.505914 2.969700
1769098247.302728 4.665304 -16.504702 2.962107
1769098247.347791 4.660672 -16.503861 2.956412
1769098247.402661 4.655945 -16.502976 2.950717
1769098247.447646 4.648962 -16.501627 2.942807
1769098247.497654 4.644620 -16.500752 2.936796
1769098247.552664 4.639812 -16.499753 2.931734
1769098247.597621 4.632905 -16.498282 2.925090
1769098247.642658 4.628233 -16.497255 2.920977
1769098247.707656 4.623713 -16.496241 2.917497
1769098247.742631 4.616952 -16.494700 2.912435
1769098247.792648 4.612687 -16.493705 2.909587
1769098247.852738 4.608278 -16.492663 2.906107
1769098247.897728 4.601608 -16.491063 2.900096
1769098247.942679 4.597111 -16.489955 2.896615
1769098248.002656 4.592519 -16.488807 2.891870
1769098248.047716 4.585627 -16.487050 2.884593
1769098248.092640 4.581172 -16.485879 2.880164
1769098248.147660 4.576673 -16.484675 2.875734
1769098248.192689 4.569884 -16.482826 2.868774
1769098248.252700 4.565229 -16.481524 2.864028
1769098248.297735 4.558535 -16.479617 2.857384
1769098248.347720 4.554283 -16.478375 2.853271
1769098248.397706 4.549721 -16.477022 2.847576
1769098248.447694 4.543132 -16.475026 2.839983
1769098248.507704 4.538927 -16.473718 2.835553
1769098248.547713 4.532169 -16.471583 2.828593
1769098248.592708 4.527979 -16.470227 2.823531
1769098248.647691 4.523531 -16.468763 2.819418
1769098248.697697 4.517145 -16.466631 2.814356
1769098248.757718 4.512903 -16.465191 2.810876
1769098248.802690 4.506535 -16.463005 2.805813
1769098248.842699 4.502066 -16.461445 2.802966
1769098248.902699 4.497864 -16.459965 2.799169
1769098248.947713 4.491380 -16.457654 2.794107
1769098249.002693 4.486834 -16.456007 2.788729
1769098249.047702 4.480659 -16.453733 2.781768
1769098249.092697 4.476110 -16.452022 2.776073
1769098249.142735 4.471690 -16.450330 2.770062
1769098249.197712 4.467185 -16.448575 2.762785
1769098249.242716 4.460530 -16.445926 2.753610
1769098249.297729 4.456055 -16.444097 2.748864
1769098249.352699 4.451753 -16.442315 2.744435
1769098249.392773 4.445264 -16.439593 2.738740
1769098249.442696 4.441003 -16.437777 2.736525
1769098249.502698 4.436699 -16.435932 2.732412
1769098249.547717 4.430406 -16.433203 2.727667
1769098249.592695 4.426189 -16.431350 2.725136
1769098249.647697 4.421884 -16.429446 2.721339
1769098249.692696 4.415483 -16.426585 2.714695
1769098249.747872 4.411243 -16.424657 2.709000
1769098249.797740 4.406969 -16.422684 2.705203
1769098249.847751 4.400523 -16.419677 2.697294
1769098249.907784 4.396501 -16.417763 2.692864
1769098249.947742 4.390344 -16.414798 2.685904
1769098249.992724 4.386117 -16.412726 2.681475
1769098250.052709 4.382080 -16.410726 2.676412
1769098250.092714 4.375497 -16.407422 2.670401
1769098250.142705 4.371415 -16.405342 2.665023
1769098250.202727 4.367142 -16.403136 2.659961
1769098250.247706 4.360816 -16.399829 2.653633
1769098250.297705 4.356613 -16.397599 2.647938
1769098250.352729 4.352512 -16.395392 2.644774
1769098250.392717 4.346393 -16.392074 2.638130
1769098250.442711 4.342380 -16.389864 2.634017
1769098250.507721 4.338355 -16.387625 2.630853
1769098250.547777 4.332371 -16.384272 2.625475
1769098250.592720 4.328254 -16.381936 2.621362
1769098250.652718 4.324345 -16.379697 2.616300
1769098250.697724 4.318213 -16.376143 2.609972
1769098250.742740 4.314243 -16.373808 2.606175
1769098250.797718 4.310128 -16.371367 2.601430
1769098250.847738 4.304050 -16.367722 2.593836
1769098250.897724 4.299988 -16.365244 2.588141
1769098250.947719 4.295811 -16.362663 2.581814
1769098250.992769 4.289977 -16.359008 2.574221
1769098251.057753 4.286007 -16.356478 2.569158
1769098251.092769 4.280369 -16.352844 2.562514
1769098251.142719 4.276450 -16.350282 2.558401
1769098251.197800 4.272689 -16.347801 2.553972
1769098251.247752 4.267107 -16.344082 2.547961
1769098251.307732 4.263435 -16.341605 2.545113
1769098251.347759 4.257635 -16.337666 2.539735
1769098251.392777 4.253963 -16.335144 2.536571
1769098251.452727 4.250299 -16.332611 2.533407
1769098251.492721 4.244691 -16.328706 2.528345
1769098251.547737 4.240861 -16.326011 2.524865
1769098251.597726 4.237062 -16.323317 2.519803
1769098251.642739 4.231425 -16.319278 2.513475
1769098251.702768 4.227780 -16.316630 2.507780
1769098251.742757 4.222232 -16.312553 2.499554
1769098251.797768 4.218604 -16.309840 2.493543
1769098251.852778 4.214750 -16.306922 2.488164
1769098251.897738 4.209022 -16.302537 2.479622
1769098251.947766 4.205209 -16.299565 2.474876
1769098252.002773 4.201489 -16.296638 2.470130
1769098252.047806 4.195842 -16.292150 2.464752
1769098252.092813 4.192231 -16.289249 2.461272
1769098252.157742 4.188591 -16.286304 2.458424
1769098252.197740 4.183251 -16.281958 2.454628
1769098252.247725 4.179631 -16.278988 2.450515
1769098252.307750 4.176003 -16.275988 2.446085
1769098252.347733 4.170718 -16.271576 2.438492
1769098252.392833 4.167262 -16.268647 2.434379
1769098252.447729 4.163933 -16.265802 2.430266
1769098252.497758 4.158526 -16.261142 2.422040
1769098252.547740 4.154910 -16.257973 2.416978
1769098252.597731 4.151517 -16.254970 2.411599
1769098252.642765 4.146293 -16.250294 2.404955
1769098252.702745 4.142749 -16.247081 2.400210
1769098252.747746 4.137429 -16.242209 2.392933
1769098252.797748 4.134128 -16.239143 2.387871
1769098252.852755 4.130604 -16.235834 2.383758
1769098252.897753 4.125713 -16.231207 2.376164
1769098252.947805 4.122246 -16.227875 2.371102
1769098253.002755 4.118995 -16.224719 2.366989
1769098253.047763 4.113966 -16.219798 2.361927
1769098253.092760 4.110690 -16.216559 2.357498
1769098253.152755 4.107446 -16.213324 2.354018
1769098253.192755 4.102535 -16.208391 2.349272
1769098253.242775 4.099229 -16.205040 2.346741
1769098253.307759 4.095950 -16.201697 2.342628
1769098253.347785 4.091042 -16.196655 2.336933
1769098253.397762 4.087690 -16.193171 2.332820
1769098253.452760 4.084423 -16.189747 2.327441
1769098253.497760 4.079592 -16.184631 2.318583
1769098253.547769 4.076374 -16.181160 2.313204
1769098253.602768 4.073105 -16.177598 2.307193
1769098253.642772 4.068516 -16.172535 2.298967
1769098253.707773 4.065500 -16.169153 2.293588
1769098253.742760 4.061064 -16.164123 2.286312
1769098253.797771 4.058009 -16.160608 2.283148
1769098253.852787 4.055113 -16.157256 2.279667
1769098253.902810 4.050681 -16.152088 2.274922
1769098253.947816 4.047601 -16.148461 2.272391
1769098254.002801 4.044562 -16.144865 2.267961
1769098254.047786 4.040175 -16.139626 2.262899
1769098254.092784 4.037267 -16.136118 2.259103
1769098254.147808 4.034212 -16.132404 2.254040
1769098254.192835 4.029738 -16.126908 2.247713
1769098254.247771 4.026742 -16.123179 2.241701
1769098254.302773 4.023862 -16.119551 2.236956
1769098254.347766 4.019608 -16.114138 2.229995
1769098254.397800 4.016709 -16.110397 2.224617
1769098254.452819 4.013784 -16.106580 2.219555
1769098254.497792 4.009395 -16.100791 2.211645
1769098254.552800 4.006656 -16.097119 2.205634
1769098254.597797 4.002483 -16.091453 2.198673
1769098254.647794 3.999703 -16.087623 2.193928
1769098254.702800 3.996926 -16.083759 2.190764
1769098254.742799 3.992999 -16.078259 2.184752
1769098254.797797 3.990491 -16.074700 2.180956
1769098254.847795 3.987866 -16.070946 2.177476
1769098254.897880 3.984143 -16.065581 2.173046
1769098254.957784 3.981505 -16.061743 2.169250
1769098254.997780 3.977698 -16.056160 2.163871
1769098255.047782 3.975109 -16.052319 2.159125
1769098255.102856 3.972580 -16.048529 2.155329
1769098255.147802 3.968544 -16.042429 2.147419
1769098255.192810 3.965977 -16.038482 2.142990
1769098255.252813 3.963497 -16.034630 2.138877
1769098255.297776 3.959629 -16.028571 2.130651
1769098255.347801 3.957196 -16.024689 2.125905
1769098255.397787 3.954689 -16.020645 2.121476
1769098255.442807 3.951113 -16.014822 2.114515
1769098255.497789 3.948690 -16.010815 2.109137
1769098255.547796 3.945355 -16.005230 2.102493
1769098255.597790 3.942853 -16.000976 2.098380
1769098255.647810 3.940559 -15.997039 2.093950
1769098255.697820 3.936917 -15.990725 2.087623
1769098255.752789 3.934553 -15.986566 2.084142
1769098255.797824 3.930911 -15.980106 2.080029
1769098255.847815 3.928530 -15.975840 2.077182
1769098255.897864 3.926026 -15.971325 2.073385
1769098255.947830 3.922441 -15.964804 2.067690
1769098256.002837 3.920088 -15.960465 2.064210
1769098256.047838 3.916600 -15.953978 2.056933
1769098256.092802 3.914117 -15.949279 2.051239
1769098256.147813 3.911871 -15.944969 2.045544
1769098256.192792 3.908330 -15.938081 2.036685
1769098256.252802 3.906022 -15.933490 2.031306
1769098256.297800 3.902625 -15.926643 2.023713
1769098256.347802 3.900487 -15.922250 2.020233
1769098256.397823 3.898266 -15.917645 2.016436
1769098256.447849 3.895081 -15.910977 2.012640
1769098256.502826 3.893046 -15.906675 2.011374
1769098256.547822 3.889916 -15.900036 2.008210
1769098256.597834 3.887900 -15.895726 2.006945
1769098256.647808 3.885751 -15.891114 2.005996
1769098256.697827 3.882549 -15.884229 2.004097
1769098256.742814 3.880382 -15.879543 2.003465
1769098256.802831 3.878206 -15.874832 2.002515
1769098256.847823 3.874965 -15.867798 2.001883
1769098256.897810 3.872882 -15.863268 2.002199
1769098256.952816 3.870712 -15.858554 2.001250
1769098256.997805 3.867427 -15.851401 2.002832
1769098257.047817 3.865255 -15.846689 2.001883
1769098257.097812 3.863182 -15.842182 2.002515
1769098257.142832 3.859930 -15.835124 2.000301
1769098257.192816 3.857780 -15.830430 1.999668
1769098257.252813 3.855780 -15.826057 1.998402
1769098257.297832 3.852579 -15.819032 1.999352
1769098257.357828 3.850539 -15.814566 1.999984
1769098257.397840 3.847421 -15.807753 2.000617
1769098257.447816 3.845343 -15.803220 2.002199
1769098257.502823 3.843269 -15.798714 2.003465
1769098257.547821 3.840170 -15.792004 2.005363
1769098257.597822 3.837996 -15.787321 2.005363
1769098257.647840 3.835971 -15.782959 2.005996
1769098257.697836 3.832802 -15.776142 2.003781
1769098257.752836 3.830774 -15.771754 2.002832
1769098257.797816 3.827478 -15.764606 1.999984
1769098257.847819 3.825445 -15.760164 1.999035
1769098257.902855 3.823238 -15.755329 1.997137
1769098257.947839 3.819993 -15.748185 1.996504
1769098257.997845 3.817819 -15.743390 1.997137
1769098258.052818 3.815704 -15.738735 1.997770
1769098258.092826 3.812508 -15.731708 1.999352
1769098258.147823 3.810551 -15.727426 2.000617
1769098258.197857 3.808410 -15.722755 2.000934
1769098258.247829 3.805360 -15.716107 2.001250
1769098258.297869 3.803269 -15.711553 2.001883
1769098258.352849 3.801132 -15.706908 2.001883
1769098258.392861 3.797938 -15.699963 2.001883
1769098258.452853 3.795939 -15.695617 2.002199
1769098258.497858 3.792711 -15.688605 2.002515
1769098258.547858 3.790519 -15.683846 2.002832
1769098258.607857 3.788368 -15.679180 2.003781
1769098258.647840 3.785107 -15.672127 2.004730
1769098258.697901 3.782915 -15.667396 2.004730
1769098258.757839 3.780712 -15.662642 2.003148
1769098258.797912 3.777478 -15.655633 2.000934
1769098258.842861 3.775272 -15.650825 1.998719
1769098258.897921 3.773150 -15.646173 1.997453
1769098258.952852 3.771024 -15.641495 1.997770
1769098258.997856 3.767848 -15.634515 1.996821
1769098259.042838 3.765756 -15.629905 1.998086
1769098259.097836 3.763616 -15.625206 1.999984
1769098259.142922 3.760477 -15.618348 2.003148
1769098259.192888 3.758346 -15.613728 2.004730
1769098259.247883 3.756217 -15.609135 2.005996
1769098259.297883 3.753059 -15.602342 2.005996
1769098259.352865 3.750946 -15.597797 2.004097
1769098259.397845 3.747684 -15.590745 2.002515
1769098259.442861 3.745555 -15.586124 2.001566
1769098259.497865 3.743388 -15.581410 2.000617
1769098259.552874 3.741194 -15.576624 1.998719
1769098259.597863 3.737970 -15.569554 1.998402
1769098259.652843 3.735870 -15.564948 1.997770
1769098259.697863 3.732642 -15.557852 1.999035
1769098259.747844 3.730487 -15.553132 1.999352
1769098259.802866 3.728447 -15.548666 1.999352
1769098259.842883 3.725260 -15.541690 1.998402
1769098259.897920 3.723150 -15.537061 1.999352
1769098259.957915 3.721047 -15.532456 1.998719
1769098260.002868 3.717885 -15.525525 1.999668
1769098260.042881 3.715791 -15.520944 1.999984
1769098260.102862 3.713684 -15.516341 2.001250
1769098260.147875 3.710473 -15.509349 2.002515
1769098260.192945 3.708334 -15.504705 2.004414
1769098260.257861 3.706207 -15.500111 2.005679
1769098260.302939 3.702923 -15.493041 2.006312
1769098260.347860 3.700723 -15.488314 2.005679
1769098260.407888 3.698548 -15.483631 2.003781
1769098260.447906 3.695362 -15.476739 2.001250
1769098260.500692 3.693186 -15.472000 2.000617
1769098260.552861 3.691034 -15.467307 1.998086
1769098260.597883 3.687888 -15.460396 1.997453
1769098260.642871 3.685793 -15.455788 1.996821
1769098260.707905 3.683649 -15.451063 1.997770
1769098260.742924 3.680483 -15.444105 1.999668
1769098260.792887 3.678368 -15.439478 2.001250
1769098260.857876 3.676255 -15.434878 2.003148
1769098260.902869 3.673042 -15.427915 2.004730
1769098260.947883 3.670903 -15.423299 2.003781
1769098261.002873 3.668821 -15.418796 2.003781
1769098261.042893 3.665699 -15.412041 2.003148
1769098261.092884 3.663557 -15.407399 2.003148
1769098261.152872 3.661457 -15.402848 2.001883
1769098261.192867 3.658231 -15.395835 2.000934
1769098261.242874 3.656141 -15.391280 2.000934
1769098261.302879 3.653999 -15.386610 2.001250
1769098261.347892 3.650704 -15.379433 2.001250
1769098261.402905 3.648655 -15.374971 2.000617
1769098261.442905 3.645490 -15.368068 1.999352
1769098261.497963 3.643313 -15.363303 1.997770
1769098261.552907 3.641301 -15.358880 1.997137
1769098261.597887 3.638119 -15.351874 1.996504
1769098261.642901 3.636154 -15.347540 1.997770
1769098261.702904 3.634036 -15.342886 1.998402
1769098261.747892 3.630888 -15.335977 2.000301
1769098261.807907 3.628885 -15.331605 2.001566
1769098261.847940 3.625841 -15.324981 2.004730
1769098261.897930 3.623681 -15.320319 2.005679
1769098261.957912 3.621548 -15.315728 2.006312
1769098262.002930 3.618270 -15.308683 2.005363
1769098262.042943 3.616128 -15.304069 2.004414
1769098262.102902 3.613937 -15.299337 2.002515
1769098262.147918 3.610675 -15.292257 2.000617
1769098262.192900 3.608513 -15.287540 1.999668
1769098262.252888 3.606440 -15.283005 1.998719
1769098262.297975 3.603194 -15.275890 1.998402
1769098262.347962 3.601011 -15.271099 1.999035
1769098262.407896 3.598930 -15.266540 1.999668
1769098262.442904 3.595741 -15.259565 2.000617
1769098262.497889 3.593589 -15.254872 2.001250
1769098262.552899 3.591445 -15.250202 2.002199
1769098262.597892 3.588429 -15.243650 2.001883
1769098262.642912 3.586271 -15.238959 2.001883
1769098262.702909 3.584156 -15.234360 2.001250
1769098262.747898 3.580977 -15.227436 2.002199
1769098262.797961 3.578934 -15.222999 2.001250
1769098262.847892 3.576801 -15.218352 2.002515
1769098262.897899 3.573645 -15.211502 2.002515
1769098262.947892 3.571505 -15.206858 2.004414
1769098263.002903 3.569293 -15.202081 2.003148
1769098263.042922 3.566037 -15.195026 2.002199
1769098263.102905 3.563942 -15.190473 1.999668
1769098263.142920 3.560679 -15.183337 1.997137
1769098263.192921 3.558628 -15.178821 1.996504
1769098263.247950 3.556506 -15.174141 1.996188
1769098263.297924 3.553414 -15.167317 1.996188
1769098263.347934 3.551346 -15.162752 1.996188
1769098263.397905 3.549330 -15.158302 1.998402
1769098263.442928 3.546297 -15.151646 2.000617
1769098263.507916 3.544187 -15.147045 2.002515
1769098263.547933 3.541031 -15.140194 2.005047
1769098263.597944 3.538976 -15.135762 2.005996
1769098263.647949 3.536927 -15.131356 2.004730
1769098263.697930 3.533830 -15.124673 2.003781
1769098263.757939 3.531611 -15.119871 2.002199
1769098263.797955 3.528541 -15.113204 2.001566
1769098263.847971 3.526333 -15.108397 2.000617
1769098263.902940 3.524307 -15.103979 1.999984
1769098263.947987 3.521116 -15.097006 2.000934
1769098263.997949 3.518952 -15.092290 2.000617
1769098264.048007 3.516885 -15.087780 2.001250
1769098264.092983 3.513632 -15.080696 2.000617
1769098264.157970 3.511575 -15.076209 2.000934
1769098264.192971 3.508494 -15.069491 1.999035
1769098264.242991 3.506507 -15.065140 1.999352
1769098264.303003 3.504361 -15.060443 1.999984
1769098264.347945 3.501223 -15.053585 2.000617
1769098264.393009 3.499050 -15.048845 2.001883
1769098264.447948 3.497093 -15.044591 2.002199
1769098264.497944 3.493844 -15.037532 2.003781
1769098264.547933 3.491741 -15.032983 2.004414
1769098264.602951 3.489678 -15.028528 2.005047
1769098264.642942 3.486420 -15.021501 2.004414
1769098264.697967 3.484250 -15.016816 2.003781
1769098264.752971 3.482063 -15.012083 2.001883
1769098264.798030 3.478784 -15.004954 1.998719
1769098264.842954 3.476589 -15.000142 1.997137
1769098264.902970 3.474548 -14.995648 1.996821
1769098264.947961 3.471295 -14.988480 1.995871
1769098264.997955 3.469176 -14.983799 1.996821
1769098265.047964 3.467042 -14.979097 1.997453
1769098265.092961 3.463910 -14.972208 2.000301
1769098265.157953 3.461771 -14.967536 2.001250
1769098265.202930 3.458729 -14.960912 2.002515
1769098265.242954 3.456600 -14.956291 2.002199
1769098265.307956 3.454610 -14.951969 2.003465
1769098265.347956 3.451416 -14.945052 2.002515
1769098265.397957 3.449361 -14.940592 2.002515
1769098265.452933 3.447264 -14.936041 2.002515
1769098265.497966 3.443971 -14.928891 2.002199
1769098265.547968 3.441822 -14.924224 2.002515
1769098265.602959 3.439577 -14.919350 2.003781
1769098265.647978 3.436359 -14.912389 2.003465
1769098265.698011 3.434141 -14.907587 2.003148
1769098265.757944 3.431946 -14.902829 2.002199
1769098265.797945 3.428654 -14.895679 2.000617
1769098265.842964 3.426534 -14.891054 1.998402
1769098265.902956 3.424404 -14.886379 1.998086
1769098265.947960 3.421341 -14.879653 1.998086
1769098265.997983 3.419233 -14.875023 1.997770
1769098266.052995 3.417105 -14.870346 1.999352
1769098266.092949 3.414086 -14.863738 2.001566
1769098266.142957 3.412036 -14.859277 2.003465
1769098266.197979 3.409924 -14.854704 2.005047
1769098266.242968 3.406708 -14.847770 2.005679
1769098266.297964 3.404628 -14.843294 2.005363
1769098266.352982 3.402476 -14.838656 2.003465
1769098266.397967 3.399239 -14.831648 2.002515
1769098266.452973 3.397184 -14.827188 2.000617
1769098266.497989 3.393925 -14.820078 1.999035
1769098266.547983 3.391834 -14.815496 1.997453
1769098266.607989 3.389634 -14.810658 1.996821
1769098266.642982 3.386412 -14.803559 1.997453
1769098266.697975 3.384265 -14.798835 1.998402
1769098266.752962 3.382135 -14.794160 1.998719
1769098266.797963 3.378931 -14.787136 1.999035
1769098266.847974 3.376850 -14.782577 2.000301
1769098266.902998 3.374847 -14.778205 2.000301
1769098266.947972 3.371685 -14.771301 2.000301
1769098266.997957 3.369577 -14.766699 2.000301
1769098267.047969 3.367501 -14.762166 2.001250
1769098267.092989 3.364385 -14.755380 2.001566
1769098267.147988 3.362250 -14.750734 2.002832
1769098267.202961 3.360109 -14.746091 2.003465
1769098267.248007 3.356862 -14.739060 2.005363
1769098267.307966 3.354795 -14.734606 2.005363
1769098267.347992 3.351598 -14.727719 2.004097
1769098267.397966 3.349419 -14.723010 2.003148
1769098267.452983 3.347235 -14.718275 2.001250
1769098267.497970 3.344087 -14.711421 1.999352
1769098267.547967 3.341920 -14.706678 1.998086
1769098267.603054 3.339812 -14.702048 1.997137
1769098267.647968 3.336620 -14.695020 1.997453
1769098267.698001 3.334493 -14.690342 1.998402
1769098267.758005 3.332363 -14.685667 1.999984
1769098267.797978 3.329213 -14.678785 2.003465
1769098267.847988 3.327091 -14.674189 2.004730
1769098267.907995 3.324920 -14.669505 2.004730
1769098267.947985 3.321738 -14.662638 2.004414
1769098267.997998 3.319590 -14.657999 2.003781
1769098268.048032 3.317466 -14.653404 2.003781
1769098268.097990 3.315268 -14.648648 2.001566
1769098268.142993 3.312076 -14.641702 2.001566
1769098268.193061 3.309846 -14.636850 1.999984
1769098268.252976 3.307729 -14.632224 1.999668
1769098268.297979 3.304424 -14.624996 2.000301
1769098268.347977 3.302284 -14.620324 2.000617
1769098268.403011 3.300101 -14.615562 2.000301
1769098268.448047 3.296876 -14.608520 1.999668
1769098268.498018 3.294708 -14.603778 1.998402
1769098268.552998 3.292619 -14.599195 1.997453
1769098268.597986 3.289477 -14.592282 1.998086
1769098268.642996 3.287379 -14.587675 1.998719
1769098268.702983 3.285289 -14.583093 1.999035
1769098268.748009 3.282146 -14.576208 2.001250
1769098268.797999 3.280023 -14.571585 2.003465
1769098268.853070 3.277858 -14.566897 2.004730
1769098268.898006 3.274687 -14.560054 2.006628
1769098268.948020 3.272486 -14.555327 2.006628
1769098269.003012 3.270316 -14.550669 2.005679
1769098269.048030 3.267032 -14.543599 2.004414
1769098269.093020 3.264873 -14.538937 2.001566
1769098269.153064 3.262685 -14.534176 2.000617
1769098269.193017 3.259437 -14.527090 1.998086
1769098269.248021 3.257276 -14.522344 1.998086
1769098269.303017 3.255095 -14.517553 1.998086
1769098269.347992 3.251927 -14.510596 1.999352
1769098269.398004 3.249802 -14.505946 2.001250
1769098269.452992 3.247690 -14.501346 2.001883
1769098269.498013 3.244591 -14.494608 2.002832
1769098269.548009 3.242503 -14.490080 2.003148
1769098269.602997 3.240350 -14.485415 2.003465
1769098269.643014 3.237283 -14.478774 2.003148
1769098269.693029 3.235152 -14.474155 2.002199
1769098269.748014 3.233014 -14.469510 2.002199
1769098269.798028 3.229892 -14.462728 2.001883
1769098269.848043 3.227702 -14.457968 2.002199
1769098269.898051 3.225564 -14.453324 2.002832
1769098269.948043 3.222290 -14.446221 2.001883
1769098269.998055 3.220122 -14.441507 2.002832
1769098270.053025 3.217907 -14.436703 2.001250
1769098270.093019 3.214632 -14.429573 1.999352
1769098270.158048 3.212592 -14.425107 1.998086
1769098270.193043 3.209403 -14.418104 1.996821
1769098270.243051 3.207353 -14.413586 1.996821
1769098270.303034 3.205397 -14.409276 1.995871
1769098270.348029 3.202276 -14.402382 1.997453
1769098270.393020 3.200255 -14.397935 1.999035
1769098270.448047 3.198142 -14.393307 2.001883
1769098270.498031 3.194990 -14.386454 2.005047
1769098270.558034 3.192978 -14.382115 2.005996
1769098270.598029 3.189734 -14.375137 2.005996
1769098270.643043 3.187706 -14.370777 2.005996
1769098270.713039 3.185508 -14.366049 2.004097
1769098270.743072 3.182288 -14.359088 2.002515
1769098270.798034 3.180064 -14.354261 2.002515
1769098270.853055 3.178031 -14.349847 2.000617
1769098270.898059 3.174740 -14.342668 1.999352
1769098270.948056 3.172710 -14.338225 1.999668
1769098271.003048 3.170521 -14.333437 1.999668
1769098271.043050 3.167300 -14.326394 2.000301
1769098271.093050 3.165160 -14.321722 2.001250
1769098271.148059 3.163016 -14.317053 2.000301
1769098271.193064 3.159960 -14.310379 2.000934
1769098271.258050 3.157817 -14.305709 2.000617
1769098271.293171 3.154769 -14.299060 2.000934
1769098271.348058 3.152753 -14.294666 2.002515
1769098271.403033 3.150646 -14.290091 2.002199
1769098271.443063 3.147407 -14.283056 2.003465
1769098271.498057 3.145412 -14.278736 2.004097
1769098271.553055 3.143233 -14.274027 2.003781
1769098271.598059 3.139994 -14.267019 2.004730
1769098271.643062 3.137898 -14.262495 2.004414
1769098271.703064 3.135707 -14.257764 2.002515
1769098271.748043 3.132445 -14.250683 1.999984
1769098271.793045 3.130244 -14.245873 1.997770
1769098271.853103 3.128074 -14.241104 1.996821
1769098271.898081 3.124863 -14.234029 1.995239
1769098271.948111 3.122757 -14.229369 1.995239
1769098272.003069 3.120621 -14.224641 1.996188
1769098272.043125 3.117477 -14.217702 1.999035
1769098272.093054 3.115385 -14.213120 2.000617
1769098272.153053 3.113286 -14.208541 2.001566
1769098272.193108 3.110115 -14.201641 2.004097
1769098272.248055 3.108118 -14.197323 2.004730
1769098272.303057 3.105979 -14.192707 2.003781
1769098272.348099 3.102750 -14.185722 2.003148
1769098272.393061 3.100735 -14.181356 2.003148
1769098272.448032 3.098550 -14.176622 2.002515
1769098272.498060 3.095426 -14.169840 2.001566
1769098272.558062 3.093217 -14.165033 2.002515
1769098272.598070 3.090093 -14.158252 2.002199
1769098272.653060 3.087987 -14.153677 2.002515
1769098272.703066 3.084873 -14.146918 2.001883
1769098272.748067 3.082652 -14.142089 2.001883
1769098272.803047 3.080632 -14.137697 1.999668
1769098272.848052 3.077422 -14.130676 1.998719
1769098272.898077 3.075342 -14.126117 1.998086
1769098272.958085 3.073223 -14.121464 1.998086
1769098272.998064 3.070066 -14.114530 1.999668
1769098273.048077 3.067961 -14.109926 2.000934
1769098273.103077 3.065924 -14.105486 2.002515
1769098273.148082 3.062757 -14.098613 2.004730
1769098273.193069 3.060597 -14.093951 2.005679
1769098273.253070 3.058432 -14.089291 2.005996
1769098273.293067 3.055263 -14.082475 2.005047
1769098273.348128 3.053112 -14.077836 2.003781
1769098273.403074 3.051062 -14.073402 2.001566
1769098273.443074 3.047786 -14.066273 1.999035
1769098273.498075 3.045621 -14.061530 1.998402
1769098273.553089 3.043417 -14.056693 1.996504
1769098273.598081 3.040166 -14.049524 1.995555
1769098273.643071 3.038028 -14.044796 1.996504
1769098273.698102 3.035927 -14.040163 1.998086
1769098273.748091 3.032759 -14.033206 1.999352
1769098273.798127 3.030656 -14.028602 2.001250
1769098273.853098 3.028522 -14.023956 2.001250
1769098273.893119 3.025385 -14.017124 2.001566
1769098273.948137 3.023282 -14.012547 2.001250
1769098274.003111 3.021170 -14.007947 2.001883
1769098274.048062 3.017965 -14.000979 2.002199
1769098274.093103 3.015848 -13.996381 2.002199
1769098274.153083 3.013679 -13.991668 2.001883
1769098274.193074 3.010453 -13.984654 2.003465
1769098274.248098 3.008267 -13.979921 2.004097
1769098274.303117 3.006088 -13.975212 2.003781
1769098274.348090 3.002807 -13.968112 2.003465
1769098274.398082 3.000620 -13.963379 2.001566
1769098274.453096 2.998464 -13.958687 2.000301
1769098274.493094 2.995302 -13.951784 1.998402
1769098274.548097 2.993203 -13.947177 1.997137
1769098274.603082 2.991078 -13.942499 1.997453
1769098274.643097 2.987926 -13.935564 1.997770
1769098274.693094 2.985766 -13.930818 1.999668
1769098274.753088 2.983693 -13.926283 2.001250
1769098274.798092 2.980493 -13.919313 2.004730
1769098274.848086 2.978492 -13.914996 2.004730
1769098274.903080 2.976342 -13.910357 2.005363
1769098274.948102 2.973103 -13.903378 2.004097
1769098274.998105 2.971009 -13.898853 2.003781
1769098275.053108 2.968790 -13.894051 2.002832
1769098275.093099 2.965674 -13.887293 2.001566
1769098275.143107 2.963476 -13.882509 1.999668
1769098275.198092 2.961349 -13.877860 1.998402
1769098275.243114 2.958022 -13.870559 1.998086
1769098275.293112 2.955893 -13.865883 1.999668
1769098275.353099 2.953725 -13.861141 1.999035
1769098275.398095 2.950498 -13.854072 1.999352
1769098275.448179 2.948352 -13.849376 1.999352
1769098275.498130 2.946354 -13.845002 1.998719
1769098275.548105 2.943203 -13.838093 1.998719
1769098275.598114 2.941113 -13.833510 1.999035
1769098275.648111 2.938989 -13.828859 1.999668
1769098275.693133 2.935853 -13.822000 2.000301
1769098275.748111 2.933755 -13.817420 2.001250
1769098275.803140 2.931580 -13.812682 2.003148
1769098275.848145 2.928409 -13.805811 2.005363
1769098275.893151 2.926203 -13.801058 2.005679
1769098275.953118 2.924070 -13.796467 2.005679
1769098275.998125 2.920743 -13.789305 2.004414
1769098276.048129 2.918616 -13.784712 2.003148
1769098276.098156 2.916410 -13.779932 2.001250
1769098276.148126 2.913263 -13.773077 1.998719
1769098276.203125 2.911089 -13.768310 1.997770
1769098276.248109 2.908007 -13.761537 1.996504
1769098276.293116 2.905854 -13.756788 1.998402
1769098276.353132 2.903713 -13.752090 1.998402
1769098276.393194 2.900690 -13.745457 2.000934
1769098276.443125 2.898558 -13.740810 2.002832
1769098276.503118 2.896438 -13.736213 2.004097
1769098276.548110 2.893229 -13.729275 2.004097
1769098276.598125 2.891242 -13.724979 2.004414
1769098276.653113 2.889104 -13.720363 2.002832
1769098276.693121 2.886009 -13.713651 2.002832
1769098276.753111 2.883858 -13.708985 2.001883
1769098276.798128 2.880727 -13.702179 2.001250
1769098276.848195 2.878552 -13.697440 2.000617
1769098276.893134 2.876368 -13.692678 2.000934
1769098276.958131 2.874205 -13.687962 2.001883
1769098276.998130 2.870937 -13.680856 2.000934
1769098277.058179 2.868720 -13.676025 2.000301
1769098277.098123 2.865590 -13.669191 1.998719
1769098277.143148 2.863479 -13.664562 1.997137
1769098277.203139 2.861312 -13.659791 1.997453
1769098277.253128 2.858295 -13.653155 1.997453
1769098277.293120 2.856201 -13.648547 1.997453
1769098277.358145 2.854221 -13.644192 1.997770
1769098277.393132 2.851055 -13.637235 2.000301
1769098277.453113 2.849053 -13.632862 2.002832
1769098277.498149 2.846944 -13.628288 2.005047
1769098277.548145 2.843728 -13.621354 2.005679
1769098277.608136 2.841574 -13.616717 2.006312
1769098277.648201 2.838402 -13.609902 2.004097
1769098277.693146 2.836256 -13.605261 2.002832
1769098277.758126 2.834136 -13.600664 2.002199
1769098277.793155 2.830919 -13.593675 1.999668
1769098277.848171 2.828835 -13.589117 1.998402
1769098277.903133 2.826694 -13.584419 1.997770
1769098277.948180 2.823413 -13.577208 1.998086
1769098277.998227 2.821305 -13.572578 1.999035
1769098278.058199 2.819171 -13.567904 2.000617
1769098278.093197 2.815954 -13.560886 2.000934
1769098278.143147 2.813843 -13.556285 2.001566
1769098278.203147 2.811708 -13.551639 2.001566
1769098278.253133 2.808559 -13.544786 2.001566
1769098278.293160 2.806434 -13.540163 2.001883
1769098278.358151 2.804330 -13.535587 2.002832
1769098278.398141 2.801118 -13.528623 2.002515
1769098278.448151 2.798990 -13.524002 2.002199
1769098278.503131 2.796799 -13.519243 2.001883
1769098278.553151 2.793584 -13.512252 2.003781
1769098278.598146 2.791385 -13.507496 2.002832
1769098278.658149 2.789234 -13.502830 2.002515
1769098278.698148 2.785951 -13.495704 2.000617
1769098278.753137 2.783757 -13.490918 1.999352
1769098278.798141 2.781601 -13.486199 1.997770
1769098278.848155 2.779431 -13.481430 1.996188
1769098278.893152 2.776381 -13.474698 1.996188
1769098278.958158 2.774250 -13.469995 1.996188
1769098278.998168 2.771106 -13.463055 1.998402
1769098279.048171 2.768986 -13.458403 1.999668
1769098279.103157 2.766912 -13.453868 2.001883
1769098279.148170 2.763866 -13.447245 2.004414
1769098279.193163 2.761708 -13.442583 2.005363
1769098279.253234 2.759576 -13.437991 2.005363
1769098279.293158 2.756465 -13.431288 2.004730
1769098279.348244 2.754294 -13.426603 2.003465
1769098279.398140 2.752140 -13.421938 2.001883
1769098279.443178 2.749009 -13.415132 2.001883
1769098279.493162 2.746809 -13.410349 2.001250
1769098279.553209 2.744644 -13.405633 2.000934
1769098279.598160 2.741372 -13.398502 2.000934
1769098279.643172 2.739219 -13.393809 2.001566
1769098279.698248 2.737031 -13.389048 2.001883
1769098279.748214 2.733805 -13.382034 2.000934
1769098279.798180 2.731673 -13.377387 2.000301
1769098279.853149 2.729565 -13.372785 1.999668
1769098279.893173 2.726397 -13.365856 1.999352
1769098279.948164 2.724283 -13.361229 2.000301
1769098280.003196 2.722196 -13.356673 2.000934
1769098280.048178 2.719009 -13.349725 2.001566
1769098280.093175 2.716916 -13.345172 2.002832
1769098280.153170 2.714733 -13.340437 2.004730
1769098280.193185 2.711530 -13.333524 2.005679
1769098280.243186 2.709333 -13.328796 2.005679
1769098280.298180 2.707158 -13.324113 2.004414
1769098280.348191 2.703978 -13.317245 2.002199
1769098280.398176 2.701830 -13.312578 2.000617
1769098280.453179 2.699646 -13.307815 1.999035
1769098280.493180 2.696357 -13.300608 1.997453
1769098280.548181 2.694209 -13.295885 1.995871
1769098280.603177 2.692070 -13.291158 1.995555
1769098280.643185 2.689003 -13.284378 1.996821
1769098280.703166 2.687005 -13.279976 1.998402
1769098280.748182 2.683982 -13.273342 2.000934
1769098280.798204 2.681861 -13.268718 2.001883
1769098280.858192 2.679756 -13.264142 2.002832
1769098280.893245 2.676608 -13.257316 2.003148
1769098280.948254 2.674466 -13.252673 2.002515
1769098281.003241 2.672327 -13.248030 2.001883
1769098281.048200 2.669154 -13.241131 2.002515
1769098281.093201 2.666951 -13.236350 2.001883
1769098281.153237 2.664910 -13.231912 2.001566
1769098281.193196 2.661665 -13.224851 2.002515
1769098281.248198 2.659483 -13.220116 2.002515
1769098281.303169 2.657302 -13.215380 2.003148
1769098281.348194 2.654014 -13.208256 2.001250
1769098281.398214 2.651860 -13.203563 2.000617
1769098281.453195 2.649792 -13.199054 1.999984
1769098281.493197 2.646601 -13.192080 1.998402
1769098281.548197 2.644470 -13.187405 1.997453
1769098281.603174 2.642375 -13.182796 1.997453
1769098281.643243 2.639191 -13.175792 1.999352
1769098281.708236 2.637098 -13.171210 2.000934
1769098281.748233 2.634090 -13.164654 2.003148
1769098281.798250 2.632033 -13.160195 2.004414
1769098281.858217 2.629884 -13.155556 2.005047
1769098281.898237 2.626626 -13.148530 2.005047
1769098281.948240 2.624464 -13.143868 2.004097
1769098282.008263 2.622317 -13.139228 2.002832
1769098282.048205 2.619170 -13.132402 2.001250
1769098282.098270 2.617005 -13.127686 1.999668
1769098282.158197 2.614836 -13.122944 1.998402
1769098282.198258 2.611551 -13.115735 1.996821
1769098282.243215 2.609407 -13.111011 1.997137
1769098282.308200 2.607230 -13.106217 1.997770
1769098282.348217 2.604075 -13.099283 1.999352
1769098282.393205 2.601897 -13.094517 1.999668
1769098282.458214 2.599803 -13.089936 1.999352
1769098282.498212 2.596658 -13.083053 2.000301
1769098282.548228 2.594540 -13.078428 1.999984
1769098282.608210 2.592559 -13.074101 2.000617
1769098282.648223 2.589406 -13.067221 2.001566
1769098282.693268 2.587281 -13.062599 2.001250
1769098282.753265 2.585232 -13.058136 2.002515
1769098282.798265 2.582034 -13.051194 2.003148
1769098282.848211 2.579839 -13.046437 2.004097
1769098282.898238 2.577830 -13.042095 2.005679
1769098282.948216 2.574493 -13.034910 2.005363
1769098282.998230 2.572329 -13.030250 2.003781
1769098283.053215 2.570142 -13.025517 2.001883
1769098283.093218 2.566905 -13.018480 1.999352
1769098283.148229 2.564823 -13.013922 1.998086
1769098283.203199 2.562651 -13.009154 1.997137
1769098283.248307 2.559501 -13.002217 1.996821
1769098283.303218 2.557388 -12.997561 1.996821
1769098283.348241 2.554334 -12.990831 1.999984
1769098283.398280 2.552217 -12.986205 2.001566
1769098283.448232 2.550135 -12.981675 2.003148
1769098283.498236 2.547961 -12.976963 2.004730
1769098283.548229 2.544789 -12.970120 2.005363
1769098283.603248 2.542754 -12.965735 2.004414
1769098283.643230 2.539670 -12.959074 2.003148
1769098283.698234 2.537507 -12.954386 2.001883
1769098283.753227 2.535455 -12.949925 2.001883
1769098283.798233 2.532197 -12.942842 1.999984
1769098283.848231 2.530006 -12.938055 1.998719
1769098283.903209 2.527864 -12.933357 1.999984
1769098283.948256 2.524567 -12.926154 2.000301
1769098283.998262 2.522417 -12.921459 1.999668
1769098284.053245 2.520238 -12.916694 1.999352
1769098284.093219 2.517030 -12.909673 1.998402
1769098284.143244 2.514910 -12.905020 1.998402
1769098284.198224 2.512916 -12.900644 1.997770
1769098284.248251 2.509761 -12.893710 1.998086
1769098284.298235 2.507673 -12.889126 1.998402
1769098284.353248 2.505585 -12.884542 1.999352
1769098284.398239 2.502419 -12.877613 2.001566
1769098284.448245 2.500294 -12.872990 2.003148
1769098284.503278 2.498290 -12.868647 2.005363
1769098284.548265 2.495050 -12.861667 2.005996
1769098284.598255 2.492874 -12.856985 2.005363
1769098284.648252 2.490700 -12.852302 2.004730
1769098284.698231 2.487433 -12.845252 2.001883
1769098284.748243 2.485222 -12.840446 2.000934
1769098284.803261 2.483048 -12.835707 1.999035
1769098284.848257 2.479832 -12.828661 1.997770
1769098284.898248 2.477662 -12.823892 1.996821
1769098284.953261 2.475518 -12.819167 1.997770
1769098284.998267 2.472342 -12.812186 1.999352
1769098285.048295 2.470228 -12.807559 2.000934
1769098285.098261 2.468127 -12.802981 2.001883
1769098285.148277 2.465029 -12.796243 2.002832
1769098285.193254 2.462909 -12.791646 2.002832
1769098285.253258 2.460789 -12.787049 2.002832
1769098285.298329 2.457642 -12.780223 2.002515
1769098285.348256 2.455449 -12.775464 2.002832
1769098285.398258 2.453340 -12.770890 2.001883
1769098285.448270 2.450083 -12.763808 2.001250
1769098285.508245 2.447928 -12.759115 2.001883
1769098285.553267 2.444755 -12.752217 2.002515
1769098285.598259 2.442616 -12.747573 2.001883
1769098285.643255 2.440437 -12.742836 2.001250
1769098285.703255 2.438230 -12.738029 2.000934
1769098285.748263 2.434979 -12.730943 1.997770
1769098285.803238 2.432789 -12.726128 1.996821
1769098285.848272 2.429724 -12.719375 1.995871
1769098285.898280 2.427647 -12.714787 1.995555
1769098285.958335 2.425550 -12.710151 1.997137
1769098285.998260 2.422379 -12.703169 1.998719
1769098286.048309 2.420299 -12.698609 2.000617
1769098286.103270 2.418200 -12.694030 2.002832
1769098286.153249 2.415031 -12.687158 2.005679
1769098286.198280 2.412856 -12.682475 2.005679
1769098286.243252 2.410745 -12.677930 2.005679
1769098286.303280 2.408580 -12.673270 2.004730
1769098286.348279 2.405313 -12.666220 2.002515
1769098286.398248 2.403142 -12.661507 2.001566
1769098286.448290 2.400965 -12.656770 2.000934
1769098286.498264 2.397840 -12.649960 1.999668
1769098286.558269 2.395630 -12.645126 1.999668
1769098286.598249 2.392378 -12.638014 1.999984
1769098286.643280 2.390219 -12.633295 2.000934
1769098286.708276 2.388118 -12.628717 2.000617
1769098286.748270 2.384891 -12.621677 2.000617
1769098286.798268 2.382792 -12.617098 2.000934
1769098286.848253 2.380649 -12.612428 2.000617
1769098286.898289 2.378561 -12.607872 2.000617
1769098286.948254 2.375407 -12.600993 2.000934
1769098287.008260 2.373402 -12.596622 2.001566
1769098287.053277 2.370231 -12.589722 2.002199
1769098287.093262 2.368072 -12.585032 2.002832
1769098287.148275 2.366059 -12.580665 2.004097
1769098287.193281 2.362807 -12.573636 2.004730
1769098287.243277 2.360647 -12.568974 2.005047
1769098287.303255 2.358549 -12.564450 2.003465
1769098287.348286 2.355280 -12.557373 2.001566
1769098287.398340 2.353103 -12.552635 1.999035
1769098287.453280 2.350938 -12.547892 1.997770
1769098287.498287 2.347804 -12.541004 1.996188
1769098287.548332 2.345673 -12.536301 1.995555
1769098287.603274 2.343534 -12.531573 1.995871
1769098287.643289 2.340403 -12.524655 1.997137
1769098287.703295 2.338310 -12.520046 1.999668
1769098287.748285 2.335257 -12.513371 2.001566
1769098287.798332 2.333144 -12.508771 2.002832
1769098287.853305 2.331024 -12.504174 2.004097
1769098287.898325 2.327953 -12.497536 2.004414
1769098287.948299 2.325900 -12.493103 2.003465
1769098288.003339 2.323767 -12.488484 2.003148
1769098288.048317 2.320617 -12.481659 2.002199
1769098288.093316 2.318501 -12.477060 2.001566
1769098288.153311 2.316313 -12.472300 2.001883
1769098288.193291 2.313077 -12.465263 2.001250
1769098288.248303 2.310880 -12.460479 2.002515
1769098288.303310 2.308709 -12.455766 2.001566
1769098288.348292 2.305432 -12.448637 2.000934
1769098288.393303 2.303269 -12.443921 2.000617
1769098288.448301 2.301149 -12.439296 1.999668
1769098288.498293 2.298075 -12.432574 1.997770
1769098288.543278 2.295968 -12.427944 1.998719
1769098288.603296 2.293836 -12.423269 1.999035
1769098288.643317 2.290704 -12.416408 2.000301
1769098288.698296 2.288554 -12.411713 2.001566
1769098288.748308 2.286461 -12.407159 2.002199
1769098288.798318 2.283360 -12.400423 2.005047
1769098288.858327 2.281198 -12.395762 2.004730
1769098288.898317 2.277963 -12.388780 2.004730
1769098288.948306 2.275792 -12.384096 2.003465
1769098289.008326 2.273649 -12.379454 2.002832
1769098289.048332 2.270374 -12.372352 1.999352
1769098289.093319 2.268197 -12.367586 1.999035
1769098289.158324 2.266105 -12.363004 1.997453
1769098289.193302 2.262879 -12.355907 1.996821
1769098289.248304 2.260808 -12.351344 1.996821
1769098289.303315 2.258695 -12.346688 1.997453
1769098289.343315 2.255521 -12.339706 1.999035
1769098289.398313 2.253524 -12.335331 2.000301
1769098289.453321 2.251385 -12.330660 2.000617
1769098289.498315 2.248337 -12.324011 2.000934
1769098289.558330 2.246363 -12.319709 2.001250
1769098289.598334 2.243184 -12.312785 2.001566
1769098289.643335 2.241165 -12.308392 2.001883
1769098289.698331 2.239134 -12.303977 2.001883
1769098289.743333 2.236036 -12.297240 2.002199
1769098289.798351 2.233824 -12.292435 2.003148
1769098289.848331 2.231681 -12.287792 2.003781
1769098289.898461 2.228506 -12.280923 2.004730
1769098289.953872 2.226441 -12.276468 2.004097
1769098289.998363 2.223126 -12.269300 2.002832
1769098290.048338 2.221080 -12.264864 2.000617
1769098290.098389 2.218908 -12.260125 1.998719
1769098290.143373 2.215694 -12.253078 1.996821
1769098290.208347 2.213685 -12.248653 1.997453
1769098290.248338 2.210606 -12.241878 1.997453
1769098290.298331 2.208490 -12.237224 1.998086
1769098290.358333 2.206350 -12.232525 2.000617
1769098290.398334 2.203239 -12.225737 2.003465
1769098290.448343 2.201180 -12.221280 2.004730
1769098290.503323 2.199179 -12.216962 2.005996
1769098290.543337 2.195925 -12.209962 2.005679
1769098290.598336 2.193899 -12.205601 2.005047
1769098290.648341 2.191716 -12.200893 2.002832
1769098290.698313 2.188494 -12.193906 2.001566
1769098290.743339 2.186327 -12.189191 2.000617
1769098290.803352 2.184123 -12.184383 1.999035
1769098290.848340 2.180875 -12.177268 1.998719
1769098290.898363 2.178701 -12.172501 1.998402
1769098290.948339 2.176518 -12.167710 1.999668
1769098290.998329 2.173402 -12.160897 2.000301
1769098291.048347 2.171231 -12.156156 1.999035
1769098291.098351 2.169108 -12.151505 1.999668
1769098291.143339 2.165961 -12.144623 1.999984
1769098291.193329 2.163823 -12.139951 1.999668
1769098291.253373 2.161707 -12.135324 1.999352
1769098291.293356 2.158583 -12.128487 2.000301
1769098291.343355 2.156475 -12.123884 2.001566
1769098291.403346 2.154319 -12.119193 2.002199
1769098291.448355 2.151123 -12.112249 2.004730
1769098291.493321 2.148952 -12.107564 2.005996
1769098291.553342 2.146786 -12.102905 2.005679
1769098291.593351 2.143480 -12.095789 2.005679
1769098291.643336 2.141294 -12.091083 2.003465
1769098291.703337 2.139129 -12.086396 2.002199
1769098291.748348 2.135848 -12.079268 2.000301
1769098291.798336 2.133688 -12.074551 1.998719
1769098291.843358 2.131492 -12.069738 1.997770
1769098291.903343 2.129386 -12.065107 1.996821
1769098291.943360 2.126164 -12.058008 1.998719
1769098291.998366 2.124053 -12.053380 1.999668
1769098292.053396 2.121937 -12.048753 2.001250
1769098292.093374 2.118769 -12.041853 2.003781
1769098292.143369 2.116623 -12.037212 2.003781
1769098292.198379 2.114489 -12.032594 2.004097
1769098292.243356 2.111301 -12.025702 2.003465
1769098292.298368 2.109167 -12.021083 2.003148
1769098292.348360 2.107025 -12.016441 2.002515
1769098292.398361 2.103784 -12.009407 2.001883
1769098292.448369 2.101627 -12.004716 2.001250
1769098292.503365 2.099419 -11.999908 2.000934
1769098292.543350 2.096190 -11.992869 2.001566
1769098292.598361 2.094013 -11.988131 2.000934
1769098292.648341 2.091828 -11.983369 2.001250
1769098292.698372 2.088554 -11.976239 1.999352
1769098292.743374 2.086419 -11.971565 1.998402
1769098292.803385 2.084393 -11.967120 1.997453
1769098292.848368 2.081209 -11.960115 1.996821
1769098292.898355 2.079138 -11.955552 1.998086
1769098292.948372 2.076998 -11.950853 1.998719
1769098292.998359 2.073868 -11.943990 1.999984
1769098293.048377 2.071867 -11.939617 2.001883
1769098293.098378 2.069762 -11.935041 2.004097
1769098293.143387 2.066531 -11.928058 2.006628
1769098293.193386 2.064416 -11.923515 2.006628
1769098293.253362 2.062214 -11.918788 2.005996
1769098293.298395 2.058970 -11.911811 2.004730
1769098293.353370 2.056885 -11.907310 2.002832
1769098293.403379 2.053737 -11.900483 2.000617
1769098293.443374 2.051564 -11.895744 1.999984
1769098293.503377 2.049479 -11.891187 1.999352
1769098293.543370 2.046229 -11.884073 1.999035
1769098293.598396 2.044158 -11.879537 1.999352
1769098293.648368 2.042065 -11.874956 2.000301
1769098293.698358 2.038882 -11.868006 2.001566
1769098293.743398 2.036726 -11.863314 2.001566
1769098293.803399 2.034602 -11.858692 2.002515
1769098293.848421 2.031562 -11.852094 2.002832
1769098293.898414 2.029400 -11.847405 2.002199
1769098293.948383 2.027283 -11.842807 2.001566
1769098293.998414 2.024134 -11.835953 2.002199
1769098294.058417 2.022070 -11.831470 2.002515
1769098294.098383 2.018829 -11.824435 2.002515
1769098294.143401 2.016764 -11.819953 2.003465
1769098294.203403 2.014631 -11.815334 2.004414
1769098294.243386 2.011451 -11.808467 2.004097
1769098294.298382 2.009241 -11.803688 2.002832
1769098294.348396 2.007163 -11.799183 2.000934
1769098294.393394 2.003881 -11.792029 1.998086
1769098294.443369 2.001710 -11.787261 1.997137
1769098294.503398 1.999606 -11.782629 1.996821
1769098294.543411 1.996405 -11.775576 1.996188
1769098294.598390 1.994327 -11.770988 1.996504
1769098294.648414 1.992215 -11.766331 1.998402
1769098294.698416 1.989161 -11.759629 2.001250
1769098294.758402 1.987165 -11.755282 2.003465
1769098294.798414 1.983981 -11.748388 2.005363
1769098294.848389 1.981828 -11.743751 2.005996
1769098294.908417 1.979673 -11.739115 2.005363
1769098294.948400 1.976476 -11.732227 2.004097
1769098294.998423 1.974266 -11.727449 2.002832
1769098295.048415 1.972146 -11.722852 2.002832
1769098295.104130 1.969952 -11.718094 2.001250
1769098295.143393 1.966699 -11.711010 2.000617
1769098295.203409 1.964621 -11.706477 2.000934
1769098295.243437 1.961487 -11.699644 2.001883
1769098295.293394 1.959403 -11.695114 2.001566
1769098295.348421 1.957332 -11.690607 2.001566
1769098295.398378 1.954150 -11.683684 2.001250
1769098295.448423 1.952006 -11.679015 1.999668
1769098295.498484 1.949901 -11.674411 1.999668
1769098295.543425 1.946733 -11.667483 1.999352
1769098295.603430 1.944745 -11.663131 2.000934
1769098295.648404 1.941526 -11.656115 2.001883
1769098295.698417 1.939421 -11.651539 2.002832
1769098295.753484 1.937291 -11.646919 2.003148
1769098295.798431 1.934078 -11.639955 2.005363
1769098295.848448 1.931883 -11.635226 2.005363
1769098295.898433 1.929687 -11.630497 2.004730
1769098295.948464 1.927527 -11.625835 2.004414
1769098295.998507 1.924358 -11.618990 2.001250
1769098296.053427 1.922172 -11.614229 2.000301
1769098296.093457 1.918862 -11.607003 1.997137
1769098296.143414 1.916853 -11.602579 1.996504
1769098296.198487 1.914668 -11.597761 1.995555
1769098296.243422 1.911727 -11.591257 1.994922
1769098296.308439 1.909591 -11.586529 1.993973
1769098296.348444 1.906619 -11.579928 1.992075
1769098296.398412 1.904538 -11.575286 1.989227
1769098296.458421 1.902553 -11.570822 1.985747
1769098296.498432 1.899523 -11.563943 1.981001
1769098296.543422 1.897595 -11.559509 1.976888
1769098296.603423 1.895585 -11.554836 1.972775
1769098296.643424 1.892595 -11.547801 1.965815
1769098296.698423 1.890617 -11.543059 1.961069
1769098296.748433 1.888720 -11.538448 1.956323
1769098296.798424 1.885846 -11.531365 1.949996
1769098296.858409 1.884010 -11.526756 1.946832
1769098296.898433 1.881137 -11.519482 1.940188
1769098296.943438 1.879301 -11.514738 1.936075
1769098297.008431 1.877429 -11.509844 1.930064
1769098297.048442 1.874688 -11.502546 1.923103
1769098297.093431 1.872915 -11.497723 1.917725
1769098297.153443 1.871272 -11.493177 1.912979
1769098297.198434 1.868732 -11.486048 1.906968
1769098297.248429 1.867054 -11.481245 1.902855
1769098297.308408 1.865429 -11.476531 1.900640
1769098297.343427 1.862977 -11.469372 1.897160
1769098297.393436 1.861346 -11.464553 1.893680
1769098297.458442 1.859684 -11.459584 1.889567
1769098297.498445 1.857264 -11.452253 1.883555
1769098297.548435 1.855652 -11.447268 1.879442
1769098297.608477 1.854076 -11.442325 1.874064
1769098297.648451 1.851756 -11.434909 1.864889
1769098297.698437 1.850244 -11.429919 1.859194
1769098297.753438 1.848754 -11.424896 1.852550
1769098297.798489 1.846678 -11.417723 1.845273
1769098297.848429 1.845306 -11.412851 1.840843
1769098297.903430 1.843956 -11.407972 1.837680
1769098297.948510 1.841893 -11.400428 1.831668
1769098297.998445 1.840646 -11.395757 1.829454
1769098298.053521 1.839312 -11.390717 1.826923
1769098298.093442 1.837395 -11.383396 1.821544
1769098298.143444 1.836102 -11.378345 1.818380
1769098298.203444 1.834948 -11.373780 1.815216
1769098298.248445 1.833086 -11.366315 1.808256
1769098298.298421 1.831919 -11.361493 1.805092
1769098298.353450 1.830738 -11.356545 1.800346
1769098298.398442 1.828998 -11.349101 1.794019
1769098298.448519 1.827855 -11.344066 1.788957
1769098298.503441 1.826721 -11.338951 1.782945
1769098298.548454 1.825123 -11.331528 1.775985
1769098298.598450 1.824040 -11.326324 1.770923
1769098298.648459 1.822983 -11.321115 1.765861
1769098298.698462 1.821472 -11.313467 1.759533
1769098298.748456 1.820503 -11.308395 1.755736
1769098298.803463 1.819582 -11.303469 1.751940
1769098298.848455 1.818218 -11.296025 1.747194
1769098298.898446 1.817357 -11.291191 1.743397
1769098298.948450 1.816539 -11.286504 1.740233
1769098298.998476 1.815310 -11.279318 1.734539
1769098299.053460 1.814518 -11.274524 1.730742
1769098299.093464 1.813285 -11.266878 1.723782
1769098299.153486 1.812517 -11.261900 1.719669
1769098299.198471 1.811391 -11.254390 1.714606
1769098299.243476 1.810625 -11.249105 1.709228
1769098299.308513 1.809941 -11.244192 1.704166
1769098299.348515 1.808914 -11.236540 1.696889
1769098299.398476 1.808294 -11.231644 1.691510
1769098299.453496 1.807702 -11.226769 1.686448
1769098299.498482 1.806817 -11.219151 1.678539
1769098299.548551 1.806259 -11.213993 1.673160
1769098299.603472 1.805770 -11.209234 1.668414
1769098299.643464 1.805025 -11.201627 1.663352
1769098299.693551 1.804553 -11.196536 1.660188
1769098299.753487 1.804099 -11.191469 1.657974
1769098299.798475 1.803438 -11.183904 1.654177
1769098299.858553 1.803014 -11.178835 1.652595
1769098299.898529 1.802410 -11.171469 1.649431
1769098299.948502 1.802028 -11.166624 1.646900
1769098300.003494 1.801651 -11.161677 1.645002
1769098300.048572 1.801083 -11.154029 1.641522
1769098300.093478 1.800707 -11.148727 1.638991
1769098300.153477 1.800374 -11.143854 1.638674
1769098300.193527 1.799842 -11.136026 1.636143
1769098300.243490 1.799521 -11.131126 1.635510
1769098300.303479 1.799181 -11.125872 1.635510
1769098300.348486 1.798682 -11.118169 1.636460
1769098300.393472 1.798346 -11.113067 1.637725
1769098300.448519 1.798004 -11.107966 1.638991
1769098300.498539 1.797488 -11.100415 1.639307
1769098300.558495 1.797156 -11.095567 1.640573
1769098300.598489 1.796630 -11.088043 1.640573
1769098300.643530 1.796288 -11.083144 1.639940
1769098300.703533 1.795941 -11.078145 1.639307
1769098300.743489 1.795408 -11.070367 1.639940
1769098300.798487 1.795075 -11.065570 1.641205
1769098300.853490 1.794705 -11.060318 1.640573
1769098300.898485 1.794165 -11.052592 1.641205
1769098300.948496 1.793816 -11.047644 1.641205
1769098301.003486 1.793446 -11.042392 1.641838
1769098301.048491 1.792898 -11.034692 1.638358
1769098301.093486 1.792541 -11.029414 1.637409
1769098301.153489 1.792202 -11.024338 1.635194
1769098301.193496 1.791700 -11.016558 1.634561
1769098301.258488 1.791394 -11.011759 1.632663
1769098301.298496 1.790935 -11.004357 1.633612
1769098301.348492 1.790614 -10.999254 1.634878
1769098301.403500 1.790302 -10.994379 1.637092
1769098301.448492 1.789804 -10.986879 1.639307
1769098301.498493 1.789474 -10.982081 1.641838
1769098301.548495 1.789131 -10.977259 1.642787
1769098301.598501 1.788598 -10.969862 1.643736
1769098301.653497 1.788229 -10.964813 1.643104
1769098301.698495 1.787669 -10.957088 1.641205
1769098301.743511 1.787317 -10.952089 1.640573
1769098301.803518 1.786976 -10.947216 1.638991
1769098301.843583 1.786440 -10.939363 1.638674
1769098301.898506 1.786108 -10.934489 1.638358
1769098301.953471 1.785746 -10.929136 1.637725
1769098301.998490 1.785230 -10.921433 1.637409
1769098302.048507 1.784890 -10.916332 1.638042
1769098302.098511 1.784548 -10.911256 1.638358
1769098302.143505 1.784021 -10.903478 1.638358
1769098302.193512 1.783685 -10.898503 1.637409
1769098302.248556 1.783361 -10.893654 1.637409
1769098302.298506 1.782875 -10.886356 1.638358
1769098302.353575 1.782546 -10.881507 1.638991
1769098302.398510 1.782020 -10.873805 1.640573
1769098302.448584 1.781664 -10.868705 1.640573
1769098302.508571 1.781297 -10.863453 1.641838
1769098302.548565 1.780756 -10.855854 1.642787
1769098302.598504 1.780381 -10.850653 1.642787
1769098302.653564 1.780013 -10.845554 1.642787
1769098302.698512 1.779469 -10.838005 1.640573
1769098302.748525 1.779111 -10.832880 1.638991
1769098302.803521 1.778771 -10.827905 1.636776
1769098302.848519 1.778257 -10.820127 1.634245
1769098302.898524 1.777923 -10.814872 1.633612
1769098302.953559 1.777597 -10.809694 1.633929
1769098302.998569 1.777109 -10.801964 1.634561
1769098303.048519 1.776785 -10.796887 1.636143
1769098303.103518 1.776457 -10.791886 1.637409
1769098303.148521 1.775952 -10.784310 1.639940
1769098303.193518 1.775604 -10.779285 1.640256
1769098303.253525 1.775275 -10.774564 1.641205
1769098303.298518 1.774738 -10.766939 1.641205
1769098303.348510 1.774373 -10.761763 1.641522
1769098303.398523 1.774027 -10.756890 1.641205
1769098303.448533 1.773499 -10.749391 1.640256
1769098303.503530 1.773140 -10.744241 1.640889
1769098303.548508 1.772607 -10.736641 1.641205
1769098303.598522 1.772242 -10.731465 1.640889
1769098303.648532 1.771884 -10.726365 1.640889
1769098303.693519 1.771359 -10.718891 1.639623
1769098303.748504 1.771016 -10.713917 1.638042
1769098303.798534 1.770672 -10.708816 1.636776
1769098303.848505 1.770183 -10.701416 1.635827
1769098303.903584 1.769846 -10.696238 1.636143
1769098303.948529 1.769367 -10.688913 1.635510
1769098303.993543 1.769048 -10.683988 1.637092
1769098304.053534 1.768731 -10.679215 1.638674
1769098304.098537 1.768209 -10.671538 1.640573
1769098304.158533 1.767874 -10.666741 1.642471
1769098304.193534 1.767326 -10.659117 1.644369
1769098304.243621 1.766965 -10.654220 1.644369
1769098304.298583 1.766610 -10.649399 1.642155
1769098304.348537 1.766058 -10.641673 1.640889
1769098304.393534 1.765712 -10.636750 1.639940
1769098304.453588 1.765348 -10.631498 1.638042
1769098304.498542 1.764826 -10.623745 1.636460
1769098304.548535 1.764493 -10.618668 1.634878
1769098304.603547 1.764160 -10.613490 1.634561
1769098304.643547 1.763662 -10.605685 1.634878
1769098304.708534 1.763354 -10.600886 1.635510
1769098304.748541 1.762858 -10.593233 1.636460
1769098304.793538 1.762544 -10.588460 1.637409
1769098304.853550 1.762224 -10.583661 1.638042
1769098304.898602 1.761719 -10.576161 1.637725
1769098304.948549 1.761396 -10.571337 1.637409
1769098305.003537 1.761055 -10.566236 1.638042
1769098305.048556 1.760545 -10.558660 1.639307
1769098305.093608 1.760185 -10.553408 1.639940
1769098305.153548 1.759830 -10.548282 1.640889
1769098305.193553 1.759277 -10.540404 1.641522
1769098305.243553 1.758922 -10.535405 1.642155
1769098305.298536 1.758554 -10.530255 1.642787
1769098305.348552 1.758012 -10.522732 1.640256
1769098305.393567 1.757650 -10.517531 1.639623
1769098305.453547 1.757298 -10.512430 1.638358
1769098305.498552 1.756770 -10.504627 1.638674
1769098305.548634 1.756420 -10.499475 1.640573
1769098305.598560 1.756065 -10.494400 1.643420
1769098305.643557 1.755498 -10.486600 1.651330
1769098305.708608 1.755087 -10.481504 1.655759
1769098305.748571 1.754457 -10.474114 1.664934
1769098305.798559 1.753986 -10.469125 1.671262
1769098305.848553 1.753476 -10.464063 1.676008
1769098305.898589 1.752952 -10.459105 1.680753
1769098305.943585 1.752102 -10.451406 1.687081
1769098305.993603 1.751518 -10.446404 1.689928
1769098306.053593 1.750910 -10.441327 1.693725
1769098306.098632 1.749954 -10.433590 1.698787
1769098306.143563 1.749286 -10.428394 1.703533
1769098306.198573 1.748589 -10.423175 1.707330
1769098306.243578 1.747507 -10.415302 1.713657
1769098306.298633 1.746779 -10.410241 1.716821
1769098306.353555 1.746013 -10.405032 1.720618
1769098306.393569 1.744880 -10.397524 1.725680
1769098306.443566 1.744095 -10.392498 1.729160
1769098306.503567 1.743293 -10.387474 1.732640
1769098306.543568 1.742057 -10.379905 1.738652
1769098306.593576 1.741211 -10.374914 1.742448
1769098306.648627 1.740385 -10.370151 1.747194
1769098306.698619 1.739013 -10.362451 1.755736
1769098306.758559 1.738133 -10.357749 1.761748
1769098306.798625 1.736726 -10.350468 1.769657
1769098306.848555 1.735696 -10.345357 1.775352
1769098306.903577 1.734745 -10.340772 1.778832
1769098306.948637 1.733182 -10.333367 1.786109
1769098306.993645 1.732154 -10.328669 1.789906
1769098307.053557 1.731037 -10.323654 1.794019
1769098307.093554 1.729328 -10.316126 1.798764
1769098307.158587 1.728121 -10.310923 1.802245
1769098307.198584 1.726385 -10.303557 1.807623
1769098307.248585 1.725210 -10.298685 1.810787
1769098307.303553 1.723964 -10.293596 1.814267
1769098307.343594 1.722146 -10.286276 1.819962
1769098307.393653 1.720879 -10.281297 1.823442
1769098307.453563 1.719607 -10.276371 1.827555
1769098307.493637 1.717679 -10.269027 1.833883
1769098307.548586 1.716441 -10.264432 1.839578
1769098307.598574 1.715084 -10.259503 1.845273
1769098307.643595 1.712950 -10.251926 1.852550
1769098307.698602 1.711458 -10.246771 1.857612
1769098307.753587 1.709883 -10.241431 1.863307
1769098307.798649 1.707460 -10.233384 1.870900
1769098307.848635 1.705799 -10.228016 1.874696
1769098307.903676 1.704132 -10.222703 1.878493
1769098307.948590 1.701595 -10.214719 1.883239
1769098307.993620 1.699985 -10.209733 1.886086
1769098308.048710 1.698227 -10.204343 1.888617
1769098308.098697 1.695711 -10.196697 1.894312
1769098308.153670 1.693981 -10.191538 1.898425
1769098308.193598 1.691236 -10.183462 1.904437
1769098308.243614 1.689438 -10.178272 1.907917
1769098308.303592 1.687663 -10.173209 1.911713
1769098308.348601 1.684845 -10.165265 1.917092
1769098308.393598 1.683006 -10.160170 1.922154
1769098308.453577 1.681107 -10.154990 1.926583
1769098308.498606 1.678268 -10.147350 1.933544
1769098308.548601 1.676418 -10.142475 1.939239
1769098308.598678 1.674449 -10.137375 1.945566
1769098308.643604 1.671420 -10.129673 1.954109
1769098308.703599 1.669422 -10.124720 1.958855
1769098308.748605 1.666243 -10.116942 1.965815
1769098308.793605 1.664139 -10.111896 1.968346
1769098308.853613 1.662120 -10.107088 1.971510
1769098308.898605 1.658753 -10.099141 1.975623
1769098308.948619 1.656610 -10.094139 1.978470
1769098309.003690 1.654332 -10.088864 1.981318
1769098309.048610 1.650978 -10.081159 1.987013
1769098309.103586 1.648737 -10.076090 1.992391
1769098309.148611 1.645495 -10.068861 1.999668
1769098309.193622 1.643180 -10.063797 2.004730
1769098309.243666 1.640828 -10.058722 2.009476
1769098309.303673 1.638441 -10.053635 2.014538
1769098309.348582 1.634921 -10.046228 2.020233
1769098309.393731 1.632523 -10.041259 2.024662
1769098309.453634 1.630093 -10.036277 2.028775
1769098309.498626 1.626445 -10.028876 2.035103
1769098309.558700 1.623906 -10.023806 2.039532
1769098309.598681 1.620236 -10.016558 2.046809
1769098309.643622 1.617614 -10.011474 2.051239
1769098309.698671 1.615064 -10.006581 2.055035
1769098309.753665 1.612425 -10.001563 2.058199
1769098309.793622 1.608478 -9.994116 2.059781
1769098309.848682 1.605755 -9.988999 2.058832
1769098309.903805 1.603144 -9.984081 2.057566
1769098309.948726 1.599142 -9.976519 2.055668
1769098309.993649 1.596570 -9.971638 2.056301
1769098310.053720 1.593948 -9.966668 2.056301
1769098310.093629 1.590110 -9.959393 2.059148
1769098310.148629 1.587497 -9.954475 2.060414
1769098310.203624 1.584962 -9.949717 2.063261
1769098310.243677 1.581084 -9.942491 2.065159
1769098310.298635 1.578551 -9.937790 2.064843
1769098310.353643 1.575838 -9.932754 2.064843
1769098310.393628 1.572057 -9.925734 2.063261
1769098310.448700 1.569293 -9.920582 2.062945
1769098310.503604 1.566722 -9.915786 2.061996
1769098310.548625 1.562603 -9.908087 2.062312
1769098310.603634 1.560142 -9.903490 2.062312
1769098310.643619 1.556224 -9.896171 2.062945
1769098310.698682 1.553605 -9.891286 2.061996
1769098310.753633 1.550954 -9.886331 2.061363
1769098310.793630 1.547055 -9.879030 2.059781
1769098310.848632 1.544499 -9.874226 2.060097
1769098310.903686 1.542096 -9.869714 2.059464
1769098310.948610 1.538139 -9.862272 2.060414
1769098311.003623 1.535735 -9.857760 2.061046
1769098311.048695 1.531909 -9.850592 2.062628
1769098311.093641 1.529315 -9.845750 2.063577
1769098311.153728 1.526645 -9.840778 2.064527
1769098311.193700 1.522867 -9.833757 2.065476
1769098311.243648 1.520319 -9.829034 2.064843
1769098311.303617 1.517751 -9.824266 2.063577
1769098311.343632 1.513692 -9.816706 2.060730
1769098311.393620 1.511024 -9.811703 2.060097
1769098311.453627 1.508406 -9.806788 2.057566
1769098311.498627 1.504464 -9.799339 2.056617
1769098311.563628 1.501899 -9.794482 2.056933
1769098311.598627 1.498020 -9.787142 2.058199
1769098311.643627 1.495531 -9.782446 2.059464
1769098311.708641 1.492977 -9.777641 2.060414
1769098311.748749 1.489132 -9.770426 2.060730
1769098311.793702 1.486583 -9.765647 2.061996
1769098311.853732 1.484112 -9.761027 2.062945
1769098311.898733 1.480225 -9.753777 2.061996
1769098311.948662 1.477646 -9.748956 2.062628
1769098311.998712 1.475076 -9.744160 2.062945
1769098312.048722 1.471105 -9.736754 2.063577
1769098312.093656 1.468543 -9.731982 2.064210
1769098312.153674 1.465834 -9.726944 2.064210
1769098312.198656 1.461866 -9.719565 2.063894
1769098312.258715 1.459266 -9.714727 2.062945
1769098312.293658 1.455331 -9.707388 2.059464
1769098312.348654 1.452788 -9.702606 2.059464
1769098312.403733 1.450210 -9.697756 2.057883
1769098312.448653 1.446253 -9.690285 2.058515
1769098312.493761 1.443679 -9.685433 2.058199
1769098312.558728 1.441024 -9.680424 2.060097
1769098312.598730 1.437217 -9.673275 2.062628
1769098312.643625 1.434588 -9.668367 2.064527
1769098312.703713 1.432021 -9.663597 2.065159
1769098312.748707 1.428058 -9.656245 2.064527
1769098312.798712 1.425443 -9.651386 2.063894
1769098312.858704 1.422771 -9.646414 2.062312
1769098312.903631 1.418829 -9.639050 2.061046
1769098312.948719 1.416064 -9.633870 2.059781
1769098312.998713 1.413425 -9.628909 2.059148
1769098313.053646 1.410670 -9.623724 2.059148
1769098313.093623 1.406739 -9.616325 2.058199
1769098313.158657 1.404214 -9.611562 2.059781
1769098313.198632 1.400326 -9.604255 2.059464
1769098313.243656 1.397700 -9.599316 2.059148
1769098313.303635 1.395302 -9.594801 2.059148
1769098313.348655 1.391513 -9.587671 2.058832
1769098313.398761 1.388962 -9.582864 2.059781
1769098313.453747 1.386334 -9.577926 2.060730
1769098313.498658 1.382487 -9.570712 2.062312
1769098313.548719 1.379752 -9.565602 2.063894
1769098313.603686 1.377236 -9.560920 2.064527
1769098313.643714 1.373205 -9.553432 2.065792
1769098313.698709 1.370596 -9.548598 2.065476
1769098313.753660 1.367881 -9.543564 2.064210
1769098313.793770 1.363925 -9.536208 2.061679
1769098313.848686 1.361312 -9.531319 2.060730
1769098313.903682 1.358846 -9.526696 2.058515
1769098313.948714 1.354802 -9.519072 2.057566
1769098314.003744 1.352398 -9.514530 2.057883
1769098314.048681 1.348406 -9.506993 2.060097
1769098314.093666 1.345824 -9.502145 2.060414
1769098314.143660 1.343217 -9.497253 2.063261
1769098314.198732 1.340680 -9.492525 2.063894
1769098314.243711 1.336751 -9.485212 2.064527
1769098314.308659 1.334184 -9.480442 2.063894
1769098314.343727 1.330362 -9.473330 2.062945
1769098314.398750 1.327898 -9.468735 2.062312
1769098314.453732 1.325210 -9.463714 2.061363
1769098314.493750 1.321239 -9.456280 2.061046
1769098314.548661 1.318594 -9.451322 2.061046
1769098314.603656 1.315996 -9.446455 2.061046
1769098314.648633 1.311980 -9.438930 2.061363
1769098314.698748 1.309356 -9.434018 2.060097
1769098314.756232 1.306680 -9.428991 2.059148
1769098314.793741 1.302796 -9.421682 2.058199
1769098314.848724 1.300153 -9.416695 2.056617
1769098314.903654 1.297778 -9.412196 2.056933
1769098314.948717 1.293887 -9.404834 2.057883
1769098314.998742 1.291304 -9.399958 2.060414
1769098315.053675 1.288650 -9.394977 2.061996
1769098315.093663 1.284818 -9.387813 2.064210
1769098315.148715 1.282276 -9.383087 2.066109
1769098315.198704 1.279714 -9.378343 2.066425
1769098315.243729 1.275669 -9.370862 2.065159
1769098315.303707 1.273171 -9.366228 2.063894
1769098315.348729 1.269146 -9.358737 2.061363
1769098315.393763 1.266510 -9.353803 2.059781
1769098315.458729 1.263895 -9.348887 2.059148
1769098315.493678 1.259952 -9.341466 2.057883
1769098315.543762 1.257370 -9.336590 2.058515
1769098315.603708 1.254843 -9.331828 2.059464
1769098315.648751 1.251005 -9.324609 2.061679
1769098315.698719 1.248464 -9.319854 2.061363
1769098315.748689 1.245828 -9.314920 2.062312
1769098315.798744 1.242113 -9.307981 2.062628
1769098315.853743 1.239555 -9.303206 2.061996
1769098315.893706 1.235723 -9.296042 2.062312
1769098315.948683 1.233191 -9.291311 2.062312
1769098316.003702 1.230575 -9.286425 2.062628
1769098316.048722 1.226642 -9.279084 2.062312
1769098316.093684 1.224038 -9.274220 2.062945
1769098316.148698 1.221491 -9.269469 2.063894
1769098316.193694 1.217489 -9.262022 2.061996
1769098316.253705 1.214922 -9.257223 2.060414
1769098316.298721 1.211101 -9.250053 2.058199
1769098316.358699 1.208517 -9.245178 2.056301
1769098316.398711 1.204785 -9.238104 2.056301
1769098316.448732 1.202139 -9.233090 2.056301
1769098316.503713 1.199718 -9.228501 2.057883
1769098316.548713 1.195938 -9.221366 2.059464
1769098316.598704 1.193384 -9.216561 2.062945
1769098316.648710 1.190777 -9.211698 2.064843
1769098316.698771 1.186936 -9.204567 2.065476
1769098316.748717 1.184268 -9.199622 2.065476
1769098316.803700 1.181697 -9.194854 2.064843
1769098316.848719 1.177640 -9.187322 2.062945
1769098316.893711 1.175021 -9.182437 2.061996
1769098316.953720 1.172263 -9.177282 2.061679
1769098316.998779 1.168409 -9.170072 2.061363
1769098317.048716 1.165643 -9.164892 2.061996
1769098317.103716 1.163052 -9.160049 2.060414
1769098317.143717 1.159076 -9.152589 2.060414
1769098317.193818 1.156481 -9.147719 2.060414
1769098317.253783 1.153827 -9.142738 2.060730
1769098317.303712 1.150004 -9.135569 2.059781
1769098317.348708 1.147340 -9.130564 2.061046
1769098317.408715 1.144814 -9.125830 2.061046
1769098317.448711 1.140893 -9.118484 2.062628
1769098317.498739 1.138287 -9.113620 2.063261
1769098317.558700 1.135595 -9.108602 2.063577
1769098317.598715 1.131679 -9.101310 2.065159
1769098317.643715 1.129025 -9.096386 2.064843
1769098317.703763 1.126433 -9.091573 2.064210
1769098317.753757 1.122393 -9.084060 2.061363
1769098317.798740 1.119722 -9.079059 2.060730
1769098317.848767 1.116982 -9.073923 2.057566
1769098317.903803 1.114390 -9.069023 2.056617
1769098317.948734 1.110395 -9.061458 2.055984
1769098317.993721 1.107774 -9.056488 2.057250
1769098318.053791 1.105159 -9.051543 2.057566
1769098318.093738 1.101359 -9.044362 2.061046
1769098318.153730 1.098892 -9.039740 2.061363
1769098318.193738 1.095183 -9.032797 2.062945
1769098318.243723 1.092696 -9.028157 2.063577
1769098318.303721 1.090157 -9.023429 2.063577
1769098318.348741 1.086134 -9.015937 2.063577
1769098318.393809 1.083572 -9.011165 2.062312
1769098318.448724 1.080812 -9.006010 2.063261
1769098318.498720 1.077007 -8.998918 2.063261
1769098318.553728 1.074362 -8.993989 2.063577
1769098318.598729 1.070578 -8.986942 2.063577
1769098318.643842 1.067884 -8.981925 2.063261
1769098318.703744 1.065383 -8.977264 2.061046
1769098318.748732 1.061426 -8.969850 2.059148
1769098318.798733 1.058838 -8.964977 2.058515
1769098318.848733 1.056288 -8.960170 2.058199
1769098318.898728 1.052613 -8.953237 2.058832
1769098318.953755 1.050038 -8.948386 2.060414
1769098318.998726 1.046217 -8.941216 2.061996
1769098319.043728 1.043554 -8.936239 2.064210
1769098319.098732 1.041145 -8.931758 2.065159
1769098319.148812 1.037182 -8.924406 2.065792
1769098319.193789 1.034537 -8.919506 2.064527
1769098319.253746 1.032006 -8.914803 2.063577
1769098319.298725 1.028066 -8.907467 2.061996
1769098319.343858 1.025332 -8.902356 2.059781
1769098319.408745 1.022729 -8.897463 2.058832
1769098319.448826 1.018670 -8.889817 2.058199
1769098319.498741 1.016003 -8.884785 2.057883
1769098319.553731 1.013337 -8.879752 2.057566
1769098319.598748 1.009596 -8.872683 2.059464
1769098319.653739 1.007112 -8.868013 2.060414
1769098319.703751 1.003279 -8.860820 2.060414
1769098319.748816 1.000685 -8.855951 2.059781
1769098319.803786 0.998259 -8.851392 2.061046
1769098319.843779 0.994481 -8.844314 2.061363
1769098319.898762 0.991918 -8.839514 2.061679
1769098319.953779 0.989328 -8.834670 2.062628
1769098319.998778 0.985408 -8.827352 2.063894
1769098320.043851 0.982688 -8.822291 2.064843
1769098320.103750 0.980108 -8.817500 2.065159
1769098320.143759 0.976085 -8.810036 2.064843
1769098320.203757 0.973576 -8.805379 2.063261
1769098320.248764 0.969531 -8.797840 2.060730
1769098320.298831 0.966887 -8.792882 2.058199
1769098320.348760 0.964208 -8.787828 2.056933
1769098320.403774 0.961654 -8.782994 2.056933
1769098320.443838 0.957657 -8.775431 2.058832
1769098320.508781 0.955212 -8.770825 2.059464
1769098320.548827 0.951339 -8.763540 2.062628
1769098320.598770 0.948757 -8.758721 2.064527
1769098320.653761 0.946142 -8.753862 2.065159
1769098320.698761 0.942263 -8.746665 2.064210
1769098320.753778 0.939602 -8.741717 2.063577
1769098320.808769 0.936979 -8.736833 2.063261
1769098320.848777 0.933018 -8.729451 2.061046
1769098320.898757 0.930349 -8.724449 2.060414
1769098320.958758 0.927694 -8.719468 2.060097
1769098320.998765 0.923733 -8.712028 2.059781
1769098321.043785 0.921189 -8.707247 2.060414
1769098321.103826 0.918558 -8.702310 2.059464
1769098321.148855 0.914625 -8.694913 2.059148
1769098321.193764 0.912012 -8.689995 2.058515
1769098321.253766 0.909379 -8.685032 2.057883
1769098321.293782 0.905565 -8.677829 2.058515
1769098321.348779 0.902955 -8.672910 2.057883
1769098321.403772 0.900420 -8.668124 2.059781
1769098321.443774 0.896497 -8.660750 2.061679
1769098321.498771 0.894051 -8.656174 2.063261
1769098321.548771 0.891490 -8.651401 2.065792
1769098321.598777 0.887763 -8.644497 2.065792
1769098321.653817 0.885069 -8.639508 2.066425
1769098321.698822 0.881145 -8.632249 2.064527
1769098321.748828 0.878566 -8.627457 2.063577
1769098321.803804 0.876052 -8.622774 2.061046
1769098321.843818 0.872143 -8.615450 2.059148
1769098321.908833 0.869507 -8.610488 2.057883
1769098321.948799 0.865704 -8.603308 2.058199
1769098321.998790 0.863072 -8.598344 2.058199
1769098322.053782 0.860405 -8.593312 2.060414
1769098322.093782 0.856715 -8.586388 2.062312
1769098322.143783 0.854075 -8.581456 2.063261
1769098322.198868 0.851658 -8.576951 2.063261
1769098322.243779 0.847757 -8.569680 2.063261
1769098322.298783 0.845279 -8.565063 2.062945
1769098322.353788 0.842612 -8.560089 2.061996
1769098322.398790 0.838673 -8.552724 2.061996
1769098322.453794 0.835951 -8.547635 2.061996
1769098322.498791 0.832166 -8.540561 2.061679
1769098322.548803 0.829458 -8.535493 2.061996
1769098322.603787 0.826950 -8.530807 2.062628
1769098322.643793 0.823066 -8.523556 2.060414
1769098322.698808 0.820447 -8.518642 2.059148
1769098322.753792 0.817751 -8.513568 2.057566
1769098322.798822 0.813856 -8.506208 2.056617
1769098322.843806 0.811233 -8.501239 2.055984
1769098322.903799 0.808683 -8.496403 2.057250
1769098322.948797 0.804802 -8.489064 2.059148
1769098322.998806 0.802213 -8.484191 2.061679
1769098323.053798 0.799588 -8.479280 2.063577
1769098323.098800 0.795756 -8.472145 2.065476
1769098323.143798 0.793101 -8.467221 2.065792
1769098323.203801 0.790516 -8.462433 2.065476
1769098323.248816 0.786526 -8.455037 2.063577
1769098323.298801 0.783844 -8.450042 2.062312
1769098323.358801 0.781121 -8.444954 2.061046
1769098323.398804 0.777164 -8.437541 2.059781
1769098323.443815 0.774453 -8.432446 2.059781
1769098323.508826 0.771802 -8.427464 2.058832
1769098323.548799 0.767897 -8.420108 2.060414
1769098323.598819 0.765398 -8.415418 2.060414
1769098323.653846 0.762886 -8.410705 2.061363
1769098323.698881 0.759035 -8.403493 2.061046
1769098323.748853 0.756532 -8.398804 2.061679
1769098323.803828 0.753967 -8.394005 2.061363
1769098323.843859 0.750079 -8.386727 2.061363
1769098323.898877 0.747480 -8.381860 2.062628
1769098323.953867 0.744910 -8.377063 2.062945
1769098323.998809 0.740963 -8.369702 2.063577
1769098324.053827 0.738413 -8.364952 2.063261
1769098324.098813 0.734487 -8.357637 2.063894
1769098324.148825 0.731804 -8.352642 2.061996
1769098324.203835 0.729165 -8.347710 2.061046
1769098324.243896 0.725268 -8.340408 2.058199
1769098324.298889 0.722625 -8.335421 2.056617
1769098324.358808 0.719954 -8.330363 2.055352
1769098324.398824 0.716075 -8.322994 2.056301
1769098324.443821 0.713441 -8.318002 2.057250
1769098324.503837 0.710885 -8.313170 2.059148
1769098324.548817 0.707026 -8.305905 2.061996
1769098324.598839 0.704459 -8.301107 2.063577
1769098324.653818 0.701837 -8.296223 2.064527
1769098324.693826 0.697962 -8.289024 2.064210
1769098324.748820 0.695469 -8.284388 2.064210
1769098324.803821 0.692975 -8.279751 2.062945
1769098324.843825 0.688957 -8.272256 2.062312
1769098324.898825 0.686305 -8.267302 2.062312
1769098324.953829 0.683545 -8.262147 2.061996
1769098324.998831 0.679594 -8.254760 2.061679
1769098325.043838 0.676921 -8.249760 2.062312
1769098325.103839 0.674293 -8.244851 2.061046
1769098325.148839 0.670348 -8.237460 2.060097
1769098325.193837 0.667898 -8.232858 2.058832
1769098325.248840 0.665192 -8.227760 2.060097
1769098325.298860 0.661361 -8.220567 2.058832
1769098325.348831 0.658750 -8.215648 2.060097
1769098325.403866 0.656169 -8.210800 2.061046
1769098325.443834 0.652260 -8.203476 2.062945
1769098325.508834 0.649808 -8.198904 2.063894
1769098325.548829 0.645998 -8.191814 2.065159
1769098325.598965 0.643308 -8.186823 2.065159
1769098325.653860 0.640798 -8.182166 2.064210
1769098325.698962 0.636854 -8.174832 2.061996
1769098325.748850 0.634168 -8.169811 2.060414
1769098325.803858 0.631490 -8.164785 2.059464
1769098325.843868 0.627485 -8.157253 2.057250
1769098325.898891 0.624965 -8.152488 2.056933
1769098325.953905 0.622281 -8.147408 2.056617
1769098325.998896 0.618534 -8.140313 2.058199
1769098326.043929 0.615962 -8.135460 2.059781
1769098326.098850 0.613394 -8.130633 2.061046
1769098326.143927 0.609544 -8.123421 2.061363
1769098326.193865 0.606957 -8.118576 2.062312
1769098326.248843 0.604341 -8.113690 2.062628
1769098326.298872 0.600492 -8.106505 2.061996
1769098326.348845 0.597782 -8.101439 2.062945
1769098326.403848 0.595199 -8.096621 2.062312
1769098326.443847 0.591173 -8.089101 2.063261
1769098326.498850 0.588540 -8.084194 2.063894
1769098326.553848 0.585808 -8.079111 2.064527
1769098326.598883 0.581898 -8.071845 2.063261
1769098326.643854 0.579301 -8.067005 2.062312
1769098326.703863 0.576673 -8.062096 2.059781
1769098326.748937 0.572738 -8.054700 2.058199
1769098326.798847 0.570118 -8.049758 2.057250
1769098326.848848 0.567444 -8.044701 2.058515
1769098326.898980 0.563601 -8.037457 2.059148
1769098326.948854 0.561084 -8.032718 2.061679
1769098327.003931 0.558530 -8.027941 2.062945
1769098327.048861 0.554643 -8.020692 2.065159
1769098327.093864 0.552037 -8.015857 2.065476
1769098327.148860 0.549370 -8.010911 2.064210
1769098327.193861 0.545570 -8.003845 2.063261
1769098327.253868 0.542925 -7.998916 2.062312
1769098327.298855 0.538947 -7.991485 2.060097
1769098327.348875 0.536270 -7.986459 2.059781
1769098327.403942 0.533560 -7.981364 2.059781
1769098327.443884 0.529660 -7.974035 2.059148
1769098327.498862 0.527178 -7.969363 2.058832
1769098327.553864 0.524543 -7.964400 2.059464
1769098327.598860 0.520670 -7.957115 2.059464
1769098327.643867 0.518056 -7.952198 2.059464
1769098327.703890 0.515465 -7.947326 2.059464
1769098327.748867 0.511734 -7.940309 2.059464
1769098327.798948 0.509144 -7.935437 2.060097
1769098327.848936 0.506503 -7.930477 2.061363
1769098327.898902 0.502675 -7.923311 2.062312
1769098327.948909 0.499964 -7.918245 2.063894
1769098328.003897 0.497376 -7.913430 2.064527
1769098328.048891 0.493405 -7.906052 2.065476
1769098328.093872 0.490798 -7.901218 2.065792
1769098328.153879 0.488057 -7.896140 2.064527
1769098328.193952 0.484086 -7.888763 2.061679
1769098328.243892 0.481521 -7.883964 2.060730
1769098328.303890 0.478865 -7.878983 2.057250
1769098328.348959 0.474936 -7.871555 2.057883
1769098328.398880 0.472307 -7.866590 2.057883
1769098328.453879 0.469617 -7.861512 2.060097
1769098328.498895 0.465810 -7.854363 2.061363
1769098328.548879 0.463211 -7.849496 2.063894
1769098328.603874 0.460635 -7.844703 2.064210
1769098328.643889 0.456751 -7.837480 2.064210
1769098328.698893 0.454138 -7.832621 2.064210
1769098328.753899 0.451464 -7.827650 2.062628
1769098328.798881 0.447544 -7.820332 2.062628
1769098328.848906 0.444902 -7.815401 2.061679
1769098328.903886 0.442194 -7.810334 2.061363
1769098328.948895 0.438151 -7.802766 2.061046
1769098328.998886 0.435517 -7.797831 2.061363
1769098329.053886 0.432846 -7.792830 2.061996
1769098329.093885 0.429014 -7.785666 2.059781
1769098329.143890 0.426375 -7.780705 2.058515
1769098329.198891 0.423753 -7.775764 2.058199
1769098329.243888 0.419889 -7.768473 2.056933
1769098329.298917 0.417299 -7.763572 2.057883
1769098329.353889 0.414823 -7.758898 2.058199
1769098329.398909 0.411006 -7.751697 2.060730
1769098329.453897 0.408362 -7.746739 2.062628
1769098329.498912 0.404621 -7.739756 2.064843
1769098329.548894 0.401957 -7.734808 2.066109
1769098329.603890 0.399514 -7.730288 2.065792
1769098329.643974 0.395535 -7.722916 2.064210
1769098329.693920 0.392861 -7.717945 2.063261
1769098329.753898 0.390109 -7.712815 2.061363
1769098329.798906 0.386174 -7.705447 2.059464
1769098329.848934 0.383465 -7.700352 2.059464
1769098329.903938 0.380803 -7.695346 2.058199
1769098329.948924 0.376986 -7.688145 2.058832
1769098329.999073 0.374387 -7.683249 2.059781
1769098330.053944 0.371772 -7.678333 2.061679
1769098330.093977 0.367906 -7.671101 2.061679
1769098330.148904 0.365329 -7.666279 2.062312
1769098330.203906 0.362736 -7.661437 2.061996
1769098330.243904 0.358832 -7.654139 2.062312
1769098330.298925 0.356216 -7.649252 2.061996
1769098330.353918 0.353566 -7.644298 2.061996
1769098330.394006 0.349722 -7.637111 2.062628
1769098330.443908 0.347032 -7.632091 2.062945
1769098330.503910 0.344389 -7.627162 2.063261
1769098330.548995 0.340380 -7.619690 2.062945
1769098330.598962 0.337701 -7.614693 2.061679
1769098330.653932 0.335052 -7.609738 2.060414
1769098330.698977 0.331065 -7.602255 2.057566
1769098330.748913 0.328436 -7.597289 2.056301
1769098330.804000 0.325944 -7.592565 2.055984
1769098330.848914 0.322072 -7.585222 2.057250
1769098330.898927 0.319434 -7.580232 2.058832
1769098330.953916 0.316835 -7.575336 2.059781
1769098330.998919 0.313185 -7.568476 2.063261
1769098331.048917 0.310564 -7.563592 2.064843
1769098331.099050 0.307996 -7.558823 2.065476
1769098331.143994 0.304186 -7.551762 2.065159
1769098331.193918 0.301556 -7.546882 2.064210
1769098331.248939 0.298787 -7.541733 2.063261
1769098331.298923 0.294886 -7.534462 2.061363
1769098331.348953 0.292155 -7.529349 2.061046
1769098331.403928 0.289510 -7.524392 2.061046
1769098331.448927 0.285505 -7.516890 2.060414
1769098331.498925 0.282863 -7.511931 2.061046
1769098331.553993 0.280193 -7.506929 2.061046
1769098331.598940 0.276451 -7.499917 2.060414
1769098331.653931 0.273821 -7.494981 2.060097
1769098331.698968 0.270061 -7.487921 2.060097
1769098331.748959 0.267480 -7.483073 2.061046
1769098331.803950 0.264894 -7.478228 2.060730
1769098331.844041 0.261118 -7.471148 2.062945
1769098331.899000 0.258475 -7.466218 2.063261
1769098331.954020 0.255794 -7.461223 2.063894
1769098331.998935 0.251877 -7.453932 2.064843
1769098332.053964 0.249248 -7.449052 2.064527
1769098332.103951 0.246561 -7.444059 2.063261
1769098332.148969 0.242564 -7.436610 2.061363
1769098332.193963 0.239893 -7.431609 2.058832
1769098332.253938 0.237187 -7.426512 2.056933
1769098332.298932 0.233249 -7.419060 2.056617
1769098332.348942 0.230638 -7.414114 2.056301
1769098332.403964 0.228145 -7.409390 2.057250
1769098332.448960 0.224406 -7.402320 2.059148
1769098332.498964 0.221829 -7.397469 2.061363
1769098332.553932 0.219230 -7.392602 2.061363
1769098332.598960 0.215426 -7.385481 2.062945
1769098332.643953 0.212831 -7.380640 2.063894
1769098332.703959 0.210243 -7.375824 2.063894
1769098332.748961 0.206301 -7.368489 2.062945
1769098332.798944 0.203646 -7.363537 2.062312
1769098332.853963 0.200887 -7.358382 2.063261
1769098332.898969 0.196949 -7.351044 2.062945
1769098332.948977 0.194270 -7.346048 2.062945
1769098333.003968 0.191627 -7.341118 2.063894
1769098333.048974 0.187638 -7.333694 2.062312
1769098333.093960 0.184962 -7.328695 2.060414
1769098333.153968 0.182331 -7.323759 2.059464
1769098333.193967 0.178565 -7.316674 2.057883
1769098333.243987 0.175935 -7.311709 2.057883
1769098333.303974 0.173364 -7.306855 2.056933
1769098333.348984 0.169473 -7.299493 2.055984
1769098333.403977 0.167030 -7.294858 2.053770
1769098333.443976 0.163304 -7.287752 2.051555
1769098333.498975 0.160892 -7.283129 2.048391
1769098333.554011 0.158310 -7.278139 2.044594
1769098333.598957 0.154499 -7.270707 2.036368
1769098333.644032 0.151999 -7.265731 2.030674
1769098333.704012 0.149516 -7.260718 2.024030
1769098333.749024 0.145759 -7.253004 2.015487
1769098333.798971 0.143266 -7.247772 2.010109
1769098333.859029 0.140865 -7.242664 2.005363
1769098333.898971 0.137295 -7.234973 1.999352
1769098333.948983 0.134971 -7.229885 1.996504
1769098334.003992 0.132702 -7.224883 1.993024
1769098334.049023 0.129414 -7.217564 1.988278
1769098334.094053 0.127198 -7.212566 1.984482
1769098334.153986 0.124990 -7.207537 1.981001
1769098334.194001 0.121709 -7.199994 1.975623
1769098334.243978 0.119656 -7.195201 1.971193
1769098334.298970 0.117476 -7.190050 1.966448
1769098334.348968 0.114295 -7.182436 1.960120
1769098334.398966 0.112134 -7.177167 1.957905
1769098334.454002 0.110051 -7.172058 1.953476
1769098334.493990 0.106847 -7.164098 1.946199
1769098334.549002 0.104740 -7.158753 1.940821
1769098334.603972 0.102690 -7.153467 1.935759
1769098334.644011 0.099664 -7.145546 1.926583
1769098334.698972 0.097733 -7.140350 1.921838
1769098334.753989 0.095809 -7.135098 1.916459
1769098334.798985 0.093048 -7.127430 1.911397
1769098334.848977 0.091222 -7.122277 1.908866
1769098334.904005 0.089417 -7.117143 1.906651
1769098334.948998 0.086681 -7.109305 1.902855
1769098334.998979 0.084857 -7.104017 1.899374
1769098335.059008 0.083028 -7.098651 1.895578
1769098335.094009 0.080346 -7.090687 1.888617
1769098335.144010 0.078606 -7.085397 1.883555
1769098335.204002 0.076869 -7.080027 1.876911
1769098335.249009 0.074322 -7.071966 1.868052
1769098335.293981 0.072661 -7.066545 1.862358
1769098335.358984 0.071090 -7.061309 1.857295
1769098335.398977 0.068708 -7.053224 1.851284
1769098335.449021 0.067138 -7.047776 1.846855
1769098335.509009 0.065600 -7.042345 1.843375
1769098335.548984 0.063338 -7.034252 1.838945
1769098335.598991 0.061869 -7.028907 1.834832
1769098335.654011 0.060442 -7.023630 1.832934
1769098335.699005 0.058337 -7.015783 1.826923
1769098335.748990 0.056952 -7.010494 1.823126
1769098335.799010 0.055568 -7.005126 1.819646
1769098335.849008 0.054228 -6.999852 1.816166
1769098335.894029 0.052199 -6.991750 1.808572
1769098335.949043 0.050869 -6.986264 1.803827
1769098336.004056 0.049519 -6.980576 1.799081
1769098336.049059 0.047589 -6.972267 1.791171
1769098336.094012 0.046349 -6.966735 1.786109
1769098336.154028 0.045122 -6.961122 1.780731
1769098336.194002 0.043376 -6.952928 1.774087
1769098336.244006 0.042272 -6.947573 1.769657
1769098336.304003 0.041207 -6.942288 1.766177
1769098336.344020 0.039615 -6.934244 1.761115
1769098336.394024 0.038576 -6.928851 1.757635
1769098336.449023 0.037546 -6.923404 1.753522
1769098336.494019 0.036029 -6.915190 1.748459
1769098336.549015 0.035031 -6.909635 1.744346
1769098336.609012 0.034052 -6.904051 1.740550
1769098336.649018 0.032628 -6.895743 1.734539
1769098336.694031 0.031712 -6.890200 1.729476
1769098336.754015 0.030820 -6.884626 1.724731
1769098336.798999 0.029586 -6.876673 1.716505
1769098336.849026 0.028767 -6.871088 1.709861
1769098336.899008 0.027991 -6.865548 1.703849
1769098336.944036 0.026873 -6.857194 1.695940
1769098336.999007 0.026169 -6.851594 1.691827
1769098337.054006 0.025509 -6.846167 1.688663
1769098337.094029 0.024523 -6.837847 1.684550
1769098337.149031 0.023903 -6.832416 1.682019
1769098337.204034 0.023288 -6.826907 1.680437
1769098337.244049 0.022393 -6.818781 1.676324
1769098337.294015 0.021817 -6.813344 1.672527
1769098337.349085 0.021277 -6.808056 1.668098
1769098337.394041 0.020466 -6.799743 1.659872
1769098337.444044 0.019991 -6.794424 1.654494
1769098337.494046 0.019513 -6.788724 1.648166
1769098337.544104 0.018877 -6.780522 1.641522
1769098337.604030 0.018476 -6.774867 1.636460
1769098337.644043 0.017932 -6.766583 1.630132
1769098337.694044 0.017607 -6.761125 1.626968
1769098337.754107 0.017295 -6.755566 1.623172
1769098337.799082 0.016875 -6.747553 1.617160
1769098337.849108 0.016621 -6.742092 1.613364
1769098337.899041 0.016400 -6.736908 1.609251
1769098337.949050 0.016083 -6.728663 1.602923
1769098337.999044 0.015907 -6.723173 1.599443
1769098338.054046 0.015747 -6.717582 1.594697
1769098338.094038 0.015545 -6.709156 1.589951
1769098338.154027 0.015438 -6.703563 1.586471
1769098338.199027 0.015310 -6.695364 1.580776
1769098338.244047 0.015253 -6.689694 1.575081
1769098338.304027 0.015229 -6.684025 1.569386
1769098338.349047 0.015240 -6.675799 1.561477
1769098338.399040 0.015293 -6.670104 1.554833
1769098338.454046 0.015382 -6.664562 1.550720
1769098338.494053 0.015549 -6.656211 1.542494
1769098338.549057 0.015702 -6.650822 1.540279
1769098338.604035 0.015861 -6.645610 1.537115
1769098338.644074 0.016127 -6.637718 1.533951
1769098338.704069 0.016320 -6.632482 1.532369
1769098338.749058 0.016640 -6.624161 1.527624
1769098338.799047 0.016882 -6.618547 1.523194
1769098338.844058 0.017147 -6.612985 1.517499
1769098338.899092 0.017449 -6.607324 1.513070
1769098338.949059 0.017933 -6.598960 1.505160
1769098339.009047 0.018285 -6.593605 1.500098
1769098339.049062 0.018880 -6.585198 1.492822
1769098339.094065 0.019292 -6.579924 1.488076
1769098339.154072 0.019756 -6.574324 1.484912
1769098339.194060 0.020486 -6.565851 1.477319
1769098339.244055 0.021013 -6.560232 1.473838
1769098339.304074 0.021552 -6.554690 1.469409
1769098339.349075 0.022397 -6.546380 1.464347
1769098339.394116 0.022975 -6.540969 1.460234
1769098339.459065 0.023576 -6.535560 1.456754
1769098339.494060 0.024509 -6.527413 1.451059
1769098339.549066 0.025165 -6.521960 1.447579
1769098339.609079 0.025853 -6.516409 1.442833
1769098339.649071 0.026919 -6.508124 1.437138
1769098339.694063 0.027691 -6.502380 1.431759
1769098339.754068 0.028477 -6.496765 1.426697
1769098339.799086 0.029727 -6.488148 1.419104
1769098339.844074 0.030576 -6.482594 1.413409
1769098339.904068 0.031461 -6.477019 1.408031
1769098339.949104 0.032806 -6.468827 1.401070
1769098339.999098 0.033738 -6.463389 1.396641
1769098340.054087 0.034628 -6.458328 1.393793
1769098340.094072 0.036028 -6.450505 1.388731
1769098340.144136 0.037018 -6.445128 1.386200
1769098340.204074 0.038030 -6.439704 1.383036
1769098340.244083 0.039599 -6.431449 1.377974
1769098340.294127 0.040685 -6.425884 1.373545
1769098340.354063 0.041757 -6.420523 1.369748
1769098340.399162 0.043445 -6.412240 1.363421
1769098340.449080 0.044581 -6.406840 1.358358
1769098340.504084 0.045755 -6.401397 1.352664
1769098340.549086 0.047568 -6.393218 1.346020
1769098340.599067 0.048838 -6.387666 1.340008
1769098340.654081 0.050117 -6.382221 1.334630
1769098340.699068 0.052107 -6.373952 1.327669
1769098340.744080 0.053484 -6.368401 1.323873
1769098340.809078 0.054839 -6.363026 1.320392
1769098340.844080 0.056908 -6.354934 1.315330
1769098340.894078 0.058296 -6.349619 1.313116
1769098340.954089 0.059677 -6.344382 1.310585
1769098340.999063 0.061774 -6.336506 1.304257
1769098341.049095 0.063240 -6.331134 1.299828
1769098341.104084 0.064724 -6.325794 1.295082
1769098341.149142 0.067005 -6.317732 1.287805
1769098341.194090 0.068602 -6.312239 1.281477
1769098341.259079 0.070212 -6.306830 1.276732
1769098341.299099 0.072729 -6.298521 1.269455
1769098341.349092 0.074404 -6.293131 1.264709
1769098341.399095 0.076105 -6.287749 1.260596
1769098341.449095 0.077804 -6.282446 1.256167
1769098341.494095 0.080287 -6.274817 1.250155
1769098341.559087 0.082002 -6.269652 1.246042
1769098341.599075 0.084643 -6.261808 1.240031
1769098341.644098 0.086312 -6.256949 1.235918
1769098341.699081 0.088109 -6.251785 1.232754
1769098341.749096 0.090770 -6.244216 1.228008
1769098341.809123 0.092641 -6.238972 1.225477
1769098341.849081 0.095374 -6.231374 1.220099
1769098341.894113 0.097331 -6.226026 1.217251
1769098341.949136 0.099241 -6.220849 1.213455
1769098342.004156 0.101216 -6.215562 1.207444
1769098342.049115 0.104211 -6.207683 1.198901
1769098342.104131 0.106161 -6.202684 1.191941
1769098342.149110 0.109203 -6.195042 1.184031
1769098342.194119 0.111285 -6.189932 1.178336
1769098342.249110 0.113298 -6.185067 1.174540
1769098342.299112 0.116541 -6.177315 1.170110
1769098342.359119 0.118664 -6.172304 1.167896
1769098342.399091 0.121780 -6.164993 1.164732
1769098342.444115 0.123990 -6.159854 1.161884
1769098342.494115 0.126163 -6.154838 1.158088
1769098342.549092 0.128397 -6.149737 1.154924
1769098342.599085 0.131781 -6.142074 1.146381
1769098342.644132 0.134074 -6.136999 1.141319
1769098342.699095 0.136404 -6.131914 1.135941
1769098342.749118 0.139976 -6.124224 1.127398
1769098342.799099 0.142375 -6.119171 1.122653
1769098342.854089 0.144843 -6.114038 1.118540
1769098342.899098 0.148581 -6.106343 1.111579
1769098342.949113 0.151061 -6.101329 1.107466
1769098343.004120 0.153583 -6.096280 1.103353
1769098343.049126 0.157359 -6.088801 1.096709
1769098343.099123 0.159866 -6.083914 1.093229
1769098343.154148 0.162355 -6.079104 1.088800
1769098343.194124 0.166169 -6.071815 1.084054
1769098343.244184 0.168679 -6.067072 1.080890
1769098343.304123 0.171239 -6.062271 1.078043
1769098343.349133 0.175178 -6.054934 1.073297
1769098343.399103 0.177860 -6.049996 1.068868
1769098343.454129 0.180612 -6.044982 1.065704
1769098343.499111 0.184801 -6.037406 1.056845
1769098343.549117 0.187551 -6.032535 1.052099
1769098343.604115 0.190386 -6.027567 1.046404
1769098343.649138 0.194581 -6.020315 1.037229
1769098343.699129 0.197387 -6.015565 1.032167
1769098343.754128 0.200231 -6.010806 1.027421
1769098343.799118 0.204484 -6.003765 1.022043
1769098343.849147 0.207336 -5.999101 1.018246
1769098343.904139 0.210245 -5.994383 1.015399
1769098343.949113 0.214529 -5.987479 1.010653
1769098343.999124 0.217299 -5.983062 1.008122
1769098344.054157 0.220283 -5.978331 1.004642
1769098344.094170 0.224777 -5.971260 0.999263
1769098344.154123 0.227666 -5.966768 0.994517
1769098344.199126 0.232176 -5.959828 0.986608
1769098344.244142 0.235289 -5.955120 0.981862
1769098344.304157 0.238368 -5.950511 0.977116
1769098344.354183 0.243111 -5.943483 0.967941
1769098344.399125 0.246326 -5.938812 0.961613
1769098344.459125 0.249628 -5.934080 0.957184
1769098344.502790 0.254510 -5.927147 0.951173
1769098344.549147 0.257714 -5.922655 0.947376
1769098344.599134 0.260965 -5.918135 0.944212
1769098344.649148 0.264186 -5.913686 0.941365
1769098344.699144 0.268924 -5.907179 0.937568
1769098344.759144 0.272099 -5.902854 0.933772
1769098344.804129 0.277038 -5.896180 0.928710
1769098344.849154 0.280312 -5.891802 0.923647
1769098344.899152 0.283715 -5.887299 0.918902
1769098344.954152 0.287200 -5.882731 0.914789
1769098344.999149 0.292419 -5.875952 0.907195
1769098345.059149 0.295864 -5.871545 0.902450
1769098345.099148 0.301165 -5.864831 0.895489
1769098345.149166 0.304694 -5.860426 0.890744
1769098345.194196 0.308211 -5.856076 0.885998
1769098345.254159 0.311701 -5.851803 0.882201
1769098345.299142 0.316993 -5.845373 0.874292
1769098345.344154 0.320517 -5.841160 0.870811
1769098345.399131 0.323859 -5.837191 0.866066
1769098345.444157 0.328991 -5.831156 0.860687
1769098345.504155 0.332622 -5.826934 0.858156
1769098345.549221 0.338132 -5.820556 0.853410
1769098345.599141 0.341743 -5.816418 0.849930
1769098345.654171 0.345419 -5.812234 0.846133
1769098345.699181 0.351006 -5.805924 0.840122
1769098345.749182 0.354772 -5.801720 0.834744
1769098345.809243 0.358545 -5.797556 0.828416
1769098345.849169 0.364397 -5.791178 0.818924
1769098345.899175 0.368183 -5.787129 0.812913
1769098345.949180 0.372132 -5.782956 0.807535
1769098346.004198 0.375964 -5.778951 0.803422
1769098346.049179 0.381763 -5.772939 0.798992
1769098346.104187 0.385593 -5.769003 0.796778
1769098346.149183 0.391131 -5.763338 0.793297
1769098346.194179 0.394984 -5.759423 0.790450
1769098346.259187 0.398812 -5.755556 0.786337
1769098346.299175 0.404695 -5.749662 0.779693
1769098346.349174 0.408583 -5.745819 0.775264
1769098346.409169 0.412578 -5.741904 0.770518
1769098346.449166 0.418590 -5.736068 0.762608
1769098346.499145 0.422671 -5.732169 0.758495
1769098346.559176 0.426768 -5.728287 0.754382
1769098346.599170 0.433002 -5.722428 0.748055
1769098346.644171 0.437139 -5.718589 0.743309
1769098346.699171 0.441350 -5.714718 0.738879
1769098346.754180 0.445467 -5.710968 0.733817
1769098346.799178 0.451688 -5.705357 0.726540
1769098346.849187 0.455794 -5.701708 0.721795
1769098346.904186 0.459935 -5.698063 0.717998
1769098346.949179 0.466112 -5.692668 0.712936
1769098346.999168 0.470228 -5.689108 0.710089
1769098347.054228 0.474355 -5.685561 0.706608
1769098347.094185 0.480707 -5.680138 0.702179
1769098347.144190 0.485036 -5.676476 0.697750
1769098347.199170 0.489380 -5.672833 0.692687
1769098347.244188 0.495944 -5.667386 0.685411
1769098347.299181 0.500294 -5.663829 0.679083
1769098347.354168 0.504706 -5.660269 0.672755
1769098347.399176 0.511357 -5.654969 0.664529
1769098347.449190 0.515761 -5.651520 0.659784
1769098347.504196 0.520120 -5.648137 0.655987
1769098347.549192 0.526699 -5.643074 0.650925
1769098347.599175 0.531088 -5.639730 0.647128
1769098347.654210 0.535571 -5.636343 0.645230
1769098347.699185 0.542184 -5.631365 0.640484
1769098347.759194 0.546365 -5.628250 0.636688
1769098347.799186 0.552735 -5.623540 0.631942
1769098347.849258 0.557207 -5.620265 0.627829
1769098347.909252 0.561693 -5.617009 0.621818
1769098347.949242 0.568359 -5.612232 0.616123
1769098347.999271 0.572656 -5.609190 0.611693
1769098348.054283 0.577276 -5.605949 0.606315
1769098348.094204 0.584348 -5.601045 0.599354
1769098348.149211 0.588946 -5.597904 0.594925
1769098348.204199 0.593704 -5.594684 0.590812
1769098348.244208 0.600662 -5.590017 0.587964
1769098348.299182 0.605422 -5.586844 0.587964
1769098348.354208 0.609886 -5.583868 0.587332
1769098348.394204 0.616713 -5.579323 0.587964
1769098348.444264 0.621157 -5.576361 0.589546
1769098348.504187 0.625406 -5.573519 0.590179
1769098348.549210 0.632304 -5.568899 0.590812
1769098348.599205 0.636886 -5.565825 0.591445
1769098348.649204 0.641593 -5.562664 0.592077
1769098348.699191 0.648398 -5.558087 0.590812
1769098348.759222 0.653022 -5.554985 0.591445
1769098348.799193 0.660166 -5.550187 0.588281
1769098348.849213 0.664714 -5.547153 0.588281
1769098348.909204 0.669388 -5.544035 0.586383
1769098348.949217 0.676303 -5.539441 0.584484
1769098348.999207 0.680947 -5.536369 0.585117
1769098349.059203 0.685568 -5.533307 0.584168
1769098349.099191 0.692620 -5.528645 0.584801
1769098349.149214 0.697242 -5.525585 0.585750
1769098349.204225 0.701924 -5.522479 0.587648
1769098349.249210 0.708728 -5.517946 0.589230
1769098349.299216 0.713358 -5.514852 0.589863
1769098349.344273 0.717880 -5.511825 0.590812
1769098349.404194 0.722420 -5.508780 0.591445
1769098349.449218 0.729186 -5.504236 0.592077
1769098349.499204 0.733806 -5.501128 0.591445
1769098349.554223 0.738429 -5.498023 0.590812
1769098349.599221 0.745492 -5.493286 0.590179
1769098349.654229 0.749950 -5.490300 0.588914
1769098349.699222 0.756916 -5.485646 0.588597
1769098349.749238 0.761569 -5.482541 0.587015
1769098349.804238 0.766374 -5.479344 0.587015
1769098349.849290 0.773265 -5.474760 0.586066
1769098349.899242 0.777883 -5.471694 0.586383
1769098349.954226 0.782352 -5.468725 0.587648
1769098349.999223 0.789177 -5.464179 0.588914
1769098350.049257 0.793744 -5.461128 0.589230
1769098350.104240 0.798353 -5.458047 0.589546
1769098350.149212 0.805358 -5.453361 0.591761
1769098350.194322 0.810022 -5.450227 0.591761
1769098350.254220 0.814643 -5.447121 0.592394
1769098350.324220 0.821741 -5.442344 0.591128
1769098350.344280 0.826280 -5.439297 0.590496
1769098350.409235 0.830927 -5.436183 0.588914
1769098350.449258 0.837851 -5.431557 0.587964
1769098350.499226 0.842547 -5.428427 0.586383
1769098350.559290 0.847228 -5.425318 0.585117
1769098350.599236 0.854360 -5.420593 0.583851
1769098350.644240 0.859111 -5.417453 0.584168
1769098350.709245 0.863862 -5.414313 0.585117
1769098350.749288 0.870761 -5.409741 0.586699
1769098350.794211 0.875420 -5.406645 0.587648
1769098350.849245 0.879864 -5.403684 0.588597
1769098350.899239 0.884390 -5.400663 0.590179
1769098350.944250 0.891120 -5.396155 0.591445
1769098350.999245 0.895658 -5.393107 0.592077
1769098351.054293 0.900237 -5.390028 0.592077
1769098351.094305 0.907314 -5.385267 0.591128
1769098351.154234 0.911749 -5.382291 0.591445
1769098351.194252 0.918640 -5.377662 0.589546
1769098351.244232 0.923269 -5.374566 0.588914
1769098351.304311 0.927794 -5.371544 0.589230
1769098351.344256 0.934780 -5.366874 0.586699
1769098351.399243 0.939480 -5.363749 0.586383
1769098351.454250 0.943950 -5.360780 0.586383
1769098351.499249 0.950907 -5.356158 0.586383
1769098351.549300 0.955482 -5.353119 0.586699
1769098351.604321 0.960161 -5.350008 0.587964
1769098351.644307 0.967090 -5.345389 0.589546
1769098351.699252 0.971782 -5.342251 0.590496
1769098351.749256 0.976302 -5.339221 0.592077
1769098351.799315 0.983359 -5.334475 0.592077
1769098351.849256 0.987622 -5.331607 0.591761
1769098351.904322 0.992181 -5.328544 0.590812
1769098351.944281 0.999075 -5.323919 0.590179
1769098351.999310 1.003744 -5.320792 0.588914
1769098352.054290 1.008395 -5.317685 0.587964
1769098352.094261 1.015577 -5.312898 0.585750
1769098352.144363 1.020365 -5.309722 0.584168
1769098352.204256 1.025136 -5.306567 0.584168
1769098352.249272 1.032188 -5.301905 0.584168
1769098352.299258 1.036854 -5.298820 0.585117
1769098352.349264 1.041391 -5.295814 0.586066
1769098352.399252 1.048223 -5.291278 0.587332
1769098352.449275 1.052647 -5.288333 0.588597
1769098352.504269 1.057131 -5.285340 0.589546
1769098352.544247 1.063990 -5.280752 0.590812
1769098352.599267 1.068677 -5.277608 0.591128
1769098352.654312 1.073385 -5.274449 0.591761
1769098352.699255 1.080506 -5.269662 0.590179
1769098352.744242 1.085112 -5.266577 0.591761
1769098352.809259 1.089775 -5.263443 0.590496
1769098352.849307 1.096734 -5.258779 0.588914
1769098352.899325 1.101428 -5.255643 0.587964
1769098352.954273 1.105998 -5.252597 0.587015
1769098352.999250 1.113036 -5.247915 0.585750
1769098353.049280 1.117634 -5.244864 0.585117
1769098353.104276 1.122403 -5.241705 0.586383
1769098353.149276 1.129381 -5.237069 0.586699
1769098353.199272 1.134061 -5.233958 0.587964
1769098353.254272 1.138610 -5.230926 0.589863
1769098353.299298 1.145572 -5.226266 0.590179
1769098353.344277 1.150030 -5.223280 0.591445
1769098353.404278 1.154547 -5.220245 0.591761
1769098353.444283 1.161164 -5.215798 0.591445
1769098353.499289 1.165787 -5.212693 0.590812
1769098353.559288 1.170390 -5.209606 0.589863
1769098353.599282 1.177542 -5.204819 0.587964
1769098353.649284 1.182301 -5.201646 0.587332
1769098353.709283 1.187147 -5.198420 0.586066
1769098353.749316 1.194169 -5.193758 0.584484
1769098353.799307 1.198940 -5.190602 0.583851
1769098353.854305 1.203523 -5.187574 0.584168
1769098353.899288 1.210406 -5.183024 0.585433
1769098353.944334 1.214920 -5.180031 0.586699
1769098354.009307 1.219515 -5.176976 0.587332
1769098354.049339 1.226320 -5.172446 0.588281
1769098354.094343 1.230953 -5.169356 0.589546
1769098354.159303 1.235581 -5.166260 0.590812
1769098354.199286 1.242644 -5.161523 0.590812
1769098354.249290 1.247226 -5.158449 0.592077
1769098354.309280 1.251868 -5.155327 0.591128
1769098354.349291 1.258698 -5.150743 0.590179
1769098354.394290 1.263387 -5.147602 0.589863
1769098354.444344 1.267973 -5.144533 0.589230
1769098354.504292 1.272665 -5.141396 0.588281
1769098354.544308 1.279761 -5.136663 0.585433
1769098354.594294 1.284529 -5.133502 0.586066
1769098354.654298 1.289189 -5.130408 0.585750
1769098354.699298 1.296318 -5.125679 0.586383
1769098354.744290 1.300914 -5.122625 0.587015
1769098354.799363 1.305529 -5.119555 0.588597
1769098354.849349 1.312223 -5.115087 0.589230
1769098354.899313 1.316789 -5.112034 0.590179
1769098354.949305 1.321290 -5.109020 0.590812
1769098354.999290 1.328268 -5.104339 0.590812
1769098355.049308 1.332851 -5.101266 0.590812
1769098355.099302 1.337538 -5.098122 0.591128
1769098355.149360 1.344621 -5.093368 0.590179
1769098355.194358 1.349394 -5.090171 0.588597
1769098355.249299 1.354089 -5.087037 0.588281
1769098355.299310 1.361163 -5.082318 0.585117
1769098355.354290 1.365489 -5.079452 0.584801
1769098355.399287 1.372179 -5.075023 0.584484
1769098355.449370 1.376823 -5.071950 0.585117
1769098355.509312 1.381254 -5.069015 0.584484
1769098355.544320 1.388115 -5.064476 0.586066
1769098355.599308 1.392796 -5.061368 0.587332
1769098355.654289 1.397347 -5.058338 0.587964
1769098355.699323 1.404318 -5.053691 0.589546
1769098355.749320 1.408904 -5.050624 0.591445
1769098355.809352 1.413464 -5.047561 0.591128
1769098355.849331 1.420294 -5.042977 0.591445
1769098355.899299 1.424916 -5.039872 0.590812
1769098355.954355 1.429478 -5.036813 0.591128
1769098355.999317 1.436518 -5.032087 0.588914
1769098356.049339 1.441232 -5.028938 0.587648
1769098356.109323 1.446056 -5.025725 0.587964
1769098356.149329 1.453132 -5.021008 0.585433
1769098356.199319 1.457921 -5.017833 0.585750
1769098356.254366 1.462540 -5.014769 0.586066
1769098356.299378 1.469246 -5.010317 0.586699
1769098356.344343 1.473483 -5.007500 0.586383
1769098356.404319 1.477994 -5.004503 0.588914
1769098356.449326 1.484708 -5.000018 0.589863
1769098356.499328 1.489357 -4.996907 0.590812
1769098356.554323 1.493897 -4.993862 0.592710
1769098356.599324 1.501077 -4.989026 0.597772
1769098356.649332 1.505575 -4.985963 0.601885
1769098356.704331 1.510290 -4.982725 0.605049
1769098356.744328 1.517222 -4.977931 0.610428
1769098356.799325 1.521868 -4.974681 0.613592
1769098356.854337 1.526317 -4.971547 0.615806
1769098356.899377 1.533176 -4.966693 0.620868
1769098356.944327 1.537685 -4.963469 0.624349
1769098356.999333 1.541998 -4.960362 0.627512
1769098357.049350 1.548882 -4.955368 0.634473
1769098357.104346 1.553203 -4.952188 0.638902
1769098357.149342 1.559929 -4.947192 0.646812
1769098357.194336 1.564110 -4.944035 0.650925
1769098357.254340 1.568459 -4.940722 0.655354
1769098357.299331 1.574920 -4.935755 0.662947
1769098357.349344 1.578990 -4.932577 0.667377
1769098357.399343 1.583245 -4.929225 0.673072
1769098357.449339 1.589696 -4.924081 0.680032
1769098357.509329 1.593711 -4.920834 0.685727
1769098357.549394 1.600332 -4.915417 0.692687
1769098357.599338 1.604637 -4.911845 0.695535
1769098357.654335 1.608834 -4.908341 0.699331
1769098357.699342 1.615052 -4.903111 0.703444
1769098357.749376 1.619433 -4.899395 0.706925
1769098357.804364 1.623648 -4.895795 0.708507
1769098357.849393 1.630048 -4.890310 0.713252
1769098357.899366 1.634221 -4.886700 0.717682
1769098357.954442 1.638435 -4.883021 0.722427
1769098357.999383 1.644644 -4.877549 0.730970
1769098358.049359 1.648808 -4.873815 0.736981
1769098358.104361 1.652932 -4.870072 0.742676
1769098358.149365 1.659066 -4.864441 0.749953
1769098358.194361 1.663178 -4.860611 0.753749
1769098358.254353 1.667108 -4.856922 0.757862
1769098358.299348 1.673212 -4.851145 0.762925
1769098358.349359 1.677127 -4.847402 0.767354
1769098358.409354 1.681189 -4.843484 0.770201
1769098358.454373 1.687185 -4.837668 0.777795
1769098358.499351 1.691278 -4.833637 0.783173
1769098358.554369 1.695278 -4.829654 0.787286
1769098358.599355 1.701352 -4.823558 0.792348
1769098358.644353 1.705297 -4.819557 0.794879
1769098358.709369 1.709197 -4.815583 0.798043
1769098358.749394 1.715063 -4.809566 0.802473
1769098358.799398 1.718915 -4.805580 0.805953
1769098358.859415 1.722561 -4.801782 0.810382
1769098358.899372 1.728265 -4.795785 0.818292
1769098358.949366 1.732088 -4.791702 0.823670
1769098359.004373 1.735786 -4.787709 0.830314
1769098359.049345 1.741148 -4.781843 0.839806
1769098359.094383 1.744747 -4.777829 0.845184
1769098359.154368 1.748442 -4.773663 0.849614
1769098359.194372 1.753874 -4.767485 0.854359
1769098359.249381 1.757647 -4.763152 0.857207
1769098359.304350 1.761209 -4.759038 0.860687
1769098359.344389 1.766802 -4.752532 0.866066
1769098359.399371 1.770426 -4.748271 0.869546
1769098359.454380 1.774133 -4.743881 0.873659
1769098359.499369 1.779512 -4.737458 0.880303
1769098359.549375 1.782913 -4.733341 0.884416
1769098359.604389 1.786394 -4.729092 0.887896
1769098359.644436 1.791649 -4.722632 0.893907
1769098359.694461 1.795073 -4.718371 0.897704
1769098359.757268 1.798545 -4.714017 0.901501
1769098359.799390 1.803664 -4.707545 0.907828
1769098359.849406 1.807075 -4.703177 0.913840
1769098359.929391 1.810492 -4.698747 0.919218
1769098359.949419 1.815541 -4.692126 0.927128
1769098359.999403 1.818898 -4.687652 0.931873
1769098360.054388 1.822144 -4.683283 0.937252
1769098360.094419 1.827088 -4.676552 0.943580
1769098360.144387 1.830134 -4.672351 0.947060
1769098360.199378 1.833475 -4.667708 0.948958
1769098360.244408 1.838355 -4.660898 0.953704
1769098360.309388 1.841709 -4.656171 0.956551
1769098360.344401 1.846479 -4.649407 0.961297
1769098360.394392 1.849565 -4.644987 0.964777
1769098360.449399 1.852751 -4.640389 0.970156
1769098360.499397 1.857272 -4.633791 0.975851
1769098360.549394 1.860322 -4.629284 0.980596
1769098360.604387 1.863322 -4.624805 0.985342
1769098360.644393 1.867854 -4.617970 0.992935
1769098360.699373 1.870798 -4.613454 0.998314
1769098360.754413 1.873746 -4.608880 1.004325
1769098360.799399 1.878229 -4.601832 1.011286
1769098360.849414 1.881319 -4.596898 1.016981
1769098360.904370 1.884207 -4.592227 1.021094
1769098360.949415 1.888663 -4.584954 1.027105
1769098360.999393 1.891479 -4.580297 1.030585
1769098361.054396 1.894407 -4.575413 1.034065
1769098361.099393 1.898640 -4.568300 1.038811
1769098361.144398 1.901464 -4.563501 1.043240
1769098361.199385 1.904267 -4.558690 1.046404
1769098361.244410 1.908487 -4.551394 1.051150
1769098361.299411 1.911315 -4.546451 1.055263
1769098361.354397 1.914098 -4.541540 1.060009
1769098361.399402 1.918206 -4.534210 1.066336
1769098361.449405 1.920861 -4.529401 1.070449
1769098361.504379 1.923508 -4.524560 1.074879
1769098361.544414 1.927398 -4.517370 1.082788
1769098361.599404 1.930009 -4.512451 1.087851
1769098361.654400 1.932489 -4.507721 1.093229
1769098361.699388 1.936363 -4.500236 1.099240
1769098361.749443 1.938881 -4.495298 1.103353
1769098361.804435 1.941435 -4.490236 1.104619
1769098361.844429 1.945201 -4.482753 1.104935
1769098361.899388 1.947657 -4.477868 1.103670
1769098361.949411 1.950176 -4.472874 1.102088
1769098361.999429 1.953892 -4.465535 1.098608
1769098362.054492 1.956252 -4.460914 1.097658
1769098362.094409 1.960104 -4.453389 1.096393
1769098362.154468 1.962439 -4.448841 1.097026
1769098362.199417 1.966146 -4.441611 1.099240
1769098362.244415 1.968641 -4.436718 1.100189
1769098362.299416 1.971201 -4.431687 1.101771
1769098362.354426 1.973638 -4.426878 1.102721
1769098362.399400 1.977440 -4.419356 1.104302
1769098362.449437 1.979865 -4.414541 1.104619
1769098362.504395 1.982345 -4.409612 1.103986
1769098362.549414 1.986058 -4.402244 1.103353
1769098362.599397 1.988636 -4.397137 1.103353
1769098362.649403 1.991065 -4.392324 1.103670
1769098362.699424 1.994929 -4.384663 1.104619
1769098362.749428 1.997421 -4.379712 1.103670
1769098362.804492 2.000008 -4.374582 1.103353
1769098362.849421 2.003840 -4.366990 1.101455
1769098362.899415 2.006439 -4.361866 1.099873
1769098362.954427 2.008931 -4.356971 1.099557
1769098362.999416 2.012711 -4.349551 1.097975
1769098363.049429 2.015201 -4.344684 1.098608
1769098363.099425 2.017699 -4.339793 1.098924
1769098363.149428 2.021254 -4.332826 1.101771
1769098363.199431 2.023794 -4.327814 1.103670
1769098363.249446 2.026267 -4.322910 1.105252
1769098363.299432 2.030062 -4.315356 1.105252
1769098363.349461 2.032562 -4.310380 1.106517
1769098363.399439 2.035123 -4.305266 1.105252
1769098363.449443 2.038850 -4.297847 1.103986
1769098363.499436 2.041425 -4.292739 1.102088
1769098363.554434 2.043940 -4.287771 1.100189
1769098363.594443 2.047785 -4.280214 1.098608
1769098363.644442 2.050271 -4.275345 1.097975
1769098363.704448 2.052888 -4.270230 1.098291
1769098363.749443 2.056712 -4.262747 1.098924
1769098363.799428 2.059335 -4.257607 1.100189
1769098363.854453 2.061791 -4.252780 1.100189
1769098363.894448 2.065579 -4.245335 1.100822
1769098363.949442 2.068020 -4.240528 1.101771
1769098364.004444 2.070537 -4.235561 1.102404
1769098364.049528 2.074194 -4.228334 1.103037
1769098364.094445 2.076670 -4.223432 1.103353
1769098364.154453 2.079134 -4.218551 1.103986
1769098364.194448 2.082938 -4.211002 1.105252
1769098364.249454 2.085495 -4.205913 1.104935
1769098364.304451 2.088053 -4.200825 1.105884
1769098364.349501 2.091877 -4.193201 1.103037
1769098364.399448 2.094456 -4.188095 1.101771
1769098364.459428 2.096950 -4.183173 1.099873
1769098364.499459 2.100786 -4.175639 1.097342
1769098364.549453 2.103302 -4.170729 1.097342
1769098364.604447 2.105841 -4.165773 1.097342
1769098364.649455 2.109418 -4.158790 1.099240
1769098364.699457 2.111936 -4.153852 1.101455
1769098364.754467 2.114443 -4.148908 1.103037
1769098364.794457 2.118244 -4.141385 1.104619
1769098364.849469 2.120678 -4.136546 1.105252
1769098364.909460 2.123167 -4.131593 1.105568
1769098364.949468 2.126880 -4.124196 1.104619
1769098364.994461 2.129394 -4.119199 1.103037
1769098365.054466 2.131882 -4.114274 1.102404
1769098365.094519 2.135687 -4.106754 1.100822
1769098365.144472 2.138186 -4.101834 1.101455
1769098365.199446 2.140761 -4.096755 1.101139
1769098365.249458 2.144610 -4.089172 1.099873
1769098365.299464 2.147229 -4.084029 1.099873
1769098365.354436 2.149767 -4.079044 1.098291
1769098365.399474 2.153602 -4.071539 1.097975
1769098365.449521 2.156081 -4.066694 1.098924
1769098365.504443 2.158612 -4.061735 1.099557
1769098365.549463 2.162266 -4.054563 1.100822
1769098365.594469 2.164765 -4.049644 1.102721
1769098365.654478 2.167186 -4.044855 1.103986
1769098365.699448 2.170945 -4.037396 1.105252
1769098365.749463 2.173444 -4.032420 1.106517
1769098365.809472 2.176028 -4.027260 1.107150
1769098365.859497 2.179820 -4.019676 1.105568
1769098365.899472 2.182364 -4.014609 1.104302
1769098365.954485 2.184857 -4.009659 1.102721
1769098365.999521 2.188705 -4.002046 1.099240
1769098366.049487 2.191212 -3.997131 1.098608
1769098366.109479 2.193756 -3.992149 1.098291
1769098366.149485 2.197511 -3.984802 1.098924
1769098366.194495 2.200077 -3.979775 1.100506
1769098366.254489 2.202589 -3.974833 1.100189
1769098366.299458 2.206376 -3.967389 1.100189
1769098366.349459 2.208912 -3.962403 1.099873
1769098366.394492 2.211450 -3.957418 1.097658
1769098366.449482 2.213895 -3.952642 1.094495
1769098366.499476 2.217748 -3.945174 1.088167
1769098366.549491 2.220285 -3.940331 1.083738
1769098366.599483 2.222927 -3.935344 1.078359
1769098366.644544 2.226852 -3.928028 1.072664
1769098366.699469 2.229585 -3.923003 1.066969
1769098366.754498 2.232334 -3.918016 1.063489
1769098366.794487 2.236515 -3.910494 1.054630
1769098366.849549 2.239314 -3.905563 1.049568
1769098366.904553 2.242111 -3.900690 1.044506
1769098366.949533 2.246320 -3.893446 1.037229
1769098367.009546 2.248946 -3.889000 1.033433
1769098367.049493 2.253144 -3.881955 1.027738
1769098367.094494 2.255890 -3.877405 1.026472
1769098367.159495 2.258735 -3.872706 1.024257
1769098367.199498 2.263010 -3.865679 1.019512
1769098367.244492 2.266006 -3.860806 1.016348
1769098367.309512 2.268911 -3.856115 1.011286
1769098367.349501 2.273425 -3.848907 1.004325
1769098367.394501 2.276400 -3.844230 1.000212
1769098367.449506 2.279476 -3.839437 0.994201
1769098367.499495 2.282497 -3.834790 0.989455
1769098367.549499 2.287084 -3.827810 0.982495
1769098367.594541 2.290174 -3.823178 0.976800
1769098367.649498 2.293305 -3.818542 0.970789
1769098367.699523 2.298021 -3.811649 0.963828
1769098367.749541 2.301212 -3.807054 0.960348
1769098367.799538 2.304447 -3.802429 0.956868
1769098367.849498 2.309215 -3.795664 0.952122
1769098367.899513 2.312445 -3.791128 0.949591
1769098367.954508 2.315627 -3.786682 0.946427
1769098367.994531 2.320465 -3.779967 0.940416
1769098368.049519 2.323688 -3.775551 0.935986
1769098368.099484 2.327020 -3.771026 0.932190
1769098368.144498 2.332014 -3.764299 0.923647
1769098368.194512 2.335493 -3.759695 0.918585
1769098368.249522 2.338873 -3.755270 0.912258
1769098368.299508 2.344201 -3.748384 0.904664
1769098368.349515 2.347689 -3.743946 0.899919
1769098368.404498 2.351229 -3.739485 0.895173
1769098368.449514 2.356405 -3.733027 0.890427
1769098368.499515 2.359844 -3.728777 0.887263
1769098368.554509 2.363265 -3.724578 0.883467
1769098368.594542 2.368452 -3.718259 0.878088
1769098368.644516 2.371944 -3.714052 0.874292
1769098368.704491 2.375500 -3.709800 0.870179
1769098368.749493 2.380917 -3.703376 0.863851
1769098368.794503 2.384501 -3.699180 0.860687
1769098368.854510 2.388247 -3.694824 0.856574
1769098368.899495 2.393734 -3.688493 0.851196
1769098368.949527 2.397521 -3.684172 0.847715
1769098369.004493 2.401122 -3.680092 0.842337
1769098369.049522 2.406767 -3.673765 0.833795
1769098369.094532 2.410526 -3.669623 0.827783
1769098369.159498 2.414396 -3.665410 0.822088
1769098369.199519 2.420030 -3.659347 0.814811
1769098369.244521 2.423867 -3.655277 0.811331
1769098369.304526 2.427631 -3.651313 0.806902
1769098369.349522 2.433181 -3.645518 0.803422
1769098369.394522 2.436977 -3.641584 0.800891
1769098369.454529 2.440747 -3.637695 0.798992
1769098369.499519 2.446590 -3.631691 0.792981
1769098369.549538 2.450497 -3.627724 0.788552
1769098369.604526 2.454440 -3.623756 0.783173
1769098369.644530 2.460378 -3.617845 0.775264
1769098369.699544 2.464499 -3.613806 0.768303
1769098369.754521 2.468522 -3.609919 0.763557
1769098369.794591 2.474720 -3.603985 0.755015
1769098369.849510 2.478775 -3.600170 0.751851
1769098369.909540 2.482916 -3.596297 0.748055
1769098369.949590 2.489076 -3.590581 0.742360
1769098369.994529 2.493142 -3.586851 0.738563
1769098370.059551 2.497203 -3.583154 0.735716
1769098370.099540 2.503339 -3.577599 0.729704
1769098370.144538 2.507433 -3.573937 0.725591
1769098370.204535 2.511485 -3.570343 0.721795
1769098370.249514 2.517736 -3.564841 0.715783
1769098370.299519 2.521842 -3.561270 0.711670
1769098370.349519 2.526059 -3.557633 0.708507
1769098370.399521 2.530306 -3.553994 0.704394
1769098370.449532 2.536883 -3.548404 0.697117
1769098370.504520 2.541191 -3.544797 0.693320
1769098370.549542 2.547557 -3.539508 0.684778
1769098370.594530 2.551928 -3.535938 0.679399
1769098370.654597 2.556457 -3.532280 0.674337
1769098370.699548 2.562784 -3.527223 0.667377
1769098370.749548 2.567118 -3.523808 0.662947
1769098370.804540 2.571347 -3.520505 0.661049
1769098370.849558 2.577820 -3.515470 0.660416
1769098370.899551 2.582138 -3.512117 0.660416
1769098370.959560 2.586555 -3.508685 0.660733
1769098370.999558 2.593150 -3.503559 0.661998
1769098371.049535 2.597622 -3.500074 0.661365
1769098371.104529 2.602056 -3.496623 0.660733
1769098371.149539 2.608671 -3.491482 0.659784
1769098371.199540 2.613071 -3.488069 0.657252
1769098371.244575 2.617499 -3.484651 0.656303
1769098371.299544 2.621931 -3.481238 0.655354
1769098371.349573 2.628633 -3.476086 0.654089
1769098371.394551 2.633132 -3.472636 0.654721
1769098371.454546 2.637650 -3.469168 0.655038
1769098371.499569 2.644354 -3.464019 0.655038
1769098371.549565 2.648830 -3.460580 0.655987
1769098371.599552 2.653182 -3.457230 0.656303
1769098371.644573 2.659719 -3.452195 0.657569
1769098371.694568 2.663966 -3.448916 0.657569
1769098371.754568 2.668273 -3.445590 0.657885
1769098371.799572 2.674742 -3.440591 0.659467
1769098371.849581 2.679063 -3.437241 0.660100
1769098371.904586 2.683522 -3.433780 0.661049
1769098371.949623 2.690215 -3.428574 0.661365
1769098372.004596 2.694669 -3.425108 0.660416
1769098372.049561 2.701265 -3.419984 0.659784
1769098372.099578 2.705665 -3.416571 0.658518
1769098372.154578 2.710149 -3.413101 0.657252
1769098372.199579 2.716782 -3.407983 0.654405
1769098372.244586 2.721079 -3.404686 0.655671
1769098372.309556 2.724329 -3.402186 0.654405
1769098372.354559 2.726859 -3.400245 0.656936
1769098372.399612 2.727501 -3.399750 0.657569
1769098372.444566 2.727781 -3.399534 0.658834
1769098372.504578 2.727821 -3.399503 0.659467
1769098372.549572 2.727861 -3.399472 0.660100
1769098372.604572 2.727861 -3.399472 0.660100
1769098372.649562 2.727881 -3.399456 0.660416
1769098372.694654 2.727881 -3.399456 0.660416
1769098372.759621 2.727881 -3.399456 0.660416
1769098372.799587 2.727881 -3.399456 0.660416
1769098372.849600 2.727881 -3.399456 0.660416
1769098372.909564 2.727881 -3.399456 0.660416
1769098372.949599 2.727881 -3.399456 0.660416
1769098373.004559 2.727881 -3.399456 0.660416
1769098373.059587 2.727881 -3.399456 0.660416
1769098373.099589 2.727881 -3.399456 0.660416
1769098373.144594 2.727881 -3.399456 0.660416
1769098373.199584 2.727881 -3.399456 0.660416
1769098373.249588 2.727881 -3.399456 0.660416
1769098373.299578 2.727881 -3.399456 0.660416
1769098373.349610 2.727881 -3.399456 0.660416
1769098373.399592 2.727881 -3.399456 0.660416
1769098373.449579 2.727881 -3.399456 0.660416
1769098373.499583 2.727901 -3.399441 0.660733
1769098373.554605 2.727901 -3.399441 0.660733
1769098373.599581 2.727881 -3.399456 0.660416
1769098373.649586 2.727881 -3.399456 0.660416
1769098373.704676 2.727881 -3.399456 0.660416
1769098373.749631 2.727881 -3.399456 0.660416
1769098373.799595 2.727881 -3.399456 0.660416
1769098373.854600 2.727881 -3.399456 0.660416
1769098373.899624 2.727881 -3.399456 0.660416
1769098373.949689 2.727901 -3.399441 0.660733
1769098374.004627 2.727901 -3.399441 0.660733
1769098374.049655 2.727901 -3.399441 0.660733
1769098374.094704 2.727901 -3.399441 0.660733
1769098374.149601 2.727881 -3.399456 0.660416
1769098374.199614 2.727881 -3.399456 0.660416
1769098374.244633 2.727901 -3.399441 0.660733
1769098374.304610 2.727901 -3.399441 0.660733
1769098374.349593 2.727901 -3.399441 0.660733
1769098374.399607 2.727881 -3.399456 0.660416
1769098374.454626 2.727901 -3.399441 0.660733
1769098374.499618 2.727881 -3.399456 0.660416
1769098374.549626 2.727901 -3.399441 0.660733
1769098374.599686 2.727901 -3.399441 0.660733
1769098374.644647 2.727901 -3.399441 0.660733
1769098374.699622 2.727881 -3.399456 0.660416
1769098374.754604 2.727881 -3.399456 0.660416
1769098374.799646 2.727881 -3.399456 0.660416
1769098374.849625 2.727901 -3.399441 0.660733
1769098374.904625 2.727901 -3.399441 0.660733
1769098374.949613 2.727881 -3.399456 0.660416
1769098374.999625 2.727901 -3.399441 0.660733
1769098375.054627 2.727901 -3.399441 0.660733
1769098375.099611 2.727901 -3.399441 0.660733
1769098375.149600 2.727901 -3.399441 0.660733
1769098375.204603 2.727901 -3.399441 0.660733
1769098375.244697 2.727901 -3.399441 0.660733
1769098375.299670 2.727881 -3.399456 0.660416
1769098375.354622 2.727881 -3.399456 0.660416
1769098375.394628 2.727901 -3.399441 0.660733
1769098375.449635 2.727901 -3.399441 0.660733
1769098375.499622 2.727901 -3.399441 0.660733
1769098375.549633 2.727881 -3.399456 0.660416
1769098375.599631 2.727881 -3.399456 0.660416
1769098375.649597 2.727881 -3.399456 0.660416
1769098375.699611 2.727881 -3.399456 0.660416
1769098375.749702 2.727881 -3.399456 0.660416
1769098375.804642 2.727901 -3.399441 0.660733
1769098375.849633 2.727881 -3.399456 0.660416
1769098375.899623 2.727901 -3.399441 0.660733
1769098375.954646 2.727901 -3.399441 0.660733
1769098375.999629 2.727881 -3.399456 0.660416
1769098376.049735 2.727901 -3.399441 0.660733
1769098376.099667 2.727901 -3.399441 0.660733
1769098376.149642 2.727881 -3.399456 0.660416
1769098376.199633 2.727901 -3.399441 0.660733
1769098376.249633 2.727901 -3.399441 0.660733
1769098376.299630 2.727901 -3.399441 0.660733
1769098376.354631 2.727901 -3.399441 0.660733
1769098376.399630 2.727881 -3.399456 0.660416
1769098376.449629 2.727881 -3.399456 0.660416
1769098376.509637 2.727901 -3.399441 0.660733
1769098376.549654 2.727901 -3.399441 0.660733
1769098376.599648 2.727901 -3.399441 0.660733
1769098376.649638 2.727901 -3.399441 0.660733
1769098376.699649 2.727901 -3.399441 0.660733
1769098376.759650 2.727901 -3.399441 0.660733
1769098376.799641 2.727901 -3.399441 0.660733
1769098376.849657 2.727901 -3.399441 0.660733
1769098376.909661 2.727881 -3.399456 0.660416
1769098376.949686 2.727901 -3.399441 0.660733
1769098376.999654 2.727901 -3.399441 0.660733
1769098377.059642 2.727901 -3.399441 0.660733
1769098377.099641 2.727881 -3.399456 0.660416
1769098377.144662 2.727901 -3.399441 0.660733
1769098377.209656 2.727901 -3.399441 0.660733
1769098377.249654 2.727901 -3.399441 0.660733
1769098377.299672 2.727901 -3.399441 0.660733
1769098377.349629 2.727901 -3.399441 0.660733
1769098377.404629 2.727901 -3.399441 0.660733
1769098377.449706 2.727901 -3.399441 0.660733
1769098377.499667 2.727881 -3.399456 0.660416
1769098377.554661 2.727901 -3.399441 0.660733
1769098377.599645 2.727901 -3.399441 0.660733
1769098377.644684 2.727901 -3.399441 0.660733
1769098377.709664 2.727901 -3.399441 0.660733
1769098377.749708 2.727901 -3.399441 0.660733
1769098377.799745 2.727901 -3.399441 0.660733
1769098377.854757 2.727901 -3.399441 0.660733
1769098377.899766 2.727901 -3.399441 0.660733
1769098377.949670 2.727901 -3.399441 0.660733
1769098378.004680 2.727901 -3.399441 0.660733
1769098378.049664 2.727881 -3.399456 0.660416
1769098378.099669 2.727901 -3.399441 0.660733
1769098378.154653 2.727901 -3.399441 0.660733
1769098378.194775 2.727901 -3.399441 0.660733
1769098378.244662 2.727881 -3.399456 0.660416
1769098378.304711 2.727901 -3.399441 0.660733
1769098378.349663 2.727901 -3.399441 0.660733
1769098378.394656 2.727901 -3.399441 0.660733
1769098378.454664 2.727881 -3.399456 0.660416
1769098378.504699 2.727901 -3.399441 0.660733
