timestamp x y theta
1769097853.202640 0.000000 0.000000 0.000002
1769097853.252652 0.000000 0.000000 0.000002
1769097853.302641 0.000000 0.000000 0.000004
1769097853.352635 0.000000 0.000000 0.000005
1769097853.402613 0.000000 0.000000 0.000005
1769097853.452659 0.000000 0.000000 0.000003
1769097853.502642 0.000000 0.000000 0.000004
1769097853.552637 0.000000 0.000000 -0.000002
1769097853.602622 0.000000 0.000000 -0.000001
1769097853.652647 0.000000 0.000000 -0.000001
1769097853.702642 0.000000 0.000000 -0.000001
1769097853.752637 0.000000 0.000000 -0.000003
1769097853.802625 0.000000 0.000000 -0.000004
1769097853.852674 0.000000 0.000000 -0.000003
1769097853.902653 0.000000 0.000000 -0.000004
1769097853.952661 0.000000 0.000000 -0.000004
1769097854.002656 0.000000 0.000000 -0.000002
1769097854.052662 0.000000 0.000000 -0.000002
1769097854.102653 0.000000 0.000000 -0.000001
1769097854.152658 0.000000 0.000000 -0.000001
1769097854.202655 0.000000 0.000000 -0.000001
1769097854.252653 0.000000 0.000000 -0.000001
1769097854.302655 0.000000 0.000000 0.000001
1769097854.352649 0.000000 0.000000 0.000000
1769097854.402652 0.000000 0.000000 -0.000000
1769097854.452652 0.000000 0.000000 -0.000001
1769097854.502649 0.000000 0.000000 -0.000002
1769097854.552658 0.000000 0.000000 -0.000001
1769097854.602656 0.000000 0.000000 -0.000001
1769097854.652653 0.000000 0.000000 -0.000003
1769097854.702648 0.000000 0.000000 -0.000005
1769097854.752653 0.000000 0.000000 -0.000004
1769097854.802652 0.000025 -0.000000 -0.000047
1769097854.852657 0.000025 -0.000000 -0.000047
1769097854.902658 -0.000000 0.000000 -0.000003
1769097854.952656 -0.000000 0.000000 -0.000003
1769097855.002650 -0.000000 0.000000 -0.000003
1769097855.052652 -0.000000 0.000000 -0.000003
1769097855.102628 -0.000000 0.000000 -0.000003
1769097855.152625 -0.000000 0.000000 -0.000003
1769097855.202639 -0.000000 0.000000 -0.000004
1769097855.252628 -0.000000 0.000000 -0.000003
1769097855.302718 -0.000000 0.000000 -0.000003
1769097855.352729 -0.000000 0.000000 -0.000004
1769097855.402666 -0.000000 0.000000 -0.000003
1769097855.452663 -0.000000 0.000000 -0.000004
1769097855.502644 -0.000000 0.000000 -0.000004
1769097855.552643 -0.000000 0.000000 -0.000005
1769097855.602789 -0.000000 0.000000 -0.000004
1769097855.652647 -0.000000 0.000000 -0.000005
1769097855.702696 -0.000000 0.000000 -0.000004
1769097855.752679 -0.000000 0.000000 -0.000004
1769097855.802699 -0.000000 0.000000 -0.000003
1769097855.852708 -0.000000 0.000000 -0.000003
1769097855.902702 -0.000000 0.000000 -0.000003
1769097855.952672 -0.000000 0.000000 -0.000004
1769097856.002625 -0.000000 0.000000 -0.000004
1769097856.052644 0.000025 -0.000000 -0.000062
1769097856.102640 -0.000000 0.000000 -0.000004
1769097856.152630 -0.000000 0.000000 -0.000003
1769097856.202628 0.000025 -0.000000 -0.000233
1769097856.252650 0.000051 -0.000000 -0.000847
1769097856.302636 0.000101 -0.000000 -0.002156
1769097856.352628 0.000253 -0.000000 -0.002391
1769097856.402630 0.000734 -0.000002 -0.001893
1769097856.452653 0.001190 -0.000003 -0.000746
1769097856.502629 0.001696 -0.000003 -0.000369
1769097856.552627 0.002354 -0.000003 -0.000246
1769097856.602628 0.002683 -0.000003 -0.000054
1769097856.652626 0.003012 -0.000003 0.000385
1769097856.702633 0.003619 -0.000004 0.000971
1769097856.752636 0.003619 -0.000004 0.001543
1769097856.802629 0.004682 -0.000002 0.001227
1769097856.852639 0.004961 -0.000003 0.001482
1769097856.902628 0.005315 -0.000002 0.001465
1769097856.952626 0.005746 -0.000002 0.002182
1769097857.002626 0.006176 -0.000001 0.002944
1769097857.052629 0.006176 -0.000002 0.003501
1769097857.102665 0.007391 0.000003 0.003601
1769097857.152657 0.007796 0.000005 0.003573
1769097857.202685 0.008150 0.000004 0.003837
1769097857.252655 0.008732 0.000007 0.004465
1769097857.302656 0.009213 0.000010 0.004501
1769097857.352654 0.009770 0.000013 0.004009
1769097857.402632 0.010833 0.000016 0.004017
1769097857.452627 0.011567 0.000018 0.004475
1769097857.502642 0.012453 0.000023 0.004511
1769097857.552719 0.013668 0.000027 0.004817
1769097857.602654 0.014478 0.000031 0.004789
1769097857.652716 0.015364 0.000035 0.005197
1769097857.702682 0.016528 0.000040 0.005412
1769097857.752662 0.017414 0.000045 0.005440
1769097857.802669 0.018274 0.000047 0.006111
1769097857.852656 0.019489 0.000056 0.006207
1769097857.902637 0.020400 0.000062 0.006003
1769097857.952690 0.020400 0.000063 0.005803
1769097858.002657 0.022450 0.000074 0.006226
1769097858.052717 0.023336 0.000083 0.005943
1769097858.102679 0.024247 0.000087 0.006185
1769097858.152733 0.025513 0.000098 0.006310
1769097858.202655 0.026399 0.000105 0.006364
1769097858.252650 0.027234 0.000112 0.005786
1769097858.302651 0.028499 0.000119 0.005184
1769097858.352686 0.029461 0.000120 0.005292
1769097858.402654 0.030398 0.000129 0.004894
1769097858.452655 0.032144 0.000135 0.005163
1769097858.502671 0.033334 0.000145 0.004895
1769097858.552645 0.034675 0.000156 0.004632
1769097858.602644 0.036498 0.000168 0.004223
1769097858.652651 0.037788 0.000172 0.003618
1769097858.702671 0.039636 0.000183 0.003487
1769097858.752679 0.040952 0.000188 0.002952
1769097858.802650 0.042167 0.000192 0.002447
1769097858.852657 0.044420 0.000195 0.001880
1769097858.902666 0.046116 0.000197 0.001827
1769097858.952657 0.049153 0.000215 0.001220
1769097859.002674 0.051456 0.000216 0.000623
1769097859.052657 0.053962 0.000233 -0.001053
1769097859.102698 0.057809 0.000235 -0.002083
1769097859.152712 0.060770 0.000222 -0.002256
1769097859.202661 0.063732 0.000209 -0.002025
1769097859.252696 0.068693 0.000207 -0.003161
1769097859.302680 0.072034 0.000190 -0.003283
1769097859.352702 0.075273 0.000175 -0.002895
1769097859.402683 0.080614 0.000172 -0.003233
1769097859.452677 0.084157 0.000146 -0.002209
1769097859.502691 0.087929 0.000144 -0.002124
1769097859.552686 0.093598 0.000149 -0.002254
1769097859.602783 0.093598 0.000129 -0.000715
1769097859.652706 0.103976 0.000150 0.000025
1769097859.702718 0.108202 0.000102 0.002368
1769097859.752700 0.112201 0.000133 0.002932
1769097859.802711 0.118580 0.000202 0.001789
1769097859.852685 0.122604 0.000185 0.002934
1769097859.902709 0.126806 0.000215 0.003109
1769097859.952713 0.133007 0.000275 0.001456
1769097860.002733 0.133007 0.000325 -0.000108
1769097860.052710 0.143409 0.000306 0.000720
1769097860.102705 0.147484 0.000324 0.000859
1769097860.152689 0.147484 0.000333 0.000934
1769097860.202684 0.158317 0.000395 -0.001058
1769097860.252685 0.162468 0.000388 -0.001088
1769097860.302702 0.166898 0.000424 -0.002339
1769097860.352718 0.173327 0.000347 -0.001789
1769097860.402705 0.173327 0.000329 -0.000882
1769097860.452711 0.183906 0.000346 -0.002550
1769097860.502699 0.188235 0.000264 -0.002100
1769097860.552694 0.192436 0.000237 -0.001191
1769097860.602695 0.196714 0.000229 -0.000431
1769097860.652695 0.202763 0.000186 0.002076
1769097860.702694 0.202763 0.000117 0.004365
1769097860.752705 0.213241 0.000191 0.006884
1769097860.802696 0.217443 0.000174 0.009042
1769097860.852711 0.221543 0.000283 0.009086
1769097860.902699 0.227719 0.000337 0.010596
1769097860.952693 0.227719 0.000297 0.011847
1769097861.002697 0.238272 0.000349 0.014028
1769097861.052700 0.242499 0.000458 0.013579
1769097861.102712 0.246877 0.000491 0.012752
1769097861.152702 0.251154 0.000527 0.012835
1769097861.202701 0.257558 0.000612 0.011714
1769097861.252702 0.257557 0.000646 0.010783
1769097861.302718 0.268112 0.000715 0.009550
1769097861.352706 0.272389 0.000760 0.009559
1769097861.402708 0.272389 0.000754 0.009511
1769097861.452708 0.283120 0.000834 0.008041
1769097861.502741 0.287499 0.000887 0.007802
1769097861.552736 0.291903 0.000903 0.008110
1769097861.602719 0.296231 0.000901 0.008580
1769097861.652720 0.302736 0.000887 0.010367
1769097861.702766 0.306887 0.000905 0.011435
1769097861.752756 0.311239 0.001016 0.010507
1769097861.802760 0.317542 0.000935 0.013552
1769097861.852708 0.321718 0.000983 0.014491
1769097861.902720 0.325919 0.001030 0.015193
1769097861.952730 0.332246 0.001185 0.014390
1769097862.002714 0.336498 0.001190 0.015570
1769097862.052712 0.340724 0.001242 0.017179
1769097862.102751 0.347076 0.001389 0.015793
1769097862.152710 0.351303 0.001460 0.015254
1769097862.202753 0.355706 0.001585 0.014388
1769097862.252737 0.362210 0.001681 0.013256
1769097862.302712 0.366614 0.001644 0.013901
1769097862.352722 0.370967 0.001704 0.013611
1769097862.402716 0.377446 0.001797 0.010837
1769097862.452730 0.381622 0.001868 0.009171
1769097862.502723 0.388026 0.001807 0.009503
1769097862.552716 0.392076 0.001853 0.009187
1769097862.602715 0.396328 0.001836 0.009801
1769097862.652721 0.402478 0.001893 0.011397
1769097862.702732 0.406705 0.001917 0.012695
1769097862.752714 0.410881 0.001925 0.014046
1769097862.802720 0.417334 0.002088 0.014690
1769097862.852716 0.421663 0.002059 0.017068
1769097862.902726 0.425914 0.002181 0.017876
1769097862.952714 0.432367 0.002271 0.019272
1769097863.002738 0.436543 0.002390 0.018753
1769097863.052801 0.440844 0.002553 0.017031
1769097863.102720 0.447222 0.002592 0.017439
1769097863.152734 0.451195 0.002700 0.017559
1769097863.202726 0.455523 0.002738 0.017366
1769097863.252732 0.461824 0.002896 0.016721
1769097863.302731 0.466176 0.002973 0.016111
1769097863.352730 0.470478 0.003052 0.016536
1769097863.402706 0.476780 0.003176 0.014605
1769097863.452812 0.481157 0.003303 0.013004
1769097863.502758 0.487561 0.003373 0.012536
1769097863.552738 0.491914 0.003420 0.012787
1769097863.602761 0.491914 0.003413 0.013036
1769097863.652773 0.502696 0.003494 0.013238
1769097863.702777 0.506973 0.003570 0.013271
1769097863.752762 0.506973 0.003578 0.013257
1769097863.802772 0.517527 0.003665 0.014435
1769097863.852731 0.521450 0.003748 0.014483
1769097863.902735 0.525448 0.003842 0.015467
1769097863.952769 0.531724 0.003958 0.017399
1769097864.002734 0.535798 0.004024 0.018714
1769097864.052748 0.539949 0.004108 0.019588
1769097864.102735 0.546526 0.004398 0.017897
1769097864.152749 0.546525 0.004516 0.016047
1769097864.202716 0.557078 0.004725 0.015550
1769097864.252726 0.561456 0.004790 0.015273
1769097864.302742 0.565530 0.004878 0.014355
1769097864.352728 0.572008 0.005083 0.011357
1769097864.402739 0.576362 0.005087 0.011138
1769097864.452737 0.580639 0.005141 0.010629
1769097864.502801 0.587119 0.005156 0.011026
1769097864.552742 0.591395 0.005278 0.010285
1769097864.602723 0.591394 0.005343 0.009509
1769097864.652722 0.602127 0.005359 0.011384
1769097864.702742 0.606152 0.005328 0.013344
1769097864.752747 0.610604 0.005519 0.012957
1769097864.802734 0.617059 0.005542 0.014757
1769097864.852772 0.621310 0.005643 0.016380
1769097864.902740 0.625639 0.005651 0.018608
1769097864.952749 0.631915 0.005771 0.019682
1769097865.002744 0.636140 0.005927 0.020097
1769097865.052737 0.640366 0.005997 0.020631
1769097865.102745 0.646642 0.006107 0.021521
1769097865.152742 0.650867 0.006278 0.020471
1769097865.202753 0.650867 0.006304 0.020505
1769097865.252748 0.661443 0.006574 0.020630
1769097865.302739 0.665746 0.006648 0.022022
1769097865.352765 0.665746 0.006604 0.023318
1769097865.402740 0.676677 0.006930 0.020900
1769097865.452739 0.681105 0.006992 0.021171
1769097865.502743 0.681105 0.006995 0.021557
1769097865.552752 0.692037 0.007236 0.020952
1769097865.602784 0.696086 0.007321 0.019901
1769097865.652804 0.700413 0.007387 0.018994
1769097865.702765 0.706841 0.007507 0.018678
1769097865.752751 0.710816 0.007500 0.019853
1769097865.802776 0.715017 0.007550 0.021990
1769097865.852740 0.721319 0.007625 0.023816
1769097865.902744 0.725519 0.007745 0.024692
1769097865.952769 0.729798 0.007683 0.028892
1769097866.002784 0.736097 0.007876 0.030751
1769097866.052767 0.740497 0.008123 0.029527
1769097866.102774 0.744848 0.008282 0.029099
1769097866.152757 0.751174 0.008455 0.030187
1769097866.202767 0.755523 0.008720 0.028498
1769097866.252755 0.759824 0.008861 0.027179
1769097866.302758 0.766197 0.009169 0.023887
1769097866.352775 0.770576 0.009193 0.024693
1769097866.402758 0.774751 0.009314 0.024278
1769097866.452770 0.781229 0.009423 0.024350
1769097866.502760 0.785505 0.009585 0.023583
1769097866.552761 0.785504 0.009635 0.022789
1769097866.602805 0.796386 0.009801 0.023713
1769097866.652764 0.800791 0.009814 0.024278
1769097866.702765 0.805168 0.009911 0.024950
1769097866.752762 0.811443 0.010085 0.024748
1769097866.802788 0.815821 0.010177 0.025713
1769097866.852852 0.819871 0.010181 0.028130
1769097866.902736 0.826019 0.010373 0.028726
1769097866.952764 0.830016 0.010520 0.028779
1769097867.002765 0.836089 0.010630 0.030450
1769097867.052768 0.840213 0.010728 0.031592
1769097867.102769 0.844439 0.010815 0.033691
1769097867.152782 0.850661 0.011073 0.034385
1769097867.202766 0.854632 0.011247 0.034457
1769097867.252777 0.858933 0.011345 0.035747
1769097867.302768 0.865383 0.011568 0.036700
1769097867.352770 0.869530 0.011798 0.034718
1769097867.402773 0.875853 0.012059 0.033305
1769097867.452770 0.880002 0.012158 0.033778
1769097867.502798 0.884150 0.012331 0.032193
1769097867.552812 0.890625 0.012605 0.029369
1769097867.602880 0.894901 0.012717 0.028270
1769097867.652766 0.899278 0.012828 0.028195
1769097867.702802 0.905579 0.012947 0.027496
1769097867.752776 0.909602 0.013047 0.027424
1769097867.802823 0.913929 0.013164 0.027856
1769097867.852865 0.920229 0.013322 0.029303
1769097867.902794 0.924506 0.013393 0.030959
1769097867.952855 0.928756 0.013521 0.031805
1769097868.002779 0.935207 0.013764 0.031873
1769097868.052829 0.939559 0.013836 0.034878
1769097868.102779 0.943784 0.013973 0.036081
1769097868.152778 0.950235 0.014175 0.037500
1769097868.202777 0.954456 0.014436 0.035155
1769097868.252778 0.958704 0.014649 0.033010
1769097868.302806 0.965054 0.014832 0.032885
1769097868.352773 0.969278 0.015013 0.032169
1769097868.402792 0.973528 0.015132 0.032073
1769097868.452802 0.979927 0.015400 0.030934
1769097868.502878 0.984253 0.015532 0.030882
1769097868.552778 0.988580 0.015632 0.031001
1769097868.602784 0.995183 0.015829 0.030451
1769097868.652776 0.999559 0.015993 0.029485
1769097868.702798 1.004037 0.016143 0.029007
1769097868.752790 1.010565 0.016296 0.029060
1769097868.802781 1.014918 0.016381 0.029740
1769097868.852787 1.019194 0.016489 0.030164
1769097868.902840 1.025594 0.016712 0.029935
1769097868.952803 1.029822 0.016732 0.032020
1769097869.002801 1.033921 0.016826 0.033777
1769097869.052793 1.040220 0.017061 0.034857
1769097869.102818 1.044369 0.017170 0.036670
1769097869.152790 1.048567 0.017358 0.037885
1769097869.202794 1.054889 0.017638 0.039340
1769097869.252788 1.059164 0.017788 0.039716
1769097869.302802 1.063436 0.018025 0.039008
1769097869.352817 1.069708 0.018263 0.039621
1769097869.402788 1.074033 0.018458 0.039634
1769097869.452804 1.078156 0.018596 0.040099
1769097869.502803 1.084603 0.018921 0.038113
1769097869.552823 1.088979 0.019067 0.036877
1769097869.602814 1.093023 0.019314 0.034036
1769097869.652819 1.099449 0.019495 0.033296
1769097869.702826 1.103749 0.019678 0.031611
1769097869.752829 1.108026 0.019766 0.032171
1769097869.802820 1.114249 0.019970 0.032137
1769097869.852822 1.114249 0.019973 0.032103
1769097869.902807 1.125076 0.020315 0.032565
1769097869.952803 1.129174 0.020452 0.033323
1769097870.002802 1.133451 0.020553 0.035377
1769097870.052807 1.139623 0.020766 0.036630
1769097870.102795 1.143872 0.020932 0.037195
1769097870.152794 1.147918 0.021125 0.037248
1769097870.202802 1.154265 0.021425 0.036992
1769097870.252795 1.158490 0.021530 0.038215
1769097870.302797 1.162637 0.021723 0.038255
1769097870.352802 1.168830 0.022071 0.036488
1769097870.402801 1.173028 0.022250 0.036062
1769097870.452818 1.177302 0.022447 0.037076
1769097870.502796 1.183551 0.022650 0.037623
1769097870.552798 1.187875 0.022838 0.037153
1769097870.602816 1.194500 0.023131 0.035785
1769097870.652801 1.198672 0.023333 0.034212
1769097870.702823 1.203047 0.023534 0.033274
1769097870.752808 1.209652 0.023696 0.033679
1769097870.802815 1.213748 0.023886 0.032371
1769097870.852807 1.218099 0.024037 0.031895
1769097870.902807 1.224477 0.024173 0.033650
1769097870.952888 1.228474 0.024307 0.035022
1769097871.002805 1.232723 0.024488 0.035467
1769097871.052809 1.238946 0.024679 0.038401
1769097871.102833 1.243044 0.024831 0.040554
1769097871.153421 1.249164 0.025082 0.042223
1769097871.202827 1.253363 0.025227 0.044332
1769097871.252834 1.257684 0.025517 0.043378
1769097871.302898 1.263803 0.025798 0.044847
1769097871.352827 1.268101 0.025992 0.045426
1769097871.402840 1.272402 0.026131 0.047985
1769097871.452813 1.278721 0.026486 0.046539
1769097871.502836 1.282842 0.026661 0.046438
1769097871.552847 1.287143 0.026784 0.048252
1769097871.602841 1.293260 0.027106 0.047072
1769097871.652853 1.297534 0.027296 0.045671
1769097871.702868 1.303877 0.027658 0.042703
1769097871.752863 1.308279 0.027798 0.043332
1769097871.802855 1.308280 0.027763 0.044003
1769097871.852861 1.319153 0.028242 0.042963
1769097871.902832 1.323579 0.028422 0.042152
1769097871.952856 1.327878 0.028583 0.042489
1769097872.002832 1.332203 0.028748 0.042610
1769097872.052854 1.338654 0.028961 0.044586
1769097872.102825 1.342851 0.029162 0.044587
1769097872.152813 1.347124 0.029355 0.044177
1769097872.202831 1.353399 0.029525 0.047662
1769097872.252818 1.357571 0.029714 0.049043
1769097872.302834 1.361767 0.029929 0.049034
1769097872.352822 1.368036 0.030241 0.050117
1769097872.402827 1.368038 0.030207 0.051097
1769097872.452844 1.378478 0.030720 0.052717
1769097872.502842 1.382850 0.030975 0.051156
1769097872.552834 1.387246 0.031238 0.049475
1769097872.602837 1.393717 0.031579 0.048003
1769097872.652822 1.398091 0.031787 0.047050
1769097872.702826 1.402490 0.031998 0.045581
1769097872.752834 1.406761 0.032241 0.043700
1769097872.802827 1.413309 0.032537 0.041644
1769097872.852838 1.417637 0.032654 0.042581
1769097872.902834 1.421862 0.032784 0.043990
1769097872.952825 1.428285 0.033059 0.043654
1769097873.002830 1.428285 0.033068 0.043366
1769097873.052835 1.438779 0.033531 0.045134
1769097873.102857 1.443053 0.033704 0.046943
1769097873.152833 1.447074 0.033862 0.048431
1769097873.202844 1.453518 0.034249 0.048576
1769097873.252829 1.457766 0.034429 0.050772
1769097873.302838 1.462038 0.034659 0.051859
1769097873.352832 1.468178 0.035017 0.052339
1769097873.402833 1.472299 0.035230 0.052258
1769097873.452863 1.476619 0.035509 0.051276
1769097873.502837 1.482941 0.035778 0.053336
1769097873.552853 1.486958 0.036037 0.052977
1769097873.602862 1.491254 0.036280 0.052267
1769097873.652857 1.497294 0.036612 0.052771
1769097873.702847 1.501717 0.036860 0.052736
1769097873.752837 1.506014 0.037091 0.053007
1769097873.802849 1.512684 0.037504 0.050664
1769097873.852923 1.512680 0.037589 0.048382
1769097873.902855 1.523325 0.038072 0.048422
1769097873.952912 1.527749 0.038312 0.047942
1769097874.002856 1.532047 0.038519 0.048085
1769097874.052841 1.536344 0.038747 0.047641
1769097874.102857 1.542640 0.039035 0.048113
1769097874.152841 1.546941 0.039189 0.050817
1769097874.202845 1.551036 0.039393 0.052227
1769097874.252844 1.557354 0.039757 0.052789
1769097874.302843 1.561499 0.039974 0.054891
1769097874.352858 1.565770 0.040220 0.056231
1769097874.402852 1.572216 0.040555 0.059078
1769097874.452850 1.576458 0.040862 0.058158
1769097874.502857 1.580824 0.041218 0.055447
1769097874.552851 1.587268 0.041603 0.055432
1769097874.602851 1.591534 0.041935 0.053710
1769097874.652863 1.595881 0.042176 0.053329
1769097874.702874 1.602248 0.042577 0.051121
1769097874.752880 1.606594 0.042831 0.050643
1769097874.802857 1.610866 0.043058 0.050050
1769097874.852852 1.617313 0.043378 0.050385
1769097874.902854 1.621634 0.043632 0.049180
1769097874.952857 1.625906 0.043869 0.049167
1769097875.002856 1.632427 0.044214 0.049521
1769097875.052852 1.636851 0.044451 0.049855
1769097875.102853 1.641073 0.044651 0.051484
1769097875.152863 1.647640 0.045095 0.049888
1769097875.202860 1.651891 0.045257 0.053045
1769097875.252866 1.656160 0.045521 0.054396
1769097875.302878 1.662526 0.045927 0.054481
1769097875.352865 1.666647 0.046152 0.055233
1769097875.402882 1.670839 0.046452 0.055331
1769097875.452857 1.677130 0.046837 0.056557
1769097875.502865 1.681273 0.047111 0.057211
1769097875.552868 1.685515 0.047413 0.057070
1769097875.602879 1.691779 0.047830 0.057136
1769097875.652909 1.696099 0.048119 0.057631
1769097875.702935 1.700473 0.048343 0.060598
1769097875.752890 1.706988 0.048790 0.059655
1769097875.802905 1.711406 0.049126 0.057266
1769097875.852880 1.715775 0.049434 0.055221
1769097875.902877 1.722245 0.049801 0.054846
1769097875.952872 1.726613 0.050110 0.052786
1769097876.002885 1.730858 0.050368 0.051189
1769097876.052859 1.737026 0.050693 0.050742
1769097876.102883 1.741348 0.050939 0.051091
1769097876.152877 1.745241 0.051148 0.052405
1769097876.202890 1.751607 0.051548 0.052502
1769097876.252868 1.755828 0.051785 0.054193
1769097876.302873 1.759818 0.052060 0.054949
1769097876.352864 1.766339 0.052432 0.057544
1769097876.402883 1.770557 0.052718 0.059163
1769097876.452888 1.774895 0.053106 0.056883
1769097876.502869 1.781289 0.053484 0.058069
1769097876.552885 1.785480 0.053797 0.058429
1769097876.602871 1.789823 0.054111 0.057758
1769097876.652866 1.796139 0.054521 0.057404
1769097876.702860 1.800431 0.054835 0.056383
1769097876.752898 1.804703 0.055074 0.057550
1769097876.802863 1.811018 0.055476 0.056982
1769097876.852870 1.815337 0.055772 0.055316
1769097876.902869 1.819631 0.056063 0.054995
1769097876.952866 1.826198 0.056502 0.053578
1769097877.002874 1.830596 0.056740 0.053998
1769097877.052868 1.834942 0.057008 0.054196
1769097877.102880 1.841510 0.057436 0.053232
1769097877.152876 1.845858 0.057669 0.055134
1769097877.202899 1.850153 0.057939 0.056454
1769097877.252877 1.856595 0.058344 0.056794
1769097877.302883 1.860740 0.058596 0.058171
1769097877.352877 1.864933 0.058874 0.059285
1769097877.402872 1.871225 0.059248 0.062010
1769097877.452874 1.875393 0.059522 0.063394
1769097877.502875 1.879559 0.059829 0.064550
1769097877.552888 1.885795 0.060284 0.065307
1769097877.602880 1.890011 0.060600 0.066028
1769097877.652920 1.894433 0.060868 0.068905
1769097877.702955 1.900794 0.061346 0.068687
1769097877.752918 1.905183 0.061716 0.066739
1769097877.802881 1.905179 0.061794 0.064809
1769097877.852898 1.916090 0.062513 0.064728
1769097877.902925 1.920350 0.062920 0.060127
1769097877.952879 1.924642 0.063239 0.057288
1769097878.002904 1.931010 0.063625 0.056709
1769097878.052911 1.935432 0.063886 0.057658
1769097878.102900 1.935432 0.063896 0.058617
1769097878.152889 1.945742 0.064505 0.058755
1769097878.202901 1.950011 0.064779 0.059434
1769097878.252894 1.954255 0.065048 0.060730
1769097878.302894 1.960750 0.065427 0.063847
1769097878.352898 1.964969 0.065698 0.065318
1769097878.402891 1.964970 0.065686 0.066760
1769097878.452900 1.975656 0.066362 0.070636
1769097878.502894 1.979872 0.066664 0.071460
1769097878.552901 1.984110 0.067004 0.070105
1769097878.602887 1.990369 0.067484 0.068633
1769097878.652883 1.994586 0.067785 0.067915
1769097878.702919 1.998854 0.068065 0.069597
1769097878.752897 2.005090 0.068505 0.069250
1769097878.802908 2.009329 0.068839 0.067520
1769097878.852897 2.013597 0.069139 0.067821
1769097878.902889 2.020060 0.069604 0.067000
1769097878.952894 2.024483 0.069855 0.068777
1769097879.002903 2.028801 0.070152 0.067887
1769097879.052897 2.035391 0.070611 0.065911
1769097879.102916 2.039810 0.070915 0.065318
1769097879.152904 2.043877 0.071174 0.065243
1769097879.202900 2.050266 0.071606 0.064065
1769097879.252913 2.054484 0.071881 0.063800
1769097879.302891 2.058754 0.072148 0.064828
1769097879.352866 2.065094 0.072567 0.065966
1769097879.402922 2.069134 0.072844 0.067202
1769097879.452906 2.073350 0.073159 0.068136
1769097879.502926 2.079665 0.073575 0.070677
1769097879.552926 2.083653 0.073874 0.072476
1769097879.602931 2.089860 0.074356 0.073595
1769097879.652953 2.093824 0.074642 0.074365
1769097879.702942 2.098136 0.075025 0.072386
1769097879.752908 2.104603 0.075439 0.075118
1769097879.802912 2.108842 0.075775 0.075126
1769097879.852950 2.113154 0.076144 0.072998
1769097879.902925 2.119488 0.076647 0.070671
1769097879.952911 2.123830 0.076969 0.069206
1769097880.002942 2.128067 0.077320 0.066778
1769097880.052900 2.134481 0.077758 0.065945
1769097880.102921 2.138721 0.078085 0.064122
1769097880.152924 2.143090 0.078377 0.063869
1769097880.202903 2.149556 0.078809 0.063583
1769097880.252905 2.153900 0.079102 0.063882
1769097880.302908 2.158193 0.079394 0.064285
1769097880.352910 2.164708 0.079846 0.064317
1769097880.402916 2.168952 0.080120 0.065501
1769097880.452909 2.173194 0.080420 0.066497
1769097880.502916 2.179557 0.080874 0.066731
1769097880.552930 2.183746 0.081201 0.066423
1769097880.602911 2.183743 0.081242 0.066086
1769097880.652996 2.194278 0.081916 0.069541
1769097880.702916 2.198442 0.082229 0.070772
1769097880.752927 2.202705 0.082586 0.069506
1769097880.802976 2.208993 0.083029 0.070502
1769097880.852920 2.213384 0.083365 0.071163
1769097880.902910 2.213384 0.083370 0.071756
1769097880.952916 2.224239 0.084165 0.070467
1769097881.002915 2.228604 0.084509 0.068136
1769097881.052918 2.233022 0.084823 0.067834
1769097881.102942 2.237415 0.085142 0.067192
1769097881.152925 2.243834 0.085538 0.067801
1769097881.202928 2.248074 0.085852 0.066034
1769097881.252943 2.252446 0.086116 0.066998
1769097881.302925 2.258837 0.086527 0.068526
1769097881.352937 2.263005 0.086804 0.069830
1769097881.402930 2.267271 0.087119 0.070158
1769097881.452914 2.273559 0.087555 0.072361
1769097881.502938 2.277851 0.087863 0.074908
1769097881.552980 2.282167 0.088187 0.076039
1769097881.602968 2.288299 0.088669 0.076725
1769097881.652967 2.292587 0.089019 0.077223
1769097881.702910 2.296853 0.089336 0.079363
1769097881.752938 2.303185 0.089852 0.079149
1769097881.802970 2.307398 0.090200 0.078042
1769097881.852949 2.313428 0.090684 0.077347
1769097881.902966 2.317794 0.091016 0.077634
1769097881.952922 2.322011 0.091323 0.079382
1769097882.002978 2.328319 0.091820 0.079342
1769097882.052938 2.332605 0.092187 0.077441
1769097882.102927 2.336969 0.092547 0.074554
1769097882.152944 2.343483 0.093014 0.075298
1769097882.202930 2.347873 0.093360 0.074379
1769097882.252937 2.347871 0.093372 0.073437
1769097882.302958 2.358703 0.094147 0.072839
1769097882.352958 2.363020 0.094449 0.073138
1769097882.402952 2.367288 0.094750 0.073336
1769097882.452951 2.371503 0.095053 0.073562
1769097882.502958 2.377842 0.095495 0.074493
1769097882.552940 2.382058 0.095806 0.075184
1769097882.602942 2.386226 0.096080 0.078524
1769097882.652961 2.392509 0.096570 0.080410
1769097882.702975 2.396694 0.096929 0.079138
1769097882.752957 2.400936 0.097241 0.081664
1769097882.802961 2.407167 0.097753 0.082177
1769097882.852937 2.407168 0.097741 0.082641
1769097882.902951 2.417910 0.098653 0.081215
1769097882.952955 2.422222 0.099025 0.079346
1769097883.002960 2.426383 0.099373 0.078470
1769097883.052950 2.432845 0.099865 0.077889
1769097883.102953 2.437136 0.100183 0.077071
1769097883.152969 2.441377 0.100498 0.076310
1769097883.202935 2.447939 0.100993 0.075248
1769097883.252950 2.452231 0.101297 0.075146
1769097883.302946 2.456449 0.101592 0.075894
1769097883.352959 2.462809 0.102064 0.076152
1769097883.402956 2.466900 0.102353 0.077043
1769097883.452961 2.471292 0.102682 0.078197
1769097883.502968 2.477776 0.103203 0.078231
1769097883.553038 2.481939 0.103530 0.078927
1769097883.603012 2.486278 0.103883 0.079491
1769097883.652987 2.492537 0.104373 0.081697
1769097883.702986 2.496797 0.104748 0.081214
1769097883.753040 2.500906 0.105111 0.080527
1769097883.802972 2.507163 0.105630 0.080283
1769097883.852982 2.511423 0.106006 0.079531
1769097883.903024 2.515639 0.106328 0.082216
1769097883.952972 2.521920 0.106853 0.083096
1769097884.002978 2.526130 0.107225 0.082174
1769097884.052959 2.530445 0.107579 0.083258
1769097884.102950 2.537003 0.108126 0.083510
1769097884.152975 2.541368 0.108484 0.084297
1769097884.202966 2.545804 0.108879 0.081852
1769097884.252972 2.552262 0.109409 0.080951
1769097884.302984 2.556603 0.109745 0.080853
1769097884.352992 2.556603 0.109743 0.080814
1769097884.402972 2.567328 0.110582 0.080410
1769097884.452967 2.571519 0.110890 0.081188
1769097884.503061 2.571522 0.110863 0.081990
1769097884.552970 2.582097 0.111678 0.084973
1769097884.602971 2.586259 0.112016 0.085716
1769097884.652981 2.586262 0.111986 0.086411
1769097884.702991 2.596853 0.112892 0.088933
1769097884.752987 2.601191 0.113258 0.089969
1769097884.802975 2.605506 0.113598 0.092777
1769097884.852973 2.609688 0.113988 0.091321
1769097884.902962 2.616187 0.114607 0.088765
1769097884.952970 2.620373 0.114964 0.089171
1769097885.002976 2.624708 0.115359 0.087065
1769097885.053038 2.631092 0.115872 0.087894
1769097885.102966 2.635353 0.116238 0.086323
1769097885.152976 2.639614 0.116603 0.085140
1769097885.202970 2.646097 0.117141 0.084103
1769097885.252981 2.650309 0.117491 0.083482
1769097885.302965 2.654648 0.117850 0.083182
1769097885.352984 2.661132 0.118375 0.083092
1769097885.402983 2.665320 0.118715 0.083020
1769097885.452985 2.669710 0.119070 0.083432
1769097885.502991 2.676117 0.119601 0.083644
1769097885.552990 2.680529 0.119985 0.083070
1769097885.603015 2.684797 0.120307 0.086340
1769097885.653030 2.691073 0.120861 0.086370
1769097885.703001 2.695008 0.121196 0.086785
1769097885.752970 2.701214 0.121713 0.088339
1769097885.802969 2.705245 0.122092 0.088393
1769097885.852973 2.709355 0.122459 0.089675
1769097885.903007 2.715555 0.123025 0.090462
1769097885.953027 2.719790 0.123408 0.091111
1769097886.002981 2.724025 0.123795 0.091381
1769097886.052988 2.730527 0.124398 0.091909
1769097886.102999 2.734888 0.124795 0.091852
1769097886.152987 2.739220 0.125213 0.090245
1769097886.202976 2.745747 0.125821 0.088172
1769097886.253060 2.750106 0.126224 0.085963
1769097886.302995 2.750102 0.126261 0.083820
1769097886.352997 2.760896 0.127180 0.081605
1769097886.402985 2.765059 0.127529 0.081011
1769097886.453007 2.769399 0.127884 0.081623
1769097886.502992 2.775757 0.128402 0.082969
1769097886.553013 2.779920 0.128748 0.084330
1769097886.602998 2.784207 0.129119 0.085095
1769097886.653012 2.790538 0.129654 0.087293
1769097886.703013 2.794875 0.130040 0.088312
1769097886.752996 2.799138 0.130407 0.090706
1769097886.803011 2.805209 0.130982 0.091133
1769097886.853011 2.809541 0.131414 0.089498
1769097886.902991 2.813800 0.131814 0.089956
1769097886.953010 2.820099 0.132409 0.089181
1769097887.003007 2.824356 0.132823 0.087658
1769097887.053011 2.828490 0.133205 0.087139
1769097887.102997 2.834614 0.133771 0.086639
1769097887.153002 2.838904 0.134132 0.088928
1769097887.202988 2.842834 0.134508 0.087845
1769097887.253008 2.849059 0.135082 0.086473
1769097887.303002 2.853419 0.135488 0.085742
1769097887.352994 2.859973 0.136085 0.084495
1769097887.402997 2.864411 0.136480 0.084461
1769097887.453018 2.864409 0.136504 0.084456
1769097887.502995 2.875278 0.137449 0.083295
1769097887.553007 2.879566 0.137822 0.084386
1769097887.602992 2.883851 0.138211 0.085073
1769097887.653046 2.890181 0.138764 0.085762
1769097887.703060 2.894294 0.139116 0.088228
1769097887.753039 2.894297 0.139103 0.090687
1769097887.803040 2.904757 0.140067 0.093332
1769097887.854969 2.908864 0.140461 0.095013
1769097887.903022 2.913120 0.140886 0.095478
1769097887.953018 2.917302 0.141298 0.096989
1769097888.003006 2.923697 0.141949 0.096776
1769097888.053040 2.928033 0.142359 0.099189
1769097888.103049 2.932337 0.142807 0.098902
1769097888.153026 2.938833 0.143477 0.096851
1769097888.203006 2.943136 0.143935 0.094699
1769097888.253008 2.947366 0.144367 0.093777
1769097888.303018 2.953814 0.145008 0.090769
1769097888.353005 2.958070 0.145425 0.088634
1769097888.403005 2.962357 0.145815 0.088770
1769097888.452994 2.968762 0.146383 0.090321
1769097888.503018 2.972971 0.146775 0.090288
1769097888.553016 2.977309 0.147164 0.091609
1769097888.603020 2.983761 0.147764 0.092094
1769097888.653019 2.988044 0.148172 0.092710
1769097888.703027 2.992359 0.148549 0.096503
1769097888.753017 2.998709 0.149163 0.098025
1769097888.802998 3.003087 0.149620 0.097193
1769097888.853008 3.007318 0.150050 0.097178
1769097888.902999 3.013538 0.150677 0.097178
1769097888.953010 3.017740 0.151128 0.095153
1769097889.003017 3.021943 0.151576 0.093573
1769097889.053018 3.028266 0.152200 0.094894
1769097889.103011 3.032471 0.152628 0.095696
1769097889.153008 3.036602 0.153045 0.096074
1769097889.203016 3.042796 0.153678 0.095314
1769097889.253004 3.042792 0.153717 0.094561
1769097889.303034 3.053446 0.154772 0.093950
1769097889.353008 3.057832 0.155190 0.095207
1769097889.403029 3.057833 0.155194 0.096512
1769097889.453082 3.068464 0.156234 0.094806
1769097889.503045 3.072876 0.156655 0.095865
1769097889.553053 3.077160 0.157067 0.095987
1769097889.603031 3.083285 0.157646 0.096443
1769097889.653029 3.087467 0.158054 0.097128
1769097889.703063 3.091726 0.158467 0.098741
1769097889.753064 3.098026 0.159076 0.101601
1769097889.803071 3.102130 0.159498 0.102473
1769097889.853138 3.106358 0.159944 0.103317
1769097889.903055 3.112754 0.160611 0.105097
1769097889.953031 3.116955 0.161072 0.106238
1769097890.003047 3.121257 0.161543 0.107401
1769097890.053077 3.127597 0.162242 0.107074
1769097890.103048 3.131873 0.162721 0.106497
1769097890.153038 3.136071 0.163204 0.105079
1769097890.203038 3.142162 0.163862 0.105038
1769097890.253097 3.146267 0.164289 0.105935
1769097890.303031 3.152303 0.164962 0.103889
1769097890.353037 3.156608 0.165420 0.103805
1769097890.403031 3.160607 0.165865 0.102381
1769097890.453046 3.166974 0.166540 0.101333
1769097890.503047 3.171075 0.166986 0.100040
1769097890.553058 3.175433 0.167432 0.100339
1769097890.603016 3.181678 0.168070 0.100598
1769097890.653046 3.185985 0.168513 0.101175
1769097890.703065 3.192230 0.169153 0.101585
1769097890.753054 3.196484 0.169601 0.102215
1769097890.803034 3.200588 0.170036 0.102850
1769097890.853057 3.206755 0.170690 0.103410
1769097890.903044 3.210761 0.171096 0.105962
1769097890.953068 3.216975 0.171775 0.106467
1769097891.003027 3.220976 0.172213 0.107603
1769097891.053045 3.225209 0.172652 0.111256
1769097891.103050 3.231143 0.173320 0.111527
1769097891.153047 3.235418 0.173808 0.111114
1769097891.203052 3.239720 0.174285 0.111777
1769097891.253044 3.246208 0.175019 0.111410
1769097891.303045 3.250509 0.175502 0.109956
1769097891.353047 3.254785 0.175979 0.108824
1769097891.403039 3.261275 0.176697 0.107009
1769097891.453062 3.265430 0.177133 0.107948
1769097891.503058 3.269632 0.177588 0.106593
1769097891.553022 3.276078 0.178264 0.105778
1769097891.603049 3.276077 0.178267 0.105077
1769097891.653060 3.286553 0.179352 0.106121
1769097891.703070 3.290832 0.179799 0.107449
1769097891.753048 3.294937 0.180224 0.108757
1769097891.803089 3.299288 0.180709 0.107945
1769097891.853073 3.305658 0.181383 0.110713
1769097891.903068 3.309935 0.181854 0.112530
1769097891.953133 3.314186 0.182327 0.114488
1769097892.003068 3.320550 0.183047 0.116133
1769097892.053065 3.324774 0.183536 0.117056
1769097892.103055 3.329022 0.184036 0.117358
1769097892.153054 3.335281 0.184768 0.117298
1769097892.203038 3.339452 0.185267 0.115400
1769097892.253060 3.343676 0.185759 0.115031
1769097892.303059 3.350012 0.186494 0.115582
1769097892.353068 3.354288 0.186980 0.116833
1769097892.403052 3.358460 0.187469 0.116791
1769097892.453124 3.364866 0.188243 0.113639
1769097892.503072 3.369342 0.188760 0.112819
1769097892.553070 3.369340 0.188778 0.112086
1769097892.603066 3.380255 0.190009 0.111793
1769097892.653051 3.384508 0.190485 0.111693
1769097892.703045 3.388859 0.190977 0.111236
1769097892.753065 3.395249 0.191690 0.111147
1769097892.803060 3.399426 0.192154 0.111490
1769097892.853054 3.403680 0.192617 0.113594
1769097892.903061 3.409970 0.193324 0.114922
1769097892.953072 3.414194 0.193807 0.116100
1769097893.003065 3.418373 0.194272 0.119482
1769097893.053060 3.424582 0.195004 0.121326
1769097893.103051 3.428799 0.195527 0.120114
1769097893.153068 3.428796 0.195537 0.118857
1769097893.203136 3.439249 0.196801 0.119624
1769097893.253116 3.439249 0.196804 0.120304
1769097893.303149 3.449676 0.198070 0.119899
1769097893.353127 3.453995 0.198608 0.117451
1769097893.403077 3.453989 0.198640 0.115051
1769097893.453062 3.464623 0.199886 0.113310
1769097893.503060 3.468875 0.200373 0.113625
1769097893.553069 3.468875 0.200382 0.114005
1769097893.603085 3.479563 0.201609 0.113933
1769097893.653080 3.483789 0.202089 0.114683
1769097893.703091 3.483791 0.202084 0.115454
1769097893.753092 3.494479 0.203315 0.116082
1769097893.803098 3.498804 0.203817 0.116702
1769097893.853115 3.498805 0.203811 0.117318
1769097893.903158 3.509560 0.205094 0.116421
1769097893.953077 3.513656 0.205588 0.116922
1769097894.003069 3.513655 0.205599 0.117406
1769097894.053075 3.524160 0.206860 0.118415
1769097894.103076 3.528329 0.207380 0.118684
1769097894.153066 3.532426 0.207881 0.120793
1769097894.203085 3.538578 0.208650 0.120612
1769097894.253071 3.542797 0.209184 0.120600
1769097894.303082 3.542795 0.209206 0.120589
1769097894.353096 3.553292 0.210513 0.120666
1769097894.403080 3.557507 0.211066 0.118685
1769097894.453079 3.557499 0.211116 0.116717
1769097894.503077 3.568380 0.212440 0.116705
1769097894.553098 3.572699 0.212989 0.116005
1769097894.603065 3.572693 0.213034 0.115311
1769097894.653088 3.583503 0.214319 0.114093
1769097894.703077 3.587726 0.214829 0.114449
1769097894.753101 3.591746 0.215325 0.113025
1769097894.803111 3.598135 0.216072 0.113760
1769097894.853101 3.602356 0.216590 0.114406
1769097894.903082 3.606327 0.217076 0.115582
1769097894.953066 3.612559 0.217830 0.117165
1769097895.003091 3.616754 0.218362 0.118059
1769097895.053093 3.621046 0.218915 0.118702
1769097895.103085 3.627428 0.219706 0.121769
1769097895.153090 3.631695 0.220269 0.122369
1769097895.203101 3.635937 0.220825 0.123077
1769097895.253142 3.642284 0.221660 0.121810
1769097895.303078 3.646573 0.222238 0.120016
1769097895.353090 3.650789 0.222791 0.120393
1769097895.403118 3.657092 0.223593 0.119373
1769097895.453093 3.661336 0.224139 0.118582
1769097895.503093 3.665604 0.224689 0.118217
1769097895.553164 3.671983 0.225491 0.117776
1769097895.603109 3.676204 0.226022 0.118267
1769097895.653120 3.680499 0.226566 0.117931
1769097895.703098 3.687080 0.227384 0.117153
1769097895.753177 3.691399 0.227933 0.117169
1769097895.803084 3.695819 0.228495 0.116730
1769097895.853090 3.702376 0.229307 0.116278
1769097895.903091 3.706520 0.229836 0.116901
1769097895.953100 3.710864 0.230397 0.116919
1769097896.003087 3.717098 0.231160 0.119582
1769097896.053112 3.721265 0.231700 0.120823
1769097896.103087 3.725406 0.232247 0.120856
1769097896.153098 3.731585 0.233033 0.123141
1769097896.203113 3.735799 0.233603 0.124367
1769097896.253098 3.739916 0.234150 0.127080
1769097896.303108 3.744080 0.234718 0.127780
1769097896.353102 3.750448 0.235583 0.126883
1769097896.403115 3.754688 0.236164 0.127553
1769097896.453103 3.759026 0.236765 0.127919
1769097896.503122 3.765544 0.237657 0.125652
1769097896.553106 3.769778 0.238257 0.123442
1769097896.603096 3.774141 0.238864 0.121859
1769097896.653096 3.780512 0.239713 0.118213
1769097896.703126 3.784779 0.240273 0.117280
1769097896.753119 3.789020 0.240833 0.115602
1769097896.803124 3.795400 0.241632 0.115393
1769097896.853121 3.799694 0.242187 0.115833
1769097896.903132 3.803839 0.242720 0.117133
1769097896.953125 3.810217 0.243529 0.117969
1769097897.003109 3.814535 0.244098 0.119007
1769097897.053115 3.818602 0.244636 0.121701
1769097897.103161 3.825002 0.245478 0.122653
1769097897.153121 3.829171 0.246031 0.125635
1769097897.203124 3.835440 0.246884 0.125757
1769097897.253127 3.839722 0.247502 0.123641
1769097897.303124 3.839709 0.247587 0.121527
1769097897.353126 3.850049 0.248936 0.120001
1769097897.403130 3.854310 0.249537 0.119396
1769097897.453129 3.858472 0.250124 0.119050
1769097897.503111 3.864570 0.250937 0.119859
1769097897.553127 3.868809 0.251522 0.120709
1769097897.603139 3.872770 0.252079 0.120298
1769097897.653139 3.879320 0.252949 0.119824
1769097897.703136 3.883582 0.253543 0.118933
1769097897.753135 3.887996 0.254150 0.118321
1769097897.803145 3.894573 0.255005 0.117727
1769097897.853123 3.898839 0.255584 0.117749
1769097897.903132 3.903153 0.256175 0.116935
1769097897.953124 3.909484 0.256983 0.118630
1769097898.003139 3.913725 0.257555 0.119929
1769097898.053132 3.917913 0.258133 0.119323
1769097898.103127 3.924039 0.258934 0.121708
1769097898.153135 3.928202 0.259515 0.123998
1769097898.203128 3.932339 0.260098 0.125682
1769097898.253128 3.938534 0.260949 0.127597
1769097898.303124 3.942792 0.261570 0.127976
1769097898.353108 3.947000 0.262184 0.129016
1769097898.403123 3.953339 0.263089 0.128064
1769097898.453124 3.957576 0.263700 0.129749
1769097898.503108 3.961806 0.264332 0.128616
1769097898.553133 3.968244 0.265255 0.125454
1769097898.603124 3.972403 0.265863 0.125210
1769097898.653130 3.976638 0.266476 0.125024
1769097898.703121 3.983032 0.267360 0.123054
1769097898.753134 3.987164 0.267956 0.120781
1769097898.803133 3.991428 0.268548 0.121039
1769097898.853136 3.997854 0.269393 0.121689
1769097898.903132 4.002041 0.269975 0.119424
1769097898.953123 4.006428 0.270578 0.115740
1769097899.003136 4.012909 0.271395 0.112128
1769097899.053138 4.017074 0.271937 0.108145
1769097899.103130 4.021418 0.272485 0.104029
1769097899.153140 4.027706 0.273208 0.100090
1769097899.203137 4.031904 0.273696 0.097109
1769097899.253137 4.036073 0.274183 0.090611
1769097899.303147 4.042342 0.274824 0.085391
1769097899.353136 4.046568 0.275269 0.080994
1769097899.403136 4.050695 0.275684 0.076976
1769097899.453141 4.056921 0.276234 0.072905
1769097899.503156 4.061227 0.276626 0.067261
1769097899.553142 4.065559 0.277001 0.060774
1769097899.603157 4.071946 0.277465 0.056408
1769097899.653147 4.076330 0.277794 0.049969
1769097899.703159 4.080773 0.278084 0.046577
1769097899.753170 4.087316 0.278461 0.040929
1769097899.803168 4.091759 0.278706 0.035538
1769097899.853165 4.096051 0.278926 0.030284
1769097899.903192 4.102626 0.279189 0.026015
1769097899.953207 4.106792 0.279364 0.020872
1769097900.003198 4.110986 0.279516 0.018677
1769097900.053151 4.117258 0.279690 0.017084
1769097900.103152 4.121477 0.279823 0.014896
1769097900.153148 4.125697 0.279949 0.014651
1769097900.203139 4.132021 0.280094 0.016828
1769097900.253152 4.136319 0.280212 0.019558
1769097900.303162 4.136319 0.280241 0.022187
1769097900.353152 4.146965 0.280523 0.021992
1769097900.403154 4.151210 0.280668 0.021718
1769097900.453151 4.155533 0.280808 0.023260
1769097900.503156 4.161929 0.281002 0.023040
1769097900.553147 4.166301 0.281150 0.022212
1769097900.603135 4.170545 0.281302 0.020414
1769097900.653143 4.176615 0.281470 0.021868
1769097900.703130 4.180890 0.281596 0.023775
1769097900.753155 4.185208 0.281746 0.019880
1769097900.803153 4.191630 0.281924 0.017511
1769097900.853152 4.196055 0.282051 0.016993
1769097900.903146 4.200352 0.282169 0.016329
1769097900.953164 4.206878 0.282318 0.017371
1769097901.003153 4.211202 0.282434 0.018040
1769097901.053157 4.215498 0.282559 0.018145
1769097901.103171 4.221895 0.282729 0.018220
1769097901.153129 4.226092 0.282855 0.019935
1769097901.203159 4.230313 0.282990 0.020466
1769097901.253161 4.236582 0.283174 0.021271
1769097901.303173 4.240701 0.283321 0.020819
1769097901.353134 4.244898 0.283455 0.023704
1769097901.403162 4.251195 0.283644 0.024704
1769097901.453159 4.255515 0.283801 0.023040
1769097901.503144 4.259788 0.283944 0.023970
1769097901.553173 4.266211 0.284135 0.023321
1769097901.603193 4.270585 0.284277 0.022586
1769097901.653195 4.274957 0.284421 0.021196
1769097901.703194 4.281405 0.284606 0.019912
1769097901.753181 4.285855 0.284739 0.019938
1769097901.803197 4.285851 0.284783 0.019990
1769097901.853166 4.296678 0.285039 0.018913
1769097901.903174 4.300874 0.285165 0.017359
1769097901.953159 4.300868 0.285220 0.015845
1769097902.003165 4.311518 0.285446 0.015061
1769097902.053182 4.315741 0.285555 0.016455
1769097902.103164 4.320012 0.285680 0.015439
1769097902.153181 4.326412 0.285823 0.018312
1769097902.203166 4.330586 0.285929 0.022057
1769097902.253177 4.334858 0.286061 0.022546
1769097902.303182 4.341232 0.286243 0.023867
1769097902.353177 4.345428 0.286382 0.025520
1769097902.403175 4.349727 0.286526 0.027447
1769097902.453164 4.356049 0.286736 0.027259
1769097902.503169 4.360296 0.286890 0.027685
1769097902.553176 4.360293 0.286925 0.028083
1769097902.603230 4.370815 0.287254 0.028146
1769097902.653179 4.375088 0.287405 0.028524
1769097902.703271 4.379335 0.287559 0.026466
1769097902.753185 4.385834 0.287774 0.024236
1769097902.803178 4.390233 0.287930 0.022255
1769097902.853178 4.394582 0.288063 0.022272
1769097902.903172 4.401132 0.288249 0.021465
1769097902.953173 4.405531 0.288392 0.019151
1769097903.003155 4.409880 0.288518 0.019205
1769097903.053154 4.414205 0.288638 0.020973
1769097903.103180 4.420655 0.288806 0.022709
1769097903.153175 4.424852 0.288935 0.023565
1769097903.203192 4.429100 0.289073 0.023637
1769097903.253186 4.435271 0.289255 0.024471
1769097903.303170 4.439444 0.289388 0.026331
1769097903.353189 4.443692 0.289537 0.025636
1769097903.403178 4.450039 0.289741 0.025061
1769097903.453190 4.454362 0.289894 0.025436
1769097903.503175 4.458560 0.290035 0.027034
1769097903.553180 4.465085 0.290242 0.027837
1769097903.603179 4.469434 0.290403 0.026330
1769097903.653204 4.473707 0.290554 0.026672
1769097903.703203 4.480307 0.290767 0.026144
1769097903.753209 4.484606 0.290911 0.026183
1769097903.803187 4.488855 0.291049 0.026189
1769097903.853187 4.495254 0.291246 0.025395
1769097903.903206 4.499604 0.291382 0.024711
1769097903.953224 4.503853 0.291511 0.024176
1769097904.003287 4.510380 0.291683 0.024521
1769097904.053199 4.514680 0.291804 0.023976
1769097904.103173 4.519056 0.291933 0.022486
1769097904.153207 4.525533 0.292091 0.024898
1769097904.203191 4.529833 0.292212 0.026392
1769097904.253189 4.534107 0.292346 0.026885
1769097904.303179 4.540431 0.292538 0.028952
1769097904.353194 4.544781 0.292683 0.030658
1769097904.403193 4.548929 0.292825 0.032458
1769097904.453199 4.555201 0.293044 0.033954
1769097904.503195 4.559222 0.293205 0.033051
1769097904.553187 4.563268 0.293357 0.034271
1769097904.603174 4.569565 0.293596 0.034004
1769097904.653248 4.573839 0.293761 0.033680
1769097904.703175 4.578138 0.293929 0.032153
1769097904.753209 4.584637 0.294154 0.033790
1769097904.803197 4.588912 0.294299 0.035785
1769097904.853195 4.588912 0.294290 0.037806
1769097904.903193 4.599965 0.294707 0.036152
1769097904.953200 4.604240 0.294855 0.036378
1769097905.003194 4.608667 0.295009 0.035991
1769097905.053197 4.615118 0.295239 0.033645
1769097905.103213 4.619393 0.295378 0.033976
1769097905.153203 4.623618 0.295521 0.033727
1769097905.203188 4.629790 0.295720 0.035007
1769097905.253200 4.634015 0.295862 0.035515
1769097905.303185 4.638213 0.296002 0.036692
1769097905.353180 4.644588 0.296228 0.036903
1769097905.403180 4.648863 0.296386 0.036578
1769097905.453198 4.653037 0.296526 0.039525
1769097905.503230 4.659512 0.296774 0.039559
1769097905.553241 4.663862 0.296951 0.038308
1769097905.603220 4.668111 0.297116 0.039451
1769097905.653224 4.674586 0.297376 0.038814
1769097905.703233 4.678860 0.297540 0.039581
1769097905.753304 4.682882 0.297706 0.037732
1769097905.803248 4.689255 0.297962 0.035912
1769097905.853230 4.693175 0.298111 0.035700
1769097905.903234 4.699473 0.298350 0.033736
1769097905.953239 4.703747 0.298509 0.031873
1769097906.003261 4.708148 0.298668 0.030643
1769097906.053211 4.714673 0.298889 0.029924
1769097906.103206 4.719048 0.299032 0.031042
1769097906.153204 4.723196 0.299167 0.032141
1769097906.203193 4.729646 0.299392 0.031125
1769097906.253238 4.733996 0.299547 0.031554
1769097906.303214 4.738270 0.299690 0.034962
1769097906.353220 4.744619 0.299924 0.035037
1769097906.403204 4.748741 0.300083 0.036287
1769097906.453225 4.752913 0.300254 0.036960
1769097906.503205 4.759083 0.300490 0.039819
1769097906.553227 4.763307 0.300672 0.039898
1769097906.603230 4.767555 0.300858 0.039454
1769097906.653222 4.773902 0.301124 0.039252
1769097906.703231 4.778226 0.301318 0.037891
1769097906.753214 4.782549 0.301496 0.039343
1769097906.803238 4.789074 0.301770 0.038594
1769097906.853225 4.793449 0.301972 0.034774
1769097906.903227 4.793448 0.302024 0.030968
1769097906.953242 4.804399 0.302410 0.031602
1769097907.003237 4.808671 0.302584 0.032327
1769097907.053224 4.812919 0.302764 0.031515
1769097907.103233 4.819342 0.303016 0.029718
1769097907.153236 4.823539 0.303174 0.029403
1769097907.203219 4.823538 0.303209 0.029143
1769097907.253225 4.834262 0.303556 0.028727
1769097907.303223 4.838510 0.303710 0.030068
1769097907.353228 4.842834 0.303873 0.030660
1769097907.403209 4.847005 0.304031 0.032441
1769097907.453240 4.853480 0.304270 0.033017
1769097907.503257 4.857856 0.304461 0.031462
1769097907.553240 4.862027 0.304637 0.032656
1769097907.603243 4.868475 0.304885 0.034428
1769097907.653240 4.872698 0.305067 0.034924
1769097907.703241 4.876946 0.305258 0.034141
1769097907.753255 4.883242 0.305514 0.034618
1769097907.803251 4.887439 0.305688 0.035344
1769097907.853244 4.891764 0.305870 0.033918
1769097907.903269 4.898238 0.306127 0.031621
1769097907.953300 4.902511 0.306296 0.030734
1769097908.003244 4.906911 0.306458 0.031534
1769097908.053262 4.913512 0.306693 0.030892
1769097908.103251 4.917911 0.306846 0.032544
1769097908.153247 4.922313 0.307017 0.030083
1769097908.203241 4.928863 0.307237 0.030787
1769097908.253241 4.932933 0.307382 0.032431
1769097908.303244 4.937157 0.307536 0.032823
1769097908.353224 4.943505 0.307760 0.034514
1769097908.403232 4.947653 0.307928 0.033782
1769097908.453242 4.951799 0.308080 0.036832
1769097908.503232 4.958097 0.308321 0.038692
1769097908.553241 4.962346 0.308502 0.036980
1769097908.603238 4.966466 0.308667 0.039428
1769097908.653244 4.972992 0.308940 0.039249
1769097908.703244 4.977189 0.309114 0.040942
1769097908.753241 4.981512 0.309298 0.042287
1769097908.803245 4.987989 0.309587 0.039303
1769097908.853256 4.992312 0.309773 0.039514
1769097908.903233 4.996610 0.309950 0.040974
1769097908.953244 5.003034 0.310225 0.039306
1769097909.003238 5.007333 0.310408 0.038509
1769097909.053245 5.011607 0.310595 0.036460
1769097909.103245 5.018004 0.310840 0.037531
1769097909.153247 5.022354 0.311007 0.037536
1769097909.203230 5.026655 0.311185 0.033402
1769097909.253246 5.033180 0.311412 0.032800
1769097909.303250 5.037480 0.311559 0.033012
1769097909.353237 5.041779 0.311705 0.033908
1769097909.403243 5.048254 0.311924 0.036175
1769097909.453247 5.052530 0.312084 0.036452
1769097909.503233 5.056829 0.312248 0.037200
1769097909.553240 5.063151 0.312483 0.039469
1769097909.603263 5.067324 0.312642 0.041616
1769097909.653230 5.071295 0.312802 0.041621
1769097909.703249 5.077566 0.313058 0.043066
1769097909.753273 5.081738 0.313224 0.044281
1769097909.803260 5.085735 0.313383 0.044281
1769097909.853280 5.092211 0.313666 0.041369
1769097909.903270 5.092212 0.313677 0.038480
1769097909.953290 5.102833 0.314082 0.039006
1769097910.003253 5.107159 0.314244 0.039009
1769097910.053266 5.107159 0.314238 0.038999
1769097910.103267 5.118136 0.314666 0.036829
1769097910.153234 5.122538 0.314833 0.034771
1769097910.203264 5.122539 0.314847 0.032752
1769097910.253255 5.133363 0.315216 0.032206
1769097910.303238 5.137587 0.315363 0.033253
1769097910.353267 5.141837 0.315522 0.031748
1769097910.403262 5.146034 0.315667 0.033877
1769097910.453263 5.152383 0.315894 0.033448
1769097910.503253 5.156660 0.316062 0.031181
1769097910.553267 5.160805 0.316214 0.033632
1769097910.603265 5.167255 0.316449 0.035150
1769097910.653266 5.171579 0.316616 0.037735
1769097910.703270 5.175775 0.316790 0.039846
1769097910.753272 5.182201 0.317067 0.038912
1769097910.803265 5.186474 0.317255 0.039183
1769097910.853253 5.190721 0.317440 0.040408
1769097910.903257 5.197172 0.317725 0.038217
1769097910.953251 5.201344 0.317913 0.037505
1769097911.003248 5.205644 0.318109 0.035721
1769097911.053276 5.211938 0.318358 0.037270
1769097911.103273 5.216287 0.318533 0.038359
1769097911.153341 5.220614 0.318723 0.033915
1769097911.203252 5.227138 0.318965 0.034374
1769097911.253278 5.231512 0.319129 0.035068
1769097911.303276 5.235914 0.319294 0.033810
1769097911.353267 5.242412 0.319520 0.035359
1769097911.403273 5.246763 0.319682 0.035398
1769097911.453275 5.251037 0.319844 0.035400
1769097911.503347 5.257460 0.320076 0.037934
1769097911.553287 5.261608 0.320238 0.038732
1769097911.603293 5.265806 0.320405 0.039885
1769097911.653267 5.272054 0.320662 0.039965
1769097911.703296 5.276175 0.320839 0.039714
1769097911.753282 5.280372 0.321009 0.041655
1769097911.803275 5.286797 0.321290 0.039510
1769097911.853301 5.291122 0.321482 0.038127
1769097911.903306 5.291122 0.321509 0.036741
1769097911.953293 5.301923 0.321936 0.035452
1769097912.003278 5.306298 0.322123 0.035485
1769097912.053288 5.310497 0.322310 0.033431
1769097912.103264 5.316692 0.322553 0.033416
1769097912.153273 5.320815 0.322728 0.032417
1769097912.203282 5.327264 0.322968 0.032170
1769097912.253285 5.331284 0.323131 0.031389
1769097912.303349 5.335584 0.323299 0.030444
1769097912.353292 5.341983 0.323532 0.029646
1769097912.403322 5.346053 0.323682 0.030875
1769097912.453290 5.350327 0.323838 0.031357
1769097912.503321 5.356776 0.324065 0.032351
1769097912.553285 5.361098 0.324227 0.034764
1769097912.603302 5.365145 0.324381 0.036345
1769097912.653292 5.371568 0.324631 0.038536
1769097912.703296 5.375818 0.324815 0.038648
1769097912.753295 5.380039 0.324996 0.040371
1769097912.803284 5.386362 0.325272 0.041936
1769097912.853277 5.390610 0.325467 0.041737
1769097912.903304 5.394681 0.325658 0.041756
1769097912.953327 5.401004 0.325949 0.039989
1769097913.003326 5.405227 0.326148 0.039031
1769097913.053304 5.409499 0.326342 0.039441
1769097913.103324 5.415975 0.326633 0.036207
1769097913.153380 5.420350 0.326835 0.033912
1769097913.203319 5.424698 0.327018 0.035443
1769097913.253314 5.431324 0.327286 0.033964
1769097913.303296 5.435725 0.327475 0.033263
1769097913.353305 5.440127 0.327666 0.030632
1769097913.403304 5.446602 0.327908 0.029424
1769097913.453349 5.450925 0.328078 0.030651
1769097913.503336 5.454845 0.328242 0.030224
1769097913.553304 5.461092 0.328476 0.030869
1769097913.603325 5.461090 0.328518 0.031497
1769097913.653314 5.471359 0.328887 0.031850
1769097913.703320 5.475605 0.329061 0.033973
1769097913.753322 5.479803 0.329237 0.035660
1769097913.803352 5.484076 0.329431 0.034413
1769097913.853336 5.490575 0.329691 0.037594
1769097913.903302 5.494772 0.329871 0.039315
1769097913.953310 5.499097 0.330070 0.038714
1769097914.003322 5.505597 0.330356 0.037436
1769097914.053322 5.509871 0.330551 0.036896
1769097914.103295 5.514295 0.330750 0.036915
1769097914.153297 5.520644 0.331013 0.035959
1769097914.203310 5.524892 0.331199 0.034840
1769097914.253309 5.524892 0.331236 0.033783
1769097914.303300 5.524891 0.331279 0.032734
1769097914.353319 5.524891 0.331325 0.031692
1769097914.403306 5.524890 0.331377 0.030658
1769097914.453310 5.524888 0.331432 0.029632
1769097914.503325 5.524887 0.331492 0.028614
1769097914.553302 5.524886 0.331556 0.027604
1769097914.603296 5.524884 0.331624 0.026601
1769097914.653321 5.524883 0.331696 0.025605
1769097914.703364 5.574518 0.333042 0.027556
1769097914.753313 5.580917 0.333289 0.029804
1769097914.803307 5.585037 0.333476 0.032398
1769097914.853328 5.589133 0.333681 0.031885
1769097914.903338 5.595405 0.333952 0.033026
1769097914.953326 5.599552 0.334158 0.032866
1769097915.003324 5.603849 0.334368 0.033567
1769097915.053321 5.610273 0.334651 0.032639
1769097915.103320 5.614571 0.334863 0.031383
1769097915.153320 5.618946 0.335077 0.030786
1769097915.203309 5.625443 0.335338 0.032712
1769097915.253340 5.629919 0.335554 0.031747
1769097915.303325 5.634321 0.335768 0.029175
1769097915.353321 5.640743 0.336031 0.029556
1769097915.403315 5.645143 0.336234 0.029682
1769097915.453315 5.645140 0.336307 0.029808
1769097915.503323 5.655713 0.336685 0.029535
1769097915.553317 5.659960 0.336873 0.029619
1769097915.603332 5.659958 0.336935 0.029728
1769097915.653348 5.670581 0.337312 0.030320
1769097915.703358 5.674776 0.337498 0.032181
1769097915.753341 5.679100 0.337695 0.032987
1769097915.803316 5.683320 0.337888 0.036203
1769097915.853309 5.689717 0.338163 0.039408
1769097915.903320 5.694041 0.338377 0.039529
1769097915.953339 5.698340 0.338599 0.038580
1769097916.003343 5.704737 0.338897 0.038892
1769097916.053327 5.708809 0.339103 0.039506
1769097916.103301 5.715156 0.339403 0.038260
1769097916.153322 5.719355 0.339619 0.036424
1769097916.203322 5.723627 0.339833 0.035980
1769097916.253319 5.730025 0.340116 0.035148
1769097916.303335 5.734424 0.340316 0.035182
1769097916.353319 5.734422 0.340361 0.035269
1769097916.403333 5.745245 0.340784 0.034807
1769097916.453324 5.749722 0.340987 0.032897
1769097916.503329 5.754119 0.341174 0.034708
1769097916.553334 5.758470 0.341364 0.034558
1769097916.603406 5.764919 0.341629 0.034167
1769097916.653334 5.769217 0.341821 0.035169
1769097916.703325 5.773463 0.342008 0.037666
1769097916.753330 5.779709 0.342275 0.040296
1769097916.803335 5.783856 0.342477 0.040395
1769097916.853333 5.788001 0.342677 0.042781
1769097916.903383 5.794295 0.342969 0.045119
1769097916.953343 5.798492 0.343187 0.044952
1769097917.003345 5.802791 0.343410 0.044431
1769097917.053331 5.809111 0.343720 0.045513
1769097917.103347 5.813510 0.343953 0.045353
1769097917.153339 5.817858 0.344173 0.046554
1769097917.203349 5.824329 0.344497 0.046811
1769097917.253340 5.828477 0.344720 0.044633
1769097917.303355 5.832672 0.344934 0.045278
1769097917.353355 5.839193 0.345247 0.046853
1769097917.403337 5.843262 0.345449 0.047511
1769097917.453348 5.849609 0.345768 0.045862
1769097917.503338 5.853956 0.345987 0.045348
1769097917.553357 5.858203 0.346182 0.044961
1769097917.603327 5.864675 0.346476 0.044678
1769097917.653340 5.868923 0.346672 0.044272
1769097917.703336 5.873219 0.346864 0.046485
1769097917.753341 5.879743 0.347172 0.046537
1769097917.803339 5.884014 0.347368 0.049063
1769097917.853376 5.884012 0.347354 0.051558
1769097917.903397 5.894631 0.347901 0.050688
1769097917.953395 5.898877 0.348113 0.051850
1769097918.003378 5.903099 0.348330 0.052799
1769097918.053321 5.907270 0.348543 0.053024
1769097918.103342 5.913615 0.348876 0.052518
1769097918.153351 5.917889 0.349112 0.049381
1769097918.203351 5.922084 0.349318 0.050572
1769097918.253339 5.928556 0.349648 0.048911
1769097918.303344 5.932855 0.349859 0.047862
1769097918.353355 5.937152 0.350069 0.047376
1769097918.403351 5.943902 0.350391 0.047386
1769097918.453351 5.948250 0.350601 0.046594
1769097918.503355 5.952547 0.350797 0.047372
1769097918.553370 5.959121 0.351113 0.045407
1769097918.603358 5.963469 0.351318 0.044874
1769097918.653362 5.967768 0.351520 0.045342
1769097918.703369 5.974139 0.351812 0.046131
1769097918.753344 5.978208 0.352001 0.047642
1769097918.803359 5.982506 0.352220 0.046278
1769097918.853358 5.988750 0.352506 0.049390
1769097918.903360 5.992997 0.352712 0.050935
1769097918.953366 5.997269 0.352932 0.050485
1769097919.003352 6.003562 0.353245 0.053338
1769097919.053344 6.007936 0.353479 0.053452
1769097919.103351 6.012207 0.353705 0.054448
1769097919.153357 6.018602 0.354055 0.054509
1769097919.203361 6.022951 0.354304 0.051414
1769097919.253359 6.027197 0.354535 0.052012
1769097919.303361 6.033641 0.354878 0.052794
1769097919.353373 6.037837 0.355102 0.052817
1769097919.403368 6.042058 0.355332 0.051610
1769097919.453342 6.048528 0.355674 0.051027
1769097919.503369 6.052798 0.355883 0.052394
1769097919.553350 6.057172 0.356101 0.051314
1769097919.603370 6.063695 0.356433 0.048625
1769097919.653361 6.068042 0.356635 0.049137
1769097919.703371 6.072416 0.356837 0.049609
1769097919.753390 6.078862 0.357147 0.050290
1769097919.803382 6.083134 0.357348 0.052288
1769097919.853384 6.083133 0.357324 0.054258
1769097919.903383 6.093774 0.357880 0.055507
1769097919.953402 6.097969 0.358090 0.057098
1769097920.003433 6.097969 0.358061 0.058651
1769097920.053393 6.108304 0.358642 0.059615
1769097920.103387 6.112602 0.358882 0.058134
1769097920.153354 6.116745 0.359099 0.060102
1769097920.203372 6.123190 0.359461 0.059025
1769097920.253368 6.127564 0.359704 0.055541
1769097920.303360 6.131834 0.359925 0.056106
1769097920.353426 6.136207 0.360155 0.055248
1769097920.403375 6.142753 0.360499 0.054870
1769097920.453378 6.142754 0.360483 0.054507
1769097920.503362 6.153648 0.361068 0.052101
1769097920.553376 6.158021 0.361289 0.050335
1769097920.603372 6.162343 0.361500 0.050812
1769097920.653387 6.166590 0.361708 0.049924
1769097920.703376 6.172909 0.362012 0.051120
1769097920.753377 6.177208 0.362226 0.049549
1769097920.803378 6.181478 0.362426 0.051852
1769097920.853386 6.187874 0.362747 0.051560
1769097920.903385 6.192122 0.362968 0.049823
1769097920.953380 6.196342 0.363176 0.052674
1769097921.003366 6.202838 0.363510 0.054301
1769097921.053357 6.206831 0.363721 0.056450
1769097921.103421 6.212947 0.364061 0.057406
1769097921.153386 6.217219 0.364306 0.056953
1769097921.203383 6.221413 0.364545 0.057428
1769097921.253383 6.227806 0.364908 0.058700
1769097921.303366 6.232027 0.365150 0.057958
1769097921.353381 6.232027 0.365148 0.057208
1769097921.403378 6.242615 0.365759 0.055458
1769097921.453379 6.246885 0.365993 0.055580
1769097921.503404 6.251256 0.366222 0.057346
1769097921.553441 6.255630 0.366468 0.053490
1769097921.603385 6.262100 0.366810 0.053779
1769097921.653418 6.266548 0.367043 0.053480
1769097921.703417 6.270871 0.367269 0.052021
1769097921.753392 6.277417 0.367600 0.052723
1769097921.803438 6.281740 0.367820 0.052741
1769097921.853423 6.286011 0.368039 0.053650
1769097921.903425 6.292329 0.368366 0.055228
1769097921.953406 6.296423 0.368586 0.056075
1769097922.003418 6.300643 0.368811 0.057615
1769097922.053390 6.306911 0.369162 0.058511
1769097922.103404 6.311131 0.369399 0.058752
1769097922.153415 6.315349 0.369625 0.061523
1769097922.203405 6.321794 0.370013 0.058509
1769097922.253394 6.326064 0.370260 0.058505
1769097922.303390 6.330436 0.370510 0.059115
1769097922.353405 6.336931 0.370888 0.058218
1769097922.403377 6.341276 0.371133 0.058523
1769097922.453397 6.345623 0.371387 0.056143
1769097922.503400 6.352042 0.371748 0.055929
1769097922.553398 6.356338 0.371987 0.055636
1769097922.603396 6.360558 0.372218 0.055095
1769097922.653402 6.367003 0.372567 0.054678
1769097922.703404 6.371350 0.372799 0.053638
1769097922.753399 6.375697 0.373030 0.052804
1769097922.803399 6.382166 0.373363 0.054076
1769097922.853405 6.386438 0.373577 0.055098
1769097922.903388 6.390734 0.373807 0.054820
1769097922.953413 6.397229 0.374149 0.057911
1769097923.003404 6.401526 0.374382 0.058339
1769097923.053427 6.401526 0.374366 0.058686
1769097923.103431 6.412114 0.374988 0.058794
1769097923.153406 6.416258 0.375233 0.060695
1769097923.203401 6.416257 0.375225 0.062529
1769097923.253397 6.426666 0.375879 0.061585
1769097923.303415 6.430809 0.376135 0.062567
1769097923.353407 6.430809 0.376131 0.063542
1769097923.403463 6.441519 0.376802 0.063820
1769097923.453451 6.445788 0.377060 0.064103
1769097923.503424 6.445788 0.377043 0.064397
1769097923.553391 6.456726 0.377727 0.063650
1769097923.603421 6.461096 0.377975 0.065337
1769097923.653448 6.465517 0.378224 0.066398
1769097923.703398 6.469837 0.378473 0.065907
1769097923.753465 6.476355 0.378875 0.063378
1769097923.803454 6.480676 0.379117 0.062488
1769097923.853438 6.486815 0.379467 0.063251
1769097923.903420 6.490985 0.379703 0.061861
1769097923.953436 6.494952 0.379922 0.062533
1769097924.003463 6.501092 0.380282 0.061986
1769097924.053399 6.501093 0.380260 0.061456
1769097924.103425 6.511400 0.380869 0.063954
1769097924.153432 6.515443 0.381113 0.061933
1769097924.203419 6.519486 0.381358 0.061732
1769097924.253421 6.526004 0.381750 0.064253
1769097924.303426 6.530147 0.382007 0.062928
1769097924.353416 6.534265 0.382263 0.062338
1769097924.403425 6.540733 0.382671 0.060702
1769097924.453407 6.544951 0.382927 0.061514
1769097924.503414 6.549221 0.383184 0.061531
1769097924.553420 6.555563 0.383573 0.059286
1769097924.603476 6.555563 0.383581 0.057068
1769097924.653429 6.565998 0.384184 0.056154
1769097924.703403 6.570395 0.384434 0.055380
1769097924.753419 6.574539 0.384666 0.055286
1769097924.803424 6.581034 0.385026 0.054110
1769097924.853445 6.585432 0.385269 0.053518
1769097924.903406 6.589576 0.385501 0.054025
1769097924.953446 6.595894 0.385840 0.056126
1769097925.003443 6.600165 0.386086 0.055549
1769097925.053422 6.604410 0.386337 0.055406
1769097925.103435 6.610652 0.386694 0.057793
1769097925.153430 6.614846 0.386943 0.060006
1769097925.203430 6.619039 0.387199 0.060866
1769097925.253427 6.625026 0.387573 0.061949
1769097925.303429 6.625026 0.387577 0.062985
1769097925.353467 6.635534 0.388240 0.063330
1769097925.403441 6.639854 0.388513 0.064472
1769097925.453431 6.644199 0.388800 0.062382
1769097925.503451 6.648467 0.389078 0.060994
1769097925.553479 6.655035 0.389484 0.063508
1769097925.603468 6.659355 0.389761 0.062060
1769097925.653486 6.663700 0.390039 0.061241
1769097925.703454 6.670242 0.390457 0.059279
1769097925.753446 6.674537 0.390721 0.059940
1769097925.803444 6.678831 0.390984 0.060849
1769097925.853449 6.685173 0.391382 0.056993
1769097925.903440 6.689443 0.391637 0.056139
1769097925.953434 6.693713 0.391884 0.056148
1769097926.003474 6.700106 0.392246 0.056355
1769097926.053450 6.704326 0.392487 0.057908
1769097926.103443 6.708621 0.392737 0.059068
1769097926.153445 6.715064 0.393124 0.058570
1769097926.203452 6.719410 0.393378 0.062325
1769097926.253435 6.723604 0.393632 0.063425
1769097926.303421 6.729944 0.394031 0.063801
1769097926.353451 6.734238 0.394306 0.064043
1769097926.403434 6.738457 0.394576 0.064095
1769097926.453451 6.744797 0.394978 0.065007
1769097926.503459 6.748990 0.395251 0.062676
1769097926.553457 6.753183 0.395523 0.060762
1769097926.603449 6.759574 0.395914 0.061120
1769097926.653439 6.763895 0.396179 0.059033
1769097926.703474 6.763895 0.396190 0.056973
1769097926.753448 6.774835 0.396825 0.056140
1769097926.803453 6.779055 0.397075 0.054963
1769097926.853447 6.783452 0.397336 0.054287
1769097926.903458 6.790022 0.397705 0.054620
1769097926.953451 6.794368 0.397957 0.054273
1769097927.003445 6.798689 0.398213 0.053487
1769097927.053451 6.805007 0.398572 0.054475
1769097927.103426 6.809176 0.398813 0.056812
1769097927.153461 6.813294 0.399059 0.057951
1769097927.203448 6.819560 0.399442 0.057612
1769097927.253473 6.823779 0.399694 0.060606
1769097927.303465 6.828023 0.399954 0.062458
1769097927.353452 6.834338 0.400353 0.063471
1769097927.403455 6.838632 0.400634 0.064081
1769097927.453441 6.842901 0.400915 0.065186
1769097927.503454 6.849442 0.401349 0.066471
1769097927.553461 6.853685 0.401635 0.064123
1769097927.603463 6.857978 0.401918 0.063610
1769097927.653538 6.864293 0.402338 0.061658
1769097927.703467 6.868460 0.402606 0.062307
1769097927.753488 6.872780 0.402880 0.062749
1769097927.803493 6.879170 0.403291 0.060364
1769097927.853485 6.879170 0.403310 0.058064
1769097927.903493 6.889478 0.403931 0.056472
1769097927.953465 6.893723 0.404191 0.052976
1769097928.003459 6.897867 0.404428 0.053192
1769097928.053466 6.904362 0.404790 0.053623
1769097928.103448 6.908632 0.405032 0.055401
1769097928.153443 6.912776 0.405285 0.055476
1769097928.203467 6.919118 0.405656 0.056220
1769097928.253444 6.923312 0.405912 0.057308
1769097928.303470 6.927379 0.406178 0.056391
1769097928.353512 6.933619 0.406562 0.057206
1769097928.403465 6.937812 0.406830 0.059222
1769097928.453474 6.943824 0.407216 0.058593
1769097928.503448 6.948017 0.407497 0.057669
1769097928.553444 6.952109 0.407774 0.056396
1769097928.603480 6.958298 0.408157 0.056012
1769097928.653465 6.962668 0.408443 0.053784
1769097928.703471 6.966988 0.408722 0.051791
1769097928.753491 6.973305 0.409096 0.052153
1769097928.803479 6.977802 0.409373 0.052995
1769097928.853471 6.982072 0.409636 0.053381
1769097928.903487 6.988692 0.410023 0.053188
1769097928.953500 6.992961 0.410289 0.051923
1769097929.003470 6.997307 0.410554 0.051943
1769097929.053469 7.003650 0.410918 0.053371
1769097929.103487 7.007818 0.411175 0.053016
1769097929.153476 7.012088 0.411442 0.051910
1769097929.203472 7.018430 0.411812 0.053422
1769097929.253471 7.022649 0.412072 0.053530
1769097929.303494 7.026893 0.412340 0.054550
1769097929.353498 7.033311 0.412737 0.054103
1769097929.403476 7.037504 0.413005 0.057084
1769097929.453490 7.041823 0.413298 0.057926
1769097929.503469 7.047986 0.413695 0.059071
1769097929.553497 7.052280 0.413988 0.059965
1769097929.603561 7.056597 0.414302 0.056660
1769097929.653503 7.062710 0.414698 0.057157
1769097929.703506 7.062708 0.414744 0.057652
1769097929.753481 7.073243 0.415395 0.057693
1769097929.803480 7.077536 0.415693 0.055545
1769097929.853494 7.081906 0.415981 0.056124
1769097929.903505 7.086251 0.416252 0.057401
1769097929.953526 7.092819 0.416660 0.055706
1769097930.003510 7.092817 0.416698 0.054052
1769097930.053490 7.103532 0.417308 0.054850
1769097930.103486 7.107827 0.417575 0.055146
1769097930.153551 7.112147 0.417842 0.056519
1769097930.203486 7.118514 0.418227 0.057976
1769097930.253486 7.122757 0.418502 0.058648
1769097930.303490 7.122756 0.418527 0.059316
1769097930.353496 7.133190 0.419175 0.060616
1769097930.403472 7.137306 0.419449 0.061528
1769097930.453500 7.141473 0.419735 0.061603
1769097930.503494 7.145766 0.420033 0.061672
1769097930.553511 7.151904 0.420435 0.062605
1769097930.603488 7.156223 0.420723 0.063711
1769097930.653503 7.162763 0.421167 0.061872
1769097930.703497 7.167057 0.421455 0.063045
1769097930.753490 7.171249 0.421741 0.063124
1769097930.803493 7.177437 0.422148 0.063154
1769097930.853557 7.177436 0.422163 0.063198
1769097930.903491 7.188095 0.422856 0.061435
1769097930.953491 7.192162 0.423123 0.061136
1769097931.003495 7.192161 0.423142 0.060879
1769097931.053503 7.202796 0.423805 0.060368
1769097931.103495 7.206837 0.424065 0.059343
1769097931.153499 7.211157 0.424345 0.057626
1769097931.203476 7.217372 0.424717 0.059829
1769097931.253514 7.221666 0.424991 0.059670
1769097931.303495 7.225960 0.425276 0.058461
1769097931.353508 7.232327 0.425668 0.062005
1769097931.403511 7.236620 0.425955 0.063307
1769097931.453508 7.240661 0.426226 0.065312
1769097931.503516 7.246949 0.426658 0.066195
1769097931.553499 7.251038 0.426958 0.064532
1769097931.603537 7.257251 0.427385 0.065967
1769097931.653535 7.261265 0.427678 0.065816
1769097931.703511 7.265254 0.427966 0.065875
1769097931.753499 7.271389 0.428403 0.063792
1769097931.803509 7.271387 0.428444 0.061737
1769097931.853514 7.281971 0.429123 0.062745
1769097931.903530 7.286390 0.429431 0.061195
1769097931.953511 7.290581 0.429725 0.058215
1769097932.003526 7.296947 0.430131 0.059359
1769097932.053522 7.301139 0.430415 0.058569
1769097932.103518 7.305459 0.430698 0.057730
1769097932.153523 7.311926 0.431096 0.058374
1769097932.203573 7.316220 0.431374 0.058668
1769097932.253509 7.320439 0.431645 0.059300
1769097932.303517 7.326653 0.432039 0.059639
1769097932.353509 7.330896 0.432312 0.060812
1769097932.403515 7.335115 0.432583 0.062221
1769097932.453510 7.341480 0.432999 0.061945
1769097932.503509 7.345648 0.433266 0.064260
1769097932.553504 7.349942 0.433539 0.066903
1769097932.603515 7.356406 0.433982 0.064524
1769097932.653495 7.360700 0.434261 0.066332
1769097932.703583 7.365044 0.434550 0.066999
1769097932.753520 7.371483 0.434983 0.065311
1769097932.803519 7.375802 0.435272 0.064133
1769097932.853521 7.380145 0.435570 0.060825
1769097932.903512 7.386460 0.435971 0.060644
1769097932.953564 7.390780 0.436243 0.061028
1769097933.003557 7.394998 0.436508 0.059445
1769097933.053518 7.401466 0.436899 0.058584
1769097933.103512 7.405862 0.437169 0.056971
1769097933.153507 7.410183 0.437425 0.056457
1769097933.203525 7.416728 0.437791 0.059164
1769097933.253524 7.421074 0.438055 0.056857
1769097933.303528 7.421072 0.438072 0.054566
1769097933.353532 7.431812 0.438679 0.057032
1769097933.403518 7.436057 0.438941 0.057775
1769097933.453559 7.440301 0.439210 0.059289
1769097933.503527 7.446590 0.439616 0.058158
1769097933.553542 7.450682 0.439882 0.060136
1769097933.603550 7.450681 0.439900 0.062073
1769097933.653507 7.461112 0.440574 0.061649
1769097933.703542 7.465279 0.440857 0.062005
1769097933.753545 7.469597 0.441158 0.059575
1769097933.803568 7.476064 0.441577 0.059874
1769097933.853578 7.480383 0.441861 0.060180
1769097933.903546 7.484776 0.442164 0.057644
1769097933.953542 7.489070 0.442448 0.057162
1769097934.003558 7.495664 0.442855 0.057909
1769097934.053547 7.495662 0.442881 0.058637
1769097934.103510 7.506349 0.443528 0.058298
1769097934.153551 7.510694 0.443810 0.055843
1769097934.203542 7.510691 0.443850 0.053436
1769097934.253533 7.521229 0.444446 0.053954
1769097934.303535 7.525447 0.444713 0.052374
1769097934.353596 7.529465 0.444961 0.053386
1769097934.403537 7.535882 0.445341 0.052961
1769097934.453523 7.540076 0.445601 0.054091
1769097934.503534 7.544346 0.445856 0.058165
1769097934.553527 7.550585 0.446253 0.055919
1769097934.603539 7.554829 0.446520 0.058718
1769097934.653532 7.559123 0.446802 0.059281
1769097934.703592 7.565489 0.447202 0.059981
1769097934.753550 7.569833 0.447487 0.060302
1769097934.803540 7.574151 0.447777 0.058176
1769097934.853554 7.580391 0.448166 0.059222
1769097934.903561 7.584610 0.448437 0.058686
1769097934.953550 7.588904 0.448709 0.056966
1769097935.003545 7.595346 0.449102 0.055079
1769097935.053549 7.599717 0.449367 0.054470
1769097935.103542 7.599715 0.449394 0.053880
1769097935.153555 7.610634 0.449994 0.055218
1769097935.203558 7.614954 0.450247 0.053604
1769097935.253593 7.619376 0.450504 0.053240
1769097935.303554 7.625719 0.450863 0.053546
1769097935.353552 7.629737 0.451094 0.054453
1769097935.403541 7.634032 0.451350 0.054797
1769097935.453598 7.640172 0.451711 0.054905
1769097935.503571 7.640170 0.451740 0.055691
1769097935.553568 7.650328 0.452329 0.058027
1769097935.603558 7.654318 0.452593 0.056225
1769097935.653555 7.658259 0.452850 0.057227
1769097935.703560 7.664700 0.453253 0.057375
1769097935.753642 7.668894 0.453523 0.058240
1769097935.803595 7.668892 0.453548 0.059123
1769097935.853550 7.679754 0.454228 0.056619
1769097935.903587 7.684099 0.454512 0.057013
1769097935.953558 7.684097 0.454546 0.057403
1769097936.003583 7.694911 0.455194 0.056633
1769097936.053566 7.699255 0.455471 0.055847
1769097936.103556 7.699253 0.455505 0.055066
1769097936.153548 7.709992 0.456126 0.054311
1769097936.203565 7.714263 0.456378 0.055099
1769097936.253561 7.714262 0.456395 0.055922
1769097936.303581 7.725078 0.456999 0.055387
1769097936.353562 7.729375 0.457233 0.055416
1769097936.403563 7.729375 0.457229 0.055445
1769097936.453561 7.740116 0.457818 0.057414
1769097936.503551 7.744185 0.458045 0.057784
1769097936.553564 7.744185 0.458037 0.058111
1769097936.603607 7.754925 0.458656 0.060475
1769097936.653550 7.759119 0.458897 0.061154
1769097936.703611 7.759120 0.458882 0.061777
1769097936.753562 7.769704 0.459540 0.059797
1769097936.803566 7.773874 0.459786 0.061392
1769097936.853564 7.778042 0.460032 0.062445
1769097936.903608 7.782312 0.460293 0.059808
1769097936.953551 7.788729 0.460676 0.059073
1769097937.003549 7.793100 0.460931 0.057918
1769097937.053565 7.797422 0.461175 0.057420
1769097937.103580 7.803941 0.461545 0.056755
1769097937.153633 7.808288 0.461785 0.056779
1769097937.203570 7.812736 0.462037 0.054903
1769097937.253570 7.819307 0.462394 0.056100
1769097937.303569 7.823680 0.462628 0.056891
1769097937.353579 7.828002 0.462857 0.058084
1769097937.403579 7.834345 0.463215 0.056917
1769097937.453586 7.838540 0.463450 0.056639
1769097937.503568 7.842685 0.463672 0.059226
1769097937.553590 7.849027 0.464043 0.056897
1769097937.603598 7.853247 0.464285 0.056892
1769097937.653570 7.857442 0.464520 0.059315
1769097937.703575 7.863809 0.464897 0.058585
1769097937.753568 7.867978 0.465145 0.060317
1769097937.803562 7.872449 0.465422 0.058877
1769097937.853619 7.878740 0.465804 0.059169
1769097937.903623 7.883059 0.466079 0.058252
1769097937.953579 7.887379 0.466341 0.059207
1769097938.003564 7.893771 0.466733 0.059043
1769097938.053563 7.898090 0.467011 0.058104
1769097938.103563 7.902234 0.467265 0.061547
1769097938.153557 7.908625 0.467665 0.064588
1769097938.203577 7.913019 0.467964 0.066409
1769097938.253582 7.913019 0.467970 0.068082
1769097938.303584 7.923850 0.468727 0.072247
1769097938.353585 7.928115 0.469051 0.073573
1769097938.403564 7.928115 0.469060 0.074742
1769097938.453587 7.939091 0.469914 0.078048
1769097938.503636 7.943304 0.470282 0.083542
1769097938.553632 7.943304 0.470295 0.088843
1769097938.603584 7.953940 0.471271 0.094801
1769097938.653567 7.958171 0.471708 0.100095
1769097938.703590 7.962326 0.472148 0.106712
1769097938.753577 7.966477 0.472615 0.111925
1769097938.803591 7.972663 0.473330 0.117411
1769097938.853575 7.976859 0.473848 0.122906
1769097938.903593 7.981128 0.474401 0.127275
1769097938.953574 7.987504 0.475229 0.133786
1769097939.003578 7.991717 0.475811 0.139031
1769097939.053607 7.996128 0.476446 0.140889
1769097939.103596 8.002290 0.477344 0.142043
1769097939.153597 8.006622 0.477993 0.141202
1769097939.203591 8.012859 0.478912 0.140313
1769097939.253602 8.016968 0.479514 0.140768
1769097939.303570 8.021076 0.480121 0.137915
1769097939.353678 8.027217 0.480999 0.137060
1769097939.403594 8.031527 0.481624 0.135671
1769097939.453595 8.035764 0.482225 0.135989
1769097939.503600 8.041906 0.483089 0.136025
1769097939.553613 8.045939 0.483681 0.132776
1769097939.603636 8.052160 0.484544 0.135237
1769097939.653595 8.056247 0.485127 0.137954
1769097939.703604 8.062638 0.486038 0.138456
1769097939.753623 8.066649 0.486620 0.140724
1769097939.803621 8.066649 0.486632 0.142974
1769097939.853627 8.077194 0.488165 0.144507
1769097939.903656 8.081350 0.488785 0.144319
1769097939.953606 8.085607 0.489422 0.143217
1769097940.003617 8.091693 0.490317 0.143985
1769097940.053612 8.095951 0.490948 0.144483
1769097940.103603 8.100082 0.491562 0.144557
1769097940.153628 8.106418 0.492495 0.144985
1769097940.203590 8.110722 0.493148 0.142087
1769097940.253601 8.114981 0.493774 0.142102
1769097940.303604 8.121319 0.494691 0.142147
1769097940.353611 8.125699 0.495342 0.137551
1769097940.403608 8.129860 0.495932 0.136186
1769097940.453606 8.136352 0.496840 0.134180
1769097940.503638 8.140641 0.497436 0.133573
1769097940.553587 8.144932 0.498016 0.135668
1769097940.603610 8.151301 0.498893 0.134118
1769097940.653603 8.155390 0.499451 0.134973
1769097940.703600 8.159603 0.500033 0.136077
1769097940.753607 8.165647 0.500863 0.137338
1769097940.803595 8.169808 0.501442 0.138128
1769097940.853607 8.173790 0.502016 0.136000
1769097940.903594 8.180183 0.502909 0.137513
1769097940.953601 8.184445 0.503511 0.138803
1769097941.003674 8.188778 0.504135 0.137486
1769097941.053610 8.195120 0.505030 0.138053
1769097941.103607 8.199380 0.505640 0.137694
1769097941.153607 8.203614 0.506243 0.136171
1769097941.203618 8.210007 0.507135 0.135334
1769097941.253617 8.214268 0.507735 0.132910
1769097941.303632 8.218432 0.508306 0.132952
1769097941.353621 8.224855 0.509177 0.132963
1769097941.403697 8.229092 0.509758 0.131587
1769097941.453662 8.229089 0.509777 0.130237
1769097941.503612 8.239824 0.511218 0.125497
1769097941.553630 8.244193 0.511797 0.126196
1769097941.603677 8.248562 0.512372 0.128264
1769097941.653686 8.255010 0.513224 0.127183
1769097941.703655 8.259354 0.513801 0.128240
1769097941.753640 8.259353 0.513817 0.129330
1769097941.803639 8.269868 0.515203 0.130823
1769097941.853727 8.273856 0.515746 0.131857
1769097941.903694 8.278018 0.516318 0.131604
1769097941.953655 8.284166 0.517150 0.133346
1769097942.003701 8.288329 0.517722 0.135074
1769097942.053641 8.292491 0.518303 0.135782
1769097942.103608 8.298734 0.519169 0.136654
1769097942.153629 8.302942 0.519768 0.135306
1769097942.203630 8.307206 0.520364 0.135884
1769097942.253609 8.313526 0.521236 0.137295
1769097942.303607 8.317909 0.521856 0.134982
1769097942.353713 8.322195 0.522457 0.133232
1769097942.403613 8.328689 0.523351 0.131037
1769097942.453640 8.332975 0.523939 0.127562
1769097942.503623 8.337216 0.524500 0.127317
1769097942.553607 8.343439 0.525319 0.124620
1769097942.603611 8.347634 0.525864 0.124939
1769097942.653624 8.351878 0.526414 0.126404
1769097942.703620 8.357978 0.527204 0.127355
1769097942.753622 8.357978 0.527214 0.128286
1769097942.803646 8.368340 0.528579 0.126378
1769097942.853643 8.372382 0.529118 0.128263
1769097942.903619 8.376474 0.529666 0.131388
1769097942.953622 8.382814 0.530532 0.128743
1769097943.003618 8.386877 0.531092 0.128666
1769097943.053637 8.393097 0.531933 0.128490
1769097943.103633 8.397007 0.532472 0.127779
1769097943.153638 8.401046 0.533026 0.127027
1769097943.203633 8.407216 0.533854 0.124868
1769097943.253653 8.411357 0.534411 0.124963
1769097943.303686 8.415648 0.534984 0.125079
1769097943.353689 8.422023 0.535819 0.124594
1769097943.403700 8.426240 0.536379 0.124668
1769097943.453627 8.430530 0.536947 0.123684
1769097943.503745 8.437157 0.537803 0.122532
1769097943.553619 8.441554 0.538370 0.123674
1769097943.603650 8.445948 0.538932 0.123023
1769097943.653636 8.452453 0.539756 0.122173
1769097943.703757 8.456799 0.540309 0.123263
1769097943.753691 8.460968 0.540839 0.124151
1769097943.803675 8.467195 0.541631 0.124225
1769097943.853703 8.471361 0.542171 0.123186
1769097943.903680 8.475254 0.542676 0.124864
1769097943.953771 8.481532 0.543479 0.127574
1769097944.003683 8.485472 0.544001 0.129369
1769097944.053641 8.491694 0.544831 0.130143
1769097944.103660 8.495680 0.545374 0.129758
1769097944.153665 8.499942 0.545957 0.129215
1769097944.203735 8.506343 0.546808 0.131352
1769097944.253645 8.510650 0.547405 0.127990
1769097944.303642 8.514965 0.547988 0.126962
1769097944.353622 8.521214 0.548813 0.127042
1769097944.403679 8.525454 0.549381 0.126103
1769097944.453643 8.529771 0.549952 0.125732
1769097944.503626 8.536190 0.550799 0.120079
1769097944.553647 8.540383 0.551332 0.118606
1769097944.603656 8.544654 0.551868 0.118293
1769097944.653661 8.550959 0.552637 0.117882
1769097944.703647 8.555255 0.553171 0.117681
1769097944.753658 8.559551 0.553703 0.117047
1769097944.803652 8.565958 0.554481 0.117638
1769097944.853676 8.570283 0.555010 0.120475
1769097944.903668 8.574554 0.555536 0.121489
1769097944.953676 8.580707 0.556301 0.121172
1769097945.003686 8.585004 0.556836 0.123298
1769097945.053657 8.589147 0.557350 0.123961
1769097945.103741 8.595275 0.558119 0.123539
1769097945.153662 8.599541 0.558660 0.121679
1769097945.203656 8.603634 0.559168 0.121789
1769097945.253629 8.609764 0.559921 0.122642
1769097945.303717 8.613958 0.560441 0.121466
1769097945.353645 8.618252 0.560973 0.119997
1769097945.403734 8.624484 0.561732 0.120039
1769097945.453668 8.628576 0.562230 0.119562
1769097945.503645 8.635011 0.563010 0.118990
1769097945.553670 8.639329 0.563536 0.116080
1769097945.603768 8.643727 0.564058 0.114837
1769097945.653678 8.650012 0.564799 0.113415
1769097945.703625 8.654386 0.565306 0.112341
1769097945.753701 8.658689 0.565796 0.113031
1769097945.803664 8.664798 0.566499 0.111485
1769097945.853696 8.664794 0.566514 0.109988
1769097945.903748 8.675060 0.567662 0.113285
1769097945.953642 8.678981 0.568120 0.113618
1769097946.003649 8.683178 0.568621 0.113979
1769097946.053666 8.689135 0.569323 0.115665
1769097946.103685 8.693332 0.569831 0.116864
1769097946.153677 8.697628 0.570360 0.117917
1769097946.203646 8.704056 0.571145 0.116869
1769097946.253643 8.708075 0.571641 0.116965
1769097946.303662 8.712344 0.572171 0.115895
1769097946.353689 8.718676 0.572930 0.115173
1769097946.403650 8.722998 0.573453 0.114324
1769097946.453655 8.729178 0.574189 0.112257
1769097946.503745 8.733426 0.574697 0.111351
1769097946.553722 8.737621 0.575198 0.109868
1769097946.603629 8.743802 0.575909 0.106108
1769097946.653738 8.747898 0.576376 0.104212
1769097946.703679 8.752272 0.576873 0.101685
1769097946.753641 8.758565 0.577548 0.102127
1769097946.803670 8.762741 0.578011 0.102244
1769097946.853662 8.768958 0.578675 0.103046
1769097946.903635 8.773008 0.579121 0.103165
1769097946.953651 8.777130 0.579589 0.101455
1769097947.003667 8.783396 0.580260 0.101837
1769097947.053643 8.783393 0.580290 0.102202
1769097947.103654 8.793455 0.581368 0.099354
1769097947.153653 8.797455 0.581809 0.100441
1769097947.203660 8.801454 0.582255 0.101681
1769097947.253721 8.807639 0.582932 0.099291
1769097947.303718 8.811738 0.583389 0.099444
1769097947.353741 8.816012 0.583867 0.098723
1769097947.403712 8.822404 0.584546 0.098859
1769097947.453655 8.826856 0.585034 0.097660
1769097947.503681 8.833123 0.585693 0.097526
1769097947.553710 8.837451 0.586160 0.096818
1769097947.603735 8.841830 0.586628 0.096642
1769097947.653660 8.846160 0.587080 0.095333
1769097947.703639 8.852429 0.587714 0.093706
1769097947.753811 8.852423 0.587755 0.092151
1769097947.803705 8.863159 0.588781 0.092672
1769097947.853630 8.867418 0.589205 0.095086
1769097947.903668 8.867419 0.589221 0.097475
1769097947.953681 8.877971 0.590268 0.097251
1769097948.003762 8.882102 0.590689 0.097984
1769097948.053686 8.886108 0.591091 0.101085
1769097948.103723 8.892351 0.591732 0.102726
1769097948.153710 8.896656 0.592182 0.103863
1769097948.203674 8.900811 0.592621 0.105229
1769097948.253646 8.907200 0.593307 0.105039
1769097948.303686 8.911378 0.593754 0.105120
1769097948.353625 8.915579 0.594209 0.103972
1769097948.403762 8.921893 0.594888 0.101171
1769097948.453628 8.926046 0.595321 0.101707
1769097948.503669 8.930275 0.595768 0.101365
1769097948.553649 8.936593 0.596420 0.101033
1769097948.603686 8.940972 0.596878 0.099569
1769097948.653691 8.945295 0.597334 0.094657
1769097948.703690 8.951869 0.597976 0.091937
1769097948.753694 8.956201 0.598390 0.091576
1769097948.803698 8.960687 0.598810 0.091380
1769097948.853706 8.967114 0.599408 0.090765
1769097948.903695 8.971498 0.599821 0.090171
1769097948.953693 8.975734 0.600207 0.090861
1769097949.003767 8.981860 0.600769 0.090901
1769097949.053689 8.986065 0.601168 0.088848
1769097949.103697 8.990249 0.601555 0.090017
1769097949.153714 8.996549 0.602138 0.091643
1769097949.203683 9.000706 0.602528 0.091517
1769097949.253683 9.004987 0.602938 0.090854
1769097949.303702 9.011259 0.603530 0.090542
1769097949.353685 9.015466 0.603928 0.091038
1769097949.403717 9.019874 0.604347 0.090439
1769097949.453684 9.026098 0.604927 0.089863
1769097949.503684 9.030357 0.605328 0.089390
1769097949.553690 9.034537 0.605722 0.087559
1769097949.603731 9.040940 0.606300 0.086536
1769097949.653732 9.045223 0.606692 0.084143
1769097949.703737 9.049535 0.607075 0.083034
1769097949.753695 9.055939 0.607627 0.082400
1769097949.803712 9.060252 0.607999 0.083099
1769097949.853734 9.064313 0.608343 0.083759
1769097949.903732 9.070794 0.608896 0.082713
1769097949.953732 9.075132 0.609270 0.083015
1769097950.003719 9.079397 0.609624 0.085472
1769097950.053759 9.085675 0.610163 0.085821
1769097950.103719 9.090064 0.610540 0.086713
1769097950.153703 9.096168 0.611070 0.088547
1769097950.203727 9.100200 0.611430 0.089065
1769097950.253699 9.104160 0.611780 0.090548
1769097950.303701 9.110461 0.612350 0.090676
1769097950.353714 9.114417 0.612711 0.090004
1769097950.403702 9.120393 0.613248 0.091365
1769097950.453722 9.124626 0.613636 0.091496
1769097950.503752 9.128811 0.614015 0.091567
1769097950.553729 9.135262 0.614605 0.091057
1769097950.603703 9.139695 0.615019 0.088907
1769097950.653698 9.139691 0.615038 0.086773
1769097950.703713 9.150633 0.616000 0.085973
1769097950.753740 9.155016 0.616398 0.081694
1769097950.803724 9.155008 0.616436 0.077503
1769097950.853715 9.165904 0.617317 0.074244
1769097950.903719 9.169915 0.617643 0.074042
1769097950.953710 9.169916 0.617656 0.076486
1769097951.003726 9.180537 0.618494 0.074115
1769097951.053745 9.184802 0.618830 0.075586
1769097951.103731 9.184802 0.618842 0.077059
1769097951.153790 9.195324 0.619666 0.079009
1769097951.203744 9.199360 0.619998 0.079135
1769097951.253717 9.199355 0.620026 0.077222
1769097951.303739 9.210126 0.620883 0.078835
1769097951.353728 9.214438 0.621245 0.079498
1769097951.403748 9.214437 0.621263 0.080116
1769097951.453724 9.225133 0.622138 0.080476
1769097951.503734 9.229190 0.622483 0.079327
1769097951.553725 9.229187 0.622506 0.078119
1769097951.603721 9.239835 0.623353 0.077249
1769097951.653754 9.244123 0.623704 0.075905
1769097951.703737 9.248084 0.624020 0.075997
1769097951.753749 9.254519 0.624520 0.076438
1769097951.803727 9.258682 0.624848 0.075324
1769097951.853751 9.263024 0.625176 0.076042
1769097951.903734 9.269634 0.625691 0.073644
1769097951.953741 9.274027 0.626022 0.074345
1769097952.003780 9.278219 0.626329 0.076996
1769097952.053756 9.284752 0.626836 0.074093
1769097952.103749 9.288816 0.627146 0.074453
1769097952.153731 9.294822 0.627604 0.074221
1769097952.203724 9.298911 0.627914 0.075382
1769097952.253716 9.298912 0.627914 0.076534
1769097952.303737 9.309432 0.628735 0.075736
1769097952.353716 9.309430 0.628752 0.074878
1769097952.403728 9.319571 0.629539 0.075874
1769097952.453731 9.323758 0.629883 0.075996
1769097952.503736 9.327970 0.630230 0.076436
1769097952.553745 9.332128 0.630584 0.073812
1769097952.603717 9.338360 0.631070 0.075067
1769097952.653732 9.342751 0.631418 0.075791
1769097952.703715 9.348905 0.631911 0.073187
1769097952.753751 9.348899 0.631949 0.070627
1769097952.803729 9.359296 0.632723 0.067788
1769097952.853734 9.363357 0.633035 0.064599
1769097952.903758 9.367446 0.633327 0.064701
1769097952.953800 9.373933 0.633781 0.062426
1769097953.003715 9.373927 0.633825 0.060240
1769097953.053742 9.384106 0.634481 0.061369
1769097953.103754 9.388119 0.634765 0.062113
1769097953.153729 9.392183 0.635054 0.063617
1769097953.203757 9.398517 0.635508 0.062289
1769097953.253770 9.402579 0.635808 0.062868
1769097953.303741 9.408816 0.636234 0.066128
1769097953.353773 9.412875 0.636551 0.063066
1769097953.403777 9.417139 0.636869 0.063520
1769097953.453772 9.423322 0.637309 0.063745
1769097953.503768 9.427258 0.637599 0.063129
1769097953.553738 9.433216 0.638014 0.063249
1769097953.603799 9.437480 0.638329 0.061533
1769097953.653750 9.441669 0.638631 0.061689
1769097953.703776 9.448057 0.639064 0.061825
1769097953.753743 9.452170 0.639359 0.060972
1769097953.803801 9.456435 0.639659 0.060572
1769097953.853793 9.463100 0.640111 0.058161
1769097953.903764 9.467465 0.640416 0.055922
1769097953.953752 9.473628 0.640804 0.056840
1769097954.003759 9.478044 0.641103 0.053424
1769097954.053756 9.482411 0.641388 0.052406
1769097954.103787 9.488700 0.641773 0.051725
1769097954.153763 9.492841 0.642033 0.052878
1769097954.203762 9.497135 0.642301 0.055250
1769097954.253772 9.503473 0.642697 0.054507
1769097954.303773 9.507565 0.642958 0.057997
1769097954.353779 9.511579 0.643228 0.060023
1769097954.403775 9.517841 0.643638 0.061189
1769097954.453792 9.517839 0.643667 0.062294
1769097954.503810 9.528141 0.644349 0.061791
1769097954.553787 9.532179 0.644636 0.063010
1769097954.603776 9.536269 0.644924 0.064398
1769097954.653773 9.542756 0.645378 0.061504
1769097954.703792 9.547098 0.645678 0.062080
1769097954.753785 9.551415 0.645976 0.060655
1769097954.803773 9.557754 0.646388 0.060112
1769097954.853795 9.562097 0.646677 0.059126
1769097954.903772 9.562093 0.646709 0.058202
1769097954.953792 9.572806 0.647344 0.057294
1769097955.003810 9.577076 0.647594 0.058354
1769097955.053807 9.581195 0.647833 0.057570
1769097955.103775 9.587487 0.648197 0.057604
1769097955.153800 9.591833 0.648451 0.057070
1769097955.203803 9.595977 0.648691 0.056970
1769097955.253789 9.602219 0.649043 0.059543
1769097955.303808 9.606566 0.649294 0.059683
1769097955.353788 9.612453 0.649643 0.059966
1769097955.403783 9.616699 0.649887 0.062010
1769097955.453782 9.620919 0.650134 0.062330
1769097955.503774 9.627261 0.650514 0.062928
1769097955.553778 9.631303 0.650762 0.062175
1769097955.603784 9.635397 0.651003 0.062585
1769097955.653780 9.641764 0.651384 0.063220
1769097955.703787 9.641766 0.651359 0.062620
1769097955.753814 9.652100 0.651986 0.062318
1769097955.803791 9.656219 0.652222 0.061709
1769097955.853798 9.660641 0.652480 0.059455
1769097955.903805 9.667212 0.652851 0.059138
1769097955.953846 9.667214 0.652832 0.058902
1769097956.003794 9.677702 0.653423 0.057010
1769097956.053880 9.681849 0.653631 0.056475
1769097956.103792 9.681852 0.653605 0.056026
1769097956.153774 9.692596 0.654167 0.056887
1769097956.203782 9.696667 0.654370 0.054738
1769097956.253769 9.700586 0.654559 0.055472
1769097956.303800 9.706807 0.654867 0.058627
1769097956.353778 9.710904 0.655065 0.059862
1769097956.403785 9.717097 0.655400 0.060734
1769097956.453795 9.721395 0.655623 0.062000
1769097956.503790 9.725415 0.655840 0.062470
1769097956.553796 9.731632 0.656195 0.063616
1769097956.603817 9.735954 0.656440 0.062841
1769097956.653809 9.740175 0.656678 0.062045
1769097956.703806 9.746341 0.657030 0.062095
1769097956.753800 9.750336 0.657245 0.061759
1769097956.803807 9.756629 0.657603 0.061490
1769097956.853810 9.760699 0.657823 0.060051
1769097956.903796 9.766588 0.658151 0.059155
1769097956.953803 9.770937 0.658373 0.060497
1769097957.003808 9.775311 0.658601 0.056272
1769097957.053801 9.781631 0.658920 0.055905
1769097957.103797 9.785830 0.659119 0.056254
1769097957.153789 9.790180 0.659321 0.058556
1769097957.203805 9.796779 0.659658 0.062825
1769097957.253814 9.800824 0.659866 0.064617
1769097957.303803 9.805121 0.660107 0.068764
1769097957.353812 9.811286 0.660488 0.073113
1769097957.403812 9.815455 0.660756 0.079311
1769097957.453800 9.821589 0.661206 0.084421
1769097957.503792 9.825780 0.661510 0.092193
1769097957.553798 9.830018 0.661851 0.099737
1769097957.603790 9.836092 0.662413 0.101931
1769097957.653793 9.840352 0.662794 0.108971
1769097957.703792 9.840359 0.662707 0.115756
1769097957.753824 9.851099 0.663896 0.121123
1769097957.803816 9.855452 0.664352 0.126936
1769097957.853825 9.859475 0.664797 0.130014
1769097957.903872 9.865931 0.665577 0.130947
1769097957.953801 9.870001 0.666053 0.131003
1769097958.003803 9.874247 0.666555 0.129774
1769097958.053796 9.880502 0.667310 0.129762
1769097958.103828 9.884548 0.667771 0.128822
1769097958.153799 9.890779 0.668511 0.128351
1769097958.203801 9.894902 0.668976 0.129283
1769097958.253798 9.899176 0.669454 0.130939
1769097958.303798 9.905632 0.670222 0.132424
1769097958.353830 9.909954 0.670728 0.130930
1769097958.403821 9.914301 0.671236 0.131622
1769097958.453806 9.920506 0.671982 0.134417
1769097958.503800 9.924751 0.672485 0.133878
1769097958.553815 9.928996 0.672991 0.133854
1769097958.603820 9.935272 0.673775 0.132349
1769097958.653820 9.939242 0.674241 0.133159
1769097958.703821 9.943362 0.674727 0.134397
1769097958.753814 9.949689 0.675520 0.132354
1769097958.803804 9.949693 0.675468 0.130325
1769097958.853928 9.960036 0.676782 0.129639
1769097958.903841 9.963981 0.677245 0.130808
1769097958.953824 9.968278 0.677754 0.132229
1769097959.003834 9.974552 0.678556 0.125287
1769097959.053819 9.978674 0.679035 0.123859
1769097959.103812 9.982974 0.679518 0.124496
1769097959.153833 9.989558 0.680293 0.122188
1769097959.203836 9.993859 0.680770 0.120785
1769097959.253825 9.999868 0.681456 0.118701
1769097959.303824 10.004095 0.681913 0.117878
1769097959.353807 10.008424 0.682375 0.119290
1769097959.403840 10.014561 0.683055 0.119982
1769097959.453814 10.018838 0.683516 0.121083
1769097959.503822 10.022887 0.683965 0.120839
1769097959.553847 10.028697 0.684617 0.123206
1769097959.603814 10.032823 0.685067 0.127406
1769097959.653812 10.039178 0.685835 0.124331
1769097959.703819 10.043402 0.686316 0.125469
1769097959.753845 10.047475 0.686776 0.127210
1769097959.803850 10.053556 0.687500 0.126350
1769097959.853861 10.057628 0.687968 0.125213
1769097959.903852 10.063860 0.688708 0.123066
1769097959.953866 10.067833 0.689155 0.122015
1769097960.003862 10.072134 0.689630 0.122646
1769097960.053844 10.078068 0.690311 0.121101
1769097960.103823 10.082193 0.690762 0.120547
1769097960.153823 10.088480 0.691476 0.120228
1769097960.203819 10.088484 0.691430 0.119938
1769097960.253823 10.098794 0.692615 0.121773
1769097960.303831 10.102967 0.693084 0.118073
1769097960.353843 10.107143 0.693543 0.117132
1769097960.403835 10.113709 0.694272 0.119279
1769097960.453832 10.117786 0.694707 0.120634
1769097960.503851 10.123971 0.695409 0.119549
1769097960.553823 10.128223 0.695876 0.119527
1769097960.603830 10.132300 0.696318 0.121628
1769097960.653828 10.138234 0.696992 0.123293
1769097960.703820 10.138241 0.696934 0.124867
1769097960.753837 10.148217 0.698127 0.126481
1769097960.803852 10.152191 0.698569 0.128535
1769097960.853901 10.156164 0.699013 0.129561
1769097960.903829 10.162319 0.699747 0.130447
1769097960.953841 10.162327 0.699676 0.131236
1769097961.003831 10.173123 0.701031 0.129634
1769097961.053838 10.177473 0.701520 0.130171
1769097961.103842 10.181768 0.702018 0.123491
1769097961.153836 10.186171 0.702499 0.120652
1769097961.203874 10.192156 0.703167 0.117636
1769097961.253828 10.196387 0.703597 0.116514
1769097961.303842 10.202906 0.704283 0.117001
1769097961.353841 10.206961 0.704685 0.115912
1769097961.403834 10.211243 0.705109 0.116517
1769097961.453829 10.217685 0.705795 0.116317
1769097961.503833 10.221892 0.706213 0.117575
1769097961.553854 10.226223 0.706652 0.119638
1769097961.603914 10.232637 0.707356 0.119121
1769097961.653844 10.236941 0.707807 0.119958
1769097961.703893 10.241196 0.708251 0.122243
1769097961.753848 10.245448 0.708704 0.120882
1769097961.803846 10.251761 0.709403 0.120134
1769097961.853843 10.256088 0.709869 0.117375
1769097961.903853 10.262052 0.710513 0.117096
1769097961.953852 10.266179 0.710943 0.115765
1769097962.003872 10.270385 0.711371 0.115713
1769097962.053847 10.276526 0.712024 0.115903
1769097962.103855 10.280832 0.712463 0.116462
1769097962.153841 10.284860 0.712871 0.115351
1769097962.203844 10.291379 0.713561 0.115727
1769097962.253851 10.295507 0.713983 0.113192
1769097962.303848 10.299913 0.714430 0.111341
1769097962.353863 10.306285 0.715083 0.112487
1769097962.403847 10.310643 0.715506 0.112701
1769097962.453849 10.316863 0.716145 0.111466
1769097962.503855 10.321219 0.716580 0.108391
1769097962.553859 10.325152 0.716949 0.110008
1769097962.603858 10.331373 0.717571 0.111556
1769097962.653848 10.335556 0.717973 0.113138
1769097962.703861 10.335564 0.717901 0.114683
1769097962.753859 10.346031 0.719043 0.116704
1769097962.803953 10.346040 0.718972 0.118609
1769097962.853861 10.356300 0.720126 0.120139
1769097962.903863 10.360603 0.720577 0.119308
1769097962.953855 10.360610 0.720514 0.118471
1769097963.003860 10.371072 0.721693 0.119364
1769097963.053858 10.375127 0.722102 0.119310
1769097963.103858 10.379506 0.722556 0.117058
1769097963.153850 10.385724 0.723214 0.116419
1769097963.203854 10.389654 0.723582 0.112505
1769097963.253867 10.395902 0.724188 0.112021
1769097963.303876 10.400087 0.724563 0.109273
1769097963.353870 10.404273 0.724928 0.108568
1769097963.403855 10.410501 0.725506 0.110030
1769097963.453861 10.414613 0.725851 0.110440
1769097963.503888 10.420712 0.726422 0.110762
1769097963.553865 10.425076 0.726800 0.110892
1769097963.603889 10.429111 0.727147 0.110402
1769097963.653857 10.435414 0.727735 0.112550
1769097963.703999 10.439450 0.728078 0.113653
1769097963.753914 10.445598 0.728668 0.113252
1769097963.803892 10.449831 0.729055 0.109868
1769097963.853863 10.453742 0.729384 0.110612
1769097963.903897 10.459866 0.729961 0.110185
1769097963.953880 10.463976 0.730320 0.108825
1769097964.003866 10.470001 0.730879 0.109854
1769097964.053950 10.474037 0.731222 0.111101
1769097964.103884 10.478324 0.731599 0.110764
1769097964.153883 10.484549 0.732189 0.111076
1769097964.203877 10.488760 0.732558 0.109451
1769097964.253875 10.494959 0.733139 0.108247
1769097964.303885 10.499424 0.733525 0.107362
1769097964.353894 10.503814 0.733893 0.106023
1769097964.403891 10.510243 0.734476 0.103627
1769097964.453888 10.514379 0.734823 0.098113
1769097964.503869 10.518672 0.735155 0.098778
1769097964.553866 10.524931 0.735677 0.100811
1769097964.603879 10.524943 0.735572 0.102856
1769097964.653882 10.535329 0.736535 0.104567
1769097964.703876 10.539595 0.736877 0.106730
1769097964.753877 10.543760 0.737210 0.109035
1769097964.803872 10.549935 0.737779 0.110201
1769097964.853875 10.554022 0.738127 0.109828
1769097964.903880 10.558209 0.738485 0.110372
1769097964.953875 10.564357 0.739066 0.110160
1769097965.003919 10.568596 0.739429 0.110495
1769097965.053872 10.572657 0.739776 0.109498
1769097965.103887 10.579056 0.740390 0.105546
1769097965.153899 10.582992 0.740712 0.105463
1769097965.203883 10.589245 0.741278 0.104539
1769097965.253881 10.593554 0.741651 0.096464
1769097965.303897 10.597566 0.741958 0.091698
1769097965.353902 10.604028 0.742470 0.091966
1769097965.403883 10.608095 0.742756 0.091932
1769097965.453882 10.608105 0.742669 0.091860
1769097965.503884 10.608115 0.742582 0.091787
1769097965.553894 10.608124 0.742497 0.091715
1769097965.603923 10.608133 0.742413 0.091644
1769097965.653888 10.608142 0.742329 0.091572
1769097965.703885 10.608152 0.742247 0.091501
1769097965.753891 10.608161 0.742166 0.091430
1769097965.803908 10.648375 0.745752 0.091493
1769097965.853907 10.648386 0.745653 0.091699
1769097965.903913 10.648397 0.745554 0.091904
1769097965.954002 10.648408 0.745454 0.092107
1769097966.003924 10.663187 0.746722 0.092526
1769097966.053893 10.673755 0.747613 0.091978
1769097966.103892 10.673764 0.747528 0.091288
1769097966.153961 10.682241 0.748226 0.089742
1769097966.203891 10.682248 0.748156 0.088212
1769097966.253893 10.693071 0.749040 0.086893
1769097966.303893 10.693077 0.748974 0.085570
1769097966.353921 10.703854 0.749825 0.083122
1769097966.403901 10.703860 0.749764 0.080839
1769097966.453936 10.708182 0.750042 0.079644
1769097966.503914 10.712528 0.750322 0.078498
1769097966.553907 10.723337 0.751096 0.078050
1769097966.603895 10.723344 0.751022 0.077683
1769097966.653899 10.734129 0.751786 0.080666
1769097966.703924 10.734139 0.751699 0.083641
1769097966.753899 10.742697 0.752338 0.083664
1769097966.803894 10.742705 0.752261 0.083595
1769097966.853898 10.753207 0.753062 0.085795
1769097966.903903 10.753217 0.752975 0.087951
1769097966.953898 10.753228 0.752879 0.090091
1769097967.003934 10.767809 0.754095 0.090727
1769097967.053904 10.767820 0.753993 0.091278
1769097967.103909 10.771812 0.754261 0.089826
1769097967.153907 10.782361 0.755105 0.090501
1769097967.203899 10.782372 0.754998 0.091196
1769097967.253915 10.782384 0.754888 0.091886
1769097967.303905 10.792856 0.755734 0.092910
1769097967.353905 10.792870 0.755612 0.093887
1769097967.403901 10.807675 0.756864 0.096796
1769097967.453916 10.811921 0.757144 0.096719
1769097967.503937 10.811935 0.757014 0.096562
1769097967.553910 10.822526 0.757926 0.098508
1769097967.603921 10.822539 0.757806 0.100151
1769097967.653946 10.826884 0.758116 0.103144
1769097967.703931 10.837394 0.759090 0.109866
1769097967.753949 10.841608 0.759437 0.114746
1769097967.803943 10.847754 0.760042 0.118413
1769097967.854043 10.847767 0.759924 0.121796
1769097967.903972 10.856344 0.760873 0.129219
1769097967.953961 10.862454 0.761567 0.136418
1769097968.003915 10.862470 0.761436 0.143227
1769097968.053924 10.862490 0.761274 0.149988
1769097968.103926 10.862512 0.761082 0.156693
1769097968.153914 10.862538 0.760862 0.163339
1769097968.203943 10.862567 0.760613 0.169936
1769097968.253927 10.862599 0.760337 0.176469
1769097968.303923 10.862634 0.760034 0.182949
1769097968.353926 10.862671 0.759705 0.189373
1769097968.403918 10.862711 0.759350 0.195738
1769097968.453999 10.862754 0.758971 0.202061
1769097968.503919 10.862800 0.758568 0.208303
1769097968.553941 10.862848 0.758142 0.214505
1769097968.603920 10.926929 0.771849 0.218953
1769097968.653923 10.931282 0.772566 0.223169
1769097968.703937 10.931317 0.772304 0.227180
1769097968.753938 10.941675 0.774454 0.232992
1769097968.803927 10.945841 0.775197 0.235979
1769097968.853943 10.945874 0.774947 0.238787
1769097968.903949 10.956353 0.777260 0.244532
1769097968.953938 10.960310 0.778021 0.248468
1769097969.003961 10.964508 0.778869 0.251812
1769097969.053942 10.970441 0.780170 0.257295
1769097969.103933 10.974385 0.781000 0.262742
1769097969.153920 10.980397 0.782406 0.267204
1769097969.203952 10.980430 0.782184 0.271284
1769097969.253928 10.990346 0.784747 0.275323
1769097969.303929 10.994364 0.785688 0.277199
1769097969.353929 10.998261 0.786598 0.280969
1769097969.403929 11.002395 0.787596 0.282983
1769097969.453934 11.002424 0.787401 0.284814
1769097969.503939 11.012114 0.790037 0.282976
1769097969.553944 11.018145 0.791593 0.282334
1769097969.603975 11.022353 0.792612 0.281619
1769097969.653986 11.026589 0.793627 0.281007
1769097969.703954 11.032990 0.795269 0.280032
1769097969.753952 11.037201 0.796281 0.278073
1769097969.803955 11.041440 0.797293 0.278274
1769097969.854049 11.047869 0.798931 0.278244
1769097969.903995 11.052060 0.799929 0.277881
1769097969.953938 11.056226 0.800926 0.278156
1769097970.003990 11.062408 0.802508 0.276796
1769097970.053940 11.066432 0.803460 0.278349
1769097970.103965 11.070330 0.804384 0.278946
1769097970.153959 11.076439 0.805948 0.277138
1769097970.203939 11.080340 0.806874 0.277975
1769097970.253948 11.084382 0.807843 0.277688
1769097970.303942 11.090544 0.809413 0.277053
1769097970.353960 11.090571 0.809239 0.276424
1769097970.404009 11.098877 0.811416 0.275928
1769097970.453948 11.105138 0.813008 0.276119
1769097970.503941 11.109381 0.814027 0.276243
1769097970.553961 11.113601 0.815034 0.277189
1769097970.603949 11.119813 0.816619 0.276460
1769097970.653965 11.124005 0.817629 0.276157
1769097970.704000 11.128126 0.818615 0.275810
1769097970.753976 11.134343 0.820192 0.275032
1769097970.803976 11.138313 0.821142 0.271996
1769097970.853964 11.142537 0.822152 0.271622
1769097970.903955 11.148932 0.823763 0.271514
1769097970.953965 11.152910 0.824702 0.270320
1769097971.003955 11.157062 0.825689 0.270220
1769097971.053952 11.163188 0.827225 0.270877
1769097971.103957 11.167044 0.828137 0.272058
1769097971.153982 11.173337 0.829732 0.273418
1769097971.203979 11.177260 0.830674 0.273464
1769097971.253981 11.181331 0.831667 0.273576
1769097971.303982 11.187174 0.833167 0.272411
1769097971.353974 11.187195 0.833040 0.271193
1769097971.403960 11.197068 0.835635 0.270232
1769097971.453977 11.200990 0.836582 0.267573
1769097971.503983 11.204845 0.837504 0.265653
1769097971.553960 11.210877 0.839007 0.265401
1769097971.603962 11.215097 0.840024 0.262428
1769097971.653969 11.219419 0.841066 0.259932
1769097971.704010 11.225797 0.842648 0.258539
1769097971.754056 11.229730 0.843573 0.257682
1769097971.803996 11.235968 0.845101 0.256981
1769097971.854004 11.240223 0.846103 0.256392
1769097971.904017 11.244477 0.847107 0.255632
1769097971.954023 11.250496 0.848575 0.254575
1769097972.004005 11.254363 0.849470 0.255194
1769097972.053969 11.258549 0.850452 0.255266
1769097972.103964 11.264762 0.851966 0.254000
1769097972.153973 11.268658 0.852867 0.255708
1769097972.203964 11.272817 0.853845 0.256022
1769097972.253970 11.279012 0.855350 0.257233
1769097972.303973 11.279038 0.855235 0.258434
1769097972.353968 11.289210 0.857816 0.258288
1769097972.403971 11.293121 0.858737 0.259158
1769097972.454004 11.297326 0.859739 0.259416
1769097972.503991 11.303363 0.861227 0.259453
1769097972.553991 11.307493 0.862214 0.258936
1769097972.604046 11.311400 0.863146 0.257724
1769097972.653992 11.317565 0.864664 0.257479
1769097972.703999 11.321523 0.865602 0.256522
1769097972.754004 11.325678 0.866589 0.254342
1769097972.803996 11.332072 0.868149 0.254372
1769097972.853993 11.336332 0.869152 0.254131
1769097972.903973 11.340600 0.870141 0.255808
1769097972.953983 11.346919 0.871680 0.255884
1769097973.003987 11.351076 0.872662 0.254591
1769097973.053973 11.357202 0.874146 0.256151
1769097973.104009 11.361215 0.875085 0.256840
1769097973.153996 11.365377 0.876065 0.258268
1769097973.203968 11.371346 0.877534 0.259369
1769097973.253976 11.375380 0.878496 0.260585
1769097973.303985 11.379365 0.879447 0.262154
1769097973.354002 11.385447 0.880971 0.261761
1769097973.403969 11.389350 0.881912 0.259880
1769097973.453996 11.395236 0.883375 0.257528
1769097973.503994 11.399199 0.884314 0.257562
1769097973.553989 11.403384 0.885299 0.258969
1769097973.604010 11.409640 0.886852 0.256704
1769097973.654016 11.413923 0.887870 0.256875
1769097973.704046 11.418156 0.888871 0.257347
1769097973.754033 11.424274 0.890367 0.257137
1769097973.804034 11.428530 0.891377 0.255708
1769097973.854035 11.432490 0.892310 0.253854
1769097973.904081 11.438758 0.893835 0.253228
1769097973.954031 11.442922 0.894808 0.252724
1769097974.004002 11.447133 0.895790 0.251684
1769097974.053987 11.453478 0.897323 0.249721
1769097974.104014 11.457619 0.898280 0.249518
1769097974.153988 11.461785 0.899245 0.248974
1769097974.204000 11.468095 0.900738 0.251664
1769097974.253991 11.472237 0.901702 0.252377
1769097974.304010 11.476417 0.902690 0.251673
1769097974.354017 11.482663 0.904205 0.252910
1769097974.404056 11.486775 0.905172 0.254101
1769097974.454012 11.490934 0.906159 0.253917
1769097974.504019 11.497073 0.907665 0.253473
1769097974.554008 11.501134 0.908627 0.253983
1769097974.604012 11.505248 0.909595 0.254607
1769097974.654036 11.511365 0.911092 0.253424
1769097974.704028 11.515596 0.912100 0.251091
1769097974.754007 11.519537 0.913023 0.250313
1769097974.804019 11.525859 0.914551 0.249420
1769097974.854017 11.525875 0.914472 0.248573
1769097974.904012 11.536150 0.916998 0.247752
1769097974.953996 11.540483 0.918020 0.246432
1769097975.003995 11.544747 0.919021 0.246225
1769097975.054033 11.550950 0.920506 0.246513
1769097975.104016 11.555213 0.921505 0.246327
1769097975.154011 11.559130 0.922423 0.246178
1769097975.204015 11.565082 0.923856 0.246047
1769097975.254017 11.568882 0.924744 0.247773
1769097975.304018 11.575052 0.926239 0.247650
1769097975.354014 11.579015 0.927182 0.246821
1769097975.404004 11.582883 0.928099 0.247423
1769097975.454031 11.588830 0.929544 0.247707
1769097975.504031 11.593087 0.930561 0.247210
1769097975.553994 11.597169 0.931533 0.246166
1769097975.604023 11.603243 0.933004 0.246415
1769097975.654119 11.607159 0.933931 0.246993
1769097975.704045 11.613428 0.935451 0.246673
1769097975.754043 11.617462 0.936414 0.244973
1769097975.804046 11.621398 0.937350 0.243356
1769097975.854055 11.627573 0.938836 0.242493
1769097975.904064 11.631518 0.939756 0.242576
1769097975.954053 11.637569 0.941204 0.240369
1769097976.004022 11.641829 0.942206 0.237678
1769097976.054034 11.646117 0.943202 0.236195
1769097976.104028 11.652453 0.944683 0.236025
1769097976.154024 11.656551 0.945620 0.236117
1769097976.204080 11.660748 0.946585 0.237261
1769097976.254012 11.667097 0.948086 0.236226
1769097976.304043 11.671297 0.949054 0.238316
1769097976.354014 11.675464 0.950025 0.239500
1769097976.404042 11.681693 0.951500 0.240399
1769097976.454056 11.685757 0.952457 0.240286
1769097976.504033 11.689616 0.953372 0.238861
1769097976.554051 11.695459 0.954752 0.240300
1769097976.604031 11.699564 0.955727 0.238542
1769097976.654014 11.703526 0.956664 0.236049
1769097976.704040 11.709758 0.958133 0.236154
1769097976.754123 11.709765 0.958104 0.236245
1769097976.804047 11.720118 0.960552 0.236901
1769097976.854039 11.724133 0.961485 0.236077
1769097976.904095 11.728465 0.962501 0.233773
1769097976.954039 11.734684 0.963947 0.235767
1769097977.004047 11.738998 0.964951 0.235280
1769097977.054043 11.743000 0.965870 0.236400
1769097977.104039 11.749280 0.967351 0.235454
1769097977.154039 11.753269 0.968284 0.233435
1769097977.204117 11.759514 0.969737 0.235118
1769097977.254025 11.763406 0.970643 0.234193
1769097977.304035 11.767570 0.971617 0.232625
1769097977.354033 11.773588 0.973021 0.233898
1769097977.404051 11.777682 0.973973 0.234839
1769097977.454049 11.781729 0.974913 0.236843
1769097977.504043 11.787933 0.976385 0.237245
1769097977.554034 11.787940 0.976359 0.237591
1769097977.604033 11.798050 0.978782 0.238058
1769097977.654083 11.802211 0.979761 0.237983
1769097977.704087 11.806153 0.980689 0.237870
1769097977.754070 11.812300 0.982161 0.236243
1769097977.804052 11.816340 0.983113 0.236142
1769097977.854072 11.820287 0.984032 0.236560
1769097977.904086 11.826535 0.985516 0.233856
1769097977.954048 11.830823 0.986521 0.231159
1769097978.004045 11.834989 0.987483 0.230232
1769097978.054037 11.841381 0.988957 0.229804
1769097978.104053 11.845700 0.989942 0.229146
1769097978.154050 11.849995 0.990921 0.229398
1769097978.204040 11.856378 0.992398 0.227458
1769097978.254043 11.860608 0.993353 0.230142
1769097978.304055 11.864783 0.994304 0.231930
1769097978.354074 11.871023 0.995747 0.233128
1769097978.404047 11.875163 0.996707 0.232793
1769097978.454057 11.879173 0.997648 0.231012
1769097978.504057 11.885316 0.999074 0.232811
1769097978.554056 11.889402 1.000034 0.231731
1769097978.604045 11.889400 1.000029 0.230633
1769097978.654078 11.899362 1.002357 0.231588
1769097978.704073 11.903449 1.003310 0.230993
1769097978.754069 11.907668 1.004289 0.230860
1769097978.804055 11.913975 1.005760 0.231027
1769097978.854043 11.917916 1.006678 0.230510
1769097978.904063 11.922235 1.007681 0.231249
1769097978.954042 11.928372 1.009115 0.231172
1769097979.004059 11.932634 1.010110 0.230106
1769097979.054052 11.936796 1.011087 0.229003
1769097979.104043 11.943056 1.012549 0.228092
1769097979.154075 11.947081 1.013480 0.228763
1769097979.204058 11.953397 1.014946 0.228194
1769097979.254070 11.957386 1.015877 0.226314
1769097979.304070 11.961677 1.016873 0.225536
1769097979.354076 11.967948 1.018315 0.226866
1769097979.404060 11.971937 1.019245 0.225530
1769097979.454076 11.976104 1.020214 0.226585
1769097979.504065 11.982308 1.021664 0.226645
1769097979.554067 11.986503 1.022644 0.229214
1769097979.604061 11.990620 1.023614 0.231435
1769097979.654100 11.996788 1.025084 0.229822
1769097979.704071 12.000824 1.026045 0.229061
1769097979.754054 12.004832 1.026999 0.227782
1769097979.804078 12.010968 1.028438 0.227720
1769097979.854086 12.014877 1.029367 0.225554
1769097979.904062 12.019057 1.030359 0.222012
1769097979.954093 12.025203 1.031773 0.222320
1769097980.004079 12.029365 1.032740 0.221281
1769097980.054064 12.033709 1.033738 0.221186
1769097980.104085 12.040075 1.035194 0.220663
1769097980.154146 12.044167 1.036137 0.220068
1769097980.204069 12.048463 1.037118 0.220761
1769097980.254080 12.054881 1.038574 0.221759
1769097980.304092 12.059097 1.039544 0.220836
1769097980.354081 12.063239 1.040499 0.220547
1769097980.404086 12.069403 1.041911 0.219730
1769097980.454102 12.073252 1.042796 0.219924
1769097980.504091 12.077398 1.043748 0.220754
1769097980.554083 12.083560 1.045163 0.218948
1769097980.604074 12.087733 1.046118 0.220967
1769097980.654075 12.091804 1.047053 0.222393
1769097980.704078 12.098066 1.048493 0.221184
1769097980.754094 12.098056 1.048519 0.219985
1769097980.804081 12.108390 1.050871 0.219023
1769097980.854092 12.112358 1.051791 0.219710
1769097980.904160 12.116548 1.052761 0.220023
1769097980.954083 12.122666 1.054164 0.219571
1769097981.004092 12.126830 1.055132 0.219572
1769097981.054067 12.130646 1.056026 0.217973
1769097981.104077 12.136792 1.057426 0.217181
1769097981.154096 12.141010 1.058391 0.217148
1769097981.204115 12.147178 1.059795 0.214232
1769097981.254107 12.151205 1.060709 0.215553
1769097981.304107 12.155502 1.061687 0.215840
1769097981.354093 12.161703 1.063078 0.216770
1769097981.404107 12.165947 1.064050 0.216728
1769097981.454099 12.170185 1.065026 0.216776
1769097981.504094 12.176459 1.066443 0.219229
1769097981.554147 12.180602 1.067400 0.220743
1769097981.604113 12.184719 1.068360 0.222090
1769097981.654116 12.190659 1.069739 0.223264
1769097981.704119 12.194622 1.070676 0.223596
1769097981.754133 12.198707 1.071638 0.222586
1769097981.804096 12.204843 1.073057 0.221407
1769097981.854088 12.208929 1.074014 0.219511
1769097981.904112 12.213075 1.074971 0.219793
1769097981.954095 12.219169 1.076361 0.219782
1769097982.004105 12.223403 1.077344 0.217275
1769097982.054116 12.227666 1.078331 0.215504
1769097982.104098 12.234053 1.079779 0.213947
1769097982.154102 12.238049 1.080694 0.213567
1769097982.204106 12.244446 1.082125 0.213757
1769097982.254098 12.248661 1.083089 0.212121
1769097982.304113 12.248644 1.083141 0.210509
1769097982.354112 12.258852 1.085380 0.209369
1769097982.404113 12.263053 1.086322 0.210318
1769097982.454114 12.267275 1.087271 0.210565
1769097982.504108 12.267264 1.087315 0.210824
1769097982.554104 12.277484 1.089540 0.213372
1769097982.604105 12.277484 1.089565 0.215943
1769097982.654103 12.287957 1.091890 0.216612
1769097982.704195 12.291931 1.092797 0.217886
1769097982.754111 12.296018 1.093739 0.216255
1769097982.804116 12.302095 1.095103 0.216182
1769097982.854103 12.306256 1.096055 0.212091
1769097982.904093 12.310348 1.096977 0.206788
1769097982.954086 12.316551 1.098330 0.201254
1769097983.004141 12.320682 1.099219 0.197416
1769097983.054106 12.324945 1.100101 0.193545
1769097983.104120 12.330970 1.101326 0.186362
1769097983.154167 12.335291 1.102176 0.181037
1769097983.204113 12.341736 1.103386 0.175675
1769097983.254123 12.346037 1.104193 0.169564
1769097983.304102 12.350265 1.104958 0.163728
1769097983.354106 12.356681 1.106057 0.159822
1769097983.404164 12.360976 1.106783 0.158143
1769097983.454107 12.365041 1.107459 0.154724
1769097983.504112 12.371364 1.108482 0.151251
1769097983.554104 12.375258 1.109114 0.148544
1769097983.604122 12.379379 1.109762 0.144692
1769097983.654134 12.385664 1.110706 0.141767
1769097983.704131 12.389561 1.111298 0.136688
1769097983.754121 12.393766 1.111905 0.131646
1769097983.804120 12.400054 1.112780 0.125994
1769097983.854136 12.404036 1.113318 0.120260
1769097983.904121 12.410462 1.114131 0.114461
1769097983.954124 12.414598 1.114640 0.108501
1769097984.004134 12.414574 1.114698 0.102736
1769097984.054187 12.425351 1.115843 0.097325
1769097984.104125 12.429421 1.116278 0.092283
1769097984.154125 12.433767 1.116722 0.085549
1769097984.204122 12.439990 1.117297 0.080967
1769097984.254173 12.444041 1.117666 0.076109
1769097984.304132 12.448395 1.118034 0.069193
1769097984.354136 12.454678 1.118510 0.064328
1769097984.404130 12.459042 1.118819 0.060014
1769097984.454134 12.465202 1.119222 0.054517
1769097984.504132 12.469236 1.119483 0.051054
1769097984.554129 12.473452 1.119726 0.048347
1769097984.604132 12.479899 1.120058 0.046104
1769097984.654127 12.483784 1.120268 0.041201
1769097984.704135 12.487974 1.120471 0.037238
1769097984.754135 12.494365 1.120744 0.033039
1769097984.804132 12.494349 1.120796 0.029049
1769097984.854155 12.504796 1.121128 0.025005
1769097984.904136 12.509114 1.121271 0.019383
1769097984.954214 12.509095 1.121329 0.013970
1769097985.004121 12.519669 1.121517 0.005944
1769097985.054120 12.523986 1.121588 -0.000733
1769097985.104136 12.528358 1.121620 -0.006335
1769097985.154146 12.534829 1.121621 -0.013090
1769097985.204138 12.538972 1.121609 -0.018053
1769097985.254147 12.543293 1.121561 -0.021926
1769097985.304152 12.549637 1.121459 -0.027652
1769097985.354160 12.553527 1.121390 -0.029411
1769097985.404167 12.557873 1.121291 -0.032099
1769097985.454150 12.564321 1.121106 -0.034865
1769097985.504142 12.568515 1.120988 -0.037304
1769097985.554151 12.572859 1.120854 -0.041393
1769097985.604126 12.579228 1.120616 -0.043837
1769097985.654159 12.583394 1.120465 -0.047835
1769097985.704161 12.587658 1.120297 -0.054165
1769097985.754194 12.593970 1.119989 -0.059323
1769097985.804173 12.597955 1.119793 -0.064590
1769097985.854164 12.602241 1.119554 -0.070778
1769097985.904178 12.608494 1.119155 -0.075332
1769097985.954184 12.612601 1.118884 -0.079848
1769097986.004171 12.618976 1.118419 -0.086321
1769097986.054174 12.623204 1.118095 -0.089830
1769097986.104181 12.623195 1.118153 -0.093097
1769097986.154159 12.634226 1.117156 -0.101344
1769097986.204162 12.638552 1.116749 -0.107108
1769097986.254153 12.642675 1.116328 -0.111537
1769097986.304132 12.649184 1.115617 -0.114311
1769097986.354172 12.653379 1.115157 -0.117690
1769097986.404149 12.653379 1.115167 -0.120119
1769097986.454177 12.663953 1.113905 -0.124817
1769097986.504165 12.668018 1.113414 -0.128897
1769097986.554143 12.671982 1.112919 -0.133076
1769097986.604147 12.678148 1.112116 -0.136873
1769097986.654163 12.682132 1.111589 -0.140683
1769097986.704165 12.686392 1.111013 -0.147907
1769097986.754156 12.692494 1.110136 -0.152401
1769097986.804145 12.696595 1.109526 -0.156934
1769097986.854153 12.703090 1.108523 -0.162895
1769097986.904154 12.707132 1.107885 -0.167115
1769097986.954169 12.707131 1.107930 -0.171118
1769097987.004173 12.717921 1.106079 -0.177345
1769097987.054151 12.721905 1.105384 -0.181881
1769097987.104177 12.726212 1.104607 -0.187870
1769097987.154185 12.732347 1.103451 -0.191597
1769097987.204174 12.736546 1.102647 -0.198102
1769097987.254164 12.742422 1.101477 -0.202874
1769097987.304185 12.746611 1.100632 -0.208250
1769097987.354185 12.746616 1.100671 -0.213383
1769097987.404175 12.757090 1.098421 -0.218918
1769097987.454178 12.760967 1.097574 -0.221613
1769097987.504155 12.765137 1.096641 -0.223887
1769097987.554168 12.771405 1.095230 -0.228689
1769097987.604173 12.775492 1.094293 -0.231016
1769097987.654167 12.779489 1.093369 -0.235175
1769097987.704163 12.785664 1.091908 -0.239370
1769097987.754167 12.789743 1.090929 -0.241922
1769097987.804151 12.793901 1.089917 -0.247322
1769097987.854169 12.800176 1.088342 -0.252950
1769097987.904158 12.800186 1.088379 -0.258191
1769097987.954223 12.810157 1.085763 -0.266135
1769097988.004191 12.814446 1.084604 -0.269001
1769097988.054193 12.818349 1.083535 -0.273892
1769097988.104202 12.824606 1.081789 -0.280271
1769097988.154177 12.828736 1.080607 -0.284522
1769097988.204174 12.832764 1.079422 -0.286629
1769097988.254169 12.839002 1.077594 -0.292371
1769097988.304183 12.843042 1.076380 -0.293684
1769097988.354178 12.847213 1.075120 -0.296673
1769097988.404182 12.853238 1.073286 -0.302114
1769097988.454186 12.857317 1.072018 -0.305034
1769097988.504179 12.861162 1.070811 -0.309643
1769097988.554165 12.867242 1.068881 -0.316947
1769097988.604169 12.871254 1.067578 -0.321279
1769097988.654177 12.875240 1.066252 -0.325443
1769097988.704193 12.881329 1.064202 -0.331057
1769097988.754189 12.885161 1.062897 -0.336273
1769097988.804182 12.889230 1.061484 -0.342415
1769097988.854187 12.895293 1.059323 -0.345769
1769097988.904185 12.899319 1.057880 -0.350215
1769097988.954186 12.903442 1.056391 -0.356691
1769097989.004182 12.909575 1.054112 -0.361135
1769097989.054178 12.913793 1.052532 -0.366351
1769097989.104178 12.917864 1.050980 -0.372722
1769097989.154200 12.923959 1.048611 -0.379018
1769097989.204187 12.928021 1.047007 -0.382453
1769097989.254184 12.932015 1.045405 -0.386687
1769097989.304208 12.937649 1.043110 -0.390656
1769097989.354203 12.941609 1.041489 -0.395077
1769097989.404210 12.945391 1.039911 -0.398885
1769097989.454203 12.951194 1.037472 -0.403279
1769097989.504197 12.955062 1.035832 -0.406434
1769097989.554181 12.958830 1.034211 -0.409398
1769097989.604193 12.964613 1.031708 -0.414386
1769097989.654191 12.968583 1.029976 -0.419260
1769097989.704180 12.972612 1.028185 -0.424313
1769097989.754188 12.978493 1.025540 -0.430641
1769097989.804272 12.982285 1.023806 -0.434707
1769097989.854274 12.986181 1.021983 -0.438076
1769097989.904230 12.992110 1.019196 -0.444150
1769097989.954225 12.995873 1.017417 -0.451649
1769097990.004225 12.999717 1.015547 -0.457059
1769097990.054227 13.005569 1.012667 -0.462549
1769097990.104212 13.009355 1.010790 -0.467680
1769097990.154203 13.013118 1.008884 -0.470788
1769097990.204195 13.018841 1.005970 -0.475360
1769097990.254204 13.022447 1.004093 -0.477520
1769097990.304195 13.028117 1.001143 -0.480948
1769097990.354216 13.031945 0.999154 -0.486135
1769097990.404187 13.035749 0.997121 -0.486890
1769097990.454207 13.039468 0.995146 -0.490386
1769097990.504203 13.045114 0.992129 -0.495412
1769097990.554199 13.048727 0.990172 -0.499542
1769097990.604191 13.054342 0.987104 -0.504745
1769097990.654203 13.058102 0.985042 -0.510931
1769097990.704215 13.058146 0.985074 -0.516900
1769097990.754205 13.067212 0.979898 -0.521962
1769097990.804201 13.070943 0.977775 -0.529747
1769097990.854189 13.074509 0.975690 -0.535303
1769097990.904210 13.080116 0.972368 -0.542113
1769097990.954209 13.083703 0.970229 -0.549124
1769097991.004201 13.087485 0.967925 -0.554743
1769097991.054239 13.092864 0.964590 -0.559012
1769097991.104212 13.096607 0.962265 -0.564432
1769097991.154211 13.100262 0.959960 -0.568696
1769097991.204198 13.105716 0.956486 -0.572606
1769097991.254287 13.109134 0.954290 -0.574933
1769097991.304217 13.112576 0.952067 -0.577477
1769097991.354218 13.117676 0.948765 -0.582307
1769097991.404212 13.117720 0.948797 -0.586945
1769097991.454217 13.126405 0.943012 -0.591775
1769097991.504202 13.129947 0.940676 -0.598234
1769097991.554203 13.133262 0.938439 -0.603494
1769097991.604216 13.138582 0.934776 -0.607765
1769097991.654218 13.142066 0.932380 -0.613698
1769097991.704239 13.142123 0.932419 -0.619395
1769097991.754250 13.150934 0.926142 -0.625650
1769097991.804255 13.154502 0.923587 -0.630591
1769097991.854217 13.154552 0.923625 -0.635260
1769097991.904226 13.163212 0.917236 -0.640065
1769097991.954231 13.166708 0.914650 -0.644563
1769097992.004223 13.166754 0.914678 -0.648847
1769097992.054245 13.175289 0.908180 -0.654956
1769097992.104233 13.178694 0.905570 -0.658926
1769097992.154233 13.182062 0.902968 -0.663904
1769097992.204244 13.187137 0.899008 -0.669203
1769097992.254230 13.190394 0.896428 -0.671732
1769097992.304245 13.193748 0.893796 -0.677146
1769097992.354288 13.197077 0.891151 -0.681917
1769097992.404232 13.201930 0.887219 -0.684814
1769097992.454228 13.205279 0.884502 -0.686787
1769097992.504231 13.208527 0.881847 -0.688921
1769097992.554229 13.213293 0.877957 -0.694849
1769097992.604247 13.216446 0.875366 -0.700652
1769097992.654243 13.221242 0.871345 -0.705971
1769097992.704244 13.224572 0.868547 -0.711312
1769097992.754233 13.227861 0.865755 -0.718042
1769097992.804213 13.232608 0.861598 -0.722340
1769097992.854292 13.232658 0.861624 -0.726274
1769097992.904216 13.240526 0.854591 -0.732597
1769097992.954237 13.243808 0.851698 -0.741829
1769097993.004223 13.246994 0.848785 -0.746420
1769097993.054242 13.251574 0.844561 -0.750923
1769097993.104247 13.254633 0.841707 -0.753207
1769097993.154220 13.257692 0.838836 -0.755682
1769097993.204230 13.262368 0.834455 -0.761475
1769097993.254238 13.265484 0.831500 -0.764340
1769097993.304221 13.268603 0.828527 -0.767803
1769097993.354212 13.272867 0.824426 -0.773324
1769097993.404232 13.275861 0.821525 -0.777347
1769097993.454227 13.278949 0.818516 -0.782052
1769097993.504240 13.283484 0.814039 -0.788558
1769097993.554255 13.286533 0.811027 -0.794757
1769097993.604241 13.289357 0.808191 -0.800412
1769097993.654262 13.293665 0.803743 -0.803757
1769097993.704245 13.293711 0.803763 -0.806824
1769097993.754274 13.301060 0.796050 -0.812035
1769097993.804229 13.304031 0.792916 -0.816581
1769097993.854252 13.304091 0.792929 -0.820884
1769097993.904253 13.311339 0.785077 -0.826023
1769097993.954222 13.314194 0.782007 -0.831365
1769097994.004238 13.317115 0.778771 -0.834508
1769097994.054263 13.321459 0.773951 -0.839284
1769097994.104259 13.324306 0.770789 -0.844109
1769097994.154230 13.327053 0.767708 -0.848612
1769097994.204227 13.331179 0.763008 -0.852155
1769097994.254261 13.331228 0.763018 -0.855448
1769097994.304253 13.337818 0.755374 -0.854664
1769097994.354248 13.340551 0.752279 -0.857724
1769097994.404253 13.343152 0.749307 -0.859741
1769097994.454256 13.347178 0.744644 -0.858850
1769097994.504234 13.349983 0.741416 -0.858873
1769097994.554251 13.352853 0.738115 -0.859322
1769097994.604289 13.357158 0.733146 -0.859349
1769097994.654242 13.360023 0.729844 -0.858853
1769097994.704493 13.362918 0.726545 -0.860988
1769097994.754269 13.367042 0.721745 -0.860139
1769097994.804241 13.367036 0.721757 -0.859257
1769097994.854256 13.373994 0.713714 -0.861975
1769097994.904238 13.376626 0.710638 -0.861511
1769097994.954260 13.379375 0.707445 -0.861582
1769097995.004240 13.383583 0.702536 -0.860506
1769097995.054248 13.386246 0.699474 -0.861664
1769097995.104254 13.389070 0.696245 -0.864471
1769097995.154265 13.393211 0.691406 -0.863405
1769097995.204254 13.396038 0.688146 -0.863738
1769097995.254267 13.398836 0.684895 -0.863145
1769097995.304270 13.403002 0.680065 -0.862449
1769097995.354244 13.405790 0.676854 -0.861852
1769097995.404262 13.408512 0.673681 -0.859713
1769097995.454245 13.412712 0.668873 -0.861308
1769097995.504278 13.415465 0.665704 -0.862219
1769097995.554267 13.418199 0.662550 -0.862224
1769097995.604255 13.422341 0.657761 -0.862472
1769097995.654246 13.425123 0.654549 -0.863383
1769097995.704257 13.425149 0.654567 -0.864262
1769097995.754341 13.432219 0.646346 -0.866442
1769097995.804268 13.435019 0.643049 -0.865118
1769097995.854281 13.435006 0.643061 -0.863777
1769097995.904268 13.442203 0.634653 -0.865391
1769097995.954270 13.444990 0.631385 -0.866198
1769097996.004289 13.445007 0.631391 -0.866948
1769097996.054292 13.452054 0.623065 -0.865440
1769097996.104277 13.454802 0.619849 -0.866111
1769097996.154269 13.457514 0.616672 -0.866627
1769097996.204268 13.461633 0.611838 -0.866396
1769097996.254255 13.464345 0.608664 -0.865527
1769097996.304265 13.464337 0.608672 -0.864702
1769097996.354276 13.471038 0.600889 -0.867334
1769097996.404288 13.473647 0.597819 -0.865981
1769097996.454290 13.476210 0.594765 -0.862652
1769097996.504302 13.480463 0.589837 -0.863822
1769097996.554270 13.480486 0.589840 -0.865032
1769097996.604277 13.487378 0.581778 -0.865050
1769097996.654284 13.490224 0.578471 -0.865361
1769097996.704293 13.490238 0.578482 -0.865695
1769097996.754271 13.497255 0.570262 -0.866884
1769097996.804276 13.497284 0.570273 -0.868026
1769097996.854299 13.500119 0.566986 -0.870371
1769097996.904285 13.500175 0.567005 -0.872658
1769097996.954287 13.500238 0.567032 -0.874927
1769097997.004305 13.500306 0.567068 -0.877180
1769097997.054316 13.500380 0.567110 -0.879414
1769097997.104285 13.500460 0.567160 -0.881628
1769097997.154315 13.522210 0.540746 -0.879443
1769097997.204296 13.526474 0.535749 -0.882728
1769097997.254283 13.526575 0.535796 -0.886012
1769097997.304284 13.526684 0.535855 -0.889271
1769097997.354285 13.534764 0.526037 -0.887778
1769097997.404287 13.534796 0.526107 -0.886360
1769097997.454292 13.538734 0.521441 -0.887040
1769097997.504284 13.545326 0.513480 -0.885405
1769097997.554281 13.548061 0.510284 -0.885517
1769097997.604265 13.548118 0.510347 -0.885680
1769097997.654285 13.554890 0.502231 -0.887660
1769097997.704339 13.554985 0.502295 -0.889639
1769097997.754293 13.557645 0.499167 -0.889735
1769097997.804287 13.557712 0.499242 -0.889817
1769097997.854312 13.567485 0.487348 -0.891930
1769097997.904325 13.567584 0.487414 -0.894000
1769097997.954351 13.574371 0.479134 -0.895429
1769097998.004333 13.574461 0.479203 -0.896832
1769097998.054324 13.579754 0.472696 -0.897168
1769097998.104301 13.579821 0.472764 -0.897412
1769097998.154312 13.586367 0.464650 -0.895730
1769097998.204301 13.586392 0.464715 -0.894011
1769097998.254297 13.592922 0.456720 -0.893894
1769097998.304304 13.592974 0.456779 -0.893804
1769097998.354311 13.593026 0.456836 -0.893715
1769097998.404301 13.602368 0.445280 -0.889982
1769097998.454313 13.602344 0.445334 -0.886315
1769097998.504297 13.605070 0.442039 -0.883527
1769097998.554303 13.611894 0.433775 -0.881563
1769097998.604299 13.611884 0.433805 -0.879665
1769097998.654305 13.618738 0.425568 -0.878936
1769097998.704309 13.618741 0.425585 -0.878276
1769097998.754303 13.621521 0.422285 -0.879345
1769097998.804322 13.626895 0.415779 -0.878145
1769097998.854312 13.630982 0.410893 -0.878477
1769097998.904313 13.633765 0.407551 -0.878876
1769097998.954300 13.633780 0.407559 -0.879246
1769097999.004301 13.636523 0.404257 -0.879874
1769097999.054317 13.640729 0.399214 -0.882342
1769097999.104306 13.646259 0.392473 -0.881034
1769097999.154303 13.650561 0.387305 -0.883222
1769097999.204290 13.650616 0.387314 -0.885353
1769097999.254318 13.653374 0.384008 -0.886425
1769097999.304312 13.660215 0.375729 -0.888037
1769097999.354376 13.660278 0.375756 -0.889677
1769097999.404312 13.660345 0.375788 -0.891299
1769097999.454322 13.660418 0.375825 -0.892912
1769097999.504317 13.660496 0.375867 -0.894511
1769097999.554325 13.660579 0.375913 -0.896098
1769097999.604372 13.660666 0.375964 -0.897674
1769097999.654342 13.660758 0.376020 -0.899235
1769097999.704332 13.660799 0.376095 -0.897484
1769097999.754346 13.688603 0.341501 -0.898492
1769097999.804328 13.691447 0.338122 -0.900463
1769097999.854320 13.694251 0.334765 -0.900302
1769097999.904312 13.698352 0.329761 -0.900162
1769097999.954320 13.701146 0.326396 -0.900505
1769098000.004339 13.703887 0.323108 -0.902097
1769098000.054327 13.708007 0.318105 -0.905353
1769098000.104303 13.710561 0.315018 -0.906135
1769098000.154307 13.713124 0.311921 -0.905980
1769098000.204323 13.717181 0.306930 -0.907288
1769098000.254330 13.717287 0.306999 -0.908559
1769098000.304328 13.723811 0.298819 -0.909260
1769098000.354329 13.726398 0.295635 -0.906352
1769098000.404375 13.729117 0.292327 -0.904057
1769098000.454327 13.733251 0.287296 -0.905327
1769098000.504336 13.735941 0.284034 -0.903996
1769098000.554328 13.738652 0.280803 -0.904137
1769098000.604323 13.742566 0.275986 -0.902434
1769098000.654346 13.745304 0.272716 -0.902968
1769098000.704309 13.748009 0.269502 -0.904526
1769098000.754339 13.751941 0.264635 -0.902043
1769098000.804312 13.754673 0.261364 -0.902277
1769098000.854353 13.757438 0.258035 -0.902705
1769098000.904332 13.761343 0.253242 -0.902599
1769098000.954328 13.764124 0.249889 -0.903020
1769098001.004330 13.766904 0.246505 -0.902730
1769098001.054335 13.771035 0.241395 -0.902154
1769098001.104350 13.773922 0.237968 -0.905409
1769098001.154340 13.776609 0.234738 -0.906826
1769098001.204345 13.780680 0.229681 -0.905703
1769098001.254326 13.783508 0.226279 -0.906541
1769098001.304332 13.786165 0.223047 -0.906058
1769098001.354334 13.790175 0.218134 -0.907172
1769098001.404356 13.792780 0.214959 -0.905683
1769098001.454370 13.795409 0.211744 -0.903264
1769098001.504338 13.799297 0.207008 -0.904200
1769098001.554404 13.801944 0.203778 -0.902533
1769098001.604372 13.804645 0.200520 -0.901948
1769098001.654342 13.808694 0.195555 -0.900628
1769098001.704337 13.808743 0.195618 -0.899384
1769098001.754346 13.815432 0.187362 -0.899833
1769098001.804348 13.818144 0.184089 -0.899707
1769098001.854361 13.818212 0.184145 -0.899582
1769098001.904372 13.824844 0.175927 -0.899663
1769098001.954385 13.827606 0.172616 -0.901622
1769098002.004378 13.830349 0.169306 -0.903935
1769098002.054328 13.834358 0.164352 -0.904191
1769098002.104341 13.837089 0.161023 -0.905013
1769098002.154356 13.839870 0.157636 -0.906889
1769098002.204378 13.843898 0.152609 -0.908189
1769098002.254349 13.846658 0.149190 -0.908102
1769098002.304329 13.849288 0.145933 -0.907072
1769098002.354355 13.853323 0.140898 -0.906539
1769098002.404349 13.856057 0.137537 -0.907102
1769098002.454372 13.858670 0.134355 -0.907509
1769098002.504354 13.862629 0.129408 -0.905947
1769098002.554343 13.865344 0.126071 -0.905194
1769098002.604355 13.867988 0.122833 -0.904377
1769098002.654356 13.871931 0.117997 -0.905892
1769098002.704355 13.874519 0.114759 -0.902652
1769098002.754352 13.877141 0.111524 -0.900151
1769098002.804385 13.881239 0.106508 -0.901989
1769098002.854342 13.883904 0.103224 -0.901585
1769098002.904356 13.886624 0.099889 -0.901488
1769098002.954358 13.890721 0.094808 -0.901191
1769098003.004357 13.893485 0.091416 -0.901109
1769098003.054342 13.896311 0.087956 -0.901833
1769098003.104352 13.900406 0.082892 -0.903199
1769098003.154348 13.902986 0.079700 -0.903171
1769098003.204352 13.905744 0.076263 -0.902420
1769098003.254339 13.909604 0.071453 -0.903004
1769098003.304368 13.912186 0.068266 -0.903561
1769098003.354344 13.914843 0.064984 -0.903486
1769098003.404347 13.918753 0.060075 -0.901845
1769098003.454360 13.921568 0.056679 -0.905721
1769098003.504358 13.925413 0.051870 -0.907002
1769098003.554350 13.927876 0.048772 -0.904807
1769098003.604373 13.930561 0.045415 -0.903161
1769098003.654392 13.934528 0.040434 -0.902284
1769098003.704428 13.937237 0.037094 -0.902839
1769098003.754391 13.939931 0.033791 -0.903508
1769098003.804402 13.943934 0.028770 -0.902242
1769098003.854396 13.946472 0.025649 -0.903648
1769098003.904408 13.949010 0.022511 -0.904605
1769098003.954391 13.952982 0.017558 -0.905900
1769098004.004439 13.955587 0.014284 -0.904558
1769098004.054380 13.958288 0.010914 -0.904245
1769098004.104382 13.962376 0.005843 -0.909153
1769098004.154377 13.965088 0.002405 -0.909162
1769098004.204373 13.967780 -0.000987 -0.910155
1769098004.254422 13.971851 -0.006181 -0.909857
1769098004.304388 13.974634 -0.009683 -0.910963
1769098004.354372 13.977251 -0.013033 -0.910034
1769098004.404384 13.981294 -0.018187 -0.909250
1769098004.454422 13.983930 -0.021554 -0.907953
1769098004.504375 13.986558 -0.024908 -0.906376
1769098004.554377 13.990447 -0.029839 -0.905852
1769098004.604365 13.993039 -0.033112 -0.906028
1769098004.654382 13.995487 -0.036203 -0.904887
1769098004.704444 13.999358 -0.041110 -0.903156
1769098004.754401 13.999338 -0.041096 -0.901509
1769098004.804357 14.005867 -0.049303 -0.904780
1769098004.854389 14.008345 -0.052493 -0.905149
1769098004.904365 14.011051 -0.055972 -0.906751
1769098004.954374 14.015025 -0.061062 -0.912383
1769098005.004361 14.017722 -0.064549 -0.917734
1769098005.054372 14.020363 -0.067994 -0.922795
1769098005.104378 14.024131 -0.072989 -0.928275
1769098005.154364 14.026666 -0.076355 -0.933589
1769098005.204394 14.029226 -0.079834 -0.938352
1769098005.254366 14.032945 -0.084962 -0.942849
1769098005.304405 14.035332 -0.088240 -0.948251
1769098005.354383 14.037828 -0.091716 -0.953765
1769098005.404367 14.041444 -0.096855 -0.957512
1769098005.454384 14.043878 -0.100369 -0.959903
1769098005.504374 14.047529 -0.105645 -0.963176
1769098005.554382 14.049924 -0.109120 -0.966137
1769098005.604367 14.052393 -0.112717 -0.970060
1769098005.654397 14.055939 -0.117936 -0.974444
1769098005.704384 14.058176 -0.121236 -0.977602
1769098005.754412 14.060407 -0.124605 -0.979474
1769098005.804424 14.063890 -0.129827 -0.984551
1769098005.854444 14.066252 -0.133384 -0.989614
1769098005.904406 14.068445 -0.136728 -0.995025
1769098005.954418 14.071903 -0.142083 -1.001701
1769098006.004396 14.074125 -0.145574 -1.007955
1769098006.054382 14.077546 -0.151050 -1.013841
1769098006.104383 14.079871 -0.154801 -1.018935
1769098006.154398 14.082203 -0.158544 -1.027334
1769098006.204378 14.084448 -0.162254 -1.033312
1769098006.254456 14.087822 -0.167959 -1.037775
1769098006.304378 14.090061 -0.171737 -1.042877
1769098006.354405 14.092229 -0.175472 -1.046896
1769098006.404401 14.095328 -0.180877 -1.050590
1769098006.454388 14.097397 -0.184547 -1.052895
1769098006.504381 14.100516 -0.190067 -1.056626
1769098006.554410 14.102624 -0.193724 -1.063591
1769098006.604409 14.104673 -0.197474 -1.065670
1769098006.654401 14.106683 -0.201116 -1.070755
1769098006.704413 14.109672 -0.206660 -1.075396
1769098006.754407 14.111713 -0.210393 -1.080986
1769098006.804406 14.113762 -0.214219 -1.086685
1769098006.854403 14.116764 -0.219908 -1.093306
1769098006.904399 14.118623 -0.223470 -1.098657
1769098006.954392 14.121434 -0.229063 -1.101207
1769098007.004412 14.123417 -0.232936 -1.106499
1769098007.054397 14.125255 -0.236606 -1.111217
1769098007.104396 14.128134 -0.242448 -1.116215
1769098007.154399 14.130095 -0.246395 -1.122642
1769098007.204395 14.131991 -0.250336 -1.128231
1769098007.254399 14.134800 -0.256285 -1.134046
1769098007.304395 14.136604 -0.260172 -1.138350
1769098007.354420 14.138397 -0.264056 -1.143134
1769098007.404393 14.140983 -0.269710 -1.149513
1769098007.454391 14.141112 -0.269729 -1.155545
1769098007.504418 14.145181 -0.279077 -1.158668
1769098007.554415 14.146810 -0.282754 -1.162090
1769098007.604405 14.148385 -0.286344 -1.164878
1769098007.654450 14.150889 -0.292120 -1.167941
1769098007.704426 14.152655 -0.296086 -1.173897
1769098007.754421 14.154218 -0.299722 -1.178061
1769098007.804396 14.156757 -0.305765 -1.183046
1769098007.854438 14.156875 -0.305771 -1.187795
1769098007.904450 14.160735 -0.315527 -1.193251
1769098007.954454 14.162380 -0.319531 -1.200115
1769098008.004419 14.163985 -0.323607 -1.206448
1769098008.054419 14.166218 -0.329429 -1.213261
1769098008.104418 14.167676 -0.333237 -1.219197
1769098008.154430 14.169179 -0.337314 -1.223664
1769098008.204431 14.171343 -0.343334 -1.228158
1769098008.254428 14.172820 -0.347359 -1.234070
1769098008.304421 14.174236 -0.351359 -1.237988
1769098008.354421 14.176315 -0.357429 -1.240375
1769098008.404433 14.177777 -0.361566 -1.244957
1769098008.454424 14.179147 -0.365562 -1.248483
1769098008.504427 14.181175 -0.371707 -1.250446
1769098008.554479 14.182576 -0.375733 -1.257230
1769098008.604483 14.182724 -0.375757 -1.263803
1769098008.654422 14.185894 -0.385834 -1.268162
1769098008.704428 14.187193 -0.389840 -1.273209
1769098008.754431 14.188372 -0.393626 -1.277546
1769098008.804434 14.190207 -0.399682 -1.282466
1769098008.854435 14.191481 -0.403805 -1.287767
1769098008.904429 14.192727 -0.407912 -1.294177
1769098008.954413 14.194508 -0.414098 -1.300483
1769098009.004416 14.195703 -0.418278 -1.305576
1769098009.054437 14.196861 -0.422488 -1.310296
1769098009.104439 14.198559 -0.428890 -1.315682
1769098009.154423 14.199681 -0.433109 -1.319751
1769098009.204434 14.200797 -0.437410 -1.324155
1769098009.254499 14.202402 -0.443699 -1.330096
1769098009.304442 14.203410 -0.447757 -1.333235
1769098009.354442 14.203492 -0.447764 -1.336165
1769098009.404493 14.205898 -0.457984 -1.339676
1769098009.454440 14.206856 -0.461961 -1.343096
1769098009.504448 14.206943 -0.461971 -1.346332
1769098009.554435 14.209207 -0.472133 -1.349632
1769098009.604439 14.210141 -0.476225 -1.353328
1769098009.654462 14.211123 -0.480468 -1.359310
1769098009.704440 14.212035 -0.484669 -1.363597
1769098009.754465 14.213370 -0.490948 -1.369430
1769098009.804483 14.214310 -0.495234 -1.376583
1769098009.854442 14.215124 -0.499429 -1.379355
1769098009.904503 14.216354 -0.505847 -1.383723
1769098009.954442 14.216438 -0.505873 -1.387793
1769098010.004461 14.218278 -0.516237 -1.391524
1769098010.054457 14.219054 -0.520496 -1.395124
1769098010.104430 14.219123 -0.520519 -1.398546
1769098010.154505 14.220886 -0.531006 -1.400652
1769098010.204447 14.221594 -0.535242 -1.401014
1769098010.254532 14.222251 -0.539297 -1.400840
1769098010.304461 14.223323 -0.545544 -1.402198
1769098010.354449 14.224020 -0.549523 -1.403829
1769098010.404507 14.224708 -0.553754 -1.401764
1769098010.454449 14.225754 -0.559873 -1.401265
1769098010.504449 14.226513 -0.564090 -1.402730
1769098010.554459 14.227219 -0.568254 -1.401556
1769098010.604451 14.228292 -0.574543 -1.399739
1769098010.654452 14.229007 -0.578714 -1.399094
1769098010.704444 14.229753 -0.582923 -1.399601
1769098010.754438 14.230853 -0.589288 -1.400275
1769098010.804442 14.231561 -0.593395 -1.401407
1769098010.854458 14.232276 -0.597639 -1.402587
1769098010.904467 14.233363 -0.604015 -1.404517
1769098010.954456 14.234073 -0.608268 -1.406411
1769098011.004455 14.234783 -0.612613 -1.407434
1769098011.054433 14.235806 -0.619021 -1.407511
1769098011.104461 14.236495 -0.623410 -1.406944
1769098011.154464 14.237229 -0.627779 -1.409530
1769098011.204483 14.238252 -0.634244 -1.408843
1769098011.254454 14.238944 -0.638523 -1.408836
1769098011.304449 14.239588 -0.642643 -1.407135
1769098011.354467 14.240629 -0.648954 -1.407097
1769098011.404461 14.241346 -0.653176 -1.408756
1769098011.454509 14.241982 -0.657238 -1.407808
1769098011.504446 14.242955 -0.663303 -1.406686
1769098011.554451 14.243562 -0.667240 -1.405184
1769098011.604526 14.244555 -0.673293 -1.404979
1769098011.654519 14.245192 -0.677243 -1.404212
1769098011.704505 14.245838 -0.681377 -1.402562
1769098011.754483 14.246940 -0.687848 -1.403021
1769098011.804507 14.247655 -0.692151 -1.404087
1769098011.854493 14.248327 -0.696254 -1.403139
1769098011.904500 14.249404 -0.702749 -1.403162
1769098011.954489 14.250080 -0.706900 -1.403192
1769098012.004465 14.250794 -0.711187 -1.404072
1769098012.054494 14.251891 -0.717634 -1.406856
1769098012.104498 14.252544 -0.721821 -1.407418
1769098012.154528 14.253253 -0.726136 -1.410039
1769098012.204480 14.254310 -0.732541 -1.414346
1769098012.254475 14.254932 -0.736667 -1.415402
1769098012.304463 14.255610 -0.740937 -1.417572
1769098012.354468 14.256535 -0.747243 -1.415357
1769098012.404457 14.257179 -0.751475 -1.414468
1769098012.454523 14.257850 -0.755783 -1.414886
1769098012.504462 14.258835 -0.762117 -1.413660
1769098012.554468 14.259456 -0.766304 -1.410722
1769098012.604475 14.259397 -0.766287 -1.408511
1769098012.654468 14.261134 -0.776708 -1.409459
1769098012.704462 14.261762 -0.780685 -1.409796
1769098012.754491 14.262413 -0.784844 -1.409545
1769098012.804460 14.263419 -0.791175 -1.410147
1769098012.854471 14.264088 -0.795437 -1.411480
1769098012.904483 14.264746 -0.799653 -1.412378
1769098012.954483 14.265779 -0.806189 -1.414655
1769098013.004463 14.266393 -0.810359 -1.414469
1769098013.054491 14.267060 -0.814748 -1.414745
1769098013.104479 14.268071 -0.821241 -1.416053
1769098013.154480 14.268723 -0.825592 -1.416839
1769098013.204476 14.269361 -0.829915 -1.416314
1769098013.254540 14.270311 -0.836242 -1.416050
1769098013.304470 14.270947 -0.840523 -1.415561
1769098013.354562 14.271619 -0.844756 -1.418617
1769098013.404482 14.272503 -0.850844 -1.417883
1769098013.454588 14.273111 -0.854999 -1.417554
1769098013.504540 14.273754 -0.859269 -1.418552
1769098013.554506 14.274670 -0.865520 -1.417033
1769098013.604491 14.275340 -0.869779 -1.418487
1769098013.654500 14.275915 -0.873906 -1.415711
1769098013.704489 14.276883 -0.880246 -1.413432
1769098013.754491 14.277539 -0.884508 -1.413434
1769098013.804473 14.277514 -0.884514 -1.413462
1769098013.854521 14.279190 -0.895068 -1.412752
1769098013.904520 14.279838 -0.899275 -1.412343
1769098013.954563 14.279807 -0.899277 -1.411963
1769098014.004499 14.281484 -0.909820 -1.414271
1769098014.054525 14.282123 -0.914049 -1.415052
1769098014.104482 14.282111 -0.914062 -1.415786
1769098014.154483 14.283766 -0.924795 -1.418680
1769098014.204483 14.284391 -0.929095 -1.419271
1769098014.254553 14.284375 -0.929107 -1.419805
1769098014.304464 14.285958 -0.939820 -1.421358
1769098014.354461 14.286530 -0.944154 -1.418717
1769098014.404516 14.287162 -0.948460 -1.419983
1769098014.454524 14.287747 -0.952687 -1.418751
1769098014.504505 14.288685 -0.959006 -1.418767
1769098014.554497 14.289265 -0.963161 -1.416835
1769098014.604501 14.289845 -0.967311 -1.415243
1769098014.654495 14.290828 -0.973614 -1.417587
1769098014.704507 14.291400 -0.977710 -1.416955
1769098014.754479 14.292008 -0.981924 -1.416580
1769098014.804515 14.292965 -0.988255 -1.418265
1769098014.854492 14.293570 -0.992532 -1.417873
1769098014.904500 14.294221 -0.996848 -1.419461
1769098014.954496 14.295144 -1.003209 -1.419898
1769098015.004489 14.295744 -1.007536 -1.419358
1769098015.054518 14.296402 -1.011950 -1.421432
1769098015.104506 14.297328 -1.018298 -1.422506
1769098015.154529 14.297939 -1.022659 -1.422347
1769098015.204510 14.298541 -1.026951 -1.422385
1769098015.254507 14.299451 -1.033317 -1.423709
1769098015.304496 14.300064 -1.037575 -1.426976
1769098015.354495 14.300649 -1.041905 -1.427847
1769098015.404512 14.301504 -1.048277 -1.427502
1769098015.454515 14.302083 -1.052527 -1.428584
1769098015.504504 14.302641 -1.056805 -1.427835
1769098015.554514 14.303448 -1.062879 -1.426377
1769098015.604520 14.303963 -1.066814 -1.424923
1769098015.654526 14.304526 -1.071071 -1.423001
1769098015.704495 14.305444 -1.077459 -1.422779
1769098015.754522 14.305988 -1.081418 -1.421300
1769098015.804553 14.306905 -1.087722 -1.419655
1769098015.854561 14.307494 -1.091863 -1.419161
1769098015.904517 14.307441 -1.091865 -1.418712
1769098015.954563 14.309064 -1.102405 -1.421979
1769098016.004502 14.309594 -1.106301 -1.422082
1769098016.054528 14.310180 -1.110583 -1.421903
1769098016.104523 14.311095 -1.116954 -1.424332
1769098016.154526 14.311681 -1.121329 -1.424764
1769098016.204507 14.312303 -1.125651 -1.427246
1769098016.254509 14.313183 -1.132111 -1.427711
1769098016.304501 14.313763 -1.136540 -1.427071
1769098016.354523 14.314337 -1.140707 -1.428955
1769098016.404520 14.315183 -1.147089 -1.428705
1769098016.454511 14.315715 -1.151358 -1.426473
1769098016.504521 14.316238 -1.155376 -1.426016
1769098016.554510 14.317088 -1.161623 -1.425878
1769098016.604506 14.317025 -1.161630 -1.425754
1769098016.654532 14.318442 -1.171847 -1.425561
1769098016.704528 14.318939 -1.175871 -1.423761
1769098016.754537 14.319486 -1.180068 -1.423848
1769098016.804515 14.320318 -1.186166 -1.423294
1769098016.854536 14.320823 -1.190126 -1.422835
1769098016.904590 14.321356 -1.194311 -1.421963
1769098016.954536 14.322263 -1.200844 -1.421281
1769098017.004547 14.322820 -1.204975 -1.422605
1769098017.054530 14.323364 -1.209120 -1.422693
1769098017.104542 14.324247 -1.215589 -1.422059
1769098017.154516 14.324804 -1.219765 -1.423027
1769098017.204533 14.325369 -1.224039 -1.424327
1769098017.254537 14.326266 -1.230502 -1.427494
1769098017.304523 14.326248 -1.230546 -1.430569
1769098017.354537 14.327618 -1.241033 -1.430468
1769098017.404596 14.328159 -1.245308 -1.432296
1769098017.454530 14.328121 -1.245336 -1.434052
1769098017.504537 14.329543 -1.256113 -1.435069
1769098017.554549 14.330063 -1.260355 -1.434520
1769098017.604550 14.329999 -1.260355 -1.433989
1769098017.654557 14.331430 -1.271035 -1.432562
1769098017.704535 14.331907 -1.274914 -1.430557
1769098017.754530 14.332472 -1.279140 -1.430253
1769098017.804585 14.333310 -1.285344 -1.428743
1769098017.854547 14.333874 -1.289565 -1.428037
1769098017.904595 14.333820 -1.289562 -1.427389
1769098017.954571 14.335258 -1.299864 -1.427776
1769098018.004557 14.335835 -1.304186 -1.427820
1769098018.054547 14.336388 -1.308450 -1.428335
1769098018.104554 14.337243 -1.314816 -1.429279
1769098018.154545 14.337796 -1.319148 -1.428914
1769098018.204559 14.338327 -1.323336 -1.429016
1769098018.254547 14.339201 -1.329931 -1.428533
1769098018.304553 14.339794 -1.334327 -1.431059
1769098018.354552 14.340312 -1.338551 -1.430575
1769098018.404565 14.340888 -1.342892 -1.432000
1769098018.454561 14.341735 -1.349265 -1.434338
1769098018.504560 14.342252 -1.353549 -1.434465
1769098018.554555 14.342799 -1.357819 -1.437003
1769098018.604608 14.343566 -1.364053 -1.437153
1769098018.654612 14.344054 -1.368278 -1.435779
1769098018.704544 14.344548 -1.372487 -1.434859
1769098018.754541 14.345354 -1.378817 -1.435304
1769098018.804558 14.345854 -1.383072 -1.433488
1769098018.854557 14.346333 -1.387158 -1.431826
1769098018.904550 14.347162 -1.393614 -1.430849
1769098018.954561 14.347715 -1.397925 -1.432154
1769098019.004558 14.348250 -1.402139 -1.431747
1769098019.054574 14.349074 -1.408494 -1.431345
1769098019.104534 14.349605 -1.412719 -1.431413
1769098019.154566 14.350144 -1.416973 -1.432743
1769098019.204565 14.350962 -1.423211 -1.435378
1769098019.254560 14.351466 -1.427334 -1.437046
1769098019.304561 14.351985 -1.431770 -1.437185
1769098019.354584 14.352778 -1.438220 -1.438526
1769098019.404568 14.352727 -1.438240 -1.439787
1769098019.454559 14.354054 -1.448867 -1.442125
1769098019.504555 14.354540 -1.453162 -1.442236
1769098019.554544 14.354474 -1.453169 -1.442333
1769098019.604561 14.355815 -1.463954 -1.442379
1769098019.654554 14.356296 -1.468171 -1.441370
1769098019.704573 14.356805 -1.472399 -1.441414
1769098019.754649 14.357308 -1.476564 -1.440835
1769098019.804571 14.358077 -1.482795 -1.440473
1769098019.854596 14.358557 -1.486796 -1.440735
1769098019.904623 14.359313 -1.492988 -1.440208
1769098019.954597 14.359830 -1.497262 -1.439361
1769098020.004602 14.359770 -1.497257 -1.438574
1769098020.054702 14.361122 -1.507778 -1.439328
1769098020.104564 14.361623 -1.512082 -1.437991
1769098020.154582 14.361546 -1.512071 -1.436660
1769098020.204594 14.362940 -1.522843 -1.436359
1769098020.254594 14.363465 -1.527101 -1.437939
1769098020.304569 14.363987 -1.531382 -1.438304
1769098020.354576 14.364497 -1.535649 -1.438136
1769098020.404578 14.365274 -1.541815 -1.439226
1769098020.454577 14.365802 -1.546126 -1.441588
1769098020.504580 14.366626 -1.552611 -1.446481
1769098020.554557 14.367103 -1.556834 -1.447835
1769098020.604566 14.367572 -1.561120 -1.447700
1769098020.654589 14.368269 -1.567294 -1.447563
1769098020.704595 14.368738 -1.571562 -1.447675
1769098020.754592 14.369234 -1.575846 -1.448658
1769098020.804573 14.369960 -1.582175 -1.446999
1769098020.854572 14.370438 -1.586420 -1.445863
1769098020.904584 14.370374 -1.586411 -1.444777
1769098020.954568 14.371677 -1.596961 -1.443534
1769098021.004564 14.372126 -1.601104 -1.440497
1769098021.054680 14.372603 -1.605138 -1.440536
1769098021.104578 14.373397 -1.611490 -1.442066
1769098021.154566 14.373894 -1.615759 -1.443224
1769098021.204593 14.374370 -1.619912 -1.444146
1769098021.254588 14.375119 -1.626314 -1.444741
1769098021.304590 14.375608 -1.630643 -1.445985
1769098021.354585 14.375562 -1.630660 -1.447193
1769098021.404583 14.376829 -1.641488 -1.448137
1769098021.454598 14.377309 -1.645826 -1.448665
1769098021.504601 14.377254 -1.645835 -1.449217
1769098021.554679 14.378500 -1.656474 -1.450878
1769098021.604583 14.378951 -1.660766 -1.450529
1769098021.654579 14.379431 -1.665077 -1.451257
1769098021.704622 14.380119 -1.671332 -1.450469
1769098021.754635 14.380587 -1.675547 -1.451557
1769098021.804581 14.381023 -1.679597 -1.452646
1769098021.854680 14.381706 -1.685828 -1.451633
1769098021.904594 14.382154 -1.690070 -1.450639
1769098021.954614 14.382597 -1.694309 -1.449347
1769098022.004626 14.383294 -1.700517 -1.448384
1769098022.054631 14.383756 -1.704787 -1.446797
1769098022.104605 14.384203 -1.708996 -1.445046
1769098022.154577 14.384967 -1.715471 -1.445080
1769098022.204607 14.385466 -1.719807 -1.446396
1769098022.254585 14.385920 -1.723906 -1.445688
1769098022.304599 14.386671 -1.730342 -1.445401
1769098022.354611 14.387135 -1.734492 -1.446124
1769098022.404611 14.387105 -1.734527 -1.449063
1769098022.454607 14.388377 -1.745309 -1.452066
1769098022.504594 14.388832 -1.749558 -1.452955
1769098022.554590 14.389266 -1.753702 -1.454078
1769098022.604594 14.389987 -1.760206 -1.456815
1769098022.654607 14.390427 -1.764509 -1.457860
1769098022.704602 14.390886 -1.768824 -1.459317
1769098022.754667 14.391542 -1.775175 -1.457751
1769098022.804618 14.391986 -1.779501 -1.456937
1769098022.854609 14.392440 -1.783784 -1.456982
1769098022.904619 14.393091 -1.789848 -1.455511
1769098022.954663 14.393513 -1.794031 -1.452371
1769098023.004594 14.393925 -1.797981 -1.451613
1769098023.054596 14.394610 -1.804009 -1.453109
1769098023.104607 14.395102 -1.808338 -1.456730
1769098023.154700 14.395760 -1.814432 -1.456780
1769098023.204594 14.396187 -1.818466 -1.457613
1769098023.254627 14.396637 -1.822796 -1.458533
1769098023.304612 14.397314 -1.829165 -1.459284
1769098023.354632 14.397762 -1.833544 -1.459359
1769098023.404619 14.398189 -1.837842 -1.459204
1769098023.454684 14.398863 -1.844217 -1.460418
1769098023.504611 14.398833 -1.844231 -1.461607
1769098023.554593 14.399940 -1.854765 -1.461724
1769098023.604623 14.400368 -1.859066 -1.461811
1769098023.654597 14.400763 -1.863096 -1.462734
1769098023.704603 14.401418 -1.869542 -1.463657
1769098023.754608 14.401836 -1.873797 -1.465274
1769098023.804648 14.401817 -1.873814 -1.466811
1769098023.854640 14.402867 -1.884394 -1.465961
1769098023.904625 14.403281 -1.888679 -1.466390
1769098023.954642 14.403247 -1.888685 -1.466815
1769098024.004644 14.404356 -1.899266 -1.467088
1769098024.054622 14.404750 -1.903446 -1.464434
1769098024.104610 14.405182 -1.907725 -1.462573
1769098024.154633 14.405858 -1.914036 -1.462539
1769098024.204611 14.406284 -1.918233 -1.461027
1769098024.254687 14.406734 -1.922471 -1.460769
1769098024.304636 14.407173 -1.926677 -1.460812
1769098024.354630 14.407858 -1.933030 -1.462673
1769098024.404633 14.408294 -1.937277 -1.463706
1769098024.454610 14.408717 -1.941525 -1.464165
1769098024.504635 14.409378 -1.948015 -1.465046
1769098024.554608 14.409825 -1.952407 -1.467496
1769098024.604640 14.410237 -1.956686 -1.467940
1769098024.654634 14.410905 -1.963247 -1.469997
1769098024.704624 14.411327 -1.967592 -1.471858
1769098024.754637 14.411703 -1.971924 -1.469066
1769098024.804641 14.412356 -1.978401 -1.471332
1769098024.854677 14.412729 -1.982566 -1.469818
1769098024.904656 14.413110 -1.986572 -1.469018
1769098024.954650 14.413720 -1.992847 -1.468482
1769098025.004617 14.414128 -1.997012 -1.469770
1769098025.054621 14.414554 -2.001281 -1.471401
1769098025.104649 14.415154 -2.007546 -1.470418
1769098025.154686 14.415533 -2.011594 -1.469439
1769098025.204680 14.416161 -2.017925 -1.470188
1769098025.254620 14.416543 -2.022022 -1.469061
1769098025.304636 14.416981 -2.026309 -1.470512
1769098025.354617 14.417601 -2.032746 -1.470183
1769098025.404631 14.418034 -2.037185 -1.470839
1769098025.454659 14.418459 -2.041527 -1.471797
1769098025.504636 14.419074 -2.047852 -1.471825
1769098025.554642 14.419484 -2.052137 -1.472122
1769098025.604637 14.419470 -2.052141 -1.472418
1769098025.654648 14.420497 -2.062884 -1.474073
1769098025.704625 14.420900 -2.067196 -1.476017
1769098025.754652 14.420905 -2.067215 -1.477880
1769098025.804647 14.421868 -2.078040 -1.477041
1769098025.854664 14.422256 -2.082286 -1.478896
1769098025.904687 14.422609 -2.086524 -1.476979
1769098025.954676 14.423007 -2.090774 -1.477367
1769098026.004663 14.423573 -2.097160 -1.474618
1769098026.054694 14.423966 -2.101422 -1.473427
1769098026.104640 14.424375 -2.105714 -1.473108
1769098026.154629 14.424964 -2.111886 -1.470919
1769098026.204731 14.425390 -2.116088 -1.471275
1769098026.254638 14.425976 -2.122081 -1.471057
1769098026.304648 14.426404 -2.126350 -1.472092
1769098026.354643 14.426810 -2.130348 -1.473945
1769098026.404625 14.427431 -2.136746 -1.474502
1769098026.454664 14.427836 -2.140860 -1.476240
1769098026.504630 14.428258 -2.145267 -1.477544
1769098026.554656 14.428844 -2.151672 -1.475696
1769098026.604628 14.429259 -2.156030 -1.474022
1769098026.654646 14.429629 -2.160133 -1.470419
1769098026.704635 14.430274 -2.166707 -1.465780
1769098026.754651 14.430724 -2.170939 -1.465258
1769098026.804678 14.431140 -2.175092 -1.461747
1769098026.854627 14.431834 -2.181482 -1.458327
1769098026.904650 14.432275 -2.185672 -1.453701
1769098026.954652 14.432751 -2.189848 -1.449633
1769098027.004658 14.433491 -2.196196 -1.443299
1769098027.054664 14.433985 -2.200340 -1.436979
1769098027.104641 14.434536 -2.204565 -1.433150
1769098027.154758 14.435370 -2.210918 -1.425144
1769098027.204630 14.435981 -2.215190 -1.420403
1769098027.254737 14.436583 -2.219399 -1.414061
1769098027.304633 14.437564 -2.225833 -1.406452
1769098027.354722 14.438219 -2.230046 -1.400920
1769098027.404664 14.438897 -2.234236 -1.396434
1769098027.454641 14.440001 -2.240629 -1.393091
1769098027.504665 14.440665 -2.244539 -1.389449
1769098027.554635 14.441393 -2.248722 -1.385111
1769098027.604635 14.442529 -2.255019 -1.380081
1769098027.654628 14.443295 -2.259160 -1.377372
1769098027.704684 14.444059 -2.263362 -1.373102
1769098027.754630 14.445318 -2.269819 -1.370922
1769098027.804650 14.445250 -2.269802 -1.368988
1769098027.854681 14.447393 -2.280480 -1.365649
1769098027.904671 14.448198 -2.284576 -1.365395
1769098027.954689 14.449063 -2.288897 -1.366491
1769098028.004754 14.450335 -2.295214 -1.365734
1769098028.054684 14.451157 -2.299392 -1.364277
1769098028.104717 14.451980 -2.303573 -1.362547
1769098028.154648 14.453223 -2.309666 -1.362047
1769098028.204662 14.454010 -2.313535 -1.362092
1769098028.254630 14.454817 -2.317579 -1.359401
1769098028.304739 14.454746 -2.317558 -1.356751
1769098028.354649 14.454663 -2.317536 -1.354132
1769098028.404632 14.454567 -2.317515 -1.351530
1769098028.454733 14.454459 -2.317494 -1.348942
1769098028.504634 14.454339 -2.317473 -1.346385
1769098028.554656 14.454207 -2.317453 -1.343842
1769098028.604658 14.462238 -2.352625 -1.345827
1769098028.654637 14.463082 -2.356779 -1.347261
1769098028.704649 14.462989 -2.356792 -1.348657
1769098028.754660 14.462903 -2.356805 -1.350043
1769098028.804655 14.466105 -2.371531 -1.352596
1769098028.854663 14.466882 -2.375488 -1.353996
1769098028.904653 14.468139 -2.381709 -1.353930
1769098028.954634 14.468030 -2.381711 -1.353812
1769098029.004628 14.467922 -2.381712 -1.353694
1769098029.054663 14.467813 -2.381713 -1.353577
1769098029.104631 14.470873 -2.396112 -1.353484
1769098029.154669 14.470761 -2.396114 -1.353322
1769098029.204638 14.472971 -2.406699 -1.350310
1769098029.254628 14.472822 -2.406679 -1.347334
1769098029.304641 14.472659 -2.406660 -1.344381
1769098029.354656 14.475854 -2.421113 -1.343557
1769098029.404666 14.476608 -2.425016 -1.342686
1769098029.454640 14.476453 -2.425015 -1.341875
1769098029.504634 14.479596 -2.439151 -1.341839
1769098029.554691 14.479444 -2.439155 -1.341842
1769098029.604663 14.479294 -2.439160 -1.341847
1769098029.654690 14.482525 -2.453715 -1.343319
1769098029.704676 14.483329 -2.457887 -1.343605
1769098029.754696 14.483172 -2.457894 -1.343876
1769098029.804679 14.483017 -2.457901 -1.344145
1769098029.854762 14.482865 -2.457908 -1.344412
1769098029.904695 14.482716 -2.457915 -1.344677
1769098029.954733 14.487490 -2.479356 -1.347671
1769098030.004733 14.487361 -2.479381 -1.350520
1769098030.054716 14.489551 -2.489825 -1.351376
1769098030.104690 14.491180 -2.497822 -1.350134
1769098030.154691 14.491022 -2.497820 -1.348875
1769098030.204698 14.490858 -2.497817 -1.347626
1769098030.254698 14.493930 -2.512043 -1.345985
1769098030.304693 14.495202 -2.518269 -1.346253
1769098030.354701 14.495927 -2.522161 -1.343649
1769098030.404685 14.495747 -2.522151 -1.341094
1769098030.454679 14.496542 -2.526173 -1.342561
1769098030.504701 14.497844 -2.532467 -1.341147
1769098030.554690 14.500041 -2.542496 -1.342818
1769098030.604678 14.499906 -2.542513 -1.344502
1769098030.654687 14.501607 -2.550480 -1.346079
1769098030.704696 14.501484 -2.550496 -1.347696
1769098030.754734 14.501370 -2.550512 -1.349301
1769098030.804692 14.501265 -2.550527 -1.350892
1769098030.854691 14.501168 -2.550542 -1.352471
1769098030.904698 14.506430 -2.574945 -1.352866
1769098030.954706 14.506291 -2.574954 -1.353126
1769098031.004689 14.508481 -2.585592 -1.352554
1769098031.054695 14.509229 -2.589658 -1.353394
1769098031.104698 14.510478 -2.596077 -1.351571
1769098031.154717 14.511226 -2.600139 -1.351854
1769098031.204710 14.512004 -2.604304 -1.352945
1769098031.254724 14.513255 -2.610614 -1.352586
1769098031.304694 14.514023 -2.614748 -1.351647
1769098031.354693 14.514776 -2.618869 -1.349552
1769098031.404691 14.516010 -2.624991 -1.350371
1769098031.454695 14.515872 -2.625004 -1.351249
1769098031.504716 14.517964 -2.635044 -1.349761
1769098031.554703 14.518710 -2.638970 -1.351937
1769098031.604702 14.519530 -2.643242 -1.354385
1769098031.654715 14.520778 -2.649527 -1.354662
1769098031.704705 14.521579 -2.653747 -1.355801
1769098031.754733 14.522356 -2.657911 -1.356051
1769098031.804703 14.523605 -2.664247 -1.356329
1769098031.854709 14.523477 -2.664257 -1.356579
1769098031.904729 14.525574 -2.674528 -1.357923
1769098031.954755 14.526300 -2.678522 -1.359294
1769098032.004748 14.527064 -2.682803 -1.358491
1769098032.054706 14.528207 -2.688796 -1.359124
1769098032.104716 14.528975 -2.692994 -1.360775
1769098032.154727 14.529728 -2.697180 -1.360515
1769098032.204718 14.530919 -2.703467 -1.358751
1769098032.254700 14.531714 -2.707727 -1.361564
1769098032.304731 14.532419 -2.711662 -1.360627
1769098032.354709 14.533641 -2.717989 -1.359513
1769098032.404737 14.534407 -2.722197 -1.357347
1769098032.454728 14.535183 -2.726404 -1.355489
1769098032.504725 14.536425 -2.732636 -1.356413
1769098032.554705 14.537176 -2.736717 -1.354520
1769098032.604714 14.537909 -2.740663 -1.354744
1769098032.654724 14.539129 -2.746850 -1.354678
1769098032.704718 14.539913 -2.750996 -1.355353
1769098032.754734 14.540685 -2.755050 -1.358033
1769098032.804709 14.541908 -2.761333 -1.356736
1769098032.854733 14.541769 -2.761336 -1.355421
1769098032.904716 14.543943 -2.771826 -1.360612
1769098032.954734 14.543858 -2.771858 -1.365728
1769098033.004748 14.545508 -2.780359 -1.366464
1769098033.054733 14.546295 -2.784729 -1.366401
1769098033.104743 14.547500 -2.791128 -1.366696
1769098033.154724 14.548270 -2.795401 -1.367572
1769098033.204726 14.549041 -2.799672 -1.368134
1769098033.254722 14.550209 -2.805924 -1.367098
1769098033.304728 14.550948 -2.810048 -1.367334
1769098033.354713 14.551675 -2.814137 -1.365494
1769098033.404733 14.552861 -2.820302 -1.366148
1769098033.454730 14.553600 -2.824417 -1.363911
1769098033.504729 14.554350 -2.828583 -1.361561
1769098033.554737 14.555582 -2.834871 -1.364051
1769098033.604718 14.556349 -2.839081 -1.362581
1769098033.654740 14.557134 -2.843285 -1.363360
1769098033.704726 14.558364 -2.849616 -1.364543
1769098033.754747 14.559110 -2.853663 -1.365034
1769098033.804756 14.560287 -2.859750 -1.366718
1769098033.854738 14.561074 -2.863999 -1.367606
1769098033.904752 14.561812 -2.868028 -1.369529
1769098033.954762 14.562993 -2.874306 -1.370707
1769098034.004870 14.563751 -2.878485 -1.371786
1769098034.054752 14.564470 -2.882469 -1.374000
1769098034.104739 14.565661 -2.888877 -1.374458
1769098034.154732 14.566416 -2.893148 -1.374263
1769098034.204734 14.567133 -2.897226 -1.374761
1769098034.254765 14.568321 -2.903637 -1.374989
1769098034.304728 14.569068 -2.907905 -1.372607
1769098034.354804 14.569815 -2.912172 -1.368958
1769098034.404732 14.571007 -2.918482 -1.368316
1769098034.454745 14.570905 -2.918488 -1.367732
1769098034.504751 14.572901 -2.928616 -1.367154
1769098034.554736 14.573615 -2.932559 -1.365377
1769098034.604751 14.574373 -2.936681 -1.364124
1769098034.654743 14.575506 -2.942538 -1.364065
1769098034.704746 14.576272 -2.946638 -1.364248
1769098034.754746 14.576997 -2.950537 -1.364735
1769098034.804755 14.578212 -2.956837 -1.363714
1769098034.854739 14.579050 -2.961195 -1.367527
1769098034.904748 14.579853 -2.965469 -1.369514
1769098034.954736 14.581080 -2.971896 -1.369503
1769098035.004765 14.581857 -2.976035 -1.372935
1769098035.054754 14.582645 -2.980337 -1.374495
1769098035.104711 14.583851 -2.986729 -1.376960
1769098035.154766 14.584591 -2.990812 -1.378644
1769098035.204748 14.585751 -2.997123 -1.378903
1769098035.254755 14.586464 -3.001128 -1.379098
1769098035.304765 14.587206 -3.005255 -1.378989
1769098035.354747 14.588362 -3.011477 -1.379104
1769098035.404784 14.589112 -3.015653 -1.378052
1769098035.454762 14.589048 -3.015655 -1.377009
1769098035.504784 14.591005 -3.025900 -1.377636
1769098035.554747 14.591788 -3.030175 -1.376399
1769098035.604745 14.592575 -3.034384 -1.376998
1769098035.654755 14.593711 -3.040471 -1.375728
1769098035.704784 14.594503 -3.044727 -1.376106
1769098035.754779 14.595238 -3.048708 -1.376448
1769098035.804758 14.596416 -3.054950 -1.377006
1769098035.854780 14.597200 -3.059225 -1.377200
1769098035.904783 14.597960 -3.063403 -1.377706
1769098035.954764 14.599117 -3.069593 -1.378371
1769098036.004775 14.599886 -3.073778 -1.380367
1769098036.054808 14.600666 -3.078083 -1.381591
1769098036.104774 14.601844 -3.084500 -1.382366
1769098036.154753 14.602553 -3.088577 -1.381583
1769098036.204751 14.603704 -3.094852 -1.383280
1769098036.254761 14.604477 -3.099250 -1.382628
1769098036.304776 14.605225 -3.103550 -1.380050
1769098036.354762 14.606349 -3.109699 -1.380195
1769098036.404769 14.607117 -3.113979 -1.380805
1769098036.454762 14.607822 -3.117912 -1.380436
1769098036.504764 14.608923 -3.123928 -1.378545
1769098036.554850 14.609670 -3.128058 -1.377979
1769098036.604757 14.610422 -3.132116 -1.378501
1769098036.654763 14.611574 -3.138236 -1.377862
1769098036.704763 14.612351 -3.142392 -1.377970
1769098036.754780 14.613502 -3.148481 -1.377544
1769098036.804767 14.614254 -3.152490 -1.379102
1769098036.854768 14.615014 -3.156524 -1.380380
1769098036.904765 14.616220 -3.162913 -1.380524
1769098036.954771 14.617032 -3.167290 -1.380307
1769098037.004779 14.617831 -3.171570 -1.381309
1769098037.054775 14.619040 -3.177991 -1.383453
1769098037.104769 14.619802 -3.182169 -1.383360
1769098037.154762 14.620534 -3.186199 -1.384115
1769098037.204765 14.621689 -3.192519 -1.384776
1769098037.254764 14.622399 -3.196452 -1.385400
1769098037.304768 14.623160 -3.200683 -1.385568
1769098037.354786 14.624296 -3.206952 -1.384978
1769098037.404771 14.624256 -3.206955 -1.384367
1769098037.454806 14.626170 -3.217327 -1.383616
1769098037.504800 14.626895 -3.221333 -1.382779
1769098037.554806 14.626857 -3.221335 -1.381962
1769098037.604779 14.628827 -3.231878 -1.379393
1769098037.654776 14.629578 -3.235914 -1.379714
1769098037.704788 14.630355 -3.240071 -1.380859
1769098037.754780 14.631539 -3.246363 -1.380726
1769098037.804793 14.632301 -3.250447 -1.381802
1769098037.854814 14.633033 -3.254428 -1.381942
1769098037.904861 14.634193 -3.260599 -1.383193
1769098037.954815 14.634181 -3.260604 -1.384431
1769098038.004808 14.636088 -3.270830 -1.385235
1769098038.054774 14.636843 -3.274939 -1.386542
1769098038.104782 14.637612 -3.279194 -1.387096
1769098038.154801 14.638805 -3.285694 -1.388759
1769098038.204783 14.639587 -3.290025 -1.389441
1769098038.254791 14.640331 -3.294232 -1.388314
1769098038.304777 14.641486 -3.300630 -1.388896
1769098038.354801 14.642227 -3.304766 -1.389814
1769098038.404792 14.642980 -3.308949 -1.390366
1769098038.454799 14.644102 -3.315222 -1.388657
1769098038.504789 14.644852 -3.319407 -1.388200
1769098038.554792 14.645589 -3.323465 -1.387998
1769098038.604792 14.646729 -3.329666 -1.387582
1769098038.654791 14.647438 -3.333549 -1.386752
1769098038.704801 14.648218 -3.337778 -1.385893
1769098038.754793 14.649386 -3.344075 -1.384718
1769098038.804795 14.650164 -3.348232 -1.384786
1769098038.854801 14.650955 -3.352437 -1.384541
1769098038.904801 14.652136 -3.358754 -1.381974
1769098038.954794 14.652111 -3.358751 -1.379507
1769098039.004798 14.654145 -3.369271 -1.375691
1769098039.054797 14.654906 -3.373193 -1.371496
1769098039.104789 14.655761 -3.377416 -1.369652
1769098039.154807 14.657029 -3.383644 -1.366242
1769098039.204798 14.657891 -3.387879 -1.360278
1769098039.254802 14.658722 -3.391841 -1.356365
1769098039.304801 14.660081 -3.398106 -1.354696
1769098039.354808 14.660965 -3.402186 -1.352653
1769098039.404804 14.661902 -3.406464 -1.351402
1769098039.454800 14.663316 -3.412887 -1.349332
1769098039.504821 14.664207 -3.416963 -1.348435
1769098039.554804 14.665538 -3.422965 -1.347996
1769098039.604803 14.666473 -3.427210 -1.346347
1769098039.654827 14.667387 -3.431335 -1.345783
1769098039.704843 14.668738 -3.437360 -1.345539
1769098039.754800 14.669660 -3.441461 -1.347344
1769098039.804816 14.670550 -3.445462 -1.346934
1769098039.854850 14.671945 -3.451708 -1.344505
1769098039.904834 14.672855 -3.455736 -1.346017
1769098039.954849 14.672845 -3.455740 -1.347559
1769098040.004810 14.675202 -3.466204 -1.346538
1769098040.054816 14.676145 -3.470380 -1.347530
1769098040.104808 14.677070 -3.474481 -1.348709
1769098040.154807 14.678511 -3.480878 -1.350355
1769098040.204808 14.679413 -3.484907 -1.351846
1769098040.254847 14.680372 -3.489203 -1.352197
1769098040.304823 14.681788 -3.495579 -1.351861
1769098040.354806 14.681787 -3.495578 -1.351554
1769098040.404827 14.684054 -3.505684 -1.350008
1769098040.454814 14.684957 -3.509681 -1.345913
1769098040.504834 14.685934 -3.513895 -1.340340
1769098040.554814 14.687386 -3.520006 -1.335104
1769098040.604887 14.688401 -3.524210 -1.328078
1769098040.654840 14.689429 -3.528358 -1.320310
1769098040.704902 14.691036 -3.534613 -1.314584
1769098040.754827 14.692131 -3.538775 -1.309729
1769098040.804829 14.692109 -3.538769 -1.305118
1769098040.854820 14.694943 -3.549086 -1.300267
1769098040.904814 14.696072 -3.553107 -1.295280
1769098040.954822 14.696057 -3.553100 -1.290504
1769098041.004820 14.698997 -3.563251 -1.285680
1769098041.054819 14.700208 -3.567330 -1.281951
1769098041.104838 14.701389 -3.571164 -1.281192
1769098041.154822 14.703154 -3.576989 -1.279097
1769098041.204834 14.704408 -3.581103 -1.272377
1769098041.254822 14.705699 -3.585214 -1.269650
1769098041.304832 14.707621 -3.591331 -1.265178
1769098041.354821 14.708962 -3.595530 -1.262234
1769098041.404826 14.710258 -3.599507 -1.262476
1769098041.454834 14.712275 -3.605776 -1.260548
1769098041.504829 14.713616 -3.609921 -1.260598
1769098041.554842 14.714934 -3.613992 -1.261578
1769098041.604841 14.716921 -3.620161 -1.262900
1769098041.654830 14.718249 -3.624258 -1.262753
1769098041.704850 14.720157 -3.630187 -1.261438
1769098041.754840 14.721413 -3.634066 -1.260781
1769098041.804864 14.721425 -3.634063 -1.260142
1769098041.854873 14.724684 -3.644109 -1.259382
1769098041.904832 14.725997 -3.648127 -1.255994
1769098041.954833 14.727336 -3.652167 -1.253960
1769098042.004888 14.729286 -3.658010 -1.256620
1769098042.054835 14.730591 -3.661928 -1.255711
1769098042.104838 14.731943 -3.665968 -1.256874
1769098042.154832 14.733939 -3.672030 -1.257513
1769098042.204832 14.735297 -3.676119 -1.259368
1769098042.254839 14.736636 -3.680187 -1.260731
1769098042.304840 14.738644 -3.686352 -1.261899
1769098042.354855 14.739913 -3.690229 -1.262392
1769098042.404841 14.741272 -3.694397 -1.263804
1769098042.454840 14.743259 -3.700542 -1.263444
1769098042.504837 14.743294 -3.700536 -1.263074
1769098042.554843 14.746542 -3.710685 -1.259526
1769098042.604842 14.747919 -3.714873 -1.259065
1769098042.654842 14.749271 -3.719012 -1.257295
1769098042.704812 14.750632 -3.723125 -1.257718
1769098042.754843 14.752647 -3.729285 -1.255994
1769098042.804867 14.753979 -3.733350 -1.254073
1769098042.854847 14.755305 -3.737364 -1.253731
1769098042.904846 14.757282 -3.743350 -1.253563
1769098042.954847 14.758587 -3.747267 -1.253386
1769098043.004849 14.759933 -3.751304 -1.252914
1769098043.054857 14.761916 -3.757263 -1.253636
1769098043.104850 14.763262 -3.761274 -1.253189
1769098043.154857 14.764617 -3.765309 -1.252041
1769098043.204844 14.766648 -3.771361 -1.253509
1769098043.254854 14.768003 -3.775422 -1.253732
1769098043.304856 14.769364 -3.779507 -1.254405
1769098043.354857 14.771398 -3.785661 -1.253831
1769098043.404852 14.772771 -3.789795 -1.254994
1769098043.454862 14.774141 -3.793930 -1.258220
1769098043.504882 14.776086 -3.799874 -1.260408
1769098043.554846 14.776119 -3.799868 -1.262484
1769098043.604876 14.779356 -3.809970 -1.262204
1769098043.654884 14.780706 -3.814138 -1.262761
1769098043.704900 14.781963 -3.818042 -1.261785
1769098043.754879 14.783949 -3.824186 -1.261546
1769098043.804865 14.785262 -3.828182 -1.261965
1769098043.854865 14.785298 -3.828175 -1.262407
1769098043.904883 14.788533 -3.838174 -1.260802
1769098043.954897 14.789892 -3.842262 -1.260794
1769098044.004889 14.789938 -3.842253 -1.260813
1769098044.054876 14.793215 -3.852319 -1.259628
1769098044.104863 14.794565 -3.856409 -1.257500
1769098044.154855 14.795839 -3.860205 -1.259845
1769098044.204863 14.797837 -3.866294 -1.260423
1769098044.254863 14.799070 -3.870022 -1.260699
1769098044.304884 14.800431 -3.874161 -1.260737
1769098044.354865 14.802444 -3.880324 -1.262658
1769098044.404873 14.803775 -3.884367 -1.263242
1769098044.454922 14.805113 -3.888436 -1.262639
1769098044.504869 14.807121 -3.894653 -1.260442
1769098044.554866 14.808416 -3.898574 -1.260921
1769098044.604867 14.810416 -3.904715 -1.261560
1769098044.654912 14.811760 -3.908807 -1.260346
1769098044.704866 14.811788 -3.908802 -1.259117
1769098044.754885 14.815159 -3.919207 -1.258646
1769098044.804870 14.816482 -3.923224 -1.259117
1769098044.854877 14.816509 -3.923218 -1.259571
1769098044.904867 14.819781 -3.933310 -1.257902
1769098044.954871 14.821023 -3.937061 -1.257209
1769098045.004867 14.821047 -3.937056 -1.256546
1769098045.054874 14.824341 -3.947086 -1.255371
1769098045.104880 14.825688 -3.951070 -1.255313
1769098045.154871 14.826975 -3.954887 -1.253668
1769098045.204883 14.829006 -3.960937 -1.253815
1769098045.254873 14.830326 -3.964796 -1.256003
1769098045.304881 14.831708 -3.968848 -1.260398
1769098045.354881 14.833746 -3.975004 -1.263659
1769098045.404880 14.835031 -3.978928 -1.266097
1769098045.454891 14.836939 -3.984834 -1.272352
1769098045.504877 14.838260 -3.988933 -1.278653
1769098045.554898 14.838344 -3.988909 -1.284670
1769098045.604877 14.841461 -3.999320 -1.290286
1769098045.654955 14.842663 -4.003297 -1.294455
1769098045.704945 14.843865 -4.007380 -1.298304
1769098045.754904 14.845641 -4.013589 -1.301354
1769098045.804992 14.846849 -4.017773 -1.306473
1769098045.854954 14.847951 -4.021673 -1.309855
1769098045.904907 14.849692 -4.028023 -1.312194
1769098045.954921 14.850768 -4.031903 -1.315359
1769098046.004965 14.851865 -4.035963 -1.315316
1769098046.054918 14.853521 -4.042150 -1.316781
1769098046.104912 14.854640 -4.046307 -1.317877
1769098046.154905 14.856211 -4.052202 -1.319257
1769098046.204910 14.857236 -4.056015 -1.320597
1769098046.254991 14.858340 -4.060177 -1.319779
1769098046.304915 14.859952 -4.066295 -1.320483
1769098046.354907 14.861000 -4.070235 -1.320211
1769098046.404903 14.862090 -4.074347 -1.319243
1769098046.454904 14.863688 -4.080390 -1.320978
1769098046.504933 14.864768 -4.084478 -1.320841
1769098046.554904 14.865893 -4.088737 -1.321579
1769098046.604897 14.867567 -4.095127 -1.324357
1769098046.654900 14.868677 -4.099393 -1.322906
1769098046.704912 14.869777 -4.103605 -1.323243
1769098046.754886 14.871414 -4.109955 -1.323878
1769098046.804940 14.872480 -4.114047 -1.323743
1769098046.854915 14.873554 -4.118163 -1.323567
1769098046.904896 14.875140 -4.124317 -1.322084
1769098046.954911 14.875164 -4.124313 -1.320599
1769098047.004915 14.877746 -4.134285 -1.318625
1769098047.054897 14.878760 -4.138103 -1.316264
1769098047.104911 14.879868 -4.142208 -1.316591
1769098047.154909 14.881508 -4.148374 -1.314677
1769098047.204904 14.882579 -4.152304 -1.315113
1769098047.254911 14.883718 -4.156479 -1.316971
1769098047.304854 14.885323 -4.162497 -1.316375
1769098047.354920 14.886456 -4.166674 -1.317802
1769098047.404910 14.887587 -4.170851 -1.320801
1769098047.454928 14.889205 -4.176996 -1.321792
1769098047.504925 14.890289 -4.181082 -1.322581
1769098047.554903 14.891384 -4.185272 -1.321376
1769098047.604904 14.893023 -4.191567 -1.322665
1769098047.654906 14.894103 -4.195681 -1.323122
1769098047.704918 14.895135 -4.199651 -1.321474
1769098047.754911 14.896718 -4.205752 -1.321699
1769098047.804914 14.897785 -4.209845 -1.320708
1769098047.854954 14.899374 -4.215970 -1.320009
1769098047.904924 14.900411 -4.219883 -1.321869
1769098047.954954 14.901507 -4.224073 -1.320332
1769098048.004931 14.903132 -4.230320 -1.319210
1769098048.054940 14.904212 -4.234407 -1.319970
1769098048.104930 14.905282 -4.238443 -1.320797
1769098048.150027 14.906883 -4.244563 -1.321254
1769098048.204915 14.907894 -4.248381 -1.321812
1769098048.254914 14.908982 -4.252492 -1.321799
1769098048.304940 14.910594 -4.258662 -1.321757
1769098048.354916 14.911658 -4.262702 -1.319855
1769098048.404932 14.912786 -4.266930 -1.322220
1769098048.454925 14.914423 -4.273202 -1.322028
1769098048.504926 14.915554 -4.277483 -1.322406
1769098048.554919 14.916652 -4.281643 -1.324330
1769098048.604928 14.918303 -4.288042 -1.324409
1769098048.654926 14.919410 -4.292279 -1.325686
1769098048.704924 14.920498 -4.296495 -1.326375
1769098048.754937 14.922111 -4.302797 -1.328290
1769098048.804917 14.923131 -4.306771 -1.327726
1769098048.854926 14.924192 -4.310945 -1.325061
1769098048.904923 14.925760 -4.317102 -1.324372
1769098048.954924 14.926822 -4.321193 -1.324383
1769098049.004920 14.927885 -4.325287 -1.321594
1769098049.054938 14.929500 -4.331508 -1.320903
1769098049.104949 14.930600 -4.335697 -1.319032
1769098049.154922 14.931686 -4.339781 -1.318657
1769098049.204923 14.933320 -4.345971 -1.319473
1769098049.254998 14.933360 -4.345960 -1.320350
1769098049.304926 14.935941 -4.355854 -1.320833
1769098049.355003 14.937030 -4.359937 -1.321539
1769098049.404948 14.938110 -4.363999 -1.321571
1769098049.454950 14.939670 -4.369948 -1.322710
1769098049.504934 14.940714 -4.373914 -1.323361
1769098049.554938 14.941809 -4.378074 -1.324591
1769098049.604935 14.943359 -4.384051 -1.325509
1769098049.654958 14.944426 -4.388170 -1.323820
1769098049.704931 14.945536 -4.392431 -1.324981
1769098049.754945 14.947131 -4.398633 -1.325494
1769098049.800025 14.948243 -4.402922 -1.325729
1769098049.854938 14.949330 -4.407082 -1.328996
1769098049.904967 14.950881 -4.413194 -1.327946
1769098049.954972 14.951973 -4.417436 -1.327255
1769098050.000005 14.953539 -4.423566 -1.327941
1769098050.054971 14.954613 -4.427734 -1.326776
1769098050.104950 14.955663 -4.431776 -1.327074
1769098050.154938 14.957215 -4.437860 -1.325225
1769098050.204944 14.958290 -4.441999 -1.324102
1769098050.250018 14.958321 -4.441993 -1.323155
1769098050.304944 14.960864 -4.451978 -1.319434
1769098050.354955 14.961954 -4.456137 -1.320713
1769098050.404943 14.961981 -4.456129 -1.322062
1769098050.454957 14.964674 -4.466623 -1.321323
1769098050.504964 14.965760 -4.470757 -1.323724
1769098050.554963 14.966871 -4.475018 -1.325242
1769098050.604957 14.968412 -4.481024 -1.326467
1769098050.654957 14.969493 -4.485241 -1.327817
1769098050.704978 14.970564 -4.489435 -1.328974
1769098050.754961 14.972084 -4.495474 -1.329762
1769098050.804957 14.973150 -4.499725 -1.328616
1769098050.854957 14.974198 -4.503898 -1.327866
1769098050.904969 14.975783 -4.510178 -1.330131
1769098050.954970 14.976826 -4.514303 -1.328854
1769098051.004958 14.977892 -4.518525 -1.326998
1769098051.054967 14.979418 -4.524561 -1.326287
1769098051.104961 14.980501 -4.528778 -1.325798
1769098051.154981 14.981555 -4.532899 -1.323534
1769098051.204963 14.983084 -4.538857 -1.322809
1769098051.254960 14.984172 -4.543047 -1.322543
1769098051.304960 14.985208 -4.547039 -1.322735
1769098051.354974 14.986721 -4.552923 -1.321545
1769098051.404956 14.986736 -4.552921 -1.320365
1769098051.454978 14.989364 -4.563143 -1.319402
1769098051.504991 14.990435 -4.567258 -1.319420
1769098051.554980 14.991509 -4.571369 -1.321874
1769098051.604971 14.993099 -4.577574 -1.320558
1769098051.654968 14.994188 -4.581786 -1.322052
1769098051.704962 14.995231 -4.585829 -1.323379
1769098051.754969 14.996864 -4.592231 -1.323459
1769098051.804985 14.997942 -4.596421 -1.326160
1769098051.850003 14.997970 -4.596411 -1.328499
1769098051.904999 15.000613 -4.606996 -1.329346
1769098051.950003 15.001654 -4.611146 -1.329418
1769098052.004988 15.001673 -4.611142 -1.329458
1769098052.050013 15.004239 -4.621486 -1.328982
1769098052.104993 15.005211 -4.625367 -1.326724
1769098052.150005 15.005217 -4.625368 -1.324902
1769098052.204990 15.007829 -4.635693 -1.326493
1769098052.254987 15.008810 -4.639518 -1.325776
1769098052.304978 15.009867 -4.643664 -1.324139
1769098052.350002 15.011455 -4.649892 -1.324105
1769098052.405004 15.012489 -4.653885 -1.324820
1769098052.454985 15.013536 -4.657953 -1.324994
1769098052.504990 15.015131 -4.664178 -1.326789
1769098052.554965 15.016211 -4.668395 -1.327546
1769098052.604976 15.017263 -4.672515 -1.329018
1769098052.654986 15.018789 -4.678606 -1.328563
1769098052.700036 15.019825 -4.682703 -1.329740
1769098052.754978 15.020886 -4.686924 -1.330865
1769098052.800010 15.022431 -4.693140 -1.330929
1769098052.850000 15.023489 -4.697361 -1.332276
1769098052.904992 15.024531 -4.701536 -1.331821
1769098052.954976 15.026120 -4.707977 -1.330403
1769098053.004973 15.027173 -4.712228 -1.329312
1769098053.050002 15.027180 -4.712228 -1.328352
1769098053.105006 15.029799 -4.722794 -1.326971
1769098053.154973 15.030824 -4.726895 -1.325636
1769098053.200014 15.031868 -4.731044 -1.325028
1769098053.250015 15.033406 -4.737156 -1.324812
1769098053.300016 15.034419 -4.741156 -1.324032
1769098053.354993 15.035452 -4.745228 -1.323221
1769098053.405026 15.036932 -4.751068 -1.321795
1769098053.450002 15.037982 -4.755162 -1.321062
1769098053.500001 15.037987 -4.755162 -1.320300
1769098053.550011 15.040605 -4.765384 -1.319521
1769098053.600007 15.041692 -4.769626 -1.318705
1769098053.650004 15.042784 -4.773862 -1.322161
1769098053.704995 15.044394 -4.780190 -1.323259
1769098053.750001 15.045445 -4.784362 -1.324698
1769098053.800006 15.045449 -4.784360 -1.326227
1769098053.850006 15.048087 -4.794919 -1.328325
1769098053.900017 15.049118 -4.799096 -1.329662
1769098053.950026 15.050132 -4.803227 -1.329777
1769098054.000033 15.051627 -4.809325 -1.329896
1769098054.050009 15.052632 -4.813460 -1.328317
1769098054.100064 15.052615 -4.813466 -1.326720
1769098054.150012 15.055170 -4.823785 -1.325193
1769098054.200003 15.056211 -4.827985 -1.324769
1769098054.254974 15.057248 -4.832190 -1.321565
1769098054.300017 15.058808 -4.838428 -1.319573
1769098054.355004 15.059848 -4.842577 -1.318770
1769098054.405013 15.060893 -4.846724 -1.319155
1769098054.450015 15.062454 -4.852880 -1.319923
1769098054.500018 15.063508 -4.857051 -1.321407
1769098054.550001 15.064535 -4.861151 -1.321912
1769098054.600022 15.066084 -4.867313 -1.322037
1769098054.650004 15.067109 -4.871411 -1.323938
1769098054.700001 15.067102 -4.871411 -1.325839
1769098054.750025 15.069686 -4.881777 -1.324560
1769098054.800024 15.070666 -4.885705 -1.325140
1769098054.850016 15.070662 -4.885706 -1.325715
1769098054.900035 15.073319 -4.896366 -1.324744
1769098054.950022 15.074324 -4.900447 -1.324273
1769098055.000010 15.075392 -4.904746 -1.325489
1769098055.050024 15.076929 -4.910938 -1.325622
1769098055.100015 15.076917 -4.910941 -1.325701
1769098055.150026 15.077943 -4.915123 -1.323782
1769098055.200025 15.079445 -4.921164 -1.324303
1769098055.250026 15.080477 -4.925344 -1.323967
1769098055.300020 15.083014 -4.935485 -1.322662
1769098055.350031 15.084028 -4.939562 -1.321371
1769098055.400040 15.084006 -4.939569 -1.320144
1769098055.450034 15.085026 -4.943619 -1.319527
1769098055.500026 15.085009 -4.943624 -1.318956
1769098055.550035 15.084989 -4.943630 -1.318388
1769098055.600028 15.088612 -4.957748 -1.317243
1769098055.650023 15.091262 -4.968039 -1.318367
1769098055.700046 15.091252 -4.968041 -1.319564
1769098055.750097 15.091247 -4.968041 -1.320753
1769098055.800048 15.094962 -4.982635 -1.323267
1769098055.850033 15.094960 -4.982633 -1.325671
1769098055.900033 15.094969 -4.982627 -1.328058
1769098055.950096 15.094989 -4.982620 -1.330429
1769098056.000066 15.095019 -4.982609 -1.332779
1769098056.050054 15.101106 -5.007650 -1.333011
1769098056.100029 15.102139 -5.011853 -1.333471
1769098056.150043 15.102154 -5.011849 -1.333915
1769098056.200029 15.104714 -5.022376 -1.332979
1769098056.250041 15.104729 -5.022373 -1.332049
1769098056.300022 15.105767 -5.026601 -1.330745
1769098056.350020 15.108353 -5.037066 -1.331045
1769098056.400035 15.109370 -5.041144 -1.330107
1769098056.450042 15.109385 -5.041141 -1.329177
1769098056.500041 15.109396 -5.041139 -1.328253
1769098056.550041 15.112942 -5.055437 -1.327587
1769098056.600028 15.112948 -5.055437 -1.326926
1769098056.650035 15.115489 -5.065654 -1.326117
1769098056.700025 15.115486 -5.065656 -1.325369
1769098056.750023 15.115479 -5.065658 -1.324625
1769098056.800025 15.115468 -5.065662 -1.323888
1769098056.850034 15.119126 -5.080217 -1.323894
1769098056.900049 15.120195 -5.084488 -1.324780
1769098056.950045 15.122847 -5.095096 -1.326772
1769098057.000032 15.123908 -5.099369 -1.329282
1769098057.050050 15.123916 -5.099364 -1.331722
1769098057.100054 15.124968 -5.103642 -1.332410
1769098057.150052 15.127531 -5.114196 -1.333154
1769098057.200064 15.128526 -5.118278 -1.333690
1769098057.250050 15.128534 -5.118275 -1.334195
1769098057.300049 15.128545 -5.118272 -1.334696
1769098057.350049 15.128557 -5.118268 -1.335193
1769098057.400050 15.128572 -5.118264 -1.335687
1769098057.450052 15.128589 -5.118259 -1.336176
1769098057.500053 15.128608 -5.118253 -1.336662
1769098057.550035 15.128629 -5.118247 -1.337145
1769098057.600059 15.128652 -5.118241 -1.337624
1769098057.650052 15.128676 -5.118234 -1.338099
1769098057.700049 15.140028 -5.165841 -1.337163
1769098057.750082 15.141519 -5.171779 -1.339497
1769098057.800063 15.141601 -5.171755 -1.341811
1769098057.850059 15.144056 -5.181968 -1.342102
1769098057.900081 15.145068 -5.186019 -1.342523
1769098057.950091 15.145135 -5.186001 -1.342927
1769098058.000103 15.147646 -5.196484 -1.344926
1769098058.050117 15.148681 -5.200633 -1.345965
1769098058.100058 15.149676 -5.204662 -1.344939
1769098058.150062 15.151172 -5.210835 -1.345347
1769098058.200063 15.152231 -5.215136 -1.345025
1769098058.250068 15.153201 -5.219040 -1.344444
1769098058.300048 15.154730 -5.225334 -1.345750
1769098058.350068 15.155752 -5.229488 -1.343619
1769098058.400069 15.155809 -5.229476 -1.341491
1769098058.450070 15.158284 -5.239813 -1.341247
1769098058.500046 15.159299 -5.243889 -1.340516
1769098058.550076 15.159354 -5.243876 -1.339816
1769098058.600058 15.161792 -5.254013 -1.338535
1769098058.650079 15.162833 -5.258160 -1.338429
1769098058.700119 15.163850 -5.262210 -1.337766
1769098058.750068 15.165382 -5.268454 -1.335805
1769098058.800061 15.166460 -5.272721 -1.337424
1769098058.850120 15.166521 -5.272704 -1.339059
1769098058.900062 15.169077 -5.283283 -1.340089
1769098058.950051 15.170119 -5.287429 -1.342776
1769098059.000070 15.171174 -5.291704 -1.343242
1769098059.050073 15.172688 -5.297978 -1.344285
1769098059.100077 15.173729 -5.302230 -1.346039
1769098059.150132 15.173795 -5.302211 -1.347716
1769098059.200055 15.176244 -5.312686 -1.348053
1769098059.250063 15.177244 -5.316819 -1.345609
1769098059.300082 15.177292 -5.316809 -1.343185
1769098059.350065 15.179769 -5.327223 -1.342815
1769098059.400076 15.180786 -5.331379 -1.339355
1769098059.450094 15.180820 -5.331374 -1.335934
1769098059.500093 15.183362 -5.341825 -1.333813
1769098059.550084 15.184398 -5.345948 -1.333518
1769098059.600113 15.184435 -5.345939 -1.333252
1769098059.650079 15.186950 -5.356163 -1.332015
1769098059.700089 15.187989 -5.360259 -1.332396
1769098059.750086 15.188029 -5.360249 -1.332786
1769098059.800087 15.190566 -5.370546 -1.332788
1769098059.850179 15.191583 -5.374569 -1.333845
1769098059.900098 15.191627 -5.374557 -1.334889
1769098059.950147 15.194160 -5.384905 -1.336306
1769098060.000112 15.195222 -5.389125 -1.338030
1769098060.050241 15.195280 -5.389109 -1.339719
1769098060.100064 15.197791 -5.399542 -1.341434
1769098060.150076 15.198845 -5.403817 -1.341955
1769098060.200086 15.198900 -5.403803 -1.342471
1769098060.250087 15.201430 -5.414439 -1.344444
1769098060.300086 15.202440 -5.418597 -1.343252
1769098060.350097 15.202483 -5.418587 -1.342004
1769098060.400127 15.204885 -5.428708 -1.342734
1769098060.450090 15.204930 -5.428696 -1.343417
1769098060.500093 15.207276 -5.438568 -1.343556
1769098060.550095 15.208264 -5.442627 -1.340810
1769098060.600080 15.208298 -5.442620 -1.338098
1769098060.650112 15.210737 -5.452703 -1.338979
1769098060.700085 15.211737 -5.456785 -1.336240
1769098060.750095 15.211759 -5.456781 -1.333546
1769098060.800105 15.214326 -5.467304 -1.334009
1769098060.850114 15.215315 -5.471309 -1.334031
1769098060.900088 15.216329 -5.475437 -1.335522
1769098060.950093 15.217811 -5.481537 -1.336096
1769098061.000078 15.217831 -5.481532 -1.336613
1769098061.050087 15.220280 -5.491747 -1.337749
1769098061.100097 15.221291 -5.495955 -1.338269
1769098061.150121 15.222281 -5.500091 -1.338347
1769098061.200106 15.223290 -5.504353 -1.336922
1769098061.250086 15.224732 -5.510411 -1.336964
1769098061.300108 15.224731 -5.510411 -1.337006
1769098061.350104 15.227262 -5.521050 -1.335141
1769098061.400122 15.228267 -5.525287 -1.333489
1769098061.450103 15.228250 -5.525292 -1.331878
1769098061.500090 15.230791 -5.535771 -1.331375
1769098061.550109 15.231731 -5.539657 -1.331682
1769098061.600111 15.232727 -5.543765 -1.331158
1769098061.650112 15.234156 -5.549644 -1.330790
1769098061.700103 15.235143 -5.553701 -1.331184
1769098061.750118 15.236080 -5.557563 -1.330124
1769098061.800119 15.237572 -5.563659 -1.330502
1769098061.850191 15.238569 -5.567768 -1.328707
1769098061.900137 15.239580 -5.571897 -1.328682
1769098061.950120 15.241075 -5.577939 -1.331851
1769098062.000138 15.242087 -5.582121 -1.332540
1769098062.050100 15.243112 -5.586404 -1.333417
1769098062.100109 15.244643 -5.592777 -1.335296
1769098062.150119 15.245648 -5.597014 -1.335151
1769098062.200123 15.246647 -5.601225 -1.337644
1769098062.250114 15.248088 -5.607335 -1.338645
1769098062.300120 15.248083 -5.607336 -1.339559
1769098062.350113 15.250546 -5.617861 -1.339944
1769098062.400120 15.251512 -5.622029 -1.338870
1769098062.450128 15.251494 -5.622034 -1.337817
1769098062.500116 15.253869 -5.632137 -1.335825
1769098062.550111 15.254852 -5.636325 -1.335153
1769098062.600108 15.254831 -5.636331 -1.334565
1769098062.650113 15.257269 -5.646549 -1.332251
1769098062.700121 15.258251 -5.650685 -1.332069
1769098062.750119 15.258229 -5.650691 -1.331941
1769098062.800123 15.260745 -5.661124 -1.331328
1769098062.850177 15.261666 -5.664989 -1.332076
1769098062.900133 15.261649 -5.664993 -1.332857
1769098062.950125 15.264136 -5.675355 -1.332772
1769098063.000119 15.265118 -5.679519 -1.333403
1769098063.050104 15.266097 -5.683683 -1.333499
1769098063.100123 15.267579 -5.689913 -1.334967
1769098063.150131 15.268560 -5.694103 -1.335072
1769098063.200129 15.269547 -5.698344 -1.333835
1769098063.250141 15.271062 -5.704721 -1.336527
1769098063.300131 15.272051 -5.708989 -1.335071
1769098063.350146 15.272018 -5.708998 -1.333585
1769098063.400124 15.274561 -5.719685 -1.333739
1769098063.450126 15.275564 -5.723975 -1.333857
1769098063.500134 15.275533 -5.723982 -1.333949
1769098063.550120 15.277980 -5.734277 -1.332596
1769098063.600147 15.278953 -5.738443 -1.331840
1769098063.650132 15.278913 -5.738453 -1.331131
1769098063.700140 15.281358 -5.748618 -1.329435
1769098063.750142 15.282313 -5.752658 -1.328566
1769098063.800142 15.283269 -5.756671 -1.327503
1769098063.850253 15.284715 -5.762649 -1.326284
1769098063.900129 15.285712 -5.766782 -1.327290
1769098063.950125 15.285686 -5.766788 -1.328344
1769098064.000162 15.288254 -5.777286 -1.328389
1769098064.050178 15.289291 -5.781565 -1.330964
1769098064.100134 15.290249 -5.785551 -1.332563
1769098064.150148 15.291709 -5.791630 -1.335042
1769098064.200139 15.292630 -5.795548 -1.335817
1769098064.250143 15.294061 -5.801608 -1.337575
1769098064.300140 15.295027 -5.805749 -1.338768
1769098064.350123 15.295016 -5.805751 -1.339900
1769098064.400167 15.297459 -5.816202 -1.340374
1769098064.450151 15.298421 -5.820371 -1.339284
1769098064.500149 15.298401 -5.820376 -1.338188
1769098064.550153 15.300831 -5.830672 -1.338982
1769098064.600156 15.300827 -5.830673 -1.339849
1769098064.650145 15.303240 -5.840922 -1.339098
1769098064.700150 15.304229 -5.845109 -1.338629
1769098064.750200 15.304228 -5.845109 -1.338217
1769098064.800132 15.306692 -5.855502 -1.338205
1769098064.850172 15.307647 -5.859515 -1.338512
1769098064.900154 15.307653 -5.859514 -1.338802
1769098064.950156 15.310050 -5.869662 -1.338847
1769098065.000147 15.310946 -5.873482 -1.337562
1769098065.050126 15.310935 -5.873486 -1.336300
1769098065.100133 15.313352 -5.883656 -1.336835
1769098065.150169 15.313342 -5.883658 -1.337353
1769098065.200166 15.315791 -5.894002 -1.338432
1769098065.250145 15.316779 -5.898216 -1.338477
1769098065.300157 15.316769 -5.898218 -1.338536
1769098065.350149 15.319237 -5.908742 -1.339189
1769098065.400171 15.320243 -5.913055 -1.340692
1769098065.450161 15.320239 -5.913056 -1.342169
1769098065.500169 15.322664 -5.923538 -1.340876
1769098065.550163 15.322644 -5.923544 -1.339474
1769098065.600157 15.324532 -5.931655 -1.338650
1769098065.650191 15.325908 -5.937573 -1.336944
1769098065.700171 15.325879 -5.937581 -1.335253
1769098065.750169 15.328238 -5.947504 -1.333579
1769098065.800148 15.329218 -5.951642 -1.331949
1769098065.850148 15.329191 -5.951650 -1.330357
1769098065.900165 15.330157 -5.955739 -1.328263
1769098065.950165 15.332705 -5.966163 -1.327739
1769098066.000209 15.332673 -5.966171 -1.327325
1769098066.050202 15.333674 -5.970356 -1.326994
1769098066.100177 15.336228 -5.980779 -1.328958
1769098066.150162 15.337218 -5.984941 -1.330931
1769098066.200173 15.338209 -5.989154 -1.331942
1769098066.250171 15.339688 -5.995385 -1.333105
1769098066.300169 15.340651 -5.999527 -1.333237
1769098066.350163 15.340614 -5.999537 -1.333342
1769098066.400163 15.343097 -6.009978 -1.333836
1769098066.450184 15.344081 -6.014219 -1.333511
1769098066.500184 15.344041 -6.014230 -1.333162
1769098066.550182 15.346570 -6.024842 -1.333284
1769098066.600170 15.347546 -6.029059 -1.332314
1769098066.650151 15.348511 -6.033254 -1.330150
1769098066.700233 15.348450 -6.033270 -1.327998
1769098066.750176 15.350976 -6.043701 -1.328105
1769098066.800168 15.350923 -6.043714 -1.328238
1769098066.850176 15.353376 -6.053876 -1.327445
1769098066.900172 15.354346 -6.058016 -1.327961
1769098066.950155 15.354294 -6.058029 -1.328499
1769098067.000162 15.356756 -6.068188 -1.328554
1769098067.050170 15.357744 -6.072375 -1.329027
1769098067.100179 15.357703 -6.072385 -1.329549
1769098067.150253 15.360236 -6.082866 -1.329104
1769098067.200242 15.361233 -6.087078 -1.329661
1769098067.250193 15.361197 -6.087087 -1.330226
1769098067.300182 15.363755 -6.097719 -1.330684
1769098067.350250 15.364759 -6.102007 -1.331900
1769098067.400188 15.364722 -6.102016 -1.333077
1769098067.450171 15.367217 -6.112534 -1.332895
1769098067.500182 15.368186 -6.116753 -1.333423
1769098067.550202 15.368137 -6.116765 -1.333908
1769098067.600198 15.370600 -6.127160 -1.333726
1769098067.650180 15.371549 -6.131306 -1.331690
1769098067.700170 15.371491 -6.131321 -1.329695
1769098067.750188 15.373990 -6.141679 -1.329088
1769098067.800194 15.374957 -6.145821 -1.327233
1769098067.850234 15.374899 -6.145837 -1.325391
1769098067.900190 15.377375 -6.155940 -1.324234
1769098067.950193 15.377320 -6.155954 -1.323204
1769098068.000208 15.379769 -6.165855 -1.323831
1769098068.050189 15.380686 -6.169696 -1.324956
1769098068.100173 15.381666 -6.173807 -1.325074
1769098068.150213 15.383114 -6.179785 -1.325704
1769098068.200194 15.384110 -6.183971 -1.326905
1769098068.250174 15.384067 -6.183982 -1.328097
1769098068.300190 15.386559 -6.194265 -1.327239
1769098068.350198 15.387561 -6.198501 -1.329839
1769098068.400205 15.387525 -6.198508 -1.332446
1769098068.450183 15.390059 -6.209094 -1.332843
1769098068.500186 15.391054 -6.213358 -1.333837
1769098068.550248 15.391021 -6.213366 -1.334811
1769098068.600195 15.393545 -6.224033 -1.334666
1769098068.650200 15.394516 -6.228225 -1.334778
1769098068.700200 15.394481 -6.228234 -1.334889
1769098068.750202 15.396928 -6.238606 -1.333244
1769098068.800201 15.397878 -6.242725 -1.332441
1769098068.850211 15.397831 -6.242738 -1.331656
1769098068.900190 15.400282 -6.252978 -1.331090
1769098068.950213 15.401164 -6.256802 -1.328789
1769098069.000216 15.402107 -6.260897 -1.326701
1769098069.050214 15.403551 -6.266927 -1.327212
1769098069.100210 15.403500 -6.266940 -1.327759
1769098069.150207 15.405970 -6.277150 -1.326949
1769098069.200217 15.406971 -6.281386 -1.328791
1769098069.250215 15.406930 -6.281396 -1.330646
1769098069.300209 15.409411 -6.291733 -1.332438
1769098069.350181 15.410381 -6.295899 -1.335247
1769098069.400248 15.410353 -6.295905 -1.338002
1769098069.450211 15.412805 -6.306406 -1.339523
1769098069.500223 15.413774 -6.310677 -1.340876
1769098069.550236 15.413744 -6.310684 -1.342154
1769098069.600206 15.416087 -6.320872 -1.341327
1769098069.650195 15.416982 -6.324849 -1.340507
1769098069.700196 15.417939 -6.329044 -1.341038
1769098069.750239 15.419406 -6.335408 -1.340339
1769098069.800211 15.420356 -6.339579 -1.338238
1769098069.850266 15.420321 -6.339589 -1.336162
1769098069.900220 15.422792 -6.350059 -1.334677
1769098069.950232 15.422755 -6.350068 -1.333267
1769098070.000266 15.425128 -6.359988 -1.334580
1769098070.050254 15.426016 -6.363810 -1.334192
1769098070.100226 15.425985 -6.363818 -1.333793
1769098070.150205 15.428443 -6.374134 -1.333406
1769098070.200223 15.429393 -6.378201 -1.333145
1769098070.250225 15.429361 -6.378209 -1.332953
1769098070.300201 15.431826 -6.388550 -1.333306
1769098070.350219 15.432827 -6.392812 -1.335718
1769098070.400222 15.432809 -6.392816 -1.338150
1769098070.450235 15.433793 -6.397031 -1.340336
1769098070.500221 15.436285 -6.407703 -1.342775
1769098070.550231 15.436284 -6.407702 -1.345130
1769098070.600222 15.438727 -6.418361 -1.346374
1769098070.650230 15.439683 -6.422529 -1.348864
1769098070.700209 15.440621 -6.426704 -1.347828
1769098070.750213 15.441555 -6.430853 -1.346729
1769098070.800225 15.442978 -6.437122 -1.346798
1769098070.850212 15.443917 -6.441270 -1.345213
1769098070.900225 15.444855 -6.445339 -1.345610
1769098070.950215 15.446253 -6.451485 -1.343075
1769098071.000233 15.447214 -6.455626 -1.343487
1769098071.050248 15.448191 -6.459816 -1.344530
1769098071.100228 15.449618 -6.466033 -1.341770
1769098071.150290 15.449602 -6.466038 -1.339052
1769098071.200230 15.452012 -6.476340 -1.338862
1769098071.250295 15.452965 -6.480458 -1.339784
1769098071.300217 15.453921 -6.484601 -1.341782
1769098071.350309 15.453912 -6.484603 -1.343745
1769098071.400215 15.456320 -6.495061 -1.345194
1769098071.450214 15.457266 -6.499233 -1.345950
1769098071.500216 15.458218 -6.503429 -1.346432
1769098071.550245 15.459601 -6.509526 -1.346546
1769098071.600247 15.459595 -6.509528 -1.346618
1769098071.650241 15.461955 -6.519919 -1.347369
1769098071.700258 15.462932 -6.524213 -1.348833
1769098071.750268 15.462939 -6.524211 -1.350259
1769098071.800263 15.465332 -6.534855 -1.349153
1769098071.850261 15.466290 -6.539075 -1.348325
1769098071.900273 15.466294 -6.539075 -1.347516
1769098071.950268 15.468641 -6.549365 -1.347804
1769098072.000242 15.469573 -6.553436 -1.346567
1769098072.050271 15.469576 -6.553435 -1.345352
1769098072.100247 15.471918 -6.563623 -1.344399
1769098072.150304 15.472854 -6.567693 -1.342356
1769098072.200290 15.472844 -6.567696 -1.340398
1769098072.250233 15.475237 -6.577949 -1.338922
1769098072.300246 15.476226 -6.582163 -1.340099
1769098072.350249 15.476226 -6.582162 -1.341332
1769098072.400323 15.478620 -6.592468 -1.340829
1769098072.450307 15.479608 -6.596734 -1.342753
1769098072.500233 15.479607 -6.596734 -1.344647
1769098072.550256 15.482048 -6.607366 -1.346291
1769098072.600303 15.482993 -6.611512 -1.349085
1769098072.650257 15.483004 -6.611509 -1.351826
1769098072.700251 15.485349 -6.622033 -1.352194
1769098072.750247 15.486293 -6.626257 -1.353154
1769098072.800251 15.486302 -6.626255 -1.354067
1769098072.850258 15.488592 -6.636557 -1.354464
1769098072.900259 15.489523 -6.640732 -1.352201
1769098072.950267 15.489525 -6.640732 -1.349967
1769098073.000251 15.491860 -6.651050 -1.351088
1769098073.050246 15.492793 -6.655173 -1.348470
1769098073.100263 15.492792 -6.655173 -1.345883
1769098073.150254 15.495178 -6.665584 -1.346852
1769098073.200260 15.496134 -6.669753 -1.346918
1769098073.250234 15.496140 -6.669752 -1.346970
1769098073.300260 15.498471 -6.679994 -1.347759
1769098073.350261 15.499423 -6.684190 -1.348838
1769098073.400321 15.499429 -6.684189 -1.349909
1769098073.450255 15.501769 -6.694610 -1.348952
1769098073.500254 15.502691 -6.698683 -1.349582
1769098073.550307 15.502697 -6.698682 -1.350194
1769098073.600260 15.505089 -6.709351 -1.350281
1769098073.650291 15.506076 -6.713695 -1.353408
1769098073.700257 15.506103 -6.713688 -1.356480
1769098073.750255 15.507068 -6.717985 -1.356551
1769098073.800283 15.509432 -6.728712 -1.357463
1769098073.850296 15.509464 -6.728704 -1.358289
1769098073.900285 15.510409 -6.732901 -1.358776
1769098073.950252 15.512662 -6.743211 -1.357044
1769098074.000278 15.512686 -6.743205 -1.355283
1769098074.050273 15.514969 -6.753484 -1.353916
1769098074.100274 15.515889 -6.757531 -1.351743
1769098074.150318 15.516817 -6.761576 -1.350204
1769098074.200268 15.517773 -6.765693 -1.349463
1769098074.250273 15.519208 -6.771934 -1.348213
1769098074.300316 15.520185 -6.776072 -1.350353
1769098074.350260 15.521166 -6.780287 -1.349151
1769098074.400279 15.522630 -6.786625 -1.349932
1769098074.450286 15.523624 -6.790888 -1.351506
1769098074.500284 15.523666 -6.790878 -1.353027
1769098074.550267 15.526012 -6.801298 -1.355398
1769098074.600276 15.526061 -6.801286 -1.357672
1769098074.650281 15.528323 -6.811543 -1.358806
1769098074.700277 15.529263 -6.815689 -1.360223
1769098074.750279 15.529314 -6.815677 -1.361576
1769098074.800284 15.531550 -6.825939 -1.361817
1769098074.850284 15.532443 -6.829888 -1.361563
1769098074.900292 15.532495 -6.829875 -1.361284
1769098074.950281 15.534823 -6.840506 -1.362332
1769098075.000282 15.534892 -6.840489 -1.363451
1769098075.050267 15.537113 -6.850676 -1.362042
1769098075.100260 15.538082 -6.854893 -1.361768
1769098075.150275 15.538153 -6.854877 -1.361509
1769098075.200284 15.540409 -6.865108 -1.363020
1769098075.250307 15.541340 -6.869152 -1.362628
1769098075.300287 15.541412 -6.869135 -1.362213
1769098075.350283 15.543684 -6.879518 -1.362357
1769098075.400289 15.544601 -6.883539 -1.360259
1769098075.450289 15.545557 -6.887682 -1.360894
1769098075.500272 15.546522 -6.891848 -1.362220
1769098075.550303 15.547943 -6.898221 -1.361503
1769098075.600300 15.548915 -6.902412 -1.364236
1769098075.650292 15.549889 -6.906705 -1.364203
1769098075.700285 15.551260 -6.912907 -1.364189
1769098075.750324 15.551327 -6.912891 -1.364134
1769098075.800305 15.553627 -6.923527 -1.366252
1769098075.850294 15.554576 -6.927749 -1.367739
1769098075.900318 15.554651 -6.927732 -1.369150
1769098075.950284 15.556857 -6.938129 -1.368344
1769098076.000315 15.557796 -6.942300 -1.368257
1769098076.050319 15.557875 -6.942282 -1.368184
1769098076.100288 15.560059 -6.952451 -1.366522
1769098076.150304 15.561012 -6.956593 -1.364797
1769098076.200310 15.561094 -6.956574 -1.363139
1769098076.250294 15.563378 -6.966955 -1.363470
1769098076.300303 15.564299 -6.970871 -1.362137
1769098076.350352 15.564386 -6.970851 -1.360826
1769098076.400305 15.566698 -6.981304 -1.360707
1769098076.450288 15.567617 -6.985221 -1.360615
1769098076.500289 15.568572 -6.989312 -1.362858
1769098076.550285 15.569971 -6.995560 -1.363591
1769098076.600302 15.570938 -6.999752 -1.365089
1769098076.650352 15.571883 -7.003871 -1.366143
1769098076.700300 15.573258 -7.010098 -1.365276
1769098076.750279 15.574212 -7.014293 -1.365762
1769098076.800305 15.574289 -7.014275 -1.366245
1769098076.850308 15.576582 -7.024939 -1.366209
1769098076.900308 15.577543 -7.029158 -1.367820
1769098076.950305 15.578509 -7.033428 -1.368153
1769098077.000313 15.579886 -7.039731 -1.367068
1769098077.050310 15.580834 -7.043928 -1.367244
1769098077.100299 15.581792 -7.048122 -1.368932
1769098077.150306 15.583136 -7.054226 -1.369305
1769098077.200359 15.584063 -7.058323 -1.368777
1769098077.250302 15.584991 -7.062419 -1.367844
1769098077.300310 15.586307 -7.068349 -1.369343
1769098077.350424 15.586405 -7.068327 -1.370914
1769098077.400316 15.588518 -7.078253 -1.370022
1769098077.450304 15.589493 -7.082521 -1.370626
1769098077.500319 15.589597 -7.082497 -1.371266
1769098077.550326 15.591831 -7.093018 -1.371564
1769098077.600310 15.592793 -7.097237 -1.372442
1769098077.650368 15.592902 -7.097212 -1.373328
1769098077.700314 15.595135 -7.107836 -1.375129
1769098077.750338 15.596084 -7.112057 -1.376667
1769098077.800338 15.596198 -7.112032 -1.378153
1769098077.850326 15.598303 -7.122318 -1.376889
1769098077.900329 15.599229 -7.126519 -1.377537
1769098077.950324 15.600149 -7.130720 -1.377450
1769098078.000346 15.601404 -7.136635 -1.375007
1769098078.050339 15.602292 -7.140636 -1.372858
1769098078.100314 15.603592 -7.146647 -1.372506
1769098078.150305 15.603680 -7.146627 -1.372197
1769098078.200324 15.605850 -7.156928 -1.370424
1769098078.250328 15.606787 -7.161049 -1.370089
1769098078.300323 15.607738 -7.165244 -1.368980
1769098078.350314 15.608681 -7.169390 -1.368001
1769098078.400321 15.610040 -7.175518 -1.368367
1769098078.450346 15.610978 -7.179613 -1.369043
1769098078.500328 15.611073 -7.179592 -1.369686
1769098078.550318 15.613289 -7.189962 -1.370213
1769098078.600326 15.614238 -7.194107 -1.371738
1769098078.650346 15.615177 -7.198228 -1.372332
1769098078.700337 15.615282 -7.198205 -1.372907
1769098078.750318 15.617509 -7.208754 -1.375234
1769098078.800337 15.617627 -7.208729 -1.377572
1769098078.850328 15.619848 -7.219484 -1.377835
1769098078.900328 15.620796 -7.223731 -1.378678
1769098078.950333 15.620912 -7.223706 -1.379488
1769098079.000327 15.623094 -7.234391 -1.379437
1769098079.050397 15.623201 -7.234367 -1.379293
1769098079.100342 15.625292 -7.244529 -1.380614
1769098079.150324 15.626192 -7.248631 -1.378638
1769098079.200461 15.627119 -7.252831 -1.377702
1769098079.250363 15.628030 -7.256906 -1.377918
1769098079.300332 15.629347 -7.263042 -1.376844
1769098079.350353 15.630248 -7.267093 -1.374179
1769098079.400346 15.631182 -7.271267 -1.374004
1769098079.450333 15.632550 -7.277574 -1.374123
1769098079.500338 15.633488 -7.281747 -1.373968
1769098079.550365 15.633589 -7.281725 -1.373828
1769098079.600343 15.635797 -7.292251 -1.374232
1769098079.650342 15.636729 -7.296426 -1.375106
1769098079.700393 15.637658 -7.300601 -1.376257
1769098079.750384 15.638991 -7.306837 -1.378185
1769098079.800398 15.639921 -7.311088 -1.378867
1769098079.850351 15.640838 -7.315291 -1.379217
1769098079.900322 15.642172 -7.321656 -1.380192
1769098079.950343 15.643068 -7.325785 -1.379458
1769098080.000412 15.643159 -7.325765 -1.378716
1769098080.050345 15.645323 -7.336429 -1.377248
1769098080.100334 15.646260 -7.340706 -1.377278
1769098080.150354 15.647186 -7.344933 -1.376902
1769098080.200326 15.648498 -7.351147 -1.374626
1769098080.250343 15.649439 -7.355422 -1.373340
1769098080.300367 15.649520 -7.355404 -1.372103
1769098080.350364 15.651666 -7.365609 -1.372360
1769098080.400374 15.652573 -7.369684 -1.371897
1769098080.450354 15.653474 -7.373736 -1.370431
1769098080.500375 15.654805 -7.379870 -1.370056
1769098080.550368 15.655734 -7.384020 -1.369913
1769098080.600350 15.655813 -7.384003 -1.369798
1769098080.650347 15.657985 -7.394254 -1.368634
1769098080.700353 15.658947 -7.398528 -1.371302
1769098080.750344 15.659042 -7.398509 -1.373963
1769098080.800353 15.661276 -7.409212 -1.375732
1769098080.850362 15.662197 -7.413389 -1.376400
1769098080.900354 15.662290 -7.413369 -1.377022
1769098080.950371 15.664467 -7.424005 -1.377982
1769098081.000362 15.665371 -7.428185 -1.378404
1769098081.050347 15.666275 -7.432366 -1.379995
1769098081.100350 15.667570 -7.438659 -1.378076
1769098081.150367 15.668469 -7.442841 -1.377942
1769098081.200379 15.668548 -7.442824 -1.377821
1769098081.250349 15.670662 -7.453190 -1.376363
1769098081.300384 15.670739 -7.453173 -1.375021
1769098081.350353 15.672779 -7.463088 -1.372388
1769098081.400366 15.673705 -7.467291 -1.372216
1769098081.450365 15.674582 -7.471245 -1.372272
1769098081.500432 15.675899 -7.477433 -1.370555
1769098081.550352 15.676831 -7.481635 -1.371174
1769098081.600355 15.677749 -7.485812 -1.371615
1769098081.650379 15.679061 -7.491951 -1.372218
1769098081.700386 15.679964 -7.496055 -1.374116
1769098081.750371 15.680046 -7.496039 -1.375972
1769098081.800406 15.682200 -7.506526 -1.377057
1769098081.850384 15.682285 -7.506509 -1.378093
1769098081.900409 15.684379 -7.516801 -1.378307
1769098081.950374 15.685274 -7.520956 -1.377746
1769098082.000395 15.685352 -7.520940 -1.377162
1769098082.050383 15.687503 -7.531480 -1.378496
1769098082.100380 15.688434 -7.535784 -1.380268
1769098082.150388 15.688530 -7.535765 -1.381947
1769098082.200382 15.690613 -7.546136 -1.381463
1769098082.250359 15.690706 -7.546116 -1.380955
1769098082.300384 15.692764 -7.556286 -1.380822
1769098082.350365 15.693605 -7.560118 -1.380265
1769098082.400365 15.693701 -7.560097 -1.379752
1769098082.450370 15.695752 -7.570140 -1.378677
1769098082.500370 15.696654 -7.574218 -1.377932
1769098082.550372 15.697550 -7.578246 -1.376472
1769098082.600378 15.698841 -7.584234 -1.376243
1769098082.650378 15.699773 -7.588434 -1.374829
1769098082.700410 15.699866 -7.588414 -1.373452
1769098082.750397 15.702089 -7.599018 -1.374943
1769098082.800400 15.703024 -7.603244 -1.375516
1769098082.850383 15.703961 -7.607496 -1.376865
1769098082.900387 15.705308 -7.613860 -1.378711
1769098082.950391 15.706214 -7.618015 -1.379931
1769098083.000393 15.706314 -7.617995 -1.381088
1769098083.050386 15.708433 -7.628590 -1.380660
1769098083.100377 15.709322 -7.632747 -1.381000
1769098083.150377 15.710213 -7.636930 -1.380869
1769098083.200384 15.711505 -7.643201 -1.379185
1769098083.250411 15.712413 -7.647433 -1.378491
1769098083.300397 15.712493 -7.647416 -1.377842
1769098083.350399 15.714663 -7.658056 -1.377597
1769098083.400397 15.715572 -7.662210 -1.377694
1769098083.450373 15.715664 -7.662192 -1.377790
1769098083.500375 15.717800 -7.672606 -1.377543
1769098083.550397 15.718708 -7.676759 -1.376799
1769098083.600392 15.718795 -7.676741 -1.376035
1769098083.650388 15.720912 -7.687004 -1.376950
1769098083.700399 15.721832 -7.691234 -1.376784
1769098083.750390 15.721917 -7.691216 -1.376632
1769098083.800377 15.724034 -7.701555 -1.375789
1769098083.850375 15.724942 -7.705736 -1.375379
1769098083.900376 15.725018 -7.705720 -1.374985
1769098083.950415 15.727208 -7.716406 -1.374363
1769098084.000385 15.728141 -7.720712 -1.376621
1769098084.050435 15.728224 -7.720697 -1.378866
1769098084.100394 15.730397 -7.731487 -1.378115
1769098084.150410 15.731303 -7.735770 -1.378001
1769098084.200462 15.731370 -7.735757 -1.377875
1769098084.250406 15.733499 -7.746299 -1.378351
1769098084.300389 15.734373 -7.750434 -1.377680
1769098084.350421 15.734435 -7.750421 -1.376999
1769098084.400421 15.736488 -7.760516 -1.375756
1769098084.450405 15.737361 -7.764575 -1.374198
1769098084.500412 15.737421 -7.764561 -1.372705
1769098084.550412 15.739562 -7.774847 -1.372089
1769098084.600413 15.740469 -7.779000 -1.370024
1769098084.650413 15.740526 -7.778987 -1.367975
1769098084.700412 15.742751 -7.789464 -1.369558
1769098084.750434 15.743671 -7.793641 -1.369167
1769098084.800409 15.743733 -7.793628 -1.368738
1769098084.850424 15.745947 -7.804130 -1.370888
1769098084.900414 15.746838 -7.808237 -1.371512
1769098084.950423 15.746898 -7.808225 -1.372105
1769098085.000412 15.749042 -7.818661 -1.371546
1769098085.050401 15.749935 -7.822846 -1.373241
1769098085.100423 15.749989 -7.822836 -1.374912
1769098085.150396 15.752139 -7.833426 -1.373577
1769098085.200430 15.753035 -7.837661 -1.373971
1769098085.250424 15.753084 -7.837652 -1.374374
1769098085.300426 15.755271 -7.848390 -1.373367
1769098085.350417 15.756166 -7.852574 -1.374715
1769098085.400406 15.756227 -7.852563 -1.376066
1769098085.450417 15.758375 -7.863104 -1.375282
1769098085.500425 15.759264 -7.867237 -1.376179
1769098085.550407 15.759337 -7.867223 -1.377054
1769098085.600423 15.761435 -7.877516 -1.377223
1769098085.650517 15.762304 -7.881575 -1.376672
1769098085.700423 15.762373 -7.881561 -1.376128
1769098085.750415 15.764490 -7.891928 -1.375905
1769098085.800443 15.765360 -7.896012 -1.373799
1769098085.850435 15.766278 -7.900269 -1.374351
1769098085.900423 15.767199 -7.904551 -1.375093
1769098085.950459 15.768537 -7.910968 -1.374974
1769098086.000471 15.769446 -7.915177 -1.377965
1769098086.050430 15.770355 -7.919485 -1.377882
1769098086.100435 15.771673 -7.925906 -1.378097
1769098086.150417 15.772579 -7.930192 -1.380850
1769098086.200432 15.773457 -7.934378 -1.382379
1769098086.250439 15.774748 -7.940753 -1.383012
1769098086.300431 15.775605 -7.944915 -1.380918
1769098086.350464 15.775658 -7.944903 -1.378810
1769098086.400436 15.777759 -7.955351 -1.378960
1769098086.450502 15.778563 -7.959188 -1.375431
1769098086.500419 15.779464 -7.963423 -1.374595
1769098086.550433 15.780782 -7.969740 -1.372439
1769098086.600422 15.781677 -7.973898 -1.370885
1769098086.650497 15.782575 -7.978030 -1.371048
1769098086.700439 15.783896 -7.984270 -1.369652
1769098086.750441 15.784801 -7.988426 -1.369756
1769098086.800429 15.784857 -7.988415 -1.369886
1769098086.850482 15.787036 -7.998845 -1.369779
1769098086.900491 15.787920 -8.002903 -1.371235
1769098086.950444 15.787981 -8.002892 -1.372679
1769098087.000446 15.790143 -8.013353 -1.373490
1769098087.050443 15.791049 -8.017535 -1.374990
1769098087.100432 15.791940 -8.021692 -1.374420
1769098087.150463 15.792000 -8.021680 -1.373827
1769098087.200458 15.794210 -8.032467 -1.374325
1769098087.250471 15.794267 -8.032456 -1.374807
1769098087.300426 15.796450 -8.043169 -1.375831
1769098087.350432 15.797339 -8.047404 -1.374580
1769098087.400431 15.798237 -8.051664 -1.374461
1769098087.450497 15.799517 -8.057860 -1.374375
1769098087.500432 15.800400 -8.062046 -1.373737
1769098087.550488 15.800445 -8.062037 -1.373115
1769098087.600478 15.802541 -8.072303 -1.370717
1769098087.650469 15.803423 -8.076438 -1.370570
1769098087.700465 15.803464 -8.076429 -1.370463
1769098087.750471 15.805594 -8.086715 -1.367716
1769098087.800482 15.806503 -8.090923 -1.368040
1769098087.850497 15.806544 -8.090915 -1.368440
1769098087.900477 15.808759 -8.101494 -1.368650
1769098087.950478 15.809666 -8.105702 -1.370321
1769098088.000469 15.809717 -8.105693 -1.371980
1769098088.050478 15.811859 -8.116080 -1.372667
1769098088.100463 15.812758 -8.120315 -1.374830
1769098088.150527 15.812814 -8.120306 -1.376940
1769098088.200458 15.814943 -8.130849 -1.378989
1769098088.250515 15.815808 -8.135062 -1.377320
1769098088.300434 15.815845 -8.135053 -1.375589
1769098088.350461 15.817986 -8.145648 -1.376759
1769098088.400470 15.818831 -8.149761 -1.372760
1769098088.450487 15.818847 -8.149754 -1.368764
1769098088.500472 15.821053 -8.160387 -1.365241
1769098088.550463 15.821966 -8.164642 -1.360132
1769098088.600473 15.821967 -8.164638 -1.355192
1769098088.650463 15.824261 -8.174996 -1.349750
1769098088.700451 15.825217 -8.179141 -1.345558
1769098088.750465 15.825221 -8.179137 -1.341581
1769098088.800471 15.827616 -8.189291 -1.334643
1769098088.850477 15.828644 -8.193422 -1.334686
1769098088.900469 15.828678 -8.193415 -1.334942
1769098088.950477 15.831213 -8.203695 -1.330900
1769098089.000474 15.832279 -8.207792 -1.330299
1769098089.050481 15.832337 -8.207780 -1.329902
1769098089.100489 15.834979 -8.218241 -1.323525
1769098089.150481 15.836103 -8.222425 -1.319707
1769098089.200483 15.836149 -8.222413 -1.316064
1769098089.250459 15.837316 -8.226665 -1.315278
1769098089.300461 15.840117 -8.237137 -1.314911
1769098089.350457 15.841292 -8.241385 -1.315041
1769098089.400458 15.842417 -8.245463 -1.314250
1769098089.450480 15.844134 -8.251768 -1.315606
1769098089.500473 15.845277 -8.255919 -1.314570
1769098089.550468 15.845329 -8.255908 -1.313515
1769098089.600477 15.848101 -8.266227 -1.312965
1769098089.650486 15.849248 -8.270351 -1.311606
1769098089.700484 15.850393 -8.274400 -1.311823
1769098089.750488 15.852086 -8.280552 -1.309122
1769098089.800482 15.853237 -8.284599 -1.309291
1769098089.850521 15.853302 -8.284586 -1.309540
1769098089.900489 15.856129 -8.294916 -1.308557
1769098089.950486 15.857280 -8.298962 -1.309650
1769098090.000508 15.857345 -8.298949 -1.310762
1769098090.050493 15.860148 -8.309259 -1.310722
1769098090.100492 15.861287 -8.313308 -1.312582
1769098090.150488 15.862455 -8.317505 -1.313251
1769098090.200480 15.864144 -8.323711 -1.312831
1769098090.250483 15.865255 -8.327714 -1.314244
1769098090.300490 15.865313 -8.327703 -1.315621
1769098090.350490 15.868108 -8.338147 -1.316537
1769098090.400472 15.869269 -8.342372 -1.315073
1769098090.450492 15.870434 -8.346596 -1.314296
1769098090.500485 15.872165 -8.352948 -1.315670
1769098090.550493 15.873317 -8.357123 -1.314433
1769098090.600486 15.873371 -8.357111 -1.313167
1769098090.650504 15.876156 -8.367478 -1.313026
1769098090.700488 15.877271 -8.371505 -1.311906
1769098090.750496 15.877316 -8.371496 -1.310754
1769098090.800538 15.880063 -8.381637 -1.309329
1769098090.850485 15.881188 -8.385687 -1.307092
1769098090.900500 15.881217 -8.385680 -1.304895
1769098090.950495 15.884042 -8.395905 -1.304040
1769098091.000488 15.885168 -8.399877 -1.303622
1769098091.050488 15.885205 -8.399869 -1.303247
1769098091.100491 15.888072 -8.410213 -1.303056
1769098091.150479 15.889256 -8.414379 -1.305746
1769098091.200498 15.889308 -8.414368 -1.308405
1769098091.250517 15.892150 -8.424797 -1.309366
1769098091.300482 15.893315 -8.428969 -1.312811
1769098091.350513 15.893375 -8.428956 -1.316168
1769098091.400545 15.894530 -8.433131 -1.318158
1769098091.450503 15.897283 -8.443584 -1.317900
1769098091.500498 15.897333 -8.443573 -1.317551
1769098091.550507 15.900023 -8.453781 -1.316355
1769098091.600510 15.901159 -8.457959 -1.314340
1769098091.650491 15.902286 -8.462036 -1.314580
1769098091.700522 15.903951 -8.468196 -1.312369
1769098091.750508 15.905094 -8.472346 -1.311086
1769098091.800532 15.905132 -8.472338 -1.309838
1769098091.850546 15.907924 -8.482623 -1.309638
1769098091.900523 15.909050 -8.486699 -1.308992
1769098091.950505 15.910113 -8.490556 -1.308906
1769098092.000559 15.911711 -8.496392 -1.309261
1769098092.050533 15.911743 -8.496385 -1.309599
1769098092.100495 15.914502 -8.506600 -1.309718
1769098092.150499 15.915644 -8.510776 -1.309622
1769098092.200507 15.915668 -8.510771 -1.309514
1769098092.250513 15.918401 -8.520888 -1.309378
1769098092.300514 15.918425 -8.520882 -1.309269
1769098092.350511 15.921121 -8.530878 -1.308086
1769098092.400522 15.922294 -8.535177 -1.308425
1769098092.450515 15.923447 -8.539376 -1.310892
1769098092.500521 15.923482 -8.539368 -1.313315
1769098092.550514 15.926296 -8.549935 -1.313357
1769098092.600563 15.927417 -8.554090 -1.313681
1769098092.650517 15.928524 -8.558171 -1.314494
1769098092.700502 15.930185 -8.564383 -1.313866
1769098092.750515 15.931284 -8.568466 -1.311959
1769098092.800500 15.931301 -8.568462 -1.310080
1769098092.850523 15.934042 -8.578655 -1.307743
1769098092.900521 15.935163 -8.582732 -1.305814
1769098092.950528 15.935176 -8.582729 -1.303990
1769098093.000504 15.937966 -8.592857 -1.302901
1769098093.050524 15.939125 -8.597001 -1.302772
1769098093.100582 15.939144 -8.596997 -1.302671
1769098093.150528 15.941982 -8.607268 -1.303429
1769098093.200538 15.943121 -8.611392 -1.304148
1769098093.250534 15.943132 -8.611389 -1.304822
1769098093.300533 15.945965 -8.621741 -1.307642
1769098093.350537 15.947094 -8.625893 -1.308627
1769098093.400539 15.947109 -8.625890 -1.309551
1769098093.450530 15.949906 -8.636330 -1.309535
1769098093.500592 15.951038 -8.640533 -1.310371
1769098093.550534 15.951048 -8.640531 -1.311198
1769098093.600531 15.953836 -8.650947 -1.311934
1769098093.650531 15.954950 -8.655104 -1.310517
1769098093.700563 15.954956 -8.655103 -1.309109
1769098093.750553 15.957715 -8.665369 -1.309403
1769098093.800552 15.958833 -8.669499 -1.308917
1769098093.850553 15.958843 -8.669497 -1.308422
1769098093.900560 15.961561 -8.679643 -1.307175
1769098093.950583 15.962659 -8.683698 -1.307632
1769098094.000563 15.962665 -8.683697 -1.308111
1769098094.050544 15.965398 -8.693865 -1.306841
1769098094.100543 15.966494 -8.697921 -1.307224
1769098094.150550 15.966496 -8.697920 -1.307658
1769098094.200536 15.969279 -8.708232 -1.306784
1769098094.250511 15.970385 -8.712312 -1.306665
1769098094.300524 15.971533 -8.716537 -1.307387
1769098094.350543 15.973227 -8.722818 -1.307325
1769098094.400540 15.974370 -8.727044 -1.308866
1769098094.450562 15.974380 -8.727042 -1.310358
1769098094.500522 15.977184 -8.737533 -1.311691
1769098094.550535 15.978292 -8.741717 -1.312195
1769098094.600597 15.978292 -8.741717 -1.312630
1769098094.650537 15.981056 -8.752166 -1.313435
1769098094.700526 15.982121 -8.756232 -1.311051
1769098094.750547 15.982105 -8.756236 -1.308657
1769098094.800600 15.984866 -8.766554 -1.307700
1769098094.850605 15.985939 -8.770564 -1.306157
1769098094.900560 15.985926 -8.770567 -1.304680
1769098094.950546 15.988696 -8.780751 -1.303682
1769098095.000549 15.989831 -8.784927 -1.302561
1769098095.050547 15.989820 -8.784931 -1.301488
1769098095.100530 15.992607 -8.795056 -1.302482
1769098095.150566 15.993708 -8.799111 -1.302021
1769098095.200595 15.993683 -8.799117 -1.302496
1769098095.250560 15.996480 -8.809345 -1.305694
1769098095.300533 15.997586 -8.813476 -1.306753
1769098095.350536 15.997576 -8.813478 -1.307765
1769098095.400537 16.000332 -8.823771 -1.307728
1769098095.450542 16.001441 -8.827928 -1.309148
1769098095.500591 16.001437 -8.827928 -1.310559
1769098095.550554 16.004225 -8.838369 -1.312040
1769098095.600549 16.005323 -8.842503 -1.312892
1769098095.650587 16.005330 -8.842501 -1.313724
1769098095.700577 16.008124 -8.853099 -1.314701
1769098095.750587 16.008135 -8.853096 -1.315578
1769098095.800574 16.009239 -8.857281 -1.315727
1769098095.850581 16.011902 -8.867523 -1.312940
1769098095.900576 16.012981 -8.871609 -1.313232
1769098095.950604 16.012984 -8.871608 -1.313561
1769098096.000562 16.015665 -8.881818 -1.310987
1769098096.050556 16.016741 -8.885905 -1.309587
1769098096.100631 16.016725 -8.885909 -1.308262
1769098096.150565 16.019458 -8.896103 -1.307162
1769098096.200626 16.020545 -8.900161 -1.307048
1769098096.250573 16.020537 -8.900163 -1.306987
1769098096.300564 16.023327 -8.910524 -1.307663
1769098096.350567 16.023322 -8.910525 -1.308361
1769098096.400573 16.025985 -8.920476 -1.309897
1769098096.450559 16.027072 -8.924587 -1.310402
1769098096.500671 16.027064 -8.924589 -1.310850
1769098096.550566 16.029783 -8.934866 -1.312988
1769098096.600557 16.030897 -8.939100 -1.315560
1769098096.650580 16.030905 -8.939097 -1.318022
1769098096.700571 16.033628 -8.949610 -1.316754
1769098096.750572 16.034724 -8.953797 -1.315993
1769098096.800570 16.034728 -8.953796 -1.315250
1769098096.850579 16.037461 -8.964174 -1.315067
1769098096.900561 16.038554 -8.968309 -1.314019
1769098096.950586 16.038561 -8.968308 -1.313017
1769098097.000655 16.041302 -8.978658 -1.312453
1769098097.050581 16.042372 -8.982669 -1.311424
1769098097.100578 16.042376 -8.982669 -1.310427
1769098097.150590 16.043475 -8.986749 -1.311902
1769098097.200581 16.046189 -8.996922 -1.312997
1769098097.250581 16.047286 -9.000977 -1.315228
1769098097.300582 16.048374 -9.005088 -1.315159
1769098097.350570 16.049990 -9.011231 -1.315563
1769098097.400581 16.051102 -9.015440 -1.315723
1769098097.450573 16.051116 -9.015437 -1.315881
1769098097.500578 16.053834 -9.025791 -1.316016
1769098097.550587 16.054950 -9.029998 -1.318384
1769098097.600578 16.054979 -9.029989 -1.320706
1769098097.650586 16.057729 -9.040625 -1.322727
1769098097.700585 16.057769 -9.040614 -1.324626
1769098097.750597 16.060365 -9.050793 -1.326347
1769098097.800664 16.061439 -9.054988 -1.324866
1769098097.850644 16.061458 -9.054984 -1.323334
1769098097.900653 16.064108 -9.065356 -1.324449
1769098097.950631 16.065165 -9.069477 -1.321720
1769098098.000598 16.065171 -9.069477 -1.318986
1769098098.050600 16.067809 -9.079696 -1.316993
1769098098.100594 16.068878 -9.083759 -1.316356
1769098098.150569 16.069966 -9.087896 -1.314745
1769098098.200643 16.071036 -9.091986 -1.313019
1769098098.250574 16.071044 -9.091982 -1.314710
1769098098.300569 16.073765 -9.102337 -1.315471
1769098098.350580 16.074837 -9.106425 -1.315883
1769098098.400677 16.076459 -9.112619 -1.318055
1769098098.450609 16.077558 -9.116859 -1.318293
1769098098.500573 16.078622 -9.120975 -1.319358
1769098098.550601 16.080234 -9.127198 -1.322068
1769098098.600651 16.081291 -9.131371 -1.320057
1769098098.650597 16.082374 -9.135641 -1.318083
1769098098.700656 16.083947 -9.141770 -1.318224
1769098098.750603 16.083938 -9.141772 -1.318364
1769098098.800604 16.086583 -9.151989 -1.319534
1769098098.850595 16.087655 -9.156184 -1.317719
1769098098.900685 16.088679 -9.160155 -1.316626
1769098098.950660 16.090319 -9.166476 -1.317265
1769098099.000583 16.090320 -9.166475 -1.317898
1769098099.050680 16.092876 -9.176350 -1.317801
1769098099.100606 16.093878 -9.180223 -1.315996
1769098099.150682 16.093871 -9.180227 -1.314146
1769098099.200608 16.096540 -9.190410 -1.314505
1769098099.250607 16.097582 -9.194429 -1.312328
1769098099.300663 16.097562 -9.194436 -1.310191
1769098099.350599 16.100281 -9.204711 -1.308943
1769098099.400588 16.101295 -9.208579 -1.308157
1769098099.450618 16.101271 -9.208585 -1.307455
1769098099.500604 16.104037 -9.218981 -1.306731
1769098099.550607 16.105140 -9.223165 -1.308238
1769098099.600607 16.105120 -9.223169 -1.309721
1769098099.650591 16.107886 -9.233644 -1.310639
1769098099.700597 16.108968 -9.237834 -1.312360
1769098099.750626 16.108945 -9.237839 -1.314003
1769098099.800620 16.111660 -9.248301 -1.314320
1769098099.850636 16.112728 -9.252469 -1.315940
1769098099.900735 16.112711 -9.252472 -1.317524
1769098099.950659 16.115399 -9.262942 -1.314618
1769098100.000743 16.116462 -9.267085 -1.313639
1769098100.050662 16.116438 -9.267092 -1.312738
1769098100.100613 16.119145 -9.277368 -1.313657
1769098100.150630 16.120218 -9.281511 -1.311835
1769098100.200680 16.120194 -9.281519 -1.310013
1769098100.250686 16.122921 -9.291790 -1.311969
1769098100.300696 16.123984 -9.295882 -1.311250
1769098100.350691 16.123961 -9.295889 -1.310496
1769098100.400637 16.126670 -9.306168 -1.311535
1769098100.450624 16.127727 -9.310260 -1.312150
1769098100.500633 16.127704 -9.310266 -1.312774
1769098100.550602 16.130412 -9.320651 -1.312417
1769098100.600626 16.131470 -9.324796 -1.311312
1769098100.650633 16.132571 -9.329059 -1.312760
1769098100.700634 16.132549 -9.329063 -1.314197
1769098100.750661 16.135281 -9.339545 -1.315243
1769098100.800605 16.136370 -9.343815 -1.314066
1769098100.850612 16.137459 -9.348055 -1.314014
1769098100.900612 16.139121 -9.354448 -1.316783
1769098100.950643 16.140169 -9.358572 -1.315318
1769098101.000628 16.140141 -9.358581 -1.313761
1769098101.050631 16.142824 -9.368893 -1.313716
1769098101.100629 16.143878 -9.373014 -1.312896
1769098101.150643 16.144918 -9.377058 -1.312415
1769098101.200637 16.146502 -9.383159 -1.310408
1769098101.250638 16.147559 -9.387252 -1.307923
1769098101.300624 16.148650 -9.391413 -1.306795
1769098101.350637 16.150269 -9.397502 -1.306133
1769098101.400644 16.150241 -9.397510 -1.305595
1769098101.450618 16.152929 -9.407533 -1.304908
1769098101.500706 16.154019 -9.411640 -1.307353
1769098101.550636 16.155140 -9.415872 -1.310125
1769098101.600624 16.155133 -9.415871 -1.312813
1769098101.650654 16.157829 -9.426182 -1.313508
1769098101.700634 16.158927 -9.430419 -1.316098
1769098101.751450 16.159998 -9.434586 -1.318119
1769098101.800631 16.161616 -9.440887 -1.319881
1769098101.850654 16.162664 -9.445034 -1.319334
1769098101.900746 16.162648 -9.445039 -1.318777
1769098101.950656 16.165350 -9.455582 -1.318697
1769098102.000691 16.166404 -9.459727 -1.317201
1769098102.050689 16.166384 -9.459733 -1.315783
1769098102.100643 16.169078 -9.470176 -1.313282
1769098102.150644 16.170136 -9.474294 -1.312967
1769098102.200704 16.170110 -9.474301 -1.312681
1769098102.250649 16.172792 -9.484589 -1.311363
1769098102.300712 16.173824 -9.488635 -1.310904
1769098102.350633 16.173784 -9.488646 -1.310489
1769098102.400707 16.176466 -9.498880 -1.310838
1769098102.450677 16.177507 -9.502950 -1.311796
1769098102.500628 16.177472 -9.502958 -1.312746
1769098102.550678 16.180171 -9.513318 -1.312404
1769098102.600629 16.181245 -9.517510 -1.313133
1769098102.650663 16.181216 -9.517517 -1.313871
1769098102.700646 16.183923 -9.527899 -1.316148
1769098102.750646 16.185018 -9.532219 -1.315153
1769098102.800660 16.184986 -9.532228 -1.314112
1769098102.850652 16.187729 -9.542812 -1.317280
1769098102.900680 16.188783 -9.547012 -1.317099
1769098102.950660 16.188749 -9.547021 -1.316826
1769098103.000671 16.189805 -9.551246 -1.316870
1769098103.050726 16.192463 -9.561645 -1.317195
1769098103.100746 16.192426 -9.561654 -1.317438
1769098103.150633 16.195046 -9.571932 -1.314898
1769098103.200650 16.196083 -9.576057 -1.313002
1769098103.250665 16.196035 -9.576071 -1.311174
1769098103.300650 16.198727 -9.586353 -1.309907
1769098103.350667 16.199756 -9.590347 -1.309854
1769098103.400666 16.199721 -9.590356 -1.309841
1769098103.450627 16.202450 -9.600708 -1.309758
1769098103.500627 16.203528 -9.604844 -1.313131
1769098103.550639 16.204568 -9.608916 -1.313164
1769098103.600656 16.205611 -9.613039 -1.313541
1769098103.650651 16.207211 -9.619265 -1.315491
1769098103.700699 16.207184 -9.619270 -1.317402
1769098103.750689 16.209786 -9.629448 -1.318394
1769098103.800654 16.210814 -9.633601 -1.317152
1769098103.850736 16.210769 -9.633614 -1.315929
1769098103.900737 16.213465 -9.644132 -1.317136
1769098103.950644 16.214517 -9.648357 -1.316751
1769098104.000676 16.214475 -9.648369 -1.316341
1769098104.050669 16.215521 -9.652568 -1.317397
1769098104.100717 16.218227 -9.663189 -1.317129
1769098104.150653 16.218184 -9.663201 -1.316825
1769098104.200653 16.220807 -9.673477 -1.317549
1769098104.250663 16.221813 -9.677558 -1.315952
1769098104.300670 16.222841 -9.681683 -1.317660
1769098104.350718 16.222805 -9.681691 -1.319383
1769098104.400669 16.225382 -9.691848 -1.319056
1769098104.450711 16.226405 -9.696003 -1.316363
1769098104.500673 16.226352 -9.696019 -1.313734
1769098104.550635 16.228995 -9.706261 -1.314041
1769098104.600760 16.228951 -9.706273 -1.314453
1769098104.650754 16.231572 -9.716443 -1.315789
1769098104.700748 16.232570 -9.720446 -1.316413
1769098104.750649 16.232531 -9.720456 -1.317018
1769098104.800642 16.235204 -9.730954 -1.318991
1769098104.850638 16.236239 -9.735158 -1.320079
1769098104.900629 16.236201 -9.735167 -1.321092
1769098104.950676 16.238776 -9.745485 -1.321269
1769098105.000629 16.239797 -9.749664 -1.323230
1769098105.050663 16.239765 -9.749671 -1.325153
1769098105.100627 16.242349 -9.760143 -1.322046
1769098105.150626 16.243369 -9.764324 -1.320563
1769098105.200643 16.244393 -9.768477 -1.319825
1769098105.250631 16.245939 -9.774639 -1.318779
1769098105.300640 16.246970 -9.778792 -1.317738
1769098105.350672 16.246930 -9.778803 -1.316719
1769098105.400654 16.249582 -9.789149 -1.316400
1769098105.450646 16.250594 -9.793173 -1.317303
1769098105.500648 16.250567 -9.793180 -1.318251
1769098105.550671 16.253168 -9.803384 -1.317600
1769098105.600692 16.254211 -9.807530 -1.320191
1769098105.650656 16.254196 -9.807532 -1.322800
1769098105.700734 16.256801 -9.817891 -1.323685
1769098105.750658 16.257803 -9.821973 -1.322390
1769098105.800670 16.257772 -9.821982 -1.321103
1769098105.850710 16.258801 -9.826161 -1.319997
1769098105.900749 16.261455 -9.836690 -1.319576
1769098105.950765 16.261413 -9.836702 -1.319173
1769098106.000691 16.264067 -9.847259 -1.319481
1769098106.050650 16.265109 -9.851538 -1.320344
1769098106.100755 16.265059 -9.851551 -1.321176
1769098106.150637 16.266066 -9.855735 -1.321687
1769098106.200624 16.268674 -9.866227 -1.320942
1769098106.250645 16.268613 -9.866243 -1.320110
1769098106.300685 16.271170 -9.876484 -1.320105
1769098106.350686 16.272176 -9.880642 -1.320373
1769098106.400684 16.272122 -9.880656 -1.320652
1769098106.450705 16.274676 -9.890871 -1.318042
1769098106.500690 16.275693 -9.894999 -1.319274
1769098106.550713 16.276703 -9.899130 -1.317580
1769098106.600686 16.276648 -9.899146 -1.315928
1769098106.650686 16.279282 -9.909496 -1.316722
1769098106.700689 16.280320 -9.913725 -1.317796
1769098106.750685 16.280269 -9.913738 -1.318835
1769098106.800711 16.282874 -9.924097 -1.320375
1769098106.850708 16.283877 -9.928283 -1.320264
1769098106.900694 16.283814 -9.928300 -1.320101
1769098106.950688 16.286438 -9.938838 -1.321875
1769098107.000741 16.287432 -9.943026 -1.322406
1769098107.050746 16.287368 -9.943043 -1.322907
1769098107.100713 16.289979 -9.953637 -1.321081
1769098107.150699 16.289906 -9.953657 -1.319255
1769098107.200705 16.292457 -9.963847 -1.319259
1769098107.250724 16.293419 -9.967861 -1.318350
1769098107.300810 16.293349 -9.967880 -1.317434
1769098107.350704 16.295964 -9.978236 -1.318034
1769098107.400696 16.296959 -9.982345 -1.318090
1769098107.450715 16.296898 -9.982361 -1.318132
1769098107.500702 16.299469 -9.992546 -1.317897
1769098107.550702 16.300447 -9.996581 -1.317452
1769098107.600711 16.300385 -9.996598 -1.317037
1769098107.650724 16.302996 -10.006874 -1.318934
1769098107.700705 16.303981 -10.010934 -1.318547
1769098107.751618 16.303924 -10.010949 -1.318168
1769098107.800758 16.306555 -10.021379 -1.318310
1769098107.850726 16.307569 -10.025535 -1.318327
1769098107.900712 16.308592 -10.029741 -1.318787
1769098107.950779 16.309621 -10.034025 -1.318867
1769098108.000709 16.311191 -10.040363 -1.322012
1769098108.050744 16.312200 -10.044573 -1.324180
1769098108.100710 16.313193 -10.048761 -1.325596
1769098108.150712 16.314721 -10.055111 -1.326399
1769098108.200709 16.315695 -10.059279 -1.326051
1769098108.250739 16.315632 -10.059296 -1.325640
1769098108.300761 16.318194 -10.069743 -1.326339
1769098108.350704 16.319155 -10.073863 -1.322528
1769098108.400731 16.320138 -10.078001 -1.320098
1769098108.450786 16.321610 -10.083999 -1.319783
1769098108.500725 16.322591 -10.088087 -1.317463
1769098108.550797 16.323599 -10.092218 -1.317680
1769098108.600713 16.325152 -10.098483 -1.317435
1769098108.650722 16.326160 -10.102614 -1.318623
1769098108.700736 16.326109 -10.102627 -1.319776
1769098108.750741 16.328659 -10.112844 -1.319855
1769098108.800714 16.328594 -10.112861 -1.319908
1769098108.850733 16.331142 -10.123105 -1.321928
1769098108.900716 16.332136 -10.127291 -1.325730
1769098108.950719 16.332087 -10.127302 -1.329427
1769098109.000746 16.334608 -10.137869 -1.331003
1769098109.050719 16.335571 -10.142116 -1.335094
1769098109.100716 16.335519 -10.142127 -1.339051
1769098109.150725 16.337898 -10.152547 -1.342305
1769098109.200732 16.338841 -10.156903 -1.348130
1769098109.250741 16.338802 -10.156910 -1.353753
1769098109.300734 16.341018 -10.167263 -1.357501
1769098109.350719 16.341863 -10.171459 -1.361826
1769098109.400727 16.341823 -10.171467 -1.365974
1769098109.450726 16.343887 -10.181722 -1.369811
1769098109.500722 16.344681 -10.185929 -1.373653
1769098109.550723 16.344639 -10.185938 -1.377346
1769098109.600727 16.346573 -10.196167 -1.379578
1769098109.650749 16.347316 -10.200279 -1.385450
1769098109.700751 16.347291 -10.200282 -1.391154
1769098109.750820 16.349164 -10.210828 -1.397509
1769098109.800769 16.349828 -10.214799 -1.403749
1769098109.850753 16.349826 -10.214797 -1.409772
1769098109.900750 16.351547 -10.225600 -1.415998
1769098109.950722 16.352160 -10.229655 -1.424402
1769098110.000757 16.352179 -10.229647 -1.432538
1769098110.050837 16.353663 -10.240381 -1.439043
1769098110.100745 16.354236 -10.244696 -1.446415
1769098110.150748 16.354747 -10.248920 -1.450640
1769098110.200718 16.355500 -10.255334 -1.453459
1769098110.250740 16.355975 -10.259485 -1.457542
1769098110.300771 16.355979 -10.259483 -1.461422
1769098110.350847 16.357127 -10.270054 -1.465118
1769098110.400742 16.357563 -10.274337 -1.466948
1769098110.450756 16.357553 -10.274340 -1.468608
1769098110.500743 16.358628 -10.284995 -1.473414
1769098110.550750 16.359036 -10.289279 -1.479135
1769098110.600708 16.359051 -10.289276 -1.484672
1769098110.650740 16.359970 -10.299943 -1.491015
1769098110.700741 16.360302 -10.304131 -1.495625
1769098110.751629 16.360610 -10.308426 -1.500102
1769098110.800745 16.361043 -10.314792 -1.504770
1769098110.850746 16.361311 -10.318961 -1.509861
1769098110.900749 16.361327 -10.318958 -1.514741
1769098110.950743 16.361915 -10.329751 -1.520699
1769098111.000760 16.362123 -10.334102 -1.527495
1769098111.050746 16.362144 -10.334099 -1.533996
1769098111.100797 16.362527 -10.345102 -1.537851
1769098111.150778 16.362655 -10.349483 -1.542930
1769098111.200744 16.362662 -10.349484 -1.547823
1769098111.250759 16.362894 -10.360263 -1.551011
1769098111.300752 16.362968 -10.364567 -1.554286
1769098111.350756 16.362973 -10.364568 -1.557404
1769098111.400731 16.363095 -10.375020 -1.559711
1769098111.450754 16.363089 -10.375023 -1.561675
1769098111.500755 16.363117 -10.379228 -1.565433
1769098111.550754 16.363138 -10.389582 -1.568665
1769098111.600774 16.363111 -10.393869 -1.574549
1769098111.650795 16.363101 -10.393875 -1.580243
1769098111.700785 16.362982 -10.404530 -1.586485
1769098111.750762 16.362888 -10.408964 -1.592447
1769098111.800764 16.362773 -10.413371 -1.597272
1769098111.850777 16.362645 -10.417626 -1.602318
1769098111.900787 16.362427 -10.424004 -1.608185
1769098111.950750 16.362436 -10.424008 -1.613740
1769098112.000795 16.361962 -10.434878 -1.619493
1769098112.050767 16.361751 -10.439127 -1.625741
1769098112.100756 16.361776 -10.439130 -1.631732
1769098112.150777 16.361143 -10.449631 -1.637762
1769098112.200740 16.360863 -10.453925 -1.644345
1769098112.250760 16.360902 -10.453927 -1.650674
1769098112.300765 16.360087 -10.464458 -1.655746
1769098112.350842 16.359776 -10.468413 -1.660230
1769098112.400784 16.359822 -10.468412 -1.664496
1769098112.450759 16.358861 -10.478955 -1.667788
1769098112.500767 16.358455 -10.483282 -1.669131
1769098112.550762 16.358476 -10.483281 -1.670333
1769098112.600769 16.357430 -10.493798 -1.673737
1769098112.650761 16.356988 -10.498080 -1.678117
1769098112.700775 16.357009 -10.498085 -1.682334
1769098112.750772 16.355832 -10.508588 -1.686841
1769098112.800780 16.355325 -10.512867 -1.693076
1769098112.850796 16.355346 -10.512876 -1.699079
1769098112.900774 16.353950 -10.523706 -1.706591
1769098112.950778 16.353387 -10.527741 -1.711592
1769098113.000768 16.353399 -10.527750 -1.716282
1769098113.050788 16.351791 -10.538552 -1.721953
1769098113.100775 16.351797 -10.538564 -1.727013
1769098113.150809 16.350150 -10.548924 -1.730689
1769098113.200795 16.349458 -10.553071 -1.732150
1769098113.250782 16.348762 -10.557249 -1.735756
1769098113.300778 16.348049 -10.561444 -1.738684
1769098113.350774 16.346953 -10.567731 -1.740974
1769098113.400779 16.346934 -10.567739 -1.743068
1769098113.450779 16.345127 -10.577904 -1.746798
1769098113.500787 16.344327 -10.582147 -1.751517
1769098113.550785 16.344303 -10.582163 -1.756019
1769098113.600789 16.342292 -10.592649 -1.761241
1769098113.650811 16.341445 -10.596751 -1.765201
1769098113.700818 16.341408 -10.596767 -1.768911
1769098113.750793 16.339286 -10.607055 -1.774545
1769098113.800807 16.338390 -10.611099 -1.778540
1769098113.850836 16.338347 -10.611115 -1.782314
1769098113.900825 16.336019 -10.621669 -1.787883
1769098113.950808 16.335000 -10.625975 -1.792184
1769098114.000837 16.334951 -10.625994 -1.796276
1769098114.050798 16.332427 -10.636710 -1.802436
1769098114.100803 16.331381 -10.640874 -1.806078
1769098114.150856 16.331335 -10.640890 -1.809504
1769098114.200787 16.328750 -10.651249 -1.813451
1769098114.250795 16.327676 -10.655358 -1.817931
1769098114.300790 16.327638 -10.655377 -1.822209
1769098114.350794 16.324998 -10.665441 -1.828334
1769098114.400791 16.323863 -10.669534 -1.832276
1769098114.450805 16.323824 -10.669552 -1.836048
1769098114.500796 16.321017 -10.679672 -1.840666
1769098114.550790 16.319815 -10.683797 -1.844538
1769098114.600793 16.319771 -10.683815 -1.848216
1769098114.650800 16.316793 -10.694047 -1.854278
1769098114.700794 16.315517 -10.698207 -1.859562
1769098114.750795 16.315476 -10.698231 -1.864614
1769098114.800811 16.312238 -10.708689 -1.869534
1769098114.850794 16.310879 -10.712880 -1.875082
1769098114.900802 16.310835 -10.712906 -1.880398
1769098114.950804 16.307452 -10.723287 -1.886611
1769098115.000826 16.306137 -10.727143 -1.891338
1769098115.050816 16.306102 -10.727165 -1.895873
1769098115.100798 16.302672 -10.737164 -1.901013
1769098115.150819 16.301240 -10.741159 -1.904328
1769098115.200802 16.301195 -10.741175 -1.907450
1769098115.250818 16.297640 -10.751138 -1.912511
1769098115.300806 16.296151 -10.755143 -1.916763
1769098115.350811 16.296106 -10.755165 -1.920806
1769098115.400805 16.292381 -10.765170 -1.922651
1769098115.450808 16.290855 -10.769144 -1.927490
1769098115.500805 16.290808 -10.769170 -1.932150
1769098115.550845 16.286991 -10.779090 -1.937672
1769098115.600869 16.285473 -10.782874 -1.942952
1769098115.650837 16.283857 -10.786897 -1.949557
1769098115.700837 16.281554 -10.792559 -1.955557
1769098115.750840 16.279826 -10.796617 -1.956994
1769098115.800818 16.279757 -10.796622 -1.958221
1769098115.850817 16.275553 -10.806670 -1.964377
1769098115.900810 16.273789 -10.810683 -1.968865
1769098115.950825 16.272012 -10.814681 -1.972760
1769098116.000841 16.269436 -10.820506 -1.976106
1769098116.050838 16.267652 -10.824423 -1.978879
1769098116.100814 16.265853 -10.828326 -1.980175
1769098116.150823 16.263185 -10.834241 -1.984435
1769098116.200817 16.263105 -10.834263 -1.988497
1769098116.250817 16.258935 -10.843438 -1.992203
1769098116.300818 16.257135 -10.847271 -1.995985
1769098116.350822 16.255410 -10.850854 -1.999487
1769098116.400835 16.252665 -10.856644 -2.004723
1769098116.450823 16.250745 -10.860635 -2.013061
1769098116.500827 16.250705 -10.860688 -2.021146
1769098116.550823 16.246111 -10.869995 -2.026135
1769098116.600825 16.246065 -10.870022 -2.030602
1769098116.650820 16.241268 -10.879504 -2.037495
1769098116.700825 16.239235 -10.883349 -2.040739
1769098116.750825 16.239164 -10.883364 -2.043770
1769098116.800835 16.234188 -10.892837 -2.048567
1769098116.850837 16.232185 -10.896520 -2.053477
1769098116.900864 16.232113 -10.896547 -2.058200
1769098116.950835 16.229993 -10.900319 -2.061033
1769098117.000828 16.224809 -10.909802 -2.067002
1769098117.050847 16.224736 -10.909835 -2.072493
1769098117.100826 16.219482 -10.919173 -2.076427
1769098117.150830 16.217367 -10.922819 -2.081249
1769098117.200842 16.217296 -10.922846 -2.085871
1769098117.250829 16.215156 -10.926500 -2.090639
1769098117.300835 16.209824 -10.935657 -2.096646
1769098117.350832 16.209771 -10.935695 -2.102306
1769098117.400833 16.204484 -10.944519 -2.105369
1769098117.450834 16.202224 -10.948226 -2.109830
1769098117.500831 16.202176 -10.948255 -2.114154
1769098117.550830 16.199956 -10.951860 -2.119957
1769098117.600832 16.194201 -10.961116 -2.125949
1769098117.650854 16.194161 -10.961156 -2.131486
1769098117.700836 16.188411 -10.970160 -2.139180
1769098117.750849 16.186024 -10.973807 -2.145682
1769098117.800850 16.185992 -10.973856 -2.151918
1769098117.850883 16.180148 -10.982607 -2.158738
1769098117.900863 16.180121 -10.982657 -2.164966
1769098117.950929 16.177795 -10.986041 -2.169214
1769098118.000937 16.171770 -10.994773 -2.174055
1769098118.050841 16.171749 -10.994810 -2.178478
1769098118.100843 16.165811 -11.003252 -2.181683
1769098118.150837 16.163302 -11.006804 -2.185882
1769098118.200854 16.161002 -11.010013 -2.188478
1769098118.250845 16.157191 -11.015366 -2.193932
1769098118.300847 16.154783 -11.018676 -2.196696
1769098118.350846 16.154775 -11.018699 -2.199265
1769098118.400839 16.148522 -11.027236 -2.204728
1769098118.450856 16.148519 -11.027286 -2.209792
1769098118.500850 16.142355 -11.035486 -2.215260
1769098118.550858 16.139766 -11.038923 -2.222181
1769098118.600846 16.139772 -11.038993 -2.228855
1769098118.650867 16.133213 -11.047369 -2.232446
1769098118.700866 16.130588 -11.050752 -2.239798
1769098118.750844 16.130604 -11.050830 -2.246912
1769098118.800865 16.127867 -11.054258 -2.251989
1769098118.850851 16.123724 -11.059362 -2.256187
1769098118.900854 16.120962 -11.062822 -2.264590
1769098118.950894 16.118222 -11.066151 -2.269995
1769098119.000929 16.111316 -11.074341 -2.274146
1769098119.050869 16.111341 -11.074391 -2.277923
1769098119.100860 16.104520 -11.082345 -2.282310
1769098119.150851 16.101794 -11.085551 -2.287155
1769098119.200858 16.099121 -11.088644 -2.290340
1769098119.250872 16.096399 -11.091794 -2.294963
1769098119.300868 16.092259 -11.096492 -2.299807
1769098119.350869 16.092290 -11.096556 -2.304390
1769098119.400865 16.085282 -11.104327 -2.311408
1769098119.450866 16.082418 -11.107495 -2.316411
1769098119.500863 16.082453 -11.107564 -2.321187
1769098119.550859 16.074972 -11.115560 -2.326646
1769098119.600880 16.072037 -11.118689 -2.330423
1769098119.650937 16.072062 -11.118742 -2.334000
1769098119.700887 16.064442 -11.126630 -2.339355
1769098119.750897 16.064451 -11.126693 -2.344182
1769098119.800911 16.061664 -11.129586 -2.348643
1769098119.850899 16.054122 -11.137158 -2.351569
1769098119.900866 16.051165 -11.140150 -2.357235
1769098119.950882 16.051179 -11.140225 -2.362663
1769098120.000875 16.043789 -11.147445 -2.366471
1769098120.050889 16.040755 -11.150443 -2.371878
1769098120.100869 16.040774 -11.150519 -2.377089
1769098120.150871 16.033134 -11.157771 -2.379672
1769098120.200879 16.030074 -11.160691 -2.383342
1769098120.250886 16.030081 -11.160740 -2.386846
1769098120.300869 16.022454 -11.167848 -2.390220
1769098120.350876 16.019233 -11.170872 -2.394158
1769098120.400938 16.016127 -11.173757 -2.399295
1769098120.450875 16.011389 -11.178067 -2.402393
1769098120.500883 16.008188 -11.181005 -2.408231
1769098120.550875 16.008201 -11.181089 -2.413859
1769098120.600880 16.000298 -11.188033 -2.419639
1769098120.650877 15.996992 -11.190964 -2.426175
1769098120.700878 15.997006 -11.191059 -2.432462
1769098120.750880 15.988775 -11.198013 -2.437291
1769098120.800880 15.985475 -11.200815 -2.442088
1769098120.850891 15.985480 -11.200883 -2.446662
1769098120.900883 15.977392 -11.207565 -2.450517
1769098120.950886 15.977401 -11.207620 -2.453962
1769098121.000878 15.969456 -11.214092 -2.455500
1769098121.050889 15.966111 -11.216839 -2.458574
1769098121.100883 15.962870 -11.219521 -2.464609
1769098121.150880 15.962869 -11.219581 -2.468633
1769098121.200920 15.954592 -11.226136 -2.473539
1769098121.250886 15.951255 -11.228828 -2.481078
1769098121.300886 15.947912 -11.231432 -2.485294
1769098121.350887 15.943045 -11.235164 -2.490947
1769098121.400890 15.943053 -11.235250 -2.496272
1769098121.450886 15.934809 -11.241396 -2.502464
1769098121.500889 15.931314 -11.244013 -2.508158
1769098121.550962 15.931322 -11.244104 -2.513640
1769098121.600896 15.922855 -11.250184 -2.518416
1769098121.650935 15.919284 -11.252792 -2.523738
1769098121.700896 15.915748 -11.255314 -2.527673
1769098121.750922 15.910535 -11.258998 -2.532531
1769098121.800914 15.910554 -11.259086 -2.537113
1769098121.850918 15.901907 -11.265006 -2.542012
1769098121.900916 15.898356 -11.267429 -2.544139
1769098121.950923 15.898372 -11.267473 -2.546090
1769098122.000961 15.890034 -11.273057 -2.550257
1769098122.050897 15.890038 -11.273124 -2.554004
1769098122.100904 15.881647 -11.278685 -2.560443
1769098122.150989 15.878143 -11.280996 -2.564217
1769098122.200899 15.878151 -11.281064 -2.567800
1769098122.250900 15.869320 -11.286682 -2.570626
1769098122.300955 15.865691 -11.289025 -2.575754
1769098122.350899 15.865686 -11.289109 -2.580681
1769098122.400903 15.856491 -11.294775 -2.584372
1769098122.450915 15.852808 -11.297085 -2.590019
1769098122.500915 15.852803 -11.297179 -2.595458
1769098122.550908 15.843465 -11.302727 -2.600052
1769098122.600904 15.839662 -11.304997 -2.604407
1769098122.650871 15.839650 -11.305064 -2.608540
1769098122.700902 15.830387 -11.310396 -2.612985
1769098122.750909 15.826638 -11.312578 -2.617523
1769098122.800922 15.823035 -11.314661 -2.621989
1769098122.850902 15.819360 -11.316713 -2.623932
1769098122.900912 15.813872 -11.319828 -2.629008
1769098122.950924 15.810096 -11.321944 -2.633561
1769098123.000916 15.810072 -11.321996 -2.637266
1769098123.050929 15.800824 -11.327047 -2.641745
1769098123.100909 15.800817 -11.327123 -2.645865
1769098123.150934 15.791637 -11.332045 -2.650581
1769098123.200920 15.787841 -11.334096 -2.655586
1769098123.251025 15.787839 -11.334191 -2.660414
1769098123.300916 15.778331 -11.339087 -2.666259
1769098123.350930 15.774502 -11.341096 -2.672127
1769098123.400913 15.774500 -11.341210 -2.677796
1769098123.450951 15.765092 -11.345822 -2.682871
1769098123.500920 15.761207 -11.347785 -2.690581
1769098123.550966 15.757298 -11.349697 -2.696569
1769098123.600941 15.753370 -11.351588 -2.703021
1769098123.650959 15.747526 -11.354295 -2.708143
1769098123.700979 15.743540 -11.356128 -2.711332
1769098123.750954 15.743539 -11.356191 -2.714321
1769098123.800940 15.733782 -11.360536 -2.717478
1769098123.850938 15.729868 -11.362307 -2.720998
1769098123.900923 15.729866 -11.362379 -2.724339
1769098123.950930 15.720186 -11.366563 -2.724652
1769098124.000950 15.716411 -11.368250 -2.727711
1769098124.050959 15.716406 -11.368311 -2.730657
1769098124.100934 15.706774 -11.372447 -2.736104
1769098124.150940 15.702865 -11.374141 -2.741982
1769098124.200942 15.702853 -11.374257 -2.747613
1769098124.250930 15.693019 -11.378262 -2.753598
1769098124.300926 15.688911 -11.379953 -2.759319
1769098124.351006 15.688869 -11.380050 -2.765434
1769098124.400938 15.678999 -11.383849 -2.771671
1769098124.450927 15.674779 -11.385496 -2.776608
1769098124.500935 15.674769 -11.385598 -2.781321
1769098124.550943 15.663750 -11.389657 -2.786591
1769098124.600929 15.659338 -11.391305 -2.791416
1769098124.650933 15.659327 -11.391405 -2.796028
1769098124.700933 15.648233 -11.395290 -2.800543
1769098124.750937 15.644006 -11.396821 -2.806172
1769098124.800934 15.639640 -11.398345 -2.810547
1769098124.850965 15.633030 -11.400599 -2.814611
1769098124.900950 15.633023 -11.400688 -2.818404
1769098124.950940 15.622353 -11.404205 -2.823679
1769098125.000937 15.618077 -11.405657 -2.828965
1769098125.050934 15.618071 -11.405783 -2.834059
1769098125.100942 15.607139 -11.409217 -2.837915
1769098125.150956 15.602777 -11.410625 -2.842312
1769098125.200971 15.602777 -11.410737 -2.846535
1769098125.251020 15.591661 -11.414086 -2.853625
1769098125.301019 15.591654 -11.414256 -2.860217
1769098125.350962 15.580460 -11.417419 -2.866810
1769098125.400960 15.575791 -11.418803 -2.874441
1769098125.451015 15.575781 -11.418996 -2.881792
1769098125.501036 15.564640 -11.421889 -2.888606
1769098125.550951 15.560318 -11.423045 -2.893386
1769098125.601027 15.560328 -11.423191 -2.897919
1769098125.650964 15.549099 -11.425986 -2.904177
1769098125.700967 15.544956 -11.427047 -2.907060
1769098125.750980 15.544979 -11.427161 -2.909796
1769098125.800969 15.533613 -11.429832 -2.913962
1769098125.850966 15.533626 -11.429966 -2.917774
1769098125.900972 15.529056 -11.431063 -2.920556
1769098125.950961 15.517657 -11.433608 -2.926749
1769098126.001084 15.512962 -11.434732 -2.934171
1769098126.051033 15.512951 -11.434938 -2.941328
1769098126.100974 15.501507 -11.437218 -2.947847
1769098126.151031 15.497094 -11.438178 -2.954966
1769098126.201057 15.497096 -11.438401 -2.961783
1769098126.250960 15.485593 -11.440450 -2.966861
1769098126.300960 15.481085 -11.441362 -2.973228
1769098126.350970 15.476442 -11.442215 -2.979396
1769098126.400964 15.469613 -11.443359 -2.982935
1769098126.450965 15.469633 -11.443504 -2.986197
1769098126.500955 15.457953 -11.445258 -2.989060
1769098126.550972 15.453568 -11.446032 -2.994718
1769098126.600982 15.453567 -11.446221 -3.000178
1769098126.650983 15.442214 -11.447843 -3.005783
1769098126.700968 15.442218 -11.448036 -3.010969
1769098126.750951 15.437961 -11.448674 -3.013699
1769098126.800960 15.426957 -11.450118 -3.018774
1769098126.850963 15.422419 -11.450776 -3.023323
1769098126.900966 15.422430 -11.450958 -3.027684
1769098126.950964 15.410730 -11.452183 -3.030193
1769098127.000971 15.406026 -11.452806 -3.035169
1769098127.050965 15.406026 -11.452990 -3.039951
1769098127.100966 15.394073 -11.454157 -3.041265
1769098127.150966 15.389356 -11.454698 -3.041574
1769098127.200993 15.384547 -11.455214 -3.040515
1769098127.250997 15.377850 -11.455927 -3.040468
1769098127.300967 15.373141 -11.456434 -3.039369
1769098127.350976 15.373179 -11.456470 -3.038241
1769098127.400966 15.361842 -11.457763 -3.039137
1769098127.450975 15.357264 -11.458267 -3.037553
1769098127.500970 15.357309 -11.458299 -3.035958
1769098127.550971 15.345695 -11.459630 -3.035558
1769098127.601003 15.341141 -11.460190 -3.035851
1769098127.650972 15.336515 -11.460745 -3.034678
1769098127.700999 15.329558 -11.461590 -3.034496
1769098127.751006 15.324908 -11.462161 -3.034373
1769098127.801000 15.320182 -11.462737 -3.033884
1769098127.851064 15.313515 -11.463531 -3.034023
1769098127.901009 15.308867 -11.464084 -3.033941
1769098127.951087 15.308893 -11.464143 -3.033836
1769098128.001033 15.297364 -11.465478 -3.036072
1769098128.051090 15.292646 -11.466033 -3.035987
1769098128.100996 15.287929 -11.466633 -3.037875
1769098128.151063 15.280820 -11.467374 -3.036415
1769098128.200980 15.276046 -11.467942 -3.036791
1769098128.250999 15.276070 -11.468022 -3.037127
1769098128.301002 15.264276 -11.469334 -3.036581
1769098128.350983 15.259585 -11.469940 -3.036914
1769098128.401012 15.254913 -11.470515 -3.036245
1769098128.451001 15.248369 -11.471305 -3.035173
1769098128.500993 15.243911 -11.471827 -3.033040
1769098128.550979 15.243959 -11.471851 -3.030937
1769098128.601015 15.232681 -11.473237 -3.031326
1769098128.651053 15.232702 -11.473324 -3.031811
1769098128.700990 15.221348 -11.474682 -3.032796
1769098128.751944 15.216665 -11.475233 -3.030796
1769098128.801010 15.216709 -11.475259 -3.028884
1769098128.850994 15.212250 -11.475778 -3.026383
1769098128.900996 15.200453 -11.477201 -3.026287
1769098128.951008 15.200473 -11.477257 -3.026191
1769098129.001014 15.188852 -11.478660 -3.026952
1769098129.050996 15.184172 -11.479248 -3.026874
1769098129.100988 15.179724 -11.479791 -3.026409
1769098129.150996 15.172878 -11.480588 -3.025945
1769098129.201005 15.172898 -11.480623 -3.025411
1769098129.251012 15.161761 -11.481940 -3.024862
1769098129.301011 15.157350 -11.482455 -3.023610
1769098129.350992 15.157375 -11.482461 -3.022332
1769098129.401007 15.145772 -11.483893 -3.020664
1769098129.451024 15.141231 -11.484482 -3.019270
1769098129.501018 15.141254 -11.484481 -3.017950
1769098129.551011 15.129786 -11.485964 -3.017833
1769098129.601026 15.125416 -11.486548 -3.017759
1769098129.651015 15.120794 -11.487172 -3.018573
1769098129.701013 15.113989 -11.488055 -3.019350
1769098129.751056 15.109367 -11.488659 -3.019281
1769098129.801013 15.104670 -11.489266 -3.020607
1769098129.851021 15.097736 -11.490097 -3.019895
1769098129.901021 15.092918 -11.490707 -3.019858
1769098129.951027 15.092924 -11.490726 -3.019822
1769098130.001033 15.080899 -11.492277 -3.017434
1769098130.051033 15.076129 -11.492846 -3.010865
1769098130.101031 15.071422 -11.493495 -3.006827
1769098130.151044 15.071502 -11.493418 -3.001202
1769098130.201014 15.059661 -11.495223 -2.995923
1769098130.251073 15.059722 -11.495128 -2.991109
1769098130.301029 15.048285 -11.496957 -2.984358
1769098130.351030 15.043842 -11.497680 -2.979112
1769098130.401005 15.039247 -11.498459 -2.973742
1769098130.451011 15.032326 -11.499671 -2.968127
1769098130.501006 15.027715 -11.500498 -2.961650
1769098130.551012 15.027790 -11.500356 -2.955493
1769098130.601013 15.016095 -11.502702 -2.950938
1769098130.651026 15.011476 -11.503602 -2.945756
1769098130.701031 15.011536 -11.503485 -2.940821
1769098130.751026 14.999876 -11.505974 -2.935912
1769098130.801021 14.995226 -11.506901 -2.929252
1769098130.851037 14.995301 -11.506738 -2.922810
1769098130.901022 14.983746 -11.509418 -2.919648
1769098130.951035 14.979361 -11.510401 -2.915776
1769098131.001033 14.979405 -11.510311 -2.912065
1769098131.051019 14.967672 -11.513146 -2.906765
1769098131.101028 14.962902 -11.514335 -2.904473
1769098131.151034 14.962929 -11.514296 -2.902366
1769098131.201025 14.951190 -11.517270 -2.896945
1769098131.251043 14.946631 -11.518436 -2.892321
1769098131.301047 14.946688 -11.518352 -2.887916
1769098131.351032 14.935559 -11.521427 -2.886566
1769098131.401038 14.931075 -11.522627 -2.881741
1769098131.451053 14.931138 -11.522554 -2.877108
1769098131.501037 14.920021 -11.525719 -2.871006
1769098131.551047 14.915481 -11.527053 -2.867034
1769098131.601057 14.910995 -11.528414 -2.863982
1769098131.651026 14.904444 -11.530414 -2.861587
1769098131.701060 14.900088 -11.531758 -2.859929
1769098131.751081 14.900119 -11.531786 -2.858401
1769098131.801076 14.888597 -11.535253 -2.859918
1769098131.851067 14.888590 -11.535352 -2.861487
1769098131.901031 14.877656 -11.538609 -2.865842
1769098131.951045 14.873421 -11.539830 -2.865322
1769098132.001058 14.873441 -11.539882 -2.864703
1769098132.051064 14.862114 -11.543066 -2.863128
1769098132.101050 14.857616 -11.544399 -2.863678
1769098132.151116 14.857618 -11.544453 -2.864213
1769098132.201051 14.846306 -11.547731 -2.863422
1769098132.251054 14.841805 -11.549092 -2.863921
1769098132.301053 14.841810 -11.549164 -2.864429
1769098132.351039 14.830526 -11.552432 -2.861780
1769098132.401066 14.825979 -11.553808 -2.862130
1769098132.451076 14.825986 -11.553874 -2.862489
1769098132.501056 14.814906 -11.557148 -2.863256
1769098132.551035 14.810603 -11.558428 -2.861970
1769098132.601042 14.810630 -11.558463 -2.860695
1769098132.651042 14.799529 -11.561676 -2.858318
1769098132.701061 14.795036 -11.563040 -2.857839
1769098132.751057 14.795049 -11.563075 -2.857402
1769098132.801065 14.783796 -11.566433 -2.856943
1769098132.851076 14.779145 -11.567928 -2.860859
1769098132.901063 14.779113 -11.568094 -2.864740
1769098132.951058 14.767602 -11.571438 -2.865547
1769098133.001060 14.763001 -11.572802 -2.865145
1769098133.051125 14.763018 -11.572864 -2.864720
1769098133.101067 14.751682 -11.576075 -2.863843
1769098133.151073 14.747190 -11.577421 -2.864797
1769098133.201076 14.747191 -11.577506 -2.865704
1769098133.251046 14.742790 -11.578841 -2.867197
1769098133.301074 14.731596 -11.582083 -2.865399
1769098133.351053 14.727248 -11.583372 -2.863000
1769098133.401074 14.727288 -11.583393 -2.860644
1769098133.451050 14.716013 -11.586847 -2.862543
1769098133.501067 14.711541 -11.588209 -2.861796
1769098133.551077 14.711565 -11.588282 -2.861042
1769098133.601074 14.700329 -11.591618 -2.860860
1769098133.651097 14.700344 -11.591692 -2.860732
1769098133.701069 14.689236 -11.594937 -2.860956
1769098133.751076 14.684827 -11.596311 -2.863575
1769098133.801092 14.684812 -11.596447 -2.866134
1769098133.851100 14.673679 -11.599631 -2.866123
1769098133.901097 14.669065 -11.601009 -2.866000
1769098133.951128 14.669079 -11.601079 -2.865877
1769098134.001175 14.657671 -11.604384 -2.866017
1769098134.051076 14.653126 -11.605745 -2.865883
1769098134.101146 14.653139 -11.605812 -2.865764
1769098134.151131 14.641740 -11.609150 -2.867790
1769098134.201084 14.637244 -11.610463 -2.866362
1769098134.251088 14.637273 -11.610506 -2.864917
1769098134.301129 14.626246 -11.613680 -2.862841
1769098134.351082 14.622026 -11.614949 -2.861890
1769098134.401062 14.622046 -11.614989 -2.860972
1769098134.451096 14.617599 -11.616338 -2.860523
1769098134.501132 14.606550 -11.619587 -2.857870
1769098134.551095 14.606587 -11.619588 -2.855335
1769098134.601165 14.595566 -11.622938 -2.854620
1769098134.651082 14.590994 -11.624371 -2.855505
1769098134.701089 14.590994 -11.624452 -2.856411
1769098134.751088 14.586461 -11.625856 -2.857552
1769098134.801081 14.575048 -11.629222 -2.857896
1769098134.851091 14.575055 -11.629286 -2.858145
1769098134.901076 14.563720 -11.632550 -2.857276
1769098134.951098 14.559238 -11.633887 -2.857650
1769098135.001096 14.559240 -11.633928 -2.857982
1769098135.051081 14.547979 -11.637242 -2.857927
1769098135.101080 14.543810 -11.638450 -2.854941
1769098135.151097 14.543846 -11.638410 -2.851990
1769098135.201145 14.532649 -11.641803 -2.850833
1769098135.251118 14.528393 -11.643088 -2.849477
1769098135.301092 14.528410 -11.643078 -2.848158
1769098135.351100 14.517144 -11.646594 -2.851476
1769098135.401111 14.517115 -11.646712 -2.854835
1769098135.451081 14.512937 -11.648031 -2.856627
1769098135.501127 14.501750 -11.651367 -2.856202
1769098135.551078 14.501763 -11.651414 -2.855795
1769098135.601095 14.490874 -11.654653 -2.856101
1769098135.651110 14.490878 -11.654705 -2.856365
1769098135.701137 14.486689 -11.655979 -2.856283
1769098135.751119 14.475591 -11.659252 -2.854466
1769098135.801204 14.475616 -11.659252 -2.852659
1769098135.851127 14.470979 -11.660708 -2.854410
1769098135.901119 14.459496 -11.664116 -2.855302
1769098135.951150 14.454875 -11.665541 -2.857970
1769098136.001109 14.450367 -11.666900 -2.858847
1769098136.051167 14.443700 -11.668878 -2.859582
1769098136.101114 14.439252 -11.670222 -2.859145
1769098136.151160 14.439263 -11.670258 -2.858751
1769098136.201087 14.428258 -11.673461 -2.855901
1769098136.251109 14.423837 -11.674808 -2.854617
1769098136.301115 14.423855 -11.674819 -2.853424
1769098136.351097 14.412775 -11.678180 -2.851642
1769098136.401087 14.408231 -11.679602 -2.850897
1769098136.451109 14.408244 -11.679631 -2.850252
1769098136.501120 14.397222 -11.682973 -2.849646
1769098136.551111 14.397233 -11.682998 -2.849058
1769098136.601115 14.386088 -11.686390 -2.851741
1769098136.651111 14.381852 -11.687687 -2.853691
1769098136.701123 14.381840 -11.687764 -2.855533
1769098136.751102 14.370760 -11.691047 -2.855976
1769098136.801116 14.366231 -11.692355 -2.853395
1769098136.851129 14.366259 -11.692317 -2.850808
1769098136.901122 14.354922 -11.695750 -2.852010
1769098136.951125 14.354914 -11.695795 -2.853216
1769098137.001136 14.343830 -11.699168 -2.854491
1769098137.051101 14.339319 -11.700531 -2.852824
1769098137.101103 14.335071 -11.701874 -2.853664
1769098137.151124 14.328634 -11.703815 -2.851913
1769098137.201135 14.324518 -11.705102 -2.852011
1769098137.251126 14.324526 -11.705160 -2.852108
1769098137.301123 14.313722 -11.708426 -2.851444
1769098137.351125 14.309270 -11.709802 -2.850506
1769098137.401131 14.304785 -11.711158 -2.848593
1769098137.451190 14.298251 -11.713152 -2.846837
1769098137.501132 14.298271 -11.713142 -2.845152
1769098137.551129 14.286988 -11.716659 -2.846744
1769098137.601126 14.282300 -11.718140 -2.848870
1769098137.651130 14.282286 -11.718217 -2.850966
1769098137.701146 14.270845 -11.721698 -2.854463
1769098137.752168 14.266271 -11.723040 -2.852956
1769098137.801166 14.266290 -11.723041 -2.851444
1769098137.851148 14.255261 -11.726313 -2.851728
1769098137.901142 14.250749 -11.727687 -2.852122
1769098137.951161 14.250749 -11.727718 -2.852514
1769098138.001149 14.239901 -11.730942 -2.850671
1769098138.051133 14.235537 -11.732226 -2.846689
1769098138.101186 14.231091 -11.733560 -2.843083
1769098138.151118 14.224693 -11.735545 -2.842353
1769098138.201145 14.220209 -11.736955 -2.842620
1769098138.251138 14.215802 -11.738335 -2.842055
1769098138.301116 14.209028 -11.740493 -2.844286
1769098138.351146 14.204552 -11.741846 -2.843067
1769098138.401136 14.200071 -11.743243 -2.843516
1769098138.451140 14.193266 -11.745366 -2.846121
1769098138.501130 14.188863 -11.746723 -2.847184
1769098138.551150 14.188858 -11.746762 -2.848185
1769098138.601139 14.177816 -11.750070 -2.845990
1769098138.651132 14.173299 -11.751447 -2.845340
1769098138.701133 14.168643 -11.752832 -2.841840
1769098138.751116 14.162161 -11.754831 -2.842498
1769098138.801143 14.162155 -11.754841 -2.843124
1769098138.851145 14.151038 -11.758244 -2.843145
1769098138.901155 14.146524 -11.759657 -2.844145
1769098138.951197 14.146517 -11.759683 -2.845166
1769098139.001145 14.135674 -11.762979 -2.844164
1769098139.051145 14.131492 -11.764265 -2.843442
1769098139.101143 14.127123 -11.765614 -2.842944
1769098139.151145 14.120422 -11.767744 -2.844854
1769098139.201140 14.116079 -11.769086 -2.843131
1769098139.251147 14.111560 -11.770552 -2.844030
1769098139.301194 14.104845 -11.772626 -2.841871
1769098139.351159 14.100543 -11.774023 -2.843251
1769098139.401157 14.100536 -11.774084 -2.844690
1769098139.451136 14.089165 -11.777606 -2.846185
1769098139.501133 14.084545 -11.779096 -2.849779
1769098139.551157 14.084524 -11.779214 -2.853320
1769098139.601159 14.073160 -11.782604 -2.854750
1769098139.651174 14.068569 -11.783982 -2.853617
1769098139.701188 14.068585 -11.784001 -2.852464
1769098139.751179 14.057322 -11.787322 -2.851112
1769098139.801173 14.053105 -11.788611 -2.850020
1769098139.851159 14.048609 -11.790026 -2.851059
1769098139.901214 14.041905 -11.792059 -2.848614
1769098139.951187 14.037463 -11.793409 -2.845895
1769098140.001172 14.037487 -11.793382 -2.843251
1769098140.051171 14.026326 -11.796847 -2.842280
1769098140.101158 14.021860 -11.798281 -2.844061
1769098140.151161 14.017453 -11.799679 -2.844997
1769098140.201205 14.010806 -11.801744 -2.844927
1769098140.251162 14.010812 -11.801778 -2.844844
1769098140.301174 13.999902 -11.805143 -2.844347
1769098140.351149 13.995287 -11.806581 -2.844287
1769098140.401174 13.990938 -11.807945 -2.844003
1769098140.451165 13.986369 -11.809433 -2.846622
1769098140.501168 13.979555 -11.811539 -2.845661
1769098140.551170 13.979569 -11.811565 -2.844709
1769098140.601168 13.968340 -11.814986 -2.843446
1769098140.651165 13.963785 -11.816425 -2.845337
1769098140.701184 13.963775 -11.816484 -2.847186
1769098140.751169 13.952943 -11.819788 -2.848078
1769098140.801172 13.948734 -11.821103 -2.848676
1769098140.851163 13.944277 -11.822455 -2.846421
1769098140.901158 13.937705 -11.824467 -2.844438
1769098140.951153 13.937723 -11.824456 -2.842498
1769098141.001152 13.926962 -11.827799 -2.839814
1769098141.051154 13.922709 -11.829202 -2.841896
1769098141.101157 13.918497 -11.830576 -2.842933
1769098141.151167 13.911750 -11.832720 -2.842781
1769098141.201176 13.907276 -11.834156 -2.842639
1769098141.251157 13.902700 -11.835633 -2.843897
1769098141.301166 13.902699 -11.835704 -2.845160
1769098141.351164 13.891436 -11.839174 -2.846345
1769098141.401171 13.886893 -11.840644 -2.850244
1769098141.451172 13.880141 -11.842676 -2.848933
1769098141.501181 13.875590 -11.844091 -2.849785
1769098141.551185 13.875591 -11.844146 -2.850601
1769098141.601235 13.864289 -11.847563 -2.849724
1769098141.651201 13.860016 -11.848878 -2.848038
1769098141.701192 13.855432 -11.850332 -2.848705
1769098141.751225 13.855436 -11.850394 -2.849409
1769098141.801197 13.844140 -11.853825 -2.847740
1769098141.851193 13.839737 -11.855208 -2.846616
1769098141.901214 13.833058 -11.857288 -2.846872
1769098141.951308 13.828987 -11.858552 -2.845206
1769098142.001209 13.824548 -11.859986 -2.846628
1769098142.051193 13.818207 -11.861932 -2.843463
1769098142.101192 13.818234 -11.861921 -2.840335
1769098142.151176 13.807107 -11.865380 -2.837686
1769098142.201177 13.802682 -11.866801 -2.836655
1769098142.251192 13.802691 -11.866804 -2.835728
1769098142.301176 13.791577 -11.870351 -2.836421
1769098142.351177 13.786948 -11.871884 -2.840795
1769098142.401256 13.786928 -11.871999 -2.845100
1769098142.451193 13.775521 -11.875529 -2.846265
1769098142.501196 13.771005 -11.876945 -2.846508
1769098142.551209 13.771011 -11.876994 -2.846708
1769098142.601199 13.759952 -11.880342 -2.845854
1769098142.651205 13.755512 -11.881720 -2.845820
1769098142.701201 13.755518 -11.881755 -2.845730
1769098142.751270 13.744644 -11.885085 -2.842327
1769098142.801202 13.740202 -11.886486 -2.840025
1769098142.851197 13.736038 -11.887787 -2.837113
1769098142.901256 13.729369 -11.889912 -2.835660
1769098142.951200 13.724818 -11.891415 -2.837929
1769098143.001190 13.720391 -11.892876 -2.840427
1769098143.051201 13.713922 -11.894934 -2.840322
1769098143.101195 13.713930 -11.894978 -2.840218
1769098143.151179 13.703009 -11.898413 -2.840534
1769098143.201184 13.698489 -11.899856 -2.842219
1769098143.251282 13.694213 -11.901208 -2.843143
1769098143.301216 13.687408 -11.903371 -2.846382
1769098143.351217 13.682955 -11.904733 -2.844093
1769098143.401203 13.682974 -11.904729 -2.841781
1769098143.451260 13.671754 -11.908218 -2.840946
1769098143.501195 13.667196 -11.909634 -2.841154
1769098143.551204 13.667198 -11.909650 -2.841292
1769098143.601219 13.655781 -11.913219 -2.843231
1769098143.651212 13.651557 -11.914531 -2.843787
1769098143.701244 13.647136 -11.915892 -2.842642
1769098143.752388 13.640591 -11.917903 -2.840959
1769098143.801219 13.636124 -11.919278 -2.839761
1769098143.851216 13.631784 -11.920616 -2.837550
1769098143.901271 13.625131 -11.922735 -2.838080
1769098143.951237 13.620818 -11.924080 -2.835007
1769098144.001244 13.620835 -11.924038 -2.832024
1769098144.051216 13.609732 -11.927600 -2.830242
1769098144.101221 13.605391 -11.928994 -2.830178
1769098144.151230 13.605389 -11.928986 -2.830141
1769098144.201203 13.594105 -11.932626 -2.832800
1769098144.251220 13.594091 -11.932663 -2.835385
1769098144.301224 13.583003 -11.936145 -2.836882
1769098144.351210 13.578680 -11.937498 -2.837749
1769098144.401222 13.574172 -11.938871 -2.836653
1769098144.451207 13.567637 -11.940881 -2.836152
1769098144.501220 13.563085 -11.942313 -2.837959
1769098144.551223 13.563086 -11.942303 -2.837617
1769098144.601211 13.552212 -11.945717 -2.836680
1769098144.651202 13.552222 -11.945695 -2.834911
1769098144.701221 13.541551 -11.949076 -2.833872
1769098144.751210 13.537285 -11.950405 -2.832358
1769098144.801235 13.537290 -11.950366 -2.830868
1769098144.851216 13.526206 -11.953948 -2.834275
1769098144.901205 13.521821 -11.955318 -2.833558
1769098144.951233 13.521823 -11.955296 -2.832819
1769098145.001208 13.510746 -11.958807 -2.832561
1769098145.051282 13.506259 -11.960201 -2.831995
1769098145.101227 13.506256 -11.960162 -2.831434
1769098145.151233 13.495059 -11.963733 -2.832312
1769098145.201244 13.490463 -11.965197 -2.833790
1769098145.251227 13.485945 -11.966615 -2.834700
1769098145.301309 13.479061 -11.968790 -2.837185
1769098145.351240 13.474458 -11.970188 -2.835589
1769098145.401247 13.474461 -11.970137 -2.833962
1769098145.451238 13.463133 -11.973650 -2.834154
1769098145.501239 13.458734 -11.974998 -2.834755
1769098145.551244 13.458724 -11.974962 -2.835323
1769098145.601255 13.447619 -11.978424 -2.834672
1769098145.651253 13.443253 -11.979738 -2.831651
1769098145.701245 13.443257 -11.979643 -2.828695
1769098145.751259 13.438850 -11.980963 -2.824311
1769098145.801255 13.427827 -11.984554 -2.824570
1769098145.851260 13.427815 -11.984502 -2.825006
1769098145.901261 13.416674 -11.988141 -2.826581
1769098145.951262 13.412243 -11.989528 -2.825582
1769098146.001256 13.412238 -11.989466 -2.824590
1769098146.051227 13.401242 -11.992989 -2.824707
1769098146.101254 13.396825 -11.994383 -2.826717
1769098146.151255 13.396806 -11.994353 -2.828669
1769098146.201241 13.385534 -11.997931 -2.829673
1769098146.251291 13.381001 -11.999318 -2.828821
1769098146.301247 13.380994 -11.999246 -2.827949
1769098146.351239 13.369722 -12.002813 -2.826067
1769098146.401237 13.365106 -12.004264 -2.826832
1769098146.451243 13.360912 -12.005561 -2.826591
1769098146.501237 13.354424 -12.007623 -2.827065
1769098146.551262 13.354413 -12.007577 -2.827549
1769098146.601249 13.343507 -12.011060 -2.826847
1769098146.651251 13.339127 -12.012410 -2.824645
1769098146.701253 13.339124 -12.012322 -2.822460
1769098146.751248 13.328335 -12.015846 -2.823812
1769098146.801267 13.324024 -12.017202 -2.823452
1769098146.851306 13.324015 -12.017143 -2.823082
1769098146.901246 13.313161 -12.020650 -2.820212
1769098146.951258 13.308869 -12.022020 -2.820202
1769098147.001251 13.308857 -12.021957 -2.820248
1769098147.051264 13.297599 -12.025648 -2.821768
1769098147.101230 13.297582 -12.025608 -2.823275
1769098147.151274 13.292976 -12.027068 -2.824244
1769098147.201256 13.281858 -12.030656 -2.827549
1769098147.251269 13.277287 -12.032034 -2.825456
1769098147.301256 13.272820 -12.033423 -2.827031
1769098147.351252 13.265978 -12.035553 -2.826977
1769098147.401265 13.265964 -12.035474 -2.826841
1769098147.451265 13.255095 -12.038945 -2.826879
1769098147.501301 13.250972 -12.040200 -2.823713
1769098147.551275 13.250968 -12.040086 -2.820646
1769098147.601290 13.239899 -12.043684 -2.817960
1769098147.651269 13.235630 -12.045046 -2.817957
1769098147.701260 13.231439 -12.046374 -2.817536
1769098147.751255 13.224819 -12.048544 -2.818767
1769098147.801283 13.220344 -12.049970 -2.818845
1769098147.851290 13.220332 -12.049909 -2.818894
1769098147.901304 13.209301 -12.053525 -2.819169
1769098147.951339 13.204728 -12.054979 -2.820044
1769098148.001353 13.204712 -12.054924 -2.820858
1769098148.051287 13.193625 -12.058556 -2.822080
1769098148.101271 13.189126 -12.059981 -2.820425
1769098148.151289 13.189121 -12.059908 -2.818796
1769098148.201271 13.177997 -12.063545 -2.817424
1769098148.251256 13.177986 -12.063455 -2.816076
1769098148.301287 13.166870 -12.067109 -2.815947
1769098148.351272 13.162663 -12.068435 -2.816578
1769098148.401264 13.162646 -12.068364 -2.817108
1769098148.451278 13.151658 -12.071945 -2.814193
1769098148.501286 13.147281 -12.073332 -2.812730
1769098148.551260 13.147267 -12.073225 -2.811308
1769098148.601265 13.136570 -12.076794 -2.809923
1769098148.651282 13.132156 -12.078190 -2.806646
1769098148.701276 13.127828 -12.079619 -2.807492
1769098148.751276 13.121348 -12.081800 -2.807791
1769098148.801280 13.121332 -12.081729 -2.808170
1769098148.851302 13.110377 -12.085451 -2.808155
1769098148.901287 13.105862 -12.086936 -2.809534
1769098148.951298 13.105843 -12.086875 -2.810875
1769098149.001289 13.094596 -12.090663 -2.814737
1769098149.051276 13.090226 -12.092056 -2.815226
1769098149.101291 13.090210 -12.091989 -2.815601
1769098149.151302 13.079104 -12.095621 -2.814093
1769098149.201300 13.074676 -12.097029 -2.814625
1769098149.251348 13.074657 -12.096947 -2.815125
1769098149.301275 13.063514 -12.100637 -2.813858
1769098149.351288 13.059037 -12.102096 -2.815352
1769098149.401287 13.059020 -12.102048 -2.816834
1769098149.451293 13.047903 -12.105716 -2.814236
1769098149.501284 13.043455 -12.107151 -2.813250
1769098149.551291 13.043442 -12.107070 -2.812313
1769098149.601294 13.032477 -12.110743 -2.812351
1769098149.651292 13.028175 -12.112145 -2.812406
1769098149.701298 13.028161 -12.112081 -2.812473
1769098149.752464 13.017350 -12.115678 -2.810120
1769098149.801343 13.012951 -12.117112 -2.809341
1769098149.851304 13.012936 -12.117026 -2.808620
1769098149.901284 13.001771 -12.120804 -2.808324
1769098149.951354 12.997247 -12.122335 -2.812431
1769098150.001327 12.997227 -12.122329 -2.816525
1769098150.051326 12.986047 -12.126049 -2.817534
1769098150.101286 12.981502 -12.127522 -2.817596
1769098150.151313 12.981492 -12.127474 -2.817644
1769098150.201301 12.970261 -12.131150 -2.816914
1769098150.251282 12.965859 -12.132579 -2.818384
1769098150.301305 12.965845 -12.132544 -2.819802
1769098150.351310 12.954848 -12.136139 -2.816674
1769098150.401287 12.950473 -12.137552 -2.814743
1769098150.451313 12.950469 -12.137486 -2.812152
1769098150.501284 12.939528 -12.141176 -2.810040
1769098150.551309 12.935294 -12.142612 -2.813285
1769098150.601302 12.935280 -12.142609 -2.816558
1769098150.651315 12.924096 -12.146372 -2.817296
1769098150.701304 12.919675 -12.147839 -2.817283
1769098150.751313 12.919671 -12.147818 -2.817297
1769098150.801306 12.908729 -12.151447 -2.817645
1769098150.851300 12.904324 -12.152913 -2.820246
1769098150.901313 12.904314 -12.152917 -2.822843
1769098150.951316 12.893021 -12.156612 -2.823347
1769098151.001304 12.888593 -12.158043 -2.823010
1769098151.051317 12.888588 -12.158015 -2.822675
1769098151.101300 12.877265 -12.161735 -2.822697
1769098151.151302 12.872717 -12.163213 -2.822446
1769098151.201316 12.872712 -12.163188 -2.822210
1769098151.251321 12.861485 -12.166898 -2.824438
1769098151.301317 12.857037 -12.168332 -2.822780
1769098151.351322 12.857036 -12.168299 -2.821122
1769098151.401302 12.846103 -12.171885 -2.818569
1769098151.451315 12.841992 -12.173226 -2.817975
1769098151.501319 12.841986 -12.173196 -2.817646
1769098151.551321 12.831135 -12.176819 -2.816258
1769098151.601330 12.826668 -12.178319 -2.816208
1769098151.651367 12.822250 -12.179796 -2.815014
1769098151.701340 12.815629 -12.182019 -2.813854
1769098151.751405 12.811072 -12.183526 -2.812306
1769098151.801358 12.811066 -12.183477 -2.810774
1769098151.851365 12.799805 -12.187314 -2.813154
1769098151.901363 12.795271 -12.188817 -2.814508
1769098151.951355 12.795261 -12.188795 -2.815757
1769098152.001332 12.784109 -12.192506 -2.815519
1769098152.051330 12.779616 -12.193972 -2.815611
1769098152.101340 12.775074 -12.195457 -2.816519
1769098152.151345 12.768495 -12.197633 -2.815794
1769098152.201325 12.764077 -12.199096 -2.815568
1769098152.251338 12.764071 -12.199067 -2.815343
1769098152.301314 12.753080 -12.202797 -2.815637
1769098152.351331 12.748646 -12.204263 -2.812227
1769098152.401331 12.748645 -12.204211 -2.808858
1769098152.451390 12.737604 -12.207995 -2.809240
1769098152.501323 12.733217 -12.209486 -2.811290
1769098152.551338 12.733210 -12.209482 -2.813287
1769098152.601323 12.722183 -12.213224 -2.814064
1769098152.651319 12.717745 -12.214716 -2.814269
1769098152.701337 12.717740 -12.214702 -2.814485
1769098152.751322 12.706636 -12.218464 -2.816594
1769098152.801340 12.706632 -12.218473 -2.818674
1769098152.851349 12.695904 -12.222064 -2.818675
1769098152.901337 12.691510 -12.223548 -2.820453
1769098152.951347 12.691511 -12.223572 -2.822204
1769098153.001400 12.686902 -12.225110 -2.822202
1769098153.051398 12.675659 -12.228836 -2.823969
1769098153.101389 12.675661 -12.228863 -2.825614
1769098153.151325 12.664819 -12.232434 -2.827140
1769098153.201357 12.660420 -12.233889 -2.826627
1769098153.251343 12.660426 -12.233907 -2.826133
1769098153.301357 12.649486 -12.237479 -2.822248
1769098153.351343 12.645139 -12.238936 -2.820801
1769098153.401348 12.645143 -12.238937 -2.819459
1769098153.451355 12.634221 -12.242618 -2.817763
1769098153.501348 12.629713 -12.244164 -2.817385
1769098153.551352 12.629719 -12.244185 -2.817090
1769098153.601334 12.618809 -12.247882 -2.816500
1769098153.651357 12.614230 -12.249457 -2.819250
1769098153.701380 12.614235 -12.249506 -2.821939
1769098153.751394 12.603099 -12.253233 -2.824914
1769098153.801335 12.598635 -12.254739 -2.825538
1769098153.851332 12.598645 -12.254785 -2.826130
1769098153.901360 12.587421 -12.258447 -2.823034
1769098153.951312 12.583004 -12.259915 -2.821938
1769098154.001364 12.583007 -12.259918 -2.820847
1769098154.051364 12.571721 -12.263694 -2.820755
1769098154.101364 12.567308 -12.265187 -2.820712
1769098154.151409 12.562778 -12.266728 -2.819981
1769098154.201355 12.556205 -12.268959 -2.819666
1769098154.251361 12.551773 -12.270450 -2.817249
1769098154.301365 12.551779 -12.270448 -2.814837
1769098154.351357 12.540898 -12.274159 -2.816282
1769098154.401359 12.536537 -12.275654 -2.816218
1769098154.451368 12.536542 -12.275674 -2.816181
1769098154.501356 12.525467 -12.279422 -2.814701
1769098154.551354 12.521060 -12.280916 -2.812418
1769098154.601359 12.521062 -12.280899 -2.810179
1769098154.651373 12.509857 -12.284764 -2.811695
1769098154.701366 12.505281 -12.286345 -2.813854
1769098154.751364 12.505282 -12.286370 -2.816010
1769098154.801367 12.493944 -12.290219 -2.819278
1769098154.851364 12.489413 -12.291728 -2.817596
1769098154.901376 12.489415 -12.291719 -2.815858
1769098154.951365 12.478265 -12.295450 -2.815109
1769098155.001381 12.473827 -12.296935 -2.815134
1769098155.051372 12.473823 -12.296921 -2.815146
1769098155.101367 12.463056 -12.300550 -2.813586
1769098155.151390 12.458741 -12.301985 -2.809377
1769098155.201373 12.458736 -12.301925 -2.805258
1769098155.251376 12.447803 -12.305718 -2.803876
1769098155.301379 12.443304 -12.307268 -2.804086
1769098155.351382 12.443297 -12.307240 -2.804321
1769098155.401373 12.432300 -12.311097 -2.807050
1769098155.451426 12.428186 -12.312490 -2.805091
1769098155.501374 12.423758 -12.314004 -2.804502
1769098155.551372 12.417133 -12.316283 -2.804586
1769098155.601390 12.412729 -12.317798 -2.806276
1769098155.651379 12.412722 -12.317784 -2.807924
1769098155.701376 12.401574 -12.321622 -2.808383
1769098155.752504 12.397145 -12.323118 -2.806186
1769098155.801388 12.397138 -12.323073 -2.804094
1769098155.851451 12.385853 -12.326985 -2.803816
1769098155.901419 12.381351 -12.328523 -2.804784
1769098155.951399 12.381340 -12.328489 -2.805746
1769098156.001412 12.370221 -12.332350 -2.808053
1769098156.051404 12.365817 -12.333837 -2.806103
1769098156.101370 12.361461 -12.335331 -2.806129
1769098156.151381 12.354905 -12.337571 -2.803729
1769098156.201390 12.350669 -12.339031 -2.803902
1769098156.251399 12.350661 -12.339003 -2.804142
1769098156.301385 12.339788 -12.342800 -2.804123
1769098156.351384 12.335389 -12.344326 -2.802916
1769098156.401397 12.335384 -12.344300 -2.801772
1769098156.451387 12.324254 -12.348212 -2.801007
1769098156.501403 12.319714 -12.349796 -2.802593
1769098156.551443 12.319708 -12.349785 -2.804139
1769098156.601392 12.308429 -12.353724 -2.806990
1769098156.651387 12.304027 -12.355235 -2.807749
1769098156.701396 12.304023 -12.355225 -2.808423
1769098156.751403 12.292800 -12.359058 -2.807878
1769098156.801397 12.288319 -12.360574 -2.808675
1769098156.851388 12.288310 -12.360546 -2.809426
1769098156.901392 12.277297 -12.364306 -2.807735
1769098156.951393 12.272817 -12.365839 -2.808589
1769098157.001398 12.272811 -12.365824 -2.809477
1769098157.051383 12.261799 -12.369603 -2.807201
1769098157.101392 12.257394 -12.371109 -2.806156
1769098157.151370 12.257387 -12.371078 -2.805174
1769098157.201401 12.252936 -12.372610 -2.804922
1769098157.251398 12.242012 -12.376414 -2.805696
1769098157.301414 12.242008 -12.376401 -2.806479
1769098157.351384 12.231008 -12.380205 -2.805360
1769098157.401388 12.226652 -12.381703 -2.805338
1769098157.451453 12.226645 -12.381679 -2.805369
1769098157.501464 12.215552 -12.385526 -2.804535
1769098157.551418 12.211031 -12.387105 -2.807690
1769098157.601405 12.211030 -12.387119 -2.810837
1769098157.651409 12.199735 -12.391015 -2.813109
1769098157.701442 12.195208 -12.392557 -2.812098
1769098157.751432 12.190706 -12.394105 -2.813844
1769098157.801427 12.190709 -12.394124 -2.815551
1769098157.851395 12.179492 -12.397925 -2.816251
1769098157.901407 12.175133 -12.399419 -2.817571
1769098157.951423 12.175139 -12.399449 -2.818855
1769098158.001421 12.164179 -12.403143 -2.816913
1769098158.051439 12.159820 -12.404632 -2.815170
1769098158.101415 12.155512 -12.406114 -2.812585
1769098158.151398 12.148883 -12.408412 -2.812628
1769098158.201397 12.144484 -12.409944 -2.811079
1769098158.251411 12.144491 -12.409962 -2.809569
1769098158.301412 12.133319 -12.413821 -2.808394
1769098158.351418 12.128847 -12.415383 -2.809305
1769098158.401417 12.128851 -12.415399 -2.810248
1769098158.451411 12.117771 -12.419210 -2.811686
1769098158.501414 12.113271 -12.420775 -2.816068
1769098158.551423 12.113279 -12.420823 -2.820390
1769098158.601404 12.102052 -12.424596 -2.821817
1769098158.651414 12.097495 -12.426126 -2.819306
1769098158.701421 12.097500 -12.426132 -2.816789
1769098158.751426 12.086326 -12.429903 -2.815113
1769098158.801410 12.081870 -12.431435 -2.815844
1769098158.851476 12.081876 -12.431459 -2.816624
1769098158.901416 12.070657 -12.435260 -2.815674
1769098158.951423 12.066345 -12.436731 -2.814451
1769098159.001425 12.066348 -12.436736 -2.813264
1769098159.051424 12.055617 -12.440394 -2.811417
1769098159.101398 12.051311 -12.441895 -2.813371
1769098159.151434 12.051317 -12.441926 -2.815367
1769098159.201420 12.040658 -12.445568 -2.814231
1769098159.251434 12.036303 -12.447066 -2.811341
1769098159.301425 12.031952 -12.448584 -2.810025
1769098159.351444 12.025209 -12.450927 -2.809430
1769098159.401430 12.020765 -12.452494 -2.811168
1769098159.451439 12.020775 -12.452534 -2.812893
1769098159.501438 12.009429 -12.456434 -2.813436
1769098159.551433 12.009438 -12.456466 -2.813894
1769098159.601441 11.998469 -12.460213 -2.815703
1769098159.651446 11.994279 -12.461649 -2.816271
1769098159.701431 11.989774 -12.463179 -2.816302
1769098159.751440 11.983424 -12.465343 -2.816281
1769098159.801436 11.983430 -12.465363 -2.816246
1769098159.851492 11.972980 -12.468903 -2.813026
1769098159.901445 11.968648 -12.470397 -2.810919
1769098159.951435 11.968650 -12.470398 -2.808921
1769098160.001448 11.957864 -12.474140 -2.807708
1769098160.051467 11.953423 -12.475716 -2.810543
1769098160.101481 11.949030 -12.477274 -2.812340
1769098160.151446 11.942432 -12.479581 -2.813568
1769098160.201442 11.938082 -12.481100 -2.813204
1769098160.251437 11.938092 -12.481133 -2.812844
1769098160.301441 11.926960 -12.484954 -2.812871
1769098160.351442 11.922704 -12.486441 -2.814502
1769098160.401429 11.918207 -12.488005 -2.816308
1769098160.451444 11.911550 -12.490282 -2.814703
1769098160.501441 11.907052 -12.491841 -2.815136
1769098160.551431 11.902505 -12.493408 -2.814353
1769098160.601454 11.895946 -12.495658 -2.813497
1769098160.651452 11.895952 -12.495677 -2.812596
1769098160.701507 11.884723 -12.499528 -2.813141
1769098160.751447 11.880297 -12.501060 -2.814340
1769098160.801452 11.880305 -12.501090 -2.815464
1769098160.851452 11.869668 -12.504719 -2.814243
1769098160.901453 11.865214 -12.506239 -2.810957
1769098160.951456 11.865214 -12.506229 -2.807696
1769098161.001447 11.854384 -12.510001 -2.807580
1769098161.051460 11.850084 -12.511504 -2.804904
1769098161.101451 11.850084 -12.511498 -2.802302
1769098161.151456 11.839057 -12.515397 -2.801544
1769098161.201527 11.834595 -12.516974 -2.800351
1769098161.251453 11.834594 -12.516966 -2.799183
1769098161.301467 11.823408 -12.520942 -2.801398
1769098161.351458 11.818899 -12.522544 -2.805709
1769098161.401455 11.818906 -12.522575 -2.809894
1769098161.451442 11.807762 -12.526442 -2.812529
1769098161.501460 11.803215 -12.528001 -2.809909
1769098161.551462 11.798815 -12.529529 -2.810243
1769098161.601465 11.798819 -12.529543 -2.810522
1769098161.651436 11.787720 -12.533387 -2.810426
1769098161.701459 11.783324 -12.534927 -2.809489
1769098161.752653 11.778906 -12.536480 -2.807836
1769098161.801526 11.772243 -12.538824 -2.807773
1769098161.851473 11.767848 -12.540364 -2.805221
1769098161.901451 11.763457 -12.541919 -2.804193
1769098161.951468 11.756896 -12.544246 -2.805468
1769098162.001472 11.752579 -12.545785 -2.805180
1769098162.051491 11.752587 -12.545811 -2.804881
1769098162.101460 11.741579 -12.549681 -2.804864
1769098162.151468 11.737211 -12.551221 -2.803911
1769098162.201463 11.737210 -12.551216 -2.802429
1769098162.251474 11.726064 -12.555155 -2.803549
1769098162.301472 11.721507 -12.556773 -2.805293
1769098162.351481 11.721513 -12.556796 -2.807038
1769098162.401473 11.710284 -12.560727 -2.809724
1769098162.451486 11.705670 -12.562330 -2.808360
1769098162.501479 11.705672 -12.562335 -2.806966
1769098162.551525 11.694480 -12.566207 -2.806882
1769098162.601461 11.690079 -12.567732 -2.807493
1769098162.651491 11.685679 -12.569257 -2.808535
1769098162.701477 11.679340 -12.571448 -2.807903
1769098162.751471 11.675008 -12.572934 -2.804457
1769098162.801486 11.674999 -12.572902 -2.801076
1769098162.851475 11.664211 -12.576712 -2.799221
1769098162.901484 11.659800 -12.578283 -2.799456
1769098162.951531 11.659799 -12.578283 -2.799756
1769098163.001460 11.648835 -12.582205 -2.801044
1769098163.051481 11.648842 -12.582228 -2.802433
1769098163.101479 11.638011 -12.586070 -2.802933
1769098163.151475 11.633526 -12.587661 -2.803370
1769098163.201481 11.633531 -12.587675 -2.803750
1769098163.251553 11.622693 -12.591498 -2.806074
1769098163.301466 11.618325 -12.593040 -2.806844
1769098163.351490 11.618332 -12.593062 -2.807570
1769098163.401487 11.607165 -12.596933 -2.803908
1769098163.451469 11.602723 -12.598493 -2.803184
1769098163.501485 11.602722 -12.598488 -2.802519
1769098163.551469 11.591528 -12.602440 -2.802697
1769098163.601479 11.587090 -12.604013 -2.803444
1769098163.651497 11.587094 -12.604025 -2.804185
1769098163.701495 11.576162 -12.607886 -2.804374
1769098163.751492 11.571793 -12.609423 -2.801694
1769098163.801512 11.571791 -12.609414 -2.799046
1769098163.851570 11.560944 -12.613284 -2.799891
1769098163.901532 11.556677 -12.614807 -2.799660
1769098163.951553 11.556678 -12.614811 -2.799443
1769098164.001503 11.545639 -12.618744 -2.797380
1769098164.051521 11.541228 -12.620315 -2.795102
1769098164.101501 11.541221 -12.620293 -2.792883
1769098164.151491 11.530059 -12.624331 -2.794367
1769098164.201498 11.525534 -12.625956 -2.797157
1769098164.251505 11.525535 -12.625960 -2.799898
1769098164.301486 11.514351 -12.629941 -2.803523
1769098164.351501 11.509787 -12.631531 -2.801659
1769098164.401506 11.509780 -12.631510 -2.799744
1769098164.451486 11.498703 -12.635408 -2.798444
1769098164.501510 11.494331 -12.636936 -2.798265
1769098164.551509 11.494321 -12.636904 -2.798102
1769098164.601499 11.483399 -12.640787 -2.796441
1769098164.651480 11.478983 -12.642338 -2.792745
1769098164.701500 11.474595 -12.643897 -2.792454
1769098164.751492 11.474584 -12.643861 -2.792245
1769098164.801503 11.463590 -12.647843 -2.792165
1769098164.851506 11.459281 -12.649397 -2.792882
1769098164.901511 11.459278 -12.649386 -2.793607
1769098164.951513 11.448299 -12.653334 -2.791568
1769098165.001523 11.443963 -12.654885 -2.792241
1769098165.051523 11.443955 -12.654860 -2.792935
1769098165.101507 11.432861 -12.658863 -2.793377
1769098165.151495 11.428430 -12.660453 -2.795004
1769098165.201517 11.423978 -12.662056 -2.796370
1769098165.251542 11.417285 -12.664462 -2.796354
1769098165.301528 11.412730 -12.666082 -2.795644
1769098165.351516 11.412724 -12.666063 -2.794953
1769098165.401568 11.401526 -12.670075 -2.794814
1769098165.451517 11.397091 -12.671652 -2.795506
1769098165.501574 11.397085 -12.671634 -2.796141
1769098165.551521 11.386192 -12.675525 -2.793870
1769098165.601564 11.381827 -12.677073 -2.792443
1769098165.651607 11.377487 -12.678613 -2.789710
1769098165.701544 11.371011 -12.680946 -2.788259
1769098165.751561 11.366609 -12.682537 -2.789205
1769098165.801548 11.366601 -12.682512 -2.790156
1769098165.851518 11.355718 -12.686502 -2.791705
1769098165.901513 11.351290 -12.688098 -2.790451
1769098165.951551 11.351282 -12.688074 -2.789258
1769098166.001538 11.340084 -12.692161 -2.790174
1769098166.051523 11.335681 -12.693750 -2.792639
1769098166.101539 11.335670 -12.693717 -2.794059
1769098166.151517 11.324549 -12.697721 -2.796168
1769098166.201527 11.320041 -12.699320 -2.797818
1769098166.251574 11.320038 -12.699309 -2.799363
1769098166.301512 11.308871 -12.703260 -2.798556
1769098166.351510 11.304474 -12.704796 -2.796405
1769098166.401525 11.304460 -12.704755 -2.794270
1769098166.451521 11.293462 -12.708721 -2.796988
1769098166.501534 11.288999 -12.710299 -2.794786
1769098166.551538 11.288988 -12.710267 -2.792588
1769098166.601516 11.278297 -12.714118 -2.790607
1769098166.651530 11.273937 -12.715678 -2.790640
1769098166.701586 11.273926 -12.715646 -2.790686
1769098166.751518 11.263201 -12.719550 -2.792049
1769098166.801538 11.263197 -12.719537 -2.793444
1769098166.851585 11.252485 -12.723407 -2.792293
1769098166.901560 11.248101 -12.724977 -2.790998
1769098166.951537 11.248091 -12.724948 -2.789767
1769098167.001580 11.243660 -12.726538 -2.788181
1769098167.051606 11.232592 -12.730606 -2.792382
1769098167.101537 11.232596 -12.730613 -2.796596
1769098167.151549 11.221595 -12.734577 -2.798726
1769098167.201539 11.217136 -12.736166 -2.798282
1769098167.251600 11.217134 -12.736162 -2.797828
1769098167.301610 11.205971 -12.740128 -2.796007
1769098167.351534 11.201657 -12.741668 -2.797846
1769098167.401537 11.201657 -12.741665 -2.799634
1769098167.451538 11.197269 -12.743227 -2.800118
1769098167.501544 11.186444 -12.747083 -2.797811
1769098167.551515 11.186441 -12.747079 -2.795576
1769098167.601560 11.175633 -12.750978 -2.792761
1769098167.651545 11.171216 -12.752602 -2.795770
1769098167.701573 11.171227 -12.752630 -2.798839
1769098167.751570 11.160229 -12.756603 -2.800917
1769098167.801637 11.155826 -12.758199 -2.800829
1769098167.851551 11.155837 -12.758230 -2.800782
1769098167.901577 11.144724 -12.762187 -2.801068
1769098167.951580 11.140389 -12.763745 -2.802950
1769098168.001574 11.140400 -12.763774 -2.804790
1769098168.051622 11.129275 -12.767695 -2.806186
1769098168.101544 11.124812 -12.769274 -2.806192
1769098168.151558 11.124819 -12.769295 -2.806159
1769098168.201529 11.113550 -12.773256 -2.807130
1769098168.251564 11.109084 -12.774828 -2.806528
1769098168.301550 11.109089 -12.774843 -2.805891
1769098168.351555 11.104625 -12.776417 -2.804935
1769098168.401561 11.093518 -12.780314 -2.804449
1769098168.451561 11.093520 -12.780320 -2.803927
1769098168.501644 11.082700 -12.784117 -2.801716
1769098168.551604 11.078402 -12.785630 -2.800116
1769098168.601622 11.078397 -12.785616 -2.798554
1769098168.651555 11.067577 -12.789483 -2.798799
1769098168.701607 11.063214 -12.791038 -2.797024
1769098168.751547 11.063209 -12.791028 -2.795306
1769098168.801540 11.052141 -12.795024 -2.795156
1769098168.851573 11.047662 -12.796630 -2.794452
1769098168.901537 11.047657 -12.796617 -2.793754
1769098168.951538 11.043202 -12.798215 -2.793788
1769098169.001544 11.031984 -12.802253 -2.794655
1769098169.051543 11.027499 -12.803842 -2.795793
1769098169.101544 11.023036 -12.805414 -2.797202
1769098169.151544 11.016373 -12.807758 -2.796460
1769098169.201572 11.011905 -12.809317 -2.796761
1769098169.251571 11.011891 -12.809276 -2.797074
1769098169.301582 11.000854 -12.813215 -2.797087
1769098169.351629 10.996580 -12.814719 -2.794201
1769098169.401577 10.996565 -12.814679 -2.791408
1769098169.451549 10.985541 -12.818654 -2.788224
1769098169.501627 10.981205 -12.820204 -2.787979
1769098169.551623 10.981189 -12.820159 -2.787790
1769098169.601575 10.970255 -12.824155 -2.789655
1769098169.651589 10.965822 -12.825737 -2.789715
1769098169.701717 10.965808 -12.825697 -2.789774
1769098169.751609 10.954838 -12.829668 -2.789834
1769098169.801578 10.950376 -12.831245 -2.790689
1769098169.851561 10.950360 -12.831196 -2.791526
1769098169.901575 10.939245 -12.835211 -2.793762
1769098169.951566 10.934781 -12.836784 -2.793528
1769098170.001622 10.934767 -12.836743 -2.793283
1769098170.051607 10.930258 -12.838335 -2.795366
1769098170.101605 10.918933 -12.842374 -2.795547
1769098170.151573 10.918919 -12.842334 -2.795607
1769098170.201568 10.907808 -12.846290 -2.797179
1769098170.251582 10.907796 -12.846254 -2.798660
1769098170.301652 10.903612 -12.847708 -2.799596
1769098170.351578 10.892823 -12.851511 -2.798271
1769098170.401572 10.888419 -12.853031 -2.794953
1769098170.451696 10.888394 -12.852967 -2.791679
1769098170.501580 10.877567 -12.856878 -2.792399
1769098170.551566 10.873534 -12.858304 -2.790380
1769098170.601571 10.869106 -12.859896 -2.791719
1769098170.651579 10.862722 -12.862188 -2.790418
1769098170.701583 10.862707 -12.862149 -2.789154
1769098170.751588 10.851546 -12.866190 -2.788616
1769098170.801600 10.847113 -12.867772 -2.791034
1769098170.851645 10.847103 -12.867738 -2.793382
1769098170.901579 10.836025 -12.871714 -2.795117
1769098170.951589 10.831535 -12.873291 -2.795511
1769098171.001600 10.831522 -12.873253 -2.795876
1769098171.051632 10.820357 -12.877216 -2.793204
1769098171.101643 10.815865 -12.878784 -2.793033
1769098171.151592 10.815846 -12.878727 -2.792918
1769098171.201584 10.804794 -12.882697 -2.793164
1769098171.251600 10.800400 -12.884245 -2.791141
1769098171.301594 10.796011 -12.885800 -2.790215
1769098171.351593 10.791615 -12.887345 -2.787148
1769098171.401679 10.785425 -12.889573 -2.787568
1769098171.451599 10.785406 -12.889519 -2.788010
1769098171.501600 10.774636 -12.893446 -2.789725
1769098171.551580 10.770180 -12.895039 -2.790923
1769098171.601596 10.770164 -12.894996 -2.790076
1769098171.651599 10.759690 -12.898779 -2.787634
1769098171.701605 10.759666 -12.898715 -2.785290
1769098171.751584 10.748782 -12.902697 -2.786863
1769098171.801605 10.744230 -12.904320 -2.788955
1769098171.851624 10.744216 -12.904274 -2.791018
1769098171.901603 10.733032 -12.908323 -2.794956
1769098171.951689 10.728440 -12.909924 -2.792922
1769098172.001606 10.728418 -12.909865 -2.790832
1769098172.051609 10.717358 -12.913823 -2.790147
1769098172.101633 10.712911 -12.915370 -2.790011
1769098172.151626 10.712885 -12.915296 -2.789877
1769098172.201593 10.702026 -12.919204 -2.788866
1769098172.251691 10.697697 -12.920709 -2.784764
1769098172.301597 10.693303 -12.922252 -2.781386
1769098172.351607 10.688914 -12.923807 -2.779790
1769098172.401626 10.682282 -12.926224 -2.779804
1769098172.451621 10.677995 -12.927761 -2.779928
1769098172.501621 10.677968 -12.927687 -2.780052
1769098172.551608 10.666952 -12.931757 -2.778892
1769098172.601623 10.662546 -12.933335 -2.780035
1769098172.651624 10.662520 -12.933258 -2.781181
1769098172.701674 10.651524 -12.937312 -2.782478
1769098172.751613 10.647060 -12.938887 -2.781697
1769098172.801617 10.647027 -12.938795 -2.780880
1769098172.851610 10.642568 -12.940381 -2.781290
1769098172.901600 10.631451 -12.944469 -2.780061
1769098172.951610 10.626965 -12.946056 -2.778510
1769098173.001608 10.620186 -12.948519 -2.778331
1769098173.051633 10.615729 -12.950110 -2.779083
1769098173.101623 10.615697 -12.950019 -2.779696
1769098173.151683 10.604775 -12.954054 -2.778468
1769098173.201741 10.600435 -12.955599 -2.777449
1769098173.251675 10.600400 -12.955504 -2.776442
1769098173.301632 10.589610 -12.959523 -2.776102
1769098173.351622 10.585255 -12.961093 -2.777611
1769098173.401623 10.585229 -12.961016 -2.779122
1769098173.451628 10.574374 -12.965073 -2.780109
1769098173.501627 10.569922 -12.966680 -2.777869
1769098173.551606 10.569893 -12.966603 -2.775714
1769098173.601629 10.558777 -12.970764 -2.775646
1769098173.651693 10.554282 -12.972395 -2.777280
1769098173.701608 10.554258 -12.972323 -2.778884
1769098173.752922 10.543414 -12.976347 -2.781525
1769098173.801628 10.538932 -12.977948 -2.783406
1769098173.851727 10.534633 -12.979460 -2.782509
1769098173.901666 10.527967 -12.981867 -2.783603
1769098173.951664 10.527940 -12.981788 -2.784610
1769098174.001688 10.517262 -12.985683 -2.782952
1769098174.051675 10.513114 -12.987158 -2.783258
1769098174.101643 10.513090 -12.987090 -2.783589
1769098174.151637 10.502118 -12.991128 -2.782142
1769098174.201699 10.497710 -12.992709 -2.780645
1769098174.251611 10.497682 -12.992636 -2.779204
1769098174.301641 10.486819 -12.996676 -2.779254
1769098174.351719 10.482514 -12.998239 -2.779690
1769098174.401645 10.482493 -12.998181 -2.780110
1769098174.451649 10.471599 -13.002223 -2.778340
1769098174.501641 10.467222 -13.003808 -2.778418
1769098174.551651 10.467197 -13.003739 -2.778548
1769098174.601698 10.456194 -13.007845 -2.777805
1769098174.651731 10.451754 -13.009476 -2.780704
1769098174.701648 10.451743 -13.009438 -2.783587
1769098174.751715 10.440515 -13.013594 -2.783102
1769098174.801747 10.435993 -13.015235 -2.782565
1769098174.851634 10.435974 -13.015185 -2.782008
1769098174.901653 10.424790 -13.019318 -2.782251
1769098174.951628 10.420408 -13.020897 -2.781633
1769098175.001676 10.420384 -13.020835 -2.780992
1769098175.051635 10.409743 -13.024763 -2.777341
1769098175.101634 10.405411 -13.026332 -2.776156
1769098175.151651 10.405381 -13.026255 -2.774981
1769098175.201743 10.394700 -13.030275 -2.773034
1769098175.251663 10.390497 -13.031821 -2.772491
1769098175.301621 10.390471 -13.031751 -2.772019
1769098175.351659 10.379577 -13.035915 -2.775020
1769098175.401655 10.379567 -13.035879 -2.778061
1769098175.451631 10.368794 -13.039942 -2.779631
1769098175.501629 10.364334 -13.041596 -2.781649
1769098175.551658 10.364328 -13.041576 -2.783599
1769098175.601738 10.353489 -13.045610 -2.787609
1769098175.651665 10.349373 -13.047110 -2.787330
1769098175.701657 10.349366 -13.047091 -2.786987
1769098175.751656 10.338192 -13.051187 -2.784607
1769098175.801679 10.333746 -13.052809 -2.784422
1769098175.851728 10.333734 -13.052777 -2.784251
1769098175.901647 10.322626 -13.056890 -2.783413
1769098175.951663 10.318189 -13.058531 -2.785477
1769098176.001670 10.318188 -13.058523 -2.787512
1769098176.051679 10.307264 -13.062554 -2.786460
1769098176.101704 10.302915 -13.064150 -2.784772
1769098176.151732 10.302905 -13.064127 -2.783109
1769098176.201661 10.292114 -13.068145 -2.783111
1769098176.251734 10.287843 -13.069732 -2.783166
1769098176.301718 10.287839 -13.069720 -2.783220
1769098176.351651 10.276929 -13.073791 -2.780272
1769098176.401682 10.272544 -13.075431 -2.779218
1769098176.451648 10.272536 -13.075412 -2.778266
1769098176.501654 10.261435 -13.079611 -2.779004
1769098176.551643 10.256964 -13.081304 -2.782602
1769098176.601721 10.256972 -13.081316 -2.786139
1769098176.651635 10.245779 -13.085489 -2.789491
1769098176.701633 10.241337 -13.087130 -2.789583
1769098176.751656 10.241340 -13.087137 -2.789608
1769098176.801679 10.230210 -13.091209 -2.786762
1769098176.851662 10.225889 -13.092806 -2.787546
1769098176.901727 10.221542 -13.094408 -2.786225
1769098176.951757 10.221537 -13.094398 -2.784903
1769098177.001634 10.210702 -13.098442 -2.783819
1769098177.051656 10.206318 -13.100090 -2.781715
1769098177.101633 10.201981 -13.101721 -2.779422
1769098177.151653 10.195383 -13.104227 -2.781324
1769098177.201663 10.191055 -13.105874 -2.782475
1769098177.251632 10.191064 -13.105894 -2.783602
1769098177.301651 10.180068 -13.110020 -2.783623
1769098177.351653 10.175739 -13.111662 -2.785887
1769098177.401729 10.171280 -13.113328 -2.784865
1769098177.451635 10.164691 -13.115796 -2.785829
1769098177.501738 10.160206 -13.117461 -2.785472
1769098177.551675 10.160204 -13.117458 -2.785107
1769098177.601660 10.149177 -13.121573 -2.785835
1769098177.651655 10.144904 -13.123158 -2.784142
1769098177.701629 10.140400 -13.124843 -2.785374
1769098177.751650 10.133729 -13.127315 -2.784624
1769098177.801677 10.129250 -13.128988 -2.786022
1769098177.851660 10.129254 -13.128997 -2.787421
1769098177.901658 10.118308 -13.133045 -2.786353
1769098177.951696 10.114035 -13.134627 -2.785347
1769098178.001755 10.114031 -13.134621 -2.784375
1769098178.051676 10.103264 -13.138635 -2.782380
1769098178.101663 10.098885 -13.140289 -2.783053
1769098178.151636 10.098890 -13.140300 -2.783787
1769098178.201628 10.088117 -13.144360 -2.782897
1769098178.251631 10.083786 -13.146007 -2.780774
1769098178.301627 10.083788 -13.146018 -2.778707
1769098178.351634 10.072644 -13.150253 -2.778013
1769098178.401630 10.068228 -13.151948 -2.780643
1769098178.451638 10.068240 -13.151973 -2.783240
1769098178.501635 10.057152 -13.156149 -2.784606
1769098178.551729 10.052725 -13.157825 -2.785978
1769098178.601647 10.048291 -13.159486 -2.784714
1769098178.651655 10.041958 -13.161853 -2.783333
1769098178.701649 10.037479 -13.163533 -2.783099
1769098178.751657 10.037479 -13.163535 -2.782879
1769098178.801696 10.026541 -13.167666 -2.782442
1769098178.851692 10.022211 -13.169314 -2.780220
1769098178.901693 10.022213 -13.169324 -2.778054
1769098178.951728 10.011305 -13.173475 -2.774736
1769098179.001716 10.011296 -13.173461 -2.771487
1769098179.051681 10.000743 -13.177536 -2.771893
1769098179.101710 9.996515 -13.179164 -2.772827
1769098179.151702 9.996514 -13.179158 -2.773740
1769098179.201681 9.985648 -13.183336 -2.773765
1769098179.251705 9.981484 -13.184923 -2.772450
1769098179.301692 9.981474 -13.184902 -2.771147
1769098179.351719 9.970827 -13.189013 -2.771992
1769098179.401706 9.966341 -13.190738 -2.773933
1769098179.451781 9.966342 -13.190735 -2.775863
1769098179.501703 9.955163 -13.195016 -2.778818
1769098179.551699 9.950613 -13.196731 -2.777192
1769098179.601768 9.950604 -13.196714 -2.775524
1769098179.651697 9.939526 -13.200919 -2.775116
1769098179.701706 9.935168 -13.202559 -2.776217
1769098179.751716 9.935161 -13.202536 -2.777309
1769098179.801696 9.924320 -13.206646 -2.776643
1769098179.851716 9.920027 -13.208252 -2.773425
1769098179.901744 9.920007 -13.208209 -2.770270
1769098179.951744 9.909242 -13.212363 -2.768288
1769098180.001733 9.904875 -13.214046 -2.768271
1769098180.051733 9.904866 -13.214022 -2.768348
1769098180.101726 9.894001 -13.218266 -2.769532
1769098180.151708 9.889609 -13.219965 -2.768573
1769098180.201707 9.889602 -13.219948 -2.767621
1769098180.251704 9.878580 -13.224228 -2.766236
1769098180.301721 9.874283 -13.225884 -2.768288
1769098180.351792 9.874277 -13.225862 -2.770301
1769098180.401734 9.863228 -13.230135 -2.771658
1769098180.451697 9.858805 -13.231823 -2.771318
1769098180.501714 9.858794 -13.231797 -2.770940
1769098180.551708 9.847738 -13.236054 -2.768459
1769098180.601707 9.843247 -13.237769 -2.768096
1769098180.651808 9.843232 -13.237731 -2.767789
1769098180.701705 9.838835 -13.239419 -2.767961
1769098180.751751 9.838823 -13.239387 -2.768053
1769098180.801711 9.827878 -13.243645 -2.767194
1769098180.851722 9.817117 -13.247826 -2.764830
1769098180.901712 9.817094 -13.247774 -2.762458
1769098180.951748 9.817067 -13.247711 -2.760102
1769098181.001729 9.817036 -13.247638 -2.757767
1769098181.051716 9.817001 -13.247554 -2.755451
1769098181.101701 9.816962 -13.247460 -2.753152
1769098181.151721 9.816920 -13.247355 -2.750869
1769098181.201715 9.782604 -13.261378 -2.751424
1769098181.251742 9.782569 -13.261285 -2.752227
1769098181.301720 9.771479 -13.265724 -2.754029
1769098181.351727 9.771448 -13.265637 -2.755740
1769098181.401721 9.771420 -13.265559 -2.757436
1769098181.451733 9.756215 -13.271590 -2.756706
1769098181.501715 9.756174 -13.271487 -2.755744
1769098181.551737 9.751704 -13.273187 -2.757571
1769098181.601738 9.747292 -13.274841 -2.755402
1769098181.651769 9.747243 -13.274721 -2.753197
1769098181.701743 9.732420 -13.280660 -2.752332
1769098181.751787 9.725959 -13.283180 -2.749443
1769098181.801759 9.725908 -13.283056 -2.746687
1769098181.851753 9.721581 -13.284705 -2.745300
1769098181.901763 9.717188 -13.286394 -2.744023
1769098181.951769 9.717135 -13.286262 -2.742809
1769098182.001918 9.706383 -13.290646 -2.743811
1769098182.051759 9.695594 -13.295025 -2.742247
1769098182.101741 9.695537 -13.294886 -2.740636
1769098182.151823 9.695478 -13.294740 -2.739035
1769098182.201805 9.695417 -13.294589 -2.737450
1769098182.251733 9.676199 -13.302617 -2.738440
1769098182.301752 9.676139 -13.302459 -2.739358
1769098182.351745 9.676080 -13.302307 -2.740269
1769098182.401735 9.660686 -13.308654 -2.739175
1769098182.451742 9.656244 -13.310358 -2.739513
1769098182.501735 9.649568 -13.313013 -2.741019
1769098182.551740 9.649511 -13.312864 -2.742487
1769098182.601723 9.645138 -13.314539 -2.743200
1769098182.651707 9.634619 -13.318782 -2.739894
1769098182.701741 9.630295 -13.320440 -2.739217
1769098182.751739 9.630232 -13.320284 -2.738560
1769098182.801755 9.619604 -13.324640 -2.738527
1769098182.851741 9.615260 -13.326315 -2.737530
1769098182.901738 9.610970 -13.327986 -2.737559
1769098182.951740 9.604686 -13.330525 -2.739097
1769098183.001739 9.604641 -13.330406 -2.740677
1769098183.051736 9.593967 -13.334783 -2.740862
1769098183.101746 9.589491 -13.336534 -2.742427
1769098183.151802 9.589446 -13.336417 -2.743954
1769098183.201753 9.578453 -13.340891 -2.747134
1769098183.251745 9.574106 -13.342566 -2.748280
1769098183.301762 9.574064 -13.342456 -2.749338
1769098183.351805 9.563040 -13.346870 -2.749137
1769098183.401751 9.558592 -13.348564 -2.748845
1769098183.451751 9.558541 -13.348438 -2.748555
1769098183.501753 9.547690 -13.352791 -2.747010
1769098183.551760 9.543280 -13.354500 -2.749536
1769098183.601762 9.543245 -13.354403 -2.752055
1769098183.651725 9.532370 -13.358764 -2.751844
1769098183.701788 9.528022 -13.360439 -2.750485
1769098183.751778 9.527980 -13.360338 -2.749140
1769098183.801778 9.517296 -13.364635 -2.747991
1769098183.851768 9.513004 -13.366306 -2.748674
1769098183.901788 9.512969 -13.366216 -2.749352
1769098183.951804 9.502216 -13.370552 -2.747588
1769098184.001771 9.497876 -13.372239 -2.746317
1769098184.051808 9.493440 -13.373969 -2.744311
1769098184.101760 9.489128 -13.375656 -2.744105
1769098184.151776 9.482447 -13.378357 -2.748492
1769098184.201749 9.477998 -13.380110 -2.751308
1769098184.251761 9.477975 -13.380044 -2.754038
1769098184.301781 9.466856 -13.384490 -2.753823
1769098184.351762 9.462468 -13.386192 -2.755835
1769098184.401772 9.457992 -13.387903 -2.752962
1769098184.451765 9.451494 -13.390467 -2.753991
1769098184.501767 9.447192 -13.392121 -2.752832
1769098184.551774 9.447153 -13.392029 -2.751682
1769098184.601769 9.436420 -13.396346 -2.749813
1769098184.651764 9.432134 -13.398032 -2.748452
1769098184.701767 9.432100 -13.397954 -2.747181
1769098184.751789 9.421305 -13.402365 -2.747945
1769098184.801785 9.416980 -13.404090 -2.748838
1769098184.851799 9.416959 -13.404034 -2.749725
1769098184.901772 9.406011 -13.408487 -2.749865
1769098184.951782 9.401683 -13.410203 -2.751015
1769098185.001769 9.397274 -13.411932 -2.750465
1769098185.051772 9.390762 -13.414530 -2.751573
1769098185.101774 9.386269 -13.416304 -2.755211
1769098185.151747 9.386256 -13.416258 -2.758779
1769098185.201805 9.375319 -13.420614 -2.759226
1769098185.251778 9.370836 -13.422362 -2.757526
1769098185.301780 9.370812 -13.422308 -2.755863
1769098185.351776 9.359785 -13.426714 -2.754812
1769098185.401785 9.355357 -13.428452 -2.755623
1769098185.451777 9.355338 -13.428400 -2.756454
1769098185.501784 9.344454 -13.432750 -2.756461
1769098185.551793 9.340158 -13.434421 -2.755062
1769098185.601780 9.340129 -13.434355 -2.753675
1769098185.651794 9.329467 -13.438640 -2.752533
1769098185.701817 9.325162 -13.440342 -2.753789
1769098185.751817 9.325145 -13.440294 -2.755074
1769098185.801817 9.314440 -13.444607 -2.753077
1769098185.851789 9.310186 -13.446307 -2.751781
1769098185.901790 9.310167 -13.446267 -2.750559
1769098185.951807 9.299126 -13.450761 -2.750075
1769098186.001811 9.294754 -13.452507 -2.750244
1769098186.051809 9.294734 -13.452457 -2.750412
1769098186.101793 9.290252 -13.454259 -2.754606
1769098186.151794 9.279238 -13.458696 -2.755626
1769098186.201789 9.279222 -13.458656 -2.756494
1769098186.251825 9.268267 -13.463038 -2.756156
1769098186.301788 9.263799 -13.464770 -2.751377
1769098186.351805 9.259489 -13.466468 -2.751583
1769098186.401791 9.259463 -13.466405 -2.751775
1769098186.451809 9.248711 -13.470748 -2.747706
1769098186.501794 9.248672 -13.470668 -2.743752
1769098186.551789 9.237857 -13.475114 -2.741018
1769098186.601788 9.233509 -13.476853 -2.739475
1769098186.651785 9.233468 -13.476760 -2.737985
1769098186.701793 9.223031 -13.481113 -2.740321
1769098186.751798 9.218917 -13.482758 -2.741484
1769098186.801856 9.214830 -13.484389 -2.742960
1769098186.851795 9.208310 -13.487036 -2.743188
1769098186.901802 9.203910 -13.488783 -2.743463
1769098186.951798 9.203874 -13.488696 -2.743697
1769098187.001895 9.192949 -13.493198 -2.745689
1769098187.051802 9.188619 -13.494917 -2.744939
1769098187.101848 9.184155 -13.496698 -2.746711
1769098187.151863 9.177462 -13.499400 -2.746100
1769098187.201803 9.172970 -13.501188 -2.746813
1769098187.251809 9.172941 -13.501117 -2.747482
1769098187.301806 9.162017 -13.505570 -2.748138
1769098187.351854 9.157662 -13.507294 -2.749436
1769098187.401807 9.157637 -13.507229 -2.750656
1769098187.451881 9.146989 -13.511548 -2.750185
1769098187.501815 9.142695 -13.513233 -2.746431
1769098187.551807 9.142652 -13.513143 -2.742702
1769098187.601831 9.131992 -13.517548 -2.742173
1769098187.651814 9.127719 -13.519271 -2.741439
1769098187.701818 9.127689 -13.519201 -2.740736
1769098187.751829 9.116826 -13.523722 -2.740345
1769098187.801851 9.112437 -13.525497 -2.739633
1769098187.851884 9.112404 -13.525421 -2.738939
1769098187.901819 9.101516 -13.529955 -2.741321
1769098187.951834 9.097104 -13.531732 -2.744581
1769098188.001848 9.097083 -13.531670 -2.747737
1769098188.051844 9.086171 -13.536143 -2.751446
1769098188.101815 9.081737 -13.537888 -2.748828
1769098188.151826 9.081701 -13.537811 -2.746203
1769098188.201817 9.070758 -13.542284 -2.744558
1769098188.251818 9.066435 -13.544013 -2.744750
1769098188.301826 9.062045 -13.545779 -2.745555
1769098188.351845 9.057654 -13.547549 -2.744922
1769098188.401845 9.051213 -13.550187 -2.745430
1769098188.451825 9.046863 -13.551930 -2.743179
1769098188.501823 9.046829 -13.551857 -2.740958
1769098188.551825 9.036199 -13.556280 -2.742486
1769098188.601824 9.031950 -13.557996 -2.742709
1769098188.651860 9.027638 -13.559746 -2.744616
1769098188.701825 9.021100 -13.562416 -2.743404
1769098188.751844 9.016754 -13.564165 -2.741234
1769098188.801830 9.012339 -13.565943 -2.740366
1769098188.851840 9.005835 -13.568619 -2.741885
1769098188.901830 9.001285 -13.570464 -2.744087
1769098188.951838 9.001265 -13.570408 -2.746220
1769098189.001894 8.990479 -13.574853 -2.750073
1769098189.051844 8.986006 -13.576632 -2.749487
1769098189.101834 8.981583 -13.578391 -2.750688
1769098189.151919 8.975046 -13.581005 -2.750039
1769098189.201934 8.970692 -13.582731 -2.750668
1769098189.251831 8.970669 -13.582672 -2.751278
1769098189.301840 8.959973 -13.587010 -2.750530
1769098189.351837 8.955685 -13.588707 -2.746606
1769098189.401834 8.951356 -13.590432 -2.743254
1769098189.451837 8.944912 -13.593061 -2.742008
1769098189.501836 8.940526 -13.594836 -2.742184
1769098189.551850 8.940499 -13.594772 -2.742398
1769098189.601834 8.929758 -13.599247 -2.745209
1769098189.651878 8.925437 -13.600993 -2.744285
1769098189.701838 8.925411 -13.600937 -2.743318
1769098189.751874 8.914577 -13.605410 -2.742616
1769098189.801864 8.910234 -13.607162 -2.744047
1769098189.851850 8.910211 -13.607102 -2.745427
1769098189.901876 8.899282 -13.611607 -2.746361
1769098189.951849 8.894892 -13.613379 -2.746187
1769098190.001862 8.894870 -13.613327 -2.746028
1769098190.051870 8.883819 -13.617870 -2.744632
1769098190.101857 8.879333 -13.619675 -2.744863
1769098190.151835 8.879307 -13.619612 -2.745078
1769098190.201845 8.868448 -13.624089 -2.745800
1769098190.251847 8.864150 -13.625822 -2.745226
1769098190.301845 8.864125 -13.625767 -2.744617
1769098190.351856 8.853476 -13.630158 -2.742425
1769098190.401849 8.849228 -13.631874 -2.741941
1769098190.451858 8.849200 -13.631809 -2.741501
1769098190.501850 8.838523 -13.636254 -2.740805
1769098190.551861 8.834194 -13.638032 -2.741777
1769098190.601852 8.834177 -13.637989 -2.742781
1769098190.651851 8.823546 -13.642413 -2.741912
1769098190.701857 8.819354 -13.644131 -2.742984
1769098190.751939 8.819339 -13.644090 -2.744036
1769098190.801875 8.808306 -13.648671 -2.747385
1769098190.851853 8.803989 -13.650422 -2.748665
1769098190.901858 8.803977 -13.650389 -2.749856
1769098190.951852 8.792983 -13.654879 -2.750193
1769098191.001860 8.788565 -13.656649 -2.750871
1769098191.051857 8.788548 -13.656606 -2.751518
1769098191.101858 8.777759 -13.660993 -2.749515
1769098191.151870 8.773397 -13.662758 -2.750553
1769098191.201914 8.769037 -13.664530 -2.750685
1769098191.251870 8.762592 -13.667160 -2.748944
1769098191.301862 8.758275 -13.668912 -2.746922
1769098191.351871 8.758255 -13.668873 -2.744968
1769098191.401863 8.747478 -13.673340 -2.744526
1769098191.451864 8.743265 -13.675073 -2.745714
1769098191.501858 8.743257 -13.675049 -2.746894
1769098191.551868 8.732471 -13.679510 -2.745470
1769098191.601897 8.728210 -13.681256 -2.745589
1769098191.651931 8.728198 -13.681227 -2.745760
1769098191.701871 8.717347 -13.685727 -2.744786
1769098191.751905 8.712934 -13.687558 -2.747957
1769098191.801896 8.712938 -13.687556 -2.751141
1769098191.851897 8.701877 -13.692126 -2.754902
1769098191.901884 8.697445 -13.693935 -2.753815
1769098191.951976 8.697443 -13.693934 -2.752667
1769098192.001915 8.686421 -13.698425 -2.751023
1769098192.051983 8.682106 -13.700178 -2.751207
1769098192.101870 8.682098 -13.700159 -2.751362
1769098192.151877 8.671371 -13.704561 -2.751302
1769098192.201874 8.667127 -13.706290 -2.749451
1769098192.251874 8.667115 -13.706268 -2.747626
1769098192.301877 8.656476 -13.710673 -2.745259
1769098192.351878 8.652174 -13.712454 -2.745054
1769098192.401900 8.652167 -13.712436 -2.744902
1769098192.451869 8.641296 -13.716997 -2.747488
1769098192.501882 8.636925 -13.718815 -2.746786
1769098192.551877 8.632582 -13.720625 -2.748159
1769098192.601972 8.628183 -13.722442 -2.748736
1769098192.651890 8.621725 -13.725107 -2.749897
1769098192.701885 8.617262 -13.726953 -2.754239
1769098192.751888 8.617277 -13.726974 -2.758508
1769098192.801885 8.606391 -13.731388 -2.760084
1769098192.851898 8.606405 -13.731417 -2.761490
1769098192.901882 8.595654 -13.735751 -2.760572
1769098192.951880 8.591269 -13.737538 -2.758888
1769098193.001885 8.591275 -13.737557 -2.757203
1769098193.051886 8.580287 -13.742037 -2.759283
1769098193.101940 8.576236 -13.743702 -2.758508
1769098193.151886 8.576247 -13.743730 -2.757727
1769098193.201904 8.565530 -13.748083 -2.756200
1769098193.251890 8.561291 -13.749824 -2.754706
1769098193.301894 8.561294 -13.749835 -2.753237
1769098193.351893 8.550647 -13.754216 -2.754079
1769098193.401894 8.546324 -13.756012 -2.754152
1769098193.451892 8.546335 -13.756038 -2.754237
1769098193.501895 8.535574 -13.760473 -2.754198
1769098193.551895 8.531228 -13.762283 -2.752923
1769098193.601913 8.531237 -13.762309 -2.751685
1769098193.651910 8.520177 -13.766883 -2.754078
1769098193.701900 8.515787 -13.768717 -2.755884
1769098193.751904 8.515807 -13.768759 -2.757623
1769098193.801909 8.511393 -13.770595 -2.760599
1769098193.851924 8.500435 -13.775033 -2.761137
1769098193.901922 8.500454 -13.775075 -2.761552
1769098193.951967 8.489561 -13.779473 -2.760702
1769098194.002023 8.485261 -13.781253 -2.761898
1769098194.051950 8.480997 -13.783007 -2.758239
1769098194.101908 8.476727 -13.784792 -2.757602
1769098194.151899 8.470265 -13.787452 -2.753736
1769098194.201902 8.465995 -13.789245 -2.752609
1769098194.251924 8.466009 -13.789282 -2.751557
1769098194.301894 8.455243 -13.793767 -2.754211
1769098194.351909 8.450931 -13.795588 -2.755389
1769098194.401921 8.450957 -13.795645 -2.756544
1769098194.451905 8.440144 -13.800093 -2.757474
1769098194.501899 8.435728 -13.801934 -2.757767
1769098194.551916 8.435749 -13.801983 -2.758017
1769098194.601907 8.424837 -13.806450 -2.761166
1769098194.651947 8.424869 -13.806517 -2.764241
1769098194.701911 8.414362 -13.810775 -2.765234
1769098194.751913 8.409947 -13.812612 -2.765017
1769098194.801930 8.409980 -13.812690 -2.764814
1769098194.851910 8.398894 -13.817150 -2.763364
1769098194.901925 8.394573 -13.818946 -2.764156
1769098194.951913 8.394604 -13.819017 -2.764982
1769098195.001928 8.383780 -13.823376 -2.764684
1769098195.054995 8.379595 -13.825108 -2.763347
1769098195.101914 8.379619 -13.825168 -2.762223
1769098195.151928 8.375315 -13.826951 -2.759808
1769098195.201917 8.364634 -13.831313 -2.759339
1769098195.251926 8.364660 -13.831375 -2.759007
1769098195.301920 8.353966 -13.835772 -2.758346
1769098195.351948 8.349633 -13.837612 -2.757193
1769098195.401921 8.345231 -13.839483 -2.756389
1769098195.451919 8.345261 -13.839555 -2.755631
1769098195.501934 8.334364 -13.844062 -2.758043
1769098195.551928 8.329916 -13.845950 -2.761697
1769098195.601940 8.329960 -13.846045 -2.765232
1769098195.651921 8.319057 -13.850470 -2.768676
1769098195.701933 8.314683 -13.852282 -2.767144
1769098195.751928 8.314715 -13.852361 -2.765558
1769098195.801939 8.303746 -13.856770 -2.762627
1769098195.851944 8.299453 -13.858572 -2.762620
1769098195.901975 8.299486 -13.858650 -2.762613
1769098195.951959 8.288684 -13.863056 -2.760970
1769098196.001974 8.288717 -13.863137 -2.759430
1769098196.051936 8.278159 -13.867474 -2.757470
1769098196.101940 8.273895 -13.869284 -2.756539
1769098196.151942 8.269618 -13.871117 -2.759580
1769098196.201933 8.265382 -13.872925 -2.760496
1769098196.251939 8.258965 -13.875612 -2.762328
1769098196.301934 8.254655 -13.877438 -2.761799
1769098196.352001 8.254692 -13.877527 -2.761313
1769098196.401952 8.243792 -13.881971 -2.758522
1769098196.451935 8.239485 -13.883803 -2.759331
1769098196.501957 8.239523 -13.883889 -2.760175
1769098196.552000 8.228518 -13.888403 -2.761045
1769098196.601958 8.224071 -13.890292 -2.763647
1769098196.651937 8.219618 -13.892171 -2.764464
1769098196.701939 8.212997 -13.894903 -2.765846
1769098196.751964 8.208628 -13.896724 -2.765485
1769098196.801935 8.208662 -13.896805 -2.765061
1769098196.851955 8.197848 -13.901185 -2.765711
1769098196.901968 8.193602 -13.902969 -2.765190
1769098196.951954 8.193640 -13.903059 -2.764700
1769098197.001964 8.183035 -13.907354 -2.759015
1769098197.051943 8.178774 -13.909165 -2.757092
1769098197.101963 8.178803 -13.909239 -2.755301
1769098197.151957 8.168014 -13.913738 -2.755102
1769098197.201970 8.163743 -13.915589 -2.756307
1769098197.251962 8.163787 -13.915690 -2.757528
1769098197.301956 8.152893 -13.920212 -2.757530
1769098197.351948 8.148540 -13.922073 -2.755831
1769098197.401947 8.148572 -13.922152 -2.754132
1769098197.451956 8.137729 -13.926665 -2.756472
1769098197.501959 8.133424 -13.928504 -2.757509
1769098197.551963 8.133460 -13.928588 -2.758552
1769098197.601955 8.122498 -13.933085 -2.754374
1769098197.651969 8.118118 -13.934948 -2.752462
1769098197.701953 8.113713 -13.936815 -2.749744
1769098197.751981 8.107466 -13.939460 -2.749485
1769098197.802002 8.103063 -13.941335 -2.747439
1769098197.852041 8.103076 -13.941372 -2.745395
1769098197.901972 8.092658 -13.945785 -2.745873
1769098197.952048 8.092679 -13.945833 -2.746310
1769098198.001985 8.088607 -13.947581 -2.743231
1769098198.052042 8.082301 -13.950280 -2.742215
1769098198.101972 8.078026 -13.952127 -2.742515
1769098198.151958 8.067393 -13.956675 -2.744454
1769098198.201981 8.063070 -13.958542 -2.741577
1769098198.251959 8.063081 -13.958575 -2.738778
1769098198.301977 8.052451 -13.963135 -2.738085
1769098198.351971 8.048066 -13.965043 -2.739451
1769098198.401961 8.048082 -13.965079 -2.740819
1769098198.451972 8.037075 -13.969788 -2.743478
1769098198.501982 8.032711 -13.971680 -2.747307
1769098198.552063 8.032741 -13.971744 -2.751032
1769098198.601965 8.028344 -13.973630 -2.751505
1769098198.651979 8.017453 -13.978168 -2.750028
1769098198.701985 8.013100 -13.980027 -2.749168
1769098198.751966 8.013120 -13.980075 -2.748329
1769098198.802003 8.002505 -13.984541 -2.746213
1769098198.851987 7.998261 -13.986392 -2.746906
1769098198.901989 7.998292 -13.986463 -2.747661
1769098198.951962 7.987505 -13.991037 -2.746628
1769098199.001980 7.983166 -13.992930 -2.744793
1769098199.052000 7.983191 -13.992993 -2.743010
1769098199.101975 7.972564 -13.997554 -2.745783
1769098199.152000 7.968325 -13.999423 -2.747503
1769098199.202001 7.968365 -13.999512 -2.749143
1769098199.251997 7.957591 -14.004061 -2.747695
1769098199.301993 7.953275 -14.005943 -2.747091
1769098199.352000 7.953305 -14.006015 -2.746464
1769098199.401975 7.942479 -14.010628 -2.747361
1769098199.451998 7.938120 -14.012539 -2.746845
1769098199.501997 7.938154 -14.012620 -2.746306
1769098199.551983 7.927064 -14.017330 -2.745759
1769098199.601996 7.922631 -14.019261 -2.745792
1769098199.652006 7.918359 -14.021120 -2.744875
1769098199.702019 7.911944 -14.023885 -2.745916
1769098199.752000 7.907742 -14.025717 -2.743783
1769098199.802006 7.907764 -14.025773 -2.741653
1769098199.852008 7.897152 -14.030316 -2.738588
1769098199.902017 7.892958 -14.032161 -2.737397
1769098199.952062 7.892975 -14.032203 -2.736255
1769098200.002024 7.882330 -14.036847 -2.737094
1769098200.052011 7.878039 -14.038777 -2.740709
1769098200.101994 7.878082 -14.038871 -2.744322
1769098200.152030 7.867200 -14.043549 -2.744241
1769098200.201988 7.862852 -14.045483 -2.745209
1769098200.251987 7.862893 -14.045578 -2.746170
1769098200.301993 7.851976 -14.050240 -2.749762
1769098200.351997 7.847715 -14.052116 -2.751869
1769098200.402034 7.847762 -14.052223 -2.753933
1769098200.452011 7.837025 -14.056729 -2.755092
1769098200.502048 7.832660 -14.058624 -2.754464
1769098200.552063 7.832701 -14.058722 -2.753841
1769098200.602073 7.822175 -14.063137 -2.751009
1769098200.651995 7.817866 -14.065030 -2.752286
1769098200.701999 7.813510 -14.066945 -2.752207
1769098200.752018 7.813555 -14.067052 -2.752127
1769098200.801993 7.813600 -14.067158 -2.752049
1769098200.852022 7.813645 -14.067263 -2.751970
1769098200.901996 7.813689 -14.067367 -2.751892
1769098200.952035 7.813732 -14.067470 -2.751815
1769098201.002021 7.813775 -14.067571 -2.751737
1769098201.052061 7.777659 -14.082555 -2.751508
1769098201.102021 7.777710 -14.082676 -2.751400
1769098201.152009 7.773686 -14.084467 -2.750021
1769098201.202022 7.773732 -14.084577 -2.748706
1769098201.252020 7.758940 -14.090853 -2.752194
1769098201.302023 7.752324 -14.093725 -2.753735
1769098201.352030 7.752384 -14.093864 -2.755224
1769098201.402033 7.748227 -14.095725 -2.758642
1769098201.452031 7.748297 -14.095883 -2.761980
1769098201.502006 7.748373 -14.096055 -2.765289
1769098201.552040 7.732947 -14.102338 -2.762874
1769098201.602030 7.722129 -14.106835 -2.764054
1769098201.652048 7.722201 -14.107004 -2.765186
1769098201.702055 7.722276 -14.107177 -2.766308
1769098201.752048 7.707355 -14.113277 -2.763210
1769098201.802033 7.703154 -14.115167 -2.761325
1769098201.852039 7.703228 -14.115346 -2.759534
1769098201.902053 7.692386 -14.119915 -2.760397
1769098201.952043 7.688075 -14.121867 -2.763110
1769098202.002100 7.688162 -14.122068 -2.765765
1769098202.052079 7.677322 -14.126577 -2.766973
1769098202.102043 7.672972 -14.128506 -2.766159
1769098202.152089 7.673048 -14.128689 -2.765323
1769098202.202046 7.668746 -14.130597 -2.765894
1769098202.252048 7.662210 -14.133393 -2.769321
1769098202.302042 7.657928 -14.135286 -2.770499
1769098202.352033 7.653572 -14.137201 -2.770315
1769098202.402044 7.647027 -14.139976 -2.770057
1769098202.452055 7.642607 -14.141929 -2.771372
1769098202.502041 7.631601 -14.146435 -2.771652
1769098202.552021 7.627323 -14.148333 -2.772881
1769098202.602020 7.627411 -14.148542 -2.774088
1769098202.652028 7.623154 -14.150428 -2.773810
1769098202.702040 7.616799 -14.153130 -2.774377
1769098202.752020 7.612590 -14.155001 -2.772820
1769098202.802034 7.612676 -14.155208 -2.771273
1769098202.852024 7.612758 -14.155407 -2.769739
1769098202.902025 7.612837 -14.155597 -2.768216
1769098202.952024 7.589293 -14.165073 -2.766835
1769098203.002025 7.582792 -14.167889 -2.767988
1769098203.052026 7.578449 -14.169836 -2.766075
1769098203.102030 7.574159 -14.171775 -2.767217
1769098203.152045 7.567531 -14.174617 -2.768541
1769098203.202029 7.563212 -14.176555 -2.771150
1769098203.252037 7.563307 -14.176778 -2.773647
1769098203.302034 7.552344 -14.181256 -2.774809
1769098203.352055 7.548017 -14.183172 -2.775367
1769098203.402031 7.543655 -14.185075 -2.771508
1769098203.452043 7.537268 -14.187776 -2.768241
1769098203.502043 7.533014 -14.189671 -2.767594
1769098203.552108 7.533093 -14.189862 -2.766978
1769098203.602074 7.522345 -14.194328 -2.766157
1769098203.652111 7.522428 -14.194529 -2.765473
1769098203.702071 7.518388 -14.196350 -2.761988
1769098203.752076 7.507661 -14.200868 -2.764483
1769098203.802032 7.503444 -14.202786 -2.766290
1769098203.852062 7.499224 -14.204698 -2.767178
1769098203.902041 7.492764 -14.207486 -2.767286
1769098203.952081 7.492853 -14.207700 -2.767394
1769098204.002074 7.482168 -14.212127 -2.765475
1769098204.052102 7.477945 -14.214031 -2.766963
1769098204.102116 7.478033 -14.214240 -2.768452
1769098204.152059 7.467258 -14.218711 -2.768870
1769098204.202045 7.462895 -14.220674 -2.770811
1769098204.252069 7.462991 -14.220903 -2.772726
1769098204.302050 7.451896 -14.225458 -2.773777
1769098204.352053 7.447474 -14.227413 -2.773022
1769098204.402083 7.447561 -14.227625 -2.772207
1769098204.452055 7.436769 -14.232052 -2.773339
1769098204.502063 7.432583 -14.233915 -2.773072
1769098204.552073 7.432670 -14.234126 -2.772767
1769098204.602131 7.422461 -14.238308 -2.768922
1769098204.652070 7.418227 -14.240190 -2.765977
1769098204.702127 7.418301 -14.240370 -2.763113
1769098204.752070 7.407658 -14.244830 -2.761830
1769098204.802072 7.403627 -14.246671 -2.762595
1769098204.852091 7.399313 -14.248622 -2.762316
1769098204.902059 7.392953 -14.251389 -2.762507
1769098204.952080 7.393035 -14.251587 -2.762724
1769098205.002082 7.382413 -14.256036 -2.764425
1769098205.052083 7.378282 -14.257900 -2.766981
1769098205.102077 7.374006 -14.259810 -2.768616
1769098205.152078 7.367727 -14.262505 -2.771372
1769098205.202092 7.363391 -14.264407 -2.768580
1769098205.252074 7.359058 -14.266313 -2.765544
1769098205.302097 7.352512 -14.269095 -2.763109
1769098205.352084 7.352576 -14.269252 -2.760734
1769098205.402066 7.342118 -14.273633 -2.760053
1769098205.452087 7.337934 -14.275506 -2.758158
1769098205.502083 7.337999 -14.275663 -2.756291
1769098205.552077 7.327433 -14.280119 -2.753204
1769098205.602091 7.323488 -14.281904 -2.753635
1769098205.652102 7.319233 -14.283804 -2.751823
1769098205.702093 7.312925 -14.286565 -2.752853
1769098205.752088 7.308653 -14.288487 -2.754147
1769098205.802096 7.308716 -14.288639 -2.755445
1769098205.852118 7.297946 -14.293195 -2.753019
1769098205.902095 7.293600 -14.295139 -2.751375
1769098205.952108 7.289258 -14.297089 -2.752102
1769098206.002116 7.282830 -14.299892 -2.753150
1769098206.052181 7.282890 -14.300037 -2.754151
1769098206.102088 7.272149 -14.304594 -2.758061
1769098206.152078 7.267795 -14.306520 -2.757355
1769098206.202094 7.267853 -14.306661 -2.756575
1769098206.252095 7.256926 -14.311238 -2.755770
1769098206.302080 7.252686 -14.313105 -2.755129
1769098206.352160 7.252736 -14.313226 -2.754531
1769098206.402083 7.242217 -14.317662 -2.753275
1769098206.452134 7.238053 -14.319515 -2.750879
1769098206.502101 7.238100 -14.319631 -2.748558
1769098206.552099 7.227371 -14.324218 -2.746313
1769098206.602082 7.223051 -14.326157 -2.745553
1769098206.652105 7.223097 -14.326269 -2.744864
1769098206.702087 7.212363 -14.330910 -2.747318
1769098206.753826 7.208137 -14.332811 -2.746817
1769098206.802107 7.203890 -14.334727 -2.748044
1769098206.852108 7.199541 -14.336664 -2.746971
1769098206.902116 7.193139 -14.339464 -2.748267
1769098206.952161 7.188809 -14.341380 -2.746764
1769098207.002093 7.184506 -14.343296 -2.746620
1769098207.052090 7.177985 -14.346138 -2.745774
1769098207.102088 7.173612 -14.348080 -2.745039
1769098207.152141 7.173650 -14.348175 -2.744323
1769098207.202098 7.162671 -14.352885 -2.744481
1769098207.252101 7.158320 -14.354817 -2.744357
1769098207.302110 7.158357 -14.354906 -2.744208
1769098207.352110 7.147632 -14.359507 -2.742526
1769098207.402103 7.143426 -14.361389 -2.743344
1769098207.452102 7.139143 -14.363286 -2.740262
1769098207.502110 7.132839 -14.366057 -2.739563
1769098207.552109 7.128561 -14.367965 -2.738707
1769098207.602109 7.128590 -14.368037 -2.737871
1769098207.652092 7.118221 -14.372563 -2.737358
1769098207.702137 7.113905 -14.374510 -2.738347
1769098207.752172 7.109796 -14.376361 -2.738661
1769098207.802124 7.103242 -14.379254 -2.740035
1769098207.852117 7.103279 -14.379343 -2.741359
1769098207.902133 7.092518 -14.383985 -2.742747
1769098207.952155 7.088216 -14.385900 -2.745482
1769098208.002136 7.088258 -14.385999 -2.748114
1769098208.052137 7.083905 -14.387922 -2.751184
1769098208.102104 7.072943 -14.392546 -2.751508
1769098208.152174 7.072983 -14.392642 -2.751698
1769098208.202182 7.062229 -14.397171 -2.748794
1769098208.252118 7.058156 -14.398978 -2.750018
1769098208.302123 7.058201 -14.399085 -2.751261
1769098208.352109 7.047672 -14.403559 -2.750159
1769098208.402120 7.043392 -14.405463 -2.748670
1769098208.452108 7.039303 -14.407296 -2.748403
1769098208.502134 7.033134 -14.409995 -2.749651
1769098208.552109 7.028950 -14.411864 -2.748746
1769098208.602125 7.028997 -14.411979 -2.747835
1769098208.652125 7.018289 -14.416555 -2.746295
1769098208.702150 7.014081 -14.418431 -2.745653
1769098208.752138 7.014119 -14.418525 -2.744007
1769098208.802114 7.003331 -14.423169 -2.743835
1769098208.852126 7.003370 -14.423263 -2.743664
1769098208.902132 6.992867 -14.427798 -2.745394
1769098208.952112 6.992913 -14.427907 -2.747136
1769098209.002121 6.982299 -14.432445 -2.747569
1769098209.052135 6.977946 -14.434370 -2.747749
1769098209.102132 6.977987 -14.434468 -2.747927
1769098209.152130 6.967597 -14.438887 -2.747413
1769098209.202136 6.963315 -14.440783 -2.749313
1769098209.252139 6.963360 -14.440889 -2.751211
1769098209.302127 6.952947 -14.445315 -2.750095
1769098209.352135 6.948711 -14.447192 -2.746875
1769098209.402133 6.944552 -14.449056 -2.744301
1769098209.452141 6.938176 -14.451851 -2.742799
1769098209.502142 6.933933 -14.453775 -2.743762
1769098209.552149 6.933983 -14.453894 -2.744772
1769098209.602172 6.923011 -14.458623 -2.744542
1769098209.652155 6.918716 -14.460554 -2.745410
1769098209.702143 6.918764 -14.460668 -2.746272
1769098209.753942 6.907921 -14.465313 -2.747001
1769098209.802228 6.903574 -14.467249 -2.750468
1769098209.852227 6.903626 -14.467373 -2.754012
1769098209.902163 6.892733 -14.471962 -2.755056
1769098209.952154 6.888420 -14.473854 -2.753237
1769098210.002164 6.888465 -14.473961 -2.751405
1769098210.052147 6.877528 -14.478580 -2.749262
1769098210.102141 6.873243 -14.480469 -2.748088
1769098210.152156 6.873281 -14.480562 -2.746990
1769098210.202133 6.862434 -14.485195 -2.746775
1769098210.252132 6.858175 -14.487083 -2.746157
1769098210.302152 6.858213 -14.487176 -2.745517
1769098210.352147 6.847837 -14.491624 -2.743322
1769098210.402154 6.843605 -14.493508 -2.743360
1769098210.452158 6.843642 -14.493596 -2.743490
1769098210.502134 6.832999 -14.498193 -2.743928
1769098210.552140 6.828791 -14.500072 -2.740430
1769098210.602136 6.828822 -14.500149 -2.736958
1769098210.652164 6.817986 -14.504875 -2.735106
1769098210.702160 6.813645 -14.506826 -2.735161
1769098210.752165 6.813674 -14.506895 -2.735215
1769098210.802156 6.802686 -14.511715 -2.738548
1769098210.852142 6.798275 -14.513695 -2.741883
1769098210.902163 6.793899 -14.515632 -2.741459
1769098210.952139 6.789619 -14.517533 -2.742789
1769098211.002143 6.783088 -14.520354 -2.739664
1769098211.052229 6.783104 -14.520397 -2.736491
1769098211.102147 6.772609 -14.524953 -2.735229
1769098211.152164 6.768652 -14.526711 -2.731712
1769098211.202171 6.768663 -14.526741 -2.728209
1769098211.252166 6.758199 -14.531367 -2.724925
1769098211.302144 6.753951 -14.533276 -2.723238
1769098211.352150 6.753957 -14.533293 -2.721590
1769098211.402149 6.743269 -14.538097 -2.723785
1769098211.452174 6.739001 -14.540025 -2.725418
1769098211.502167 6.739017 -14.540062 -2.726999
1769098211.552167 6.728329 -14.544806 -2.728712
1769098211.602161 6.724049 -14.546707 -2.728060
1769098211.652187 6.724057 -14.546727 -2.727373
1769098211.702188 6.713171 -14.551527 -2.727872
1769098211.752213 6.708938 -14.553408 -2.727784
1769098211.802208 6.708946 -14.553426 -2.727710
1769098211.852211 6.698249 -14.558150 -2.728498
1769098211.902214 6.693759 -14.560140 -2.727916
1769098211.952293 6.693765 -14.560156 -2.727285
1769098212.002208 6.683182 -14.564823 -2.727693
1769098212.052185 6.678880 -14.566738 -2.729784
1769098212.102164 6.674853 -14.568520 -2.729352
1769098212.152170 6.668553 -14.571298 -2.728384
1769098212.202187 6.668559 -14.571313 -2.727449
1769098212.252165 6.658414 -14.575786 -2.724275
1769098212.302164 6.654396 -14.577586 -2.724099
1769098212.352165 6.650475 -14.579361 -2.723397
1769098212.402178 6.644014 -14.582272 -2.722913
1769098212.452163 6.644027 -14.582303 -2.722564
1769098212.502177 6.633480 -14.587051 -2.723916
1769098212.552189 6.629374 -14.588910 -2.722677
1769098212.602189 6.629383 -14.588934 -2.721421
1769098212.652184 6.618508 -14.593818 -2.724317
1769098212.702184 6.614468 -14.595636 -2.725524
1769098212.752202 6.614481 -14.595664 -2.726656
1769098212.802186 6.603808 -14.600385 -2.725941
1769098212.852204 6.603813 -14.600397 -2.725111
1769098212.902191 6.593437 -14.604978 -2.720619
1769098212.952193 6.589187 -14.606881 -2.720162
1769098213.002263 6.585121 -14.608702 -2.718357
1769098213.052239 6.578937 -14.611489 -2.716830
1769098213.102189 6.574627 -14.613445 -2.717018
1769098213.152172 6.574630 -14.613452 -2.717217
1769098213.202204 6.564045 -14.618241 -2.716102
1769098213.252172 6.564045 -14.618242 -2.715038
1769098213.302259 6.553953 -14.622829 -2.716472
1769098213.352196 6.549897 -14.624671 -2.717718
1769098213.402199 6.549902 -14.624682 -2.718929
1769098213.452195 6.539195 -14.629506 -2.718846
1769098213.502198 6.534876 -14.631443 -2.716652
1769098213.552214 6.534868 -14.631429 -2.714488
1769098213.602228 6.524037 -14.636345 -2.715629
1769098213.652295 6.519908 -14.638209 -2.716349
1769098213.702206 6.515733 -14.640093 -2.718742
1769098213.752235 6.509337 -14.642967 -2.719074
1769098213.802232 6.509337 -14.642965 -2.719336
1769098213.852232 6.498495 -14.647807 -2.717588
1769098213.902252 6.494449 -14.649608 -2.717946
1769098213.952230 6.494441 -14.649588 -2.718287
1769098214.002227 6.484071 -14.654238 -2.717695
1769098214.052185 6.479862 -14.656111 -2.715112
1769098214.102221 6.479846 -14.656078 -2.712571
1769098214.152210 6.469339 -14.660851 -2.709477
1769098214.202194 6.465079 -14.662789 -2.709653
1769098214.252211 6.465070 -14.662767 -2.709948
1769098214.302207 6.454445 -14.667647 -2.710428
1769098214.352219 6.450140 -14.669615 -2.710106
1769098214.402220 6.450135 -14.669604 -2.709773
1769098214.452224 6.439406 -14.674508 -2.708256
1769098214.502214 6.435214 -14.676414 -2.710090
1769098214.552268 6.435207 -14.676394 -2.711912
1769098214.602192 6.424428 -14.681307 -2.713178
1769098214.652194 6.420119 -14.683262 -2.715485
1769098214.702200 6.420120 -14.683262 -2.717734
1769098214.752241 6.409300 -14.688145 -2.716503
1769098214.802225 6.404892 -14.690131 -2.714954
1769098214.852223 6.404884 -14.690116 -2.713457
1769098214.902202 6.394307 -14.694924 -2.712510
1769098214.952217 6.390047 -14.696865 -2.712464
1769098215.002225 6.390044 -14.696859 -2.712432
1769098215.052201 6.379724 -14.701562 -2.710251
1769098215.102199 6.375554 -14.703458 -2.709790
1769098215.152206 6.375545 -14.703437 -2.709373
1769098215.202226 6.365058 -14.708253 -2.709560
1769098215.252291 6.360803 -14.710206 -2.711126
1769098215.302200 6.360804 -14.710205 -2.712661
1769098215.352212 6.350310 -14.715008 -2.711538
1769098215.402224 6.345962 -14.717001 -2.711814
1769098215.452230 6.345962 -14.717001 -2.712127
1769098215.502230 6.335098 -14.721970 -2.713166
1769098215.552275 6.330772 -14.723949 -2.715721
1769098215.602255 6.330780 -14.723964 -2.718201
1769098215.652315 6.319931 -14.728852 -2.717938
1769098215.702258 6.315592 -14.730806 -2.718868
1769098215.752256 6.315594 -14.730809 -2.719738
1769098215.802257 6.305177 -14.735482 -2.718209
1769098215.852240 6.301095 -14.737326 -2.718149
1769098215.902252 6.296877 -14.739240 -2.717207
1769098215.952384 6.290769 -14.742012 -2.714475
1769098216.002221 6.290766 -14.742009 -2.711900
1769098216.052254 6.280735 -14.746607 -2.710321
1769098216.102228 6.280731 -14.746601 -2.708864
1769098216.152238 6.270347 -14.751400 -2.709938
1769098216.202237 6.266308 -14.753273 -2.712428
1769098216.252212 6.266319 -14.753294 -2.714898
1769098216.302222 6.255935 -14.758039 -2.715147
1769098216.352238 6.255945 -14.758059 -2.715327
1769098216.402231 6.245697 -14.762734 -2.715271
1769098216.452224 6.241557 -14.764637 -2.716220
1769098216.502248 6.241568 -14.764661 -2.717109
1769098216.552242 6.231005 -14.769489 -2.720701
1769098216.602242 6.226606 -14.771498 -2.719678
1769098216.652246 6.226623 -14.771533 -2.720751
1769098216.702241 6.215705 -14.776452 -2.719203
1769098216.752250 6.211654 -14.778307 -2.719806
1769098216.802230 6.211668 -14.778337 -2.720377
1769098216.852251 6.201083 -14.783128 -2.720312
1769098216.902247 6.201101 -14.783167 -2.720207
1769098216.952241 6.190976 -14.787750 -2.717394
1769098217.002304 6.187067 -14.789552 -2.715412
1769098217.052253 6.187076 -14.789575 -2.713503
1769098217.102228 6.176503 -14.794444 -2.713242
1769098217.152243 6.172176 -14.796482 -2.715502
1769098217.202251 6.172205 -14.796543 -2.717757
1769098217.252256 6.161436 -14.801475 -2.718917
1769098217.302265 6.157098 -14.803492 -2.719258
1769098217.352298 6.157123 -14.803549 -2.719584
1769098217.402253 6.146352 -14.808424 -2.719634
1769098217.452308 6.142079 -14.810398 -2.721941
1769098217.502255 6.142106 -14.810454 -2.724198
1769098217.552265 6.131505 -14.815213 -2.724224
1769098217.602242 6.127154 -14.817202 -2.724115
1769098217.652259 6.127175 -14.817250 -2.723993
1769098217.702272 6.116462 -14.822063 -2.722056
1769098217.752293 6.112199 -14.824005 -2.718807
1769098217.802325 6.112205 -14.824025 -2.715621
1769098217.852284 6.101572 -14.828889 -2.716057
1769098217.902290 6.097339 -14.830834 -2.713630
1769098217.952301 6.097342 -14.830845 -2.711273
1769098218.002343 6.093161 -14.832781 -2.711204
1769098218.052268 6.082709 -14.837611 -2.712604
1769098218.102248 6.082724 -14.837643 -2.714034
1769098218.152266 6.072162 -14.842487 -2.711768
1769098218.202248 6.067870 -14.844483 -2.710931
1769098218.252315 6.067878 -14.844502 -2.710140
1769098218.302320 6.057430 -14.849344 -2.709755
1769098218.352281 6.053023 -14.851393 -2.708972
1769098218.402247 6.053027 -14.851403 -2.708195
1769098218.452286 6.042303 -14.856378 -2.709679
1769098218.502272 6.037940 -14.858401 -2.711199
1769098218.552287 6.037949 -14.858417 -2.712654
1769098218.602262 6.033645 -14.860392 -2.711313
1769098218.652273 6.023129 -14.865216 -2.709883
1769098218.702285 6.023124 -14.865208 -2.708372
1769098218.752260 6.012618 -14.870055 -2.705706
1769098218.802278 6.008598 -14.871917 -2.703543
1769098218.852335 6.008589 -14.871900 -2.701434
1769098218.902329 5.998149 -14.876814 -2.700492
1769098218.952278 5.993859 -14.878817 -2.697787
1769098219.002278 5.993843 -14.878787 -2.695141
1769098219.052281 5.983218 -14.883844 -2.696111
1769098219.102273 5.978983 -14.885837 -2.697441
1769098219.152290 5.978976 -14.885819 -2.698748
1769098219.202275 5.968555 -14.890724 -2.698816
1769098219.252285 5.964284 -14.892705 -2.698853
1769098219.302279 5.964268 -14.892669 -2.698863
1769098219.352262 5.953593 -14.897685 -2.700765
1769098219.402280 5.953582 -14.897656 -2.702548
1769098219.452282 5.943212 -14.902490 -2.701070
1769098219.502274 5.938831 -14.904529 -2.703112
1769098219.552285 5.938827 -14.904515 -2.705125
1769098219.602292 5.934478 -14.906516 -2.702863
1769098219.652285 5.923675 -14.911555 -2.703353
1769098219.702297 5.923666 -14.911532 -2.703853
1769098219.752301 5.913200 -14.916401 -2.702854
1769098219.802320 5.909271 -14.918218 -2.701658
1769098219.852311 5.909257 -14.918191 -2.700486
1769098219.902323 5.899011 -14.922988 -2.698108
1769098219.952321 5.898988 -14.922944 -2.695841
1769098220.002309 5.894996 -14.924801 -2.694383
1769098220.052285 5.884688 -14.929703 -2.692185
1769098220.102292 5.884666 -14.929660 -2.690123
1769098220.152299 5.880373 -14.931701 -2.692294
1769098220.202291 5.869639 -14.936830 -2.692363
1769098220.252289 5.865250 -14.938911 -2.695835
1769098220.302276 5.860948 -14.940939 -2.698531
1769098220.352286 5.854516 -14.943972 -2.701665
1769098220.402363 5.850224 -14.945971 -2.701716
1769098220.452296 5.850216 -14.945954 -2.701702
1769098220.502284 5.839427 -14.950980 -2.697146
1769098220.552301 5.839393 -14.950917 -2.692517
1769098220.602294 5.829293 -14.955723 -2.691686
1769098220.652296 5.825325 -14.957579 -2.688704
1769098220.702299 5.825294 -14.957518 -2.685758
1769098220.752318 5.814992 -14.962490 -2.682858
1769098220.802299 5.810739 -14.964507 -2.681600
1769098220.852329 5.810704 -14.964434 -2.680404
1769098220.902307 5.800291 -14.969518 -2.682265
1769098220.952290 5.796061 -14.971523 -2.683246
1769098221.002303 5.796031 -14.971456 -2.684180
1769098221.052289 5.785490 -14.976568 -2.686344
1769098221.102291 5.781225 -14.978563 -2.685076
1769098221.152292 5.776983 -14.980546 -2.683880
1769098221.202308 5.770701 -14.983538 -2.683962
1769098221.252307 5.766465 -14.985529 -2.684645
1769098221.302297 5.766432 -14.985455 -2.685337
1769098221.352310 5.755602 -14.990676 -2.686076
1769098221.402323 5.751223 -14.992724 -2.686205
1769098221.452315 5.751187 -14.992646 -2.686293
1769098221.502316 5.740778 -14.997633 -2.686835
1769098221.552322 5.736547 -14.999585 -2.685321
1769098221.602393 5.732528 -15.001443 -2.685013
1769098221.652316 5.726512 -15.004289 -2.684570
1769098221.702332 5.722473 -15.006169 -2.682761
1769098221.752332 5.716457 -15.009019 -2.678663
1769098221.802330 5.716398 -15.008904 -2.674690
1769098221.852331 5.706388 -15.013826 -2.674211
1769098221.902343 5.702119 -15.015862 -2.674903
1769098221.952361 5.702077 -15.015770 -2.675629
1769098222.002334 5.691933 -15.020770 -2.677577
1769098222.052374 5.691901 -15.020696 -2.679499
1769098222.102316 5.681733 -15.025656 -2.680561
1769098222.152306 5.677388 -15.027715 -2.682726
1769098222.202383 5.673358 -15.029609 -2.683819
1769098222.252324 5.667153 -15.032585 -2.687487
1769098222.302373 5.667135 -15.032535 -2.691056
1769098222.352327 5.656855 -15.037448 -2.688994
1769098222.402378 5.652753 -15.039370 -2.687055
1769098222.452324 5.648746 -15.041262 -2.685600
1769098222.502325 5.642540 -15.044239 -2.685098
1769098222.552327 5.642513 -15.044183 -2.684652
1769098222.602330 5.632391 -15.049116 -2.686736
1769098222.652344 5.628408 -15.051004 -2.683984
1769098222.702334 5.624271 -15.052973 -2.682173
1769098222.752328 5.618413 -15.055799 -2.682051
1769098222.802340 5.618385 -15.055741 -2.681917
1769098222.852331 5.608314 -15.060663 -2.683591
1769098222.902324 5.604337 -15.062556 -2.682048
1769098222.952337 5.604306 -15.062495 -2.680543
1769098223.002332 5.593665 -15.067697 -2.678407
1769098223.052335 5.593626 -15.067621 -2.676367
1769098223.102320 5.583132 -15.072779 -2.676510
1769098223.152342 5.578820 -15.074845 -2.678387
1769098223.202344 5.574488 -15.076923 -2.681995
1769098223.252342 5.570078 -15.079022 -2.684133
1769098223.302315 5.563914 -15.081974 -2.685904
1769098223.352349 5.563888 -15.081915 -2.687557
1769098223.402338 5.559628 -15.083919 -2.689141
1769098223.452403 5.549031 -15.088986 -2.693629
1769098223.502350 5.549013 -15.088936 -2.697808
1769098223.552314 5.538743 -15.093753 -2.699946
1769098223.602353 5.534386 -15.095738 -2.700757
1769098223.652388 5.530399 -15.097547 -2.704063
1769098223.702372 5.524142 -15.100415 -2.709938
1769098223.752383 5.524139 -15.100391 -2.715612
1769098223.802351 5.519981 -15.102251 -2.721216
1769098223.852326 5.509581 -15.106851 -2.727333
1769098223.902341 5.509581 -15.106836 -2.732943
1769098223.952383 5.499084 -15.111340 -2.740439
1769098224.002365 5.494738 -15.113149 -2.746795
1769098224.052364 5.494746 -15.113147 -2.752892
1769098224.102350 5.483786 -15.117603 -2.759097
1769098224.152352 5.479342 -15.119373 -2.765270
1769098224.202351 5.474916 -15.121113 -2.772870
1769098224.252353 5.468341 -15.123637 -2.775312
1769098224.302338 5.468341 -15.123632 -2.777444
1769098224.352348 5.457555 -15.127700 -2.779685
1769098224.402350 5.453468 -15.129211 -2.782916
1769098224.452335 5.449258 -15.130747 -2.787513
1769098224.502361 5.443020 -15.133011 -2.792823
1769098224.552419 5.443019 -15.132998 -2.797829
1769098224.602342 5.432616 -15.136694 -2.804973
1769098224.652342 5.428238 -15.138206 -2.810281
1769098224.702424 5.428247 -15.138213 -2.815411
1769098224.752373 5.417318 -15.141876 -2.820112
1769098224.802362 5.412766 -15.143360 -2.825135
1769098224.852360 5.408256 -15.144799 -2.832178
1769098224.902347 5.401417 -15.146951 -2.836596
1769098224.952367 5.401415 -15.146940 -2.840680
1769098225.002361 5.389970 -15.150425 -2.843792
1769098225.052353 5.385400 -15.151774 -2.849729
1769098225.102343 5.385396 -15.151753 -2.855407
1769098225.152349 5.374370 -15.154944 -2.860041
1769098225.202366 5.369903 -15.156189 -2.865551
1769098225.252368 5.369899 -15.156172 -2.870869
1769098225.302350 5.358684 -15.159244 -2.875202
1769098225.352379 5.358679 -15.159227 -2.879046
1769098225.402365 5.348148 -15.162011 -2.883756
1769098225.452369 5.343598 -15.163156 -2.885605
1769098225.502385 5.339003 -15.164317 -2.891492
1769098225.552365 5.334396 -15.165441 -2.895275
1769098225.602426 5.327506 -15.167130 -2.901056
1769098225.652381 5.322868 -15.168226 -2.905855
1769098225.702373 5.322862 -15.168210 -2.910410
1769098225.752380 5.311345 -15.170893 -2.919623
1769098225.802407 5.311355 -15.170910 -2.928359
1769098225.852396 5.300020 -15.173353 -2.934884
1769098225.902512 5.295282 -15.174330 -2.940314
1769098225.952420 5.295286 -15.174340 -2.945429
1769098226.002473 5.283736 -15.176618 -2.950808
1769098226.052386 5.279206 -15.177475 -2.954117
1769098226.102382 5.279206 -15.177474 -2.957222
1769098226.152432 5.267799 -15.179571 -2.960487
1769098226.202381 5.263084 -15.180410 -2.963568
1769098226.252362 5.263079 -15.180401 -2.966533
1769098226.302374 5.251933 -15.182356 -2.971444
1769098226.352392 5.247287 -15.183140 -2.975622
1769098226.402390 5.247289 -15.183147 -2.979634
1769098226.452396 5.235765 -15.185002 -2.986045
1769098226.502382 5.231253 -15.185681 -2.991853
1769098226.552392 5.231250 -15.185682 -2.997407
1769098226.602387 5.219446 -15.187369 -3.005298
1769098226.652370 5.214697 -15.187991 -3.010304
1769098226.702376 5.214692 -15.187987 -3.015000
1769098226.752386 5.202959 -15.189441 -3.018623
1769098226.802403 5.198248 -15.189992 -3.024862
1769098226.852395 5.198243 -15.189993 -3.030877
1769098226.902380 5.186443 -15.191291 -3.038054
1769098226.952389 5.181683 -15.191778 -3.042442
1769098227.002389 5.181683 -15.191791 -3.046601
1769098227.052391 5.170293 -15.192854 -3.050769
1769098227.102395 5.165876 -15.193241 -3.055807
1769098227.152399 5.161252 -15.193626 -3.062143
1769098227.202396 5.154640 -15.194138 -3.066501
1769098227.252460 5.154637 -15.194147 -3.070572
1769098227.302401 5.143400 -15.194928 -3.076628
1769098227.352391 5.143396 -15.194941 -3.082268
1769098227.402396 5.132232 -15.195605 -3.089359
1769098227.452446 5.127682 -15.195841 -3.092883
1769098227.502402 5.127682 -15.195857 -3.096217
1769098227.552407 5.115802 -15.196375 -3.101989
1769098227.602405 5.115796 -15.196385 -3.107228
1769098227.652403 5.104317 -15.196758 -3.114223
1769098227.702407 5.099883 -15.196860 -3.120368
1769098227.752408 5.099874 -15.196872 -3.126218
1769098227.802404 5.088015 -15.197031 -3.131464
1769098227.852412 5.083382 -15.197063 -3.134587
1769098227.902414 5.083376 -15.197065 -3.137492
1769098227.952430 5.071764 -15.197087 -3.140578
1769098228.002405 5.067048 -15.197084 3.137898
1769098228.052400 5.067041 -15.197099 3.133329
1769098228.102389 5.055235 -15.196988 3.129961
1769098228.152422 5.050547 -15.196921 3.125969
1769098228.202410 5.045758 -15.196833 3.121136
1769098228.252448 5.040992 -15.196724 3.115011
1769098228.302399 5.033883 -15.196530 3.107902
1769098228.352418 5.029229 -15.196372 3.102207
1769098228.402418 5.024522 -15.196165 3.098448
1769098228.452394 5.017433 -15.195855 3.089126
1769098228.502414 5.012756 -15.195606 3.083107
1769098228.552448 5.007923 -15.195315 3.077025
1769098228.602423 5.001011 -15.194862 3.070951
1769098228.652416 4.996438 -15.194536 3.065548
1769098228.702420 4.989808 -15.194028 3.061350
1769098228.752496 4.985066 -15.193642 3.058021
1769098228.802422 4.985058 -15.193657 3.054882
1769098228.852444 4.973405 -15.192616 3.052416
1769098228.902425 4.973395 -15.192609 3.050359
1769098228.952414 4.962381 -15.191574 3.045023
1769098229.002418 4.957838 -15.191122 3.039943
1769098229.052429 4.957822 -15.191136 3.035056
1769098229.102418 4.946307 -15.189881 3.029643
1769098229.152405 4.941617 -15.189346 3.022911
1769098229.202432 4.941596 -15.189373 3.016407
1769098229.252425 4.930047 -15.187885 3.010976
1769098229.302434 4.930023 -15.187858 3.006788
1769098229.352428 4.925156 -15.187191 3.002464
1769098229.402412 4.913227 -15.185455 2.998773
1769098229.452425 4.908479 -15.184732 2.993197
1769098229.502428 4.908451 -15.184722 2.987858
1769098229.552451 4.896834 -15.182887 2.986576
1769098229.602415 4.892184 -15.182126 2.986447
1769098229.652446 4.892178 -15.182094 2.986393
1769098229.702455 4.880660 -15.180280 2.983426
1769098229.752474 4.876094 -15.179521 2.985772
1769098229.802452 4.876099 -15.179481 2.988107
1769098229.852448 4.864837 -15.177696 2.989823
1769098229.902462 4.860069 -15.176937 2.989406
1769098229.952452 4.860061 -15.176907 2.988945
1769098230.002440 4.848344 -15.175085 2.989212
1769098230.052438 4.843956 -15.174393 2.989009
1769098230.102428 4.839477 -15.173681 2.989750
1769098230.152440 4.832786 -15.172639 2.988858
1769098230.202439 4.832779 -15.172624 2.987961
1769098230.252434 4.821428 -15.170841 2.986852
1769098230.302437 4.816885 -15.170130 2.982635
1769098230.352445 4.816863 -15.170148 2.978515
1769098230.402443 4.805076 -15.168204 2.978131
1769098230.452451 4.800590 -15.167457 2.979017
1769098230.502434 4.796148 -15.166722 2.980412
1769098230.552444 4.789298 -15.165608 2.980431
1769098230.602442 4.789298 -15.165606 2.980426
1769098230.652517 4.778153 -15.163803 2.981637
1769098230.702458 4.773812 -15.163104 2.983936
1769098230.752442 4.769502 -15.162431 2.984022
1769098230.802448 4.762998 -15.161410 2.983806
1769098230.852447 4.762998 -15.161423 2.983568
1769098230.902445 4.752035 -15.159696 2.982157
1769098230.952451 4.747389 -15.158962 2.982382
1769098231.002454 4.747392 -15.158973 2.982604
1769098231.052453 4.735912 -15.157123 2.983723
1769098231.102452 4.731400 -15.156409 2.982469
1769098231.152520 4.726629 -15.155641 2.981916
1769098231.202453 4.719496 -15.154500 2.980506
1769098231.252462 4.719487 -15.154514 2.979092
1769098231.302456 4.708305 -15.152684 2.978797
1769098231.352466 4.703732 -15.151940 2.978179
1769098231.402455 4.703729 -15.151949 2.977579
1769098231.452433 4.692304 -15.150059 2.977206
1769098231.502479 4.687664 -15.149290 2.977184
1769098231.552458 4.687664 -15.149292 2.977186
1769098231.602448 4.676096 -15.147396 2.975671
1769098231.652464 4.671481 -15.146620 2.979463
1769098231.702465 4.671508 -15.146603 2.983224
1769098231.752488 4.659871 -15.144738 2.985464
1769098231.802482 4.655438 -15.144039 2.985494
1769098231.852486 4.655438 -15.144035 2.985488
1769098231.902481 4.644152 -15.142264 2.986393
1769098231.952515 4.644158 -15.142260 2.987206
1769098232.002466 4.633153 -15.140541 2.986558
1769098232.052486 4.628671 -15.139841 2.984882
1769098232.102448 4.624279 -15.139138 2.984079
1769098232.152465 4.617201 -15.138010 2.982653
1769098232.202451 4.612394 -15.137246 2.979671
1769098232.252474 4.612372 -15.137268 2.976785
1769098232.302454 4.600676 -15.135339 2.978717
1769098232.352472 4.600692 -15.135348 2.980623
1769098232.402480 4.589365 -15.133539 2.985934
1769098232.452476 4.584705 -15.132823 2.991951
1769098232.502478 4.584752 -15.132805 2.997757
1769098232.552482 4.573593 -15.131231 3.002471
1769098232.602458 4.569264 -15.130647 3.007470
1769098232.652468 4.564610 -15.130061 3.011009
1769098232.702483 4.557729 -15.129186 3.017409
1769098232.752501 4.553303 -15.128661 3.022326
1769098232.802473 4.548633 -15.128124 3.027288
1769098232.852549 4.541727 -15.127357 3.032842
1769098232.902478 4.541771 -15.127345 3.038036
1769098232.952479 4.530075 -15.126167 3.043018
1769098233.002532 4.525577 -15.125732 3.047780
1769098233.052485 4.525616 -15.125715 3.052357
1769098233.102483 4.514056 -15.124715 3.054987
1769098233.152491 4.514075 -15.124719 3.057196
1769098233.202491 4.502814 -15.123801 3.061256
1769098233.252466 4.498345 -15.123467 3.064398
1769098233.302536 4.498371 -15.123473 3.067383
1769098233.352472 4.486297 -15.122614 3.072596
1769098233.402485 4.481795 -15.122321 3.079464
1769098233.452491 4.481850 -15.122335 3.085784
1769098233.502479 4.470178 -15.121696 3.094414
1769098233.552472 4.465642 -15.121497 3.099171
1769098233.602514 4.458922 -15.121215 3.105646
1769098233.652500 4.454474 -15.121051 3.111106
1769098233.702507 4.450209 -15.120924 3.117080
1769098233.752535 4.443365 -15.120772 3.120736
1769098233.802537 4.443394 -15.120760 3.124047
1769098233.852509 4.432327 -15.120609 3.129112
1769098233.902522 4.427515 -15.120572 3.134439
1769098233.952511 4.422685 -15.120586 3.136580
1769098234.002548 4.415722 -15.120588 -3.140936
1769098234.052493 4.415768 -15.120588 -3.135563
1769098234.102511 4.404178 -15.120692 -3.131025
1769098234.152492 4.404213 -15.120690 -3.126928
1769098234.202487 4.393002 -15.120886 -3.125369
1769098234.252503 4.388499 -15.120984 -3.122615
1769098234.302498 4.388522 -15.120992 -3.119986
1769098234.352503 4.376649 -15.121285 -3.114519
1769098234.402493 4.371930 -15.121438 -3.108891
1769098234.452513 4.371977 -15.121430 -3.103470
1769098234.502493 4.360075 -15.121924 -3.097037
1769098234.552496 4.355341 -15.122166 -3.090210
1769098234.602494 4.355398 -15.122156 -3.083618
1769098234.652485 4.343830 -15.122854 -3.078288
1769098234.702519 4.339367 -15.123159 -3.073173
1769098234.752593 4.334929 -15.123487 -3.069897
1769098234.802519 4.328245 -15.123987 -3.065195
1769098234.852505 4.328282 -15.123976 -3.060802
1769098234.902521 4.316885 -15.124926 -3.055856
1769098234.952512 4.312350 -15.125360 -3.053548
1769098235.002522 4.307964 -15.125778 -3.048331
1769098235.052504 4.301093 -15.126461 -3.042491
1769098235.102514 4.296562 -15.126947 -3.039760
1769098235.152514 4.289914 -15.127673 -3.036781
1769098235.202529 4.289936 -15.127699 -3.034065
1769098235.252526 4.278459 -15.128986 -3.029910
1769098235.302507 4.273880 -15.129541 -3.026156
1769098235.352523 4.269467 -15.130094 -3.022041
1769098235.402502 4.262575 -15.130963 -3.018317
1769098235.452520 4.262604 -15.130979 -3.014796
1769098235.502504 4.251063 -15.132515 -3.008945
1769098235.552500 4.246414 -15.133181 -3.001709
1769098235.602526 4.246470 -15.133181 -2.994730
1769098235.652556 4.235002 -15.134929 -2.987029
1769098235.702541 4.235058 -15.134931 -2.979951
1769098235.752542 4.224034 -15.136772 -2.972968
1769098235.802524 4.219453 -15.137596 -2.969351
1769098235.852548 4.219479 -15.137617 -2.965974
1769098235.902550 4.207954 -15.139701 -2.960806
1769098235.952538 4.203312 -15.140588 -2.957642
1769098236.002556 4.203335 -15.140605 -2.954679
1769098236.052531 4.192173 -15.142765 -2.949740
1769098236.102524 4.187442 -15.143726 -2.945290
1769098236.152529 4.187474 -15.143741 -2.941104
1769098236.202523 4.175892 -15.146127 -2.934094
1769098236.252528 4.171210 -15.147144 -2.929444
1769098236.302530 4.171243 -15.147145 -2.925022
1769098236.352520 4.159781 -15.149704 -2.920506
1769098236.402529 4.159811 -15.149714 -2.916429
1769098236.452536 4.155229 -15.150780 -2.912325
1769098236.502534 4.143857 -15.153477 -2.910619
1769098236.552525 4.139549 -15.154550 -2.907227
1769098236.602548 4.133080 -15.156146 -2.900396
1769098236.652524 4.128557 -15.157301 -2.894823
1769098236.702540 4.128595 -15.157309 -2.889518
1769098236.752539 4.117112 -15.160317 -2.883726
1769098236.802538 4.112581 -15.161572 -2.878261
1769098236.852524 4.112617 -15.161598 -2.873082
1769098236.902537 4.101444 -15.164720 -2.867265
1769098236.952542 4.096894 -15.166057 -2.861702
1769098237.002547 4.096930 -15.166078 -2.856374
1769098237.052542 4.085965 -15.169347 -2.853853
1769098237.102521 4.081763 -15.170648 -2.848228
1769098237.152541 4.075272 -15.172662 -2.845194
1769098237.202545 4.070678 -15.174129 -2.841955
1769098237.252522 4.070699 -15.174171 -2.838846
1769098237.302624 4.059072 -15.177850 -2.838313
1769098237.352546 4.054448 -15.179352 -2.839181
1769098237.402539 4.050101 -15.180761 -2.839073
1769098237.452544 4.043373 -15.182914 -2.838826
1769098237.502542 4.043377 -15.182962 -2.838519
1769098237.552543 4.039157 -15.184331 -2.837179
1769098237.602535 4.028320 -15.187785 -2.835712
1769098237.652569 4.028329 -15.187823 -2.834295
1769098237.702651 4.017536 -15.191278 -2.831283
1769098237.752569 4.013367 -15.192640 -2.829779
1769098237.802571 4.013376 -15.192655 -2.828347
1769098237.852569 4.002395 -15.196244 -2.828248
1769098237.902609 4.002397 -15.196275 -2.828175
1769098237.952658 3.991416 -15.199849 -2.827154
1769098238.002596 3.987220 -15.201228 -2.828738
1769098238.052542 3.982680 -15.202702 -2.827671
1769098238.102556 3.976241 -15.204808 -2.830876
1769098238.152559 3.971783 -15.206256 -2.831398
1769098238.202558 3.971781 -15.206276 -2.831904
1769098238.252546 3.960789 -15.209802 -2.832603
1769098238.302565 3.960786 -15.209816 -2.833272
1769098238.352556 3.949538 -15.213408 -2.833344
1769098238.402633 3.945222 -15.214794 -2.833569
1769098238.452567 3.945222 -15.214807 -2.833778
1769098238.502538 3.934058 -15.218370 -2.832799
1769098238.552564 3.934063 -15.218378 -2.831839
1769098238.602554 3.923456 -15.221778 -2.830733
1769098238.652568 3.919289 -15.223118 -2.829338
1769098238.702566 3.919295 -15.223110 -2.827992
1769098238.752569 3.908695 -15.226549 -2.827479
1769098238.802571 3.908697 -15.226548 -2.827044
1769098238.852563 3.904523 -15.227914 -2.828497
1769098238.902564 3.893939 -15.231339 -2.825282
1769098238.952565 3.893952 -15.231317 -2.822118
1769098239.002571 3.883031 -15.234914 -2.823135
1769098239.052554 3.883026 -15.234906 -2.824193
1769098239.102562 3.871918 -15.238546 -2.824896
1769098239.152548 3.867293 -15.240061 -2.827294
1769098239.202570 3.867284 -15.240076 -2.829649
1769098239.252571 3.856021 -15.243700 -2.829225
1769098239.302624 3.851690 -15.245084 -2.829067
1769098239.352557 3.847113 -15.246551 -2.829057
1769098239.402582 3.847112 -15.246540 -2.829048
1769098239.452638 3.836060 -15.250097 -2.828288
1769098239.502561 3.836062 -15.250078 -2.827525
1769098239.552594 3.825063 -15.253637 -2.825642
1769098239.602590 3.820810 -15.255003 -2.822602
1769098239.652610 3.820817 -15.254961 -2.819623
1769098239.702581 3.809950 -15.258553 -2.820741
1769098239.752584 3.805528 -15.259997 -2.820754
1769098239.802608 3.805525 -15.259972 -2.820767
1769098239.852610 3.794474 -15.263598 -2.819558
1769098239.902644 3.790337 -15.264930 -2.820700
1769098239.952625 3.790329 -15.264891 -2.821806
1769098240.002590 3.779185 -15.268560 -2.826797
1769098240.052646 3.774637 -15.270010 -2.826343
1769098240.102568 3.774635 -15.269977 -2.825856
1769098240.152597 3.763159 -15.273684 -2.826491
1769098240.202550 3.758756 -15.275068 -2.825457
1769098240.252590 3.758753 -15.275011 -2.824392
1769098240.302585 3.747585 -15.278621 -2.825954
1769098240.352592 3.747575 -15.278575 -2.827480
1769098240.402604 3.736715 -15.282053 -2.827566
1769098240.452585 3.732308 -15.283430 -2.826204
1769098240.502586 3.732305 -15.283370 -2.824839
1769098240.552588 3.721687 -15.286790 -2.823408
1769098240.602640 3.717515 -15.288113 -2.825590
1769098240.652592 3.713105 -15.289504 -2.824401
1769098240.702591 3.706674 -15.291576 -2.825467
1769098240.752611 3.706667 -15.291544 -2.826563
1769098240.802652 3.695450 -15.295152 -2.823899
1769098240.852635 3.691281 -15.296469 -2.824703
1769098240.902647 3.691272 -15.296423 -2.825514
1769098240.952643 3.679906 -15.300102 -2.828735
1769098241.002586 3.675494 -15.301491 -2.829517
1769098241.052575 3.675488 -15.301459 -2.830255
1769098241.102693 3.664524 -15.304940 -2.830184
1769098241.152594 3.660013 -15.306339 -2.829408
1769098241.202625 3.660007 -15.306284 -2.828648
1769098241.252658 3.648951 -15.309791 -2.827947
1769098241.302623 3.644366 -15.311218 -2.829031
1769098241.352619 3.644356 -15.311166 -2.830106
1769098241.402586 3.633216 -15.314716 -2.830058
1769098241.452604 3.633211 -15.314681 -2.830088
1769098241.502582 3.622367 -15.318125 -2.827099
1769098241.552636 3.617974 -15.319513 -2.828972
1769098241.602671 3.617966 -15.319486 -2.830882
1769098241.652607 3.607501 -15.322836 -2.833321
1769098241.702608 3.603131 -15.324211 -2.834329
1769098241.752598 3.599001 -15.325502 -2.833937
1769098241.802623 3.592289 -15.327617 -2.836466
1769098241.852654 3.587991 -15.328957 -2.836745
1769098241.902671 3.587988 -15.328945 -2.836995
1769098241.952701 3.576491 -15.332540 -2.837816
1769098242.002655 3.576487 -15.332527 -2.838628
1769098242.052610 3.565154 -15.336050 -2.840074
1769098242.102628 3.560754 -15.337385 -2.839026
1769098242.152609 3.556424 -15.338692 -2.839104
1769098242.202612 3.549967 -15.340665 -2.839384
1769098242.252612 3.549961 -15.340626 -2.839622
1769098242.302665 3.539153 -15.343964 -2.840240
1769098242.352648 3.534727 -15.345307 -2.838849
1769098242.402622 3.534723 -15.345268 -2.837457
1769098242.452675 3.523825 -15.348645 -2.835157
1769098242.502600 3.519544 -15.349964 -2.835884
1769098242.552639 3.515314 -15.351266 -2.835869
1769098242.602634 3.508792 -15.353300 -2.836544
1769098242.652624 3.508788 -15.353282 -2.837213
1769098242.702605 3.497506 -15.356807 -2.836922
1769098242.752630 3.493155 -15.358151 -2.838133
1769098242.802638 3.493150 -15.358136 -2.839307
1769098242.852687 3.482152 -15.361551 -2.842868
1769098242.902644 3.477747 -15.362903 -2.847085
1769098242.952689 3.477745 -15.362922 -2.851170
1769098243.002708 3.466230 -15.366353 -2.856850
1769098243.052645 3.461809 -15.367631 -2.859556
1769098243.102638 3.461806 -15.367631 -2.862034
1769098243.152657 3.450422 -15.370866 -2.866307
1769098243.202645 3.446057 -15.372063 -2.869440
1769098243.252640 3.441490 -15.373272 -2.869860
1769098243.302630 3.434948 -15.375042 -2.874613
1769098243.352642 3.434939 -15.375018 -2.879067
1769098243.402635 3.424059 -15.377899 -2.883264
1769098243.452639 3.419916 -15.378956 -2.887677
1769098243.502660 3.419910 -15.378945 -2.891911
1769098243.552634 3.408872 -15.381729 -2.897685
1769098243.602656 3.408868 -15.381732 -2.902969
1769098243.652646 3.397848 -15.384372 -2.908249
1769098243.702647 3.393360 -15.385403 -2.913237
1769098243.752709 3.393354 -15.385396 -2.917979
1769098243.802684 3.381850 -15.387960 -2.922818
1769098243.852693 3.377123 -15.388976 -2.928686
1769098243.902639 3.372637 -15.389893 -2.932433
1769098243.952676 3.365821 -15.391294 -2.937507
1769098244.002646 3.365814 -15.391277 -2.942256
1769098244.052722 3.354547 -15.393510 -2.949443
1769098244.102647 3.350143 -15.394327 -2.953733
1769098244.152666 3.345484 -15.395156 -2.956269
1769098244.202649 3.339107 -15.396298 -2.961312
1769098244.252648 3.339098 -15.396274 -2.966077
1769098244.302636 3.327854 -15.398218 -2.970446
1769098244.352653 3.323406 -15.398947 -2.974883
1769098244.402660 3.318979 -15.399646 -2.979776
1769098244.452648 3.312301 -15.400695 -2.984762
1769098244.502644 3.312295 -15.400682 -2.989510
1769098244.552677 3.301207 -15.402340 -2.994992
1769098244.602666 3.301201 -15.402331 -3.000040
1769098244.652663 3.289946 -15.403889 -3.007058
1769098244.702656 3.285149 -15.404501 -3.013266
1769098244.752683 3.285143 -15.404499 -3.019175
1769098244.802650 3.273260 -15.405891 -3.022052
1769098244.852680 3.268700 -15.406383 -3.027655
1769098244.902667 3.268690 -15.406359 -3.033034
1769098244.952656 3.257115 -15.407559 -3.035682
1769098245.002666 3.252600 -15.407989 -3.039132
1769098245.052669 3.247960 -15.408413 -3.041809
1769098245.102644 3.241252 -15.409036 -3.044939
1769098245.152660 3.241244 -15.409005 -3.047887
1769098245.202680 3.229923 -15.410014 -3.053317
1769098245.252649 3.225124 -15.410388 -3.057062
1769098245.302662 3.225115 -15.410358 -3.060620
1769098245.352668 3.213781 -15.411199 -3.065860
1769098245.402660 3.213768 -15.411153 -3.070565
1769098245.452657 3.202450 -15.411868 -3.076626
1769098245.502640 3.197712 -15.412093 -3.082376
1769098245.552665 3.197697 -15.412044 -3.087858
1769098245.602647 3.186064 -15.412594 -3.094966
1769098245.652653 3.181248 -15.412752 -3.100937
1769098245.702697 3.181235 -15.412719 -3.106652
1769098245.752653 3.169141 -15.413070 -3.112937
1769098245.802702 3.164299 -15.413138 -3.116049
1769098245.852768 3.164287 -15.413086 -3.118938
1769098245.902666 3.152719 -15.413263 -3.124464
1769098245.952676 3.148376 -15.413246 -3.128523
1769098246.002742 3.143909 -15.413212 -3.131173
1769098246.052684 3.136961 -15.413194 -3.135855
1769098246.102720 3.132340 -15.413145 -3.141285
1769098246.152646 3.127946 -15.413079 3.135868
1769098246.202667 3.121078 -15.412966 3.132062
1769098246.252657 3.121065 -15.412917 3.128515
1769098246.302652 3.109591 -15.412691 3.121617
1769098246.352653 3.104799 -15.412522 3.116638
1769098246.402652 3.100228 -15.412335 3.109195
1769098246.452681 3.093014 -15.412013 3.105286
1769098246.502642 3.092999 -15.411951 3.101770
1769098246.552640 3.081488 -15.411382 3.094942
1769098246.602644 3.076847 -15.411070 3.088416
1769098246.652626 3.076826 -15.411012 3.082199
1769098246.702654 3.072070 -15.410659 3.077971
1769098246.752636 3.060652 -15.409835 3.073523
1769098246.802665 3.055887 -15.409424 3.067583
1769098246.852635 3.049196 -15.408840 3.064234
1769098246.902638 3.044389 -15.408389 3.061039
1769098246.952727 3.044375 -15.408329 3.057971
1769098247.002640 3.032601 -15.407239 3.055952
1769098247.052660 3.027942 -15.406762 3.049104
1769098247.102653 3.027921 -15.406721 3.042449
1769098247.152664 3.016212 -15.405476 3.036198
1769098247.202647 3.011494 -15.404910 3.029382
1769098247.252664 3.011474 -15.404881 3.022844
1769098247.302728 3.006891 -15.404306 3.016426
1769098247.352644 2.995207 -15.402761 3.012605
1769098247.402661 2.995194 -15.402717 3.009360
1769098247.452636 2.983383 -15.401076 3.000525
1769098247.502632 2.978995 -15.400384 2.995923
1769098247.552664 2.978978 -15.400342 2.991606
1769098247.602663 2.967154 -15.398465 2.987153
1769098247.652647 2.962421 -15.397650 2.983173
1769098247.702657 2.962404 -15.397595 2.979396
1769098247.752630 2.950995 -15.395651 2.974835
1769098247.802636 2.946668 -15.394860 2.970978
1769098247.852738 2.946653 -15.394818 2.967264
1769098247.902657 2.935444 -15.392767 2.962160
1769098247.952691 2.930872 -15.391881 2.955678
1769098248.002656 2.930849 -15.391858 2.949404
1769098248.052675 2.919241 -15.389525 2.944400
1769098248.102643 2.914726 -15.388529 2.942170
1769098248.152709 2.910149 -15.387530 2.935771
1769098248.202666 2.903263 -15.386012 2.930908
1769098248.252700 2.903243 -15.385962 2.926366
1769098248.302723 2.891741 -15.383345 2.921701
1769098248.352708 2.887402 -15.382306 2.914408
1769098248.402701 2.882760 -15.381156 2.908267
1769098248.452707 2.876065 -15.379495 2.902164
1769098248.502695 2.876040 -15.379463 2.896428
1769098248.552691 2.864919 -15.376598 2.892002
1769098248.602690 2.860646 -15.375449 2.886268
1769098248.652688 2.856112 -15.374200 2.881994
1769098248.702696 2.849611 -15.372400 2.878897
1769098248.752715 2.849597 -15.372347 2.876034
1769098248.802690 2.845282 -15.371092 2.874931
1769098248.852709 2.834226 -15.367994 2.868492
1769098248.902699 2.834198 -15.367955 2.862435
1769098248.952688 2.823310 -15.364775 2.856455
1769098249.002693 2.823284 -15.364755 2.850887
1769098249.052695 2.812373 -15.361424 2.843944
1769098249.102709 2.807720 -15.359954 2.836930
1769098249.152720 2.803203 -15.358487 2.830513
1769098249.202722 2.798607 -15.356952 2.824542
1769098249.252708 2.791822 -15.354660 2.819513
1769098249.302715 2.787238 -15.353077 2.814923
1769098249.352699 2.787215 -15.353051 2.810568
1769098249.402698 2.776200 -15.349186 2.808402
1769098249.452693 2.771809 -15.347626 2.803465
1769098249.502698 2.771783 -15.347607 2.798661
1769098249.552713 2.760942 -15.343681 2.794736
1769098249.602707 2.756607 -15.342070 2.791523
1769098249.652718 2.752189 -15.340396 2.788237
1769098249.702711 2.745612 -15.337921 2.781380
1769098249.752758 2.741263 -15.336228 2.777055
1769098249.802720 2.736857 -15.334490 2.771524
1769098249.852752 2.730253 -15.331850 2.767546
1769098249.902760 2.730233 -15.331807 2.763925
1769098249.952719 2.719787 -15.327551 2.759466
1769098250.002729 2.715404 -15.325729 2.752101
1769098250.052709 2.715361 -15.325702 2.744985
1769098250.102721 2.704452 -15.321048 2.739449
1769098250.152712 2.700235 -15.319195 2.733286
1769098250.202727 2.695824 -15.317222 2.727944
1769098250.252707 2.689295 -15.314298 2.722110
1769098250.302712 2.684980 -15.312296 2.720268
1769098250.352729 2.684973 -15.312244 2.718671
1769098250.402717 2.674431 -15.307382 2.715338
1769098250.452740 2.670270 -15.305405 2.711582
1769098250.502739 2.670251 -15.305342 2.708026
1769098250.552739 2.659878 -15.300444 2.702923
1769098250.602720 2.655588 -15.298365 2.697099
1769098250.652718 2.655551 -15.298327 2.691491
1769098250.702728 2.645167 -15.293199 2.686215
1769098250.752733 2.641037 -15.291090 2.682113
1769098250.802730 2.636761 -15.288872 2.677391
1769098250.852740 2.630447 -15.285608 2.671539
1769098250.902717 2.626208 -15.283370 2.664861
1769098250.952717 2.621873 -15.281021 2.660636
1769098251.002736 2.615807 -15.277738 2.656250
1769098251.052734 2.615786 -15.277663 2.652210
1769098251.102717 2.605779 -15.272191 2.647290
1769098251.152741 2.601649 -15.269878 2.640499
1769098251.202730 2.597707 -15.267623 2.635639
1769098251.252729 2.591876 -15.264284 2.632353
1769098251.302728 2.591862 -15.264213 2.629336
1769098251.352740 2.581940 -15.258511 2.625388
1769098251.402734 2.578088 -15.256219 2.622973
1769098251.452727 2.578082 -15.256138 2.620706
1769098251.500476 2.568346 -15.250404 2.616477
1769098251.552735 2.564280 -15.247956 2.609075
1769098251.602742 2.560280 -15.245485 2.603240
1769098251.652748 2.554348 -15.241829 2.597415
1769098251.702768 2.554313 -15.241758 2.591892
1769098251.752761 2.544678 -15.235706 2.584327
1769098251.802759 2.540843 -15.233215 2.577450
1769098251.852778 2.540796 -15.233154 2.570871
1769098251.902757 2.530759 -15.226545 2.565654
1769098251.952819 2.526762 -15.223795 2.564503
1769098252.002773 2.526777 -15.223683 2.563555
1769098252.052784 2.516858 -15.217034 2.559727
1769098252.102822 2.513018 -15.214363 2.556517
1769098252.152754 2.513014 -15.214254 2.553481
1769098252.202744 2.503415 -15.207726 2.546749
1769098252.252767 2.499546 -15.204987 2.540823
1769098252.302753 2.499511 -15.204899 2.535118
1769098252.352758 2.490087 -15.198185 2.530568
1769098252.402743 2.486385 -15.195468 2.524384
1769098252.452745 2.482820 -15.192818 2.517948
1769098252.502752 2.477080 -15.188543 2.512326
1769098252.552762 2.473208 -15.185598 2.505849
1769098252.602746 2.469612 -15.182789 2.502159
1769098252.652750 2.464032 -15.178492 2.496996
1769098252.702745 2.464006 -15.178400 2.492144
1769098252.752762 2.454551 -15.171041 2.486670
1769098252.802751 2.451000 -15.168198 2.480983
1769098252.852755 2.450963 -15.168123 2.475546
1769098252.902760 2.441956 -15.160886 2.469444
1769098252.952773 2.438199 -15.157797 2.462279
1769098253.002755 2.438142 -15.157733 2.455383
1769098253.052770 2.429266 -15.150341 2.450959
1769098253.102764 2.425758 -15.147329 2.448085
1769098253.152755 2.425748 -15.147262 2.445414
1769098253.202766 2.416950 -15.139794 2.440255
1769098253.252757 2.413355 -15.136683 2.435835
1769098253.302774 2.413324 -15.136629 2.431552
1769098253.352761 2.404486 -15.128939 2.424420
1769098253.402758 2.400829 -15.125708 2.417621
1769098253.452760 2.400759 -15.125683 2.411046
1769098253.502756 2.392140 -15.117787 2.407613
1769098253.552817 2.388638 -15.114554 2.401399
1769098253.602768 2.388580 -15.114514 2.395467
1769098253.652772 2.380139 -15.106550 2.390141
1769098253.702757 2.380094 -15.106513 2.385431
1769098253.752768 2.372023 -15.098757 2.379605
1769098253.802758 2.368666 -15.095487 2.375694
1769098253.852787 2.368633 -15.095447 2.371942
1769098253.902810 2.365450 -15.092337 2.367400
1769098253.952776 2.357225 -15.084215 2.362485
1769098254.002801 2.357175 -15.084191 2.357897
1769098254.052816 2.349071 -15.076013 2.352840
1769098254.102790 2.345859 -15.072744 2.347764
1769098254.152780 2.342498 -15.069284 2.342488
1769098254.202784 2.337568 -15.064167 2.335822
1769098254.252773 2.334305 -15.060675 2.332167
1769098254.302773 2.334274 -15.060640 2.328783
1769098254.352785 2.326432 -15.052232 2.321005
1769098254.402771 2.323219 -15.048725 2.315130
1769098254.452819 2.323153 -15.048696 2.309512
1769098254.502794 2.315147 -15.039738 2.304095
1769098254.552800 2.315093 -15.039705 2.299238
1769098254.602791 2.307496 -15.031013 2.294952
1769098254.652799 2.304371 -15.027424 2.289457
1769098254.702800 2.304309 -15.027394 2.284199
1769098254.752794 2.296841 -15.018667 2.279014
1769098254.802788 2.294033 -15.015329 2.275773
1769098254.852794 2.291068 -15.011810 2.271478
1769098254.902786 2.286879 -15.006796 2.267716
1769098254.952784 2.286834 -15.006781 2.264163
1769098255.002779 2.279585 -14.997985 2.257507
1769098255.052781 2.276720 -14.994381 2.256627
1769098255.102856 2.276726 -14.994351 2.255943
1769098255.152812 2.269358 -14.985120 2.252027
1769098255.202806 2.266423 -14.981403 2.247325
1769098255.252813 2.266380 -14.981352 2.242840
1769098255.302780 2.259184 -14.972101 2.237159
1769098255.352794 2.256400 -14.968433 2.232986
1769098255.402788 2.253507 -14.964605 2.227898
1769098255.452792 2.249404 -14.959132 2.223023
1769098255.502808 2.246587 -14.955340 2.216626
1769098255.552850 2.242756 -14.950089 2.212991
1769098255.602809 2.239828 -14.946074 2.208295
1769098255.652800 2.237139 -14.942343 2.202604
1769098255.702787 2.232886 -14.936410 2.197522
1769098255.752789 2.232835 -14.936361 2.192735
1769098255.802815 2.225844 -14.926408 2.190459
1769098255.852827 2.223020 -14.922374 2.186232
1769098255.902863 2.220084 -14.918099 2.182871
1769098255.952864 2.215863 -14.911957 2.178320
1769098256.002837 2.215821 -14.911906 2.174037
1769098256.052819 2.208939 -14.901734 2.167039
1769098256.102808 2.205987 -14.897284 2.161167
1769098256.152803 2.203301 -14.893183 2.154104
1769098256.202806 2.199118 -14.886677 2.148153
1769098256.252802 2.199049 -14.886628 2.142605
1769098256.302813 2.192314 -14.875850 2.138206
1769098256.352805 2.189718 -14.871670 2.133988
1769098256.402832 2.187036 -14.867290 2.130523
1769098256.452821 2.183170 -14.860976 2.127777
1769098256.502826 2.183162 -14.860921 2.125205
1769098256.552834 2.176856 -14.850588 2.122234
1769098256.602815 2.174403 -14.846480 2.120869
1769098256.652807 2.171753 -14.842084 2.118092
1769098256.702806 2.167886 -14.835548 2.118423
1769098256.752867 2.165234 -14.831080 2.117279
1769098256.802831 2.165257 -14.831023 2.116172
1769098256.852820 2.158614 -14.819917 2.115915
1769098256.902813 2.155991 -14.815596 2.112087
1769098256.952816 2.155946 -14.815556 2.108279
1769098257.002825 2.149198 -14.804322 2.105362
1769098257.052831 2.146623 -14.799866 2.108037
1769098257.102813 2.144024 -14.795593 2.105384
1769098257.152822 2.140136 -14.788922 2.107097
1769098257.202835 2.137502 -14.784483 2.106680
1769098257.252813 2.137495 -14.784482 2.106292
1769098257.302822 2.131140 -14.773718 2.108191
1769098257.352839 2.131178 -14.773721 2.110086
1769098257.402834 2.124829 -14.763078 2.112238
1769098257.452818 2.122223 -14.758796 2.111758
1769098257.502823 2.122211 -14.758796 2.111220
1769098257.552868 2.115747 -14.748200 2.109312
1769098257.602818 2.113079 -14.743788 2.109272
1769098257.652835 2.110524 -14.739667 2.106254
1769098257.702870 2.106673 -14.733228 2.104448
1769098257.752836 2.106614 -14.733250 2.102747
1769098257.802830 2.100239 -14.722338 2.103563
1769098257.852816 2.097730 -14.718143 2.101947
1769098257.902855 2.097679 -14.718158 2.100381
1769098257.952834 2.091083 -14.706839 2.101769
1769098258.002842 2.088425 -14.702320 2.103581
1769098258.052818 2.088450 -14.702336 2.105350
1769098258.102833 2.081863 -14.691301 2.105749
1769098258.152828 2.079421 -14.687267 2.105969
1769098258.202829 2.076735 -14.682867 2.104328
1769098258.252832 2.072977 -14.676598 2.104325
1769098258.302857 2.070362 -14.672306 2.103214
1769098258.352849 2.070303 -14.672337 2.102089
1769098258.402855 2.063790 -14.661375 2.101580
1769098258.452853 2.063738 -14.661413 2.101076
1769098258.502848 2.057389 -14.650666 2.102374
1769098258.552859 2.054763 -14.646188 2.105521
1769098258.602852 2.054810 -14.646216 2.108628
1769098258.652836 2.048200 -14.635144 2.111248
1769098258.702836 2.045478 -14.630686 2.110238
1769098258.752840 2.045434 -14.630703 2.109237
1769098258.802848 2.038786 -14.619608 2.106652
1769098258.852841 2.036044 -14.615085 2.103941
1769098258.902849 2.033464 -14.610729 2.105457
1769098258.952852 2.033466 -14.610763 2.107012
1769098259.002856 2.027019 -14.599807 2.112455
1769098259.052832 2.024352 -14.595492 2.112487
1769098259.102854 2.021729 -14.591111 2.117791
1769098259.152905 2.017755 -14.584687 2.119781
1769098259.202881 2.015115 -14.580370 2.122955
1769098259.252873 2.012444 -14.576070 2.124069
1769098259.302855 2.008441 -14.569694 2.121466
1769098259.352865 2.008364 -14.569701 2.118882
1769098259.402861 2.001711 -14.558823 2.117073
1769098259.452846 1.999052 -14.554503 2.116748
1769098259.502879 1.996280 -14.550080 2.113417
1769098259.552874 1.996172 -14.550097 2.110154
1769098259.602870 1.989431 -14.538968 2.108716
1769098259.652843 1.989338 -14.539015 2.107381
1769098259.702843 1.982645 -14.528026 2.106414
1769098259.752856 1.979956 -14.523640 2.108683
1769098259.802866 1.979931 -14.523710 2.110921
1769098259.852869 1.973435 -14.512983 2.111780
1769098259.902909 1.970727 -14.508665 2.111495
1769098259.952930 1.970656 -14.508715 2.111174
1769098260.002868 1.968046 -14.504437 2.113208
1769098260.052877 1.961402 -14.493634 2.112174
1769098260.102862 1.961311 -14.493682 2.111097
1769098260.152938 1.954598 -14.482786 2.110246
1769098260.202855 1.951873 -14.478460 2.111464
1769098260.252859 1.951816 -14.478528 2.112597
1769098260.302939 1.949072 -14.474239 2.111341
1769098260.352862 1.942276 -14.463149 2.110809
1769098260.402883 1.942174 -14.463215 2.110279
1769098260.452886 1.935622 -14.452363 2.110166
1769098260.500692 1.932894 -14.447954 2.110730
1769098260.552861 1.932834 -14.448011 2.111360
1769098260.602889 1.926323 -14.437159 2.114015
1769098260.652885 1.923693 -14.432901 2.116382
1769098260.702883 1.923677 -14.432963 2.118756
1769098260.752882 1.916916 -14.422064 2.121574
1769098260.802888 1.914122 -14.417775 2.120837
1769098260.852903 1.914018 -14.417833 2.120041
1769098260.902869 1.911273 -14.413586 2.121788
1769098260.952876 1.904519 -14.402789 2.123216
1769098261.002873 1.904463 -14.402859 2.124606
1769098261.052866 1.897895 -14.392368 2.125178
1769098261.102898 1.895101 -14.388062 2.123691
1769098261.152872 1.894993 -14.388107 2.122218
1769098261.202886 1.888283 -14.377325 2.121609
1769098261.252875 1.885656 -14.373115 2.124333
1769098261.302879 1.885664 -14.373166 2.127036
1769098261.352892 1.878679 -14.362124 2.125290
1769098261.402905 1.878574 -14.362160 2.123545
1769098261.452894 1.871903 -14.351566 2.120413
1769098261.502893 1.869099 -14.347159 2.119539
1769098261.552907 1.868997 -14.347212 2.118737
1769098261.602895 1.862467 -14.336570 2.121373
1769098261.652879 1.859881 -14.332557 2.121471
1769098261.702904 1.859809 -14.332606 2.121516
1769098261.752896 1.853067 -14.321826 2.123305
1769098261.802897 1.853032 -14.321884 2.124974
1769098261.852920 1.846516 -14.311624 2.125929
1769098261.902924 1.843683 -14.307299 2.124859
1769098261.952942 1.843572 -14.307351 2.123758
1769098262.002930 1.840808 -14.303095 2.123549
1769098262.052909 1.833987 -14.292212 2.122362
1769098262.102902 1.833876 -14.292263 2.121263
1769098262.152897 1.827086 -14.281260 2.122127
1769098262.202893 1.824298 -14.276894 2.121580
1769098262.252888 1.824207 -14.276942 2.121078
1769098262.302938 1.817477 -14.266097 2.122309
1769098262.352895 1.814746 -14.261688 2.127513
1769098262.402900 1.814809 -14.261750 2.132653
1769098262.452905 1.808034 -14.251057 2.135472
1769098262.502896 1.805235 -14.246730 2.136728
1769098262.552899 1.805217 -14.246766 2.137946
1769098262.602896 1.798534 -14.236373 2.138325
1769098262.652906 1.795612 -14.232028 2.134121
1769098262.702909 1.795445 -14.232050 2.129952
1769098262.752907 1.788569 -14.221339 2.127494
1769098262.802926 1.785918 -14.217260 2.127788
1769098262.852914 1.783094 -14.212973 2.127924
1769098262.902902 1.779071 -14.206645 2.130540
1769098262.952898 1.776173 -14.202343 2.128260
1769098263.002903 1.776016 -14.202394 2.125918
1769098263.052901 1.769044 -14.191387 2.124092
1769098263.102905 1.768892 -14.191447 2.122374
1769098263.152920 1.762139 -14.180593 2.121797
1769098263.202908 1.759441 -14.176428 2.121198
1769098263.252920 1.756655 -14.172116 2.121281
1769098263.302899 1.752614 -14.165792 2.120617
1769098263.352913 1.749958 -14.161605 2.123869
1769098263.402904 1.747252 -14.157503 2.124573
1769098263.452931 1.743314 -14.151352 2.127621
1769098263.502938 1.743281 -14.151429 2.130550
1769098263.552912 1.736412 -14.140777 2.131026
1769098263.602929 1.733676 -14.136683 2.129931
1769098263.652929 1.731033 -14.132627 2.129954
1769098263.702914 1.727049 -14.126440 2.129577
1769098263.752939 1.726953 -14.126490 2.129244
1769098263.802949 1.720213 -14.115843 2.128911
1769098263.852973 1.717289 -14.111399 2.126452
1769098263.902940 1.717137 -14.111443 2.124055
1769098263.952961 1.710392 -14.100851 2.122984
1769098264.003035 1.707584 -14.096527 2.124943
1769098264.052943 1.704776 -14.092372 2.122886
1769098264.102964 1.700585 -14.085830 2.124129
1769098264.152992 1.700476 -14.085916 2.125389
1769098264.202951 1.693949 -14.075540 2.128192
1769098264.252937 1.691329 -14.071561 2.130055
1769098264.303003 1.691256 -14.071638 2.131893
1769098264.352966 1.684400 -14.060949 2.133986
1769098264.402943 1.681464 -14.056588 2.133127
1769098264.452949 1.678887 -14.052700 2.134926
1769098264.502949 1.674591 -14.046188 2.135103
1769098264.552977 1.671788 -14.042020 2.135554
1769098264.602951 1.671680 -14.042089 2.135975
1769098264.652952 1.664781 -14.031455 2.135105
1769098264.702951 1.661880 -14.027136 2.132628
1769098264.752971 1.661718 -14.027183 2.130197
1769098264.802956 1.654704 -14.016196 2.127100
1769098264.852945 1.651897 -14.011796 2.130134
1769098264.902970 1.651870 -14.011866 2.133214
1769098264.952959 1.645054 -14.001104 2.136319
1769098265.002981 1.642234 -13.996809 2.137585
1769098265.052958 1.639458 -13.992511 2.141317
1769098265.102955 1.635269 -13.986169 2.142558
1769098265.152938 1.635228 -13.986212 2.143666
1769098265.202930 1.632376 -13.981926 2.144357
1769098265.252963 1.625546 -13.971554 2.143125
1769098265.302967 1.625444 -13.971587 2.141863
1769098265.352960 1.618635 -13.961203 2.140108
1769098265.402958 1.615934 -13.957114 2.141080
1769098265.452933 1.615886 -13.957158 2.142044
1769098265.502956 1.608952 -13.946373 2.145715
1769098265.552975 1.606129 -13.942091 2.146813
1769098265.602959 1.606112 -13.942119 2.147887
1769098265.652941 1.598951 -13.931221 2.148815
1769098265.703007 1.595987 -13.926807 2.147139
1769098265.752965 1.595899 -13.926826 2.145494
1769098265.803041 1.588747 -13.915859 2.144341
1769098265.852943 1.585970 -13.911632 2.144278
1769098265.902956 1.585914 -13.911663 2.144311
1769098265.952972 1.579081 -13.901183 2.145458
1769098266.002976 1.576258 -13.896954 2.145747
1769098266.052995 1.576197 -13.896992 2.146048
1769098266.102981 1.569342 -13.886617 2.148310
1769098266.152965 1.566627 -13.882548 2.151742
1769098266.202963 1.563777 -13.878366 2.152315
1769098266.252943 1.559508 -13.872006 2.152380
1769098266.302963 1.556688 -13.867905 2.149974
1769098266.352982 1.556562 -13.867932 2.147600
1769098266.402964 1.549490 -13.857215 2.144789
1769098266.452973 1.549351 -13.857244 2.142122
1769098266.502961 1.542426 -13.846597 2.141028
1769098266.552974 1.539590 -13.842399 2.138248
1769098266.602987 1.539431 -13.842438 2.135558
1769098266.652984 1.532276 -13.831422 2.134769
1769098266.703020 1.529397 -13.827103 2.136358
1769098266.752962 1.529317 -13.827171 2.137891
1769098266.802969 1.522322 -13.816387 2.139395
1769098266.852963 1.519530 -13.812215 2.140815
1769098266.902998 1.519467 -13.812271 2.142171
1769098266.952981 1.512676 -13.801884 2.142249
1769098267.003026 1.509843 -13.797668 2.141769
1769098267.052970 1.507039 -13.793513 2.141692
1769098267.102981 1.502899 -13.787274 2.141286
1769098267.152986 1.500039 -13.783018 2.142298
1769098267.202961 1.497150 -13.778761 2.141663
1769098267.252984 1.492870 -13.772296 2.143675
1769098267.302967 1.492819 -13.772353 2.145588
1769098267.352992 1.485994 -13.761915 2.146922
1769098267.403042 1.483089 -13.757602 2.145775
1769098267.452983 1.482989 -13.757636 2.144681
1769098267.502991 1.476060 -13.746984 2.144576
1769098267.552967 1.473232 -13.742657 2.146597
1769098267.603054 1.473223 -13.742694 2.148661
1769098267.652982 1.466253 -13.732016 2.151961
1769098267.702990 1.463398 -13.727757 2.154024
1769098267.752996 1.463390 -13.727793 2.156030
1769098267.802975 1.456254 -13.717214 2.158028
1769098267.853007 1.453291 -13.713016 2.155157
1769098267.903009 1.453140 -13.713048 2.152256
1769098267.952990 1.445999 -13.702450 2.149710
1769098268.003007 1.443111 -13.698223 2.149527
1769098268.053012 1.440230 -13.694027 2.148502
1769098268.102984 1.437313 -13.689696 2.148187
1769098268.152991 1.433044 -13.683331 2.147558
1769098268.202990 1.430073 -13.678905 2.147261
1769098268.252976 1.429988 -13.678945 2.147035
1769098268.303010 1.422786 -13.668058 2.146833
1769098268.352987 1.419895 -13.663797 2.147246
1769098268.403011 1.419811 -13.663846 2.147643
1769098268.452998 1.412633 -13.653008 2.146423
1769098268.502987 1.409679 -13.648680 2.144336
1769098268.552998 1.409533 -13.648724 2.142321
1769098268.602998 1.402609 -13.638161 2.142879
1769098268.653027 1.399800 -13.633964 2.145145
1769098268.702983 1.399755 -13.634021 2.147363
1769098268.752994 1.392815 -13.623497 2.150452
1769098268.802992 1.389931 -13.619275 2.151646
1769098268.853070 1.389876 -13.619319 2.152736
1769098268.903008 1.382767 -13.608727 2.153208
1769098268.953011 1.379781 -13.604404 2.151261
1769098269.003012 1.379653 -13.604440 2.149329
1769098269.053002 1.372438 -13.593648 2.144768
1769098269.103009 1.369601 -13.589404 2.145110
1769098269.153064 1.369512 -13.589456 2.145572
1769098269.203002 1.362411 -13.578584 2.146271
1769098269.253010 1.359498 -13.574253 2.146609
1769098269.303017 1.359425 -13.574295 2.146945
1769098269.353011 1.352341 -13.563530 2.150504
1769098269.403003 1.349505 -13.559303 2.154678
1769098269.452992 1.349524 -13.559353 2.158736
1769098269.503014 1.342557 -13.549003 2.160994
1769098269.553010 1.339712 -13.544892 2.161071
1769098269.602997 1.339648 -13.544925 2.161133
1769098269.653027 1.332606 -13.534601 2.158761
1769098269.703104 1.329699 -13.530404 2.157372
1769098269.753084 1.326800 -13.526187 2.157806
1769098269.803014 1.322584 -13.520010 2.157417
1769098269.853036 1.319632 -13.515689 2.158876
1769098269.903029 1.316684 -13.511465 2.157668
1769098269.953052 1.312353 -13.505009 2.160743
1769098270.003055 1.309375 -13.500724 2.160295
1769098270.053025 1.309295 -13.500757 2.159809
1769098270.103026 1.301973 -13.489886 2.159167
1769098270.153031 1.301894 -13.489919 2.158680
1769098270.203040 1.294879 -13.479477 2.158631
1769098270.253041 1.292023 -13.475372 2.156516
1769098270.303034 1.291906 -13.475401 2.154418
1769098270.353086 1.285035 -13.465186 2.155265
1769098270.403029 1.282296 -13.461171 2.159596
1769098270.453039 1.279327 -13.456974 2.159628
1769098270.503042 1.275040 -13.450743 2.162258
1769098270.553033 1.275003 -13.450796 2.164729
1769098270.603013 1.267947 -13.440488 2.165505
1769098270.653035 1.265173 -13.436536 2.164866
1769098270.703107 1.265090 -13.436569 2.164231
1769098270.753048 1.257881 -13.425945 2.164706
1769098270.803050 1.254799 -13.421560 2.162235
1769098270.853055 1.254679 -13.421587 2.159784
1769098270.903048 1.247530 -13.411039 2.158736
1769098270.953063 1.244730 -13.407028 2.159627
1769098271.003048 1.244649 -13.407080 2.160497
1769098271.053044 1.237322 -13.396322 2.161761
1769098271.103033 1.234353 -13.392104 2.162428
1769098271.153074 1.231434 -13.387909 2.164693
1769098271.203086 1.227193 -13.381871 2.163676
1769098271.253056 1.227063 -13.381922 2.162642
1769098271.303075 1.220056 -13.371659 2.165873
1769098271.353049 1.217236 -13.367698 2.166510
1769098271.403033 1.217152 -13.367748 2.167075
1769098271.453082 1.209875 -13.357218 2.167787
1769098271.503066 1.207111 -13.353336 2.169101
1769098271.553055 1.207037 -13.353389 2.170378
1769098271.603052 1.199645 -13.342774 2.170005
1769098271.653017 1.196690 -13.338692 2.166910
1769098271.703064 1.196526 -13.338735 2.163848
1769098271.753060 1.189138 -13.328013 2.160044
1769098271.803054 1.186129 -13.323690 2.160952
1769098271.853103 1.186034 -13.323750 2.161951
1769098271.903065 1.178754 -13.313019 2.163884
1769098271.953124 1.175821 -13.308830 2.164908
1769098272.003069 1.175751 -13.308878 2.165922
1769098272.053085 1.168450 -13.298311 2.167932
1769098272.103055 1.165506 -13.294189 2.168527
1769098272.153053 1.165419 -13.294239 2.169048
1769098272.203056 1.158139 -13.283836 2.168521
1769098272.253061 1.155342 -13.279954 2.168481
1769098272.303057 1.155232 -13.280009 2.168414
1769098272.353106 1.147954 -13.269499 2.167911
1769098272.403070 1.145160 -13.265571 2.168232
1769098272.453048 1.142165 -13.261310 2.169171
1769098272.503036 1.137919 -13.255191 2.170644
1769098272.553059 1.137874 -13.255231 2.172148
1769098272.603074 1.130607 -13.244756 2.174297
1769098272.653060 1.130578 -13.244796 2.176400
1769098272.703066 1.127696 -13.240689 2.178959
1769098272.753057 1.120349 -13.230241 2.177613
1769098272.803047 1.120276 -13.230262 2.176305
1769098272.853065 1.113118 -13.219983 2.176231
1769098272.903080 1.110224 -13.215900 2.177039
1769098272.953068 1.110178 -13.215933 2.177868
1769098273.003060 1.102846 -13.205505 2.178927
1769098273.053074 1.099908 -13.201385 2.181139
1769098273.103077 1.099890 -13.201419 2.183277
1769098273.153056 1.092646 -13.191241 2.184363
1769098273.203067 1.089646 -13.187058 2.185059
1769098273.253070 1.089621 -13.187079 2.185708
1769098273.303058 1.082265 -13.176750 2.183427
1769098273.353079 1.079272 -13.172581 2.181025
1769098273.403074 1.079189 -13.172596 2.178697
1769098273.453070 1.071925 -13.162185 2.177725
1769098273.503077 1.068861 -13.157913 2.173992
1769098273.553089 1.068743 -13.157931 2.170316
1769098273.603080 1.061245 -13.147096 2.169536
1769098273.653083 1.058264 -13.142857 2.172118
1769098273.703076 1.055267 -13.138696 2.171333
1769098273.753084 1.050886 -13.132436 2.173984
1769098273.803080 1.047936 -13.128302 2.175431
1769098273.853098 1.047890 -13.128341 2.176785
1769098273.903109 1.040629 -13.117987 2.176519
1769098273.953102 1.037704 -13.113877 2.176326
1769098274.003111 1.037643 -13.113906 2.176147
1769098274.053104 1.030311 -13.103460 2.175099
1769098274.103091 1.027363 -13.099325 2.174574
1769098274.153083 1.027288 -13.099357 2.174053
1769098274.203160 1.019903 -13.088766 2.176037
1769098274.253096 1.016824 -13.084511 2.174346
1769098274.303117 1.016710 -13.084550 2.172637
1769098274.353118 1.009220 -13.073875 2.170616
1769098274.403083 1.006227 -13.069634 2.172182
1769098274.453096 1.006165 -13.069683 2.173820
1769098274.503088 0.998940 -13.059234 2.176563
1769098274.553087 0.996017 -13.055115 2.177358
1769098274.603082 0.995966 -13.055150 2.178202
1769098274.653087 0.988650 -13.044715 2.180853
1769098274.703106 0.985564 -13.040467 2.180418
1769098274.753088 0.985485 -13.040502 2.179905
1769098274.803107 0.978059 -13.030149 2.178281
1769098274.853096 0.975238 -13.026297 2.178425
1769098274.903080 0.972163 -13.022143 2.175454
1769098274.953099 0.967685 -13.015871 2.174682
1769098275.003093 0.964748 -13.011818 2.174097
1769098275.053108 0.964636 -13.011869 2.173530
1769098275.103091 0.957346 -13.001430 2.172332
1769098275.153091 0.954314 -12.997136 2.172354
1769098275.203097 0.951358 -12.992966 2.172409
1769098275.253099 0.946767 -12.986395 2.173817
1769098275.303123 0.943759 -12.982197 2.173995
1769098275.353099 0.943683 -12.982237 2.174103
1769098275.403116 0.936239 -12.971589 2.174205
1769098275.453107 0.933184 -12.967378 2.171746
1769098275.503104 0.930361 -12.963460 2.170635
1769098275.553108 0.925973 -12.957244 2.170521
1769098275.603106 0.923057 -12.953138 2.172291
1769098275.653120 0.920054 -12.948968 2.171743
1769098275.703117 0.915718 -12.942796 2.173673
1769098275.753120 0.912780 -12.938691 2.174699
1769098275.803140 0.912714 -12.938735 2.175677
1769098275.853160 0.905337 -12.928253 2.177349
1769098275.903118 0.902249 -12.923987 2.176165
1769098275.953118 0.902144 -12.924030 2.174975
1769098276.003145 0.894663 -12.913408 2.171753
1769098276.053105 0.891705 -12.909289 2.171084
1769098276.103128 0.888605 -12.904996 2.167698
1769098276.153132 0.884295 -12.898825 2.168506
1769098276.203125 0.884204 -12.898881 2.169417
1769098276.253120 0.877008 -12.888473 2.171601
1769098276.303178 0.873988 -12.884224 2.174973
1769098276.353132 0.873953 -12.884273 2.178231
1769098276.403150 0.866756 -12.874093 2.180710
1769098276.453195 0.863768 -12.869946 2.183909
1769098276.503118 0.863745 -12.869986 2.186994
1769098276.553122 0.856339 -12.859645 2.187696
1769098276.603124 0.853494 -12.855810 2.184664
1769098276.653113 0.853374 -12.855845 2.181643
1769098276.703113 0.846132 -12.845669 2.180228
1769098276.753111 0.846025 -12.845713 2.178894
1769098276.803108 0.838734 -12.835398 2.178604
1769098276.853140 0.835664 -12.831166 2.177900
1769098276.903146 0.832623 -12.826913 2.180731
1769098276.953147 0.832591 -12.826955 2.183525
1769098277.003131 0.825084 -12.816347 2.185999
1769098277.053185 0.825073 -12.816374 2.188457
1769098277.103120 0.817644 -12.805936 2.189019
1769098277.153117 0.814695 -12.801807 2.189449
1769098277.203139 0.814683 -12.801818 2.189944
1769098277.253128 0.811652 -12.797559 2.191656
1769098277.303139 0.804446 -12.787517 2.190975
1769098277.353144 0.804422 -12.787524 2.190299
1769098277.403137 0.797141 -12.777416 2.190232
1769098277.453113 0.797101 -12.777435 2.190043
1769098277.503143 0.791274 -12.769428 2.189016
1769098277.553153 0.786790 -12.763225 2.189435
1769098277.603141 0.786745 -12.763253 2.189823
1769098277.653131 0.779406 -12.752989 2.190321
1769098277.703131 0.776418 -12.748844 2.189861
1769098277.753199 0.776385 -12.748858 2.189458
1769098277.803141 0.768984 -12.738487 2.188660
1769098277.853142 0.766049 -12.734416 2.187030
1769098277.903133 0.763041 -12.730225 2.187678
1769098277.953216 0.758436 -12.723783 2.188974
1769098278.003155 0.755462 -12.719662 2.191267
1769098278.053206 0.755458 -12.719682 2.193506
1769098278.103146 0.747922 -12.709255 2.195072
1769098278.153142 0.744908 -12.705165 2.194255
1769098278.203147 0.744855 -12.705187 2.193417
1769098278.253133 0.741842 -12.701062 2.194815
1769098278.303138 0.734448 -12.690833 2.196766
1769098278.353159 0.734448 -12.690848 2.198689
1769098278.403154 0.726980 -12.680571 2.199812
1769098278.453134 0.723968 -12.676469 2.199586
1769098278.503131 0.723945 -12.676479 2.199375
1769098278.553151 0.720862 -12.672254 2.200517
1769098278.603132 0.713184 -12.661808 2.198122
1769098278.653147 0.713118 -12.661825 2.195704
1769098278.703137 0.705457 -12.651321 2.192237
1769098278.753137 0.705356 -12.651350 2.188892
1769098278.803153 0.699217 -12.642880 2.186767
1769098278.853158 0.696130 -12.638656 2.187744
1769098278.903163 0.691780 -12.632672 2.188275
1769098278.953200 0.691709 -12.632715 2.188803
1769098279.003156 0.684233 -12.622338 2.191356
1769098279.053156 0.681204 -12.618219 2.193964
1769098279.103157 0.681173 -12.618255 2.196497
1769098279.153156 0.673861 -12.608330 2.195549
1769098279.203140 0.670766 -12.604200 2.194950
1769098279.253234 0.670682 -12.604241 2.194314
1769098279.303157 0.663322 -12.594170 2.192226
1769098279.353162 0.660223 -12.590011 2.189297
1769098279.403155 0.657162 -12.585873 2.188198
1769098279.453164 0.652750 -12.579810 2.188839
1769098279.503162 0.649671 -12.575564 2.192380
1769098279.553209 0.649658 -12.575597 2.195924
1769098279.603169 0.642013 -12.565053 2.197965
1769098279.653165 0.638949 -12.560898 2.199700
1769098279.703164 0.635834 -12.556683 2.200497
1769098279.753193 0.631254 -12.550468 2.200328
1769098279.803198 0.628223 -12.546357 2.201180
1769098279.853149 0.628202 -12.546375 2.202052
1769098279.903169 0.620665 -12.536164 2.200519
1769098279.953237 0.617612 -12.532082 2.201267
1769098280.003196 0.617566 -12.532112 2.201968
1769098280.053201 0.610071 -12.521922 2.204951
1769098280.103177 0.607054 -12.517906 2.205438
1769098280.153170 0.607019 -12.517929 2.205868
1769098280.203158 0.599339 -12.507618 2.206076
1769098280.253176 0.596207 -12.503443 2.206150
1769098280.303169 0.593091 -12.499309 2.203836
1769098280.353181 0.588556 -12.493232 2.200417
1769098280.403172 0.585476 -12.489110 2.198869
1769098280.453179 0.585402 -12.489142 2.197401
1769098280.503177 0.577647 -12.478522 2.197370
1769098280.553180 0.574552 -12.474354 2.196642
1769098280.603177 0.574485 -12.474387 2.195986
1769098280.653179 0.567011 -12.464189 2.196361
1769098280.703166 0.566938 -12.464232 2.196693
1769098280.753185 0.559716 -12.454454 2.197585
1769098280.803191 0.556651 -12.450383 2.199195
1769098280.853178 0.556585 -12.450430 2.200751
1769098280.903193 0.549110 -12.440324 2.200929
1769098280.953192 0.546013 -12.436235 2.199405
1769098281.003241 0.545918 -12.436280 2.197918
1769098281.053188 0.538369 -12.426038 2.196944
1769098281.103178 0.535177 -12.421823 2.194581
1769098281.153237 0.535054 -12.421878 2.192260
1769098281.203192 0.527553 -12.411656 2.191417
1769098281.253246 0.524434 -12.407487 2.195377
1769098281.303169 0.524369 -12.407548 2.199295
1769098281.353176 0.516612 -12.397039 2.199905
1769098281.403195 0.513499 -12.392914 2.200480
1769098281.453195 0.513423 -12.392961 2.201078
1769098281.503175 0.505920 -12.382806 2.201321
1769098281.553199 0.502851 -12.378697 2.203634
1769098281.603174 0.502819 -12.378729 2.205968
1769098281.653197 0.495195 -12.368492 2.207886
1769098281.703231 0.495161 -12.368522 2.209710
1769098281.753227 0.487758 -12.358723 2.209645
1769098281.803237 0.484746 -12.354825 2.210143
1769098281.853242 0.484673 -12.354869 2.210584
1769098281.903216 0.476905 -12.344597 2.209377
1769098281.953205 0.473758 -12.340516 2.207593
1769098282.003251 0.473658 -12.340563 2.205862
1769098282.053203 0.466096 -12.330442 2.203995
1769098282.103209 0.462978 -12.326301 2.205067
1769098282.153204 0.462928 -12.326336 2.206197
1769098282.203188 0.455124 -12.315796 2.208657
1769098282.253186 0.452000 -12.311653 2.209928
1769098282.303206 0.451975 -12.311675 2.211176
1769098282.353190 0.444229 -12.301366 2.212275
1769098282.403209 0.441034 -12.297192 2.210500
1769098282.453209 0.440967 -12.297222 2.208726
1769098282.503206 0.433381 -12.287130 2.207042
1769098282.553197 0.430303 -12.283076 2.207707
1769098282.603186 0.430250 -12.283110 2.208380
1769098282.653208 0.422854 -12.273236 2.209269
1769098282.703200 0.419779 -12.269181 2.209918
1769098282.753265 0.419737 -12.269209 2.210576
1769098282.803214 0.412209 -12.259161 2.213185
1769098282.853216 0.409037 -12.254985 2.214069
1769098282.903220 0.406130 -12.251178 2.215340
1769098282.953220 0.401334 -12.244862 2.214029
1769098283.003211 0.398212 -12.240775 2.212524
1769098283.053215 0.398156 -12.240801 2.211098
1769098283.103199 0.390392 -12.230437 2.209879
1769098283.153227 0.387355 -12.226440 2.208138
1769098283.203199 0.387314 -12.226471 2.209410
1769098283.253225 0.379603 -12.216180 2.209210
1769098283.303218 0.379548 -12.216211 2.209064
1769098283.353202 0.372028 -12.206211 2.212184
1769098283.403223 0.368935 -12.202173 2.215681
1769098283.453211 0.365889 -12.198222 2.218252
1769098283.503215 0.362719 -12.194107 2.219786
1769098283.553229 0.358098 -12.188124 2.218083
1769098283.603248 0.358032 -12.188156 2.216366
1769098283.653216 0.350652 -12.178465 2.214094
1769098283.703226 0.347496 -12.174367 2.212628
1769098283.753227 0.347425 -12.174404 2.211227
1769098283.803241 0.339763 -12.164254 2.208524
1769098283.853256 0.336596 -12.160061 2.211283
1769098283.903209 0.336572 -12.160088 2.214070
1769098283.953238 0.328690 -12.149639 2.215905
1769098284.003237 0.325555 -12.145534 2.215962
1769098284.053245 0.325522 -12.145554 2.216046
1769098284.103231 0.317708 -12.135218 2.216066
1769098284.153239 0.314598 -12.131147 2.214101
1769098284.203222 0.311698 -12.127314 2.214905
1769098284.253238 0.307096 -12.121238 2.214992
1769098284.303223 0.304041 -12.117227 2.215083
1769098284.353248 0.304014 -12.117244 2.215159
1769098284.403244 0.296366 -12.107144 2.215684
1769098284.453243 0.293279 -12.103096 2.217462
1769098284.503278 0.293266 -12.103111 2.219160
1769098284.553371 0.285681 -12.093178 2.217779
1769098284.603237 0.282557 -12.089071 2.218477
1769098284.653248 0.279416 -12.084965 2.216837
1769098284.703243 0.274747 -12.078767 2.217119
1769098284.753249 0.271548 -12.074550 2.215604
1769098284.803261 0.271523 -12.074560 2.214141
1769098284.853247 0.263751 -12.064200 2.213703
1769098284.903254 0.260605 -12.060014 2.213715
1769098284.953261 0.260596 -12.060020 2.213766
1769098285.003258 0.252841 -12.049748 2.213961
1769098285.055468 0.249758 -12.045698 2.215766
1769098285.103312 0.246676 -12.041698 2.214594
1769098285.153260 0.242188 -12.035792 2.216308
1769098285.203267 0.239110 -12.031772 2.217266
1769098285.253258 0.239083 -12.031792 2.218216
1769098285.303271 0.231487 -12.021768 2.219025
1769098285.353254 0.228306 -12.017598 2.218179
1769098285.403255 0.225263 -12.013587 2.218192
1769098285.453261 0.220552 -12.007375 2.217709
1769098285.503248 0.220537 -12.007383 2.217258
1769098285.553267 0.217427 -12.003264 2.218705
1769098285.603251 0.209754 -11.993136 2.218751
1769098285.653273 0.206590 -11.988984 2.216485
1769098285.703255 0.206559 -11.988996 2.214266
1769098285.753249 0.198672 -11.978550 2.211001
1769098285.803238 0.198607 -11.978580 2.207909
1769098285.853267 0.190997 -11.968402 2.206928
1769098285.903257 0.187972 -11.964378 2.208850
1769098285.953268 0.187947 -11.964400 2.210771
1769098286.003275 0.180299 -11.954187 2.214098
1769098286.053308 0.177265 -11.950196 2.216300
1769098286.103270 0.177256 -11.950208 2.218402
1769098286.153249 0.174197 -11.946201 2.219580
1769098286.203280 0.166465 -11.936068 2.218297
1769098286.253279 0.163413 -11.932086 2.217460
1769098286.303280 0.163380 -11.932105 2.216629
1769098286.353276 0.155595 -11.921812 2.215551
1769098286.403271 0.152464 -11.917677 2.215833
1769098286.453264 0.149341 -11.913513 2.218293
1769098286.503268 0.144825 -11.907539 2.218487
1769098286.553269 0.144825 -11.907540 2.218733
1769098286.603274 0.136898 -11.897072 2.221242
1769098286.653275 0.133775 -11.892939 2.224774
1769098286.703287 0.133813 -11.892924 2.228240
1769098286.753266 0.126046 -11.882791 2.231838
1769098286.803267 0.122974 -11.878802 2.232573
1769098286.853255 0.119822 -11.874741 2.230441
1769098286.903256 0.116755 -11.870779 2.230831
1769098286.953253 0.112083 -11.864811 2.227444
1769098287.003257 0.112036 -11.864831 2.224070
1769098287.053277 0.104447 -11.855010 2.223565
1769098287.103271 0.101295 -11.850928 2.227440
1769098287.153290 0.098314 -11.847143 2.226926
1769098287.203273 0.093561 -11.841025 2.228054
1769098287.253280 0.090383 -11.836978 2.226576
1769098287.303255 0.090337 -11.837003 2.225097
1769098287.353326 0.082526 -11.826887 2.223669
1769098287.403283 0.079327 -11.822768 2.222074
1769098287.453280 0.079280 -11.822794 2.220597
1769098287.503278 0.071497 -11.812651 2.218605
1769098287.553284 0.068336 -11.808568 2.219661
1769098287.603274 0.068293 -11.808598 2.220735
1769098287.653289 0.060520 -11.798451 2.224271
1769098287.703295 0.060504 -11.798470 2.227712
1769098287.753363 0.052890 -11.788669 2.229517
1769098287.803307 0.049758 -11.784686 2.230165
1769098287.853305 0.049732 -11.784704 2.230755
1769098287.903305 0.042109 -11.774943 2.229782
1769098287.953327 0.039099 -11.771094 2.229201
1769098288.003339 0.039074 -11.771109 2.228664
1769098288.053312 0.031346 -11.761148 2.226951
1769098288.103289 0.028233 -11.757154 2.226645
1769098288.153311 0.028206 -11.757171 2.226369
1769098288.203292 0.020267 -11.746898 2.228071
1769098288.253291 0.017005 -11.742755 2.226948
1769098288.303310 0.016959 -11.742783 2.225780
1769098288.353282 0.008962 -11.732482 2.224157
1769098288.403301 0.005772 -11.728391 2.226441
1769098288.453279 0.002623 -11.724390 2.225494
1769098288.503302 -0.001896 -11.718551 2.229176
1769098288.553303 -0.005038 -11.714548 2.231241
1769098288.603296 -0.005055 -11.714563 2.233250
1769098288.653287 -0.012879 -11.704582 2.235381
1769098288.703302 -0.016109 -11.700542 2.233850
1769098288.753301 -0.019233 -11.696620 2.235048
1769098288.803308 -0.023873 -11.690816 2.232844
1769098288.853306 -0.023944 -11.690858 2.230538
1769098288.903309 -0.031890 -11.680768 2.227978
1769098288.953318 -0.035113 -11.676727 2.227308
1769098289.003317 -0.035187 -11.676775 2.226697
1769098289.053311 -0.043115 -11.666561 2.227715
1769098289.103327 -0.046374 -11.662449 2.226504
1769098289.153314 -0.046439 -11.662491 2.225317
1769098289.203309 -0.054298 -11.652348 2.226675
1769098289.253327 -0.057395 -11.648407 2.228724
1769098289.303315 -0.057426 -11.648431 2.230756
1769098289.353304 -0.065308 -11.638362 2.232027
1769098289.403310 -0.068317 -11.634601 2.231845
1769098289.453321 -0.068370 -11.634636 2.231610
1769098289.503333 -0.076066 -11.624840 2.231760
1769098289.553341 -0.076118 -11.624874 2.231882
1769098289.603312 -0.083747 -11.615155 2.232480
1769098289.653319 -0.086765 -11.611372 2.231994
1769098289.703357 -0.089788 -11.607563 2.232508
1769098289.753331 -0.094372 -11.601733 2.234243
1769098289.803348 -0.097648 -11.597579 2.236296
1769098289.853310 -0.100825 -11.593572 2.237929
1769098289.903368 -0.105525 -11.587638 2.238040
1769098289.953872 -0.105541 -11.587649 2.238110
1769098290.003382 -0.113486 -11.577601 2.235933
1769098290.053345 -0.116525 -11.573775 2.234548
1769098290.103363 -0.119755 -11.569682 2.233984
1769098290.153343 -0.124541 -11.563594 2.234697
1769098290.203319 -0.124559 -11.563607 2.235484
1769098290.253326 -0.132163 -11.553939 2.237776
1769098290.303330 -0.135341 -11.549934 2.240423
1769098290.353333 -0.135341 -11.549937 2.243022
1769098290.403341 -0.143235 -11.540071 2.244906
1769098290.453334 -0.146310 -11.536242 2.246599
1769098290.503323 -0.146310 -11.536243 2.248226
1769098290.553329 -0.154135 -11.526522 2.247445
1769098290.603305 -0.157159 -11.522779 2.245338
1769098290.653310 -0.160404 -11.518731 2.243718
1769098290.703358 -0.165211 -11.512721 2.242349
1769098290.753311 -0.168467 -11.508675 2.238721
1769098290.803352 -0.168512 -11.508702 2.235154
1769098290.853348 -0.176645 -11.498413 2.233257
1769098290.903349 -0.179899 -11.494308 2.236711
1769098290.953339 -0.183203 -11.490202 2.235966
1769098291.003324 -0.187864 -11.484334 2.238238
1769098291.053336 -0.191126 -11.480264 2.238899
1769098291.103398 -0.194317 -11.476268 2.240234
1769098291.153382 -0.199035 -11.470348 2.240631
1769098291.203339 -0.202247 -11.466336 2.240494
1769098291.253373 -0.202270 -11.466352 2.240370
1769098291.303355 -0.210124 -11.456489 2.240029
1769098291.353354 -0.213294 -11.452540 2.241294
1769098291.403346 -0.213315 -11.452555 2.242496
1769098291.453345 -0.221321 -11.442553 2.243080
1769098291.503342 -0.224576 -11.438539 2.242471
1769098291.553342 -0.224616 -11.438566 2.241814
1769098291.603344 -0.232744 -11.428433 2.239072
1769098291.653335 -0.235990 -11.424385 2.239998
1769098291.703337 -0.236020 -11.424406 2.241010
1769098291.753347 -0.244107 -11.414218 2.241963
1769098291.803345 -0.247348 -11.410165 2.241712
1769098291.853346 -0.250650 -11.406031 2.241486
1769098291.903343 -0.253831 -11.402061 2.243004
1769098291.953412 -0.258710 -11.395978 2.244083
1769098292.003391 -0.261900 -11.392015 2.248125
1769098292.053396 -0.261898 -11.392016 2.252099
1769098292.103370 -0.269902 -11.382177 2.254020
1769098292.153367 -0.273152 -11.378227 2.253282
1769098292.203357 -0.276377 -11.374291 2.253365
1769098292.253423 -0.281178 -11.368407 2.253403
1769098292.303376 -0.284393 -11.364464 2.252934
1769098292.353361 -0.287620 -11.360497 2.252551
1769098292.403366 -0.292498 -11.354482 2.252312
1769098292.453345 -0.295754 -11.350474 2.251215
1769098292.503365 -0.295763 -11.350481 2.250151
1769098292.553374 -0.303964 -11.340347 2.250226
1769098292.603371 -0.307255 -11.336301 2.248942
1769098292.653346 -0.310560 -11.332234 2.249028
1769098292.703380 -0.315506 -11.326141 2.246428
1769098292.753397 -0.318741 -11.322147 2.246469
1769098292.803385 -0.318763 -11.322163 2.246549
1769098292.853388 -0.326639 -11.312355 2.248789
1769098292.903361 -0.329791 -11.308457 2.249765
1769098292.953348 -0.333032 -11.304439 2.253049
1769098293.003363 -0.337784 -11.298582 2.255183
1769098293.053447 -0.340821 -11.294853 2.256526
1769098293.103395 -0.344010 -11.290954 2.257681
1769098293.153379 -0.348891 -11.285006 2.257475
1769098293.203372 -0.352070 -11.281131 2.257066
1769098293.253362 -0.352075 -11.281134 2.256659
1769098293.303378 -0.360247 -11.271143 2.255143
1769098293.353370 -0.360253 -11.271147 2.253719
1769098293.403379 -0.363398 -11.267309 2.249832
1769098293.453391 -0.371409 -11.257412 2.249172
1769098293.501481 -0.371428 -11.257426 2.248659
1769098293.553390 -0.379492 -11.247443 2.249969
1769098293.603389 -0.382621 -11.243561 2.255023
1769098293.653392 -0.385815 -11.239665 2.257418
1769098293.703380 -0.390655 -11.233749 2.261077
1769098293.753379 -0.393947 -11.229771 2.262249
1769098293.803399 -0.393946 -11.229770 2.263413
1769098293.853389 -0.401837 -11.220268 2.263515
1769098293.903439 -0.405156 -11.216310 2.260143
1769098293.953413 -0.408403 -11.212424 2.258724
1769098294.003462 -0.413229 -11.206624 2.257216
1769098294.053439 -0.413272 -11.206656 2.255696
1769098294.103405 -0.421329 -11.196860 2.256318
1769098294.153409 -0.424480 -11.193059 2.258077
1769098294.203403 -0.424498 -11.193072 2.259782
1769098294.253366 -0.432552 -11.183310 2.260632
1769098294.303443 -0.435916 -11.179259 2.259215
1769098294.353387 -0.439065 -11.175424 2.259991
1769098294.403385 -0.444068 -11.169347 2.259915
1769098294.453402 -0.447400 -11.165303 2.258542
1769098294.503398 -0.447407 -11.165309 2.257221
1769098294.553405 -0.455555 -11.155394 2.256177
1769098294.603382 -0.458747 -11.151496 2.260319
1769098294.653384 -0.462017 -11.147565 2.260468
1769098294.703396 -0.466716 -11.141891 2.263659
1769098294.753394 -0.466711 -11.141887 2.266704
1769098294.803464 -0.474648 -11.132391 2.267993
1769098294.853455 -0.477934 -11.128474 2.267201
1769098294.903396 -0.477940 -11.128479 2.266390
1769098294.953408 -0.486079 -11.118722 2.265892
1769098295.003391 -0.489439 -11.114669 2.266119
1769098295.053409 -0.492671 -11.110774 2.266402
1769098295.104130 -0.492654 -11.110761 2.266419
1769098295.153400 -0.500997 -11.100744 2.267808
1769098295.203409 -0.500980 -11.100731 2.269303
1769098295.253439 -0.509015 -11.091152 2.270766
1769098295.303403 -0.512227 -11.087338 2.270132
1769098295.353430 -0.515418 -11.083539 2.271547
1769098295.403420 -0.520330 -11.077716 2.270810
1769098295.453395 -0.523626 -11.073772 2.273719
1769098295.503410 -0.526898 -11.069910 2.272993
1769098295.553417 -0.531799 -11.064076 2.276659
1769098295.603430 -0.531762 -11.064046 2.280311
1769098295.653416 -0.539870 -11.054531 2.282639
1769098295.703428 -0.543128 -11.050694 2.282973
1769098295.753484 -0.543095 -11.050669 2.283264
1769098295.803405 -0.551414 -11.041002 2.283021
1769098295.853417 -0.554811 -11.037050 2.280749
1769098295.903434 -0.558196 -11.033086 2.280230
1769098295.953436 -0.561536 -11.029185 2.276473
1769098296.003463 -0.566412 -11.023428 2.277170
1769098296.053427 -0.566393 -11.023413 2.277993
1769098296.103427 -0.574919 -11.013350 2.280393
1769098296.153442 -0.578044 -11.009632 2.280950
1769098296.203421 -0.581440 -11.005576 2.283460
1769098296.253410 -0.586060 -11.000141 2.282324
1769098296.303460 -0.586018 -11.000110 2.281222
1769098296.353411 -0.594080 -10.990655 2.279389
1769098296.403421 -0.597359 -10.986770 2.274103
1769098296.453416 -0.597351 -10.986770 2.268980
1769098296.503417 -0.605307 -10.977255 2.262271
1769098296.553418 -0.608374 -10.973520 2.257623
1769098296.603423 -0.608379 -10.973529 2.253184
1769098296.653432 -0.616393 -10.963632 2.245897
1769098296.703398 -0.619593 -10.959615 2.240164
1769098296.755864 -0.622681 -10.955703 2.232283
1769098296.803417 -0.627373 -10.949667 2.227776
1769098296.853427 -0.627391 -10.949686 2.223357
1769098296.903468 -0.635146 -10.939519 2.218890
1769098296.953420 -0.638219 -10.935465 2.213560
1769098297.003420 -0.638243 -10.935490 2.208440
1769098297.053425 -0.646006 -10.925010 2.203551
1769098297.103480 -0.649059 -10.920878 2.197362
1769098297.153443 -0.651912 -10.916975 2.193356
1769098297.203434 -0.656352 -10.910848 2.187321
1769098297.253429 -0.659312 -10.906707 2.187417
1769098297.303432 -0.659329 -10.906720 2.187683
1769098297.353433 -0.666607 -10.896492 2.181691
1769098297.403431 -0.669544 -10.892340 2.176870
1769098297.453430 -0.669584 -10.892376 2.172232
1769098297.503416 -0.676925 -10.881693 2.166098
1769098297.553441 -0.679878 -10.877369 2.159918
1769098297.603447 -0.679921 -10.877408 2.153962
1769098297.653431 -0.687061 -10.866585 2.148043
1769098297.703413 -0.689916 -10.862225 2.140517
1769098297.753438 -0.689959 -10.862265 2.133285
1769098297.803461 -0.696754 -10.851523 2.127773
1769098297.853428 -0.699448 -10.847238 2.125107
1769098297.903430 -0.699478 -10.847263 2.122645
1769098297.953445 -0.706232 -10.836287 2.120818
1769098298.003455 -0.708756 -10.832163 2.119377
1769098298.053521 -0.708760 -10.832166 2.118039
1769098298.103428 -0.715393 -10.821235 2.114202
1769098298.153439 -0.718071 -10.816758 2.111471
1769098298.203444 -0.720480 -10.812713 2.105790
1769098298.253440 -0.724385 -10.806079 2.102036
1769098298.303439 -0.726883 -10.801791 2.097218
1769098298.353450 -0.726889 -10.801798 2.092570
1769098298.403445 -0.733215 -10.790744 2.086043
1769098298.453454 -0.735734 -10.786232 2.082100
1769098298.503441 -0.735728 -10.786229 2.078400
1769098298.553449 -0.741926 -10.774982 2.073392
1769098298.603445 -0.744453 -10.770299 2.069076
1769098298.653446 -0.746942 -10.765591 2.067943
1769098298.703441 -0.750609 -10.758702 2.064821
1769098298.753429 -0.752992 -10.754107 2.064277
1769098298.803463 -0.752930 -10.754062 2.063894
1769098298.853452 -0.758814 -10.742929 2.060747
1769098298.903454 -0.761062 -10.738551 2.058418
1769098298.953450 -0.763222 -10.734297 2.054421
1769098299.003479 -0.766546 -10.727796 2.051396
1769098299.053460 -0.766497 -10.727760 2.048632
1769098299.103492 -0.772214 -10.716510 2.043692
1769098299.153486 -0.772161 -10.716472 2.039236
1769098299.203451 -0.777789 -10.705150 2.032079
1769098299.253494 -0.780095 -10.700317 2.026960
1769098299.303468 -0.780051 -10.700284 2.022111
1769098299.353454 -0.785504 -10.688820 2.016296
1769098299.403476 -0.787561 -10.684317 2.010824
1769098299.453496 -0.787521 -10.684286 2.005616
1769098299.503469 -0.792740 -10.672825 2.000284
1769098299.553452 -0.794839 -10.668064 1.993141
1769098299.603472 -0.794814 -10.668042 1.986273
1769098299.653478 -0.799788 -10.656645 1.980821
1769098299.703532 -0.801782 -10.651927 1.979513
1769098299.753487 -0.801746 -10.651902 1.978347
1769098299.803471 -0.806714 -10.640223 1.975883
1769098299.853444 -0.806672 -10.640192 1.973684
1769098299.903465 -0.811513 -10.628678 1.968980
1769098299.953489 -0.813350 -10.624165 1.965136
1769098300.003494 -0.813323 -10.624142 1.961429
1769098300.053490 -0.818088 -10.612435 1.957072
1769098300.103468 -0.820044 -10.607483 1.956401
1769098300.153477 -0.820003 -10.607455 1.955838
1769098300.203468 -0.824730 -10.595621 1.954476
1769098300.253472 -0.826507 -10.591027 1.954058
1769098300.303479 -0.826448 -10.590987 1.953669
1769098300.353473 -0.831242 -10.578905 1.954548
1769098300.403485 -0.833093 -10.574125 1.957424
1769098300.453474 -0.834958 -10.569349 1.958664
1769098300.503474 -0.837750 -10.562300 1.960467
1769098300.553474 -0.837671 -10.562252 1.962242
1769098300.603459 -0.842330 -10.550736 1.961163
1769098300.653457 -0.844138 -10.546154 1.959418
1769098300.703533 -0.844087 -10.546118 1.957710
1769098300.753483 -0.848868 -10.534222 1.956209
1769098300.803465 -0.850615 -10.529723 1.955663
1769098300.853490 -0.850556 -10.529684 1.955069
1769098300.903489 -0.855370 -10.517582 1.954674
1769098300.953490 -0.857154 -10.512940 1.956616
1769098301.003486 -0.857072 -10.512892 1.958541
1769098301.053477 -0.861870 -10.500810 1.959287
1769098301.103493 -0.863786 -10.495847 1.953032
1769098301.153489 -0.863729 -10.495798 1.946869
1769098301.203496 -0.868400 -10.483775 1.942890
1769098301.253542 -0.868363 -10.483742 1.939055
1769098301.303489 -0.872736 -10.472317 1.937148
1769098301.353485 -0.874526 -10.467521 1.939345
1769098301.403500 -0.874474 -10.467494 1.941474
1769098301.453476 -0.878917 -10.455900 1.944086
1769098301.503489 -0.880615 -10.451387 1.946207
1769098301.553483 -0.882331 -10.446850 1.945552
1769098301.603481 -0.884985 -10.439911 1.945865
1769098301.653497 -0.884922 -10.439874 1.946138
1769098301.703499 -0.889522 -10.427910 1.946365
1769098301.753496 -0.891289 -10.423193 1.941687
1769098301.803518 -0.891242 -10.423151 1.937072
1769098301.853502 -0.895751 -10.411205 1.934873
1769098301.903518 -0.897432 -10.406605 1.934322
1769098301.953471 -0.897377 -10.406571 1.933790
1769098302.003489 -0.901960 -10.394304 1.933669
1769098302.053483 -0.903714 -10.389489 1.934533
1769098302.103505 -0.905460 -10.384697 1.934816
1769098302.153500 -0.908173 -10.377378 1.935143
1769098302.203506 -0.909881 -10.372686 1.936291
1769098302.253498 -0.911542 -10.368112 1.938693
1769098302.303481 -0.914098 -10.361241 1.938829
1769098302.353575 -0.914022 -10.361198 1.938927
1769098302.403494 -0.918500 -10.349420 1.937159
1769098302.453512 -0.920274 -10.344617 1.938003
1769098302.503505 -0.920213 -10.344585 1.938841
1769098302.553504 -0.924794 -10.332526 1.938852
1769098302.603506 -0.926630 -10.327628 1.935934
1769098302.653564 -0.926604 -10.327603 1.933037
1769098302.703514 -0.931067 -10.315722 1.929235
1769098302.753520 -0.932834 -10.310884 1.925704
1769098302.803521 -0.932820 -10.310863 1.922266
1769098302.853517 -0.937172 -10.298851 1.921616
1769098302.903563 -0.938926 -10.293886 1.923263
1769098302.953559 -0.938863 -10.293858 1.924919
1769098303.003510 -0.943283 -10.281695 1.926760
1769098303.053571 -0.945014 -10.276888 1.924459
1769098303.103518 -0.944981 -10.276861 1.922119
1769098303.153522 -0.949316 -10.264994 1.918482
1769098303.203519 -0.951007 -10.260248 1.919391
1769098303.253525 -0.950977 -10.260235 1.920281
1769098303.303523 -0.955186 -10.248583 1.919416
1769098303.353513 -0.956921 -10.243689 1.920153
1769098303.403514 -0.958555 -10.239074 1.918868
1769098303.453506 -0.961061 -10.231988 1.920398
1769098303.503530 -0.960998 -10.231962 1.921955
1769098303.553505 -0.965313 -10.219920 1.923672
1769098303.603539 -0.967041 -10.215007 1.921012
1769098303.653530 -0.968709 -10.210166 1.922280
1769098303.703546 -0.971226 -10.203084 1.917693
1769098303.753537 -0.972849 -10.198360 1.916670
1769098303.803539 -0.974519 -10.193514 1.914695
1769098303.853554 -0.976949 -10.186500 1.914568
1769098303.903584 -0.976883 -10.186466 1.914481
1769098303.953566 -0.981043 -10.174639 1.914389
1769098304.003588 -0.982627 -10.169966 1.918800
1769098304.053534 -0.982524 -10.169934 1.923105
1769098304.103533 -0.986721 -10.158170 1.927179
1769098304.153599 -0.986585 -10.158120 1.931086
1769098304.203538 -0.990846 -10.146391 1.932577
1769098304.253590 -0.992472 -10.141721 1.928061
1769098304.303596 -0.994033 -10.137135 1.927383
1769098304.353520 -0.996628 -10.129808 1.923142
1769098304.403597 -0.998218 -10.125116 1.921560
1769098304.453588 -0.998114 -10.125058 1.920031
1769098304.503522 -1.002444 -10.112753 1.917976
1769098304.553527 -1.004056 -10.107913 1.917081
1769098304.603547 -1.003945 -10.107855 1.916256
1769098304.653561 -1.008222 -10.095557 1.917455
1769098304.703511 -1.008088 -10.095498 1.918643
1769098304.753550 -1.012199 -10.083701 1.920649
1769098304.803535 -1.013712 -10.079126 1.917788
1769098304.853550 -1.013598 -10.079056 1.914910
1769098304.903538 -1.017646 -10.067386 1.912715
1769098304.953551 -1.019151 -10.062777 1.912537
1769098305.003537 -1.019037 -10.062722 1.912373
1769098305.053543 -1.023176 -10.050683 1.912072
1769098305.103550 -1.024852 -10.045651 1.906953
1769098305.153548 -1.024791 -10.045595 1.901849
1769098305.203554 -1.028967 -10.033222 1.900186
1769098305.253531 -1.030518 -10.028431 1.897964
1769098305.303536 -1.032111 -10.023500 1.896668
1769098305.353530 -1.034451 -10.016322 1.894526
1769098305.403546 -1.036035 -10.011344 1.893837
1769098305.453547 -1.035966 -10.011309 1.893179
1769098305.503528 -1.039959 -9.999020 1.897094
1769098305.553558 -1.041517 -9.994089 1.899898
1769098305.603538 -1.043045 -9.989240 1.906137
1769098305.653554 -1.045551 -9.981781 1.906336
1769098305.703608 -1.045464 -9.981741 1.906214
1769098305.753553 -1.049545 -9.969850 1.912599
1769098305.803591 -1.051170 -9.965102 1.918606
1769098305.853550 -1.052837 -9.960294 1.924320
1769098305.903573 -1.054503 -9.955583 1.927950
1769098305.953565 -1.057169 -9.948282 1.929668
1769098306.003589 -1.058891 -9.943548 1.933094
1769098306.053593 -1.058820 -9.943535 1.936375
1769098306.103563 -1.063384 -9.931438 1.941910
1769098306.153560 -1.065245 -9.926524 1.944289
1769098306.203549 -1.067107 -9.921605 1.949523
1769098306.253562 -1.070022 -9.914175 1.949730
1769098306.303636 -1.071863 -9.909417 1.955322
1769098306.353555 -1.071777 -9.909410 1.960723
1769098306.403538 -1.076612 -9.897464 1.964309
1769098306.453568 -1.078528 -9.892733 1.964803
1769098306.503567 -1.078482 -9.892714 1.965152
1769098306.553572 -1.083362 -9.880898 1.969529
1769098306.603578 -1.085288 -9.876232 1.976126
1769098306.653574 -1.087168 -9.871776 1.980470
1769098306.703575 -1.090253 -9.864579 1.987358
1769098306.753566 -1.090166 -9.864579 1.993842
1769098306.803572 -1.095150 -9.853403 2.000732
1769098306.853566 -1.097290 -9.848641 2.005000
1769098306.903577 -1.097222 -9.848635 2.009002
1769098306.953574 -1.102408 -9.837491 2.011798
1769098307.003579 -1.104427 -9.833130 2.016048
1769098307.053557 -1.104364 -9.833126 2.020107
1769098307.103556 -1.109914 -9.821500 2.023824
1769098307.153582 -1.109840 -9.821487 2.027153
1769098307.203578 -1.115491 -9.809842 2.028767
1769098307.253584 -1.117640 -9.805327 2.033557
1769098307.303553 -1.117541 -9.805311 2.038176
1769098307.353570 -1.123244 -9.793847 2.042233
1769098307.403587 -1.125507 -9.789238 2.045544
1769098307.453563 -1.125412 -9.789214 2.048685
1769098307.503569 -1.131192 -9.777915 2.056073
1769098307.553584 -1.133338 -9.773682 2.063149
1769098307.603591 -1.135681 -9.769158 2.071298
1769098307.653583 -1.139390 -9.762216 2.077514
1769098307.703578 -1.141916 -9.757491 2.082712
1769098307.753587 -1.141801 -9.757469 2.087661
1769098307.803614 -1.148657 -9.745251 2.091673
1769098307.853643 -1.151397 -9.740344 2.093887
1769098307.903676 -1.151321 -9.740322 2.095928
1769098307.953592 -1.158289 -9.728199 2.096009
1769098308.003684 -1.160863 -9.723639 2.098249
1769098308.053594 -1.163695 -9.718718 2.098317
1769098308.103607 -1.167713 -9.711736 2.101561
1769098308.153670 -1.167649 -9.711723 2.104550
1769098308.203597 -1.174730 -9.699653 2.108882
1769098308.253595 -1.177492 -9.694918 2.113294
1769098308.303592 -1.177408 -9.694903 2.117529
1769098308.353594 -1.184534 -9.683079 2.122777
1769098308.403591 -1.187315 -9.678439 2.127595
1769098308.453577 -1.187218 -9.678419 2.132167
1769098308.503578 -1.194447 -9.666799 2.137698
1769098308.553676 -1.197180 -9.662369 2.143103
1769098308.603598 -1.200109 -9.657741 2.145803
1769098308.653673 -1.204571 -9.650757 2.150071
1769098308.703599 -1.204490 -9.650740 2.153946
1769098308.753599 -1.212029 -9.639213 2.156957
1769098308.803677 -1.215015 -9.634636 2.158542
1769098308.853613 -1.214963 -9.634620 2.160008
1769098308.903578 -1.222647 -9.623071 2.159915
1769098308.953610 -1.225633 -9.618527 2.162284
1769098309.003690 -1.225578 -9.618512 2.164521
1769098309.053600 -1.233448 -9.606756 2.171275
1769098309.103586 -1.233348 -9.606738 2.177638
1769098309.153684 -1.240993 -9.595638 2.184892
1769098309.203707 -1.244127 -9.591067 2.193333
1769098309.253681 -1.247314 -9.586497 2.200419
1769098309.303673 -1.247192 -9.586469 2.207254
1769098309.353605 -1.255354 -9.575300 2.210495
1769098309.403607 -1.258582 -9.570832 2.212614
1769098309.453634 -1.258495 -9.570799 2.214538
1769098309.503554 -1.266731 -9.559717 2.217986
1769098309.553600 -1.266648 -9.559690 2.220994
1769098309.603698 -1.274961 -9.548664 2.225485
1769098309.653627 -1.278409 -9.544099 2.227192
1769098309.703603 -1.281730 -9.539701 2.229680
1769098309.753665 -1.281664 -9.539678 2.231999
1769098309.803730 -1.290271 -9.528508 2.231750
1769098309.853710 -1.293775 -9.523903 2.229954
1769098309.903805 -1.293733 -9.523876 2.228207
1769098309.953662 -1.302294 -9.512673 2.228251
1769098310.003717 -1.305606 -9.508272 2.227835
1769098310.053720 -1.305548 -9.508242 2.227397
1769098310.103630 -1.313955 -9.497251 2.229594
1769098310.153626 -1.317309 -9.492826 2.232438
1769098310.203624 -1.317238 -9.492799 2.235207
1769098310.253635 -1.325571 -9.482060 2.235320
1769098310.303600 -1.328805 -9.477826 2.235228
1769098310.353643 -1.328748 -9.477797 2.235151
1769098310.403695 -1.337120 -9.466982 2.234328
1769098310.453702 -1.340659 -9.462342 2.233258
1769098310.503604 -1.340603 -9.462311 2.232213
1769098310.553621 -1.349253 -9.451094 2.230678
1769098310.603634 -1.349206 -9.451065 2.229182
1769098310.653630 -1.357433 -9.440348 2.228178
1769098310.703643 -1.360770 -9.435937 2.228334
1769098310.753633 -1.360722 -9.435912 2.228526
1769098310.803645 -1.369148 -9.424889 2.229886
1769098310.853680 -1.372444 -9.420558 2.226468
1769098310.903686 -1.372424 -9.420539 2.223067
1769098310.953685 -1.380628 -9.409764 2.221018
1769098311.003623 -1.380623 -9.409756 2.218975
1769098311.053695 -1.388603 -9.399193 2.219411
1769098311.103638 -1.391904 -9.394807 2.220200
1769098311.153728 -1.391882 -9.394796 2.220947
1769098311.203639 -1.400114 -9.383946 2.220350
1769098311.253626 -1.403343 -9.379662 2.218779
1769098311.303617 -1.403337 -9.379655 2.217246
1769098311.353622 -1.411743 -9.368473 2.215070
1769098311.403621 -1.415133 -9.363929 2.213243
1769098311.453627 -1.415128 -9.363923 2.211456
1769098311.503645 -1.423483 -9.352699 2.210040
1769098311.553623 -1.423485 -9.352698 2.208776
1769098311.603636 -1.431705 -9.341617 2.209316
1769098311.653627 -1.434871 -9.337350 2.211626
1769098311.703646 -1.434855 -9.337346 2.213867
1769098311.753647 -1.443009 -9.326442 2.214883
1769098311.803634 -1.446245 -9.322101 2.216045
1769098311.853732 -1.446221 -9.322090 2.217149
1769098311.903670 -1.454305 -9.311327 2.217888
1769098311.953671 -1.457580 -9.306952 2.217381
1769098312.003657 -1.460827 -9.302592 2.218381
1769098312.053690 -1.465871 -9.295874 2.217713
1769098312.103657 -1.469108 -9.291534 2.217349
1769098312.153674 -1.469081 -9.291519 2.216962
1769098312.203651 -1.477547 -9.280249 2.216263
1769098312.253630 -1.477528 -9.280238 2.215583
1769098312.303739 -1.485787 -9.269172 2.215869
1769098312.353625 -1.489010 -9.264823 2.214145
1769098312.403733 -1.488986 -9.264807 2.212428
1769098312.453709 -1.497328 -9.253628 2.209070
1769098312.503714 -1.500579 -9.249206 2.209602
1769098312.553715 -1.500556 -9.249194 2.210142
1769098312.603626 -1.508754 -9.238131 2.211983
1769098312.653628 -1.512064 -9.233656 2.213316
1769098312.703713 -1.512033 -9.233639 2.214563
1769098312.753651 -1.520270 -9.222609 2.213615
1769098312.803636 -1.523550 -9.218176 2.211771
1769098312.853731 -1.523533 -9.218164 2.209965
1769098312.903631 -1.526870 -9.213618 2.209872
1769098312.953656 -1.535327 -9.202186 2.208773
1769098313.003635 -1.538648 -9.197657 2.208059
1769098313.053646 -1.538628 -9.197645 2.207375
1769098313.103735 -1.547070 -9.186170 2.208076
1769098313.153652 -1.547039 -9.186152 2.208807
1769098313.203634 -1.555158 -9.175159 2.207045
1769098313.253634 -1.558454 -9.170643 2.207005
1769098313.303635 -1.558428 -9.170628 2.206977
1769098313.353644 -1.566236 -9.160005 2.206681
1769098313.403633 -1.569438 -9.155609 2.207862
1769098313.453747 -1.569401 -9.155588 2.208997
1769098313.503632 -1.577568 -9.144507 2.210838
1769098313.553760 -1.580996 -9.139837 2.210605
1769098313.603686 -1.580962 -9.139817 2.210311
1769098313.653776 -1.589183 -9.128711 2.209946
1769098313.703649 -1.592428 -9.124284 2.209135
1769098313.753660 -1.592402 -9.124268 2.208341
1769098313.803686 -1.600733 -9.112933 2.207474
1769098313.853659 -1.603993 -9.108454 2.205249
1769098313.903682 -1.603970 -9.108439 2.203078
1769098313.953727 -1.612152 -9.097242 2.200539
1769098314.003744 -1.612154 -9.097242 2.198149
1769098314.053700 -1.620194 -9.086187 2.197876
1769098314.103654 -1.623417 -9.081740 2.200658
1769098314.153656 -1.626692 -9.077267 2.201104
1769098314.203729 -1.629861 -9.072935 2.201150
1769098314.253722 -1.634756 -9.066230 2.201190
1769098314.303648 -1.634757 -9.066230 2.201204
1769098314.353655 -1.642700 -9.055327 2.200784
1769098314.403753 -1.645760 -9.051107 2.200192
1769098314.453732 -1.645752 -9.051102 2.199631
1769098314.502064 -1.654045 -9.039671 2.199275
1769098314.553721 -1.657338 -9.035120 2.198638
1769098314.603656 -1.657331 -9.035115 2.198027
1769098314.653634 -1.665573 -9.023740 2.196516
1769098314.703657 -1.668826 -9.019222 2.194985
1769098314.756232 -1.668828 -9.019223 2.193441
1769098314.803711 -1.676973 -9.007872 2.192354
1769098314.853634 -1.680252 -9.003278 2.192549
1769098314.903654 -1.680245 -9.003273 2.192807
1769098314.953645 -1.688059 -8.992370 2.193582
1769098315.003650 -1.691281 -8.987890 2.194773
1769098315.053675 -1.691275 -8.987887 2.195852
1769098315.103631 -1.699334 -8.976723 2.197908
1769098315.153658 -1.702487 -8.972381 2.198002
1769098315.203637 -1.705652 -8.968017 2.197776
1769098315.253644 -1.710636 -8.961126 2.197732
1769098315.303707 -1.710633 -8.961124 2.197741
1769098315.353682 -1.718707 -8.949971 2.194943
1769098315.403668 -1.721964 -8.945424 2.194877
1769098315.453703 -1.721954 -8.945417 2.194876
1769098315.503734 -1.730095 -8.934064 2.194984
1769098315.553685 -1.733306 -8.929578 2.194492
1769098315.603708 -1.733295 -8.929571 2.193978
1769098315.653683 -1.741220 -8.918562 2.192135
1769098315.703688 -1.744348 -8.914171 2.193349
1769098315.753690 -1.747604 -8.909624 2.193087
1769098315.803690 -1.752181 -8.903221 2.192739
1769098315.853743 -1.752171 -8.903215 2.192382
1769098315.903732 -1.760038 -8.892195 2.191847
1769098315.953710 -1.763151 -8.887826 2.190215
1769098316.003702 -1.763151 -8.887827 2.188595
1769098316.053725 -1.771176 -8.876514 2.189364
1769098316.103683 -1.774370 -8.872015 2.190162
1769098316.153695 -1.777497 -8.867625 2.189139
1769098316.203696 -1.782391 -8.860732 2.188355
1769098316.253705 -1.782391 -8.860732 2.187655
1769098316.303752 -1.790234 -8.849662 2.185723
1769098316.353696 -1.790244 -8.849669 2.183966
1769098316.403708 -1.798026 -8.838617 2.183401
1769098316.453770 -1.801275 -8.833968 2.187133
1769098316.503713 -1.801244 -8.833946 2.190826
1769098316.553704 -1.808930 -8.823138 2.194714
1769098316.603702 -1.812092 -8.818711 2.196681
1769098316.653707 -1.815307 -8.814229 2.197511
1769098316.703735 -1.820035 -8.807655 2.198029
1769098316.753737 -1.823309 -8.803090 2.197650
1769098316.803700 -1.823287 -8.803077 2.197276
1769098316.853729 -1.831440 -8.791731 2.197131
1769098316.903706 -1.834655 -8.787218 2.196495
1769098316.953720 -1.834625 -8.787199 2.195902
1769098317.003707 -1.842788 -8.775800 2.195828
1769098317.053723 -1.846190 -8.771018 2.194233
1769098317.103716 -1.846164 -8.771002 2.192625
1769098317.153708 -1.854266 -8.759651 2.192134
1769098317.203722 -1.857452 -8.755146 2.194203
1769098317.253783 -1.857416 -8.755120 2.196258
1769098317.303712 -1.860687 -8.750523 2.195826
1769098317.353728 -1.868736 -8.739324 2.194285
1769098317.403715 -1.868721 -8.739316 2.192744
1769098317.453710 -1.876688 -8.728182 2.192294
1769098317.503711 -1.879887 -8.723687 2.193181
1769098317.553735 -1.879869 -8.723674 2.194034
1769098317.603717 -1.888013 -8.712324 2.194568
1769098317.653726 -1.891259 -8.707766 2.196578
1769098317.703763 -1.891227 -8.707743 2.198586
1769098317.753757 -1.894413 -8.703303 2.197668
1769098317.803742 -1.902709 -8.691779 2.195804
1769098317.853783 -1.906087 -8.687037 2.193958
1769098317.903803 -1.909297 -8.682520 2.192617
1769098317.953782 -1.914250 -8.675544 2.193730
1769098318.003765 -1.917503 -8.670966 2.193754
1769098318.053791 -1.917477 -8.670948 2.193726
1769098318.103739 -1.925467 -8.659801 2.195197
1769098318.153730 -1.925444 -8.659784 2.196499
1769098318.203733 -1.933115 -8.649154 2.196574
1769098318.253723 -1.936189 -8.644882 2.196239
1769098318.303721 -1.936181 -8.644877 2.195880
1769098318.353747 -1.944287 -8.633623 2.195211
1769098318.403731 -1.947440 -8.629217 2.195455
1769098318.453727 -1.950853 -8.624474 2.194016
1769098318.503726 -1.955535 -8.617927 2.194973
1769098318.553728 -1.955515 -8.617912 2.195923
1769098318.603733 -1.963444 -8.606873 2.196726
1769098318.653729 -1.966761 -8.602247 2.194654
1769098318.703744 -1.966752 -8.602244 2.192610
1769098318.753737 -1.974717 -8.591104 2.190089
1769098318.803748 -1.977904 -8.586599 2.190610
1769098318.853712 -1.981063 -8.582170 2.188105
1769098318.903738 -1.985588 -8.575760 2.189751
1769098318.953755 -1.985562 -8.575740 2.191357
1769098319.003734 -1.993447 -8.564642 2.193030
1769098319.053740 -1.996703 -8.560033 2.194306
1769098319.103738 -1.999643 -8.555885 2.193751
1769098319.153760 -2.004490 -8.549086 2.192830
1769098319.203736 -2.007705 -8.544541 2.191573
1769098319.253746 -2.007683 -8.544528 2.190379
1769098319.303737 -2.015593 -8.533383 2.187288
1769098319.353736 -2.018917 -8.528635 2.185485
1769098319.403724 -2.018901 -8.528627 2.183790
1769098319.453748 -2.027044 -8.516994 2.182882
1769098319.503764 -2.030292 -8.512317 2.182335
1769098319.553731 -2.030272 -8.512304 2.181807
1769098319.603750 -2.038111 -8.501081 2.181247
1769098319.653739 -2.038097 -8.501072 2.180626
1769098319.703751 -2.041115 -8.496730 2.179845
1769098319.753784 -2.048922 -8.485511 2.179609
1769098319.803786 -2.048912 -8.485505 2.179402
1769098319.853753 -2.056438 -8.474678 2.179715
1769098319.903766 -2.059535 -8.470204 2.179922
1769098319.953779 -2.059518 -8.470192 2.180114
1769098320.003772 -2.067391 -8.458867 2.181819
1769098320.053755 -2.070666 -8.454148 2.181585
1769098320.103750 -2.070646 -8.454135 2.181314
1769098320.153754 -2.078610 -8.442720 2.179772
1769098320.203757 -2.078601 -8.442716 2.178242
1769098320.253752 -2.086495 -8.431343 2.173687
1769098320.303779 -2.089663 -8.426700 2.172804
1769098320.353754 -2.092880 -8.421967 2.173344
1769098320.403774 -2.092856 -8.421950 2.173934
1769098320.453758 -2.100809 -8.410408 2.171422
1769098320.503766 -2.100819 -8.410418 2.168849
1769098320.553761 -2.108417 -8.399306 2.170065
1769098320.603766 -2.111513 -8.394802 2.170432
1769098320.653761 -2.111523 -8.394809 2.170716
1769098320.703761 -2.119272 -8.383520 2.169623
1769098320.753778 -2.119289 -8.383532 2.169459
1769098320.803763 -2.122474 -8.378902 2.169270
1769098320.853765 -2.130316 -8.367397 2.169181
1769098320.903761 -2.133513 -8.362715 2.168511
1769098320.953762 -2.133520 -8.362720 2.167873
1769098321.003769 -2.141440 -8.351086 2.168282
1769098321.053851 -2.144495 -8.346613 2.169152
1769098321.103826 -2.144498 -8.346614 2.169986
1769098321.153769 -2.152379 -8.335076 2.169338
1769098321.203778 -2.155520 -8.330480 2.167905
1769098321.253766 -2.155532 -8.330490 2.166509
1769098321.303771 -2.163275 -8.319104 2.167110
1769098321.353772 -2.166418 -8.314505 2.168192
1769098321.403772 -2.166429 -8.314510 2.169293
1769098321.453776 -2.174201 -8.303147 2.171322
1769098321.503778 -2.177155 -8.298883 2.172148
1769098321.553795 -2.180242 -8.294435 2.172301
1769098321.603776 -2.184692 -8.287971 2.174116
1769098321.653817 -2.184693 -8.287969 2.175919
1769098321.703802 -2.192601 -8.276511 2.174999
1769098321.753793 -2.195685 -8.272031 2.172160
1769098321.803804 -2.195693 -8.272040 2.169382
1769098321.853814 -2.203360 -8.260783 2.167624
1769098321.903842 -2.203366 -8.260789 2.166068
1769098321.953842 -2.211078 -8.249413 2.165338
1769098322.003861 -2.214218 -8.244749 2.168354
1769098322.053782 -2.214196 -8.244729 2.171339
1769098322.103793 -2.221823 -8.233541 2.174294
1769098322.153781 -2.224976 -8.228924 2.173553
1769098322.203785 -2.227845 -8.224691 2.173729
1769098322.253786 -2.232500 -8.217880 2.172332
1769098322.303784 -2.235438 -8.213543 2.171174
1769098322.353788 -2.235417 -8.213531 2.170038
1769098322.403790 -2.243283 -8.201953 2.169515
1769098322.453794 -2.243259 -8.201937 2.169035
1769098322.503797 -2.251010 -8.190526 2.169013
1769098322.553789 -2.254228 -8.185766 2.169220
1769098322.603787 -2.254210 -8.185753 2.169412
1769098322.653782 -2.261817 -8.174550 2.167543
1769098322.703807 -2.264925 -8.169931 2.165741
1769098322.753792 -2.264915 -8.169927 2.164009
1769098322.803807 -2.272771 -8.158251 2.161557
1769098322.853803 -2.275888 -8.153573 2.162445
1769098322.903799 -2.275871 -8.153560 2.163352
1769098322.953797 -2.283549 -8.142133 2.164502
1769098323.003805 -2.286621 -8.137551 2.165826
1769098323.053798 -2.286598 -8.137534 2.167031
1769098323.103798 -2.294258 -8.126219 2.167745
1769098323.153878 -2.297385 -8.121582 2.166676
1769098323.203801 -2.297372 -8.121575 2.165605
1769098323.253814 -2.305105 -8.110088 2.164728
1769098323.303873 -2.308252 -8.105371 2.164094
1769098323.353805 -2.308231 -8.105358 2.163519
1769098323.403799 -2.316109 -8.093570 2.163372
1769098323.453811 -2.319298 -8.088762 2.162319
1769098323.503812 -2.319270 -8.088744 2.161275
1769098323.553868 -2.327025 -8.077121 2.161894
1769098323.603828 -2.329974 -8.072701 2.161128
1769098323.653846 -2.329966 -8.072696 2.160367
1769098323.703859 -2.337453 -8.061441 2.162358
1769098323.756482 -2.340398 -8.057020 2.159791
1769098323.803828 -2.340391 -8.057018 2.157485
1769098323.853824 -2.347963 -8.045610 2.156763
1769098323.903836 -2.350997 -8.041001 2.158134
1769098323.953867 -2.350973 -8.040982 2.159441
1769098324.003857 -2.358605 -8.029492 2.159460
1769098324.053827 -2.358578 -8.029474 2.159437
1769098324.103812 -2.366171 -8.018082 2.157312
1769098324.153815 -2.369293 -8.013349 2.155493
1769098324.203835 -2.369275 -8.013338 2.153853
1769098324.253818 -2.376894 -8.001745 2.151545
1769098324.303826 -2.379975 -7.997017 2.149485
1769098324.353811 -2.379972 -7.997017 2.147510
1769098324.403826 -2.387619 -7.985233 2.146987
1769098324.453818 -2.390683 -7.980493 2.148150
1769098324.503837 -2.390666 -7.980479 2.149264
1769098324.553817 -2.398143 -7.969011 2.151506
1769098324.603819 -2.401127 -7.964463 2.150618
1769098324.653818 -2.401128 -7.964465 2.149670
1769098324.703820 -2.408618 -7.952972 2.149694
1769098324.753834 -2.411484 -7.948560 2.146889
1769098324.803821 -2.411485 -7.948564 2.144107
1769098324.853836 -2.418946 -7.936989 2.143681
1769098324.903829 -2.421984 -7.932262 2.143027
1769098324.953829 -2.421979 -7.932260 2.142379
1769098325.003892 -2.429656 -7.920283 2.142961
1769098325.053832 -2.432718 -7.915514 2.141062
1769098325.103839 -2.432720 -7.915518 2.139148
1769098325.153837 -2.440225 -7.903762 2.137495
1769098325.203843 -2.443025 -7.899363 2.137159
1769098325.253834 -2.446134 -7.894507 2.133581
1769098325.303842 -2.450480 -7.887611 2.133547
1769098325.353830 -2.453462 -7.882913 2.131448
1769098325.403866 -2.453483 -7.882930 2.129309
1769098325.453926 -2.460818 -7.871253 2.128517
1769098325.503847 -2.460844 -7.871272 2.127614
1769098325.553848 -2.467882 -7.860067 2.126364
1769098325.603833 -2.470913 -7.855280 2.124565
1769098325.653860 -2.470964 -7.855316 2.122779
1769098325.703908 -2.478137 -7.843742 2.121141
1769098325.753855 -2.481150 -7.838912 2.119116
1769098325.803858 -2.481196 -7.838946 2.117171
1769098325.853840 -2.488628 -7.826820 2.114376
1769098325.903850 -2.491448 -7.822226 2.114438
1769098325.953905 -2.491479 -7.822247 2.114512
1769098326.003930 -2.498634 -7.810486 2.114998
1769098326.053912 -2.501507 -7.805807 2.116869
1769098326.103839 -2.504385 -7.801163 2.115989
1769098326.153844 -2.508661 -7.794198 2.116086
1769098326.203846 -2.511546 -7.789528 2.115750
1769098326.253845 -2.514454 -7.784812 2.115131
1769098326.303843 -2.518700 -7.777856 2.116041
1769098326.353865 -2.521714 -7.772968 2.114682
1769098326.403848 -2.521755 -7.772997 2.113294
1769098326.453857 -2.529012 -7.761031 2.113386
1769098326.503846 -2.531910 -7.756277 2.114805
1769098326.553848 -2.531926 -7.756286 2.116186
1769098326.603863 -2.539219 -7.744312 2.114895
1769098326.653841 -2.542086 -7.739630 2.112220
1769098326.703863 -2.542123 -7.739657 2.109605
1769098326.753855 -2.549296 -7.727696 2.109035
1769098326.803853 -2.552174 -7.722898 2.111238
1769098326.853846 -2.555138 -7.718009 2.109162
1769098326.903857 -2.559341 -7.710965 2.112536
1769098326.953937 -2.562119 -7.706377 2.111976
1769098327.003931 -2.562131 -7.706386 2.111314
1769098327.053857 -2.569169 -7.694702 2.112029
1769098327.103859 -2.572017 -7.690007 2.111338
1769098327.153877 -2.574926 -7.685201 2.110173
1769098327.203860 -2.579066 -7.678330 2.108771
1769098327.253868 -2.579094 -7.678349 2.107419
1769098327.303897 -2.586281 -7.666309 2.105719
1769098327.353872 -2.589207 -7.661425 2.104704
1769098327.403942 -2.589235 -7.661445 2.103709
1769098327.453873 -2.596412 -7.649342 2.102486
1769098327.503882 -2.599113 -7.644794 2.103558
1769098327.553864 -2.599127 -7.644803 2.104635
1769098327.603934 -2.606200 -7.632873 2.103902
1769098327.653868 -2.609045 -7.628088 2.103453
1769098327.703890 -2.609063 -7.628100 2.103006
1769098327.753903 -2.615914 -7.616509 2.101386
1769098327.803944 -2.618714 -7.611755 2.102637
1769098327.853871 -2.621577 -7.606922 2.102035
1769098327.903876 -2.625693 -7.599917 2.104563
1769098327.953913 -2.628629 -7.594980 2.102898
1769098328.003897 -2.628649 -7.594993 2.101182
1769098328.053903 -2.635677 -7.583067 2.100047
1769098328.103872 -2.638468 -7.578338 2.099312
1769098328.153879 -2.638490 -7.578353 2.098569
1769098328.203874 -2.645616 -7.566129 2.097372
1769098328.253877 -2.648359 -7.561430 2.094580
1769098328.303890 -2.648382 -7.561446 2.091850
1769098328.353945 -2.655391 -7.549272 2.091082
1769098328.403899 -2.658187 -7.544399 2.094290
1769098328.453879 -2.658174 -7.544390 2.097473
1769098328.503888 -2.665116 -7.532410 2.100236
1769098328.553881 -2.667892 -7.527641 2.100008
1769098328.603874 -2.667879 -7.527633 2.099676
1769098328.653922 -2.674753 -7.515848 2.098184
1769098328.703879 -2.677516 -7.511071 2.097443
1769098328.753899 -2.677507 -7.511064 2.096707
1769098328.803884 -2.684489 -7.498991 2.095588
1769098328.853893 -2.687273 -7.494138 2.095310
1769098328.903886 -2.687256 -7.494127 2.095074
1769098328.953896 -2.694408 -7.481713 2.095062
1769098329.003888 -2.697188 -7.476857 2.095752
1769098329.053886 -2.697163 -7.476842 2.096423
1769098329.103986 -2.704054 -7.464889 2.095078
1769098329.153926 -2.706840 -7.460008 2.092482
1769098329.203895 -2.709599 -7.455140 2.091247
1769098329.253888 -2.713674 -7.447963 2.091197
1769098329.303942 -2.716405 -7.443138 2.091907
1769098329.353889 -2.716376 -7.443119 2.092569
1769098329.403898 -2.723044 -7.431447 2.093910
1769098329.453897 -2.723004 -7.431422 2.095119
1769098329.503893 -2.729759 -7.419684 2.095652
1769098329.553905 -2.732554 -7.414807 2.093727
1769098329.603890 -2.732541 -7.414798 2.091764
1769098329.653898 -2.739242 -7.403059 2.090927
1769098329.703957 -2.742024 -7.398146 2.089672
1769098329.753898 -2.742009 -7.398136 2.088471
1769098329.803911 -2.748971 -7.385788 2.089206
1769098329.853919 -2.751794 -7.380751 2.086951
1769098329.903938 -2.751770 -7.380735 2.084714
1769098329.953923 -2.758540 -7.368686 2.083780
1769098330.003923 -2.761223 -7.363833 2.087025
1769098330.053944 -2.761168 -7.363799 2.090204
1769098330.103920 -2.767948 -7.351811 2.090655
1769098330.153966 -2.770609 -7.347031 2.090186
1769098330.203906 -2.770557 -7.346998 2.089695
1769098330.253906 -2.777334 -7.335008 2.088236
1769098330.303908 -2.780015 -7.330153 2.088639
1769098330.353918 -2.779952 -7.330114 2.089052
1769098330.403913 -2.786709 -7.318111 2.088774
1769098330.453920 -2.789464 -7.313123 2.089248
1769098330.503910 -2.789397 -7.313081 2.089704
1769098330.553909 -2.796310 -7.300819 2.088735
1769098330.603935 -2.799050 -7.295851 2.087812
1769098330.653932 -2.798989 -7.295812 2.086951
1769098330.703926 -2.805868 -7.283502 2.084978
1769098330.753949 -2.808559 -7.278564 2.083638
1769098330.804000 -2.808495 -7.278524 2.082362
1769098330.853918 -2.815110 -7.266588 2.083319
1769098330.903925 -2.817814 -7.261629 2.084457
1769098330.953916 -2.817744 -7.261585 2.085518
1769098331.003921 -2.824248 -7.249964 2.086638
1769098331.053918 -2.826929 -7.245108 2.086870
1769098331.103940 -2.829552 -7.240365 2.086253
1769098331.154014 -2.833458 -7.233353 2.084882
1769098331.203920 -2.836133 -7.228494 2.083691
1769098331.253951 -2.838947 -7.223365 2.082492
1769098331.303937 -2.842924 -7.216133 2.082927
1769098331.353966 -2.845711 -7.211047 2.080734
1769098331.403928 -2.845670 -7.211020 2.078574
1769098331.453929 -2.852496 -7.198652 2.076896
1769098331.504003 -2.855163 -7.193704 2.079439
1769098331.553993 -2.855094 -7.193663 2.081930
1769098331.603940 -2.861674 -7.181738 2.083919
1769098331.653931 -2.861584 -7.181684 2.085921
1769098331.703947 -2.868176 -7.169794 2.087638
1769098331.753953 -2.870799 -7.164961 2.085697
1769098331.803950 -2.870719 -7.164909 2.083732
1769098331.853968 -2.877279 -7.153085 2.082160
1769098331.903952 -2.879934 -7.148157 2.082911
1769098331.954020 -2.879848 -7.148105 2.083644
1769098332.003991 -2.886617 -7.135904 2.081906
1769098332.053964 -2.886550 -7.135861 2.080115
1769098332.103951 -2.889184 -7.130980 2.079531
1769098332.153960 -2.895982 -7.118596 2.077436
1769098332.203958 -2.898657 -7.113593 2.075324
1769098332.253938 -2.898596 -7.113554 2.073335
1769098332.303960 -2.905358 -7.101064 2.072968
1769098332.353962 -2.907977 -7.096117 2.072684
1769098332.403964 -2.907907 -7.096074 2.072416
1769098332.453947 -2.914259 -7.084339 2.074009
1769098332.503947 -2.916851 -7.079491 2.074055
1769098332.553932 -2.916791 -7.079455 2.074006
1769098332.603960 -2.923304 -7.067520 2.073177
1769098332.653955 -2.925900 -7.062676 2.073642
1769098332.703959 -2.925848 -7.062645 2.074063
1769098332.753963 -2.932441 -7.050525 2.073109
1769098332.803946 -2.935083 -7.045563 2.073589
1769098332.853963 -2.935017 -7.045524 2.074093
1769098332.903962 -2.941783 -7.033064 2.074054
1769098332.953974 -2.944449 -7.028055 2.073584
1769098333.003968 -2.944383 -7.028015 2.073117
1769098333.053971 -2.951071 -7.015685 2.070637
1769098333.103962 -2.953715 -7.010667 2.070491
1769098333.153968 -2.953645 -7.010625 2.070427
1769098333.203976 -2.960082 -6.998626 2.072584
1769098333.253974 -2.962710 -6.993653 2.070623
1769098333.303974 -2.962647 -6.993612 2.068676
1769098333.353983 -2.969184 -6.981431 2.065480
1769098333.403977 -2.969141 -6.981401 2.062389
1769098333.453956 -2.975338 -6.969670 2.057050
1769098333.503983 -2.977703 -6.965018 2.054503
1769098333.554011 -2.977649 -6.964983 2.052110
1769098333.603976 -2.983989 -6.952533 2.047754
1769098333.653977 -2.986455 -6.947527 2.037877
1769098333.704012 -2.986425 -6.947496 2.028312
1769098333.754014 -2.992600 -6.934738 2.019490
1769098333.803984 -2.995036 -6.929471 2.015771
1769098333.853964 -2.994985 -6.929436 2.012309
1769098333.903975 -3.000923 -6.916621 2.008957
1769098333.954075 -3.003231 -6.911513 2.002842
1769098334.003992 -3.003204 -6.911488 1.996918
1769098334.053994 -3.008756 -6.899162 1.990029
1769098334.103972 -3.010948 -6.894150 1.986693
1769098334.153986 -3.010939 -6.894139 1.983541
1769098334.203974 -3.016387 -6.881551 1.980123
1769098334.253982 -3.018429 -6.876745 1.974051
1769098334.304044 -3.020579 -6.871572 1.967789
1769098334.353992 -3.023698 -6.863931 1.966950
1769098334.403970 -3.025862 -6.858647 1.958874
1769098334.454002 -3.025875 -6.858640 1.950950
1769098334.503974 -3.031066 -6.845535 1.944276
1769098334.553976 -3.033131 -6.840169 1.939497
1769098334.603972 -3.033133 -6.840161 1.934983
1769098334.653998 -3.038112 -6.826927 1.930679
1769098334.703994 -3.040043 -6.821722 1.923690
1769098334.753989 -3.040067 -6.821722 1.916959
1769098334.803981 -3.044731 -6.808804 1.911466
1769098334.853991 -3.046547 -6.803656 1.913576
1769098334.904005 -3.046529 -6.803652 1.915774
1769098334.953976 -3.051133 -6.790707 1.915497
1769098335.003978 -3.053008 -6.785431 1.910914
1769098335.053979 -3.053024 -6.785429 1.906515
1769098335.103978 -3.057622 -6.772135 1.901002
1769098335.153996 -3.059412 -6.766852 1.893286
1769098335.204002 -3.059448 -6.766852 1.885848
1769098335.254009 -3.063781 -6.753449 1.877904
1769098335.303998 -3.065470 -6.748037 1.874243
1769098335.353997 -3.065475 -6.748031 1.870849
1769098335.403995 -3.069530 -6.734750 1.867502
1769098335.453991 -3.071172 -6.729314 1.861038
1769098335.504024 -3.071200 -6.729311 1.854809
1769098335.554005 -3.075134 -6.715834 1.849717
1769098335.603999 -3.076661 -6.710511 1.847537
1769098335.654011 -3.076682 -6.710516 1.845545
1769098335.704011 -3.080354 -6.697439 1.841710
1769098335.756644 -3.081824 -6.692168 1.835777
1769098335.804021 -3.083278 -6.686821 1.832564
1769098335.853993 -3.084689 -6.681557 1.826526
1769098335.904031 -3.086802 -6.673478 1.819294
1769098335.954029 -3.088182 -6.668006 1.815439
1769098336.004056 -3.088204 -6.668004 1.811809
1769098336.054039 -3.091567 -6.654043 1.808233
1769098336.103992 -3.092864 -6.648506 1.801102
1769098336.154028 -3.092877 -6.648487 1.794230
1769098336.203995 -3.095958 -6.634720 1.789736
1769098336.253995 -3.097114 -6.629377 1.787547
1769098336.304003 -3.097105 -6.629365 1.785558
1769098336.353995 -3.099953 -6.616086 1.782882
1769098336.403988 -3.101105 -6.610699 1.775749
1769098336.454018 -3.102216 -6.605267 1.772361
1769098336.504023 -3.103896 -6.597079 1.765441
1769098336.554011 -3.104986 -6.591545 1.762386
1769098336.604022 -3.105011 -6.591545 1.759524
1769098336.654018 -3.107631 -6.577702 1.753406
1769098336.704022 -3.108632 -6.572171 1.749161
1769098336.754015 -3.108649 -6.572161 1.745160
1769098336.804020 -3.110969 -6.558685 1.739546
1769098336.854034 -3.111889 -6.553105 1.732204
1769098336.904006 -3.112744 -6.547569 1.727223
1769098336.954036 -3.114014 -6.539236 1.721707
1769098337.004025 -3.114820 -6.533646 1.719459
1769098337.054006 -3.114800 -6.533627 1.717398
1769098337.104044 -3.116760 -6.519928 1.714953
1769098337.154022 -3.117512 -6.514495 1.710728
1769098337.204034 -3.118260 -6.508980 1.706291
1769098337.254075 -3.119350 -6.500859 1.699364
1769098337.304024 -3.120036 -6.495425 1.694612
1769098337.354029 -3.120669 -6.490130 1.688076
1769098337.404022 -3.121616 -6.481840 1.683238
1769098337.454031 -3.122214 -6.476518 1.675110
1769098337.504034 -3.122789 -6.470825 1.669687
1769098337.554046 -3.123565 -6.462644 1.666332
1769098337.604030 -3.123566 -6.462627 1.663275
1769098337.654035 -3.124777 -6.448735 1.660661
1769098337.704017 -3.125214 -6.443263 1.656537
1769098337.754107 -3.125194 -6.443232 1.652566
1769098337.804061 -3.126233 -6.429685 1.647308
1769098337.854059 -3.126599 -6.424215 1.643622
1769098337.904080 -3.126920 -6.419011 1.638326
1769098337.954051 -3.127425 -6.410772 1.634038
1769098338.004050 -3.127752 -6.405263 1.627434
1769098338.054046 -3.127728 -6.405234 1.624183
1769098338.104037 -3.128450 -6.391242 1.617714
1769098338.154027 -3.128487 -6.391216 1.611681
1769098338.204046 -3.129068 -6.377448 1.603745
1769098338.254053 -3.129270 -6.371798 1.599780
1769098338.304027 -3.129324 -6.371792 1.596080
1769098338.354060 -3.129653 -6.357934 1.588390
1769098338.404049 -3.129726 -6.352259 1.585820
1769098338.454046 -3.129734 -6.352246 1.583536
1769098338.504047 -3.129820 -6.338393 1.581234
1769098338.554039 -3.129816 -6.332976 1.578206
1769098338.604035 -3.129794 -6.327744 1.575245
1769098338.654107 -3.129772 -6.319826 1.571721
1769098338.704069 -3.129745 -6.319792 1.568360
1769098338.754047 -3.129652 -6.306209 1.562264
1769098338.804054 -3.129556 -6.300569 1.557121
1769098338.854057 -3.129451 -6.294974 1.548982
1769098338.904052 -3.129292 -6.289281 1.542833
1769098338.954041 -3.129039 -6.280895 1.534070
1769098339.004040 -3.129095 -6.280846 1.525697
1769098339.054051 -3.128450 -6.267111 1.519904
1769098339.104049 -3.128184 -6.261829 1.515184
1769098339.154072 -3.128230 -6.261806 1.510692
1769098339.204052 -3.127359 -6.247748 1.505524
1769098339.254067 -3.126982 -6.242120 1.502884
1769098339.304074 -3.127000 -6.242105 1.500406
1769098339.354123 -3.125981 -6.228253 1.496279
1769098339.404047 -3.125563 -6.222812 1.490846
1769098339.454064 -3.125595 -6.222776 1.485614
1769098339.504091 -3.124405 -6.209216 1.481103
1769098339.554083 -3.123909 -6.203741 1.477239
1769098339.604130 -3.123939 -6.203716 1.473541
1769098339.654064 -3.122553 -6.189876 1.468427
1769098339.704056 -3.121973 -6.184096 1.461130
1769098339.754068 -3.122046 -6.184050 1.454107
1769098339.804085 -3.120353 -6.169838 1.449237
1769098339.854066 -3.119683 -6.164281 1.445473
1769098339.904068 -3.119736 -6.164261 1.441964
1769098339.954081 -3.117911 -6.150500 1.437804
1769098340.004096 -3.117159 -6.145054 1.436347
1769098340.054087 -3.117163 -6.145043 1.435076
1769098340.104072 -3.115310 -6.132125 1.433874
1769098340.154075 -3.114513 -6.126674 1.428789
1769098340.204074 -3.114500 -6.126624 1.423848
1769098340.254061 -3.112386 -6.112872 1.419100
1769098340.304076 -3.111467 -6.107260 1.415116
1769098340.354063 -3.111445 -6.107218 1.411342
1769098340.404059 -3.109142 -6.093505 1.405992
1769098340.454077 -3.108190 -6.088024 1.397945
1769098340.504084 -3.108208 -6.087948 1.390169
1769098340.554077 -3.105651 -6.074268 1.382438
1769098340.604094 -3.104556 -6.068679 1.377470
1769098340.654081 -3.104577 -6.068634 1.372782
1769098340.704082 -3.101743 -6.054877 1.367556
1769098340.754072 -3.100541 -6.049290 1.365874
1769098340.804079 -3.100516 -6.049270 1.364354
1769098340.854094 -3.097582 -6.035714 1.361120
1769098340.904077 -3.096386 -6.030298 1.355580
1769098340.954089 -3.096374 -6.030238 1.350173
1769098341.004082 -3.093333 -6.017015 1.343506
1769098341.054072 -3.092017 -6.011577 1.338599
1769098341.104084 -3.092002 -6.011523 1.333906
1769098341.154151 -3.088632 -5.998048 1.328057
1769098341.204082 -3.087189 -5.992477 1.320872
1769098341.254092 -3.087185 -5.992399 1.313986
1769098341.304081 -3.083442 -5.978630 1.310456
1769098341.354089 -3.081930 -5.973186 1.307181
1769098341.404081 -3.080418 -5.967723 1.302155
1769098341.454091 -3.078897 -5.962350 1.297782
1769098341.504087 -3.076694 -5.954625 1.292181
1769098341.554113 -3.076710 -5.954564 1.286858
1769098341.604094 -3.072818 -5.941452 1.281825
1769098341.654107 -3.071332 -5.936504 1.275900
1769098341.704093 -3.069737 -5.931236 1.269775
1769098341.754103 -3.067336 -5.923558 1.263881
1769098341.804106 -3.067366 -5.923491 1.258224
1769098341.854101 -3.063127 -5.910553 1.254044
1769098341.904130 -3.061327 -5.905125 1.249955
1769098341.954136 -3.059585 -5.899841 1.242325
1769098342.004156 -3.059642 -5.899751 1.234908
1769098342.054111 -3.054982 -5.886529 1.225456
1769098342.104131 -3.055066 -5.886420 1.216639
1769098342.154104 -3.050329 -5.873787 1.210769
1769098342.204112 -3.048394 -5.868657 1.207717
1769098342.254104 -3.046527 -5.863750 1.205028
1769098342.304106 -3.043540 -5.855902 1.200490
1769098342.354111 -3.043600 -5.855846 1.196163
1769098342.404088 -3.038730 -5.843374 1.189866
1769098342.454113 -3.036676 -5.838170 1.186215
1769098342.504102 -3.034649 -5.833058 1.179089
1769098342.554104 -3.032555 -5.827864 1.172407
1769098342.604085 -3.029317 -5.820159 1.165105
1769098342.654111 -3.027137 -5.815014 1.157975
1769098342.704109 -3.024915 -5.809864 1.150743
1769098342.754120 -3.021468 -5.802168 1.145546
1769098342.804116 -3.019152 -5.797100 1.142764
1769098342.854089 -3.019176 -5.797064 1.140190
1769098342.904118 -3.013228 -5.784181 1.133808
1769098342.954113 -3.010877 -5.779121 1.130360
1769098343.004120 -3.010925 -5.779073 1.127101
1769098343.054118 -3.004897 -5.766533 1.125036
1769098343.104120 -3.002563 -5.761541 1.119167
1769098343.154148 -3.002643 -5.761455 1.113482
1769098343.204124 -2.996646 -5.749292 1.109828
1769098343.254119 -2.994294 -5.744485 1.106748
1769098343.304123 -2.994357 -5.744438 1.103817
1769098343.354122 -2.988198 -5.732152 1.097047
1769098343.404117 -2.985675 -5.727141 1.092186
1769098343.454129 -2.985757 -5.727065 1.087537
1769098343.504120 -2.979070 -5.714457 1.083583
1769098343.554130 -2.976458 -5.709484 1.076913
1769098343.604115 -2.976518 -5.709381 1.070489
1769098343.654123 -2.969748 -5.697121 1.062788
1769098343.704130 -2.967077 -5.692312 1.058584
1769098343.754128 -2.967129 -5.692244 1.054612
1769098343.804111 -2.960332 -5.680368 1.050833
1769098343.854158 -2.957625 -5.675626 1.047279
1769098343.904139 -2.957665 -5.675568 1.043908
1769098343.954146 -2.950815 -5.663798 1.039323
1769098344.004138 -2.948205 -5.659291 1.036312
1769098344.054157 -2.948260 -5.659237 1.033423
1769098344.104148 -2.941129 -5.647270 1.026996
1769098344.154123 -2.941211 -5.647160 1.020966
1769098344.204138 -2.934101 -5.635641 1.013973
1769098344.254138 -2.931136 -5.630855 1.009787
1769098344.304157 -2.931190 -5.630781 1.005819
1769098344.354183 -2.928245 -5.626084 1.000408
1769098344.404147 -2.920584 -5.614327 0.993794
1769098344.454143 -2.920639 -5.614217 0.987827
1769098344.502790 -2.917494 -5.609404 0.984033
1769098344.554124 -2.909750 -5.597841 0.979920
1769098344.604145 -2.906688 -5.593175 0.974792
1769098344.654130 -2.903639 -5.588631 0.972494
1769098344.704139 -2.899161 -5.581937 0.966855
1769098344.754153 -2.899257 -5.581822 0.961411
1769098344.804129 -2.896267 -5.577396 0.957151
1769098344.854141 -2.888392 -5.566173 0.949751
1769098344.904128 -2.885153 -5.561595 0.946328
1769098344.954152 -2.885228 -5.561521 0.943114
1769098345.004153 -2.876836 -5.550072 0.938669
1769098345.054212 -2.876892 -5.549988 0.934704
1769098345.104169 -2.868484 -5.538694 0.927890
1769098345.154139 -2.865107 -5.534173 0.923025
1769098345.204160 -2.861739 -5.529726 0.919132
1769098345.254159 -2.858379 -5.525353 0.915910
1769098345.304142 -2.853292 -5.518821 0.911771
1769098345.354137 -2.849944 -5.514403 0.904394
1769098345.404146 -2.846745 -5.510346 0.900912
1769098345.454153 -2.841839 -5.504152 0.896645
1769098345.504155 -2.841886 -5.504064 0.892622
1769098345.554166 -2.833113 -5.493226 0.888794
1769098345.604146 -2.829667 -5.488994 0.887320
1769098345.654171 -2.829698 -5.488959 0.885990
1769098345.704226 -2.820837 -5.478218 0.881325
1769098345.754164 -2.817262 -5.473825 0.874247
1769098345.804165 -2.817326 -5.473674 0.867431
1769098345.854214 -2.808088 -5.462945 0.859780
1769098345.904195 -2.804480 -5.458735 0.853435
1769098345.954179 -2.800706 -5.454432 0.849461
1769098346.004198 -2.800739 -5.454348 0.845725
1769098346.054174 -2.791520 -5.444064 0.843062
1769098346.104187 -2.791543 -5.444010 0.840746
1769098346.154166 -2.782598 -5.434049 0.836809
1769098346.204172 -2.778936 -5.429915 0.831511
1769098346.254229 -2.778987 -5.429794 0.826364
1769098346.304147 -2.769659 -5.419769 0.820713
1769098346.354190 -2.765942 -5.415816 0.818831
1769098346.404168 -2.765967 -5.415772 0.817137
1769098346.454186 -2.756388 -5.405770 0.813320
1769098346.504168 -2.752506 -5.401665 0.808918
1769098346.554179 -2.752531 -5.401569 0.804710
1769098346.604172 -2.742671 -5.391424 0.798212
1769098346.654176 -2.738712 -5.387385 0.793198
1769098346.704187 -2.734675 -5.383357 0.790543
1769098346.754180 -2.734668 -5.383308 0.788083
1769098346.804192 -2.724781 -5.373595 0.782937
1769098346.854178 -2.720844 -5.369736 0.777936
1769098346.904186 -2.720830 -5.369641 0.773159
1769098346.954166 -2.710966 -5.360188 0.769281
1769098347.004182 -2.707028 -5.356384 0.764935
1769098347.054228 -2.707025 -5.356296 0.760734
1769098347.104178 -2.697006 -5.346885 0.756819
1769098347.154191 -2.692876 -5.342931 0.749371
1769098347.204165 -2.688709 -5.339044 0.742765
1769098347.254199 -2.682407 -5.333320 0.737087
1769098347.304163 -2.678243 -5.329516 0.729430
1769098347.354168 -2.678281 -5.329335 0.722078
1769098347.404184 -2.667629 -5.320165 0.716129
1769098347.454185 -2.663399 -5.316523 0.712456
1769098347.504196 -2.663408 -5.316441 0.708998
1769098347.554177 -2.652898 -5.307558 0.704742
1769098347.604179 -2.648672 -5.304015 0.701802
1769098347.654210 -2.648664 -5.303957 0.699032
1769098347.704188 -2.638002 -5.295063 0.693831
1769098347.754196 -2.638002 -5.294952 0.688928
1769098347.804187 -2.627832 -5.286701 0.684004
1769098347.854203 -2.623523 -5.283149 0.677434
1769098347.904205 -2.623542 -5.282992 0.671084
1769098347.954198 -2.612773 -5.274607 0.666175
1769098348.004189 -2.608637 -5.271279 0.658653
1769098348.054283 -2.608676 -5.271085 0.651354
1769098348.104196 -2.597375 -5.262559 0.644597
1769098348.154206 -2.592948 -5.259186 0.639665
1769098348.204199 -2.592994 -5.259045 0.634949
1769098348.254188 -2.581658 -5.250768 0.633102
1769098348.304220 -2.577080 -5.247377 0.633727
1769098348.354208 -2.577110 -5.247373 0.634346
1769098348.404208 -2.566197 -5.239336 0.634888
1769098348.454182 -2.561904 -5.236106 0.634104
1769098348.504187 -2.561916 -5.236078 0.633266
1769098348.554202 -2.551106 -5.228049 0.630984
1769098348.604187 -2.546650 -5.224834 0.633213
1769098348.654203 -2.542063 -5.221434 0.631536
1769098348.704202 -2.535433 -5.216612 0.630763
1769098348.754233 -2.535424 -5.216600 0.630045
1769098348.804204 -2.523949 -5.208290 0.628486
1769098348.854217 -2.519495 -5.205005 0.624772
1769098348.904210 -2.519482 -5.204921 0.621092
1769098348.954279 -2.508148 -5.196922 0.620925
1769098349.004210 -2.503603 -5.193663 0.620326
1769098349.054197 -2.503592 -5.193655 0.619707
1769098349.104203 -2.492191 -5.185503 0.618319
1769098349.154204 -2.487657 -5.182287 0.618649
1769098349.204225 -2.487640 -5.182308 0.618939
1769098349.254195 -2.476379 -5.174228 0.618751
1769098349.304216 -2.471823 -5.171004 0.619014
1769098349.354221 -2.467365 -5.167785 0.616834
1769098349.404194 -2.462882 -5.164594 0.615718
1769098349.454269 -2.456201 -5.159839 0.613674
1769098349.504201 -2.451626 -5.156645 0.612862
1769098349.554223 -2.451606 -5.156641 0.612082
1769098349.604219 -2.440069 -5.148582 0.611249
1769098349.654229 -2.440052 -5.148575 0.610473
1769098349.704222 -2.428767 -5.140700 0.608295
1769098349.754246 -2.424150 -5.137534 0.606976
1769098349.804238 -2.424125 -5.137521 0.605730
1769098349.854240 -2.412554 -5.129607 0.607142
1769098349.904277 -2.407977 -5.126516 0.609270
1769098349.954226 -2.407944 -5.126603 0.611363
1769098350.004236 -2.396796 -5.118771 0.611068
1769098350.054232 -2.392258 -5.115666 0.611795
1769098350.104240 -2.392217 -5.115722 0.612503
1769098350.154221 -2.380731 -5.107641 0.611572
1769098350.204209 -2.376088 -5.104442 0.611161
1769098350.254220 -2.376047 -5.104467 0.610752
1769098350.304225 -2.371429 -5.101265 0.609279
1769098350.354257 -2.359868 -5.093268 0.606359
1769098350.404211 -2.359814 -5.093238 0.603544
1769098350.454237 -2.348296 -5.085362 0.600046
1769098350.504227 -2.343588 -5.082228 0.598688
1769098350.554269 -2.343540 -5.082237 0.597403
1769098350.604233 -2.331784 -5.074315 0.595415
1769098350.654236 -2.327022 -5.071184 0.596332
1769098350.704236 -2.326972 -5.071258 0.597228
1769098350.754215 -2.315363 -5.063403 0.597975
1769098350.804248 -2.310692 -5.060262 0.597597
1769098350.854220 -2.306223 -5.057287 0.597767
1769098350.904323 -2.301673 -5.054209 0.597108
1769098350.954246 -2.294923 -5.049662 0.596841
1769098351.004304 -2.290350 -5.046606 0.596293
1769098351.054293 -2.290304 -5.046635 0.595724
1769098351.104307 -2.278617 -5.038821 0.595039
1769098351.154234 -2.278558 -5.038862 0.594397
1769098351.204229 -2.267182 -5.031258 0.591527
1769098351.254266 -2.262478 -5.028169 0.588583
1769098351.304311 -2.262407 -5.028155 0.585687
1769098351.354248 -2.250800 -5.020606 0.584521
1769098351.404247 -2.246029 -5.017598 0.585478
1769098351.454250 -2.245960 -5.017700 0.586441
1769098351.504251 -2.234464 -5.010208 0.587248
1769098351.554237 -2.229815 -5.007269 0.588262
1769098351.604321 -2.229736 -5.007384 0.589256
1769098351.654296 -2.218066 -4.999677 0.590845
1769098351.704250 -2.213312 -4.996617 0.592156
1769098351.754316 -2.208708 -4.993602 0.591330
1769098351.804249 -2.201570 -4.988872 0.588933
1769098351.854289 -2.197216 -4.986066 0.587272
1769098351.904322 -2.197142 -4.986098 0.585637
1769098351.954266 -2.185566 -4.978527 0.582907
1769098352.004281 -2.180801 -4.975542 0.582429
1769098352.054290 -2.180725 -4.975615 0.582005
1769098352.104314 -2.168758 -4.967912 0.579490
1769098352.154256 -2.163865 -4.964908 0.579277
1769098352.204256 -2.163773 -4.965009 0.579128
1769098352.254260 -2.151811 -4.957336 0.578156
1769098352.304274 -2.147031 -4.954363 0.578250
1769098352.354279 -2.142374 -4.951485 0.578537
1769098352.404275 -2.135412 -4.947069 0.578443
1769098352.454242 -2.130868 -4.944271 0.579617
1769098352.504269 -2.130777 -4.944415 0.580731
1769098352.554262 -2.119260 -4.936997 0.580909
1769098352.604315 -2.114437 -4.934009 0.580750
1769098352.654312 -2.114336 -4.934126 0.580581
1769098352.704269 -2.102314 -4.926408 0.578687
1769098352.754278 -2.097544 -4.923371 0.575311
1769098352.804246 -2.097438 -4.923388 0.571902
1769098352.854268 -2.085570 -4.915978 0.570380
1769098352.904256 -2.080719 -4.913005 0.567942
1769098352.954273 -2.080625 -4.913043 0.565560
1769098353.004276 -2.068763 -4.905669 0.563028
1769098353.054263 -2.064009 -4.902881 0.563808
1769098353.104276 -2.063916 -4.903025 0.564608
1769098353.154281 -2.051908 -4.895602 0.566087
1769098353.204284 -2.047072 -4.892675 0.566396
1769098353.254272 -2.046986 -4.892795 0.566650
1769098353.304352 -2.035195 -4.885315 0.563286
1769098353.354334 -2.030558 -4.882478 0.561564
1769098353.404278 -2.030473 -4.882529 0.559805
1769098353.454265 -2.019013 -4.875446 0.557426
1769098353.504282 -2.014206 -4.872563 0.555489
1769098353.554296 -2.014130 -4.872599 0.553593
1769098353.604259 -2.002016 -4.865286 0.551397
1769098353.654295 -1.997049 -4.862347 0.548777
1769098353.704282 -1.996961 -4.862375 0.546206
1769098353.754311 -1.984714 -4.855132 0.545180
1769098353.804309 -1.979746 -4.852258 0.544259
1769098353.854305 -1.979671 -4.852330 0.543372
1769098353.904299 -1.967821 -4.845190 0.540635
1769098353.954309 -1.963105 -4.842455 0.540578
1769098354.004311 -1.963041 -4.842539 0.540469
1769098354.054319 -1.951226 -4.835539 0.540426
1769098354.104286 -1.946382 -4.832731 0.540628
1769098354.154281 -1.946321 -4.832822 0.540775
1769098354.204278 -1.934178 -4.825593 0.539397
1769098354.254287 -1.929363 -4.822774 0.537863
1769098354.304272 -1.929297 -4.822812 0.536289
1769098354.354300 -1.917355 -4.815860 0.534973
1769098354.404292 -1.912428 -4.812984 0.531863
1769098354.454334 -1.907601 -4.810208 0.528985
1769098354.504292 -1.907537 -4.810199 0.526161
1769098354.554287 -1.895236 -4.803233 0.524827
1769098354.604293 -1.890228 -4.800451 0.525467
1769098354.654298 -1.890172 -4.800554 0.526076
1769098354.704315 -1.877875 -4.793454 0.524024
1769098354.754284 -1.873036 -4.790736 0.523349
1769098354.804316 -1.868172 -4.787921 0.521111
1769098354.854300 -1.861146 -4.783967 0.521374
1769098354.904308 -1.856342 -4.781278 0.521913
1769098354.954298 -1.851585 -4.778582 0.520132
1769098355.004285 -1.844236 -4.774347 0.516164
1769098355.054306 -1.839380 -4.771598 0.513100
1769098355.104283 -1.834412 -4.768796 0.510473
1769098355.154315 -1.826932 -4.764646 0.508453
1769098355.204305 -1.821894 -4.761945 0.508696
1769098355.254296 -1.816908 -4.759183 0.505671
1769098355.304297 -1.809442 -4.755096 0.502294
1769098355.354290 -1.809407 -4.755030 0.499079
1769098355.404308 -1.797780 -4.748670 0.496346
1769098355.454289 -1.792861 -4.746022 0.496156
1769098355.504342 -1.792845 -4.746040 0.495940
1769098355.554291 -1.780914 -4.739622 0.496672
1769098355.604291 -1.775948 -4.736923 0.496310
1769098355.654289 -1.775933 -4.736932 0.495897
1769098355.704305 -1.763730 -4.730286 0.495489
1769098355.754313 -1.758849 -4.727607 0.494759
1769098355.804401 -1.758837 -4.727595 0.493954
1769098355.854335 -1.746728 -4.721072 0.492159
1769098355.904354 -1.741800 -4.718435 0.490498
1769098355.954355 -1.741781 -4.718404 0.488878
1769098356.004311 -1.729417 -4.711783 0.484171
1769098356.054330 -1.724373 -4.709146 0.481863
1769098356.104337 -1.724347 -4.709104 0.479627
1769098356.154328 -1.711658 -4.702601 0.479820
1769098356.204368 -1.706538 -4.699906 0.478008
1769098356.254366 -1.706523 -4.699861 0.476198
1769098356.304339 -1.694422 -4.693497 0.472779
1769098356.354300 -1.689903 -4.691192 0.473209
1769098356.404319 -1.689909 -4.691198 0.473650
1769098356.454302 -1.677884 -4.684958 0.474038
1769098356.504317 -1.672920 -4.682412 0.475752
1769098356.554323 -1.672934 -4.682453 0.477411
1769098356.604342 -1.660351 -4.675855 0.479920
1769098356.654308 -1.655496 -4.673298 0.481684
1769098356.704331 -1.655494 -4.673365 0.483260
1769098356.754314 -1.642923 -4.666673 0.486957
1769098356.804307 -1.637913 -4.664079 0.491630
1769098356.854337 -1.637922 -4.664241 0.496134
1769098356.904330 -1.625704 -4.657600 0.500257
1769098356.954326 -1.620826 -4.654991 0.504366
1769098357.004313 -1.616176 -4.652520 0.510142
1769098357.054332 -1.608726 -4.648399 0.516629
1769098357.104346 -1.608730 -4.648637 0.522765
1769098357.154337 -1.596731 -4.641599 0.526582
1769098357.204340 -1.592181 -4.639030 0.531414
1769098357.254340 -1.592177 -4.639223 0.536029
1769098357.304403 -1.580381 -4.632102 0.539888
1769098357.354320 -1.575932 -4.629515 0.545079
1769098357.404338 -1.571262 -4.626749 0.550118
1769098357.454395 -1.564170 -4.622390 0.553288
1769098357.504343 -1.564155 -4.622531 0.556128
1769098357.554338 -1.552402 -4.615141 0.560444
1769098357.604338 -1.547643 -4.612294 0.565446
1769098357.654335 -1.547627 -4.612517 0.570283
1769098357.704344 -1.536123 -4.605166 0.574946
1769098357.754359 -1.531257 -4.602126 0.578483
1769098357.804364 -1.531228 -4.602314 0.581841
1769098357.854368 -1.519518 -4.594752 0.589312
1769098357.904386 -1.514895 -4.591800 0.594973
1769098357.954442 -1.514876 -4.592053 0.600400
1769098358.004367 -1.503337 -4.584068 0.605557
1769098358.054345 -1.498703 -4.580962 0.611910
1769098358.104361 -1.498695 -4.581219 0.617956
1769098358.154353 -1.487259 -4.573010 0.621763
1769098358.204350 -1.482649 -4.569748 0.623819
1769098358.254353 -1.482630 -4.569859 0.625696
1769098358.304359 -1.471369 -4.561667 0.628244
1769098358.354357 -1.466945 -4.558521 0.631641
1769098358.404359 -1.466927 -4.558681 0.634820
1769098358.454373 -1.462366 -4.555492 0.640926
1769098358.504334 -1.450973 -4.546930 0.646067
1769098358.554369 -1.450963 -4.547128 0.650616
1769098358.604357 -1.439567 -4.538481 0.656610
1769098358.654359 -1.435094 -4.535138 0.660336
1769098358.704383 -1.435080 -4.535305 0.663923
1769098358.754364 -1.424010 -4.526641 0.666848
1769098358.804348 -1.419628 -4.523305 0.671469
1769098358.854367 -1.419613 -4.523504 0.675905
1769098358.904360 -1.408973 -4.514952 0.682391
1769098358.954366 -1.404596 -4.511431 0.686207
1769098359.004373 -1.404589 -4.511581 0.689761
1769098359.054362 -1.394253 -4.503074 0.691630
1769098359.104360 -1.390077 -4.499632 0.695772
1769098359.154368 -1.390080 -4.499774 0.699649
1769098359.204411 -1.379472 -4.490787 0.703348
1769098359.254440 -1.375075 -4.487090 0.705961
1769098359.304350 -1.375073 -4.487187 0.708423
1769098359.354354 -1.364393 -4.478031 0.714805
1769098359.404413 -1.360173 -4.474450 0.720806
1769098359.454380 -1.360182 -4.474647 0.726595
1769098359.504391 -1.349582 -4.465208 0.733610
1769098359.554357 -1.345601 -4.461687 0.738492
1769098359.604389 -1.345599 -4.461860 0.743162
1769098359.654359 -1.335377 -4.452449 0.748586
1769098359.704398 -1.331355 -4.448750 0.752149
1769098359.757268 -1.331353 -4.448876 0.755720
1769098359.804381 -1.321249 -4.439268 0.760165
1769098359.854383 -1.317226 -4.435474 0.766585
1769098359.904405 -1.317240 -4.435665 0.772696
1769098359.954413 -1.307204 -4.425831 0.779093
1769098360.004417 -1.303202 -4.421945 0.784000
1769098360.054388 -1.303197 -4.422118 0.788660
1769098360.104385 -1.293406 -4.412270 0.794961
1769098360.154386 -1.289739 -4.408608 0.797858
1769098360.204381 -1.285733 -4.404675 0.803925
1769098360.254441 -1.279873 -4.398679 0.807217
1769098360.304396 -1.279845 -4.398833 0.810273
1769098360.354372 -1.270089 -4.388601 0.813805
1769098360.404402 -1.266364 -4.384782 0.819037
1769098360.454381 -1.262510 -4.380734 0.823745
1769098360.504390 -1.257041 -4.374921 0.829278
1769098360.554398 -1.253334 -4.370955 0.833757
1769098360.604387 -1.253317 -4.371124 0.837996
1769098360.654451 -1.244152 -4.360834 0.840500
1769098360.704445 -1.240538 -4.356868 0.846454
1769098360.754413 -1.240532 -4.357059 0.852124
1769098360.804391 -1.231379 -4.346565 0.857624
1769098360.854389 -1.227538 -4.342183 0.862155
1769098360.904370 -1.227523 -4.342341 0.866405
1769098360.954446 -1.218392 -4.331634 0.872957
1769098361.004373 -1.214873 -4.327528 0.877232
1769098361.054396 -1.214856 -4.327682 0.881330
1769098361.104389 -1.205924 -4.316877 0.886223
1769098361.154378 -1.202371 -4.312613 0.890481
1769098361.204406 -1.198844 -4.308300 0.892780
1769098361.254398 -1.193532 -4.301791 0.897980
1769098361.304395 -1.189959 -4.297383 0.902239
1769098361.354397 -1.189941 -4.297530 0.906289
1769098361.404400 -1.181220 -4.286351 0.909741
1769098361.454387 -1.177830 -4.282038 0.913562
1769098361.504379 -1.177819 -4.282159 0.917177
1769098361.554420 -1.169442 -4.271193 0.923081
1769098361.604390 -1.166064 -4.266790 0.928465
1769098361.654400 -1.162844 -4.262530 0.933208
1769098361.704415 -1.157795 -4.255778 0.938060
1769098361.754425 -1.154485 -4.251321 0.940746
1769098361.804435 -1.154464 -4.251423 0.943236
1769098361.854419 -1.146176 -4.240053 0.942443
1769098361.904453 -1.142931 -4.235710 0.942327
1769098361.954412 -1.139609 -4.231195 0.939063
1769098362.004423 -1.134738 -4.224731 0.941547
1769098362.054492 -1.134700 -4.224858 0.944157
1769098362.104413 -1.126662 -4.213965 0.945840
1769098362.154468 -1.126609 -4.214094 0.947605
1769098362.204403 -1.118824 -4.203458 0.951368
1769098362.254397 -1.115582 -4.199138 0.955150
1769098362.304412 -1.112254 -4.194628 0.956407
1769098362.354426 -1.112188 -4.194759 0.957586
1769098362.404462 -1.104166 -4.183554 0.959750
1769098362.454411 -1.101010 -4.179219 0.959438
1769098362.504395 -1.100950 -4.179303 0.959117
1769098362.554430 -1.092990 -4.168144 0.959305
1769098362.604412 -1.089645 -4.163532 0.958425
1769098362.654429 -1.086495 -4.159211 0.959353
1769098362.704407 -1.081508 -4.152302 0.961402
1769098362.754428 -1.078279 -4.147884 0.962461
1769098362.804492 -1.078217 -4.148002 0.963551
1769098362.854419 -1.070027 -4.136421 0.962921
1769098362.904426 -1.066681 -4.131839 0.963171
1769098362.954427 -1.066611 -4.131949 0.963484
1769098363.004426 -1.058663 -4.120818 0.967623
1769098363.054427 -1.055488 -4.116433 0.968716
1769098363.104427 -1.052305 -4.112091 0.972836
1769098363.154438 -1.047815 -4.105763 0.976240
1769098363.204424 -1.044582 -4.101303 0.981673
1769098363.254433 -1.041435 -4.096856 0.982411
1769098363.304427 -1.036645 -4.089963 0.982412
1769098363.354420 -1.033460 -4.085412 0.981061
1769098363.404428 -1.030186 -4.080785 0.979696
1769098363.454485 -1.025471 -4.074011 0.978186
1769098363.504440 -1.022185 -4.069475 0.980440
1769098363.554434 -1.022080 -4.069667 0.982755
1769098363.604435 -1.014182 -4.058200 0.983237
1769098363.654418 -1.011048 -4.053828 0.984514
1769098363.704448 -1.007760 -4.049178 0.984099
1769098363.754423 -1.002999 -4.042336 0.985119
1769098363.804434 -0.999696 -4.037733 0.989206
1769098363.854453 -0.999570 -4.037978 0.993206
1769098363.904458 -0.991922 -4.026602 0.992965
1769098363.954457 -0.988857 -4.022245 0.993774
1769098364.004444 -0.988737 -4.022420 0.994537
1769098364.054476 -0.981174 -4.011113 0.995777
1769098364.104494 -0.978068 -4.006721 0.999451
1769098364.154453 -0.977935 -4.006960 1.003076
1769098364.204440 -0.970308 -3.995368 1.002514
1769098364.254426 -0.967115 -3.990717 1.001116
1769098364.304451 -0.966994 -3.990854 0.999742
1769098364.354449 -0.959190 -3.979056 0.999006
1769098364.404459 -0.955973 -3.974389 0.996865
1769098364.454446 -0.955858 -3.974503 0.994796
1769098364.504447 -0.948142 -3.963002 0.995336
1769098364.554503 -0.945025 -3.958521 0.995451
1769098364.604447 -0.944912 -3.958668 0.995564
1769098364.654508 -0.937515 -3.947556 0.998642
1769098364.704502 -0.934410 -3.943023 1.000550
1769098364.754467 -0.934302 -3.943188 1.002349
1769098364.804454 -0.926669 -3.931568 1.006418
1769098364.854445 -0.923663 -3.927131 1.007331
1769098364.904452 -0.923553 -3.927283 1.008211
1769098364.954443 -0.916065 -3.915726 1.006712
1769098365.004455 -0.912953 -3.911168 1.006385
1769098365.054466 -0.912832 -3.911314 1.006126
1769098365.104468 -0.905236 -3.899767 1.008903
1769098365.154455 -0.902161 -3.895274 1.010325
1769098365.204481 -0.898992 -3.890657 1.012456
1769098365.254450 -0.894346 -3.883638 1.012867
1769098365.304458 -0.891141 -3.878952 1.014947
1769098365.354436 -0.890985 -3.879170 1.017007
1769098365.404466 -0.883448 -3.867497 1.019540
1769098365.454461 -0.880441 -3.863052 1.020728
1769098365.504443 -0.880281 -3.863259 1.021865
1769098365.554487 -0.873015 -3.851832 1.023648
1769098365.604463 -0.869975 -3.847368 1.029278
1769098365.654478 -0.869785 -3.847662 1.034786
1769098365.704460 -0.862588 -3.836084 1.036686
1769098365.757362 -0.859573 -3.831495 1.037219
1769098365.804468 -0.859392 -3.831712 1.037606
1769098365.854465 -0.856262 -3.827015 1.041751
1769098365.904487 -0.848915 -3.815062 1.040898
1769098365.954485 -0.848714 -3.815287 1.040171
1769098366.004507 -0.841386 -3.803461 1.041616
1769098366.054511 -0.838398 -3.798931 1.041166
1769098366.104484 -0.838198 -3.799155 1.040746
1769098366.154472 -0.831001 -3.787452 1.042790
1769098366.204476 -0.827959 -3.782800 1.044275
1769098366.254489 -0.827756 -3.783046 1.045681
1769098366.304463 -0.820594 -3.771263 1.047393
1769098366.354482 -0.817610 -3.766628 1.046979
1769098366.404459 -0.814606 -3.762039 1.047216
1769098366.454469 -0.811728 -3.757594 1.042641
1769098366.504477 -0.807294 -3.750589 1.039557
1769098366.554477 -0.804339 -3.746055 1.032599
1769098366.604469 -0.801265 -3.741415 1.028057
1769098366.654466 -0.796807 -3.734500 1.023160
1769098366.704472 -0.793658 -3.729786 1.015815
1769098366.754498 -0.793522 -3.729867 1.008764
1769098366.804501 -0.785754 -3.717981 1.002301
1769098366.854482 -0.782539 -3.713398 0.999225
1769098366.904553 -0.782391 -3.713530 0.996382
1769098366.954500 -0.774613 -3.702045 0.992679
1769098367.004490 -0.774460 -3.702180 0.989521
1769098367.054466 -0.766932 -3.691301 0.989882
1769098367.104482 -0.763832 -3.687049 0.988146
1769098367.154500 -0.763658 -3.687219 0.986477
1769098367.204537 -0.755903 -3.675999 0.982249
1769098367.254493 -0.752536 -3.671443 0.979095
1769098367.304468 -0.752362 -3.671602 0.976099
1769098367.354516 -0.744305 -3.660264 0.971996
1769098367.404493 -0.741007 -3.655839 0.964442
1769098367.454494 -0.737581 -3.651333 0.956537
1769098367.504505 -0.734200 -3.647005 0.952654
1769098367.554496 -0.729195 -3.640360 0.944534
1769098367.604505 -0.725759 -3.636024 0.938592
1769098367.654500 -0.722294 -3.631675 0.932251
1769098367.704509 -0.717152 -3.625166 0.928923
1769098367.754534 -0.713647 -3.620839 0.924320
1769098367.804523 -0.710078 -3.616530 0.923780
1769098367.854526 -0.704930 -3.610098 0.920090
1769098367.904545 -0.701378 -3.605869 0.919774
1769098367.954508 -0.701204 -3.606046 0.919566
1769098368.004510 -0.692672 -3.595368 0.916642
1769098368.054517 -0.689166 -3.591205 0.911036
1769098368.104484 -0.685533 -3.586962 0.907687
1769098368.154493 -0.680197 -3.580559 0.901453
1769098368.204482 -0.676435 -3.576197 0.893572
1769098368.254509 -0.672773 -3.572028 0.886462
1769098368.304553 -0.667111 -3.565442 0.878762
1769098368.354511 -0.663336 -3.561281 0.875191
1769098368.404498 -0.663183 -3.561412 0.871847
1769098368.454506 -0.654018 -3.550935 0.868075
1769098368.504498 -0.650315 -3.546927 0.863805
1769098368.554509 -0.650169 -3.547047 0.859702
1769098368.604509 -0.641137 -3.536940 0.854588
1769098368.654510 -0.637377 -3.532995 0.851563
1769098368.704491 -0.637224 -3.533130 0.848723
1769098368.754509 -0.627814 -3.522919 0.846921
1769098368.804493 -0.623986 -3.518948 0.841923
1769098368.854510 -0.623839 -3.519064 0.837096
1769098368.904494 -0.614221 -3.508777 0.833599
1769098368.954518 -0.610215 -3.504651 0.827408
1769098369.004493 -0.610103 -3.504723 0.821420
1769098369.054519 -0.600491 -3.494690 0.811611
1769098369.104527 -0.596503 -3.490783 0.807214
1769098369.154517 -0.596391 -3.490869 0.803107
1769098369.204523 -0.586517 -3.481010 0.798656
1769098369.254511 -0.582480 -3.477116 0.791814
1769098369.304526 -0.582381 -3.477172 0.785173
1769098369.354524 -0.572726 -3.467780 0.781863
1769098369.404531 -0.568725 -3.464062 0.780846
1769098369.454529 -0.568610 -3.464173 0.779944
1769098369.504527 -0.558666 -3.454634 0.775518
1769098369.554518 -0.554561 -3.450845 0.767774
1769098369.604526 -0.554471 -3.450886 0.760278
1769098369.654545 -0.544228 -3.441421 0.753312
1769098369.704517 -0.539898 -3.437618 0.749408
1769098369.754521 -0.539800 -3.437694 0.745825
1769098369.804522 -0.529273 -3.428232 0.738147
1769098369.854518 -0.525046 -3.424585 0.733394
1769098369.904519 -0.524962 -3.424640 0.728812
1769098369.954567 -0.514352 -3.415408 0.723024
1769098370.004555 -0.510123 -3.411834 0.716589
1769098370.054512 -0.510062 -3.411853 0.710372
1769098370.104532 -0.499538 -3.402976 0.703484
1769098370.154528 -0.495267 -3.399508 0.699247
1769098370.204535 -0.495206 -3.399543 0.695216
1769098370.254517 -0.484559 -3.390874 0.690779
1769098370.304517 -0.480280 -3.387489 0.685821
1769098370.354524 -0.475871 -3.384075 0.683988
1769098370.404521 -0.471445 -3.380627 0.678712
1769098370.454530 -0.464623 -3.375354 0.676598
1769098370.504520 -0.464531 -3.375438 0.674803
1769098370.554536 -0.453562 -3.366936 0.670053
1769098370.604533 -0.449032 -3.363538 0.663977
1769098370.654597 -0.448954 -3.363578 0.658167
1769098370.704557 -0.437817 -3.355260 0.655256
1769098370.754559 -0.433342 -3.351990 0.648765
1769098370.804540 -0.433271 -3.352020 0.642517
1769098370.854529 -0.422344 -3.343952 0.638723
1769098370.904546 -0.417885 -3.340762 0.638138
1769098370.954554 -0.417819 -3.340828 0.637558
1769098371.004554 -0.406549 -3.332575 0.636386
1769098371.054530 -0.401938 -3.329242 0.633261
1769098371.104529 -0.401902 -3.329258 0.630189
1769098371.154552 -0.390560 -3.321017 0.624811
1769098371.204570 -0.386007 -3.317806 0.623163
1769098371.254568 -0.381438 -3.314551 0.619612
1769098371.304541 -0.376855 -3.311349 0.620440
1769098371.354574 -0.369956 -3.306450 0.618313
1769098371.404539 -0.365305 -3.303211 0.620733
1769098371.454546 -0.365265 -3.303275 0.623108
1769098371.504582 -0.353738 -3.295048 0.621985
1769098371.554563 -0.349121 -3.291766 0.619732
1769098371.604567 -0.344622 -3.288603 0.619545
1769098371.654564 -0.337886 -3.283799 0.616768
1769098371.704561 -0.333491 -3.280718 0.617200
1769098371.754568 -0.333472 -3.280743 0.617629
1769098371.804561 -0.322344 -3.272876 0.618175
1769098371.854591 -0.317873 -3.269685 0.613947
1769098371.904586 -0.317875 -3.269647 0.609733
1769098371.954618 -0.306309 -3.261511 0.606810
1769098372.004596 -0.306333 -3.261458 0.603864
1769098372.054568 -0.294837 -3.253466 0.600495
1769098372.104564 -0.290269 -3.250295 0.599789
1769098372.154578 -0.290296 -3.250258 0.599139
1769098372.204549 -0.278709 -3.242376 0.601343
1769098372.254570 -0.274259 -3.239261 0.599044
1769098372.304562 -0.274286 -3.239210 0.596714
1769098372.354559 -0.270930 -3.236891 0.598573
1769098372.404559 -0.267658 -3.234582 0.599597
1769098372.454552 -0.267402 -3.234334 0.600142
1769098372.504578 -0.267438 -3.234296 0.600630
1769098372.554565 -0.267389 -3.234191 0.600970
1769098372.604572 -0.267425 -3.234152 0.601256
1769098372.654581 -0.267439 -3.234093 0.601199
1769098372.704581 -0.267475 -3.234051 0.601131
1769098372.755479 -0.267510 -3.234009 0.601060
1769098372.804589 -0.267546 -3.233967 0.600995
1769098372.854589 -0.267581 -3.233925 0.600928
1769098372.904555 -0.267617 -3.233883 0.600861
1769098372.954561 -0.267652 -3.233841 0.600795
1769098373.004559 -0.267687 -3.233799 0.600730
1769098373.054578 -0.267723 -3.233757 0.600664
1769098373.104583 -0.267758 -3.233715 0.600600
1769098373.154581 -0.267793 -3.233673 0.600536
1769098373.204579 -0.267828 -3.233632 0.600473
1769098373.254574 -0.267863 -3.233590 0.600409
1769098373.304578 -0.267898 -3.233548 0.600347
1769098373.354584 -0.267932 -3.233507 0.600286
1769098373.404570 -0.267967 -3.233465 0.600225
1769098373.454585 -0.268002 -3.233424 0.600164
1769098373.504586 -0.268014 -3.233367 0.600116
1769098373.554605 -0.268048 -3.233326 0.600057
1769098373.604590 -0.268105 -3.233300 0.599984
1769098373.654596 -0.268139 -3.233259 0.599926
1769098373.704676 -0.268173 -3.233217 0.599868
1769098373.754585 -0.268207 -3.233177 0.599810
1769098373.804595 -0.268241 -3.233136 0.599753
1769098373.854600 -0.268275 -3.233095 0.599696
1769098373.904608 -0.268308 -3.233054 0.599640
1769098373.954609 -0.268319 -3.232999 0.599597
1769098374.004627 -0.268352 -3.232959 0.599542
1769098374.054613 -0.268385 -3.232919 0.599487
1769098374.104622 -0.268418 -3.232879 0.599433
1769098374.154614 -0.268474 -3.232853 0.599366
1769098374.204625 -0.268507 -3.232813 0.599313
1769098374.254605 -0.268517 -3.232759 0.599274
1769098374.304610 -0.268550 -3.232719 0.599222
1769098374.354628 -0.268582 -3.232679 0.599171
1769098374.404608 -0.268637 -3.232654 0.599106
1769098374.454626 -0.268669 -3.232615 0.599055
1769098374.504609 -0.268702 -3.232575 0.599005
1769098374.554612 -0.268710 -3.232522 0.598969
1769098374.604597 -0.268742 -3.232483 0.598920
1769098374.654603 -0.268773 -3.232444 0.598871
1769098374.704629 -0.268828 -3.232419 0.598810
1769098374.754604 -0.268860 -3.232381 0.598762
1769098374.804621 -0.268891 -3.232342 0.598715
1769098374.854625 -0.268898 -3.232290 0.598681
1769098374.904625 -0.268929 -3.232252 0.598635
1769098374.954635 -0.268983 -3.232228 0.598576
1769098375.004618 -0.268990 -3.232176 0.598544
1769098375.054627 -0.269021 -3.232138 0.598500
1769098375.104605 -0.269051 -3.232101 0.598455
1769098375.154624 -0.269081 -3.232064 0.598411
1769098375.204603 -0.269111 -3.232027 0.598368
1769098375.254634 -0.269140 -3.231990 0.598325
1769098375.304613 -0.269194 -3.231966 0.598269
1769098375.354622 -0.269223 -3.231929 0.598227
1769098375.404619 -0.269228 -3.231879 0.598199
1769098375.454612 -0.269257 -3.231843 0.598158
1769098375.504648 -0.269286 -3.231807 0.598117
1769098375.554623 -0.269338 -3.231784 0.598064
1769098375.604612 -0.269367 -3.231748 0.598024
1769098375.654593 -0.269395 -3.231713 0.597985
1769098375.704607 -0.269423 -3.231677 0.597946
1769098375.754605 -0.269451 -3.231642 0.597908
1769098375.804642 -0.269479 -3.231607 0.597870
1769098375.854609 -0.269506 -3.231572 0.597832
1769098375.904686 -0.269509 -3.231524 0.597809
1769098375.954646 -0.269536 -3.231489 0.597772
1769098376.004653 -0.269588 -3.231468 0.597723
1769098376.054634 -0.269590 -3.231421 0.597701
1769098376.104613 -0.269616 -3.231387 0.597666
1769098376.154634 -0.269667 -3.231366 0.597617
1769098376.204634 -0.269669 -3.231319 0.597597
1769098376.254636 -0.269695 -3.231286 0.597563
1769098376.304651 -0.269721 -3.231253 0.597530
1769098376.354631 -0.269746 -3.231220 0.597497
1769098376.404628 -0.269796 -3.231199 0.597451
1769098376.454610 -0.269822 -3.231166 0.597419
1769098376.504644 -0.269847 -3.231134 0.597387
1769098376.554639 -0.269847 -3.231089 0.597370
1769098376.604652 -0.269871 -3.231057 0.597339
1769098376.654633 -0.269896 -3.231025 0.597309
1769098376.704630 -0.269920 -3.230993 0.597279
1769098376.754670 -0.269944 -3.230962 0.597250
1769098376.804621 -0.269968 -3.230931 0.597221
1769098376.854633 -0.269991 -3.230899 0.597192
1769098376.904664 -0.270015 -3.230869 0.597164
1769098376.954643 -0.270038 -3.230838 0.597136
1769098377.004645 -0.270061 -3.230808 0.597109
1769098377.054643 -0.270084 -3.230777 0.597082
1769098377.104641 -0.270131 -3.230759 0.597042
1769098377.154644 -0.270129 -3.230717 0.597030
1769098377.204647 -0.270151 -3.230688 0.597004
1769098377.254661 -0.270173 -3.230658 0.596979
1769098377.304652 -0.270195 -3.230629 0.596954
1769098377.354666 -0.270216 -3.230600 0.596930
1769098377.404629 -0.270238 -3.230571 0.596906
1769098377.454647 -0.270259 -3.230543 0.596882
1769098377.504645 -0.270305 -3.230526 0.596845
1769098377.554661 -0.270326 -3.230498 0.596822
1769098377.604632 -0.270321 -3.230458 0.596814
1769098377.654688 -0.270341 -3.230431 0.596792
1769098377.704653 -0.270361 -3.230403 0.596771
1769098377.754678 -0.270381 -3.230376 0.596750
1769098377.804662 -0.270401 -3.230348 0.596729
1769098377.854757 -0.270421 -3.230322 0.596709
1769098377.904732 -0.270440 -3.230295 0.596689
1769098377.954655 -0.270459 -3.230268 0.596670
1769098378.004680 -0.270478 -3.230242 0.596651
1769098378.054676 -0.270522 -3.230227 0.596618
1769098378.104650 -0.270515 -3.230190 0.596614
1769098378.154653 -0.270534 -3.230164 0.596596
1769098378.204707 -0.270552 -3.230139 0.596579
1769098378.254630 -0.270595 -3.230125 0.596548
1769098378.304711 -0.270613 -3.230100 0.596531
1769098378.354677 -0.270605 -3.230064 0.596529
1769098378.404726 -0.270622 -3.230039 0.596513
1769098378.454664 -0.270640 -3.230015 0.596498
1769098378.504699 -0.270682 -3.230002 0.596469
