timestamp x y theta
1769100595.191800 0.000000 0.000000 0.000000
1769100595.236810 0.000000 0.000000 0.000000
1769100595.286791 0.000000 0.000000 0.000000
1769100595.341796 0.000000 0.000000 0.000000
1769100595.391797 0.000000 0.000000 0.000000
1769100595.436803 0.000000 0.000000 0.000000
1769100595.486798 0.000000 0.000000 0.000000
1769100595.536797 0.000000 0.000000 0.000000
1769100595.581815 0.000000 0.000000 0.000000
1769100595.636801 0.000000 0.000000 0.000000
1769100595.681796 0.000000 0.000000 0.000000
1769100595.736827 0.000000 0.000000 0.000000
1769100595.786801 0.000000 0.000000 0.000000
1769100595.836812 0.000000 0.000000 0.000000
1769100595.881806 0.000000 0.000000 0.000000
1769100595.936803 0.000000 0.000000 0.000000
1769100595.986892 0.000000 0.000000 0.000000
1769100596.036814 0.000000 0.000000 0.000000
1769100596.091811 0.000000 0.000000 0.000000
1769100596.131811 0.000000 0.000000 0.000000
1769100596.181805 0.000000 0.000000 0.000000
1769100596.236811 0.000000 0.000000 0.000000
1769100596.286813 0.000000 0.000000 0.000000
1769100596.336814 0.000000 0.000000 0.000000
1769100596.391815 0.000000 0.000000 0.000000
1769100596.436892 0.000000 0.000000 0.000000
1769100596.481816 0.000000 0.000000 0.000000
1769100596.536818 0.000000 0.000000 0.000000
1769100596.586807 0.000000 0.000000 0.000000
1769100596.646818 0.000000 0.000000 0.000000
1769100596.686816 0.000000 0.000000 0.000000
1769100596.736820 0.000000 0.000000 0.000000
1769100596.791836 0.000000 0.000000 0.000000
1769100596.836814 0.000000 0.000000 0.000000
1769100596.881819 0.000000 0.000000 0.000000
1769100596.946812 0.000000 0.000000 0.000000
1769100596.986811 0.000000 0.000000 0.000000
1769100597.046813 0.000000 0.000000 0.000000
1769100597.091822 0.000000 0.000000 0.000000
1769100597.136815 0.000000 0.000000 0.000000
1769100597.191823 0.000000 0.000000 0.000000
1769100597.236840 0.000000 0.000000 0.000000
1769100597.286836 0.000000 0.000000 0.000000
1769100597.341818 0.000000 0.000000 0.000000
1769100597.386835 0.000000 0.000000 0.000000
1769100597.436836 0.000000 0.000000 0.000000
1769100597.496915 0.000000 0.000000 0.000000
1769100597.531897 0.000000 0.000000 0.000000
1769100597.586896 0.000000 0.000000 0.000000
1769100597.646899 0.000000 0.000000 0.000000
1769100597.681894 0.000000 0.000000 0.000000
1769100597.731905 0.000000 0.000000 0.000000
1769100597.796902 0.000000 0.000000 0.000000
1769100597.836843 0.000000 0.000000 0.000000
1769100597.881840 0.000000 0.000000 0.000000
1769100597.941860 0.000000 0.000000 0.000000
1769100597.986846 0.000000 0.000000 0.000000
1769100598.036845 0.000000 0.000000 0.000000
1769100598.096836 0.000000 0.000000 0.000000
1769100598.136839 0.000000 0.000000 0.000000
1769100598.186943 0.000000 0.000000 0.000000
1769100598.246882 0.000000 0.000000 0.000000
1769100598.286855 0.000000 0.000000 0.000000
1769100598.336863 0.000000 0.000000 0.000000
1769100598.381838 0.000000 0.000000 0.000000
1769100598.436843 0.000000 0.000000 0.000000
1769100598.481852 0.000000 0.000000 0.000000
1769100598.541836 0.000000 0.000000 0.000000
1769100598.586839 0.000000 0.000000 0.000000
1769100598.631837 0.000000 0.000000 0.000000
1769100598.691861 0.000000 0.000000 0.000000
1769100598.741849 0.000000 0.000000 0.000000
1769100598.786841 0.000000 0.000000 0.000000
1769100598.846837 0.000000 0.000000 0.000000
1769100598.886844 0.000000 0.000000 0.000000
1769100598.936856 0.000000 0.000000 0.000000
1769100598.996847 0.000000 0.000000 0.000000
1769100599.036841 0.000000 0.000000 0.000000
1769100599.081861 0.000000 0.000000 0.000000
1769100599.136861 0.000000 0.000000 0.000000
1769100599.186845 0.000000 0.000000 0.000000
1769100599.231845 0.000000 0.000000 0.000000
1769100599.286858 0.000000 0.000000 0.000000
1769100599.341846 0.000000 0.000000 0.000000
1769100599.386866 0.000000 0.000000 0.000000
1769100599.441875 0.000000 0.000000 0.000000
1769100599.486960 0.000000 0.000000 0.000000
1769100599.536867 0.000000 0.000000 0.000000
1769100599.591866 0.000000 0.000000 0.000000
1769100599.631894 0.000000 0.000000 0.000000
1769100599.681862 0.000000 0.000000 0.000000
1769100599.741871 0.000000 0.000000 0.000000
1769100599.786894 0.000000 0.000000 0.000000
1769100599.836902 0.000000 0.000000 0.000000
1769100599.891888 0.000000 0.000000 0.000000
1769100599.931892 0.000000 0.000000 0.000000
1769100599.981896 0.000000 0.000000 0.000000
1769100600.041878 0.000000 0.000000 0.000000
1769100600.081917 0.000000 0.000000 0.000000
1769100600.131886 0.000000 0.000000 0.000000
1769100600.186853 0.000000 0.000000 0.000000
1769100600.236891 0.000000 0.000000 0.000000
1769100600.291873 0.000000 0.000000 0.000000
1769100600.336864 0.000000 0.000000 0.000000
1769100600.386873 0.000000 0.000000 0.000000
1769100600.446865 0.000000 0.000000 0.000000
1769100600.486872 0.000000 0.000000 0.000000
1769100600.531890 0.000000 0.000000 0.000000
1769100600.591867 0.000000 0.000000 0.000000
1769100600.631896 0.000000 0.000000 0.000000
1769100600.681894 0.000000 0.000000 0.000000
1769100600.741882 0.000000 0.000000 0.000000
1769100600.786890 0.000000 0.000000 0.000000
1769100600.836876 0.000000 0.000000 0.000000
1769100600.891886 0.000000 0.000000 0.000000
1769100600.931881 0.000000 0.000000 0.000000
1769100600.986895 0.000000 0.000000 0.000000
1769100601.041877 0.000000 0.000000 0.000000
1769100601.086884 0.000000 0.000000 0.000000
1769100601.131896 0.000000 0.000000 0.000000
1769100601.191892 0.000000 0.000000 0.000000
1769100601.236886 0.000000 0.000000 0.000000
1769100601.281892 0.000000 0.000000 0.000000
1769100601.341901 0.000000 0.000000 0.000000
1769100601.386895 0.000000 0.000000 0.000000
1769100601.436898 0.000000 0.000000 0.000000
1769100601.491910 0.000000 0.000000 0.000000
1769100601.531930 0.000000 0.000000 0.000000
1769100601.586914 0.000000 0.000000 0.000000
1769100601.641932 0.000000 0.000000 0.000000
1769100601.681901 0.000000 0.000000 0.000000
1769100601.736905 0.000000 0.000000 0.000000
1769100601.791906 0.000000 0.000000 0.000000
1769100601.836897 0.000000 0.000000 0.000000
1769100601.881885 0.000000 0.000000 0.000000
1769100601.941885 0.000000 0.000000 0.000000
1769100601.986940 0.000000 0.000000 0.000000
1769100602.031906 0.000000 0.000000 0.000000
1769100602.091963 0.000000 0.000000 0.000000
1769100602.136895 0.000000 0.000000 0.000000
1769100602.181907 0.000000 0.000000 0.000000
1769100602.241903 0.000000 0.000000 0.000000
1769100602.286898 0.000000 0.000000 0.000000
1769100602.331900 0.000000 0.000000 0.000000
1769100602.391914 0.000000 0.000000 0.000000
1769100602.436912 0.000000 0.000000 0.000000
1769100602.486913 0.000000 0.000000 0.000000
1769100602.541912 0.000000 0.000000 0.000000
1769100602.586890 0.000000 0.000000 0.000000
1769100602.631963 0.000000 0.000000 0.000000
1769100602.681892 0.000000 0.000000 0.000000
1769100602.736912 0.000000 0.000000 0.000000
1769100602.781893 0.000000 0.000000 0.000000
1769100602.831904 0.000000 0.000000 0.000000
1769100602.891975 0.000000 0.000000 0.000000
1769100602.936894 0.000000 0.000000 0.000000
1769100602.981896 0.000000 0.000000 0.000000
1769100603.036916 0.000000 0.000000 0.000000
1769100603.081918 0.000000 0.000000 0.000000
1769100603.136897 0.000000 0.000000 0.000000
1769100603.181965 0.000000 0.000000 0.000000
1769100603.246971 0.000000 0.000000 0.000000
1769100603.286902 0.000000 0.000000 0.000000
1769100603.336899 0.000000 0.000000 0.000000
1769100603.381900 0.000000 0.000000 0.000000
1769100603.436926 0.000000 0.000000 0.000000
1769100603.481971 0.000025 0.000000 -0.000316
1769100603.541946 0.000051 -0.000000 0.000000
1769100603.586960 0.000304 -0.000000 0.000633
1769100603.631922 0.000633 0.000000 0.000949
1769100603.691998 0.000936 0.000000 0.000949
1769100603.731959 0.001544 0.000001 0.000949
1769100603.781931 0.001873 0.000001 0.001266
1769100603.841940 0.002227 0.000002 0.001898
1769100603.886919 0.003037 0.000003 0.001898
1769100603.936928 0.003822 0.000005 0.001582
1769100603.996946 0.004809 0.000006 0.001266
1769100604.036929 0.006454 0.000008 0.001582
1769100604.086927 0.007796 0.000011 0.001266
1769100604.131909 0.009314 0.000013 0.001266
1769100604.186952 0.010909 0.000015 0.000949
1769100604.231909 0.013339 0.000017 0.000949
1769100604.281996 0.015110 0.000019 0.001582
1769100604.336936 0.017085 0.000022 0.001582
1769100604.381983 0.020173 0.000027 0.001582
1769100604.431925 0.022299 0.000030 0.001582
1769100604.486936 0.024399 0.000033 0.001898
1769100604.531952 0.027513 0.000039 0.001582
1769100604.591925 0.029563 0.000042 0.001266
1769100604.631930 0.033132 0.000047 0.000949
1769100604.681959 0.035637 0.000049 0.000000
1769100604.741959 0.038093 0.000049 -0.000316
1769100604.782010 0.041839 0.000048 -0.000949
1769100604.831919 0.044446 0.000046 -0.000633
1769100604.891918 0.047027 0.000044 -0.001266
1769100604.936987 0.050824 0.000039 -0.001266
1769100604.981997 0.053406 0.000036 -0.001898
1769100605.041938 0.055886 0.000031 -0.001898
1769100605.087002 0.059885 0.000024 -0.002531
1769100605.131934 0.062441 0.000017 -0.002847
1769100605.191955 0.064998 0.000010 -0.003164
1769100605.231946 0.069199 -0.000003 -0.003797
1769100605.286923 0.072009 -0.000014 -0.003480
1769100605.341938 0.075021 -0.000025 -0.003797
1769100605.381936 0.079399 -0.000041 -0.003480
1769100605.431937 0.082462 -0.000052 -0.003797
1769100605.481934 0.085423 -0.000063 -0.003480
1769100605.531945 0.088435 -0.000074 -0.003164
1769100605.581939 0.092839 -0.000088 -0.003164
1769100605.631978 0.095674 -0.000096 -0.001898
1769100605.687058 0.098635 -0.000102 -0.002847
1769100605.731966 0.103090 -0.000115 -0.002215
1769100605.782032 0.106203 -0.000122 -0.001898
1769100605.836951 0.109443 -0.000128 -0.001266
1769100605.881954 0.114429 -0.000134 -0.000316
1769100605.931979 0.117694 -0.000135 0.001266
1769100605.986992 0.121061 -0.000131 0.001582
1769100606.031941 0.126249 -0.000123 0.001898
1769100606.086955 0.129616 -0.000116 0.002215
1769100606.137015 0.133235 -0.000108 0.002531
1769100606.182013 0.138829 -0.000094 0.002847
1769100606.232028 0.142676 -0.000083 0.002215
1769100606.286935 0.146574 -0.000075 0.002215
1769100606.331955 0.152193 -0.000062 0.000949
1769100606.386961 0.155888 -0.000059 0.000316
1769100606.436960 0.161684 -0.000057 -0.001266
1769100606.481951 0.165607 -0.000062 -0.001582
1769100606.541955 0.169379 -0.000068 -0.003164
1769100606.581976 0.175200 -0.000086 -0.003797
1769100606.631948 0.179022 -0.000101 -0.004113
1769100606.691945 0.182819 -0.000116 -0.003480
1769100606.736953 0.188513 -0.000136 -0.002531
1769100606.781937 0.192335 -0.000146 -0.002215
1769100606.831944 0.196157 -0.000154 -0.001266
1769100606.881984 0.200030 -0.000159 -0.000949
1769100606.931972 0.205851 -0.000165 -0.000316
1769100606.976941 0.209547 -0.000166 0.000949
1769100607.036952 0.213444 -0.000162 0.000949
1769100607.082033 0.219215 -0.000157 0.000949
1769100607.141966 0.222911 -0.000153 0.001582
1769100607.181982 0.228428 -0.000144 0.001582
1769100607.231969 0.232250 -0.000138 0.001266
1769100607.296965 0.235971 -0.000134 0.000316
1769100607.336967 0.241767 -0.000132 0.000633
1769100607.381964 0.245640 -0.000129 0.000316
1769100607.441978 0.249360 -0.000128 0.000633
1769100607.486989 0.255258 -0.000124 0.000316
1769100607.531965 0.259181 -0.000123 0.000000
1769100607.591992 0.263129 -0.000123 -0.000633
1769100607.631985 0.269128 -0.000127 -0.002215
1769100607.681984 0.272950 -0.000135 -0.003164
1769100607.732002 0.276974 -0.000148 -0.004113
1769100607.782020 0.280847 -0.000164 -0.004429
1769100607.832000 0.286618 -0.000190 -0.004429
1769100607.877023 0.290439 -0.000207 -0.004746
1769100607.936989 0.294211 -0.000225 -0.004429
1769100607.976974 0.299855 -0.000250 -0.004746
1769100608.031966 0.303626 -0.000267 -0.003797
1769100608.086994 0.307321 -0.000281 -0.003164
1769100608.131987 0.312915 -0.000299 -0.001582
1769100608.181991 0.316661 -0.000305 -0.000316
1769100608.236984 0.320407 -0.000306 0.000316
1769100608.281991 0.326229 -0.000304 0.001582
1769100608.331980 0.330050 -0.000298 0.002531
1769100608.386987 0.333974 -0.000288 0.002215
1769100608.436981 0.339744 -0.000276 0.002215
1769100608.481989 0.343693 -0.000267 0.001582
1769100608.531995 0.347363 -0.000261 0.001266
1769100608.581981 0.353134 -0.000254 0.001266
1769100608.631979 0.356981 -0.000249 0.000633
1769100608.681982 0.360879 -0.000246 -0.000633
1769100608.731994 0.366574 -0.000250 -0.001582
1769100608.776990 0.370421 -0.000256 -0.002215
1769100608.837044 0.374369 -0.000265 -0.002215
1769100608.881974 0.380064 -0.000277 -0.002531
1769100608.932001 0.383937 -0.000287 -0.002847
1769100608.982001 0.387885 -0.000299 -0.002215
1769100609.031991 0.393656 -0.000311 -0.002215
1769100609.081996 0.397579 -0.000320 -0.002531
1769100609.136991 0.401401 -0.000330 -0.001582
1769100609.181992 0.407147 -0.000339 -0.001266
1769100609.231984 0.410969 -0.000344 -0.000949
1769100609.286998 0.414765 -0.000347 -0.000316
1769100609.332013 0.420384 -0.000349 -0.000316
1769100609.377051 0.424155 -0.000350 -0.000000
1769100609.436996 0.427927 -0.000350 -0.000316
1769100609.482049 0.433672 -0.000352 0.000633
1769100609.531977 0.437368 -0.000350 0.001266
1769100609.587011 0.440962 -0.000345 0.001266
1769100609.626987 0.446783 -0.000338 0.001898
1769100609.681992 0.450681 -0.000330 0.001898
1769100609.736993 0.454655 -0.000323 0.001582
1769100609.782007 0.460932 -0.000313 0.001582
1769100609.832005 0.465260 -0.000306 0.001266
1769100609.887056 0.469512 -0.000301 -0.000633
1769100609.932012 0.476093 -0.000305 -0.002531
1769100609.981998 0.480370 -0.000316 -0.002847
1769100610.037052 0.484724 -0.000328 -0.004113
1769100610.082021 0.491178 -0.000355 -0.005695
1769100610.127017 0.495405 -0.000379 -0.005379
1769100610.187020 0.499632 -0.000401 -0.005695
1769100610.232019 0.505934 -0.000437 -0.004113
1769100610.287006 0.510085 -0.000454 -0.002847
1769100610.336995 0.514312 -0.000466 -0.001898
1769100610.377022 0.520487 -0.000478 -0.001266
1769100610.432011 0.524765 -0.000484 0.000316
1769100610.487022 0.529017 -0.000482 0.000949
1769100610.532015 0.535446 -0.000476 0.001582
1769100610.582012 0.539724 -0.000469 0.001898
1769100610.637021 0.544001 -0.000461 0.000949
1769100610.682012 0.550379 -0.000455 0.000949
1769100610.732016 0.554657 -0.000451 0.000000
1769100610.787005 0.558934 -0.000451 0.000316
1769100610.827009 0.565338 -0.000449 0.000000
1769100610.877005 0.569691 -0.000449 0.000000
1769100610.937009 0.573944 -0.000449 -0.000633
1769100610.982039 0.580524 -0.000453 -0.000633
1769100611.032013 0.584878 -0.000456 -0.001898
1769100611.092033 0.589332 -0.000464 -0.001898
1769100611.132086 0.595863 -0.000477 -0.002531
1769100611.182028 0.600191 -0.000488 -0.002847
1769100611.237091 0.604443 -0.000500 -0.002847
1769100611.282032 0.610821 -0.000518 -0.002215
1769100611.337078 0.615023 -0.000527 -0.002847
1769100611.387030 0.619224 -0.000539 -0.002847
1769100611.432019 0.625476 -0.000557 -0.001266
1769100611.482021 0.629703 -0.000562 -0.000949
1769100611.542024 0.633930 -0.000566 -0.000633
1769100611.582028 0.640232 -0.000570 0.000316
1769100611.627082 0.644257 -0.000569 0.001898
1769100611.682064 0.648585 -0.000561 0.001582
1769100611.732075 0.654938 -0.000551 0.002531
1769100611.782070 0.659266 -0.000540 0.002215
1769100611.837048 0.663569 -0.000530 0.001582
1769100611.882049 0.670175 -0.000520 0.000633
1769100611.937027 0.674477 -0.000517 -0.000000
1769100611.987016 0.678831 -0.000517 -0.001266
1769100612.032024 0.685336 -0.000525 -0.004746
1769100612.082031 0.689588 -0.000546 -0.005379
1769100612.137026 0.693865 -0.000569 -0.005695
1769100612.182038 0.700244 -0.000605 -0.005062
1769100612.232026 0.704521 -0.000627 -0.004746
1769100612.287084 0.708571 -0.000646 -0.004113
1769100612.332027 0.714999 -0.000672 -0.002847
1769100612.382037 0.719328 -0.000685 -0.001898
1769100612.437015 0.723605 -0.000693 -0.000949
1769100612.482034 0.729958 -0.000699 -0.000633
1769100612.532047 0.734185 -0.000701 -0.000316
1769100612.587088 0.738412 -0.000703 0.000633
1769100612.632036 0.744714 -0.000699 0.000316
1769100612.682014 0.748941 -0.000697 0.000000
1769100612.737035 0.753092 -0.000697 0.000633
1769100612.782047 0.759496 -0.000693 0.000316
1769100612.832042 0.763798 -0.000692 0.000316
1769100612.887051 0.768076 -0.000691 0.001266
1769100612.932040 0.774631 -0.000682 0.000949
1769100612.982023 0.779035 -0.000678 0.000316
1769100613.037035 0.783465 -0.000677 0.000000
1769100613.082043 0.790046 -0.000677 -0.001266
1769100613.132041 0.794348 -0.000682 -0.001898
1769100613.187055 0.798753 -0.000691 -0.003164
1769100613.232034 0.805131 -0.000711 -0.003797
1769100613.282039 0.809383 -0.000727 -0.003797
1769100613.337043 0.813635 -0.000743 -0.004429
1769100613.382047 0.819937 -0.000771 -0.003480
1769100613.432055 0.824139 -0.000786 -0.002847
1769100613.492049 0.828340 -0.000798 -0.002215
1769100613.537048 0.834567 -0.000811 -0.000949
1769100613.582046 0.838617 -0.000815 -0.000316
1769100613.637050 0.842919 -0.000817 0.000316
1769100613.682041 0.849424 -0.000815 0.001898
1769100613.732039 0.853727 -0.000806 0.003164
1769100613.782051 0.857802 -0.000793 0.002215
1769100613.832043 0.864332 -0.000779 0.002215
1769100613.882044 0.868559 -0.000770 0.001266
1769100613.937036 0.872837 -0.000764 0.000316
1769100613.982058 0.879417 -0.000762 -0.001582
1769100614.032068 0.883619 -0.000769 -0.002215
1769100614.087048 0.887972 -0.000778 -0.002847
1769100614.132058 0.894351 -0.000797 -0.004113
1769100614.192033 0.898729 -0.000815 -0.004429
1769100614.232068 0.905082 -0.000843 -0.004113
1769100614.282108 0.909132 -0.000859 -0.004746
1769100614.337060 0.913460 -0.000880 -0.004429
1769100614.382058 0.919737 -0.000908 -0.003797
1769100614.432061 0.923913 -0.000924 -0.003480
1769100614.487056 0.928216 -0.000939 -0.003480
1769100614.532062 0.934493 -0.000960 -0.002847
1769100614.582067 0.938644 -0.000972 -0.002215
1769100614.637068 0.942795 -0.000981 -0.001582
1769100614.682064 0.949047 -0.000991 -0.000633
1769100614.732062 0.953324 -0.000994 0.000316
1769100614.792063 0.957475 -0.000993 0.000949
1769100614.832154 0.963879 -0.000987 0.001266
1769100614.882062 0.968232 -0.000981 0.001266
1769100614.937064 0.972560 -0.000976 0.001582
1769100614.982110 0.978939 -0.000966 0.001582
1769100615.032063 0.983368 -0.000959 0.001266
1769100615.087063 0.987645 -0.000953 0.000316
1769100615.132118 0.994252 -0.000951 -0.000633
1769100615.182060 0.998478 -0.000954 -0.002847
1769100615.242058 1.002756 -0.000966 -0.003164
1769100615.282065 1.009185 -0.000986 -0.005062
1769100615.332066 1.013361 -0.001007 -0.004746
1769100615.387067 1.017613 -0.001028 -0.004113
1769100615.437065 1.023840 -0.001053 -0.004113
1769100615.492088 1.028066 -0.001071 -0.002531
1769100615.532074 1.034242 -0.001086 -0.001898
1769100615.582081 1.038520 -0.001094 -0.000316
1769100615.642078 1.042797 -0.001096 0.000000
1769100615.682071 1.049251 -0.001096 0.000316
1769100615.732164 1.053478 -0.001094 0.001266
1769100615.792092 1.057806 -0.001089 0.002215
1769100615.832067 1.064109 -0.001075 0.001266
1769100615.877082 1.068386 -0.001070 0.000949
1769100615.937109 1.072664 -0.001065 0.000633
1769100615.982097 1.078966 -0.001061 -0.000316
1769100616.032115 1.083269 -0.001063 0.000316
1769100616.092080 1.087622 -0.001061 -0.000316
1769100616.132099 1.094026 -0.001063 -0.001898
1769100616.182082 1.098481 -0.001072 -0.002531
1769100616.242084 1.102809 -0.001083 -0.003480
1769100616.282093 1.109440 -0.001106 -0.004113
1769100616.332080 1.113794 -0.001124 -0.004113
1769100616.392085 1.118046 -0.001141 -0.004113
1769100616.432089 1.124475 -0.001168 -0.004113
1769100616.482092 1.128625 -0.001185 -0.004113
1769100616.537089 1.132827 -0.001202 -0.004113
1769100616.582080 1.139129 -0.001228 -0.003164
1769100616.627079 1.143204 -0.001241 -0.002847
1769100616.677093 1.147406 -0.001253 -0.001582
1769100616.732064 1.151531 -0.001259 0.000000
1769100616.782091 1.157809 -0.001259 0.000633
1769100616.842088 1.162111 -0.001257 0.001898
1769100616.882091 1.168515 -0.001245 0.002215
1769100616.932086 1.172919 -0.001235 0.002215
1769100616.992140 1.177298 -0.001225 0.001266
1769100617.037097 1.183752 -0.001217 0.001582
1769100617.082090 1.188105 -0.001210 0.000316
1769100617.132095 1.192383 -0.001209 -0.000633
1769100617.182097 1.196660 -0.001211 -0.001582
1769100617.227095 1.203216 -0.001222 -0.002531
1769100617.292094 1.207367 -0.001232 -0.003164
1769100617.337098 1.213745 -0.001252 -0.003797
1769100617.382144 1.218098 -0.001269 -0.003797
1769100617.442093 1.222300 -0.001285 -0.003797
1769100617.487151 1.228779 -0.001310 -0.003164
1769100617.527159 1.233082 -0.001323 -0.002531
1769100617.582173 1.237360 -0.001334 -0.001582
1769100617.632123 1.241612 -0.001341 -0.001582
1769100617.677121 1.247940 -0.001351 -0.000316
1769100617.742123 1.252217 -0.001352 0.000000
1769100617.782112 1.258469 -0.001352 0.000316
1769100617.832095 1.262670 -0.001351 -0.000316
1769100617.892106 1.266923 -0.001352 0.000316
1769100617.932137 1.273225 -0.001350 0.000000
1769100617.982129 1.277503 -0.001350 0.000949
1769100618.042139 1.281755 -0.001346 0.000949
1769100618.082107 1.288184 -0.001340 0.000316
1769100618.132116 1.292638 -0.001339 -0.000316
1769100618.182163 1.297017 -0.001340 0.000000
1769100618.237146 1.301421 -0.001340 -0.001266
1769100618.282084 1.308002 -0.001348 -0.003164
1769100618.332159 1.312355 -0.001362 -0.003797
1769100618.387135 1.316658 -0.001378 -0.004429
1769100618.427101 1.323036 -0.001407 -0.005695
1769100618.482113 1.327213 -0.001430 -0.006011
1769100618.537114 1.331439 -0.001456 -0.005695
1769100618.582117 1.337691 -0.001491 -0.004746
1769100618.637119 1.341867 -0.001511 -0.003797
1769100618.682111 1.348169 -0.001535 -0.002847
1769100618.732159 1.352320 -0.001547 -0.000949
1769100618.782083 1.356598 -0.001551 -0.000000
1769100618.832114 1.360875 -0.001551 0.000949
1769100618.877112 1.367330 -0.001545 0.001898
1769100618.942116 1.371658 -0.001537 0.001582
1769100618.982117 1.377985 -0.001527 0.001582
1769100619.027121 1.382086 -0.001520 0.000949
1769100619.087142 1.386135 -0.001516 -0.000316
1769100619.132124 1.392337 -0.001518 -0.000633
1769100619.192118 1.396639 -0.001521 -0.000633
1769100619.232102 1.402841 -0.001525 -0.001582
1769100619.282125 1.407093 -0.001532 -0.001582
1769100619.342117 1.411471 -0.001539 -0.002531
1769100619.382118 1.417976 -0.001555 -0.002847
1769100619.427208 1.422355 -0.001568 -0.003164
1769100619.492123 1.426759 -0.001582 -0.003164
1769100619.532111 1.432960 -0.001601 -0.002847
1769100619.582126 1.437288 -0.001613 -0.003164
1769100619.637134 1.441540 -0.001627 -0.002531
1769100619.677142 1.447868 -0.001643 -0.001898
1769100619.727145 1.452044 -0.001651 -0.002215
1769100619.787150 1.456195 -0.001660 -0.002215
1769100619.832148 1.462624 -0.001674 -0.000949
1769100619.877139 1.466750 -0.001678 -0.000633
1769100619.942138 1.470951 -0.001681 0.000000
1769100619.982138 1.477380 -0.001681 0.000633
1769100620.027230 1.481607 -0.001678 0.001582
1769100620.092175 1.486062 -0.001671 0.001582
1769100620.132137 1.492592 -0.001661 0.000949
1769100620.177150 1.496945 -0.001657 0.001582
1769100620.227117 1.501400 -0.001650 0.000949
1769100620.282124 1.505703 -0.001646 -0.000949
1769100620.332119 1.512284 -0.001652 -0.003480
1769100620.382142 1.516561 -0.001667 -0.004429
1769100620.432138 1.520915 -0.001686 -0.005695
1769100620.482116 1.527369 -0.001723 -0.006011
1769100620.527132 1.531520 -0.001748 -0.006011
1769100620.587129 1.535772 -0.001773 -0.005379
1769100620.627147 1.542099 -0.001807 -0.004113
1769100620.677127 1.546351 -0.001825 -0.002847
1769100620.737136 1.550629 -0.001837 -0.002531
1769100620.782135 1.557058 -0.001853 -0.001266
1769100620.827132 1.561259 -0.001859 -0.000000
1769100620.887138 1.565562 -0.001859 -0.000000
1769100620.927135 1.571915 -0.001859 0.000949
1769100620.977151 1.576142 -0.001855 0.001266
1769100621.037133 1.580420 -0.001849 -0.000316
1769100621.082154 1.586722 -0.001851 -0.000000
1769100621.127142 1.590999 -0.001851 -0.000316
1769100621.187188 1.595252 -0.001852 0.000316
1769100621.227134 1.601681 -0.001850 0.000949
1769100621.282140 1.606059 -0.001846 0.000633
1769100621.337145 1.610463 -0.001843 -0.000633
1769100621.382148 1.616842 -0.001847 -0.000633
1769100621.427181 1.621170 -0.001850 -0.001582
1769100621.487137 1.625523 -0.001857 -0.002215
1769100621.527200 1.632079 -0.001872 -0.003164
1769100621.582193 1.636356 -0.001885 -0.003480
1769100621.632162 1.640634 -0.001900 -0.003164
1769100621.677243 1.646885 -0.001920 -0.004113
1769100621.732189 1.651137 -0.001937 -0.004113
1769100621.787184 1.655288 -0.001954 -0.003480
1769100621.827185 1.661565 -0.001976 -0.001582
1769100621.877178 1.665767 -0.001983 -0.000949
1769100621.937174 1.670120 -0.001987 0.000316
1769100621.982137 1.676448 -0.001985 0.000949
1769100622.027150 1.680802 -0.001981 0.001582
1769100622.087137 1.685130 -0.001974 0.001266
1769100622.132164 1.691660 -0.001966 0.001898
1769100622.182156 1.695988 -0.001958 0.001582
1769100622.237159 1.700316 -0.001951 0.001266
1769100622.282152 1.706796 -0.001943 -0.000633
1769100622.332210 1.711124 -0.001945 -0.001582
1769100622.387139 1.715401 -0.001952 -0.003164
1769100622.427141 1.721931 -0.001973 -0.005062
1769100622.482214 1.726183 -0.001994 -0.005062
1769100622.537143 1.730461 -0.002016 -0.005379
1769100622.582167 1.736915 -0.002051 -0.005062
1769100622.627136 1.741319 -0.002073 -0.005062
1769100622.687133 1.745546 -0.002094 -0.004113
1769100622.732134 1.752025 -0.002121 -0.003480
1769100622.782157 1.756328 -0.002136 -0.002847
1769100622.837166 1.760631 -0.002148 -0.002215
1769100622.882164 1.766908 -0.002162 -0.001582
1769100622.932186 1.771034 -0.002169 -0.000633
1769100622.992150 1.775311 -0.002171 -0.000949
1769100623.032156 1.781538 -0.002177 -0.000316
1769100623.077165 1.785764 -0.002179 -0.000000
1769100623.127151 1.789915 -0.002179 0.000633
1769100623.182139 1.794193 -0.002176 0.000949
1769100623.227149 1.800672 -0.002170 0.000949
1769100623.277173 1.805026 -0.002166 0.001582
1769100623.332175 1.809430 -0.002159 0.001582
1769100623.382193 1.816036 -0.002148 0.000633
1769100623.427159 1.820440 -0.002145 -0.000633
1769100623.487152 1.824844 -0.002148 -0.001266
1769100623.527151 1.831324 -0.002156 -0.002531
1769100623.582163 1.835626 -0.002167 -0.004429
1769100623.632246 1.839929 -0.002186 -0.005062
1769100623.677171 1.846232 -0.002218 -0.005379
1769100623.732185 1.850433 -0.002241 -0.004746
1769100623.782178 1.854584 -0.002260 -0.004113
1769100623.827184 1.860912 -0.002286 -0.002847
1769100623.877184 1.865214 -0.002299 -0.001582
1769100623.937194 1.869391 -0.002305 -0.000633
1769100623.982181 1.875820 -0.002309 0.000633
1769100624.027157 1.880097 -0.002307 0.000949
1769100624.087158 1.884400 -0.002303 0.001582
1769100624.127262 1.890829 -0.002292 0.002847
1769100624.182186 1.895081 -0.002280 0.001582
1769100624.232155 1.899358 -0.002274 0.001266
1769100624.282157 1.905737 -0.002266 -0.000633
1769100624.332158 1.910014 -0.002268 -0.000949
1769100624.387163 1.914368 -0.002272 -0.002215
1769100624.427158 1.920721 -0.002286 -0.002531
1769100624.482159 1.925049 -0.002297 -0.002847
1769100624.532168 1.929427 -0.002310 -0.003164
1769100624.582159 1.935958 -0.002330 -0.004429
1769100624.627175 1.940109 -0.002349 -0.004429
1769100624.682232 1.944487 -0.002368 -0.004113
1769100624.727165 1.951043 -0.002395 -0.004429
1769100624.787171 1.955092 -0.002413 -0.003164
1769100624.827274 1.961344 -0.002433 -0.002847
1769100624.877163 1.965520 -0.002445 -0.003164
1769100624.937165 1.969545 -0.002458 -0.002847
1769100624.982174 1.975518 -0.002475 -0.002215
1769100625.027199 1.979644 -0.002484 -0.001266
1769100625.087166 1.983845 -0.002489 0.000000
1769100625.132165 1.990097 -0.002489 0.000949
1769100625.182190 1.994374 -0.002485 0.001898
1769100625.232183 1.998601 -0.002477 0.001582
1769100625.277194 2.005207 -0.002467 0.001898
1769100625.332182 2.009535 -0.002458 0.001582
1769100625.387170 2.013965 -0.002451 0.001266
1769100625.427182 2.020571 -0.002443 0.000316
1769100625.477186 2.024874 -0.002442 -0.000316
1769100625.532177 2.029177 -0.002443 -0.001582
1769100625.582200 2.035580 -0.002453 -0.003797
1769100625.627192 2.039908 -0.002469 -0.004113
1769100625.687261 2.044160 -0.002487 -0.004746
1769100625.727224 2.050488 -0.002517 -0.004113
1769100625.777206 2.054816 -0.002535 -0.003797
1769100625.832221 2.059043 -0.002551 -0.003480
1769100625.877278 2.065497 -0.002573 -0.002531
1769100625.927199 2.069800 -0.002584 -0.001898
1769100625.987221 2.074077 -0.002592 -0.000949
1769100626.027183 2.080506 -0.002598 0.000316
1769100626.082206 2.084784 -0.002597 0.000633
1769100626.137203 2.088960 -0.002594 0.000949
1769100626.182202 2.095364 -0.002588 0.001266
1769100626.227199 2.099591 -0.002583 -0.000316
1769100626.287190 2.103843 -0.002584 0.000316
1769100626.332247 2.110272 -0.002582 0.000316
1769100626.377208 2.114448 -0.002581 -0.000000
1769100626.437207 2.118852 -0.002581 0.000633
1769100626.487212 2.125357 -0.002577 -0.000316
1769100626.527263 2.129710 -0.002578 -0.000949
1769100626.592204 2.134165 -0.002582 -0.002215
1769100626.627189 2.140796 -0.002597 -0.003480
1769100626.677216 2.144897 -0.002611 -0.004113
1769100626.737275 2.149301 -0.002630 -0.004746
1769100626.782266 2.155603 -0.002659 -0.005062
1769100626.827190 2.159855 -0.002681 -0.005062
1769100626.887191 2.164031 -0.002702 -0.005379
1769100626.927190 2.170258 -0.002736 -0.003480
1769100626.977213 2.174434 -0.002750 -0.003164
1769100627.032219 2.178560 -0.002763 -0.002847
1769100627.077224 2.184887 -0.002781 -0.000949
1769100627.127198 2.189038 -0.002785 0.000316
1769100627.187243 2.193316 -0.002784 0.001266
1769100627.232374 2.199770 -0.002776 0.002215
1769100627.277216 2.204047 -0.002766 0.001898
1769100627.337265 2.208173 -0.002758 0.002215
1769100627.377315 2.214754 -0.002744 0.000949
1769100627.432217 2.219006 -0.002740 0.001582
1769100627.487191 2.223359 -0.002733 0.000316
1769100627.527291 2.229788 -0.002731 -0.000949
1769100627.587340 2.233838 -0.002735 -0.001582
1769100627.627295 2.240090 -0.002745 -0.001898
1769100627.677292 2.244266 -0.002752 -0.002215
1769100627.742223 2.248645 -0.002762 -0.003164
1769100627.782220 2.255124 -0.002783 -0.003164
1769100627.827242 2.259376 -0.002796 -0.002531
1769100627.887233 2.263755 -0.002807 -0.002847
1769100627.932303 2.270184 -0.002826 -0.002215
1769100627.982342 2.274411 -0.002835 -0.001898
1769100628.037228 2.278638 -0.002843 -0.001582
1769100628.082231 2.284915 -0.002853 -0.000949
1769100628.127201 2.289116 -0.002857 -0.000316
1769100628.187236 2.293343 -0.002858 -0.000633
1769100628.232231 2.299620 -0.002862 -0.000633
1769100628.282226 2.303873 -0.002865 0.000633
1769100628.342236 2.307998 -0.002862 0.000949
1769100628.377246 2.314478 -0.002856 0.001582
1769100628.427212 2.318831 -0.002849 0.001582
1769100628.487247 2.323083 -0.002842 0.001582
1769100628.527210 2.329765 -0.002832 0.000949
1769100628.577251 2.334119 -0.002828 -0.000316
1769100628.637284 2.338472 -0.002829 -0.000949
1769100628.677234 2.345028 -0.002835 -0.003164
1769100628.727217 2.349330 -0.002849 -0.004429
1769100628.787242 2.353608 -0.002868 -0.005379
1769100628.832288 2.359935 -0.002902 -0.006011
1769100628.877246 2.364162 -0.002927 -0.005695
1769100628.937240 2.368414 -0.002952 -0.005062
1769100628.982247 2.374641 -0.002983 -0.003797
1769100629.032242 2.378842 -0.002999 -0.003164
1769100629.077243 2.383145 -0.003013 -0.001898
1769100629.132282 2.387372 -0.003021 -0.000949
1769100629.177236 2.393776 -0.003027 0.000633
1769100629.227221 2.398028 -0.003024 0.001266
1769100629.282219 2.402356 -0.003019 0.000949
1769100629.327223 2.408810 -0.003012 0.001898
1769100629.377244 2.412961 -0.003005 0.003164
1769100629.432252 2.417314 -0.002991 0.004429
1769100629.477300 2.423743 -0.002962 0.008226
1769100629.527245 2.427995 -0.002927 0.012655
1769100629.587265 2.432348 -0.002872 0.016452
1769100629.627237 2.438751 -0.002767 0.023096
1769100629.677245 2.443103 -0.002666 0.026893
1769100629.737255 2.447455 -0.002549 0.030689
1769100629.782234 2.454084 -0.002346 0.037017
1769100629.832300 2.458485 -0.002183 0.040813
1769100629.887250 2.462759 -0.002008 0.044294
1769100629.932264 2.469232 -0.001721 0.049989
1769100629.982312 2.473453 -0.001510 0.054102
1769100630.037257 2.477725 -0.001279 0.057582
1769100630.077247 2.484017 -0.000916 0.064226
1769100630.127264 2.488209 -0.000647 0.068022
1769100630.187229 2.492427 -0.000359 0.072768
1769100630.227301 2.498687 0.000097 0.080994
1769100630.277251 2.502900 0.000439 0.086373
1769100630.337261 2.507162 0.000808 0.091118
1769100630.382259 2.513539 0.001391 0.099661
1769100630.427268 2.517795 0.001816 0.105039
1769100630.482234 2.522150 0.002276 0.108520
1769100630.527318 2.528365 0.002953 0.115164
1769100630.577267 2.532513 0.003433 0.118644
1769100630.632305 2.536836 0.003948 0.121808
1769100630.677260 2.543167 0.004723 0.125604
1769100630.732266 2.547511 0.005271 0.129085
1769100630.782267 2.551778 0.005825 0.132881
1769100630.827244 2.558201 0.006684 0.137943
1769100630.877255 2.562588 0.007293 0.141423
1769100630.937265 2.566848 0.007899 0.145853
1769100630.977258 2.573284 0.008845 0.153130
1769100631.032265 2.577511 0.009497 0.157875
1769100631.082257 2.581660 0.010158 0.161672
1769100631.132266 2.587756 0.011152 0.168632
1769100631.187254 2.591673 0.011819 0.172113
1769100631.232268 2.597882 0.012898 0.178124
1769100631.277257 2.601992 0.013638 0.182870
1769100631.337269 2.606174 0.014411 0.186666
1769100631.382268 2.612441 0.015595 0.193627
1769100631.432253 2.616589 0.016408 0.199638
1769100631.492276 2.620732 0.017247 0.205017
1769100631.527282 2.627101 0.018571 0.212293
1769100631.577271 2.631307 0.019478 0.217988
1769100631.637318 2.635557 0.020419 0.223050
1769100631.677269 2.641778 0.021830 0.230011
1769100631.732300 2.645967 0.022811 0.233175
1769100631.772261 2.650030 0.023776 0.237920
1769100631.827262 2.654212 0.024790 0.241084
1769100631.877289 2.660529 0.026343 0.244565
1769100631.927267 2.664679 0.027379 0.248677
1769100631.982288 2.668874 0.028444 0.251525
1769100632.027342 2.675199 0.030069 0.256587
1769100632.077274 2.679410 0.031174 0.260384
1769100632.132251 2.683665 0.032308 0.264180
1769100632.177279 2.689944 0.034006 0.270824
1769100632.227255 2.694163 0.035178 0.276203
1769100632.282290 2.698206 0.036324 0.280632
1769100632.327261 2.704383 0.038104 0.288225
1769100632.382284 2.708314 0.039270 0.292655
1769100632.432292 2.712337 0.040482 0.298350
1769100632.482275 2.718337 0.042327 0.305310
1769100632.527260 2.722320 0.043582 0.310056
1769100632.587264 2.726418 0.044895 0.313853
1769100632.627302 2.732485 0.046864 0.320180
1769100632.677344 2.736593 0.048227 0.324926
1769100632.732341 2.740694 0.049608 0.329672
1769100632.782370 2.746873 0.051722 0.336632
1769100632.832289 2.751030 0.053177 0.340429
1769100632.882288 2.755038 0.054597 0.344858
1769100632.927263 2.760898 0.056702 0.349920
1769100632.977299 2.764987 0.058194 0.352451
1769100633.032290 2.768978 0.059662 0.356248
1769100633.077295 2.775003 0.061904 0.360677
1769100633.127268 2.778958 0.063396 0.364158
1769100633.182265 2.782932 0.064910 0.368587
1769100633.232277 2.788952 0.067236 0.372700
1769100633.277292 2.793031 0.068830 0.376180
1769100633.332302 2.797009 0.070402 0.379028
1769100633.377334 2.803099 0.072827 0.381875
1769100633.427278 2.807116 0.074440 0.382824
1769100633.482296 2.810989 0.076000 0.384406
1769100633.527321 2.816949 0.078411 0.385672
1769100633.577316 2.820772 0.079963 0.385988
1769100633.632339 2.824617 0.081526 0.386621
1769100633.677322 2.830408 0.083883 0.386937
1769100633.727313 2.834252 0.085450 0.388203
1769100633.787323 2.838094 0.087021 0.388203
1769100633.827353 2.843927 0.089406 0.389152
1769100633.877312 2.847885 0.091029 0.389468
1769100633.932308 2.851936 0.092692 0.389152
1769100633.977314 2.857884 0.095131 0.389152
1769100634.027278 2.861959 0.096802 0.388519
1769100634.087284 2.866105 0.098499 0.387570
1769100634.127284 2.872127 0.100957 0.386621
1769100634.177306 2.876183 0.102609 0.386304
1769100634.232301 2.880192 0.104239 0.385355
1769100634.277304 2.886126 0.106646 0.383141
1769100634.332310 2.890164 0.108274 0.383141
1769100634.382309 2.893990 0.109816 0.382824
1769100634.432301 2.899860 0.112180 0.384090
1769100634.477304 2.903779 0.113764 0.384406
1769100634.532306 2.907674 0.115339 0.385039
1769100634.582310 2.913679 0.117773 0.385672
1769100634.627282 2.917501 0.119325 0.386621
1769100634.682312 2.921534 0.120966 0.387886
1769100634.732304 2.927532 0.123417 0.388519
1769100634.777307 2.931373 0.124990 0.389152
1769100634.832297 2.935144 0.126536 0.389468
1769100634.877314 2.941068 0.128967 0.389152
1769100634.927289 2.944979 0.130571 0.388203
1769100634.982370 2.948938 0.132190 0.387254
1769100635.027299 2.954797 0.134580 0.387254
1769100635.087292 2.958570 0.136118 0.386304
1769100635.127313 2.964572 0.138560 0.385672
1769100635.177312 2.968559 0.140178 0.384406
1769100635.237291 2.972712 0.141858 0.384090
1769100635.277311 2.978813 0.144324 0.382824
1769100635.327295 2.982875 0.145960 0.383141
1769100635.387295 2.986936 0.147597 0.382191
1769100635.432324 2.992948 0.150014 0.382191
1769100635.477333 2.996870 0.151590 0.383141
1769100635.537394 3.000603 0.153094 0.383457
1769100635.577332 3.006424 0.155443 0.383457
1769100635.627301 3.010297 0.157005 0.384406
1769100635.682351 3.014122 0.158552 0.384722
1769100635.727315 3.019682 0.160804 0.387570
1769100635.787310 3.023337 0.162296 0.387570
1769100635.832337 3.028985 0.164601 0.388519
1769100635.877334 3.033014 0.166251 0.389152
1769100635.937386 3.036972 0.167873 0.390101
1769100635.982414 3.043081 0.170386 0.389785
1769100636.027324 3.047178 0.172069 0.387570
1769100636.087318 3.051092 0.173666 0.389152
1769100636.132311 3.057087 0.176125 0.387886
1769100636.177321 3.061140 0.177781 0.385672
1769100636.237306 3.065104 0.179390 0.385355
1769100636.277333 3.071108 0.181826 0.384090
1769100636.327306 3.075050 0.183419 0.383457
1769100636.377312 3.078994 0.185010 0.384090
1769100636.432309 3.082983 0.186622 0.383457
1769100636.477306 3.088663 0.188914 0.383457
1769100636.532315 3.092771 0.190571 0.384406
1769100636.582332 3.098778 0.193001 0.385039
1769100636.627326 3.102719 0.194598 0.385672
1769100636.682312 3.106705 0.196216 0.386304
1769100636.732313 3.112567 0.198601 0.386937
1769100636.777315 3.116481 0.200196 0.387886
1769100636.837332 3.120394 0.201794 0.388203
1769100636.882344 3.126251 0.204189 0.386937
1769100636.932341 3.130212 0.205804 0.387886
1769100636.987356 3.134055 0.207374 0.387886
1769100637.032350 3.140006 0.209805 0.387886
1769100637.072339 3.143989 0.211433 0.387886
1769100637.127317 3.147902 0.213031 0.386937
1769100637.182345 3.152051 0.214722 0.386621
1769100637.227322 3.158146 0.217203 0.385988
1769100637.277349 3.162179 0.218842 0.385355
1769100637.337351 3.166307 0.220517 0.384090
1769100637.377347 3.172385 0.222973 0.381875
1769100637.427333 3.176425 0.224596 0.381875
1769100637.482340 3.180394 0.226190 0.380926
1769100637.527370 3.186245 0.228533 0.381242
1769100637.577363 3.190215 0.230124 0.381559
1769100637.632444 3.194021 0.231651 0.382824
1769100637.677428 3.199890 0.234015 0.384722
1769100637.727396 3.203855 0.235620 0.385039
1769100637.787348 3.207679 0.237170 0.385988
1769100637.832355 3.213588 0.239571 0.388519
1769100637.877357 3.217593 0.241211 0.389468
1769100637.942371 3.221574 0.242844 0.389468
1769100637.977345 3.227591 0.245314 0.389152
1769100638.027334 3.231526 0.246927 0.389785
1769100638.082353 3.235529 0.248572 0.389468
1769100638.132358 3.241430 0.250994 0.388203
1769100638.177354 3.245389 0.252613 0.386621
1769100638.237356 3.249351 0.254226 0.386304
1769100638.277353 3.255329 0.256658 0.385355
1769100638.332356 3.259035 0.258161 0.384722
1769100638.382360 3.263094 0.259804 0.384406
1769100638.427333 3.269101 0.262234 0.383773
1769100638.472353 3.272997 0.263807 0.384406
1769100638.527330 3.276985 0.265421 0.383773
1769100638.577362 3.283017 0.267856 0.384090
1769100638.622407 3.287053 0.269488 0.384722
1769100638.677362 3.290995 0.271084 0.385355
1769100638.727332 3.296835 0.273453 0.385672
1769100638.777408 3.300704 0.275024 0.385355
1769100638.832354 3.304574 0.276593 0.385672
1769100638.877361 3.310461 0.278983 0.386621
1769100638.927340 3.314282 0.280539 0.386937
1769100638.982366 3.318196 0.282134 0.388519
1769100639.027350 3.324169 0.284579 0.389468
1769100639.072368 3.328080 0.286184 0.388519
1769100639.132371 3.332156 0.287852 0.388519
1769100639.182370 3.338176 0.290316 0.388835
1769100639.227345 3.342251 0.291986 0.387570
1769100639.282375 3.346352 0.293660 0.385988
1769100639.327346 3.352378 0.296109 0.384406
1769100639.377377 3.356414 0.297741 0.383773
1769100639.432371 3.360427 0.299362 0.382824
1769100639.477355 3.366391 0.301764 0.380293
1769100639.527367 3.370386 0.303361 0.380293
1769100639.582369 3.374240 0.304901 0.380926
1769100639.622367 3.379950 0.307188 0.381875
1769100639.672371 3.383990 0.308810 0.383141
1769100639.732372 3.387910 0.310391 0.384090
1769100639.777383 3.393871 0.312800 0.385988
1769100639.827374 3.397834 0.314410 0.386304
1769100639.882366 3.401749 0.316003 0.387254
1769100639.927365 3.407678 0.318421 0.388203
1769100639.977401 3.411614 0.320030 0.388835
1769100640.032382 3.415526 0.321633 0.389152
1769100640.072387 3.421357 0.324024 0.388835
1769100640.127351 3.425362 0.325665 0.387886
1769100640.182445 3.429251 0.327254 0.387886
1769100640.227452 3.434992 0.329600 0.388203
1769100640.272446 3.438904 0.331199 0.387886
1769100640.332429 3.442957 0.332856 0.386937
1769100640.377383 3.448817 0.335243 0.385672
1769100640.427365 3.452898 0.336900 0.386304
1769100640.477374 3.457001 0.338569 0.385355
1769100640.522384 3.463099 0.341043 0.384090
1769100640.577381 3.467135 0.342674 0.384090
1769100640.627370 3.471125 0.344286 0.383457
1769100640.672384 3.477016 0.346663 0.384406
1769100640.727393 3.480958 0.348258 0.384406
1769100640.782391 3.484783 0.349805 0.383457
1769100640.822360 3.490674 0.352182 0.385039
1769100640.872391 3.494427 0.353703 0.385672
1769100640.932451 3.498344 0.355293 0.386621
1769100640.977453 3.504322 0.357726 0.388203
1769100641.027369 3.508234 0.359326 0.387886
1769100641.082454 3.512241 0.360963 0.389468
1769100641.127368 3.518211 0.363414 0.389785
1769100641.177396 3.522285 0.365088 0.389152
1769100641.232401 3.526313 0.366739 0.388519
1769100641.277393 3.532263 0.369175 0.387886
1769100641.327377 3.536340 0.370840 0.385988
1769100641.382398 3.540256 0.372432 0.385672
1769100641.427382 3.546283 0.374879 0.382824
1769100641.477394 3.550321 0.376505 0.382191
1769100641.527411 3.554008 0.377987 0.381242
1769100641.577422 3.559764 0.380294 0.381559
1769100641.632411 3.563569 0.381821 0.381559
1769100641.677398 3.569630 0.384253 0.382824
1769100641.727398 3.573621 0.385860 0.382824
1769100641.787385 3.577613 0.387467 0.384722
1769100641.832414 3.583548 0.389871 0.385039
1769100641.872427 3.587536 0.391487 0.385672
1769100641.937416 3.591382 0.393048 0.386304
1769100641.977396 3.597243 0.395432 0.386937
1769100642.027396 3.601111 0.397008 0.387886
1769100642.082403 3.605000 0.398597 0.387254
1769100642.127402 3.610859 0.400987 0.387254
1769100642.177405 3.614726 0.402564 0.388203
1769100642.237406 3.618662 0.404174 0.388203
1769100642.282382 3.624660 0.406626 0.388835
1769100642.327391 3.628688 0.408277 0.388203
1769100642.377413 3.632741 0.409934 0.387886
1769100642.432411 3.636912 0.411638 0.387254
1769100642.477405 3.642958 0.414104 0.386621
1769100642.522412 3.647061 0.415775 0.385672
1769100642.577470 3.651024 0.417384 0.384722
1769100642.622452 3.657100 0.419844 0.383773
1769100642.677418 3.660973 0.421408 0.383457
1769100642.732416 3.664869 0.422980 0.382191
1769100642.777412 3.670787 0.425358 0.383457
1769100642.827408 3.674684 0.426930 0.384722
1769100642.877408 3.678508 0.428479 0.385039
1769100642.927390 3.684396 0.430865 0.385988
1769100642.977415 3.688405 0.432494 0.386937
1769100643.032423 3.692367 0.434108 0.387254
1769100643.077391 3.698319 0.436536 0.389152
1769100643.127401 3.702347 0.438188 0.389152
1769100643.182420 3.706282 0.439801 0.389785
1769100643.227394 3.712228 0.442244 0.389785
1769100643.272425 3.716232 0.443889 0.388203
1769100643.332433 3.720214 0.445518 0.387570
1769100643.372465 3.726073 0.447909 0.386304
1769100643.427416 3.730035 0.449521 0.385355
1769100643.482483 3.734069 0.451157 0.384722
1769100643.522463 3.740052 0.453579 0.383773
1769100643.577461 3.744042 0.455190 0.383141
1769100643.632437 3.748103 0.456827 0.382191
1769100643.672469 3.754232 0.459291 0.381875
1769100643.727422 3.758249 0.460904 0.382824
1769100643.782452 3.762310 0.462540 0.383141
1769100643.827457 3.768320 0.464962 0.383773
1769100643.872478 3.771981 0.466440 0.384406
1769100643.932448 3.775947 0.468044 0.384722
1769100643.977441 3.781718 0.470381 0.384722
1769100644.027407 3.785589 0.471949 0.385672
1769100644.082443 3.789412 0.473501 0.386621
1769100644.127423 3.795225 0.475867 0.388519
1769100644.172432 3.799114 0.477459 0.388519
1769100644.232424 3.803096 0.479089 0.388519
1769100644.277414 3.809093 0.481544 0.389785
1769100644.327408 3.812909 0.483111 0.389468
1769100644.382434 3.816983 0.484784 0.389468
1769100644.427409 3.823071 0.487282 0.388203
1769100644.477434 3.827147 0.488949 0.386304
1769100644.527430 3.831086 0.490551 0.386304
1769100644.577436 3.836971 0.492945 0.384722
1769100644.627426 3.840959 0.494560 0.384090
1769100644.677412 3.844878 0.496144 0.383141
1769100644.727430 3.850888 0.498566 0.383141
1769100644.777435 3.854714 0.500108 0.383457
1769100644.827429 3.858705 0.501718 0.383457
1769100644.872433 3.864455 0.504038 0.384406
1769100644.927415 3.868397 0.505633 0.385039
1769100644.982449 3.872479 0.507287 0.385672
1769100645.027423 3.878342 0.509667 0.386937
1769100645.077514 3.882373 0.511310 0.387570
1769100645.132487 3.886357 0.512936 0.387570
1769100645.177416 3.892215 0.515328 0.388835
1769100645.232454 3.895963 0.516863 0.388835
1769100645.282443 3.901888 0.519291 0.387886
1769100645.327426 3.905801 0.520889 0.387570
1769100645.387427 3.909551 0.522420 0.386937
1769100645.432495 3.915434 0.524817 0.385355
1769100645.477503 3.919445 0.526444 0.382508
1769100645.532433 3.923507 0.528079 0.379028
1769100645.577461 3.929691 0.530542 0.372383
1769100645.627447 3.933817 0.532153 0.367638
1769100645.672475 3.937950 0.533745 0.362259
1769100645.732469 3.941998 0.535279 0.357513
1769100645.777497 3.948091 0.537555 0.351502
1769100645.827450 3.952131 0.539037 0.346440
1769100645.877473 3.956154 0.540489 0.342960
1769100645.927452 3.961970 0.542566 0.337898
1769100645.977446 3.965934 0.543959 0.334101
1769100646.032444 3.969856 0.545320 0.331570
1769100646.077441 3.975791 0.547363 0.327141
1769100646.127431 3.979770 0.548714 0.322711
1769100646.182459 3.983730 0.550038 0.319231
1769100646.227458 3.989931 0.552087 0.312903
1769100646.277458 3.994025 0.553412 0.309740
1769100646.332437 3.998219 0.554754 0.304677
1769100646.372435 4.004400 0.556698 0.298350
1769100646.437427 4.008319 0.557903 0.293920
1769100646.477505 4.014400 0.559744 0.287276
1769100646.522454 4.018551 0.560970 0.282531
1769100646.587449 4.022634 0.562156 0.278101
1769100646.627452 4.028767 0.563907 0.269875
1769100646.672463 4.032866 0.565040 0.265446
1769100646.737478 4.037042 0.566176 0.261333
1769100646.777458 4.043228 0.567830 0.257220
1769100646.827445 4.047439 0.568938 0.255322
1769100646.887458 4.051553 0.570012 0.255322
1769100646.927439 4.057725 0.571623 0.255322
1769100646.977463 4.061839 0.572696 0.256587
1769100647.027451 4.066025 0.573795 0.258169
1769100647.082467 4.070186 0.574893 0.259435
1769100647.127449 4.076277 0.576510 0.260384
1769100647.187475 4.080435 0.577618 0.260384
1769100647.227448 4.086305 0.579182 0.261016
1769100647.277521 4.090339 0.580260 0.261333
1769100647.332520 4.094545 0.581384 0.260700
1769100647.377536 4.100512 0.582976 0.260067
1769100647.427447 4.104646 0.584076 0.258485
1769100647.482474 4.108928 0.585208 0.256271
1769100647.522476 4.115294 0.586876 0.250576
1769100647.572483 4.119560 0.587969 0.246779
1769100647.632488 4.123782 0.589032 0.242350
1769100647.677496 4.130220 0.590623 0.236022
1769100647.722500 4.134428 0.591635 0.232542
1769100647.787473 4.138541 0.592610 0.230960
1769100647.827500 4.144774 0.594075 0.230011
1769100647.872489 4.148570 0.594964 0.230644
1769100647.937547 4.152635 0.595919 0.230327
1769100647.977527 4.158771 0.597358 0.231276
1769100648.027472 4.162836 0.598315 0.231593
1769100648.082503 4.167000 0.599297 0.231909
1769100648.127526 4.173207 0.600763 0.233175
1769100648.177473 4.177393 0.601757 0.233175
1769100648.232451 4.181555 0.602745 0.233491
1769100648.272487 4.187810 0.604233 0.234757
1769100648.327463 4.191847 0.605198 0.234757
1769100648.382485 4.196105 0.606217 0.234440
1769100648.427490 4.202137 0.607657 0.233491
1769100648.477488 4.206372 0.608665 0.231593
1769100648.527483 4.210560 0.609652 0.228429
1769100648.572486 4.216797 0.611102 0.223050
1769100648.622551 4.221043 0.612065 0.218621
1769100648.677479 4.225046 0.612955 0.216090
1769100648.727494 4.231375 0.614344 0.212293
1769100648.777489 4.235655 0.615267 0.210711
1769100648.832546 4.239788 0.616151 0.209762
1769100648.872485 4.246175 0.617510 0.210395
1769100648.922548 4.250309 0.618393 0.211977
1769100648.977497 4.254441 0.619282 0.212293
1769100649.027486 4.260553 0.620600 0.214508
1769100649.077494 4.264658 0.621494 0.215141
1769100649.127501 4.268763 0.622391 0.216406
1769100649.177497 4.274968 0.623755 0.218621
1769100649.232478 4.278847 0.624617 0.217672
1769100649.277495 4.285124 0.626005 0.217039
1769100649.322526 4.289202 0.626905 0.216723
1769100649.387492 4.293454 0.627841 0.216090
1769100649.422494 4.299807 0.629236 0.215141
1769100649.477499 4.303789 0.630106 0.214192
1769100649.527502 4.307845 0.630988 0.213559
1769100649.577501 4.314251 0.632377 0.213243
1769100649.622509 4.318308 0.633256 0.211977
1769100649.677563 4.322638 0.634188 0.211661
1769100649.722510 4.328948 0.635544 0.211344
1769100649.787500 4.332933 0.636398 0.211661
1769100649.827492 4.339169 0.637738 0.211661
1769100649.872565 4.343252 0.638616 0.211344
1769100649.937559 4.347508 0.639529 0.210711
1769100649.977563 4.353597 0.640831 0.211344
1769100650.027484 4.357779 0.641729 0.211661
1769100650.087503 4.361912 0.642617 0.211344
1769100650.127497 4.368124 0.643949 0.212926
1769100650.172500 4.372305 0.644853 0.214508
1769100650.222565 4.376484 0.645764 0.215457
1769100650.277507 4.380638 0.646673 0.216090
1769100650.322518 4.386967 0.648062 0.217356
1769100650.372552 4.391069 0.648968 0.217988
1769100650.432513 4.395320 0.649910 0.218621
1769100650.477518 4.401546 0.651293 0.218621
1769100650.522513 4.405697 0.652215 0.217356
1769100650.582508 4.409924 0.653149 0.216406
1769100650.622514 4.416227 0.654534 0.214192
1769100650.672512 4.420531 0.655471 0.212926
1769100650.727553 4.424761 0.656385 0.211344
1769100650.777567 4.431171 0.657760 0.209762
1769100650.827514 4.435231 0.658625 0.209762
1769100650.877584 4.439390 0.659510 0.210395
1769100650.922517 4.445726 0.660863 0.211028
1769100650.987513 4.450008 0.661781 0.212610
1769100651.027521 4.455896 0.663052 0.213243
1769100651.077500 4.460003 0.663941 0.215141
1769100651.127516 4.464157 0.664849 0.216406
1769100651.177517 4.470040 0.666142 0.216406
1769100651.227514 4.474317 0.667082 0.216090
1769100651.287499 4.478347 0.667967 0.216406
1769100651.322520 4.484576 0.669336 0.215774
1769100651.377529 4.488754 0.670252 0.215457
1769100651.437522 4.492933 0.671167 0.215141
1769100651.477544 4.499362 0.672572 0.215141
1769100651.522537 4.503566 0.673490 0.215141
1769100651.582546 4.507893 0.674436 0.214824
1769100651.622576 4.514050 0.675779 0.215141
1769100651.672543 4.518328 0.676714 0.214192
1769100651.727533 4.522582 0.677640 0.214192
1769100651.777567 4.528889 0.679011 0.212610
1769100651.827550 4.533045 0.679909 0.211977
1769100651.882538 4.537202 0.680803 0.210711
1769100651.922618 4.543514 0.682153 0.209762
1769100651.977653 4.547648 0.683033 0.210079
1769100652.032534 4.551634 0.683883 0.209130
1769100652.077529 4.557799 0.685192 0.209446
1769100652.122533 4.561983 0.686081 0.211028
1769100652.182504 4.566165 0.686977 0.211977
1769100652.227528 4.572426 0.688324 0.214824
1769100652.277537 4.576580 0.689231 0.216090
1769100652.327505 4.580684 0.690132 0.217356
1769100652.372533 4.586887 0.691502 0.218937
1769100652.427518 4.591087 0.692436 0.219570
1769100652.477615 4.594941 0.693296 0.218305
1769100652.522532 4.601242 0.694694 0.216723
1769100652.572515 4.605444 0.695619 0.216723
1769100652.627531 4.609646 0.696544 0.215457
1769100652.672541 4.616050 0.697946 0.213243
1769100652.722537 4.620355 0.698878 0.212610
1769100652.782537 4.624561 0.699786 0.211977
1769100652.827542 4.631044 0.701181 0.211344
1769100652.872533 4.635251 0.702084 0.211344
1769100652.927528 4.639507 0.702997 0.211977
1769100652.977563 4.645471 0.704280 0.212293
1769100653.022537 4.649429 0.705134 0.213559
1769100653.077539 4.653585 0.706035 0.214192
1769100653.122589 4.659743 0.707374 0.213875
1769100653.172552 4.663899 0.708277 0.214508
1769100653.227538 4.668004 0.709171 0.214508
1769100653.272602 4.674187 0.710518 0.214508
1769100653.322547 4.678415 0.711440 0.214824
1769100653.377547 4.682545 0.712341 0.215141
1769100653.427556 4.688851 0.713719 0.216090
1769100653.482518 4.693078 0.714647 0.215774
1769100653.522572 4.699037 0.715953 0.216090
1769100653.572585 4.703264 0.716881 0.216406
1769100653.632571 4.707392 0.717788 0.216723
1769100653.677597 4.713794 0.719198 0.217039
1769100653.722673 4.717996 0.720124 0.215774
1769100653.782626 4.722150 0.721035 0.214508
1769100653.827575 4.728506 0.722419 0.212293
1769100653.872555 4.732811 0.723347 0.210395
1769100653.932595 4.736994 0.724241 0.209446
1769100653.972582 4.743233 0.725567 0.208180
1769100654.027544 4.747319 0.726430 0.207864
1769100654.082608 4.751455 0.727302 0.209446
1769100654.127539 4.757768 0.728644 0.210395
1769100654.172605 4.761902 0.729527 0.211344
1769100654.232556 4.766084 0.730424 0.212926
1769100654.272620 4.772244 0.731756 0.215141
1769100654.322562 4.776102 0.732599 0.217672
1769100654.382620 4.780278 0.733523 0.217988
1769100654.427557 4.786159 0.734826 0.217988
1769100654.477626 4.790336 0.735751 0.217672
1769100654.527538 4.794512 0.736675 0.217988
1769100654.572556 4.800666 0.738037 0.216406
1769100654.622564 4.804917 0.738972 0.214508
1769100654.677565 4.809122 0.739888 0.215141
1769100654.722567 4.815551 0.741293 0.214508
1769100654.782619 4.819829 0.742225 0.213559
1769100654.827559 4.826013 0.743566 0.214192
1769100654.872617 4.830193 0.744475 0.213875
1769100654.932628 4.834447 0.745399 0.213875
1769100654.977567 4.840754 0.746769 0.213559
1769100655.027583 4.844836 0.747655 0.213875
1769100655.082564 4.849016 0.748562 0.212926
1769100655.122579 4.855077 0.749873 0.212610
1769100655.177661 4.859184 0.750759 0.211977
1769100655.232641 4.863341 0.751654 0.211977
1769100655.277578 4.869378 0.752953 0.213243
1769100655.322584 4.873509 0.753848 0.213559
1769100655.382586 4.877492 0.754712 0.214508
1769100655.427566 4.883749 0.756075 0.216090
1769100655.477578 4.887976 0.757003 0.216406
1769100655.527594 4.892179 0.757927 0.217672
1769100655.577629 4.898382 0.759299 0.217356
1769100655.622567 4.902583 0.760226 0.218621
1769100655.682671 4.906512 0.761099 0.217672
1769100655.722573 4.912839 0.762499 0.216406
1769100655.782606 4.917165 0.763450 0.215457
1769100655.827585 4.923272 0.764786 0.212610
1769100655.877645 4.927577 0.765716 0.211344
1769100655.932576 4.931561 0.766570 0.210395
1769100655.982640 4.937947 0.767934 0.208497
1769100656.027630 4.942256 0.768846 0.209130
1769100656.082661 4.946217 0.769687 0.209130
1769100656.122592 4.952506 0.771021 0.210395
1769100656.172602 4.956491 0.771872 0.211344
1769100656.227582 4.960550 0.772743 0.212610
1769100656.277573 4.966537 0.774036 0.214508
1769100656.332625 4.970642 0.774930 0.214508
1769100656.377596 4.976603 0.776228 0.215457
1769100656.422594 4.980707 0.777127 0.216090
1769100656.487602 4.984860 0.778038 0.216090
1769100656.522639 4.990917 0.779368 0.215774
1769100656.577651 4.995170 0.780300 0.216406
1769100656.627685 4.999100 0.781164 0.215457
1769100656.672644 5.005282 0.782517 0.216090
1769100656.727668 5.009262 0.783391 0.215774
1769100656.777638 5.015369 0.784729 0.216090
1769100656.822575 5.019596 0.785657 0.215774
1769100656.877594 5.023750 0.786568 0.215141
1769100656.922660 5.030105 0.787956 0.213559
1769100656.972597 5.034285 0.788863 0.210079
1769100657.032656 5.038345 0.789729 0.205649
1769100657.077579 5.044663 0.791047 0.199005
1769100657.132639 5.048657 0.791852 0.194892
1769100657.177681 5.054989 0.793102 0.188248
1769100657.222567 5.059117 0.793888 0.183819
1769100657.287577 5.063223 0.794652 0.181604
1769100657.322594 5.069397 0.795785 0.176542
1769100657.377669 5.073632 0.796541 0.173378
1769100657.437605 5.077871 0.797283 0.170214
1769100657.472648 5.084132 0.798360 0.165469
1769100657.522604 5.088101 0.799022 0.162621
1769100657.582640 5.092297 0.799711 0.159457
1769100657.622589 5.098670 0.800736 0.151548
1769100657.672597 5.102948 0.801389 0.146169
1769100657.732725 5.107030 0.801990 0.140791
1769100657.772602 5.113596 0.802921 0.132565
1769100657.822623 5.117760 0.803476 0.126870
1769100657.882704 5.121778 0.803988 0.122440
1769100657.927600 5.128284 0.804789 0.114531
1769100657.972635 5.132735 0.805301 0.109152
1769100658.027605 5.136962 0.805764 0.104723
1769100658.072687 5.143129 0.806412 0.099977
1769100658.122679 5.147410 0.806842 0.096813
1769100658.177659 5.151617 0.807250 0.092700
1769100658.227608 5.157943 0.807838 0.087322
1769100658.277610 5.162154 0.808207 0.084474
1769100658.327601 5.166340 0.808562 0.080678
1769100658.377689 5.172698 0.809076 0.074350
1769100658.432658 5.176661 0.809371 0.069604
1769100658.477668 5.182973 0.809811 0.063909
1769100658.522697 5.187065 0.810073 0.060113
1769100658.582618 5.191284 0.810327 0.056000
1769100658.622679 5.197779 0.810691 0.050621
1769100658.672594 5.202025 0.810906 0.046825
1769100658.732614 5.206273 0.811105 0.042395
1769100658.772684 5.212848 0.811384 0.036700
1769100658.827634 5.217249 0.811545 0.031006
1769100658.887584 5.221398 0.811674 0.025943
1769100658.927583 5.227976 0.811845 0.018983
1769100658.972698 5.232127 0.811924 0.013921
1769100659.032605 5.236429 0.811984 0.008859
1769100659.072608 5.242529 0.812038 0.001582
1769100659.122715 5.246857 0.812044 -0.003164
1769100659.177657 5.251033 0.812031 -0.006644
1769100659.222674 5.257310 0.811990 -0.012339
1769100659.287586 5.261461 0.811938 -0.014870
1769100659.332679 5.267509 0.811848 -0.020249
1769100659.377613 5.271862 0.811760 -0.022780
1769100659.432664 5.275835 0.811670 -0.027525
1769100659.477619 5.282388 0.811489 -0.032904
1769100659.522668 5.286713 0.811347 -0.035751
1769100659.582657 5.291089 0.811190 -0.041130
1769100659.622664 5.297336 0.810933 -0.047141
1769100659.672613 5.301482 0.810738 -0.051571
1769100659.732668 5.305906 0.810509 -0.056949
1769100659.772661 5.312349 0.810142 -0.065491
1769100659.837607 5.316719 0.809855 -0.070870
1769100659.872739 5.322854 0.809420 -0.078147
1769100659.927625 5.326891 0.809104 -0.082576
1769100659.982621 5.331078 0.808757 -0.087638
1769100660.027627 5.337508 0.808192 -0.094282
1769100660.072665 5.341842 0.807782 -0.098079
1769100660.132610 5.346023 0.807371 -0.101876
1769100660.177639 5.352469 0.806712 -0.106305
1769100660.222617 5.356697 0.806261 -0.109469
1769100660.272681 5.360849 0.805805 -0.112949
1769100660.327596 5.365124 0.805320 -0.115480
1769100660.372712 5.371410 0.804591 -0.121175
1769100660.437625 5.375580 0.804083 -0.124972
1769100660.477708 5.381783 0.803303 -0.130983
1769100660.522702 5.386024 0.802745 -0.135729
1769100660.572704 5.390237 0.802169 -0.140791
1769100660.627644 5.394498 0.801566 -0.145220
1769100660.672611 5.400934 0.800624 -0.153762
1769100660.722607 5.405211 0.799961 -0.159141
1769100660.777646 5.409559 0.799263 -0.164203
1769100660.822689 5.416052 0.798188 -0.172429
1769100660.872685 5.420465 0.797419 -0.175909
1769100660.927603 5.424801 0.796648 -0.180339
1769100660.977705 5.431101 0.795500 -0.185717
1769100661.027614 5.435280 0.794715 -0.188881
1769100661.077688 5.439457 0.793916 -0.192045
1769100661.122605 5.445370 0.792766 -0.197107
1769100661.172607 5.449490 0.791944 -0.200271
1769100661.227584 5.453633 0.791103 -0.205017
1769100661.272676 5.459852 0.789809 -0.211661
1769100661.322690 5.463936 0.788932 -0.213875
1769100661.377667 5.468140 0.788019 -0.217672
1769100661.422611 5.474393 0.786636 -0.219887
1769100661.477611 5.478567 0.785703 -0.220203
1769100661.527593 5.482816 0.784752 -0.220836
1769100661.577608 5.489113 0.783338 -0.220519
1769100661.622648 5.493509 0.782353 -0.220519
1769100661.677742 5.497634 0.781428 -0.220836
1769100661.722754 5.504005 0.779998 -0.220836
1769100661.772648 5.508253 0.779044 -0.222101
1769100661.832707 5.512475 0.778091 -0.222418
1769100661.872609 5.518820 0.776656 -0.224000
1769100661.922692 5.522990 0.775706 -0.226214
1769100661.982674 5.527183 0.774741 -0.226214
1769100662.022699 5.533448 0.773299 -0.226214
1769100662.072679 5.537346 0.772402 -0.226214
1769100662.127707 5.541514 0.771442 -0.225265
1769100662.172639 5.547682 0.770029 -0.224000
1769100662.222678 5.551853 0.769079 -0.223050
1769100662.282631 5.556049 0.768127 -0.221152
1769100662.322653 5.562198 0.766745 -0.218937
1769100662.372639 5.566225 0.765848 -0.217356
1769100662.432673 5.570352 0.764937 -0.217039
1769100662.472738 5.576630 0.763553 -0.216406
1769100662.522674 5.580808 0.762634 -0.217988
1769100662.582690 5.584935 0.761720 -0.218937
1769100662.622723 5.591260 0.760313 -0.220836
1769100662.672692 5.595508 0.759359 -0.222101
1769100662.732638 5.599729 0.758406 -0.223050
1769100662.772648 5.606073 0.756967 -0.224000
1769100662.822672 5.610367 0.755988 -0.225265
1769100662.877642 5.614561 0.755027 -0.224632
1769100662.922639 5.621001 0.753556 -0.224316
1769100662.977646 5.625172 0.752604 -0.223367
1769100663.027668 5.629294 0.751668 -0.222418
1769100663.077682 5.635342 0.750300 -0.221469
1769100663.122659 5.639490 0.749366 -0.222101
1769100663.177672 5.643391 0.748485 -0.221469
1769100663.222694 5.649293 0.747156 -0.222418
1769100663.282663 5.653415 0.746224 -0.221469
1769100663.322654 5.659416 0.744873 -0.221785
1769100663.377674 5.663564 0.743938 -0.221785
1769100663.432762 5.667687 0.743008 -0.221469
1769100663.472664 5.674008 0.741585 -0.219570
1769100663.522679 5.678010 0.740691 -0.220203
1769100663.577653 5.682234 0.739746 -0.219887
1769100663.622701 5.688335 0.738382 -0.218937
1769100663.672734 5.692461 0.737464 -0.218621
1769100663.727680 5.696736 0.736515 -0.219570
1769100663.772709 5.703084 0.735098 -0.221152
1769100663.822695 5.707109 0.734193 -0.222101
1769100663.872700 5.711331 0.733239 -0.224316
1769100663.922672 5.717796 0.731764 -0.226214
1769100663.972688 5.721965 0.730805 -0.226531
1769100664.032662 5.726158 0.729839 -0.227796
1769100664.072668 5.732495 0.728370 -0.227480
1769100664.127672 5.736415 0.727462 -0.225898
1769100664.177671 5.742656 0.726028 -0.224949
1769100664.222752 5.746555 0.725136 -0.223683
1769100664.277770 5.750652 0.724204 -0.221785
1769100664.322662 5.756824 0.722812 -0.219254
1769100664.367661 5.760678 0.721953 -0.218621
1769100664.427661 5.764854 0.721025 -0.218305
1769100664.472751 5.771031 0.719655 -0.218305
1769100664.522666 5.774960 0.718783 -0.219254
1769100664.577665 5.779160 0.717847 -0.219254
1769100664.622659 5.785559 0.716422 -0.219570
1769100664.682663 5.789486 0.715545 -0.218621
1769100664.727672 5.795787 0.714145 -0.215774
1769100664.772662 5.799792 0.713267 -0.211344
1769100664.832670 5.804098 0.712343 -0.206915
1769100664.872655 5.810464 0.711007 -0.200904
1769100664.922666 5.814681 0.710148 -0.197107
1769100664.977689 5.818652 0.709355 -0.192678
1769100665.022671 5.825061 0.708105 -0.186983
1769100665.072678 5.829264 0.707310 -0.182870
1769100665.132676 5.833396 0.706546 -0.179706
1769100665.172680 5.839721 0.705397 -0.174011
1769100665.222660 5.843984 0.704647 -0.169265
1769100665.282659 5.848100 0.703944 -0.165785
1769100665.322676 5.854441 0.702883 -0.158192
1769100665.372662 5.858590 0.702221 -0.153130
1769100665.432711 5.862843 0.701565 -0.147435
1769100665.472681 5.869152 0.700628 -0.139842
1769100665.522693 5.873463 0.700021 -0.134779
1769100665.582665 5.877626 0.699456 -0.130350
1769100665.622706 5.883900 0.698634 -0.123390
1769100665.672711 5.888045 0.698120 -0.118644
1769100665.732728 5.892317 0.697610 -0.115480
1769100665.772712 5.898678 0.696873 -0.109469
1769100665.822697 5.903031 0.696394 -0.105988
1769100665.877724 5.907284 0.695942 -0.103141
1769100665.922692 5.913654 0.695282 -0.097763
1769100665.972728 5.918037 0.694853 -0.094599
1769100666.032687 5.922472 0.694432 -0.090169
1769100666.072689 5.929001 0.693841 -0.084158
1769100666.122669 5.933364 0.693473 -0.081311
1769100666.182685 5.937652 0.693124 -0.076881
1769100666.222684 5.944012 0.692634 -0.071186
1769100666.272686 5.948253 0.692332 -0.066757
1769100666.332692 5.952319 0.692060 -0.062644
1769100666.372682 5.958635 0.691664 -0.054418
1769100666.422692 5.962880 0.691432 -0.049356
1769100666.482744 5.966799 0.691239 -0.045243
1769100666.532692 5.973171 0.690950 -0.038282
1769100666.572677 5.977470 0.690786 -0.033220
1769100666.627692 5.981796 0.690642 -0.027209
1769100666.672704 5.988248 0.690466 -0.020565
1769100666.722764 5.992524 0.690378 -0.015819
1769100666.777698 5.996548 0.690315 -0.012339
1769100666.817699 6.002875 0.690237 -0.006011
1769100666.872708 6.007229 0.690210 -0.002847
1769100666.932706 6.011557 0.690198 0.000633
1769100666.972698 6.017935 0.690202 0.006960
1769100667.032698 6.022035 0.690231 0.010757
1769100667.077683 6.028211 0.690297 0.017717
1769100667.122715 6.032361 0.690371 0.020881
1769100667.177694 6.036486 0.690457 0.024994
1769100667.222714 6.043115 0.690622 0.031322
1769100667.272696 6.047543 0.690761 0.034802
1769100667.327701 6.051615 0.690903 0.038282
1769100667.372687 6.058115 0.691152 0.043661
1769100667.422703 6.062363 0.691338 0.048090
1769100667.482771 6.066661 0.691544 0.051887
1769100667.522745 6.072904 0.691869 0.058531
1769100667.567721 6.077124 0.692116 0.063277
1769100667.627710 6.081166 0.692372 0.067073
1769100667.672724 6.087378 0.692789 0.074667
1769100667.737770 6.091644 0.693108 0.080045
1769100667.777832 6.097749 0.693598 0.088271
1769100667.822734 6.102086 0.693982 0.093966
1769100667.887731 6.106168 0.694367 0.098395
1769100667.922726 6.112616 0.695003 0.104723
1769100667.972714 6.116719 0.695434 0.108836
1769100668.027786 6.120997 0.695902 0.112633
1769100668.072781 6.127209 0.696604 0.116746
1769100668.132715 6.131457 0.697103 0.119593
1769100668.177727 6.137740 0.697858 0.124022
1769100668.222714 6.142034 0.698393 0.127503
1769100668.282712 6.146127 0.698918 0.130983
1769100668.327739 6.152626 0.699774 0.136361
1769100668.372708 6.156738 0.700338 0.140158
1769100668.427735 6.161024 0.700943 0.145536
1769100668.472712 6.167185 0.701846 0.153130
1769100668.527716 6.171187 0.702463 0.156293
1769100668.572721 6.177288 0.703425 0.162621
1769100668.617716 6.181534 0.704121 0.165152
1769100668.682711 6.185703 0.704816 0.168000
1769100668.727712 6.191892 0.705866 0.169265
1769100668.772721 6.196058 0.706578 0.169582
1769100668.832806 6.200224 0.707291 0.170531
1769100668.872794 6.206460 0.708365 0.172429
1769100668.922788 6.210699 0.709103 0.173062
1769100668.972723 6.214963 0.709849 0.174011
1769100669.027763 6.219176 0.710589 0.174327
1769100669.072816 6.225557 0.711713 0.176226
1769100669.122723 6.229718 0.712454 0.176542
1769100669.172745 6.233904 0.713201 0.177175
1769100669.222726 6.240307 0.714348 0.176226
1769100669.272729 6.244569 0.715106 0.174011
1769100669.327727 6.248806 0.715851 0.173378
1769100669.372730 6.255214 0.716973 0.171164
1769100669.422730 6.259529 0.717719 0.169582
1769100669.477730 6.263820 0.718454 0.168949
1769100669.522749 6.270132 0.719531 0.168000
1769100669.572779 6.274374 0.720250 0.168000
1769100669.627762 6.278641 0.720974 0.168316
1769100669.672779 6.284954 0.722047 0.169898
1769100669.722740 6.289170 0.722770 0.171480
1769100669.777787 6.293335 0.723491 0.173695
1769100669.817797 6.299568 0.724585 0.174960
1769100669.872770 6.303730 0.725321 0.175909
1769100669.932822 6.307917 0.726065 0.174644
1769100669.972765 6.314173 0.727169 0.174960
1769100670.022765 6.318360 0.727909 0.175593
1769100670.077802 6.322522 0.728647 0.174011
1769100670.127737 6.328704 0.729734 0.173378
1769100670.167738 6.332943 0.730476 0.172113
1769100670.227751 6.336958 0.731174 0.172429
1769100670.272742 6.343466 0.732308 0.172113
1769100670.327741 6.347755 0.733053 0.172113
1769100670.372741 6.354014 0.734141 0.172429
1769100670.422755 6.358078 0.734849 0.172113
1769100670.477809 6.362093 0.735547 0.171164
1769100670.522748 6.368503 0.736655 0.170847
1769100670.567807 6.372718 0.737382 0.169265
1769100670.622744 6.376685 0.738060 0.168316
1769100670.667743 6.382973 0.739129 0.168316
1769100670.732743 6.387165 0.739841 0.167683
1769100670.772765 6.393205 0.740863 0.167683
1769100670.817749 6.397397 0.741573 0.168949
1769100670.882747 6.401589 0.742288 0.169582
1769100670.927750 6.407876 0.743364 0.172113
1769100670.972749 6.412065 0.744093 0.174011
1769100671.022749 6.416278 0.744833 0.175593
1769100671.077751 6.420465 0.745576 0.176858
1769100671.122771 6.426768 0.746703 0.177808
1769100671.177752 6.430779 0.747423 0.177491
1769100671.222767 6.437082 0.748554 0.176542
1769100671.277828 6.441144 0.749279 0.174960
1769100671.332754 6.445481 0.750045 0.173695
1769100671.372790 6.451863 0.751165 0.171796
1769100671.422845 6.455878 0.751862 0.170214
1769100671.482859 6.460118 0.752591 0.169582
1769100671.517826 6.466630 0.753705 0.169265
1769100671.572768 6.470721 0.754405 0.168632
1769100671.627762 6.474963 0.755127 0.169265
1769100671.672786 6.481076 0.756171 0.170847
1769100671.732780 6.485241 0.756890 0.171796
1769100671.772771 6.491525 0.757980 0.173062
1769100671.822787 6.495514 0.758678 0.173062
1769100671.877792 6.499653 0.759401 0.173062
1769100671.922800 6.505886 0.760491 0.173062
1769100671.972782 6.509876 0.761188 0.173062
1769100672.027829 6.514039 0.761916 0.172745
1769100672.072764 6.520198 0.762991 0.173062
1769100672.122765 6.524387 0.763723 0.173695
1769100672.172764 6.528575 0.764458 0.173062
1769100672.222766 6.534833 0.765552 0.173378
1769100672.282832 6.539071 0.766294 0.174011
1769100672.322766 6.545279 0.767385 0.174327
1769100672.367775 6.549516 0.768132 0.174327
1769100672.432774 6.553779 0.768882 0.174011
1769100672.472774 6.560285 0.770026 0.171796
1769100672.522770 6.564275 0.770718 0.171164
1769100672.577770 6.568390 0.771430 0.168949
1769100672.622835 6.574703 0.772506 0.167367
1769100672.667770 6.578671 0.773177 0.167051
1769100672.727774 6.582939 0.773897 0.166101
1769100672.772773 6.589229 0.774951 0.166734
1769100672.822793 6.593398 0.775653 0.167683
1769100672.872769 6.597590 0.776362 0.168949
1769100672.922848 6.603853 0.777431 0.170531
1769100672.977787 6.607769 0.778105 0.172745
1769100673.027780 6.614002 0.779193 0.175277
1769100673.072849 6.618189 0.779934 0.176542
1769100673.122794 6.622351 0.780676 0.176858
1769100673.177845 6.626511 0.781420 0.177175
1769100673.222842 6.632840 0.782553 0.175277
1769100673.272850 6.637151 0.783317 0.174327
1769100673.327778 6.641364 0.784059 0.173378
1769100673.372780 6.647771 0.785181 0.171796
1769100673.432782 6.652036 0.785921 0.172113
1769100673.477782 6.658270 0.787004 0.171480
1769100673.517782 6.662609 0.787756 0.170847
1769100673.577783 6.666875 0.788492 0.171164
1769100673.622837 6.673234 0.789591 0.170847
1769100673.672813 6.677475 0.790323 0.171480
1769100673.722794 6.681664 0.791048 0.172113
1769100673.777927 6.685879 0.791781 0.171796
1769100673.822870 6.692163 0.792871 0.170531
1769100673.877811 6.696129 0.793554 0.170214
1769100673.927798 6.702415 0.794635 0.170847
1769100673.972802 6.706531 0.795345 0.171164
1769100674.032871 6.710771 0.796078 0.171164
1769100674.077861 6.717006 0.797155 0.171796
1769100674.122791 6.721196 0.797882 0.173695
1769100674.177792 6.725558 0.798648 0.174011
1769100674.217792 6.731591 0.799708 0.175277
1769100674.272791 6.735803 0.800454 0.176226
1769100674.332795 6.739964 0.801195 0.175909
1769100674.372794 6.746344 0.802329 0.176542
1769100674.422801 6.750655 0.803098 0.174327
1769100674.482804 6.754892 0.803844 0.173062
1769100674.522794 6.761325 0.804969 0.171164
1769100674.572795 6.765640 0.805715 0.169582
1769100674.627797 6.769831 0.806432 0.168316
1769100674.672819 6.776244 0.807522 0.166734
1769100674.722869 6.780562 0.808249 0.165785
1769100674.782866 6.784781 0.808955 0.166101
1769100674.827794 6.791171 0.810026 0.168000
1769100674.872813 6.795338 0.810733 0.168949
1769100674.922797 6.799505 0.811444 0.170531
1769100674.972803 6.803646 0.812157 0.171796
1769100675.022802 6.809606 0.813191 0.173378
1769100675.082802 6.813744 0.813916 0.173378
1769100675.122816 6.819977 0.815007 0.174644
1769100675.182880 6.823940 0.815706 0.174327
1769100675.227802 6.828153 0.816448 0.174011
1769100675.267819 6.834236 0.817518 0.174644
1769100675.332805 6.838298 0.818234 0.173062
1769100675.377817 6.844656 0.819346 0.172113
1769100675.422808 6.848920 0.820087 0.173695
1769100675.482809 6.852959 0.820796 0.172429
1769100675.522808 6.859318 0.821903 0.173378
1769100675.572826 6.863356 0.822610 0.173378
1769100675.627829 6.867595 0.823353 0.172745
1769100675.667820 6.874003 0.824471 0.172429
1769100675.722813 6.878292 0.825218 0.170531
1769100675.777815 6.882283 0.825905 0.169898
1769100675.822814 6.888370 0.826949 0.168632
1769100675.882813 6.892636 0.827676 0.168316
1769100675.927833 6.898924 0.828744 0.168316
1769100675.972844 6.902917 0.829423 0.168949
1769100676.032854 6.907109 0.830138 0.169582
1769100676.077909 6.913370 0.831210 0.171796
1769100676.122894 6.917610 0.831945 0.173062
1769100676.182823 6.921799 0.832678 0.174327
1769100676.222817 6.927881 0.833749 0.176226
1769100676.272829 6.932042 0.834490 0.176542
1769100676.327815 6.936004 0.835197 0.176858
1769100676.372828 6.942407 0.836341 0.174644
1769100676.432817 6.946346 0.837036 0.174011
1769100676.472812 6.952453 0.838110 0.173695
1769100676.522815 6.956816 0.838875 0.171480
1769100676.582819 6.961081 0.839614 0.170531
1769100676.622823 6.967316 0.840687 0.169265
1769100676.667824 6.971658 0.841429 0.168000
1769100676.732825 6.975975 0.842161 0.167683
1769100676.767823 6.982388 0.843247 0.168000
1769100676.822831 6.986531 0.843950 0.168632
1769100676.877893 6.990797 0.844676 0.168949
1769100676.922826 6.997110 0.845753 0.169898
1769100676.972826 7.001201 0.846455 0.171164
1769100677.032828 7.005366 0.847175 0.170214
1769100677.072843 7.011353 0.848204 0.170214
1769100677.122829 7.015544 0.848924 0.170847
1769100677.177894 7.019684 0.849638 0.171480
1769100677.217906 7.025969 0.850727 0.172113
1769100677.272856 7.030133 0.851451 0.172429
1769100677.327830 7.034397 0.852193 0.173378
1769100677.372902 7.040730 0.853302 0.174644
1769100677.422823 7.044892 0.854037 0.174960
1769100677.477824 7.049105 0.854781 0.174644
1769100677.517907 7.055411 0.855894 0.174960
1769100677.567835 7.059648 0.856643 0.175593
1769100677.627865 7.063884 0.857395 0.174960
1769100677.667862 7.070315 0.858531 0.172429
1769100677.722853 7.074554 0.859270 0.171164
1769100677.782880 7.078819 0.860007 0.169582
1769100677.822897 7.085255 0.861109 0.168316
1769100677.872891 7.089472 0.861825 0.167367
1769100677.927834 7.093391 0.862487 0.167683
1769100677.972855 7.099729 0.863560 0.167051
1769100678.022960 7.103972 0.864276 0.168949
1769100678.077841 7.108214 0.864999 0.170214
1769100678.122841 7.114375 0.866058 0.172429
1769100678.172843 7.118564 0.866788 0.174327
1769100678.227895 7.122752 0.867525 0.174960
1769100678.267842 7.129008 0.868631 0.175909
1769100678.322934 7.133220 0.869380 0.174960
1769100678.377916 7.137432 0.870124 0.175277
1769100678.422877 7.143663 0.871228 0.174644
1769100678.472844 7.147950 0.871984 0.172113
1769100678.527838 7.152189 0.872721 0.172113
1769100678.567941 7.158573 0.873831 0.171480
1769100678.617925 7.162912 0.874582 0.170214
1769100678.677954 7.167228 0.875324 0.170531
1769100678.722872 7.173813 0.876458 0.169898
1769100678.772928 7.178029 0.877181 0.170214
1769100678.827849 7.182269 0.877910 0.170214
1769100678.867855 7.188431 0.878969 0.170531
1769100678.927851 7.192646 0.879695 0.169582
1769100678.977867 7.196862 0.880417 0.168632
1769100679.022845 7.202901 0.881445 0.168000
1769100679.072854 7.207043 0.882148 0.168632
1769100679.127873 7.211260 0.882866 0.168316
1769100679.177854 7.217398 0.883909 0.168316
1769100679.222858 7.221615 0.884625 0.169898
1769100679.277855 7.225831 0.885349 0.170847
1769100679.322862 7.232142 0.886437 0.173695
1769100679.372924 7.236380 0.887181 0.174327
1769100679.427863 7.240592 0.887923 0.175277
1769100679.472867 7.246848 0.889031 0.177491
1769100679.517860 7.251108 0.889795 0.176542
1769100679.577894 7.255319 0.890546 0.176226
1769100679.617854 7.261698 0.891682 0.174327
1769100679.677897 7.265712 0.892389 0.172745
1769100679.727961 7.271945 0.893476 0.170847
1769100679.772883 7.276235 0.894217 0.169582
1769100679.832919 7.280501 0.894947 0.168632
1769100679.872868 7.286914 0.896039 0.167051
1769100679.927867 7.291157 0.896754 0.167051
1769100679.972872 7.295400 0.897470 0.167683
1769100680.027866 7.299667 0.898192 0.168632
1769100680.072875 7.305930 0.899258 0.170847
1769100680.132866 7.309896 0.899942 0.172429
1769100680.172869 7.316130 0.901028 0.173695
1769100680.217874 7.320243 0.901750 0.174011
1769100680.282943 7.324481 0.902495 0.174011
1769100680.322872 7.330464 0.903547 0.172745
1769100680.372898 7.334453 0.904243 0.173378
1769100680.432877 7.338691 0.904985 0.172745
1769100680.467880 7.344975 0.906081 0.172113
1769100680.517897 7.349214 0.906818 0.172745
1769100680.572949 7.353478 0.907562 0.171796
1769100680.617873 7.359687 0.908640 0.172745
1769100680.677874 7.364051 0.909401 0.172429
1769100680.727893 7.370210 0.910474 0.173378
1769100680.772875 7.374498 0.911225 0.172113
1769100680.832877 7.378812 0.911975 0.172429
1769100680.872893 7.385196 0.913086 0.169898
1769100680.922905 7.389436 0.913814 0.168632
1769100680.972877 7.393703 0.914540 0.167051
1769100681.022880 7.397896 0.915247 0.166418
1769100681.072958 7.404186 0.916304 0.166418
1769100681.122881 7.408355 0.917004 0.166101
1769100681.172894 7.412499 0.917699 0.167367
1769100681.217901 7.418563 0.918723 0.168316
1769100681.282882 7.422780 0.919440 0.170531
1769100681.327887 7.429041 0.920518 0.172113
1769100681.372883 7.433205 0.921242 0.174327
1769100681.432892 7.437144 0.921936 0.175593
1769100681.472884 7.443449 0.923054 0.177175
1769100681.517892 7.447685 0.923813 0.177175
1769100681.582895 7.451721 0.924535 0.175909
1769100681.617897 7.458001 0.925651 0.174011
1769100681.672914 7.462338 0.926414 0.173378
1769100681.727927 7.466402 0.927126 0.171796
1769100681.772888 7.472786 0.928233 0.170531
1769100681.832924 7.476827 0.928929 0.169898
1769100681.872913 7.483088 0.930003 0.168949
1769100681.922929 7.487430 0.930744 0.168949
1769100681.982891 7.491721 0.931476 0.168949
1769100682.017900 7.498034 0.932553 0.170531
1769100682.072902 7.502000 0.933236 0.170847
1769100682.127895 7.506065 0.933937 0.171796
1769100682.172898 7.512275 0.935014 0.171480
1769100682.217894 7.516465 0.935740 0.172113
1769100682.277895 7.520654 0.936468 0.170847
1769100682.327900 7.526939 0.937553 0.171480
1769100682.367920 7.531079 0.938270 0.171480
1769100682.427900 7.535294 0.939000 0.171796
1769100682.472900 7.541653 0.940103 0.172745
1769100682.517909 7.545817 0.940830 0.173695
1769100682.577907 7.550055 0.941573 0.173695
1769100682.622901 7.556238 0.942658 0.174327
1769100682.667916 7.560451 0.943400 0.174644
1769100682.727916 7.564464 0.944108 0.175593
1769100682.767899 7.570918 0.945253 0.174644
1769100682.817895 7.575181 0.946005 0.173062
1769100682.872895 7.579419 0.946746 0.171796
1769100682.922934 7.585828 0.947858 0.168949
1769100682.972904 7.590170 0.948599 0.167051
1769100683.022904 7.594462 0.949323 0.166418
1769100683.072906 7.600753 0.950379 0.165785
1769100683.122989 7.605021 0.951093 0.165469
1769100683.172907 7.609241 0.951798 0.166418
1769100683.217918 7.615331 0.952821 0.168949
1769100683.272908 7.619498 0.953532 0.169898
1769100683.327925 7.623639 0.954242 0.171164
1769100683.372910 7.629849 0.955316 0.173378
1769100683.417911 7.633988 0.956040 0.174644
1769100683.472931 7.638175 0.956779 0.175277
1769100683.522960 7.644207 0.957847 0.175277
1769100683.567936 7.648468 0.958602 0.174327
1769100683.627928 7.652631 0.959335 0.174644
1769100683.667953 7.659087 0.960474 0.173062
1769100683.732945 7.663251 0.961202 0.172745
1769100683.772942 7.669684 0.962325 0.171480
1769100683.818028 7.674023 0.963076 0.172113
1769100683.867952 7.678287 0.963817 0.171796
1769100683.927970 7.682577 0.964562 0.171796
1769100683.967947 7.688936 0.965665 0.172113
1769100684.018023 7.693225 0.966411 0.171480
1769100684.077997 7.697465 0.967145 0.171480
1769100684.122920 7.703774 0.968237 0.169898
1769100684.167943 7.707990 0.968961 0.168949
1769100684.227942 7.712157 0.969671 0.168632
1769100684.272932 7.718445 0.970742 0.168632
1769100684.322937 7.722662 0.971460 0.169582
1769100684.377950 7.726753 0.972160 0.169582
1769100684.417922 7.733115 0.973250 0.171164
1769100684.472933 7.737355 0.973983 0.171796
1769100684.522923 7.741245 0.974658 0.172429
1769100684.567950 7.747404 0.975730 0.175277
1769100684.627953 7.751541 0.976463 0.175277
1769100684.672925 7.757847 0.977580 0.176226
1769100684.722952 7.762033 0.978325 0.175593
1769100684.782944 7.766270 0.979077 0.174960
1769100684.822959 7.772725 0.980218 0.172745
1769100684.867995 7.776964 0.980957 0.171480
1769100684.922948 7.781228 0.981696 0.169898
1769100684.972965 7.785594 0.982445 0.168316
1769100685.017957 7.791982 0.983530 0.167051
1769100685.072970 7.796275 0.984254 0.166418
1769100685.122958 7.800643 0.984988 0.166734
1769100685.172962 7.806933 0.986047 0.167367
1769100685.217941 7.811126 0.986755 0.168000
1769100685.277956 7.815268 0.987457 0.169265
1769100685.323031 7.821480 0.988519 0.171480
1769100685.368009 7.825645 0.989240 0.171796
1769100685.422946 7.829810 0.989963 0.171480
1769100685.467959 7.835995 0.991034 0.172113
1769100685.517942 7.840134 0.991754 0.172745
1769100685.577972 7.844373 0.992493 0.172745
1769100685.617974 7.850731 0.993603 0.173062
1769100685.667958 7.854870 0.994326 0.173695
1769100685.727976 7.859108 0.995070 0.173062
1769100685.767996 7.865541 0.996194 0.173062
1769100685.818052 7.869804 0.996940 0.174644
1769100685.872953 7.874092 0.997696 0.174011
1769100685.922959 7.880398 0.998805 0.174960
1769100685.973057 7.884685 0.999563 0.174327
1769100686.027965 7.888948 1.000313 0.173378
1769100686.072978 7.895355 1.001435 0.171796
1769100686.117969 7.899395 1.002136 0.169265
1769100686.172979 7.903387 1.002819 0.168632
1769100686.217993 7.909700 1.003893 0.167683
1769100686.272983 7.913942 1.004611 0.167683
1769100686.327976 7.918135 1.005321 0.167683
1769100686.372967 7.924474 1.006394 0.168949
1769100686.427972 7.928441 1.007071 0.169898
1769100686.472957 7.934702 1.008145 0.172113
1769100686.522976 7.938667 1.008834 0.173695
1769100686.578028 7.942805 1.009560 0.174327
1769100686.618018 7.949112 1.010671 0.175909
1769100686.667972 7.953024 1.011366 0.176226
1769100686.727969 7.957186 1.012107 0.175277
1769100686.772981 7.963541 1.013233 0.173695
1769100686.817979 7.967754 1.013972 0.172745
1769100686.877980 7.971993 1.014712 0.172113
1769100686.923021 7.978452 1.015835 0.170531
1769100686.967977 7.982717 1.016569 0.170214
1769100687.023018 7.987058 1.017315 0.168949
1769100687.067957 7.993570 1.018426 0.168632
1769100687.122977 7.997861 1.019157 0.168632
1769100687.177981 8.002103 1.019879 0.168632
1769100687.217976 8.008391 1.020949 0.169265
1769100687.267984 8.012607 1.021670 0.169582
1769100687.327981 8.016798 1.022387 0.169582
1769100687.372983 8.022985 1.023447 0.170214
1769100687.422982 8.026952 1.024128 0.169265
1769100687.478041 8.031068 1.024832 0.169582
1769100687.518049 8.037330 1.025904 0.169898
1769100687.568009 8.041496 1.026619 0.170214
1769100687.622987 8.045637 1.027331 0.171480
1769100687.668007 8.051972 1.028428 0.172113
1769100687.722979 8.056236 1.029169 0.173695
1769100687.777987 8.060424 1.029904 0.175593
1769100687.822977 8.066904 1.031053 0.175593
1769100687.868011 8.070991 1.031779 0.176226
1769100687.928017 8.075003 1.032493 0.176542
1769100687.968002 8.081332 1.033622 0.175277
1769100688.022997 8.085369 1.034337 0.173378
1769100688.072997 8.091502 1.035411 0.170847
1769100688.117989 8.095593 1.036117 0.169582
1769100688.178005 8.099809 1.036839 0.169265
1769100688.222994 8.106271 1.037943 0.167051
1769100688.282979 8.110489 1.038654 0.166734
1769100688.322988 8.116604 1.039684 0.167683
1769100688.367986 8.120821 1.040397 0.168000
1769100688.427995 8.125014 1.041108 0.169898
1769100688.473006 8.131100 1.042153 0.172429
1769100688.518006 8.135190 1.042865 0.172429
1769100688.577993 8.139429 1.043603 0.174327
1769100688.623052 8.145636 1.044696 0.174011
1769100688.668000 8.149774 1.045424 0.174011
1769100688.727998 8.154037 1.046173 0.173695
1769100688.768003 8.160269 1.047267 0.173062
1769100688.823060 8.164483 1.048003 0.173378
1769100688.883029 8.168771 1.048754 0.172113
1769100688.922984 8.175130 1.049860 0.171796
1769100688.973009 8.179394 1.050599 0.172113
1769100689.028011 8.183808 1.051367 0.171796
1769100689.073013 8.190217 1.052479 0.171480
1769100689.122989 8.194532 1.053226 0.171164
1769100689.183007 8.198697 1.053946 0.171480
1769100689.223011 8.205106 1.055056 0.170531
1769100689.273009 8.209396 1.055795 0.169265
1769100689.322998 8.213588 1.056511 0.168632
1769100689.373013 8.217755 1.057220 0.167051
1769100689.423015 8.224069 1.058285 0.166734
1769100689.473013 8.228237 1.058987 0.167683
1769100689.523020 8.232380 1.059688 0.167683
1769100689.573012 8.238594 1.060740 0.168632
1769100689.618040 8.242836 1.061462 0.170531
1769100689.673033 8.247051 1.062188 0.171480
1769100689.723008 8.253311 1.063272 0.174327
1769100689.773043 8.257524 1.064014 0.175909
1769100689.828014 8.261636 1.064745 0.176226
1769100689.868009 8.267990 1.065876 0.177808
1769100689.923017 8.272225 1.066637 0.175909
1769100689.978028 8.276411 1.067381 0.175909
1769100690.028013 8.282816 1.068520 0.173062
1769100690.073039 8.287154 1.069278 0.171796
1769100690.127993 8.291319 1.070001 0.170847
1769100690.173022 8.297804 1.071120 0.169582
1769100690.218018 8.302070 1.071850 0.168000
1769100690.273022 8.306412 1.072586 0.168000
1769100690.323001 8.312551 1.073628 0.168000
1769100690.383017 8.316793 1.074347 0.169265
1769100690.423026 8.322855 1.075383 0.170847
1769100690.468021 8.326771 1.076059 0.171164
1769100690.528021 8.330937 1.076779 0.172113
1769100690.573030 8.337221 1.077871 0.172113
1769100690.623034 8.341335 1.078586 0.172429
1769100690.678029 8.345524 1.079316 0.172429
1769100690.723007 8.351808 1.080410 0.171796
1769100690.773039 8.355998 1.081137 0.173062
1769100690.828022 8.360211 1.081874 0.172745
1769100690.868037 8.366220 1.082922 0.173062
1769100690.923028 8.370534 1.083676 0.173378
1769100690.978001 8.374747 1.084414 0.173062
1769100691.018024 8.381105 1.085526 0.174011
1769100691.073027 8.385417 1.086284 0.174327
1769100691.128032 8.389605 1.087021 0.173695
1769100691.173037 8.396062 1.088154 0.172745
1769100691.218041 8.400176 1.088872 0.171164
1769100691.278035 8.404416 1.089605 0.169265
1769100691.323040 8.410678 1.090675 0.167683
1769100691.383056 8.414796 1.091372 0.166101
1769100691.423052 8.420862 1.092389 0.165785
1769100691.468043 8.424806 1.093049 0.165785
1769100691.523045 8.428950 1.093742 0.166418
1769100691.568038 8.435265 1.094803 0.168000
1769100691.628022 8.439233 1.095476 0.168949
1769100691.668080 8.445221 1.096498 0.171480
1769100691.718045 8.449386 1.097219 0.173062
1769100691.773054 8.453225 1.097890 0.174327
1769100691.818060 8.459308 1.098961 0.176226
1769100691.878069 8.463494 1.099707 0.175593
1769100691.923174 8.469500 1.100772 0.175277
1769100691.973087 8.473787 1.101531 0.174644
1769100692.028050 8.477800 1.102239 0.172429
1769100692.073042 8.484183 1.103351 0.172429
1769100692.118045 8.488447 1.104094 0.170847
1769100692.173038 8.492712 1.104830 0.170531
1769100692.218028 8.499148 1.105938 0.170531
1769100692.273103 8.503463 1.106681 0.169582
1769100692.328045 8.507729 1.107411 0.170531
1769100692.368043 8.514090 1.108507 0.170214
1769100692.423069 8.518330 1.109236 0.170847
1769100692.478057 8.522546 1.109963 0.171164
1769100692.523050 8.528881 1.111058 0.169898
1769100692.568035 8.532997 1.111764 0.169582
1769100692.628060 8.537188 1.112482 0.170214
1769100692.673041 8.543474 1.113562 0.169582
1769100692.723073 8.547690 1.114284 0.170531
1769100692.783118 8.551806 1.114993 0.170847
1769100692.828050 8.558116 1.116081 0.171796
1769100692.868046 8.562381 1.116821 0.172745
1769100692.933057 8.566619 1.117561 0.174011
1769100692.973056 8.572926 1.118670 0.174960
1769100693.023057 8.577138 1.119414 0.175277
1769100693.068056 8.581375 1.120165 0.175277
1769100693.128059 8.585562 1.120906 0.175909
1769100693.173052 8.592042 1.122058 0.173378
1769100693.218062 8.596255 1.122796 0.171796
1769100693.273060 8.600544 1.123540 0.169898
1769100693.318059 8.606956 1.124640 0.167683
1769100693.373061 8.611323 1.125379 0.166734
1769100693.428118 8.615566 1.126093 0.166101
1769100693.468060 8.621856 1.127148 0.164836
1769100693.523038 8.626176 1.127866 0.166418
1769100693.573108 8.630344 1.128566 0.167367
1769100693.623069 8.636633 1.129629 0.169265
1769100693.668080 8.640750 1.130332 0.170847
1769100693.733084 8.644866 1.131042 0.171796
1769100693.768089 8.651125 1.132129 0.172745
1769100693.823148 8.655264 1.132851 0.172745
1769100693.873103 8.659428 1.133577 0.173695
1769100693.918077 8.665685 1.134675 0.173378
1769100693.968064 8.669974 1.135426 0.172745
1769100694.028056 8.674162 1.136157 0.173378
1769100694.073076 8.680570 1.137279 0.172429
1769100694.123115 8.684535 1.137970 0.172113
1769100694.178074 8.688874 1.138724 0.172745
1769100694.223071 8.695257 1.139838 0.172745
1769100694.268069 8.699495 1.140577 0.172745
1769100694.328072 8.703734 1.141317 0.172745
1769100694.368122 8.710117 1.142431 0.172745
1769100694.423082 8.714406 1.143179 0.171480
1769100694.478077 8.718671 1.143918 0.170531
1769100694.523079 8.724981 1.145004 0.168316
1769100694.568084 8.729198 1.145721 0.168000
1769100694.628067 8.733416 1.146436 0.167683
1769100694.668077 8.739655 1.147492 0.167683
1769100694.723072 8.743822 1.148198 0.169265
1769100694.773073 8.747989 1.148910 0.168949
1769100694.818076 8.754326 1.149991 0.171480
1769100694.868070 8.758466 1.150708 0.172745
1769100694.928074 8.762630 1.151434 0.173695
1769100694.968093 8.768937 1.152541 0.175909
1769100695.018101 8.773124 1.153285 0.175277
1769100695.078131 8.777311 1.154027 0.175909
1769100695.118083 8.783640 1.155152 0.174011
1769100695.168085 8.787903 1.155901 0.173062
1769100695.223094 8.792117 1.156638 0.172113
1769100695.268088 8.798501 1.157747 0.170214
1769100695.323101 8.802841 1.158493 0.169582
1769100695.378093 8.807232 1.159245 0.168316
1769100695.423101 8.813620 1.160331 0.167051
1769100695.468134 8.817938 1.161059 0.166734
1769100695.523100 8.822231 1.161781 0.167367
1769100695.573106 8.828445 1.162831 0.168316
1769100695.623087 8.832612 1.163539 0.169265
1769100695.678102 8.836779 1.164251 0.169582
1769100695.723113 8.843090 1.165332 0.170531
1769100695.773108 8.847206 1.166041 0.170214
1769100695.833097 8.851347 1.166752 0.169582
1769100695.868135 8.857584 1.167820 0.170847
1769100695.918138 8.861724 1.168535 0.170847
1769100695.978091 8.865939 1.169262 0.171796
1769100696.023109 8.872299 1.170365 0.172745
1769100696.068091 8.876488 1.171096 0.173378
1769100696.133146 8.880801 1.171852 0.173695
1769100696.168174 8.887183 1.172971 0.174327
1769100696.223103 8.891370 1.173709 0.174960
1769100696.283082 8.895583 1.174453 0.174644
1769100696.323096 8.901939 1.175575 0.174960
1769100696.373089 8.906276 1.176342 0.173062
1769100696.423100 8.910489 1.177078 0.171480
1769100696.473110 8.914804 1.177825 0.169898
1769100696.523099 8.921190 1.178921 0.167367
1769100696.568103 8.925458 1.179642 0.167051
1769100696.623080 8.929651 1.180349 0.166418
1769100696.668105 8.936016 1.181418 0.166734
1769100696.723116 8.940184 1.182120 0.167683
1769100696.773105 8.944451 1.182842 0.168632
1769100696.823117 8.950714 1.183908 0.170847
1769100696.868101 8.954855 1.184623 0.172745
1769100696.928105 8.959043 1.185353 0.174644
1769100696.973111 8.965275 1.186453 0.174644
1769100697.023154 8.969462 1.187192 0.175277
1769100697.073164 8.973699 1.187942 0.175277
1769100697.123171 8.979930 1.189046 0.174011
1769100697.173095 8.984168 1.189790 0.172745
1769100697.228113 8.988382 1.190526 0.171796
1769100697.268141 8.994816 1.191642 0.171164
1769100697.318109 8.999081 1.192379 0.170214
1769100697.373110 9.003321 1.193108 0.170214
1769100697.423177 9.009907 1.194240 0.170214
1769100697.468111 9.014222 1.194982 0.169265
1769100697.523114 9.018463 1.195707 0.169265
1769100697.568130 9.024850 1.196798 0.169898
1769100697.623157 9.029016 1.197513 0.169582
1769100697.673212 9.033258 1.198239 0.168949
1769100697.723140 9.039570 1.199316 0.168000
1769100697.773120 9.043662 1.200010 0.168000
1769100697.828123 9.047880 1.200725 0.168316
1769100697.868167 9.053868 1.201743 0.168316
1769100697.923126 9.058061 1.202455 0.168949
1769100697.973133 9.062177 1.203157 0.170531
1769100698.018117 9.068289 1.204210 0.172113
1769100698.078124 9.072254 1.204899 0.173062
1769100698.123127 9.078611 1.206010 0.174644
1769100698.168130 9.082724 1.206736 0.176226
1769100698.228132 9.087010 1.207499 0.176226
1769100698.268129 9.093290 1.208617 0.176226
1769100698.323136 9.097551 1.209376 0.174644
1769100698.383121 9.101813 1.210128 0.174327
1769100698.423141 9.108169 1.211248 0.171480
1769100698.468131 9.112459 1.211991 0.170214
1769100698.518124 9.116749 1.212728 0.168949
1769100698.573129 9.121016 1.213456 0.168000
1769100698.623137 9.127454 1.214548 0.167367
1769100698.668127 9.131747 1.215273 0.167367
1769100698.723134 9.135965 1.215985 0.168316
1769100698.768136 9.142203 1.217045 0.169582
1769100698.818138 9.146369 1.217759 0.171164
1769100698.873118 9.150559 1.218483 0.172429
1769100698.923110 9.156768 1.219564 0.174011
1769100698.978122 9.160931 1.220296 0.173695
1769100699.028558 9.166964 1.221355 0.173062
1769100699.068152 9.171103 1.222078 0.173062
1769100699.128147 9.175292 1.222811 0.173062
1769100699.168139 9.181400 1.223878 0.172113
1769100699.218152 9.185614 1.224611 0.172429
1769100699.273137 9.189828 1.225345 0.171480
1769100699.318153 9.196038 1.226420 0.172429
1769100699.373141 9.200352 1.227172 0.172113
1769100699.423138 9.204666 1.227922 0.173062
1769100699.468141 9.211024 1.229033 0.172745
1769100699.518114 9.215063 1.229738 0.172113
1769100699.573152 9.219328 1.230479 0.171796
1769100699.623166 9.225737 1.231591 0.169582
1769100699.668186 9.230028 1.232326 0.168316
1769100699.728157 9.234170 1.233030 0.167683
1769100699.773158 9.240484 1.234098 0.166101
1769100699.823141 9.244702 1.234806 0.166418
1769100699.873140 9.248846 1.235502 0.167051
1769100699.923125 9.255185 1.236571 0.167683
1769100699.973170 9.259328 1.237272 0.168949
1769100700.023169 9.263495 1.237983 0.170531
1769100700.068202 9.269730 1.239056 0.173062
1769100700.123136 9.273919 1.239789 0.174960
1769100700.178155 9.278081 1.240524 0.175909
1769100700.218206 9.284386 1.241645 0.176858
1769100700.273154 9.288597 1.242398 0.175909
1769100700.328155 9.292833 1.243151 0.175277
1769100700.368141 9.299164 1.244272 0.173378
1769100700.418149 9.303477 1.245027 0.171796
1769100700.473150 9.307766 1.245771 0.171164
1769100700.518240 9.314126 1.246871 0.170214
1769100700.568166 9.318442 1.247612 0.168632
1769100700.623161 9.322758 1.248347 0.168949
1769100700.668150 9.329220 1.249450 0.168632
1769100700.723150 9.333437 1.250167 0.169582
1769100700.778159 9.337604 1.250881 0.170531
1769100700.818163 9.343939 1.251972 0.171164
1769100700.868165 9.348104 1.252692 0.170847
1769100700.928155 9.352270 1.253410 0.171164
1769100700.973160 9.358530 1.254493 0.170847
1769100701.018153 9.362620 1.255198 0.171480
1769100701.078171 9.366885 1.255937 0.171164
1769100701.123223 9.373145 1.257019 0.170847
1769100701.168166 9.377310 1.257738 0.172429
1769100701.228146 9.381574 1.258480 0.172745
1769100701.268160 9.387908 1.259585 0.173378
1769100701.323143 9.392171 1.260332 0.174327
1769100701.383169 9.396408 1.261078 0.174327
1769100701.423161 9.402715 1.262189 0.175277
1769100701.468180 9.407027 1.262952 0.174327
1769100701.523162 9.411040 1.263659 0.173378
1769100701.568175 9.417472 1.264786 0.172113
1769100701.618233 9.421811 1.265540 0.170214
1769100701.673175 9.425752 1.266217 0.168949
1769100701.723167 9.432140 1.267307 0.166418
1769100701.768187 9.436408 1.268024 0.165469
1769100701.828190 9.440602 1.268724 0.165469
1769100701.868155 9.446968 1.269787 0.166418
1769100701.923174 9.451112 1.270483 0.167051
1769100701.978194 9.455305 1.271190 0.168316
1769100702.023187 9.461543 1.272250 0.170214
1769100702.068175 9.465684 1.272962 0.172745
1769100702.128173 9.469848 1.273689 0.173062
1769100702.173177 9.476056 1.274774 0.175277
1769100702.223225 9.480218 1.275511 0.174960
1769100702.273179 9.484381 1.276247 0.174644
1769100702.323188 9.490512 1.277329 0.174011
1769100702.368179 9.494800 1.278082 0.173378
1769100702.428181 9.499038 1.278825 0.172113
1769100702.468175 9.505422 1.279934 0.172113
1769100702.518201 9.509711 1.280680 0.170847
1769100702.573195 9.513951 1.281412 0.171480
1769100702.618195 9.520411 1.282530 0.171796
1769100702.668192 9.524600 1.283257 0.171164
1769100702.728184 9.528890 1.283999 0.171796
1769100702.773216 9.535249 1.285102 0.170847
1769100702.818206 9.539315 1.285803 0.170531
1769100702.873180 9.543480 1.286521 0.170214
1769100702.918206 9.549767 1.287601 0.168949
1769100702.978184 9.553684 1.288269 0.168632
1769100703.018176 9.559747 1.289302 0.168949
1769100703.073192 9.563689 1.289974 0.168949
1769100703.128193 9.567831 1.290681 0.170214
1769100703.173191 9.574117 1.291761 0.171480
1769100703.233201 9.578157 1.292461 0.172113
1769100703.273204 9.584491 1.293562 0.174011
1769100703.323198 9.588654 1.294294 0.174960
1769100703.368201 9.592842 1.295034 0.176226
1769100703.423203 9.597078 1.295788 0.175593
1769100703.473244 9.603383 1.296907 0.174644
1769100703.518161 9.607620 1.297654 0.174011
1769100703.573248 9.611908 1.298408 0.172113
1769100703.618238 9.618317 1.299522 0.170531
1769100703.668194 9.622607 1.300261 0.169265
1769100703.723193 9.626973 1.301007 0.167683
1769100703.768216 9.633362 1.302089 0.166418
1769100703.818238 9.637630 1.302806 0.166101
1769100703.873217 9.641899 1.303521 0.165785
1769100703.923229 9.648264 1.304586 0.167367
1769100703.973206 9.652457 1.305295 0.168632
1769100704.023216 9.656549 1.305991 0.169265
1769100704.073183 9.662811 1.307062 0.171480
1769100704.118212 9.666951 1.307778 0.170847
1769100704.173205 9.671092 1.308493 0.172113
1769100704.218206 9.677301 1.309572 0.171796
1769100704.273208 9.681491 1.310299 0.172429
1769100704.333208 9.685680 1.311029 0.172429
1769100704.373219 9.692013 1.312132 0.171796
1769100704.418211 9.696228 1.312863 0.173378
1769100704.478208 9.700541 1.313618 0.172429
1769100704.523200 9.706874 1.314721 0.173062
1769100704.568212 9.711138 1.315467 0.173378
1769100704.628190 9.715426 1.316218 0.174011
1769100704.668211 9.721783 1.317335 0.173695
1769100704.718211 9.726021 1.318079 0.173062
1769100704.778203 9.730359 1.318837 0.171164
1769100704.823218 9.736744 1.319941 0.169898
1769100704.868213 9.741010 1.320673 0.168949
1769100704.928219 9.745202 1.321388 0.167683
1769100704.973217 9.751540 1.322461 0.167051
1769100705.018214 9.755733 1.323168 0.166418
1769100705.078217 9.759902 1.323868 0.167367
1769100705.123218 9.766291 1.324947 0.169898
1769100705.173228 9.770382 1.325649 0.170531
1769100705.223219 9.774622 1.326379 0.172429
1769100705.268224 9.780657 1.327430 0.173695
1769100705.323226 9.784720 1.328143 0.174644
1769100705.378231 9.788958 1.328891 0.175277
1769100705.418218 9.795163 1.329990 0.172429
1769100705.473229 9.799402 1.330728 0.169898
1769100705.523231 9.803718 1.331468 0.165785
1769100705.568233 9.809759 1.332479 0.159457
1769100705.623231 9.814083 1.333175 0.153446
1769100705.673248 9.818435 1.333848 0.149017
1769100705.718238 9.824868 1.334813 0.141107
1769100705.768239 9.829203 1.335429 0.136361
1769100705.823257 9.833491 1.336018 0.131616
1769100705.868218 9.839914 1.336868 0.125288
1769100705.918231 9.844108 1.337396 0.121808
1769100705.968237 9.848379 1.337919 0.118011
1769100706.023222 9.854487 1.338643 0.112000
1769100706.083237 9.858436 1.339087 0.108520
1769100706.123230 9.864676 1.339767 0.102192
1769100706.168231 9.868881 1.340198 0.098712
1769100706.223227 9.872810 1.340587 0.094282
1769100706.268231 9.878832 1.341157 0.089537
1769100706.318235 9.883067 1.341537 0.085107
1769100706.373234 9.887279 1.341896 0.080994
1769100706.418257 9.893662 1.342415 0.076248
1769100706.478239 9.897750 1.342727 0.071819
1769100706.523204 9.904188 1.343190 0.067073
1769100706.573234 9.908481 1.343478 0.063277
1769100706.623240 9.912724 1.343747 0.058847
1769100706.668232 9.919167 1.344127 0.050938
1769100706.723229 9.923540 1.344350 0.047458
1769100706.773254 9.927661 1.344546 0.042712
1769100706.823236 9.934135 1.344822 0.038282
1769100706.878285 9.938207 1.344978 0.036700
1769100706.923248 9.944581 1.345212 0.035435
1769100706.968240 9.948780 1.345361 0.035435
1769100707.028234 9.952802 1.345504 0.036384
1769100707.073236 9.959075 1.345732 0.037017
1769100707.118242 9.963248 1.345887 0.037966
1769100707.178222 9.967421 1.346045 0.039548
1769100707.218253 9.973871 1.346300 0.041130
1769100707.268237 9.978246 1.346480 0.042079
1769100707.333242 9.982519 1.346660 0.042395
1769100707.373237 9.988943 1.346933 0.043661
1769100707.423219 9.993267 1.347122 0.042712
1769100707.478225 9.997515 1.347303 0.041446
1769100707.523257 10.003989 1.347572 0.041446
1769100707.568252 10.008263 1.347749 0.039864
1769100707.623230 10.012537 1.347919 0.038282
1769100707.668260 10.016862 1.348085 0.038599
1769100707.718281 10.023286 1.348333 0.036068
1769100707.768263 10.027687 1.348492 0.036700
1769100707.823273 10.032038 1.348652 0.036700
1769100707.868247 10.038538 1.348890 0.036384
1769100707.923268 10.042964 1.349051 0.036700
1769100707.973254 10.047264 1.349209 0.036700
1769100708.023298 10.053714 1.349446 0.037017
1769100708.068263 10.057888 1.349601 0.037333
1769100708.128255 10.062137 1.349759 0.036700
1769100708.168256 10.068384 1.349989 0.037017
1769100708.223250 10.072583 1.350144 0.037017
1769100708.273266 10.076706 1.350297 0.037966
1769100708.318263 10.083054 1.350538 0.039548
1769100708.373324 10.087202 1.350702 0.039548
1769100708.428261 10.091400 1.350868 0.040813
1769100708.468269 10.097874 1.351133 0.042712
1769100708.523260 10.102249 1.351320 0.043661
1769100708.573260 10.106649 1.351512 0.043661
1769100708.618315 10.113173 1.351797 0.042395
1769100708.668256 10.117497 1.351980 0.042079
1769100708.728252 10.121897 1.352166 0.041446
1769100708.768256 10.128371 1.352434 0.038282
1769100708.813275 10.132722 1.352601 0.037650
1769100708.878317 10.137021 1.352763 0.036384
1769100708.918275 10.143471 1.352998 0.035435
1769100708.968269 10.147645 1.353145 0.035751
1769100709.028314 10.151895 1.353297 0.035751
1769100709.068269 10.158243 1.353525 0.037333
1769100709.118262 10.162265 1.353675 0.038282
1769100709.178265 10.166539 1.353838 0.039232
1769100709.223250 10.172938 1.354090 0.040813
1769100709.268275 10.177263 1.354266 0.041130
1769100709.323266 10.181233 1.354430 0.041446
1769100709.368276 10.187656 1.354696 0.042079
1769100709.428278 10.191880 1.354874 0.041130
1769100709.473245 10.198050 1.355128 0.041130
1769100709.523251 10.202299 1.355303 0.041130
1769100709.578268 10.206522 1.355476 0.040181
1769100709.618357 10.212718 1.355725 0.040497
1769100709.663292 10.217043 1.355901 0.040181
1769100709.728277 10.221317 1.356073 0.040497
1769100709.768291 10.227867 1.356338 0.040181
1769100709.818278 10.232040 1.356506 0.038599
1769100709.868283 10.236441 1.356676 0.038599
1769100709.913308 10.242764 1.356920 0.037333
1769100709.978303 10.246886 1.357074 0.037017
1769100710.023326 10.253285 1.357311 0.036068
1769100710.073291 10.257257 1.357454 0.035119
1769100710.123343 10.261481 1.357603 0.035435
1769100710.168279 10.267552 1.357818 0.036068
1769100710.233293 10.271675 1.357966 0.036384
1769100710.273288 10.277720 1.358187 0.037333
1769100710.318283 10.281868 1.358341 0.038599
1769100710.378288 10.285788 1.358493 0.040181
1769100710.418295 10.292187 1.358750 0.041763
1769100710.468279 10.296233 1.358919 0.043028
1769100710.523285 10.300582 1.359106 0.043028
1769100710.568290 10.306980 1.359382 0.043345
1769100710.618288 10.311152 1.359563 0.043028
1769100710.668286 10.315502 1.359750 0.042395
1769100710.718342 10.321975 1.360025 0.040497
1769100710.783349 10.326249 1.360198 0.039548
1769100710.823301 10.332749 1.360455 0.037966
1769100710.868296 10.336998 1.360617 0.037333
1769100710.918290 10.341323 1.360778 0.037017
1769100710.973337 10.345674 1.360939 0.037017
1769100711.018293 10.352022 1.361174 0.036700
1769100711.068296 10.356348 1.361333 0.037650
1769100711.123307 10.360673 1.361496 0.037333
1769100711.168303 10.367173 1.361739 0.038915
1769100711.218304 10.371473 1.361906 0.038915
1769100711.273303 10.375696 1.362071 0.039232
1769100711.318299 10.381969 1.362317 0.039864
1769100711.373304 10.386243 1.362487 0.039548
1769100711.423300 10.390491 1.362655 0.040181
1769100711.468305 10.396814 1.362910 0.040181
1769100711.518307 10.400962 1.363076 0.040181
1769100711.573294 10.405312 1.363251 0.040813
1769100711.618307 10.411634 1.363509 0.040813
1769100711.668296 10.415959 1.363686 0.041763
1769100711.723300 10.420308 1.363868 0.042395
1769100711.768312 10.426858 1.364146 0.041446
1769100711.818332 10.431258 1.364328 0.040813
1769100711.878339 10.435633 1.364507 0.039864
1769100711.918317 10.442259 1.364771 0.037966
1769100711.968314 10.446534 1.364933 0.036384
1769100712.028359 10.450884 1.365092 0.035751
1769100712.068306 10.457309 1.365322 0.035119
1769100712.118304 10.461584 1.365472 0.034802
1769100712.178311 10.465758 1.365617 0.034486
1769100712.223309 10.471980 1.365832 0.035119
1769100712.268308 10.476205 1.365980 0.036700
1769100712.328289 10.480403 1.366134 0.037966
1769100712.368313 10.486777 1.366376 0.039864
1769100712.418321 10.491026 1.366546 0.041130
1769100712.478311 10.495300 1.366722 0.042712
1769100712.523312 10.501672 1.366994 0.042079
1769100712.573293 10.505971 1.367175 0.042079
1769100712.628319 10.510245 1.367355 0.042395
1769100712.668316 10.516441 1.367618 0.041446
1769100712.718315 10.520765 1.367797 0.040497
1769100712.773319 10.525014 1.367969 0.040497
1769100712.818311 10.531463 1.368231 0.040181
1769100712.868317 10.535813 1.368406 0.040181
1769100712.923319 10.540087 1.368577 0.039232
1769100712.973314 10.546359 1.368824 0.039232
1769100713.018294 10.550633 1.368991 0.038915
1769100713.073379 10.554882 1.369157 0.038282
1769100713.118324 10.561357 1.369405 0.038282
1769100713.178375 10.565378 1.369559 0.037966
1769100713.218326 10.571853 1.369805 0.037966
1769100713.268312 10.575799 1.369955 0.037966
1769100713.323313 10.580048 1.370116 0.037966
1769100713.368329 10.586320 1.370354 0.037966
1769100713.418334 10.590468 1.370512 0.038599
1769100713.478342 10.594641 1.370673 0.038915
1769100713.518339 10.600964 1.370919 0.040813
1769100713.568341 10.605162 1.371091 0.041446
1769100713.623412 10.609411 1.371267 0.042712
1769100713.668336 10.615885 1.371543 0.043345
1769100713.718349 10.620259 1.371733 0.043028
1769100713.778501 10.624659 1.371923 0.043028
1769100713.818375 10.631209 1.372205 0.042079
1769100713.868328 10.635533 1.372387 0.041130
1769100713.928342 10.639857 1.372565 0.039548
1769100713.973373 10.646332 1.372821 0.037650
1769100714.018352 10.650657 1.372984 0.036068
1769100714.078346 10.655008 1.373141 0.034802
1769100714.118331 10.661433 1.373364 0.034802
1769100714.168330 10.665632 1.373511 0.034802
1769100714.228345 10.669906 1.373659 0.035751
1769100714.268308 10.676306 1.373888 0.037333
1769100714.318332 10.680505 1.374045 0.037966
1769100714.378326 10.684804 1.374208 0.038599
1769100714.423320 10.691203 1.374456 0.039548
1769100714.468343 10.695401 1.374622 0.040813
1769100714.513326 10.699650 1.374795 0.040813
1769100714.573327 10.703899 1.374969 0.041446
1769100714.618342 10.710170 1.375229 0.040813
1769100714.663327 10.714444 1.375403 0.040497
1769100714.718343 10.718617 1.375572 0.040813
1769100714.768353 10.725142 1.375839 0.040813
1769100714.818355 10.729416 1.376013 0.041130
1769100714.873348 10.733715 1.376190 0.041130
1769100714.918362 10.740189 1.376457 0.041763
1769100714.968338 10.744539 1.376638 0.041763
1769100715.023352 10.748914 1.376821 0.040813
1769100715.068351 10.755540 1.377092 0.040181
1769100715.118338 10.759864 1.377266 0.039232
1769100715.173356 10.764214 1.377436 0.037966
1769100715.218414 10.770588 1.377679 0.036700
1769100715.268360 10.774837 1.377835 0.036700
1769100715.328349 10.779112 1.377992 0.036384
1769100715.368353 10.785410 1.378221 0.036700
1769100715.423352 10.789584 1.378374 0.037017
1769100715.473361 10.793757 1.378529 0.037966
1769100715.518358 10.800055 1.378768 0.039548
1769100715.568363 10.804380 1.378939 0.041130
1769100715.628356 10.808628 1.379114 0.042395
1769100715.668360 10.815102 1.379388 0.043028
1769100715.718364 10.819502 1.379578 0.043028
1769100715.778370 10.823775 1.379762 0.043345
1769100715.823367 10.830249 1.380043 0.042079
1769100715.868351 10.834523 1.380223 0.041130
1769100715.928365 10.838847 1.380401 0.040813
1769100715.973379 10.845321 1.380665 0.038915
1769100716.023349 10.849646 1.380833 0.037333
1769100716.078385 10.853946 1.380994 0.036068
1769100716.118367 10.860421 1.381228 0.035435
1769100716.168365 10.864747 1.381381 0.035751
1769100716.228368 10.869097 1.381536 0.036384
1769100716.273373 10.875598 1.381773 0.036700
1769100716.313369 10.879847 1.381929 0.037333
1769100716.378407 10.884198 1.382092 0.037966
1769100716.423407 10.890521 1.382332 0.037966
1769100716.473368 10.894744 1.382492 0.038282
1769100716.513362 10.898943 1.382653 0.038915
1769100716.568389 10.903091 1.382815 0.038915
1769100716.618339 10.909211 1.383053 0.039548
1769100716.678352 10.913334 1.383216 0.039864
1769100716.718349 10.919656 1.383468 0.040497
1769100716.768350 10.923930 1.383641 0.041446
1769100716.828369 10.927926 1.383807 0.041446
1769100716.868345 10.934451 1.384078 0.043345
1769100716.918379 10.938522 1.384254 0.043028
1769100716.973351 10.942922 1.384444 0.043028
1769100717.018424 10.949522 1.384728 0.042079
1769100717.068381 10.953871 1.384911 0.040813
1769100717.123369 10.958171 1.385086 0.040181
1769100717.168383 10.964670 1.385348 0.037966
1769100717.218389 10.969020 1.385513 0.036700
1769100717.273375 10.973320 1.385671 0.035435
1769100717.318364 10.979669 1.385896 0.035119
1769100717.368383 10.983843 1.386043 0.036068
1769100717.423394 10.988118 1.386197 0.036384
1769100717.468361 10.994416 1.386426 0.037966
1769100717.518372 10.998665 1.386587 0.039864
1769100717.573363 11.002889 1.386756 0.040813
1769100717.618401 11.009312 1.387018 0.041446
1769100717.668370 11.013687 1.387200 0.042395
1769100717.723392 11.017936 1.387380 0.043028
1769100717.768388 11.024333 1.387655 0.042712
1769100717.818422 11.028632 1.387839 0.042079
1769100717.873422 11.032830 1.388016 0.041446
1769100717.918408 11.039329 1.388285 0.040497
1769100717.968398 11.043553 1.388456 0.040181
1769100718.028388 11.047827 1.388628 0.039232
1769100718.068431 11.054327 1.388883 0.038915
1769100718.118382 11.058348 1.389040 0.037966
1769100718.178389 11.062799 1.389209 0.038599
1769100718.218369 11.069426 1.389465 0.037333
1769100718.268381 11.073726 1.389626 0.036700
1769100718.323397 11.078152 1.389788 0.037017
1769100718.368441 11.084577 1.390026 0.036384
1769100718.418404 11.088826 1.390181 0.037017
1769100718.473384 11.093025 1.390336 0.036384
1769100718.528368 11.099247 1.390563 0.036384
1769100718.563402 11.103496 1.390717 0.037017
1769100718.623386 11.107670 1.390872 0.037333
1769100718.668367 11.113867 1.391103 0.038915
1769100718.718439 11.118115 1.391269 0.040813
1769100718.778402 11.122263 1.391438 0.041446
1769100718.823388 11.128737 1.391707 0.043345
1769100718.868395 11.133036 1.391893 0.043345
1769100718.923366 11.137385 1.392082 0.043345
1769100718.973396 11.143985 1.392368 0.043028
1769100719.018402 11.148334 1.392555 0.042395
1769100719.078399 11.152659 1.392739 0.042079
1769100719.118401 11.159158 1.393012 0.040497
1769100719.168399 11.163154 1.393174 0.038599
1769100719.223460 11.167529 1.393343 0.037650
1769100719.268402 11.173979 1.393586 0.036700
1769100719.318389 11.178228 1.393742 0.036068
1769100719.378416 11.182477 1.393896 0.036700
1769100719.418397 11.188851 1.394130 0.037333
1769100719.468377 11.193177 1.394291 0.038915
1769100719.523397 11.197425 1.394457 0.038915
1769100719.568493 11.203875 1.394708 0.039864
1769100719.618410 11.208149 1.394878 0.040813
1769100719.673394 11.212423 1.395053 0.041130
1769100719.723452 11.218745 1.395313 0.041130
1769100719.768451 11.222994 1.395488 0.041763
1769100719.828415 11.227166 1.395662 0.040813
1769100719.868404 11.233590 1.395924 0.041446
1769100719.918401 11.237788 1.396098 0.041446
1769100719.978388 11.242036 1.396275 0.040813
1769100720.023422 11.248460 1.396537 0.042079
1769100720.068408 11.252835 1.396721 0.041763
1769100720.118433 11.257210 1.396904 0.042079
1769100720.173409 11.261610 1.397089 0.040813
1769100720.218479 11.268185 1.397358 0.038915
1769100720.268421 11.272561 1.397528 0.038599
1769100720.323417 11.276987 1.397699 0.037017
1769100720.368475 11.283487 1.397940 0.036068
1769100720.418419 11.287686 1.398091 0.036068
1769100720.473423 11.291935 1.398245 0.034802
1769100720.518435 11.298285 1.398466 0.035119
1769100720.568409 11.302408 1.398611 0.036068
1769100720.623425 11.306607 1.398762 0.036700
1769100720.668421 11.312879 1.398992 0.037966
1769100720.718426 11.317078 1.399152 0.039864
1769100720.773420 11.321276 1.399319 0.041763
1769100720.818422 11.327750 1.399590 0.043028
1769100720.863428 11.331998 1.399773 0.043661
1769100720.923438 11.336373 1.399964 0.043345
1769100720.968424 11.342821 1.400243 0.043028
1769100721.018427 11.347120 1.400429 0.043028
1769100721.078434 11.351444 1.400615 0.042079
1769100721.118403 11.357842 1.400884 0.040497
1769100721.183404 11.362217 1.401061 0.039548
1769100721.228420 11.366491 1.401231 0.039232
1769100721.268435 11.372890 1.401482 0.038282
1769100721.323427 11.377215 1.401647 0.038599
1769100721.373434 11.381590 1.401816 0.038282
1769100721.418429 11.388065 1.402064 0.038282
1769100721.468502 11.392390 1.402230 0.038599
1769100721.523419 11.396715 1.402397 0.038282
1769100721.568440 11.403165 1.402644 0.039232
1769100721.618459 11.407489 1.402814 0.038915
1769100721.673471 11.411637 1.402975 0.038915
1769100721.718446 11.417606 1.403208 0.039548
1769100721.773440 11.421602 1.403366 0.039548
1769100721.818447 11.427798 1.403611 0.039864
1769100721.863522 11.431996 1.403778 0.041130
1769100721.928449 11.436144 1.403949 0.041130
1769100721.968437 11.442542 1.404212 0.042712
1769100722.018431 11.446841 1.404396 0.042712
1769100722.078441 11.451190 1.404582 0.042712
1769100722.123429 11.457740 1.404862 0.043661
1769100722.168445 11.462089 1.405052 0.041763
1769100722.213458 11.466540 1.405238 0.041763
1769100722.273426 11.470839 1.405418 0.039864
1769100722.318492 11.477415 1.405680 0.037966
1769100722.368420 11.481689 1.405842 0.036384
1769100722.423454 11.486014 1.406000 0.034802
1769100722.468419 11.492439 1.406223 0.034802
1769100722.518427 11.496689 1.406371 0.035435
1769100722.573449 11.500888 1.406520 0.035435
1769100722.618448 11.507161 1.406742 0.037333
1769100722.668443 11.511410 1.406901 0.038599
1769100722.723451 11.515659 1.407065 0.039232
1769100722.773455 11.522058 1.407316 0.040813
1769100722.818455 11.526307 1.407490 0.041446
1769100722.873447 11.530580 1.407667 0.042395
1769100722.918468 11.536978 1.407939 0.042079
1769100722.968445 11.541151 1.408114 0.041763
1769100723.028438 11.545425 1.408293 0.042079
1769100723.068472 11.551797 1.408561 0.040813
1769100723.118468 11.556172 1.408740 0.040497
1769100723.178461 11.560396 1.408911 0.040813
1769100723.218532 11.566819 1.409173 0.040813
1769100723.268461 11.571144 1.409350 0.041130
1769100723.323475 11.575544 1.409531 0.041130
1769100723.368474 11.582094 1.409800 0.040181
1769100723.418467 11.586419 1.409974 0.039864
1769100723.478472 11.590845 1.410151 0.038915
1769100723.518462 11.597344 1.410404 0.037966
1769100723.568474 11.601619 1.410566 0.037650
1769100723.628474 11.605843 1.410725 0.037333
1769100723.668467 11.612141 1.410961 0.037017
1769100723.718459 11.616415 1.411119 0.037333
1769100723.778469 11.620589 1.411275 0.038282
1769100723.823476 11.626836 1.411514 0.039232
1769100723.868480 11.631059 1.411680 0.039548
1769100723.928485 11.635258 1.411846 0.041446
1769100723.968493 11.641656 1.412111 0.042395
1769100724.018517 11.646005 1.412296 0.043661
1769100724.078486 11.650355 1.412486 0.043661
1769100724.123467 11.656828 1.412769 0.043028
1769100724.168462 11.661203 1.412957 0.043345
1769100724.228460 11.665577 1.413147 0.042395
1769100724.273466 11.672001 1.413419 0.040497
1769100724.318477 11.676275 1.413592 0.038915
1769100724.363487 11.680599 1.413761 0.036700
1769100724.423507 11.684975 1.413921 0.036384
1769100724.468562 11.691450 1.414157 0.035119
1769100724.518493 11.695675 1.414306 0.035435
1769100724.568469 11.699975 1.414458 0.036068
1769100724.618490 11.706425 1.414691 0.037017
1769100724.668477 11.710699 1.414849 0.037333
1769100724.728476 11.715025 1.415011 0.038282
1769100724.768482 11.721373 1.415254 0.039232
1769100724.818487 11.725622 1.415421 0.039232
1769100724.873472 11.729845 1.415586 0.040181
1769100724.918492 11.736092 1.415837 0.040497
1769100724.973492 11.740316 1.416009 0.040813
1769100725.023482 11.744539 1.416181 0.040497
1769100725.068474 11.750887 1.416438 0.040181
1769100725.118492 11.755060 1.416606 0.041130
1769100725.173504 11.759359 1.416783 0.041130
1769100725.213490 11.765782 1.417047 0.042395
1769100725.268473 11.770157 1.417233 0.042712
1769100725.328457 11.774507 1.417419 0.042712
1769100725.373513 11.781132 1.417702 0.041446
1769100725.418478 11.785482 1.417882 0.040813
1769100725.478496 11.789933 1.418064 0.039548
1769100725.518505 11.796432 1.418321 0.037966
1769100725.563492 11.800681 1.418483 0.036700
1769100725.623498 11.804931 1.418639 0.036068
1769100725.663479 11.811052 1.418860 0.035435
1769100725.718520 11.815099 1.419003 0.036068
1769100725.773521 11.819222 1.419152 0.036384
1769100725.818492 11.825546 1.419382 0.037650
1769100725.863490 11.829719 1.419539 0.039232
1769100725.923488 11.833993 1.419707 0.040813
1769100725.963480 11.840467 1.419971 0.041446
1769100726.018490 11.844716 1.420147 0.042712
1769100726.073501 11.849040 1.420332 0.041763
1769100726.123497 11.855514 1.420603 0.043028
1769100726.163505 11.859787 1.420787 0.042712
1769100726.223487 11.864036 1.420968 0.041446
1769100726.268495 11.870459 1.421235 0.040181
1769100726.318573 11.874809 1.421410 0.039548
1769100726.378541 11.879108 1.421580 0.038282
1769100726.418558 11.885583 1.421828 0.037017
1769100726.468502 11.889883 1.421987 0.036384
1769100726.523507 11.894208 1.422144 0.036068
1769100726.568495 11.900760 1.422381 0.036384
1769100726.618513 11.905186 1.422542 0.036700
1769100726.673515 11.909461 1.422699 0.037017
1769100726.718504 11.915910 1.422938 0.036700
1769100726.768584 11.920236 1.423097 0.037017
1769100726.828496 11.924409 1.423251 0.037966
1769100726.868517 11.930732 1.423491 0.037333
1769100726.918493 11.934906 1.423647 0.037017
1769100726.973538 11.939130 1.423804 0.037966
1769100727.018491 11.945377 1.424041 0.038915
1769100727.068491 11.949499 1.424201 0.039232
1769100727.123524 11.953723 1.424367 0.038915
1769100727.168506 11.960096 1.424615 0.038915
1769100727.218529 11.964447 1.424785 0.035751
1769100727.278511 11.968822 1.424941 0.032904
1769100727.318507 11.975374 1.425157 0.026260
1769100727.363519 11.979777 1.425273 0.021830
1769100727.428534 11.984180 1.425369 0.016768
1769100727.473515 11.990785 1.425479 0.008859
1769100727.518554 11.995012 1.425517 0.002847
1769100727.563525 11.999340 1.425529 -0.001898
1769100727.623512 12.003617 1.425521 -0.007910
1769100727.663527 12.009970 1.425471 -0.013921
1769100727.728609 12.014222 1.425412 -0.017717
1769100727.768530 12.020523 1.425300 -0.023096
1769100727.818535 12.024749 1.425202 -0.026576
1769100727.868526 12.029050 1.425088 -0.030373
1769100727.923528 12.033275 1.424960 -0.033220
1769100727.963536 12.039751 1.424744 -0.038282
1769100728.028538 12.043798 1.424589 -0.042079
1769100728.063529 12.050221 1.424319 -0.048407
1769100728.118589 12.054266 1.424123 -0.051571
1769100728.173514 12.058513 1.423904 -0.055367
1769100728.213532 12.064932 1.423548 -0.062960
1769100728.268499 12.069176 1.423281 -0.067390
1769100728.328522 12.073443 1.422993 -0.072135
1769100728.363502 12.079830 1.422531 -0.080045
1769100728.418527 12.084170 1.422183 -0.084474
1769100728.473528 12.088609 1.421807 -0.090169
1769100728.518495 12.095062 1.421224 -0.099028
1769100728.563540 12.099444 1.420788 -0.103457
1769100728.628543 12.103749 1.420341 -0.107570
1769100728.668539 12.110242 1.419640 -0.113265
1769100728.718549 12.114517 1.419154 -0.117062
1769100728.773533 12.118690 1.418663 -0.120226
1769100728.818529 12.124997 1.417901 -0.124972
1769100728.868959 12.129116 1.417384 -0.128135
1769100728.928542 12.133258 1.416850 -0.131616
1769100728.968532 12.139405 1.416036 -0.136361
1769100729.018547 12.143492 1.415475 -0.140474
1769100729.068542 12.147753 1.414873 -0.144904
1769100729.123529 12.151910 1.414266 -0.149333
1769100729.163540 12.158343 1.413298 -0.157243
1769100729.218550 12.162693 1.412609 -0.162305
1769100729.268547 12.166989 1.411905 -0.166734
1769100729.318623 12.173503 1.410809 -0.174011
1769100729.363535 12.177716 1.410068 -0.178124
1769100729.423548 12.182075 1.409284 -0.182870
1769100729.468596 12.188422 1.408110 -0.188881
1769100729.513564 12.192723 1.407288 -0.193627
1769100729.568534 12.196945 1.406460 -0.197423
1769100729.623538 12.203125 1.405224 -0.204067
1769100729.678555 12.207339 1.404352 -0.207864
1769100729.723537 12.213332 1.403088 -0.211661
1769100729.768551 12.217192 1.402258 -0.213559
1769100729.828595 12.221373 1.401351 -0.213875
1769100729.868553 12.227581 1.400003 -0.214192
1769100729.918618 12.231687 1.399110 -0.213559
1769100729.973636 12.235892 1.398198 -0.212293
1769100730.023553 12.242176 1.396843 -0.211661
1769100730.068562 12.246433 1.395929 -0.211028
1769100730.128556 12.250541 1.395049 -0.210395
1769100730.168602 12.256828 1.393706 -0.209762
1769100730.218541 12.261012 1.392815 -0.209446
1769100730.278556 12.265196 1.391926 -0.210395
1769100730.318543 12.271582 1.390562 -0.212926
1769100730.368546 12.275763 1.389658 -0.214508
1769100730.413535 12.280115 1.388710 -0.215774
1769100730.468549 12.284294 1.387794 -0.216723
1769100730.513612 12.290745 1.386374 -0.218305
1769100730.563538 12.294921 1.385447 -0.219254
1769100730.623552 12.299195 1.384495 -0.218937
1769100730.663599 12.305495 1.383093 -0.217356
1769100730.718553 12.309648 1.382176 -0.216090
1769100730.768564 12.313751 1.381275 -0.214824
1769100730.818542 12.319859 1.379943 -0.213243
1769100730.863549 12.324015 1.379043 -0.212610
1769100730.923558 12.328122 1.378156 -0.211977
1769100730.963551 12.334259 1.376835 -0.210711
1769100731.018573 12.338392 1.375951 -0.211028
1769100731.073602 12.342550 1.375061 -0.211028
1769100731.118532 12.348861 1.373709 -0.211344
1769100731.163571 12.352771 1.372870 -0.212610
1769100731.218538 12.357002 1.371957 -0.212926
1769100731.268576 12.363335 1.370587 -0.212293
1769100731.318552 12.367640 1.369659 -0.212926
1769100731.368574 12.371821 1.368755 -0.212610
1769100731.418557 12.377957 1.367431 -0.212610
1769100731.478577 12.382163 1.366523 -0.212610
1769100731.518541 12.388546 1.365145 -0.213243
1769100731.563541 12.392751 1.364234 -0.215141
1769100731.628558 12.396980 1.363310 -0.215457
1769100731.668576 12.403235 1.361941 -0.216406
1769100731.718680 12.407487 1.361007 -0.217039
1769100731.763607 12.411640 1.360091 -0.216406
1769100731.823618 12.415817 1.359172 -0.216723
1769100731.863619 12.421972 1.357817 -0.215774
1769100731.918571 12.426175 1.356896 -0.213875
1769100731.968581 12.430331 1.355993 -0.213243
1769100732.018578 12.436564 1.354644 -0.211977
1769100732.068587 12.440647 1.353765 -0.210395
1769100732.123648 12.444781 1.352882 -0.209446
1769100732.163572 12.451069 1.351546 -0.208813
1769100732.228623 12.455056 1.350701 -0.209762
1769100732.268621 12.461369 1.349357 -0.211344
1769100732.318562 12.465328 1.348507 -0.211977
1769100732.368557 12.469584 1.347591 -0.213243
1769100732.418578 12.475744 1.346258 -0.214824
1769100732.463562 12.480022 1.345324 -0.216406
1769100732.523577 12.484051 1.344438 -0.217356
1769100732.563551 12.490527 1.343008 -0.217356
1769100732.623579 12.494605 1.342108 -0.217672
1769100732.663575 12.500635 1.340774 -0.216406
1769100732.718583 12.504837 1.339850 -0.215774
1769100732.768596 12.508917 1.338956 -0.214824
1769100732.818583 12.514876 1.337656 -0.213875
1769100732.873578 12.518933 1.336775 -0.214508
1769100732.918595 12.524942 1.335465 -0.214192
1769100732.963571 12.528974 1.334588 -0.213875
1769100733.028568 12.532882 1.333740 -0.214508
1769100733.068561 12.539089 1.332387 -0.213559
1769100733.118596 12.543244 1.331486 -0.212926
1769100733.168674 12.547178 1.330636 -0.212610
1769100733.218603 12.553289 1.329316 -0.211661
1769100733.268600 12.557570 1.328396 -0.211977
1769100733.323599 12.561777 1.327491 -0.211344
1769100733.368596 12.568038 1.326148 -0.210395
1769100733.418664 12.572270 1.325244 -0.210079
1769100733.468586 12.576503 1.324341 -0.211028
1769100733.513619 12.582567 1.323042 -0.213243
1769100733.573584 12.586772 1.322132 -0.214508
1769100733.623605 12.591051 1.321200 -0.215457
1769100733.663673 12.597430 1.319804 -0.217988
1769100733.718618 12.601680 1.318862 -0.217988
1769100733.768598 12.605832 1.317943 -0.217988
1769100733.818696 12.612183 1.316536 -0.217039
1769100733.863741 12.616385 1.315609 -0.215774
1769100733.923595 12.620612 1.314683 -0.214824
1769100733.968606 12.626745 1.313344 -0.212926
1769100734.018615 12.630827 1.312462 -0.211344
1769100734.073606 12.634985 1.311570 -0.210079
1769100734.118613 12.641198 1.310245 -0.209762
1769100734.163604 12.645332 1.309365 -0.210711
1769100734.218617 12.649416 1.308491 -0.210395
1769100734.268612 12.655703 1.307149 -0.211661
1769100734.318589 12.659984 1.306229 -0.212610
1769100734.373603 12.664190 1.305321 -0.213243
1769100734.418648 12.670523 1.303950 -0.213243
1769100734.468601 12.674753 1.303034 -0.214824
1769100734.523590 12.679081 1.302089 -0.214508
1769100734.568598 12.685486 1.300694 -0.214824
1769100734.618609 12.689764 1.299761 -0.215141
1769100734.673610 12.693992 1.298837 -0.215457
1769100734.718629 12.700297 1.297457 -0.215774
1769100734.773641 12.704451 1.296546 -0.215141
1769100734.828603 12.708654 1.295628 -0.216406
1769100734.868720 12.714835 1.294269 -0.217039
1769100734.918619 12.718938 1.293364 -0.216406
1769100734.973576 12.723066 1.292457 -0.217356
1769100735.018621 12.729368 1.291065 -0.216406
1769100735.068590 12.733200 1.290222 -0.214824
1769100735.123648 12.737330 1.289321 -0.213875
1769100735.168628 12.743612 1.287957 -0.211977
1769100735.218645 12.747818 1.287052 -0.210711
1769100735.273596 12.751927 1.286173 -0.209446
1769100735.318603 12.758141 1.284852 -0.208497
1769100735.368593 12.762376 1.283956 -0.208813
1769100735.428704 12.766585 1.283064 -0.209446
1769100735.468631 12.772898 1.281722 -0.211028
1769100735.518593 12.777031 1.280837 -0.212610
1769100735.573617 12.781287 1.279918 -0.213243
1769100735.618582 12.787669 1.278536 -0.215774
1769100735.738606 12.791921 1.277604 -0.217039
1769100735.758597 12.796173 1.276667 -0.217672
1769100735.768601 12.802623 1.275240 -0.217988
1769100735.813622 12.806775 1.274320 -0.216723
1769100735.938682 12.811076 1.273373 -0.215457
1769100735.948726 12.817034 1.272069 -0.214508
1769100735.963728 12.821189 1.271164 -0.212610
1769100736.028634 12.825296 1.270277 -0.212610
1769100736.133704 12.831481 1.268942 -0.211344
1769100736.153702 12.835639 1.268050 -0.211344
1769100736.178626 12.839500 1.267222 -0.212610
1769100736.223612 12.845437 1.265940 -0.211977
1769100736.398615 12.849693 1.265024 -0.212610
1769100736.413605 12.855730 1.263721 -0.212610
1769100736.423630 12.859837 1.262834 -0.212610
1769100736.438611 12.864068 1.261921 -0.212926
1769100736.488589 12.870228 1.260589 -0.212610
1769100736.513591 12.874508 1.259665 -0.212293
1769100736.598613 12.878714 1.258759 -0.212293
1769100736.613613 12.884825 1.257442 -0.212610
1769100736.693622 12.889130 1.256512 -0.213875
1769100736.813632 12.893335 1.255599 -0.213875
1769100736.823616 12.899469 1.254267 -0.215774
1769100736.838602 12.903623 1.253356 -0.217672
1769100737.353631 12.907824 1.252427 -0.217672
1769100737.368602 12.914101 1.251039 -0.218305
1769100737.383623 12.918253 1.250118 -0.218937
1769100737.398623 12.922354 1.249205 -0.217039
1769100737.408619 12.928582 1.247832 -0.216406
1769100737.423635 12.932711 1.246924 -0.214824
1769100737.438612 12.938819 1.245591 -0.212610
1769100737.448610 12.942901 1.244710 -0.210395
1769100737.463619 12.946985 1.243838 -0.209446
1769100737.473603 12.953199 1.242517 -0.208497
1769100737.488633 12.957335 1.241642 -0.208813
1769100737.498636 12.961544 1.240750 -0.209446
1769100737.513599 12.965703 1.239866 -0.210711
1769100737.523607 12.971990 1.238521 -0.211977
1769100737.588638 12.976320 1.237589 -0.213559
1769100737.648602 12.980476 1.236688 -0.214824
1769100737.663631 12.986856 1.235296 -0.215457
1769100737.718632 12.991158 1.234355 -0.216723
1769100737.963696 12.995410 1.233418 -0.216090
1769100737.978646 13.001837 1.232007 -0.216090
1769100737.988644 13.006040 1.231085 -0.214824
1769100738.003623 13.010121 1.230195 -0.214508
1769100738.018644 13.016402 1.228826 -0.213243
1769100738.028708 13.020607 1.227916 -0.213875
1769100738.073606 13.024763 1.227013 -0.213875
1769100738.118611 13.030872 1.225686 -0.214192
1769100738.163713 13.035002 1.224788 -0.213243
1769100738.218631 13.039208 1.223877 -0.213243
1769100738.263699 13.045417 1.222533 -0.213559
1769100738.313632 13.049572 1.221631 -0.213559
1769100738.373629 13.053728 1.220730 -0.212926
1769100738.418659 13.060086 1.219356 -0.211344
1769100738.468641 13.064293 1.218453 -0.210711
1769100738.528697 13.068501 1.217553 -0.210079
1769100738.568641 13.074763 1.216218 -0.210395
1769100738.618630 13.079021 1.215308 -0.211028
1769100738.673647 13.083278 1.214396 -0.211661
1769100738.718650 13.089736 1.213009 -0.213243
1769100738.768655 13.093917 1.212103 -0.215457
1769100738.823632 13.098195 1.211167 -0.217039
1769100738.868695 13.104497 1.209777 -0.218621
1769100738.913683 13.108772 1.208828 -0.218937
1769100738.973641 13.112898 1.207910 -0.217988
1769100739.013650 13.119249 1.206503 -0.217672
1769100739.063648 13.123153 1.205639 -0.216406
1769100739.123654 13.127307 1.204726 -0.215141
1769100739.168644 13.133464 1.203381 -0.212926
1769100739.213656 13.137546 1.202498 -0.211344
1769100739.283661 13.141703 1.201606 -0.210711
1769100739.318673 13.147891 1.200283 -0.210079
1769100739.363650 13.152000 1.199407 -0.209446
1769100739.423651 13.156085 1.198538 -0.210395
1769100739.473660 13.162372 1.197196 -0.211028
1769100739.513693 13.166629 1.196284 -0.212293
1769100739.573684 13.170835 1.195377 -0.212926
1769100739.623659 13.177193 1.194002 -0.213875
1769100739.663715 13.181423 1.193084 -0.212926
1769100739.713671 13.185777 1.192142 -0.212926
1769100739.768679 13.190007 1.191228 -0.213243
1769100739.813660 13.196315 1.189862 -0.213559
1769100739.873679 13.200298 1.188998 -0.213243
1769100739.913656 13.206680 1.187616 -0.213243
1769100739.963658 13.210712 1.186743 -0.214824
1769100740.018716 13.214792 1.185853 -0.215141
1769100740.063682 13.220875 1.184524 -0.215141
1769100740.113676 13.224782 1.183670 -0.215774
1769100740.173689 13.229035 1.182738 -0.215141
1769100740.213668 13.235216 1.181387 -0.214508
1769100740.278715 13.239050 1.180552 -0.214192
1769100740.318659 13.245183 1.179218 -0.212926
1769100740.368709 13.249389 1.178308 -0.211661
1769100740.428655 13.253348 1.177458 -0.211028
1769100740.468673 13.259585 1.176122 -0.209762
1769100740.528659 13.263447 1.175299 -0.209762
1769100740.568665 13.269809 1.173945 -0.209446
1769100740.613669 13.273993 1.173056 -0.210395
1769100740.668695 13.278201 1.172157 -0.211661
1769100740.718666 13.282482 1.171237 -0.213243
1769100740.763666 13.288864 1.169855 -0.215141
1769100740.813663 13.293167 1.168915 -0.216406
1769100740.868664 13.297444 1.167975 -0.217356
1769100740.913670 13.303845 1.166561 -0.218305
1769100740.973705 13.307897 1.165662 -0.218305
1769100741.018676 13.314001 1.164308 -0.217356
1769100741.068673 13.318227 1.163375 -0.215774
1769100741.128650 13.322282 1.162486 -0.215774
1769100741.168679 13.328487 1.161126 -0.213559
1769100741.218671 13.332321 1.160294 -0.213875
1769100741.278689 13.336526 1.159381 -0.213243
1769100741.313673 13.342414 1.158106 -0.212610
1769100741.373662 13.346273 1.157273 -0.211977
1769100741.418667 13.352311 1.155974 -0.211977
1769100741.463655 13.356493 1.155074 -0.212293
1769100741.523686 13.360699 1.154167 -0.212293
1769100741.568683 13.367008 1.152807 -0.212610
1769100741.613684 13.371239 1.151894 -0.212293
1769100741.673666 13.375470 1.150982 -0.211344
1769100741.718687 13.381632 1.149660 -0.211661
1769100741.763693 13.385814 1.148761 -0.211344
1769100741.823713 13.389996 1.147864 -0.211661
1769100741.863734 13.396306 1.146508 -0.212610
1769100741.918723 13.400611 1.145579 -0.214508
1769100741.973726 13.404766 1.144673 -0.215774
1769100742.018732 13.411145 1.143275 -0.216406
1769100742.068700 13.415397 1.142341 -0.217672
1769100742.128701 13.419573 1.141417 -0.217356
1769100742.173679 13.425826 1.140036 -0.216406
1769100742.213691 13.430053 1.139107 -0.216723
1769100742.278677 13.434157 1.138203 -0.215457
1769100742.333691 13.440387 1.136839 -0.212926
1769100742.363693 13.444568 1.135935 -0.211977
1769100742.413704 13.448676 1.135051 -0.211344
1769100742.468685 13.452784 1.134170 -0.210079
1769100742.513722 13.458973 1.132851 -0.209446
1769100742.568708 13.463256 1.131940 -0.210395
1769100742.618708 13.467315 1.131073 -0.211028
1769100742.663684 13.473676 1.129711 -0.211977
1769100742.718704 13.477882 1.128805 -0.213243
1769100742.768708 13.482137 1.127884 -0.213875
1769100742.813704 13.488518 1.126498 -0.214508
1769100742.863777 13.492797 1.125566 -0.215457
1769100742.923700 13.497099 1.124624 -0.216723
1769100742.968674 13.503575 1.123198 -0.216090
1769100743.013730 13.507605 1.122314 -0.216406
1769100743.073699 13.511758 1.121401 -0.215774
1769100743.118739 13.518038 1.120024 -0.215141
1769100743.163723 13.522167 1.119122 -0.215457
1769100743.218715 13.526321 1.118213 -0.215457
1769100743.268703 13.532453 1.116871 -0.216090
1769100743.328720 13.536606 1.115959 -0.215457
1769100743.373716 13.542590 1.114650 -0.214824
1769100743.413745 13.546744 1.113743 -0.214824
1769100743.468724 13.550849 1.112848 -0.212926
1769100743.518722 13.555030 1.111944 -0.212610
1769100743.563748 13.561290 1.110592 -0.211028
1769100743.623724 13.565546 1.109680 -0.210395
1769100743.663746 13.571636 1.108380 -0.209762
1769100743.718750 13.575572 1.107542 -0.209446
1769100743.773725 13.579706 1.106663 -0.209130
1769100743.813743 13.586020 1.105323 -0.210079
1769100743.863748 13.590278 1.104415 -0.211344
1769100743.923787 13.594262 1.103561 -0.213559
1769100743.968736 13.600644 1.102177 -0.215457
1769100744.018768 13.604723 1.101284 -0.216406
1769100744.073731 13.609000 1.100344 -0.217988
1769100744.118734 13.615326 1.098942 -0.217356
1769100744.178779 13.619553 1.098009 -0.217672
1769100744.213733 13.625632 1.096664 -0.216406
1769100744.263705 13.629587 1.095795 -0.214508
1769100744.323714 13.633569 1.094927 -0.213559
1769100744.368710 13.639679 1.093602 -0.211977
1769100744.413712 13.643786 1.092718 -0.211344
1769100744.473716 13.647944 1.091826 -0.210079
1769100744.518724 13.654182 1.090496 -0.210711
1769100744.573716 13.658117 1.089654 -0.211661
1769100744.613736 13.664130 1.088362 -0.211977
1769100744.663795 13.668188 1.087489 -0.211977
1769100744.723811 13.672395 1.086584 -0.213243
1769100744.768721 13.678480 1.085266 -0.213243
1769100744.823735 13.682562 1.084382 -0.213559
1769100744.868725 13.688746 1.083041 -0.214192
1769100744.913735 13.693025 1.082110 -0.213875
1769100744.978740 13.697131 1.081219 -0.213875
1769100745.013746 13.703462 1.079843 -0.213875
1769100745.068733 13.707519 1.078962 -0.214508
1769100745.128747 13.711698 1.078052 -0.216090
1769100745.163737 13.717978 1.076673 -0.216723
1769100745.213745 13.722205 1.075743 -0.217672
1769100745.278733 13.726307 1.074835 -0.217672
1769100745.318730 13.732510 1.073463 -0.217356
1769100745.363745 13.736637 1.072552 -0.217672
1769100745.423737 13.740765 1.071639 -0.216090
1769100745.468739 13.747019 1.070266 -0.213875
1769100745.513744 13.751150 1.069369 -0.212926
1769100745.573745 13.755331 1.068465 -0.211344
1769100745.613736 13.761369 1.067169 -0.209446
1769100745.663740 13.765479 1.066296 -0.208180
1769100745.723769 13.769615 1.065422 -0.208497
1769100745.763780 13.775681 1.064139 -0.209446
1769100745.823742 13.779717 1.063281 -0.211028
1769100745.868779 13.785879 1.061961 -0.212610
1769100745.918776 13.790061 1.061058 -0.213559
1769100745.973846 13.794142 1.060173 -0.213875
1769100746.013762 13.800325 1.058830 -0.216406
1769100746.068758 13.804478 1.057917 -0.217672
1769100746.118748 13.808532 1.057020 -0.217039
1769100746.168762 13.814810 1.055636 -0.216406
1769100746.223740 13.819061 1.054701 -0.215774
1769100746.268735 13.825119 1.053374 -0.214824
1769100746.318741 13.829001 1.052527 -0.213243
1769100746.373742 13.833182 1.051621 -0.212293
1769100746.413750 13.839367 1.050288 -0.212926
1769100746.468766 13.843524 1.049389 -0.212293
1769100746.523759 13.847383 1.048557 -0.212926
1769100746.563758 13.853494 1.047236 -0.213243
1769100746.623757 13.857378 1.046395 -0.212293
1769100746.663753 13.863662 1.045041 -0.213559
1769100746.718776 13.867645 1.044177 -0.212610
1769100746.773761 13.871628 1.043317 -0.212293
1769100746.813754 13.877987 1.041947 -0.211977
1769100746.863754 13.882243 1.041031 -0.211344
1769100746.923748 13.886475 1.040123 -0.211661
1769100746.968749 13.892612 1.038804 -0.211661
1769100747.013768 13.896843 1.037895 -0.211977
1769100747.068766 13.901050 1.036990 -0.213875
1769100747.118762 13.907233 1.035647 -0.215774
1769100747.178753 13.911486 1.034714 -0.217039
1769100747.213755 13.917813 1.033319 -0.218937
1769100747.263757 13.921816 1.032429 -0.218937
1769100747.323754 13.926041 1.031489 -0.219254
1769100747.368755 13.932241 1.030107 -0.218305
1769100747.413781 13.936170 1.029235 -0.216723
1769100747.473780 13.940323 1.028321 -0.216090
1769100747.518750 13.946330 1.027002 -0.213875
1769100747.563775 13.950511 1.026094 -0.211661
1769100747.618751 13.954519 1.025233 -0.209762
1769100747.663759 13.960758 1.023905 -0.209130
1769100747.718775 13.964695 1.023069 -0.209446
1769100747.768840 13.968879 1.022180 -0.209762
1769100747.813828 13.974919 1.020894 -0.211028
1769100747.873790 13.979102 1.019998 -0.211977
1769100747.913796 13.985238 1.018677 -0.213243
1769100747.968788 13.989345 1.017788 -0.213875
1769100748.018777 13.993327 1.016923 -0.214824
1769100748.068756 13.999509 1.015574 -0.214824
1769100748.128781 14.003787 1.014641 -0.215774
1769100748.168790 14.010166 1.013243 -0.214508
1769100748.213780 14.014469 1.012305 -0.215774
1769100748.278778 14.018647 1.011389 -0.214824
1769100748.318779 14.024904 1.010024 -0.213875
1769100748.363772 14.029084 1.009116 -0.214824
1769100748.413784 14.033312 1.008194 -0.215141
1769100748.468784 14.037467 1.007286 -0.215141
1769100748.513793 14.043673 1.005930 -0.215457
1769100748.573789 14.047777 1.005031 -0.214192
1769100748.618803 14.053787 1.003724 -0.213875
1769100748.663789 14.057770 1.002859 -0.213559
1769100748.728771 14.061925 1.001958 -0.212926
1769100748.763776 14.068209 1.000599 -0.211661
1769100748.813777 14.072416 0.999695 -0.210395
1769100748.878776 14.076624 0.998797 -0.210395
1769100748.918875 14.082738 0.997491 -0.210079
1769100748.968781 14.086871 0.996610 -0.210395
1769100749.023769 14.091104 0.995706 -0.212610
1769100749.068795 14.097463 0.994333 -0.214192
1769100749.118792 14.101791 0.993392 -0.215141
1769100749.173793 14.105994 0.992473 -0.217039
1769100749.213783 14.112396 0.991061 -0.219254
1769100749.268779 14.116645 0.990114 -0.218621
1769100749.323772 14.120821 0.989187 -0.219570
1769100749.368784 14.127194 0.987764 -0.218305
1769100749.418783 14.131346 0.986843 -0.217039
1769100749.478783 14.135473 0.985933 -0.215457
1769100749.518784 14.141630 0.984586 -0.213875
1769100749.563786 14.145785 0.983683 -0.212610
1769100749.613795 14.149892 0.982797 -0.211344
1769100749.668797 14.154025 0.981910 -0.211661
1769100749.718802 14.160187 0.980586 -0.211344
1769100749.768806 14.164369 0.979689 -0.211028
1769100749.823805 14.168552 0.978793 -0.211977
1769100749.863832 14.174812 0.977445 -0.212293
1769100749.913861 14.179142 0.976512 -0.212610
1769100749.973809 14.183249 0.975626 -0.213243
1769100750.018815 14.189681 0.974233 -0.213243
1769100750.068812 14.193935 0.973312 -0.212610
1769100750.123796 14.197993 0.972436 -0.212610
1769100750.163817 14.204277 0.971079 -0.212610
1769100750.218800 14.208483 0.970171 -0.213243
1769100750.268803 14.212713 0.969255 -0.212926
1769100750.318800 14.219046 0.967886 -0.215457
1769100750.368803 14.223274 0.966961 -0.215774
1769100750.423818 14.227477 0.966039 -0.216406
1769100750.468818 14.233756 0.964659 -0.217039
1769100750.518816 14.237859 0.963754 -0.216406
1769100750.568799 14.242062 0.962830 -0.215774
1769100750.618799 14.248317 0.961459 -0.214824
1769100750.663807 14.252422 0.960564 -0.214192
1769100750.728799 14.256626 0.959649 -0.212293
1769100750.768767 14.262837 0.958310 -0.210711
1769100750.813822 14.267020 0.957416 -0.210395
1769100750.873812 14.271129 0.956538 -0.209762
1769100750.918815 14.277342 0.955215 -0.212610
1769100750.968811 14.281573 0.954302 -0.215457
1769100751.023837 14.285578 0.953425 -0.219887
1769100751.068817 14.291927 0.952007 -0.227163
1769100751.113812 14.296144 0.951032 -0.232542
1769100751.168806 14.300183 0.950075 -0.237604
1769100751.218818 14.306407 0.948568 -0.244881
1769100751.273808 14.310581 0.947525 -0.250576
1769100751.318811 14.316809 0.945931 -0.255638
1769100751.363806 14.320923 0.944856 -0.260067
1769100751.423815 14.325081 0.943749 -0.263231
1769100751.468850 14.331313 0.942070 -0.267977
1769100751.513850 14.335365 0.940957 -0.271773
1769100751.573828 14.339485 0.939809 -0.275886
1769100751.618817 14.345549 0.938092 -0.281265
1769100751.663821 14.349537 0.936940 -0.285694
1769100751.723846 14.353423 0.935799 -0.288858
1769100751.768841 14.359318 0.934047 -0.294869
1769100751.823844 14.363193 0.932870 -0.299299
1769100751.868816 14.369119 0.931041 -0.305310
1769100751.918842 14.373247 0.929740 -0.309423
1769100751.968846 14.377152 0.928492 -0.313853
1769100752.013858 14.383026 0.926585 -0.318915
1769100752.068849 14.387136 0.925228 -0.323028
1769100752.123830 14.391289 0.923838 -0.327141
1769100752.163819 14.397329 0.921789 -0.334734
1769100752.213836 14.401464 0.920350 -0.340112
1769100752.268832 14.405354 0.918974 -0.344858
1769100752.318837 14.411571 0.916741 -0.353400
1769100752.368827 14.415560 0.915269 -0.358463
1769100752.418830 14.419471 0.913804 -0.362576
1769100752.463837 14.425435 0.911541 -0.369536
1769100752.528888 14.429187 0.910088 -0.373016
1769100752.568829 14.435080 0.907782 -0.376813
1769100752.618827 14.438916 0.906264 -0.379660
1769100752.673830 14.442889 0.904679 -0.383141
1769100752.718835 14.448641 0.902360 -0.387254
1769100752.768835 14.452648 0.900726 -0.390734
1769100752.823838 14.456486 0.899145 -0.395796
1769100752.863851 14.462325 0.896705 -0.400858
1769100752.918836 14.466333 0.895007 -0.405920
1769100752.973823 14.470054 0.893407 -0.410982
1769100753.018837 14.476087 0.890778 -0.419208
1769100753.073853 14.479809 0.889120 -0.423954
1769100753.118826 14.485507 0.886548 -0.431864
1769100753.168840 14.489461 0.884726 -0.436926
1769100753.218834 14.493153 0.883001 -0.441671
1769100753.263833 14.498828 0.880318 -0.448632
1769100753.323914 14.502682 0.878463 -0.452745
1769100753.368873 14.508235 0.875761 -0.459073
1769100753.418838 14.511979 0.873911 -0.461920
1769100753.473835 14.515808 0.872005 -0.464767
1769100753.513855 14.521352 0.869225 -0.470146
1769100753.573839 14.525188 0.867276 -0.473310
1769100753.618853 14.530437 0.864588 -0.478056
1769100753.663843 14.534190 0.862643 -0.481536
1769100753.723850 14.537734 0.860791 -0.484700
1769100753.763866 14.543243 0.857890 -0.490395
1769100753.813902 14.546816 0.855982 -0.494824
1769100753.868902 14.550447 0.854023 -0.498937
1769100753.918877 14.556047 0.850971 -0.506530
1769100753.973876 14.559677 0.848957 -0.510959
1769100754.018932 14.565219 0.845851 -0.518236
1769100754.063946 14.569000 0.843694 -0.523931
1769100754.123862 14.572901 0.841440 -0.527728
1769100754.168861 14.578390 0.838241 -0.535005
1769100754.218859 14.582201 0.835983 -0.540383
1769100754.273861 14.585934 0.833743 -0.544180
1769100754.318861 14.591369 0.830454 -0.550824
1769100754.363861 14.594949 0.828255 -0.554620
1769100754.428855 14.598521 0.826042 -0.557784
1769100754.463864 14.603889 0.822693 -0.562846
1769100754.513887 14.607379 0.820492 -0.567592
1769100754.568875 14.610793 0.818315 -0.570756
1769100754.618891 14.615990 0.814978 -0.577716
1769100754.663882 14.619531 0.812670 -0.581829
1769100754.723871 14.623147 0.810291 -0.585310
1769100754.763873 14.628548 0.806711 -0.592270
1769100754.818868 14.632181 0.804267 -0.595750
1769100754.873889 14.635868 0.801767 -0.599547
1769100754.918869 14.641197 0.798125 -0.606191
1769100754.968880 14.644775 0.795645 -0.609988
1769100755.023866 14.648384 0.793122 -0.614417
1769100755.068860 14.653658 0.789401 -0.622327
1769100755.113883 14.657216 0.786849 -0.627705
1769100755.178889 14.660699 0.784322 -0.634033
1769100755.213894 14.665878 0.780513 -0.642259
1769100755.268876 14.669364 0.777906 -0.646688
1769100755.328884 14.672758 0.775344 -0.651117
1769100755.368867 14.677791 0.771509 -0.656812
1769100755.418883 14.680998 0.769036 -0.659976
1769100755.478857 14.684377 0.766413 -0.664089
1769100755.518871 14.689380 0.762498 -0.667569
1769100755.568878 14.692680 0.759897 -0.670100
1769100755.628886 14.696052 0.757224 -0.672631
1769100755.663879 14.700982 0.753298 -0.677377
1769100755.713916 14.704216 0.750696 -0.681174
1769100755.773906 14.707519 0.748018 -0.685603
1769100755.818868 14.712652 0.743820 -0.693196
1769100755.863904 14.715767 0.741232 -0.698259
1769100755.923893 14.719083 0.738450 -0.704270
1769100755.963931 14.723886 0.734369 -0.711547
1769100756.028928 14.727010 0.731675 -0.716925
1769100756.063902 14.731742 0.727550 -0.724518
1769100756.118951 14.734850 0.724799 -0.728948
1769100756.168889 14.738078 0.721916 -0.733061
1769100756.218885 14.742649 0.717801 -0.737807
1769100756.263870 14.745814 0.714923 -0.741919
1769100756.323913 14.749042 0.711965 -0.744134
1769100756.363877 14.753753 0.707627 -0.750145
1769100756.418877 14.756901 0.704694 -0.753942
1769100756.473979 14.759945 0.701835 -0.758055
1769100756.518915 14.764577 0.697450 -0.763750
1769100756.563925 14.767612 0.694544 -0.768179
1769100756.623911 14.770670 0.691589 -0.773241
1769100756.663906 14.775198 0.687170 -0.780202
1769100756.718896 14.778185 0.684214 -0.784631
1769100756.773901 14.781265 0.681138 -0.789061
1769100756.818906 14.785705 0.676666 -0.794439
1769100756.863969 14.788774 0.673542 -0.799818
1769100756.923895 14.791807 0.670419 -0.804247
1769100756.968907 14.796425 0.665624 -0.812157
1769100757.018916 14.799541 0.662336 -0.816902
1769100757.073911 14.802487 0.659199 -0.821965
1769100757.118886 14.806846 0.654509 -0.829241
1769100757.173921 14.809633 0.651466 -0.832722
1769100757.218897 14.813652 0.647047 -0.839049
1769100757.263905 14.816476 0.643903 -0.843162
1769100757.323905 14.819085 0.640973 -0.846642
1769100757.363915 14.823143 0.636385 -0.851705
1769100757.428904 14.825844 0.633300 -0.854236
1769100757.463920 14.829817 0.628738 -0.858981
1769100757.513896 14.832479 0.625653 -0.863094
1769100757.573915 14.835194 0.622479 -0.866575
1769100757.618980 14.839324 0.617618 -0.871637
1769100757.663917 14.842060 0.614364 -0.876066
1769100757.718937 14.844750 0.611136 -0.881128
1769100757.763941 14.848696 0.606352 -0.886507
1769100757.823971 14.851368 0.603077 -0.891885
1769100757.863975 14.855357 0.598133 -0.899162
1769100757.923951 14.857877 0.594962 -0.902959
1769100757.968921 14.861623 0.590213 -0.909603
1769100758.018925 14.864188 0.586917 -0.914349
1769100758.068935 14.866860 0.583448 -0.920360
1769100758.118901 14.870676 0.578432 -0.927004
1769100758.163908 14.873229 0.575031 -0.930800
1769100758.223912 14.875829 0.571539 -0.935863
1769100758.263912 14.879507 0.566547 -0.941874
1769100758.313924 14.882068 0.563026 -0.945038
1769100758.373924 14.884543 0.559600 -0.948518
1769100758.418948 14.888305 0.554356 -0.953264
1769100758.463906 14.890738 0.550930 -0.957060
1769100758.523928 14.893202 0.547434 -0.959908
1769100758.563921 14.896846 0.542230 -0.964654
1769100758.613923 14.899239 0.538777 -0.969083
1769100758.668926 14.901532 0.535438 -0.973512
1769100758.718916 14.905048 0.530269 -0.980789
1769100758.768937 14.907414 0.526735 -0.985218
1769100758.818941 14.909834 0.523086 -0.991230
1769100758.864001 14.913299 0.517792 -0.999456
1769100758.923911 14.915530 0.514321 -1.004834
1769100758.963946 14.919072 0.508745 -1.012744
1769100759.018923 14.921297 0.505181 -1.017173
1769100759.068941 14.923560 0.501521 -1.021603
1769100759.118928 14.926836 0.496167 -1.026665
1769100759.173928 14.928920 0.492724 -1.030145
1769100759.213917 14.931955 0.487668 -1.034258
1769100759.278914 14.934012 0.484209 -1.037738
1769100759.323977 14.937138 0.478912 -1.043117
1769100759.368944 14.939126 0.475500 -1.045648
1769100759.423944 14.941232 0.471865 -1.050077
1769100759.463985 14.944305 0.466508 -1.055772
1769100759.513952 14.946274 0.463027 -1.059569
1769100759.568916 14.948429 0.459186 -1.063998
1769100759.618945 14.951488 0.453676 -1.071275
1769100759.673923 14.953489 0.450010 -1.075388
1769100759.718966 14.956461 0.444510 -1.080766
1769100759.763944 14.958498 0.440691 -1.084879
1769100759.823939 14.960507 0.436887 -1.088043
1769100759.863957 14.963539 0.431103 -1.095636
1769100759.918928 14.965565 0.427164 -1.101015
1769100759.973979 14.967513 0.423327 -1.105444
1769100760.019043 14.970454 0.417469 -1.113354
1769100760.063948 14.972355 0.413608 -1.119049
1769100760.128929 14.974211 0.409783 -1.124111
1769100760.168936 14.976977 0.404008 -1.130122
1769100760.223954 14.978791 0.400162 -1.135184
1769100760.263933 14.980596 0.396284 -1.137399
1769100760.318944 14.982318 0.392562 -1.141196
1769100760.363946 14.984975 0.386764 -1.145625
1769100760.413937 14.986708 0.382936 -1.148156
1769100760.468947 14.988462 0.379035 -1.152269
1769100760.513946 14.991137 0.373022 -1.157331
1769100760.563954 14.992835 0.369151 -1.160811
1769100760.618961 14.994560 0.365182 -1.166190
1769100760.663951 14.997121 0.359202 -1.173467
1769100760.719010 14.998786 0.355235 -1.179162
1769100760.768935 15.000486 0.351117 -1.184224
1769100760.813946 15.002920 0.345139 -1.192766
1769100760.864014 15.004517 0.341117 -1.198777
1769100760.923955 15.005989 0.337344 -1.203207
1769100760.968939 15.008336 0.331250 -1.209534
1769100761.013970 15.009830 0.327296 -1.214280
1769100761.068971 15.011314 0.323311 -1.217444
1769100761.118956 15.013556 0.317232 -1.223772
1769100761.173969 15.014908 0.313495 -1.226619
1769100761.213955 15.017017 0.307610 -1.231998
1769100761.263953 15.018439 0.303576 -1.235478
1769100761.324017 15.019830 0.299584 -1.238325
1769100761.368951 15.021903 0.293579 -1.243704
1769100761.418946 15.023188 0.289792 -1.248133
1769100761.468970 15.024528 0.285784 -1.252879
1769100761.518949 15.026514 0.279749 -1.258258
1769100761.563961 15.027814 0.275727 -1.263003
1769100761.623963 15.029140 0.271554 -1.266483
1769100761.663960 15.030998 0.265638 -1.273128
1769100761.713985 15.032268 0.261500 -1.278506
1769100761.778969 15.033522 0.257331 -1.282935
1769100761.819011 15.035405 0.250973 -1.290529
1769100761.874099 15.036560 0.246959 -1.295907
1769100761.919005 15.038305 0.240772 -1.302868
1769100761.968958 15.039444 0.236622 -1.306664
1769100762.023978 15.040574 0.232444 -1.311410
1769100762.068983 15.042158 0.226475 -1.317105
1769100762.113978 15.043206 0.222433 -1.320585
1769100762.173982 15.044184 0.218607 -1.323749
1769100762.218976 15.045707 0.212570 -1.329444
1769100762.263977 15.046711 0.208490 -1.333240
1769100762.333976 15.047706 0.204382 -1.337353
1769100762.368978 15.049088 0.198570 -1.342416
1769100762.418973 15.050044 0.194453 -1.347161
1769100762.468980 15.051027 0.190134 -1.351274
1769100762.518990 15.052443 0.183785 -1.357286
1769100762.573953 15.053312 0.179778 -1.362348
1769100762.618980 15.054690 0.173266 -1.367726
1769100762.663982 15.055532 0.169175 -1.372472
1769100762.718979 15.056340 0.165155 -1.377534
1769100762.768995 15.057560 0.158920 -1.384178
1769100762.828978 15.058316 0.154916 -1.388291
1769100762.863988 15.059483 0.148594 -1.396517
1769100762.913986 15.060198 0.144531 -1.401263
1769100762.968987 15.060873 0.140589 -1.406958
1769100763.018992 15.061893 0.134421 -1.412969
1769100763.074000 15.062529 0.130422 -1.416766
1769100763.118988 15.063500 0.124169 -1.422461
1769100763.163990 15.064136 0.119913 -1.425624
1769100763.228992 15.064722 0.115906 -1.428788
1769100763.263988 15.065614 0.109667 -1.432901
1769100763.318996 15.066174 0.105631 -1.435749
1769100763.368993 15.066716 0.101643 -1.438596
1769100763.413998 15.067526 0.095546 -1.443342
1769100763.469005 15.068041 0.091530 -1.447139
1769100763.513995 15.068815 0.085300 -1.454732
1769100763.563997 15.069308 0.081077 -1.460427
1769100763.619001 15.069790 0.076725 -1.465172
1769100763.663987 15.070425 0.070734 -1.473398
1769100763.724059 15.070854 0.066351 -1.479093
1769100763.769015 15.071433 0.060050 -1.486686
1769100763.814038 15.071797 0.055737 -1.491432
1769100763.868998 15.072132 0.051524 -1.495545
1769100763.918977 15.072581 0.045567 -1.500607
1769100763.974041 15.072872 0.041427 -1.503771
1769100764.019014 15.073286 0.035265 -1.508201
1769100764.064020 15.073539 0.031223 -1.511364
1769100764.118996 15.073791 0.026978 -1.515161
1769100764.163983 15.074135 0.020812 -1.520223
1769100764.224014 15.074341 0.016742 -1.524336
1769100764.269001 15.074634 0.010447 -1.530347
1769100764.314051 15.074799 0.006350 -1.535410
1769100764.374048 15.074941 0.002353 -1.539206
1769100764.419006 15.075142 -0.004022 -1.546167
1769100764.464077 15.075244 -0.008146 -1.550280
1769100764.524005 15.075333 -0.012474 -1.555025
1769100764.569014 15.075434 -0.018902 -1.561986
1769100764.619005 15.075472 -0.023255 -1.566415
1769100764.669008 15.075491 -0.027406 -1.570212
1769100764.719026 15.075495 -0.034088 -1.577172
1769100764.774022 15.075466 -0.038543 -1.582867
1769100764.819022 15.075390 -0.044870 -1.589827
1769100764.863985 15.075306 -0.049248 -1.593940
1769100764.914006 15.075207 -0.053549 -1.599003
1769100764.973988 15.075088 -0.057749 -1.603432
1769100765.019037 15.074881 -0.064099 -1.608811
1769100765.074073 15.074719 -0.068348 -1.612607
1769100765.119081 15.074470 -0.074316 -1.618302
1769100765.169019 15.074269 -0.078538 -1.621149
1769100765.224030 15.074061 -0.082659 -1.624630
1769100765.264016 15.073730 -0.088800 -1.628743
1769100765.319029 15.073493 -0.092894 -1.632539
1769100765.374060 15.073224 -0.097239 -1.636336
1769100765.419014 15.072798 -0.103730 -1.642980
1769100765.469030 15.072472 -0.108249 -1.647726
1769100765.524029 15.072143 -0.112513 -1.652471
1769100765.564021 15.071627 -0.118820 -1.658799
1769100765.619030 15.071266 -0.122904 -1.664494
1769100765.669036 15.070861 -0.127214 -1.669873
1769100765.719015 15.070245 -0.133410 -1.677466
1769100765.779105 15.069814 -0.137436 -1.682528
1769100765.814033 15.069100 -0.143800 -1.689172
1769100765.864102 15.068592 -0.148073 -1.692336
1769100765.924054 15.068067 -0.152369 -1.697714
1769100765.969030 15.067289 -0.158470 -1.703726
1769100766.029101 15.066745 -0.162534 -1.706889
1769100766.074024 15.065897 -0.168728 -1.711635
1769100766.119024 15.065286 -0.173038 -1.714799
1769100766.174029 15.064705 -0.177046 -1.717963
1769100766.219033 15.063799 -0.183155 -1.722392
1769100766.264029 15.063180 -0.187208 -1.726189
1769100766.319040 15.062549 -0.191234 -1.729669
1769100766.364024 15.061588 -0.197232 -1.736629
1769100766.424038 15.060916 -0.201251 -1.740110
1769100766.464015 15.059879 -0.207314 -1.747387
1769100766.514066 15.059106 -0.211650 -1.751816
1769100766.574028 15.058313 -0.215982 -1.756245
1769100766.614051 15.057099 -0.222450 -1.760675
1769100766.674036 15.056311 -0.226551 -1.762889
1769100766.719033 15.055093 -0.232812 -1.764788
1769100766.764085 15.054249 -0.237108 -1.764471
1769100766.829038 15.053411 -0.241380 -1.764471
1769100766.869052 15.052159 -0.247764 -1.763522
1769100766.914040 15.051355 -0.251887 -1.763522
1769100766.979092 15.050545 -0.256036 -1.761307
1769100767.019052 15.049409 -0.261926 -1.760358
1769100767.069042 15.048637 -0.265953 -1.759725
1769100767.119049 15.047900 -0.269806 -1.759409
1769100767.164029 15.046756 -0.275798 -1.758460
1769100767.214039 15.045958 -0.280001 -1.758144
1769100767.274038 15.045161 -0.284203 -1.758460
1769100767.319049 15.043953 -0.290569 -1.759093
1769100767.374052 15.043190 -0.294572 -1.758144
1769100767.414082 15.042025 -0.300714 -1.758460
1769100767.469048 15.041241 -0.304842 -1.758460
1769100767.524041 15.040429 -0.309119 -1.758460
1769100767.564110 15.039258 -0.315286 -1.757827
1769100767.629023 15.038486 -0.319365 -1.758460
1769100767.664051 15.037339 -0.325407 -1.759409
1769100767.714050 15.036532 -0.329634 -1.760042
1769100767.774072 15.035727 -0.333835 -1.761624
1769100767.819046 15.034532 -0.340023 -1.763206
1769100767.864116 15.033748 -0.344047 -1.763838
1769100767.919118 15.032937 -0.348196 -1.764155
1769100767.964150 15.031692 -0.354554 -1.764155
1769100768.024077 15.030904 -0.358578 -1.762889
1769100768.069033 15.029764 -0.364442 -1.762257
1769100768.129069 15.028979 -0.368492 -1.760675
1769100768.164040 15.027808 -0.374582 -1.759093
1769100768.214047 15.027050 -0.378560 -1.757827
1769100768.269059 15.026297 -0.382539 -1.756562
1769100768.314101 15.025180 -0.388484 -1.756245
1769100768.374063 15.024438 -0.392440 -1.756562
1769100768.414058 15.023278 -0.398609 -1.756562
1769100768.474079 15.022535 -0.402564 -1.758144
1769100768.519055 15.021399 -0.408557 -1.758460
1769100768.564048 15.020629 -0.412610 -1.760042
1769100768.619063 15.019848 -0.416687 -1.761307
1769100768.664066 15.018631 -0.423000 -1.761940
1769100768.724076 15.017838 -0.427100 -1.762889
1769100768.764061 15.016620 -0.433361 -1.762889
1769100768.814096 15.015828 -0.437435 -1.764155
1769100768.864044 15.015035 -0.441484 -1.763838
1769100768.919074 15.013850 -0.447545 -1.763206
1769100768.969064 15.013085 -0.451470 -1.761940
1769100769.014073 15.011931 -0.457434 -1.761940
1769100769.064064 15.011123 -0.461609 -1.761940
1769100769.124076 15.010315 -0.465784 -1.761940
1769100769.164115 15.009152 -0.471798 -1.760675
1769100769.229070 15.008344 -0.475998 -1.760358
1769100769.269056 15.007176 -0.482088 -1.759409
1769100769.314046 15.006374 -0.486290 -1.758460
1769100769.364084 15.005567 -0.490542 -1.757511
1769100769.419069 15.004763 -0.494795 -1.757194
1769100769.464064 15.003558 -0.501187 -1.757511
1769100769.524089 15.002764 -0.505390 -1.756562
1769100769.569078 15.001632 -0.511410 -1.756562
1769100769.614064 15.000842 -0.515614 -1.756878
1769100769.669072 15.000084 -0.519643 -1.757511
1769100769.719085 14.998918 -0.525811 -1.759409
1769100769.764094 14.998097 -0.530113 -1.760358
1769100769.824095 14.997263 -0.534463 -1.761940
1769100769.864097 14.996070 -0.540625 -1.763838
1769100769.924114 14.995288 -0.544625 -1.764788
1769100769.964082 14.994073 -0.550809 -1.763838
1769100770.014080 14.993282 -0.554858 -1.762889
1769100770.069109 14.992499 -0.558883 -1.762889
1769100770.119082 14.991349 -0.564796 -1.761624
1769100770.169077 14.990557 -0.568896 -1.760042
1769100770.214082 14.989419 -0.574838 -1.755296
1769100770.269090 14.988690 -0.578744 -1.751816
1769100770.319091 14.987961 -0.582727 -1.748652
1769100770.364094 14.986833 -0.589005 -1.742324
1769100770.424073 14.986141 -0.592995 -1.738528
1769100770.464088 14.985085 -0.599234 -1.732200
1769100770.514087 14.984402 -0.603431 -1.729036
1769100770.574102 14.983704 -0.607805 -1.724923
1769100770.619097 14.982701 -0.614258 -1.717963
1769100770.664095 14.982063 -0.618564 -1.713533
1769100770.724110 14.981461 -0.622748 -1.710686
1769100770.769166 14.980551 -0.629215 -1.704991
1769100770.814104 14.979999 -0.633303 -1.701511
1769100770.864099 14.979435 -0.637594 -1.698031
1769100770.914104 14.978683 -0.643469 -1.693601
1769100770.974105 14.978159 -0.647714 -1.689488
1769100771.019097 14.977401 -0.654073 -1.684110
1769100771.069083 14.976914 -0.658348 -1.680313
1769100771.124083 14.976464 -0.662449 -1.674935
1769100771.169082 14.975793 -0.668868 -1.668291
1769100771.219102 14.975379 -0.673100 -1.662596
1769100771.264100 14.975003 -0.677183 -1.658166
1769100771.319097 14.974477 -0.683184 -1.651206
1769100771.374095 14.974136 -0.687423 -1.645511
1769100771.414108 14.973682 -0.693481 -1.638551
1769100771.464104 14.973398 -0.697672 -1.634121
1769100771.524099 14.973145 -0.701664 -1.630325
1769100771.564084 14.972779 -0.707803 -1.621782
1769100771.614089 14.972576 -0.711772 -1.615771
1769100771.669101 14.972387 -0.715969 -1.608811
1769100771.714108 14.972140 -0.722469 -1.597104
1769100771.769095 14.972031 -0.726619 -1.588246
1769100771.814119 14.971924 -0.732768 -1.576539
1769100771.864131 14.971899 -0.737122 -1.569579
1769100771.924109 14.971904 -0.741526 -1.561986
1769100771.964136 14.971962 -0.748056 -1.549963
1769100772.024137 14.972047 -0.752180 -1.542686
1769100772.069116 14.972221 -0.758354 -1.533195
1769100772.114116 14.972376 -0.762476 -1.525285
1769100772.174112 14.972563 -0.766573 -1.518325
1769100772.214125 14.972901 -0.773018 -1.505353
1769100772.264096 14.973186 -0.777362 -1.495862
1769100772.319186 14.973483 -0.781325 -1.487319
1769100772.364110 14.974024 -0.787782 -1.472133
1769100772.429110 14.974415 -0.791736 -1.462958
1769100772.464090 14.975104 -0.798102 -1.448720
1769100772.514114 14.975591 -0.802072 -1.439862
1769100772.574118 14.976150 -0.806313 -1.431319
1769100772.614119 14.977029 -0.812579 -1.419297
1769100772.664121 14.977652 -0.816657 -1.412020
1769100772.719170 14.978280 -0.820581 -1.404110
1769100772.764130 14.979343 -0.826896 -1.391771
1769100772.824109 14.980068 -0.830906 -1.383229
1769100772.869126 14.981281 -0.837297 -1.370257
1769100772.914118 14.982154 -0.841588 -1.361715
1769100772.974108 14.983052 -0.845821 -1.353805
1769100773.019129 14.984420 -0.852025 -1.342732
1769100773.069112 14.985387 -0.856192 -1.336721
1769100773.124128 14.986403 -0.860452 -1.331975
1769100773.164127 14.987911 -0.866649 -1.325647
1769100773.214134 14.988907 -0.870627 -1.323116
1769100773.274133 14.989924 -0.874651 -1.318687
1769100773.314181 14.991540 -0.880926 -1.314890
1769100773.369130 14.992630 -0.885088 -1.311726
1769100773.424138 14.993712 -0.889174 -1.306981
1769100773.464111 14.995382 -0.895356 -1.300969
1769100773.514129 14.996482 -0.899332 -1.295591
1769100773.569123 14.997651 -0.903473 -1.291794
1769100773.614124 14.999394 -0.909556 -1.284834
1769100773.664175 15.000601 -0.913660 -1.281354
1769100773.719142 15.001792 -0.917663 -1.279772
1769100773.769150 15.003608 -0.923724 -1.277873
1769100773.819170 15.004785 -0.927626 -1.276924
1769100773.869148 15.006002 -0.931647 -1.275659
1769100773.914161 15.007776 -0.937483 -1.275342
1769100773.964134 15.009014 -0.941551 -1.275342
1769100774.019141 15.010274 -0.945692 -1.275659
1769100774.069153 15.012122 -0.951770 -1.275975
1769100774.114121 15.013336 -0.955766 -1.275659
1769100774.164129 15.015147 -0.961723 -1.276291
1769100774.224149 15.016344 -0.965671 -1.277241
1769100774.264136 15.018183 -0.971753 -1.277557
1769100774.314120 15.019448 -0.975944 -1.278506
1769100774.369139 15.020637 -0.979895 -1.278822
1769100774.414156 15.022437 -0.985882 -1.280404
1769100774.474146 15.023567 -0.989665 -1.281037
1769100774.514179 15.025361 -0.995681 -1.280404
1769100774.564135 15.026571 -0.999731 -1.280088
1769100774.624142 15.027804 -1.003853 -1.280088
1769100774.664128 15.029582 -1.009794 -1.279772
1769100774.714149 15.030758 -1.013722 -1.279772
1769100774.769155 15.031971 -1.017771 -1.277557
1769100774.814149 15.033800 -1.023829 -1.276924
1769100774.874131 15.034966 -1.027680 -1.277241
1769100774.914152 15.036834 -1.033859 -1.275659
1769100774.964139 15.038078 -1.037951 -1.275342
1769100775.024148 15.039331 -1.042067 -1.274709
1769100775.064157 15.041074 -1.047781 -1.275975
1769100775.114148 15.042302 -1.051825 -1.276924
1769100775.169169 15.043467 -1.055677 -1.275342
1769100775.219173 15.045369 -1.061924 -1.277241
1769100775.264172 15.046533 -1.065777 -1.278190
1769100775.314186 15.047818 -1.070042 -1.279455
1769100775.364196 15.049658 -1.076176 -1.281037
1769100775.429134 15.050916 -1.080396 -1.281670
1769100775.469206 15.052749 -1.086558 -1.281037
1769100775.514168 15.053921 -1.090488 -1.281670
1769100775.564157 15.055090 -1.094418 -1.281670
1769100775.614186 15.056850 -1.100337 -1.281037
1769100775.674153 15.058073 -1.104437 -1.280088
1769100775.714169 15.059857 -1.110402 -1.279455
1769100775.764164 15.061050 -1.114378 -1.279455
1769100775.814191 15.062242 -1.118354 -1.278190
1769100775.864165 15.063454 -1.122377 -1.278190
1769100775.914186 15.065206 -1.128193 -1.276924
1769100775.974186 15.066452 -1.132311 -1.276291
1769100776.019216 15.068260 -1.138270 -1.276291
1769100776.069186 15.069523 -1.142436 -1.275659
1769100776.114180 15.070760 -1.146504 -1.276291
1769100776.164171 15.072597 -1.152559 -1.275659
1769100776.219165 15.073797 -1.156507 -1.275975
1769100776.269281 15.075643 -1.162586 -1.276291
1769100776.314205 15.076877 -1.166655 -1.276924
1769100776.374177 15.078138 -1.170821 -1.277557
1769100776.414177 15.079960 -1.176855 -1.279139
1769100776.464153 15.081212 -1.181024 -1.279139
1769100776.519212 15.082449 -1.185145 -1.279772
1769100776.564174 15.084294 -1.191304 -1.281037
1769100776.614168 15.085465 -1.195233 -1.281037
1769100776.669171 15.086644 -1.199187 -1.280721
1769100776.714171 15.088490 -1.205372 -1.280404
1769100776.764172 15.089664 -1.209300 -1.279139
1769100776.819194 15.090894 -1.213397 -1.278822
1769100776.864171 15.092730 -1.219506 -1.277557
1769100776.924147 15.093879 -1.223310 -1.276608
1769100776.969177 15.095713 -1.229366 -1.276608
1769100777.019189 15.096954 -1.233459 -1.275659
1769100777.074187 15.098095 -1.237213 -1.275342
1769100777.114187 15.099959 -1.243339 -1.275026
1769100777.164161 15.101214 -1.247455 -1.275026
1769100777.224184 15.102483 -1.251619 -1.276924
1769100777.264181 15.104315 -1.257676 -1.276924
1769100777.314182 15.105598 -1.261915 -1.277241
1769100777.374239 15.106887 -1.266179 -1.278506
1769100777.419181 15.108791 -1.272505 -1.280088
1769100777.464247 15.109973 -1.276458 -1.279772
1769100777.514177 15.111237 -1.280677 -1.281037
1769100777.564202 15.113045 -1.286740 -1.281670
1769100777.624195 15.114185 -1.290574 -1.281670
1769100777.664212 15.115924 -1.296420 -1.281354
1769100777.714190 15.117059 -1.300229 -1.281037
1769100777.774200 15.118252 -1.304231 -1.280088
1769100777.814199 15.120058 -1.310269 -1.279139
1769100777.864193 15.121288 -1.314366 -1.280088
1769100777.919230 15.122485 -1.318367 -1.278506
1769100777.974308 15.124352 -1.324571 -1.277241
1769100778.019195 15.125597 -1.328690 -1.275975
1769100778.079335 15.126862 -1.332856 -1.275342
1769100778.114218 15.128734 -1.339006 -1.275342
1769100778.169191 15.129995 -1.343147 -1.275659
1769100778.224204 15.131261 -1.347312 -1.275659
1769100778.269219 15.133131 -1.353463 -1.275659
1769100778.314251 15.134390 -1.357604 -1.276608
1769100778.374201 15.135615 -1.361649 -1.276924
1769100778.419238 15.137492 -1.367851 -1.276924
1769100778.464199 15.138680 -1.371775 -1.278190
1769100778.519218 15.139936 -1.375944 -1.279455
1769100778.569205 15.141768 -1.382053 -1.280721
1769100778.619201 15.143020 -1.386249 -1.280404
1769100778.669209 15.144194 -1.390178 -1.281037
1769100778.714224 15.146060 -1.396436 -1.280404
1769100778.764238 15.147278 -1.400510 -1.279772
1769100778.824223 15.148512 -1.404632 -1.279139
1769100778.864208 15.150339 -1.410717 -1.278822
1769100778.914198 15.151527 -1.414668 -1.277873
1769100778.969199 15.152674 -1.418472 -1.277557
1769100779.014220 15.154488 -1.424481 -1.276924
1769100779.064219 15.155698 -1.428478 -1.275975
1769100779.114203 15.156956 -1.432620 -1.275026
1769100779.164236 15.158756 -1.438527 -1.276291
1769100779.224283 15.160019 -1.442693 -1.276291
1769100779.269225 15.161864 -1.448773 -1.276608
1769100779.314230 15.163126 -1.452939 -1.275975
1769100779.374207 15.164369 -1.457032 -1.276924
1769100779.419219 15.166253 -1.463258 -1.277241
1769100779.464211 15.167461 -1.467256 -1.278822
1769100779.519227 15.168634 -1.471158 -1.279772
1769100779.564197 15.170501 -1.477390 -1.281354
1769100779.624236 15.171657 -1.481271 -1.281986
1769100779.664220 15.173481 -1.487409 -1.281670
1769100779.714227 15.174693 -1.491485 -1.282303
1769100779.774333 15.175903 -1.495562 -1.281037
1769100779.814246 15.177674 -1.501504 -1.280721
1769100779.864245 15.178826 -1.505360 -1.281037
1769100779.919238 15.180055 -1.509484 -1.279772
1769100779.964221 15.181885 -1.515594 -1.278506
1769100780.014280 15.183132 -1.519738 -1.277557
1769100780.071643 15.184274 -1.523518 -1.276291
1769100780.119248 15.186132 -1.529646 -1.275975
1769100780.164231 15.187302 -1.533497 -1.275659
1769100780.224242 15.188531 -1.537541 -1.275975
1769100780.264239 15.190318 -1.543426 -1.276291
1769100780.324215 15.191560 -1.547520 -1.275975
1769100780.364269 15.193421 -1.553647 -1.276291
1769100780.419225 15.194618 -1.557595 -1.275975
1769100780.474228 15.195883 -1.561761 -1.277241
1769100780.514233 15.197802 -1.568108 -1.277873
1769100780.564229 15.198993 -1.572058 -1.279455
1769100780.619251 15.200273 -1.576325 -1.279455
1769100780.664230 15.202098 -1.582410 -1.279772
1769100780.724240 15.203332 -1.586532 -1.280404
1769100780.769234 15.205115 -1.592498 -1.280404
1769100780.814235 15.206260 -1.596330 -1.280404
1769100780.869253 15.207470 -1.600380 -1.280088
1769100780.919240 15.209262 -1.606369 -1.279772
1769100780.964262 15.210468 -1.610394 -1.277873
1769100781.024249 15.211674 -1.614392 -1.277557
1769100781.069231 15.213503 -1.620450 -1.277557
1769100781.114254 15.214688 -1.624375 -1.276291
1769100781.174215 15.215937 -1.628493 -1.276291
1769100781.219223 15.217759 -1.634500 -1.275659
1769100781.264231 15.218981 -1.638519 -1.275026
1769100781.324223 15.220250 -1.642684 -1.275026
1769100781.364230 15.222131 -1.648858 -1.275342
1769100781.424243 15.223340 -1.652829 -1.275975
1769100781.469234 15.225164 -1.658835 -1.277241
1769100781.509227 15.226402 -1.662930 -1.277557
1769100781.569239 15.227638 -1.667025 -1.279772
1769100781.614260 15.229410 -1.672941 -1.280404
1769100781.674253 15.230599 -1.676918 -1.281670
1769100781.714283 15.232381 -1.682910 -1.282619
1769100781.764214 15.233546 -1.686841 -1.281986
1769100781.819258 15.234786 -1.691014 -1.282619
1769100781.864276 15.236563 -1.697008 -1.282303
1769100781.914256 15.237780 -1.701109 -1.280088
1769100781.969285 15.238948 -1.705013 -1.280404
1769100782.014271 15.240767 -1.711100 -1.278822
1769100782.074284 15.241933 -1.714978 -1.278190
1769100782.119250 15.243670 -1.720746 -1.276924
1769100782.164247 15.244887 -1.724768 -1.276291
1769100782.219302 15.246041 -1.728571 -1.276608
1769100782.264244 15.247861 -1.734578 -1.275342
1769100782.314244 15.249099 -1.738646 -1.275342
1769100782.374253 15.250367 -1.742811 -1.275975
1769100782.419268 15.252198 -1.748841 -1.275026
1769100782.464250 15.253489 -1.753078 -1.276608
1769100782.519262 15.254766 -1.757293 -1.276608
1769100782.564257 15.256623 -1.763421 -1.277557
1769100782.624268 15.257896 -1.767638 -1.278190
1769100782.669245 15.259714 -1.773672 -1.279139
1769100782.719232 15.260973 -1.777866 -1.280088
1769100782.774250 15.262148 -1.781794 -1.280721
1769100782.814253 15.263951 -1.787833 -1.280404
1769100782.864243 15.265096 -1.791665 -1.281037
1769100782.924286 15.266289 -1.795667 -1.280088
1769100782.964366 15.268059 -1.801584 -1.278822
1769100783.024280 15.269218 -1.805438 -1.279772
1769100783.069288 15.270975 -1.811305 -1.278506
1769100783.114269 15.272222 -1.815450 -1.278190
1769100783.169263 15.273390 -1.819328 -1.277557
1769100783.214279 15.275205 -1.825337 -1.276291
1769100783.274271 15.276491 -1.829575 -1.275342
1769100783.319260 15.278281 -1.835459 -1.275659
1769100783.364248 15.279459 -1.839334 -1.275026
1769100783.424256 15.280721 -1.843474 -1.275975
1769100783.464263 15.282501 -1.849335 -1.276608
1769100783.514242 15.283697 -1.853283 -1.276924
1769100783.564253 15.284936 -1.857377 -1.276608
1769100783.614253 15.286742 -1.863336 -1.278506
1769100783.674325 15.287952 -1.867360 -1.280404
1769100783.714277 15.289822 -1.873617 -1.282303
1769100783.764317 15.291025 -1.877669 -1.281986
1769100783.814298 15.292286 -1.881915 -1.282935
1769100783.864290 15.294011 -1.887739 -1.281670
1769100783.924365 15.295259 -1.891936 -1.280721
1769100783.964275 15.296997 -1.897757 -1.280721
1769100784.014261 15.298213 -1.901832 -1.280088
1769100784.069276 15.299359 -1.905663 -1.279455
1769100784.114258 15.301068 -1.911360 -1.278506
1769100784.169268 15.302271 -1.915359 -1.278190
1769100784.224293 15.303468 -1.919334 -1.276291
1769100784.264265 15.305298 -1.925365 -1.275342
1769100784.314446 15.306477 -1.929239 -1.275975
1769100784.369305 15.307727 -1.933356 -1.275975
1769100784.414299 15.309632 -1.939629 -1.275659
1769100784.464287 15.310883 -1.943746 -1.276291
1769100784.519272 15.312184 -1.948033 -1.275975
1769100784.564301 15.314111 -1.954378 -1.276608
1769100784.614283 15.315358 -1.958496 -1.277241
1769100784.669277 15.316618 -1.962663 -1.277241
1769100784.714279 15.318493 -1.968866 -1.279139
1769100784.764268 15.319723 -1.972963 -1.279455
1769100784.824300 15.320893 -1.976866 -1.280404
1769100784.864274 15.322720 -1.982977 -1.280404
1769100784.919279 15.323952 -1.987100 -1.279772
1769100784.974287 15.325179 -1.991197 -1.280721
1769100785.014289 15.327011 -1.997333 -1.280404
1769100785.064282 15.328250 -2.001480 -1.280088
1769100785.124287 15.329491 -2.005627 -1.279139
1769100785.164294 15.331332 -2.011760 -1.277557
1769100785.214287 15.332590 -2.015928 -1.276924
1769100785.274289 15.333815 -2.019973 -1.276608
1769100785.314310 15.335613 -2.025908 -1.275659
1769100785.364304 15.336842 -2.029952 -1.275342
1769100785.424289 15.338066 -2.033972 -1.275342
1769100785.464282 15.339930 -2.040098 -1.275026
1769100785.514282 15.341177 -2.044190 -1.275975
1769100785.574297 15.342412 -2.048258 -1.275342
1769100785.619297 15.344343 -2.054602 -1.277241
1769100785.664296 15.345588 -2.058721 -1.278506
1769100785.724296 15.346879 -2.063011 -1.278822
1769100785.774318 15.348788 -2.069362 -1.280088
1769100785.814337 15.350058 -2.073605 -1.281670
1769100785.869325 15.351306 -2.077802 -1.281354
1769100785.919336 15.353076 -2.083746 -1.281670
1769100785.969339 15.354310 -2.087894 -1.281354
1769100786.024296 15.355451 -2.091727 -1.280721
1769100786.064323 15.357247 -2.097742 -1.280088
1769100786.114343 15.358371 -2.101500 -1.279772
1769100786.169291 15.359570 -2.105501 -1.279455
1769100786.219299 15.361307 -2.111295 -1.278506
1769100786.269288 15.362540 -2.115391 -1.277557
1769100786.314300 15.364318 -2.121279 -1.277241
1769100786.364282 15.365563 -2.125398 -1.275975
1769100786.424301 15.366820 -2.129539 -1.276291
1769100786.464350 15.368650 -2.135570 -1.275342
1769100786.514310 15.369932 -2.139783 -1.275975
1769100786.569306 15.371190 -2.143925 -1.275659
1769100786.614328 15.373074 -2.150124 -1.276291
1769100786.664320 15.374323 -2.154242 -1.276924
1769100786.724322 15.375504 -2.158142 -1.277241
1769100786.764336 15.377371 -2.164320 -1.277557
1769100786.814336 15.378608 -2.168415 -1.279139
1769100786.869332 15.379845 -2.172536 -1.279139
1769100786.914318 15.381664 -2.178597 -1.280404
1769100786.964325 15.382896 -2.182719 -1.281670
1769100787.024311 15.384138 -2.186892 -1.281037
1769100787.069317 15.386011 -2.193174 -1.280088
1769100787.114334 15.387171 -2.197054 -1.280088
1769100787.164331 15.388390 -2.201128 -1.280088
1769100787.214341 15.390168 -2.207069 -1.278506
1769100787.274369 15.391371 -2.211068 -1.277557
1769100787.319379 15.393127 -2.216883 -1.277557
1769100787.364316 15.394349 -2.220930 -1.276608
1769100787.424315 15.395567 -2.224951 -1.275975
1769100787.469330 15.397413 -2.231030 -1.276291
1769100787.514325 15.398647 -2.235099 -1.275659
1769100787.574335 15.399928 -2.239312 -1.276291
1769100787.614339 15.401809 -2.245513 -1.276924
1769100787.664339 15.403026 -2.249534 -1.276924
1769100787.724375 15.404250 -2.253580 -1.277873
1769100787.764366 15.406143 -2.259856 -1.279455
1769100787.814380 15.407343 -2.263857 -1.281037
1769100787.864341 15.408587 -2.268028 -1.284201
1769100787.914335 15.410383 -2.274122 -1.289579
1769100787.974342 15.411570 -2.278232 -1.293692
1769100788.014351 15.413252 -2.284148 -1.299071
1769100788.069372 15.414360 -2.288122 -1.302551
1769100788.124344 15.415493 -2.292246 -1.306664
1769100788.164334 15.417086 -2.298135 -1.312675
1769100788.214353 15.418165 -2.302222 -1.316156
1769100788.269335 15.419223 -2.306288 -1.319952
1769100788.314317 15.420763 -2.312295 -1.324698
1769100788.374367 15.421798 -2.316419 -1.328495
1769100788.419346 15.423286 -2.322439 -1.332608
1769100788.469344 15.424314 -2.326669 -1.337037
1769100788.514364 15.425310 -2.330855 -1.341466
1769100788.564347 15.426277 -2.334996 -1.345896
1769100788.619344 15.427654 -2.341016 -1.350958
1769100788.669343 15.428548 -2.345018 -1.356020
1769100788.719346 15.429875 -2.351101 -1.362348
1769100788.769355 15.430734 -2.355162 -1.368043
1769100788.819351 15.432008 -2.361360 -1.376269
1769100788.864340 15.432850 -2.365632 -1.380698
1769100788.919347 15.433634 -2.369708 -1.386393
1769100788.964340 15.434781 -2.375854 -1.393670
1769100789.024346 15.435499 -2.379865 -1.396517
1769100789.069361 15.436592 -2.386072 -1.401896
1769100789.114342 15.437311 -2.390289 -1.404743
1769100789.174366 15.438005 -2.394432 -1.408540
1769100789.214362 15.439019 -2.400627 -1.412336
1769100789.264379 15.439686 -2.404801 -1.415184
1769100789.324367 15.440318 -2.408827 -1.419297
1769100789.364353 15.441280 -2.415132 -1.426257
1769100789.419369 15.441882 -2.419265 -1.430370
1769100789.474365 15.442488 -2.423550 -1.435116
1769100789.519352 15.443364 -2.429970 -1.442076
1769100789.564368 15.443920 -2.434262 -1.444924
1769100789.624346 15.444469 -2.438607 -1.447771
1769100789.669362 15.445271 -2.445087 -1.450935
1769100789.714393 15.445797 -2.449460 -1.450302
1769100789.774371 15.446336 -2.453907 -1.451251
1769100789.819393 15.447106 -2.460315 -1.450935
1769100789.859355 15.447623 -2.464613 -1.449986
1769100789.924381 15.448117 -2.468683 -1.450619
1769100789.964402 15.448861 -2.474839 -1.450935
1769100790.014424 15.449372 -2.479086 -1.451251
1769100790.074381 15.449879 -2.483308 -1.452517
1769100790.119373 15.450629 -2.489617 -1.452201
1769100790.164473 15.451135 -2.493864 -1.451251
1769100790.224354 15.451636 -2.498036 -1.451884
1769100790.269359 15.452384 -2.504294 -1.449670
1769100790.314372 15.452901 -2.508540 -1.449353
1769100790.374371 15.453413 -2.512735 -1.447771
1769100790.414373 15.454199 -2.519091 -1.446822
1769100790.464376 15.454721 -2.523285 -1.445873
1769100790.524388 15.455254 -2.527529 -1.444924
1769100790.564364 15.456064 -2.533932 -1.444607
1769100790.614394 15.456606 -2.538201 -1.444607
1769100790.669365 15.457147 -2.542470 -1.446506
1769100790.714375 15.457923 -2.548673 -1.448720
1769100790.764364 15.458450 -2.552969 -1.449670
1769100790.819422 15.458979 -2.557316 -1.451251
1769100790.864454 15.459754 -2.563774 -1.452201
1769100790.914388 15.460270 -2.568097 -1.453466
1769100790.969386 15.460788 -2.572496 -1.453150
1769100791.019382 15.461513 -2.578629 -1.451884
1769100791.064370 15.462032 -2.582977 -1.450935
1769100791.119371 15.462532 -2.587123 -1.449986
1769100791.164502 15.463273 -2.593229 -1.448404
1769100791.214382 15.463792 -2.597449 -1.447139
1769100791.269392 15.464310 -2.601619 -1.446506
1769100791.314388 15.465070 -2.607697 -1.447139
1769100791.374383 15.465594 -2.611916 -1.447771
1769100791.419406 15.466349 -2.618020 -1.447455
1769100791.464385 15.466875 -2.622265 -1.447771
1769100791.529386 15.467397 -2.626485 -1.448404
1769100791.564387 15.468182 -2.632866 -1.448404
1769100791.614410 15.468716 -2.637212 -1.449353
1769100791.674395 15.469247 -2.641559 -1.448404
1769100791.714366 15.470023 -2.647864 -1.448720
1769100791.764386 15.470516 -2.651884 -1.448088
1769100791.819399 15.471052 -2.656230 -1.447771
1769100791.864439 15.471828 -2.662509 -1.449037
1769100791.914411 15.472360 -2.666856 -1.450619
1769100791.969386 15.472852 -2.670927 -1.450619
1769100792.014409 15.473625 -2.677334 -1.452833
1769100792.074428 15.474105 -2.681381 -1.453783
1769100792.114399 15.474844 -2.687665 -1.454415
1769100792.164383 15.475317 -2.691713 -1.453466
1769100792.224434 15.475809 -2.695885 -1.452833
1769100792.269433 15.476559 -2.702219 -1.451568
1769100792.314392 15.477065 -2.706441 -1.450302
1769100792.369404 15.477546 -2.710412 -1.448404
1769100792.419387 15.478318 -2.716692 -1.445873
1769100792.474406 15.478820 -2.720685 -1.444291
1769100792.519368 15.479596 -2.726786 -1.443975
1769100792.564388 15.480137 -2.731029 -1.444291
1769100792.624386 15.480651 -2.735072 -1.445240
1769100792.664406 15.481434 -2.741274 -1.446822
1769100792.714386 15.481966 -2.745544 -1.447455
1769100792.764387 15.482511 -2.749940 -1.449670
1769100792.814392 15.483236 -2.755895 -1.450619
1769100792.869378 15.483727 -2.759965 -1.451251
1769100792.914402 15.484482 -2.766248 -1.451884
1769100792.964374 15.484977 -2.770395 -1.451568
1769100793.019394 15.485504 -2.774793 -1.451884
1769100793.069398 15.486264 -2.781151 -1.450302
1769100793.114392 15.486784 -2.785448 -1.449353
1769100793.164394 15.487296 -2.789643 -1.448404
1769100793.214393 15.488056 -2.795823 -1.448404
1769100793.264468 15.488569 -2.799993 -1.449037
1769100793.319394 15.489086 -2.804214 -1.449037
1769100793.364389 15.489851 -2.810470 -1.449353
1769100793.414400 15.490366 -2.814691 -1.449353
1769100793.474404 15.490885 -2.818937 -1.449037
1769100793.514398 15.491656 -2.825243 -1.449353
1769100793.564401 15.492168 -2.829438 -1.448404
1769100793.624384 15.492703 -2.833784 -1.448088
1769100793.664376 15.493496 -2.840215 -1.446822
1769100793.714391 15.494025 -2.844460 -1.446506
1769100793.769393 15.494558 -2.848730 -1.445873
1769100793.819412 15.495369 -2.855184 -1.446189
1769100793.864419 15.495910 -2.859503 -1.448088
1769100793.924388 15.496443 -2.863824 -1.449353
1769100793.964418 15.497228 -2.870256 -1.451884
1769100794.014438 15.497747 -2.874604 -1.453466
1769100794.074412 15.498260 -2.878952 -1.454415
1769100794.114402 15.498997 -2.885262 -1.454732
1769100794.159417 15.499502 -2.889587 -1.454732
1769100794.219397 15.499965 -2.893559 -1.454099
1769100794.264414 15.500704 -2.899868 -1.452517
1769100794.314403 15.501209 -2.904116 -1.450302
1769100794.369400 15.501717 -2.908312 -1.449353
1769100794.414435 15.502484 -2.914593 -1.446822
1769100794.464496 15.502982 -2.918587 -1.445240
1769100794.519415 15.503508 -2.922755 -1.445240
1769100794.559410 15.504300 -2.929033 -1.445873
1769100794.614445 15.504833 -2.933277 -1.446822
1769100794.664490 15.505359 -2.937497 -1.446822
1769100794.714453 15.506138 -2.943751 -1.448404
1769100794.764419 15.506654 -2.947946 -1.449353
1769100794.819438 15.507179 -2.952243 -1.449670
1769100794.864410 15.507968 -2.958725 -1.450302
1769100794.924441 15.508497 -2.963097 -1.449670
1769100794.964428 15.509262 -2.969378 -1.449670
1769100795.019420 15.509778 -2.973624 -1.449353
1769100795.074431 15.510309 -2.977971 -1.449037
1769100795.119444 15.511099 -2.984428 -1.449353
1769100795.164428 15.511617 -2.988674 -1.449670
1769100795.224444 15.512137 -2.992945 -1.449670
1769100795.264433 15.512871 -2.998975 -1.451568
1769100795.314451 15.513386 -3.003272 -1.451251
1769100795.369423 15.513863 -3.007243 -1.451251
1769100795.414443 15.514617 -3.013525 -1.450619
1769100795.469437 15.515133 -3.017797 -1.449986
1769100795.519452 15.515615 -3.021767 -1.449986
1769100795.564446 15.516390 -3.028149 -1.448088
1769100795.614434 15.516910 -3.032369 -1.446822
1769100795.664441 15.517443 -3.036639 -1.446189
1769100795.714450 15.518210 -3.042767 -1.444924
1769100795.764468 15.518753 -3.047061 -1.444607
1769100795.819417 15.519292 -3.051305 -1.445557
1769100795.864478 15.520111 -3.057809 -1.447771
1769100795.924512 15.520614 -3.061878 -1.449037
1769100795.969448 15.521404 -3.068335 -1.450619
1769100796.014541 15.521932 -3.072707 -1.452517
1769100796.064460 15.522434 -3.076929 -1.453150
1769100796.119453 15.522954 -3.081328 -1.453466
1769100796.169434 15.523718 -3.087813 -1.453466
1769100796.214443 15.524210 -3.091986 -1.453466
1769100796.269453 15.524714 -3.096259 -1.452201
1769100796.314462 15.525459 -3.102517 -1.449986
1769100796.364459 15.525972 -3.106739 -1.449353
1769100796.419449 15.526490 -3.110985 -1.447771
1769100796.464435 15.527260 -3.117214 -1.447771
1769100796.514426 15.527779 -3.121409 -1.447455
1769100796.569445 15.528293 -3.125554 -1.447139
1769100796.619442 15.529076 -3.131858 -1.447455
1769100796.664454 15.529603 -3.136103 -1.447771
1769100796.719453 15.530121 -3.140298 -1.448088
1769100796.764434 15.530911 -3.146704 -1.448404
1769100796.814466 15.531446 -3.151050 -1.448088
1769100796.869429 15.531969 -3.155295 -1.447771
1769100796.914482 15.532774 -3.161801 -1.446822
1769100796.964443 15.533300 -3.166021 -1.446822
1769100797.019452 15.533804 -3.170064 -1.447139
1769100797.064444 15.534612 -3.176570 -1.448088
1769100797.124455 15.535117 -3.180664 -1.448404
1769100797.164450 15.535883 -3.186895 -1.450935
1769100797.209450 15.536374 -3.190965 -1.452201
1769100797.269454 15.536886 -3.195263 -1.452517
1769100797.319481 15.537645 -3.201647 -1.452517
1769100797.364475 15.538134 -3.205769 -1.452517
1769100797.419428 15.538642 -3.210042 -1.451884
1769100797.469454 15.539402 -3.216400 -1.450302
1769100797.514465 15.539879 -3.220345 -1.448720
1769100797.569462 15.540400 -3.224591 -1.447771
1769100797.614448 15.541177 -3.230871 -1.445240
1769100797.664459 15.541709 -3.235089 -1.445240
1769100797.719486 15.542245 -3.239333 -1.444291
1769100797.764460 15.543056 -3.245711 -1.445557
1769100797.814483 15.543587 -3.249930 -1.446822
1769100797.869499 15.544119 -3.254200 -1.447455
1769100797.914467 15.544916 -3.260630 -1.448720
1769100797.964511 15.545428 -3.264800 -1.450619
1769100798.019506 15.545935 -3.268997 -1.450935
1769100798.064495 15.546731 -3.275606 -1.451884
1769100798.114442 15.547253 -3.279978 -1.452517
1769100798.169481 15.547758 -3.284226 -1.452833
1769100798.214470 15.548536 -3.290786 -1.451251
1769100798.264475 15.549006 -3.294707 -1.451251
1769100798.319519 15.549526 -3.299029 -1.451251
1769100798.364474 15.550283 -3.305337 -1.450935
1769100798.424455 15.550764 -3.309332 -1.450619
1769100798.469475 15.551526 -3.315639 -1.450302
1769100798.514493 15.552031 -3.319810 -1.450935
1769100798.574484 15.552537 -3.324007 -1.449986
1769100798.619491 15.553302 -3.330314 -1.449037
1769100798.664484 15.553809 -3.334459 -1.448720
1769100798.724465 15.554330 -3.338705 -1.448404
1769100798.769477 15.555121 -3.345136 -1.447771
1769100798.809482 15.555643 -3.349356 -1.446506
1769100798.869492 15.556155 -3.353450 -1.446189
1769100798.914535 15.556947 -3.359778 -1.445557
1769100798.964490 15.557466 -3.363897 -1.445557
1769100799.019457 15.558007 -3.368191 -1.445873
1769100799.064474 15.558789 -3.374419 -1.448404
1769100799.114483 15.559317 -3.378715 -1.449986
1769100799.174480 15.559839 -3.383012 -1.451568
1769100799.214477 15.560618 -3.389520 -1.452517
1769100799.264462 15.561135 -3.393869 -1.452833
1769100799.319482 15.561615 -3.397915 -1.453150
1769100799.364475 15.562375 -3.404350 -1.453150
1769100799.424490 15.562874 -3.408573 -1.452517
1769100799.569483 15.563370 -3.412745 -1.451251
1769100799.584497 15.564137 -3.419128 -1.449353
1769100799.604474 15.564643 -3.423274 -1.447771
1769100799.624501 15.565134 -3.427242 -1.446506
1769100799.664480 15.565921 -3.433546 -1.446822
1769100799.714493 15.566453 -3.437816 -1.446189
1769100799.834498 15.566982 -3.442035 -1.447455
1769100799.859629 15.567770 -3.448390 -1.447771
1769100799.874519 15.568288 -3.452585 -1.448088
1769100799.924513 15.568821 -3.456906 -1.448720
1769100799.974506 15.569601 -3.463262 -1.449037
1769100800.034526 15.570102 -3.467357 -1.449353
1769100800.079519 15.570645 -3.471804 -1.449037
1769100800.114631 15.571407 -3.478035 -1.449670
1769100800.279509 15.571936 -3.482381 -1.449353
1769100800.299498 15.572694 -3.488587 -1.449670
1769100800.334530 15.573223 -3.492934 -1.450619
1769100800.409495 15.573720 -3.497055 -1.452517
1769100800.429520 15.574476 -3.503414 -1.457263
1769100800.449520 15.574935 -3.507437 -1.461059
1769100800.469507 15.575403 -3.511689 -1.465805
1769100800.519520 15.576066 -3.517982 -1.470867
1769100800.659544 15.576468 -3.521986 -1.474347
1769100800.679498 15.577075 -3.528259 -1.479726
1769100800.699510 15.577457 -3.532443 -1.482257
1769100800.724498 15.577835 -3.536704 -1.485737
1769100800.789494 15.578377 -3.543059 -1.489534
1769100800.809511 15.578708 -3.547121 -1.492381
1769100800.869504 15.579037 -3.551310 -1.496178
1769100800.919501 15.579520 -3.557771 -1.503138
1769100800.984573 15.579795 -3.561837 -1.507251
1769100801.034502 15.580075 -3.566232 -1.512946
1769100801.064517 15.580448 -3.572675 -1.521489
1769100802.014605 15.582867 -3.621693 -1.568630
1769100802.044606 15.582876 -3.625945 -1.573059
1769100802.059532 15.582862 -3.632400 -1.579070
1769100802.079560 15.582827 -3.636601 -1.582867
1769100802.104567 15.582776 -3.640802 -1.587296
1769100802.139560 15.582670 -3.647230 -1.594257
1769100802.159518 15.582570 -3.651481 -1.599952
1769100802.189498 15.582445 -3.655782 -1.603748
1769100802.214535 15.582235 -3.662157 -1.610709
1769100802.234546 15.582063 -3.666457 -1.614505
1769100802.249528 15.581873 -3.670806 -1.619568
1769100802.269533 15.581550 -3.677429 -1.627161
1769100802.284525 15.581304 -3.681776 -1.632856
1769100802.304539 15.581044 -3.685969 -1.636652
1769100802.319516 15.580607 -3.692586 -1.643613
1769100802.334546 15.580296 -3.696853 -1.648358
1769100802.369514 15.579963 -3.701142 -1.651522
1769100802.409491 15.579453 -3.707449 -1.657217
1769100802.464532 15.579114 -3.711358 -1.661330
1769100802.519584 15.578727 -3.715618 -1.664810
1769100802.564511 15.578140 -3.721842 -1.668923
1769100802.624532 15.577763 -3.725671 -1.672087
1769100802.664539 15.577129 -3.731916 -1.677149
1769100802.714545 15.576699 -3.735943 -1.682212
1769100802.769546 15.576220 -3.740219 -1.685375
1769100802.814553 15.575500 -3.746480 -1.692019
1769100802.864544 15.574955 -3.750952 -1.697082
1769100802.924542 15.574413 -3.755221 -1.700878
1769100802.969524 15.573589 -3.761520 -1.708788
1769100803.009552 15.573022 -3.765606 -1.715432
1769100803.069527 15.572398 -3.769889 -1.722709
1769100803.109529 15.571413 -3.776319 -1.734415
1769100803.169536 15.570708 -3.780589 -1.744223
1769100803.219551 15.569651 -3.786623 -1.757511
1769100803.264530 15.568876 -3.790726 -1.766053
1769100803.324543 15.568071 -3.794798 -1.774279
1769100803.364509 15.566787 -3.801020 -1.787251
1769100803.414599 15.565868 -3.805198 -1.795160
1769100803.469516 15.564934 -3.809294 -1.802754
1769100803.514546 15.563520 -3.815280 -1.815093
1769100803.564523 15.562485 -3.819431 -1.821737
1769100803.619542 15.561410 -3.823623 -1.830279
1769100803.659612 15.559748 -3.829886 -1.840403
1769100803.714539 15.558676 -3.833765 -1.847680
1769100803.769545 15.557500 -3.837904 -1.855273
1769100803.814572 15.555681 -3.844123 -1.868561
1769100803.859550 15.554389 -3.848333 -1.878686
1769100803.924561 15.553062 -3.852506 -1.887861
1769100803.964600 15.551034 -3.858687 -1.903996
1769100804.009557 15.549618 -3.862777 -1.913172
1769100804.074543 15.548157 -3.866877 -1.923929
1769100804.114577 15.545925 -3.872933 -1.938166
1769100804.164547 15.544388 -3.876925 -1.946708
1769100804.219620 15.542827 -3.880881 -1.954934
1769100804.264597 15.540465 -3.886724 -1.965375
1769100804.314551 15.538860 -3.890579 -1.972019
1769100804.369545 15.537219 -3.894447 -1.978979
1769100804.414559 15.534788 -3.900069 -1.989736
1769100804.469556 15.533130 -3.903792 -1.996380
1769100804.514528 15.530580 -3.909417 -2.008403
1769100804.564539 15.528768 -3.913291 -2.017578
1769100804.619560 15.526909 -3.917171 -2.025171
1769100804.664573 15.523998 -3.923130 -2.039092
1769100804.714535 15.522239 -3.926608 -2.047318
1769100804.779551 15.520253 -3.930454 -2.057126
1769100804.814543 15.517249 -3.936138 -2.070414
1769100804.864558 15.515199 -3.939892 -2.079589
1769100804.924567 15.513103 -3.943650 -2.088448
1769100804.964556 15.509859 -3.949347 -2.102685
1769100805.014641 15.507652 -3.953099 -2.112177
1769100805.069615 15.505434 -3.956786 -2.121036
1769100805.114566 15.501993 -3.962396 -2.133058
1769100805.159612 15.499767 -3.965929 -2.141600
1769100805.219635 15.497442 -3.969550 -2.147928
1769100805.264545 15.493989 -3.974852 -2.158052
1769100805.314574 15.491633 -3.978392 -2.163747
1769100805.369563 15.489271 -3.981898 -2.167860
1769100805.414573 15.485742 -3.987089 -2.174188
1769100805.464575 15.483329 -3.990590 -2.179250
1769100805.524605 15.480928 -3.994038 -2.183047
1769100805.564564 15.477204 -3.999340 -2.189374
1769100805.609573 15.474856 -4.002639 -2.191905
1769100805.669624 15.472322 -4.006180 -2.195069
1769100805.719642 15.468476 -4.011519 -2.197600
1769100805.759574 15.465937 -4.015025 -2.199815
1769100805.819599 15.463316 -4.018627 -2.200448
1769100805.864623 15.459471 -4.023905 -2.201081
1769100805.914694 15.456875 -4.027463 -2.201081
1769100805.969609 15.454324 -4.030959 -2.200764
1769100806.014595 15.450582 -4.036093 -2.199815
1769100806.064566 15.448095 -4.039510 -2.198233
1769100806.124580 15.445613 -4.042932 -2.198550
1769100806.164593 15.441912 -4.048033 -2.198233
1769100806.214650 15.439430 -4.051455 -2.197917
1769100806.274638 15.436979 -4.054836 -2.198233
1769100806.314573 15.433339 -4.059857 -2.197284
1769100806.364578 15.430876 -4.063260 -2.196651
1769100806.419578 15.428399 -4.066686 -2.196335
1769100806.464577 15.424635 -4.071897 -2.195069
1769100806.514580 15.422224 -4.075245 -2.194753
1769100806.569556 15.419695 -4.078758 -2.193804
1769100806.614596 15.415899 -4.084040 -2.194120
1769100806.664564 15.413417 -4.087493 -2.192855
1769100806.719599 15.410925 -4.090969 -2.193171
1769100806.759601 15.407324 -4.095987 -2.193804
1769100806.809608 15.404784 -4.099523 -2.195702
1769100806.869591 15.402237 -4.103053 -2.196335
1769100806.914567 15.398443 -4.108306 -2.196968
1769100806.964602 15.395996 -4.111690 -2.196651
1769100807.014576 15.393431 -4.115239 -2.194437
1769100807.064591 15.389810 -4.120272 -2.190324
1769100807.109632 15.387267 -4.123837 -2.184945
1769100807.169593 15.384773 -4.127375 -2.180199
1769100807.209591 15.381137 -4.132584 -2.171657
1769100807.259639 15.378747 -4.136071 -2.165646
1769100807.319591 15.376392 -4.139550 -2.157420
1769100807.364589 15.372904 -4.144799 -2.145081
1769100807.414644 15.370649 -4.148284 -2.136855
1769100807.469686 15.368355 -4.151894 -2.128945
1769100807.514620 15.365003 -4.157262 -2.116290
1769100807.564647 15.362797 -4.160897 -2.108064
1769100807.619627 15.360582 -4.164615 -2.098889
1769100807.669651 15.357343 -4.170168 -2.086866
1769100807.714639 15.355157 -4.174021 -2.078957
1769100807.774688 15.353063 -4.177780 -2.070731
1769100807.814620 15.349921 -4.183533 -2.057759
1769100807.864629 15.347931 -4.187291 -2.050166
1769100807.919660 15.345900 -4.191199 -2.042572
1769100807.959642 15.342967 -4.196948 -2.030866
1769100808.009654 15.341056 -4.200803 -2.023273
1769100808.069788 15.339175 -4.204673 -2.015680
1769100808.114795 15.336408 -4.210476 -2.003024
1769100808.164648 15.334616 -4.214360 -1.994482
1769100808.219658 15.332847 -4.218283 -1.986256
1769100808.269631 15.330222 -4.224234 -1.972019
1769100808.319602 15.328532 -4.228219 -1.963477
1769100808.374632 15.326895 -4.232171 -1.954934
1769100808.414639 15.324495 -4.238107 -1.940697
1769100808.469631 15.322958 -4.242072 -1.932471
1769100808.519660 15.321471 -4.246002 -1.923612
1769100808.564618 15.319372 -4.251702 -1.912222
1769100808.609626 15.317982 -4.255614 -1.902731
1769100808.664649 15.316687 -4.259370 -1.894821
1769100808.714623 15.314713 -4.265249 -1.880584
1769100808.774620 15.313432 -4.269250 -1.872358
1769100808.814585 15.311492 -4.275486 -1.857804
1769100808.864619 15.310296 -4.279540 -1.848629
1769100808.924624 15.309116 -4.283678 -1.839138
1769100808.969599 15.307405 -4.289901 -1.826166
1769100809.014597 15.306311 -4.294089 -1.817624
1769100809.074639 15.305272 -4.298212 -1.810663
1769100809.119611 15.303745 -4.304457 -1.799906
1769100809.164643 15.302733 -4.308795 -1.792313
1769100809.224621 15.301844 -4.312746 -1.785353
1769100809.269613 15.300442 -4.319176 -1.773963
1769100809.314625 15.299579 -4.323365 -1.766686
1769100809.374700 15.298732 -4.327636 -1.757827
1769100809.414600 15.297513 -4.334077 -1.745488
1769100809.464643 15.296761 -4.338339 -1.736313
1769100809.524638 15.296048 -4.342608 -1.727771
1769100809.564615 15.295062 -4.348833 -1.714166
1769100809.614623 15.294458 -4.353016 -1.705624
1769100809.674642 15.293911 -4.357054 -1.697082
1769100809.719585 15.293111 -4.363357 -1.684110
1769100809.764609 15.292633 -4.367556 -1.674302
1769100809.814658 15.292196 -4.371761 -1.665127
1769100809.864615 15.291791 -4.376044 -1.656268
1769100809.914586 15.291250 -4.382349 -1.643613
1769100809.974664 15.290939 -4.386615 -1.633805
1769100810.014639 15.290530 -4.393107 -1.620833
1769100810.064679 15.290313 -4.397430 -1.611658
1769100810.124641 15.290138 -4.401704 -1.603748
1769100810.169633 15.289927 -4.408104 -1.592042
1769100810.214604 15.289837 -4.412355 -1.584449
1769100810.274645 15.289779 -4.416607 -1.576223
1769100810.319604 15.289744 -4.423036 -1.564200
1769100810.364612 15.289773 -4.427338 -1.557240
1769100810.424600 15.289831 -4.431666 -1.548065
1769100810.469612 15.289974 -4.437942 -1.536042
1769100810.514646 15.290130 -4.442444 -1.527184
1769100810.569586 15.290306 -4.446465 -1.519274
1769100810.619591 15.290649 -4.453113 -1.507568
1769100810.659621 15.290906 -4.457180 -1.499658
1769100810.724595 15.291216 -4.461522 -1.491432
1769100810.759614 15.291717 -4.467830 -1.480675
1769100810.814597 15.292080 -4.471838 -1.471500
1769100810.869622 15.292501 -4.476069 -1.464540
1769100810.914604 15.293169 -4.482336 -1.450302
1769100810.964601 15.293684 -4.486582 -1.441127
1769100811.019621 15.294230 -4.490774 -1.431952
1769100811.064610 15.295123 -4.497166 -1.418980
1769100811.114640 15.295755 -4.501294 -1.411071
1769100811.169613 15.296439 -4.505542 -1.403478
1769100811.214613 15.297476 -4.511682 -1.394619
1769100811.264625 15.298226 -4.515893 -1.389873
1769100811.319648 15.298991 -4.520076 -1.386076
1769100811.364614 15.300149 -4.526271 -1.381331
1769100811.414614 15.300959 -4.530497 -1.379432
1769100811.469613 15.301782 -4.534746 -1.377850
1769100811.509601 15.303034 -4.541155 -1.376585
1769100811.564596 15.303875 -4.545426 -1.376585
1769100811.619631 15.304720 -4.549723 -1.375636
1769100811.664684 15.306001 -4.556203 -1.375952
1769100811.714621 15.306849 -4.560499 -1.376269
1769100811.769635 15.307680 -4.564721 -1.376269
1769100811.814611 15.308948 -4.571153 -1.375952
1769100811.864787 15.309751 -4.575225 -1.375319
1769100811.924643 15.310577 -4.579396 -1.375319
1769100811.969679 15.311801 -4.585579 -1.375636
1769100812.014725 15.312621 -4.589725 -1.375952
1769100812.074661 15.313439 -4.593872 -1.376269
1769100812.119683 15.314658 -4.600056 -1.374687
1769100812.159681 15.315501 -4.604301 -1.375636
1769100812.224662 15.316326 -4.608472 -1.375636
1769100812.264669 15.317528 -4.614556 -1.374054
1769100812.314655 15.318325 -4.618552 -1.373738
1769100812.369712 15.319172 -4.622797 -1.372788
1769100812.414661 15.320432 -4.629075 -1.372472
1769100812.474661 15.321255 -4.633170 -1.372156
1769100812.519646 15.322498 -4.639348 -1.371206
1769100812.564669 15.323356 -4.643590 -1.372156
1769100812.614655 15.324201 -4.647784 -1.373105
1769100812.669682 15.325056 -4.652052 -1.375636
1769100812.714669 15.326332 -4.658508 -1.377534
1769100812.774660 15.327124 -4.662557 -1.377850
1769100812.819682 15.328376 -4.668966 -1.379749
1769100812.864662 15.329193 -4.673190 -1.381014
1769100812.924680 15.330010 -4.677441 -1.380065
1769100812.964660 15.331233 -4.683778 -1.379116
1769100813.014689 15.332043 -4.687952 -1.378483
1769100813.074678 15.332856 -4.692126 -1.376585
1769100813.119695 15.334082 -4.698360 -1.375003
1769100813.164665 15.334885 -4.702406 -1.373421
1769100813.219669 15.335704 -4.706502 -1.373105
1769100813.269653 15.336519 -4.710572 -1.371839
1769100813.314679 15.337765 -4.716750 -1.372156
1769100813.364672 15.338599 -4.720894 -1.373105
1769100813.419666 15.339454 -4.725162 -1.373105
1769100813.464661 15.340717 -4.731466 -1.374370
1769100813.514666 15.341571 -4.735760 -1.374687
1769100813.574691 15.342405 -4.739956 -1.374370
1769100813.619682 15.343689 -4.746410 -1.375003
1769100813.664688 15.344541 -4.750705 -1.375319
1769100813.724679 15.345382 -4.754951 -1.374370
1769100813.764677 15.346656 -4.761356 -1.374370
1769100813.814689 15.347476 -4.765476 -1.374370
1769100813.869675 15.348331 -4.769771 -1.375952
1769100813.919679 15.349561 -4.776004 -1.376901
1769100813.964732 15.350385 -4.780201 -1.377218
1769100814.019664 15.351213 -4.784423 -1.377850
1769100814.069715 15.352436 -4.790683 -1.378483
1769100814.114703 15.353253 -4.794882 -1.377534
1769100814.169669 15.354075 -4.799080 -1.377850
1769100814.214674 15.355298 -4.805340 -1.375319
1769100814.264670 15.356124 -4.809511 -1.374687
1769100814.319684 15.356962 -4.813731 -1.374054
1769100814.364676 15.358209 -4.819987 -1.372788
1769100814.414679 15.359040 -4.824131 -1.371206
1769100814.469671 15.359833 -4.828051 -1.370574
1769100814.514688 15.361112 -4.834351 -1.371206
1769100814.564669 15.361960 -4.838544 -1.372156
1769100814.624694 15.362804 -4.842737 -1.373105
1769100814.664666 15.364087 -4.849140 -1.374370
1769100814.714693 15.364931 -4.853385 -1.376585
1769100814.774681 15.365737 -4.857483 -1.376901
1769100814.814690 15.367020 -4.864015 -1.378483
1769100814.859689 15.367842 -4.868238 -1.378483
1769100814.919712 15.368684 -4.872561 -1.378483
1769100814.964698 15.369913 -4.878871 -1.378483
1769100815.014692 15.370735 -4.883095 -1.378483
1769100815.074703 15.371543 -4.887244 -1.376901
1769100815.114705 15.372762 -4.893453 -1.375636
1769100815.169697 15.373528 -4.897327 -1.375003
1769100815.209703 15.374710 -4.903285 -1.375003
1769100815.264696 15.375483 -4.907183 -1.374687
1769100815.324704 15.376312 -4.911354 -1.374687
1769100815.369684 15.377549 -4.917585 -1.374370
1769100815.414711 15.378374 -4.921730 -1.374054
1769100815.479693 15.379215 -4.925950 -1.374054
1769100815.519679 15.380467 -4.932230 -1.373105
1769100815.564676 15.381332 -4.936549 -1.373105
1769100815.624667 15.382192 -4.940842 -1.372788
1769100815.664707 15.383452 -4.947120 -1.372472
1769100815.714674 15.384305 -4.951364 -1.372788
1769100815.774693 15.385151 -4.955583 -1.372156
1769100815.814692 15.386380 -4.961686 -1.373421
1769100815.864705 15.387233 -4.965955 -1.374687
1769100815.919701 15.388032 -4.969977 -1.375952
1769100815.964700 15.389302 -4.976409 -1.376901
1769100816.014724 15.390126 -4.980606 -1.379116
1769100816.069715 15.390955 -4.984880 -1.377850
1769100816.114712 15.392154 -4.991015 -1.378167
1769100816.164703 15.392958 -4.995139 -1.376901
1769100816.219688 15.393797 -4.999411 -1.376269
1769100816.264693 15.395015 -5.005595 -1.374687
1769100816.314720 15.395839 -5.009740 -1.373738
1769100816.369726 15.396662 -5.013861 -1.373105
1769100816.414728 15.397909 -5.020090 -1.370890
1769100816.464679 15.398694 -5.023960 -1.371523
1769100816.519715 15.399535 -5.028128 -1.371523
1769100816.559722 15.400808 -5.034430 -1.372156
1769100816.624714 15.401662 -5.038673 -1.373105
1769100816.664697 15.402885 -5.044778 -1.374370
1769100816.714714 15.403744 -5.049097 -1.375003
1769100816.774706 15.404562 -5.053218 -1.375636
1769100816.814712 15.405833 -5.059649 -1.376585
1769100816.864707 15.406698 -5.064045 -1.376269
1769100816.924700 15.407534 -5.068292 -1.377218
1769100816.959737 15.408737 -5.074427 -1.377534
1769100817.014712 15.409525 -5.078451 -1.377534
1769100817.069699 15.410336 -5.082599 -1.377218
1769100817.119769 15.411554 -5.088808 -1.377218
1769100817.164705 15.412338 -5.092807 -1.378167
1769100817.219710 15.413137 -5.096906 -1.377218
1769100817.259712 15.414325 -5.102967 -1.377218
1769100817.324713 15.415148 -5.107164 -1.377534
1769100817.364724 15.416358 -5.113349 -1.375952
1769100817.414713 15.417187 -5.117546 -1.374370
1769100817.459749 15.418017 -5.121716 -1.373738
1769100817.514721 15.418864 -5.125961 -1.373421
1769100817.559725 15.420125 -5.132265 -1.372156
1769100817.624725 15.420959 -5.136409 -1.371206
1769100817.664720 15.422193 -5.142511 -1.371206
1769100817.714745 15.423021 -5.146605 -1.371523
1769100817.774722 15.423878 -5.150847 -1.372472
1769100817.814746 15.425165 -5.157249 -1.375003
1769100817.859742 15.426002 -5.161470 -1.374370
1769100817.924747 15.426856 -5.165764 -1.375952
1769100817.969784 15.428121 -5.172171 -1.377850
1769100818.014715 15.428960 -5.176469 -1.378167
1769100818.074718 15.429813 -5.180841 -1.378167
1769100818.114722 15.431034 -5.187101 -1.377534
1769100818.159719 15.431822 -5.191125 -1.377534
1769100818.219729 15.432653 -5.195373 -1.376585
1769100818.264747 15.433825 -5.201333 -1.375319
1769100818.314745 15.434641 -5.205455 -1.374054
1769100818.369724 15.435458 -5.209550 -1.373105
1769100818.414708 15.436636 -5.215432 -1.372788
1769100818.464727 15.437487 -5.219676 -1.373738
1769100818.519723 15.438305 -5.223771 -1.372788
1769100818.564719 15.439570 -5.230074 -1.373421
1769100818.614744 15.440408 -5.234269 -1.374370
1769100818.669743 15.441248 -5.238489 -1.373738
1769100818.714764 15.442546 -5.244992 -1.373105
1769100818.764756 15.443382 -5.249161 -1.373738
1769100818.824742 15.444254 -5.253530 -1.373738
1769100818.859732 15.445522 -5.259884 -1.374370
1769100818.914743 15.446367 -5.264129 -1.374687
1769100818.974820 15.447225 -5.268449 -1.375319
1769100819.014738 15.448459 -5.274681 -1.376901
1769100819.059761 15.449298 -5.278952 -1.376901
1769100819.124753 15.450122 -5.283150 -1.378483
1769100819.164755 15.451341 -5.289410 -1.379749
1769100819.214740 15.452149 -5.293585 -1.379749
1769100819.269815 15.452966 -5.297810 -1.380382
1769100819.314758 15.454178 -5.304098 -1.378800
1769100819.364738 15.454999 -5.308321 -1.376269
1769100819.424742 15.455801 -5.312394 -1.376269
1769100819.464740 15.457039 -5.318677 -1.374054
1769100819.514744 15.457870 -5.322847 -1.372788
1769100819.569754 15.458687 -5.326917 -1.371523
1769100819.614751 15.459944 -5.333144 -1.370574
1769100819.664795 15.460770 -5.337212 -1.370574
1769100819.724797 15.461621 -5.341404 -1.370890
1769100819.764767 15.462857 -5.347507 -1.372788
1769100819.814766 15.463699 -5.351701 -1.373738
1769100819.874749 15.464561 -5.356019 -1.374370
1769100819.914785 15.465835 -5.362424 -1.375636
1769100819.959789 15.466689 -5.366744 -1.376269
1769100820.019906 15.467502 -5.370867 -1.376269
1769100820.059742 15.468769 -5.377299 -1.376585
1769100820.114813 15.469575 -5.381396 -1.376901
1769100820.169747 15.470399 -5.385594 -1.377218
1769100820.214761 15.471626 -5.391853 -1.375952
1769100820.259753 15.472435 -5.395950 -1.375636
1769100820.319758 15.473244 -5.400047 -1.375319
1769100820.364757 15.474478 -5.406279 -1.375003
1769100820.424754 15.475261 -5.410227 -1.375952
1769100820.464764 15.476491 -5.416459 -1.375003
1769100820.509771 15.477309 -5.420581 -1.375003
1769100820.569762 15.478111 -5.424628 -1.375319
1769100820.619752 15.479350 -5.430884 -1.375319
1769100820.659773 15.480201 -5.435180 -1.373105
1769100820.724766 15.481036 -5.439349 -1.373738
1769100820.764757 15.482319 -5.445778 -1.372788
1769100820.819775 15.483161 -5.449972 -1.373105
1769100820.869756 15.484001 -5.454166 -1.372156
1769100820.919761 15.485280 -5.460518 -1.372788
1769100820.964756 15.486126 -5.464737 -1.374054
1769100821.019770 15.486928 -5.468758 -1.374687
1769100821.059796 15.488195 -5.475138 -1.376901
1769100821.114764 15.488995 -5.479211 -1.379432
1769100821.169775 15.489818 -5.483460 -1.379116
1769100821.214767 15.491053 -5.489821 -1.380382
1769100821.264779 15.491867 -5.494046 -1.381014
1769100821.319762 15.492640 -5.498073 -1.379116
1769100821.364772 15.493865 -5.504384 -1.377850
1769100821.414778 15.494685 -5.508582 -1.376901
1769100821.469762 15.495500 -5.512730 -1.375319
1769100821.514773 15.496714 -5.518863 -1.373105
1769100821.559820 15.497485 -5.522709 -1.372156
1769100821.619788 15.498309 -5.526803 -1.371839
1769100821.664763 15.499549 -5.532957 -1.371839
1769100821.714896 15.500395 -5.537150 -1.371523
1769100821.764810 15.501237 -5.541318 -1.372788
1769100821.814849 15.502466 -5.547447 -1.373738
1769100821.869865 15.503324 -5.551741 -1.375319
1769100821.919800 15.504587 -5.558122 -1.375003
1769100821.964814 15.505449 -5.562467 -1.374687
1769100822.024821 15.506258 -5.566539 -1.374687
1769100822.064837 15.507540 -5.572993 -1.375319
1769100822.114799 15.508386 -5.577264 -1.375319
1769100822.174778 15.509212 -5.581435 -1.374687
1769100822.209779 15.510469 -5.587765 -1.375003
1769100822.264785 15.511232 -5.591614 -1.375952
1769100822.319776 15.512021 -5.595612 -1.375636
1769100822.364779 15.513258 -5.601869 -1.376269
1769100822.414780 15.514085 -5.606066 -1.376585
1769100822.469777 15.514896 -5.610188 -1.376585
1769100822.514796 15.516137 -5.616496 -1.375952
1769100822.559784 15.516955 -5.620643 -1.375636
1769100822.619780 15.517785 -5.624839 -1.374687
1769100822.659784 15.519042 -5.631170 -1.373105
1769100822.709798 15.519848 -5.635190 -1.372472
1769100822.769795 15.520690 -5.639384 -1.371523
1769100822.809792 15.521953 -5.645636 -1.371523
1769100822.874792 15.522795 -5.649804 -1.370890
1769100822.919787 15.524016 -5.655832 -1.371839
1769100822.964789 15.524827 -5.659852 -1.373105
1769100823.019792 15.525687 -5.664145 -1.373421
1769100823.059808 15.526913 -5.670275 -1.376269
1769100823.114791 15.527764 -5.674596 -1.378167
1769100823.174790 15.528602 -5.678894 -1.378483
1769100823.214791 15.529821 -5.685155 -1.379116
1769100823.264794 15.530646 -5.689404 -1.379432
1769100823.319797 15.531474 -5.693678 -1.379432
1769100823.359799 15.532697 -5.699989 -1.378167
1769100823.414807 15.533511 -5.704163 -1.377534
1769100823.469795 15.534322 -5.708311 -1.375952
1769100823.514807 15.535548 -5.714519 -1.374054
1769100823.564817 15.536349 -5.718540 -1.374687
1769100823.619828 15.537168 -5.722661 -1.373421
1769100823.664832 15.538404 -5.728841 -1.371839
1769100823.714854 15.539234 -5.732960 -1.370574
1769100823.769857 15.540075 -5.737102 -1.368359
1769100823.814799 15.541332 -5.743226 -1.363613
1769100823.859831 15.542227 -5.747487 -1.359184
1769100823.919819 15.543115 -5.751619 -1.355071
1769100823.969817 15.544507 -5.757973 -1.348427
1769100824.014811 15.545462 -5.762195 -1.344947
1769100824.069815 15.546431 -5.766413 -1.340201
1769100824.114826 15.547912 -5.772721 -1.333873
1769100824.169810 15.548916 -5.776879 -1.329760
1769100824.214800 15.550402 -5.782926 -1.325331
1769100824.264783 15.551436 -5.787050 -1.320901
1769100824.314827 15.552512 -5.791269 -1.319003
1769100824.369831 15.553591 -5.795460 -1.314890
1769100824.414827 15.555212 -5.801655 -1.309512
1769100824.469814 15.556336 -5.805861 -1.304450
1769100824.519885 15.557982 -5.811892 -1.297805
1769100824.559811 15.559142 -5.816036 -1.292111
1769100824.624903 15.560263 -5.819954 -1.287365
1769100824.664820 15.562039 -5.826053 -1.280088
1769100824.714785 15.563200 -5.829933 -1.275659
1769100824.769813 15.564422 -5.833953 -1.271229
1769100824.814824 15.566275 -5.839950 -1.264269
1769100824.864806 15.567550 -5.843980 -1.259523
1769100824.919808 15.568767 -5.847763 -1.255410
1769100824.959807 15.570753 -5.853851 -1.248133
1769100825.024809 15.572062 -5.857763 -1.245286
1769100825.069810 15.574174 -5.864023 -1.238642
1769100825.114813 15.575586 -5.868114 -1.234529
1769100825.174823 15.577039 -5.872272 -1.230732
1769100825.214811 15.579166 -5.878285 -1.225670
1769100825.259836 15.580571 -5.882191 -1.222506
1769100825.319823 15.581970 -5.886045 -1.218710
1769100825.364840 15.584213 -5.892151 -1.214597
1769100825.414824 15.585714 -5.896184 -1.211433
1769100825.469842 15.587236 -5.900235 -1.207320
1769100825.514861 15.589485 -5.906149 -1.200992
1769100825.559897 15.590922 -5.909855 -1.196879
1769100825.619821 15.592475 -5.913813 -1.191817
1769100825.664817 15.594844 -5.919762 -1.183907
1769100825.724830 15.596401 -5.923583 -1.179162
1769100825.769829 15.598845 -5.929502 -1.171885
1769100825.819854 15.600497 -5.933420 -1.166823
1769100825.869869 15.602148 -5.937283 -1.161761
1769100825.914851 15.604614 -5.942973 -1.155116
1769100825.964861 15.606311 -5.946817 -1.150687
1769100826.024838 15.608014 -5.950630 -1.146574
1769100826.064869 15.610692 -5.956558 -1.140563
1769100826.114828 15.612339 -5.960147 -1.136133
1769100826.169836 15.614161 -5.964072 -1.132653
1769100826.214832 15.616867 -5.969848 -1.126326
1769100826.269842 15.618717 -5.973733 -1.120631
1769100826.324844 15.620612 -5.977653 -1.117467
1769100826.364841 15.623483 -5.983546 -1.113987
1769100826.414849 15.625414 -5.987476 -1.113670
1769100826.469839 15.627336 -5.991382 -1.113670
1769100826.514937 15.630229 -5.997265 -1.113987
1769100826.559878 15.632149 -6.001172 -1.115885
1769100826.624844 15.634006 -6.004969 -1.116201
1769100826.664833 15.636796 -6.010676 -1.117150
1769100826.714841 15.638671 -6.014521 -1.118100
1769100826.769863 15.640531 -6.018345 -1.116834
1769100826.814844 15.643239 -6.023895 -1.116201
1769100826.864866 15.645095 -6.027693 -1.115252
1769100826.919846 15.646932 -6.031443 -1.112405
1769100826.964850 15.649654 -6.036959 -1.111456
1769100827.014852 15.651584 -6.040861 -1.110190
1769100827.069848 15.653373 -6.044466 -1.109874
1769100827.114851 15.656255 -6.050269 -1.109241
1769100827.169852 15.658047 -6.053873 -1.109557
1769100827.214850 15.660931 -6.059675 -1.111456
1769100827.269848 15.662827 -6.063509 -1.112405
1769100827.324928 15.664709 -6.067323 -1.113037
1769100827.364858 15.667584 -6.073158 -1.114619
1769100827.414870 15.669490 -6.077043 -1.115569
1769100827.474858 15.671415 -6.080976 -1.116518
1769100827.519859 15.674248 -6.086776 -1.116834
1769100827.564853 15.676179 -6.090734 -1.116834
1769100827.614854 15.678055 -6.094578 -1.115885
1769100827.669863 15.679968 -6.098489 -1.115885
1769100827.709876 15.682803 -6.104286 -1.116201
1769100827.764874 15.684671 -6.108107 -1.115569
1769100827.819907 15.686529 -6.111903 -1.115252
1769100827.859874 15.689313 -6.117586 -1.115885
1769100827.924897 15.691048 -6.121133 -1.115885
1769100827.969863 15.693817 -6.126794 -1.114936
1769100828.014887 15.695689 -6.130612 -1.114303
1769100828.074874 15.697485 -6.134270 -1.113354
1769100828.114895 15.700313 -6.140015 -1.112405
1769100828.164862 15.702161 -6.143760 -1.111456
1769100828.224880 15.704069 -6.147617 -1.110190
1769100828.264868 15.706949 -6.153421 -1.109557
1769100828.319871 15.708785 -6.157116 -1.109241
1769100828.374885 15.710645 -6.160855 -1.110190
1769100828.414873 15.713536 -6.166682 -1.111139
1769100828.464892 15.715378 -6.170402 -1.111772
1769100828.519871 15.717284 -6.174259 -1.113670
1769100828.559877 15.720155 -6.180096 -1.115885
1769100828.624877 15.721968 -6.183802 -1.116201
1769100828.669951 15.724813 -6.189624 -1.118100
1769100828.709884 15.726651 -6.193402 -1.118100
1769100828.774952 15.728533 -6.197272 -1.117467
1769100828.814897 15.731327 -6.203006 -1.116201
1769100828.864875 15.733105 -6.206644 -1.114936
1769100828.919876 15.734977 -6.210462 -1.113037
1769100828.964885 15.737706 -6.216002 -1.111139
1769100829.014899 15.739491 -6.219609 -1.110823
1769100829.069875 15.741390 -6.223442 -1.110506
1769100829.114897 15.744111 -6.228929 -1.110506
1769100829.174887 15.746034 -6.232807 -1.111456
1769100829.219878 15.748850 -6.238501 -1.112405
1769100829.269902 15.750732 -6.242315 -1.111772
1769100829.324881 15.752627 -6.246149 -1.113354
1769100829.369897 15.755467 -6.251917 -1.113987
1769100829.414899 15.757387 -6.255824 -1.113987
1769100829.474885 15.759207 -6.259527 -1.114303
1769100829.514892 15.762074 -6.265366 -1.113354
1769100829.564883 15.764019 -6.269317 -1.113354
1769100829.624968 15.765931 -6.273200 -1.114303
1769100829.669884 15.768820 -6.279084 -1.115252
1769100829.714911 15.770747 -6.283017 -1.116201
1769100829.769911 15.772603 -6.286814 -1.115885
1769100829.819899 15.775416 -6.292566 -1.116834
1769100829.864910 15.777270 -6.296365 -1.118416
1769100829.924903 15.779096 -6.300121 -1.116834
1769100829.964906 15.781870 -6.305808 -1.116834
1769100830.014901 15.783713 -6.309584 -1.115569
1769100830.074894 15.785571 -6.313381 -1.114619
1769100830.119919 15.788359 -6.319061 -1.112088
1769100830.159892 15.790230 -6.322851 -1.109874
1769100830.209909 15.792144 -6.326705 -1.108608
1769100830.269897 15.794040 -6.330511 -1.107975
1769100830.314906 15.796956 -6.336354 -1.107975
1769100830.364909 15.798866 -6.340182 -1.109557
1769100830.419971 15.800814 -6.344103 -1.109874
1769100830.464909 15.803618 -6.349748 -1.111456
1769100830.524909 15.805503 -6.353559 -1.113354
1769100830.564895 15.808353 -6.359350 -1.114936
1769100830.614910 15.810158 -6.363031 -1.116201
1769100830.669898 15.812059 -6.366920 -1.116518
1769100830.709944 15.814825 -6.372583 -1.118100
1769100830.764899 15.816618 -6.376270 -1.116834
1769100830.819908 15.818472 -6.380069 -1.115885
1769100830.859905 15.821307 -6.385867 -1.114303
1769100830.924901 15.823204 -6.389729 -1.113670
1769100830.964917 15.825963 -6.395339 -1.112721
1769100831.014915 15.827754 -6.398971 -1.113354
1769100831.069900 15.829532 -6.402582 -1.112405
1769100831.114921 15.832354 -6.408302 -1.112405
1769100831.159915 15.834124 -6.411888 -1.113670
1769100831.219923 15.835989 -6.415681 -1.112088
1769100831.264904 15.838814 -6.421400 -1.112721
1769100831.324932 15.840605 -6.425032 -1.113987
1769100831.364904 15.843362 -6.430643 -1.116201
1769100831.414919 15.845263 -6.434531 -1.118416
1769100831.474921 15.847022 -6.438151 -1.120631
1769100831.514935 15.849907 -6.444121 -1.126326
1769100831.564908 15.851692 -6.447869 -1.132020
1769100831.619910 15.853552 -6.451833 -1.136766
1769100831.664911 15.856320 -6.457804 -1.144359
1769100831.709950 15.858047 -6.461606 -1.150371
1769100831.769951 15.859803 -6.465534 -1.156066
1769100831.810006 15.862363 -6.471348 -1.163342
1769100831.864927 15.864048 -6.475252 -1.167772
1769100831.919947 15.865706 -6.479141 -1.171885
1769100831.964948 15.868144 -6.484925 -1.176947
1769100832.024955 15.869669 -6.488594 -1.179794
1769100832.069946 15.872042 -6.494351 -1.184224
1769100832.114961 15.873626 -6.498242 -1.186755
1769100832.164936 15.875248 -6.502255 -1.189602
1769100832.214959 15.876830 -6.506202 -1.192766
1769100832.264939 15.879165 -6.512083 -1.198461
1769100832.319937 15.880666 -6.515926 -1.202574
1769100832.359931 15.883026 -6.522042 -1.209851
1769100832.409995 15.884456 -6.525831 -1.213647
1769100832.464925 15.885898 -6.529696 -1.219659
1769100832.509935 15.888040 -6.535543 -1.226619
1769100832.569945 15.889483 -6.539569 -1.231998
1769100832.614938 15.891620 -6.545633 -1.239591
1769100832.659945 15.893027 -6.549726 -1.243071
1769100832.719936 15.894339 -6.553584 -1.247817
1769100832.764934 15.896396 -6.559728 -1.255410
1769100832.814940 15.897683 -6.563675 -1.259207
1769100832.869927 15.899025 -6.567843 -1.262687
1769100832.909936 15.900967 -6.573945 -1.268698
1769100832.965023 15.902248 -6.578053 -1.271862
1769100833.019930 15.903485 -6.582068 -1.275026
1769100833.064925 15.905300 -6.588024 -1.280088
1769100833.114947 15.906511 -6.592073 -1.284834
1769100833.169956 15.907689 -6.596080 -1.288314
1769100833.209954 15.909474 -6.602230 -1.293692
1769100833.264958 15.910617 -6.606247 -1.298438
1769100833.314943 15.911788 -6.610440 -1.302868
1769100833.364959 15.913430 -6.616420 -1.309512
1769100833.424967 15.914495 -6.620405 -1.314890
1769100833.469966 15.916174 -6.626821 -1.321851
1769100833.509953 15.917265 -6.631114 -1.327229
1769100833.559955 15.918333 -6.635412 -1.332608
1769100833.619973 15.919361 -6.639643 -1.337037
1769100833.659960 15.920862 -6.645946 -1.344630
1769100833.709981 15.921855 -6.650263 -1.346845
1769100833.769978 15.922810 -6.654458 -1.349376
1769100833.819947 15.924200 -6.660631 -1.349376
1769100833.869991 15.925073 -6.664508 -1.349692
1769100833.914971 15.926388 -6.670360 -1.349376
1769100833.964970 15.927322 -6.674509 -1.349376
1769100834.024967 15.928245 -6.678608 -1.349376
1769100834.069982 15.929635 -6.684781 -1.348743
1769100834.114964 15.930582 -6.688978 -1.348110
1769100834.174968 15.931471 -6.692903 -1.348427
1769100834.215054 15.932900 -6.699223 -1.347794
1769100834.259970 15.933801 -6.703197 -1.346212
1769100834.314955 15.934726 -6.707244 -1.346845
1769100834.364915 15.936153 -6.713512 -1.346845
1769100834.424986 15.937053 -6.717461 -1.346845
1769100834.464954 15.938435 -6.723532 -1.346845
1769100834.509956 15.939340 -6.727505 -1.347161
1769100834.564976 15.940295 -6.731701 -1.347794
1769100834.614979 15.941733 -6.738045 -1.350009
1769100834.664970 15.942681 -6.742268 -1.350325
1769100834.720022 15.943628 -6.746491 -1.351907
1769100834.765024 15.945040 -6.752841 -1.352223
1769100834.809974 15.945929 -6.756844 -1.352223
1769100834.864963 15.946873 -6.761093 -1.352223
1769100834.914968 15.948256 -6.767320 -1.350958
1769100834.964958 15.949195 -6.771519 -1.350325
1769100835.019975 15.950125 -6.775668 -1.349060
1769100835.064985 15.951505 -6.781792 -1.347794
1769100835.124966 15.952384 -6.785667 -1.346845
1769100835.169979 15.953772 -6.791763 -1.345896
1769100835.214964 15.954726 -6.795933 -1.346212
1769100835.274981 15.955628 -6.799881 -1.346212
1769100835.314995 15.957060 -6.806148 -1.346845
1769100835.359980 15.958021 -6.810368 -1.348427
1769100835.424989 15.958981 -6.814614 -1.347794
1769100835.464978 15.960431 -6.821007 -1.348743
1769100835.514990 15.961356 -6.825106 -1.349376
1769100835.569981 15.962323 -6.829402 -1.349376
1769100835.614969 15.963769 -6.835823 -1.350642
1769100835.664979 15.964708 -6.840022 -1.350642
1769100835.719982 15.965609 -6.844048 -1.351591
1769100835.759994 15.967002 -6.850298 -1.351274
1769100835.814993 15.967911 -6.854374 -1.350958
1769100835.869992 15.968844 -6.858549 -1.351907
1769100835.910011 15.970229 -6.864775 -1.352540
1769100835.965011 15.971133 -6.868852 -1.351591
1769100836.020063 15.972025 -6.872854 -1.351591
1769100836.065048 15.973401 -6.879030 -1.350325
1769100836.109981 15.974287 -6.882982 -1.349692
1769100836.165040 15.975214 -6.887106 -1.348743
1769100836.214998 15.976579 -6.893155 -1.347161
1769100836.274984 15.977545 -6.897400 -1.346529
1769100836.315000 15.978958 -6.903594 -1.346212
1769100836.364995 15.979910 -6.907764 -1.345896
1769100836.425041 15.980864 -6.911934 -1.346212
1769100836.464978 15.982268 -6.918078 -1.346529
1769100836.509987 15.983191 -6.922125 -1.347161
1769100836.570002 15.984106 -6.926148 -1.348110
1769100836.614994 15.985559 -6.932566 -1.351274
1769100836.665006 15.986507 -6.936815 -1.354438
1769100836.720003 15.987409 -6.940918 -1.357602
1769100836.764981 15.988807 -6.947375 -1.363613
1769100836.815010 15.989645 -6.951363 -1.367726
1769100836.865044 15.990523 -6.955627 -1.370890
1769100836.909989 15.991775 -6.961804 -1.376269
1769100836.975008 15.992577 -6.965876 -1.380065
1769100837.015011 15.993772 -6.972064 -1.384811
1769100837.064986 15.994507 -6.975970 -1.387658
1769100837.120016 15.995263 -6.980051 -1.391455
1769100837.164987 15.996364 -6.986128 -1.397783
1769100837.214997 15.997048 -6.990042 -1.401263
1769100837.265003 15.997779 -6.994309 -1.406009
1769100837.314991 15.998800 -7.000451 -1.412969
1769100837.370013 15.999472 -7.004675 -1.418348
1769100837.415016 16.000433 -7.010929 -1.424042
1769100837.464993 16.001066 -7.015211 -1.428788
1769100837.520011 16.001689 -7.019571 -1.433218
1769100837.560006 16.002588 -7.026064 -1.436698
1769100837.615022 16.003147 -7.030203 -1.438280
1769100837.670016 16.003709 -7.034418 -1.440178
1769100837.709995 16.004533 -7.040692 -1.440811
1769100837.764994 16.005097 -7.045008 -1.442076
1769100837.820020 16.005640 -7.049200 -1.443026
1769100837.860037 16.006456 -7.055552 -1.443975
1769100837.910037 16.007000 -7.059820 -1.444607
1769100837.970034 16.007519 -7.063913 -1.443658
1769100838.015024 16.008305 -7.070064 -1.443342
1769100838.070025 16.008814 -7.074030 -1.442709
1769100838.115040 16.009590 -7.080055 -1.440811
1769100838.165034 16.010147 -7.084322 -1.438913
1769100838.220026 16.010677 -7.088311 -1.437331
1769100838.265018 16.011502 -7.094457 -1.436381
1769100838.310029 16.012061 -7.098596 -1.435432
1769100838.365015 16.012632 -7.102784 -1.435116
1769100838.415014 16.013505 -7.109179 -1.436065
1769100838.470026 16.014083 -7.113443 -1.436698
1769100838.510005 16.014925 -7.119688 -1.439545
1769100838.560027 16.015462 -7.123754 -1.440811
1769100838.620090 16.016026 -7.128070 -1.441444
1769100838.665088 16.016836 -7.134295 -1.443342
1769100838.710029 16.017367 -7.138437 -1.443026
1769100838.765008 16.017922 -7.142755 -1.443658
1769100838.815031 16.018759 -7.149308 -1.443342
1769100838.860009 16.019306 -7.153576 -1.441444
1769100838.910009 16.019832 -7.157617 -1.441127
1769100838.965024 16.020621 -7.163665 -1.440178
1769100839.025017 16.021178 -7.167907 -1.438596
1769100839.065077 16.022018 -7.174229 -1.439229
1769100839.110022 16.022563 -7.178344 -1.438596
1769100839.170032 16.023120 -7.182534 -1.439545
1769100839.215037 16.023962 -7.188908 -1.439545
1769100839.265033 16.024511 -7.193073 -1.438913
1769100839.320093 16.025074 -7.197314 -1.440494
1769100839.370043 16.025903 -7.203638 -1.439229
1769100839.415047 16.026467 -7.207904 -1.439229
1769100839.465035 16.027042 -7.212244 -1.439545
1769100839.510059 16.027605 -7.216510 -1.438280
1769100839.560039 16.028441 -7.222782 -1.437647
1769100839.625043 16.029009 -7.227022 -1.438596
1769100839.665018 16.029869 -7.233495 -1.438596
1769100839.710036 16.030447 -7.237836 -1.440811
1769100839.775100 16.031004 -7.242102 -1.442076
1769100839.815081 16.031843 -7.248578 -1.443975
1769100839.865059 16.032361 -7.252646 -1.445240
1769100839.920069 16.032891 -7.256839 -1.445557
1769100839.965073 16.033687 -7.263168 -1.445557
1769100840.015063 16.034218 -7.267387 -1.444924
1769100840.070068 16.034755 -7.271630 -1.443975
1769100840.115042 16.035562 -7.277957 -1.442076
1769100840.165046 16.036105 -7.282149 -1.439862
1769100840.225043 16.036663 -7.286390 -1.438280
1769100840.265096 16.037489 -7.292587 -1.436698
1769100840.315048 16.038051 -7.296751 -1.435432
1769100840.375109 16.038628 -7.300989 -1.435749
1769100840.420057 16.039484 -7.307285 -1.436698
1769100840.465069 16.040059 -7.311549 -1.437963
1769100840.520039 16.040629 -7.315814 -1.438596
1769100840.565070 16.041486 -7.322262 -1.440178
1769100840.615046 16.042050 -7.326553 -1.441127
1769100840.670127 16.042603 -7.330795 -1.442076
1769100840.715052 16.043412 -7.337045 -1.441760
1769100840.765058 16.043979 -7.341412 -1.442393
1769100840.825075 16.044539 -7.345755 -1.441444
1769100840.865043 16.045379 -7.352205 -1.440494
1769100840.915050 16.045938 -7.356472 -1.440494
1769100840.975039 16.046490 -7.360688 -1.439862
1769100841.015054 16.047323 -7.367012 -1.441127
1769100841.065063 16.047873 -7.371228 -1.441127
1769100841.120063 16.048419 -7.375420 -1.441444
1769100841.170079 16.049239 -7.381719 -1.441127
1769100841.215064 16.049785 -7.385911 -1.440178
1769100841.270068 16.050339 -7.390127 -1.440811
1769100841.320044 16.050890 -7.394343 -1.440178
1769100841.360046 16.051721 -7.400667 -1.438913
1769100841.410050 16.052294 -7.404983 -1.438280
1769100841.465073 16.052855 -7.409198 -1.437647
1769100841.510054 16.053709 -7.415570 -1.436381
1769100841.560069 16.054282 -7.419809 -1.436698
1769100841.620076 16.054857 -7.424073 -1.436698
1769100841.660069 16.055730 -7.430544 -1.438596
1769100841.720181 16.056298 -7.434810 -1.439862
1769100841.770070 16.057120 -7.441058 -1.441444
1769100841.815100 16.057689 -7.445425 -1.443342
1769100841.870094 16.058248 -7.449794 -1.444607
1769100841.915100 16.059029 -7.455945 -1.444924
1769100841.965168 16.059566 -7.460189 -1.445873
1769100842.025098 16.060083 -7.464308 -1.445240
1769100842.065093 16.060879 -7.470611 -1.444291
1769100842.120071 16.061421 -7.474879 -1.441760
1769100842.170086 16.061936 -7.478845 -1.440494
1769100842.215084 16.062762 -7.485144 -1.438913
1769100842.265085 16.063307 -7.489259 -1.437647
1769100842.325066 16.063875 -7.493499 -1.437331
1769100842.365081 16.064711 -7.499720 -1.437331
1769100842.415085 16.065273 -7.503909 -1.437014
1769100842.465077 16.065813 -7.507923 -1.438280
1769100842.515090 16.066632 -7.514069 -1.438596
1769100842.570083 16.067176 -7.518159 -1.439545
1769100842.615075 16.068018 -7.524533 -1.439545
1769100842.660073 16.068594 -7.528899 -1.439545
1769100842.720080 16.069127 -7.532939 -1.439862
1769100842.765062 16.069983 -7.539438 -1.439545
1769100842.815078 16.070510 -7.543428 -1.439229
1769100842.865080 16.071088 -7.547794 -1.439229
1769100842.915073 16.071934 -7.554192 -1.440178
1769100842.975088 16.072478 -7.558333 -1.441127
1769100843.020072 16.073306 -7.564683 -1.442076
1769100843.065075 16.073862 -7.568975 -1.442393
1769100843.115072 16.074413 -7.573243 -1.443658
1769100843.165089 16.074949 -7.577435 -1.442709
1769100843.215076 16.075741 -7.583586 -1.442393
1769100843.270072 16.076276 -7.587728 -1.442076
1769100843.315086 16.077098 -7.594078 -1.440494
1769100843.365090 16.077650 -7.598294 -1.439229
1769100843.425093 16.078182 -7.602309 -1.437331
1769100843.460090 16.079030 -7.608631 -1.436065
1769100843.515101 16.079602 -7.612844 -1.436065
1769100843.570096 16.080173 -7.617058 -1.435432
1769100843.615087 16.081020 -7.623278 -1.437331
1769100843.660094 16.081562 -7.627316 -1.438280
1769100843.715106 16.082131 -7.631581 -1.438913
1769100843.765118 16.082993 -7.638080 -1.441127
1769100843.810123 16.083533 -7.642221 -1.442076
1769100843.865129 16.084088 -7.646514 -1.443026
1769100843.915130 16.084917 -7.652965 -1.444607
1769100843.970109 16.085449 -7.657159 -1.444291
1769100844.015146 16.086244 -7.663411 -1.443342
1769100844.065203 16.086759 -7.667427 -1.442709
1769100844.120114 16.087302 -7.671645 -1.442076
1769100844.170100 16.088118 -7.677945 -1.441127
1769100844.215115 16.088661 -7.682112 -1.440494
1769100844.270126 16.089213 -7.686328 -1.440494
1769100844.315119 16.090039 -7.692627 -1.440178
1769100844.360109 16.090583 -7.696768 -1.439862
1769100844.420115 16.091138 -7.700983 -1.439862
1769100844.460119 16.091967 -7.707282 -1.439545
1769100844.515120 16.092524 -7.711498 -1.438913
1769100844.570125 16.093060 -7.715537 -1.439229
1769100844.615128 16.093900 -7.721885 -1.438280
1769100844.660128 16.094482 -7.726251 -1.437647
1769100844.720120 16.095019 -7.730265 -1.437014
1769100844.760113 16.095887 -7.736711 -1.436698
1769100844.825106 16.096432 -7.740750 -1.437014
1769100844.865113 16.097300 -7.747197 -1.439229
1769100844.915124 16.097867 -7.751487 -1.440178
1769100844.975171 16.098438 -7.755829 -1.441127
1769100845.020118 16.099285 -7.762329 -1.443342
1769100845.065136 16.099835 -7.766622 -1.443658
1769100845.115120 16.100375 -7.770840 -1.444291
1769100845.165138 16.100918 -7.775109 -1.443658
1769100845.210117 16.101697 -7.781209 -1.443342
1769100845.275129 16.102248 -7.785502 -1.442393
1769100845.320119 16.103064 -7.791828 -1.440494
1769100845.365132 16.103604 -7.795944 -1.438596
1769100845.420179 16.104157 -7.800109 -1.437331
1769100845.460133 16.104976 -7.806205 -1.436381
1769100845.515121 16.105549 -7.810444 -1.436065
1769100845.570100 16.106127 -7.814707 -1.436698
1769100845.615120 16.106970 -7.820953 -1.437647
1769100845.665126 16.107511 -7.824992 -1.438596
1769100845.720127 16.108085 -7.829308 -1.439862
1769100845.765124 16.108897 -7.835481 -1.440494
1769100845.825159 16.109440 -7.839622 -1.440811
1769100845.865173 16.110283 -7.846072 -1.441760
1769100845.915143 16.110863 -7.850539 -1.442393
1769100845.975172 16.111388 -7.854606 -1.442393
1769100846.020148 16.112221 -7.861057 -1.442076
1769100846.065143 16.112780 -7.865375 -1.442076
1769100846.125108 16.113296 -7.869366 -1.441760
1769100846.160120 16.114127 -7.875766 -1.442709
1769100846.215119 16.114638 -7.879733 -1.443342
1769100846.270142 16.115181 -7.883976 -1.443658
1769100846.320205 16.115987 -7.890277 -1.443342
1769100846.375138 16.116492 -7.894219 -1.443026
1769100846.420150 16.117276 -7.900319 -1.442076
1769100846.465131 16.117822 -7.904536 -1.440178
1769100846.520140 16.118346 -7.908526 -1.439862
1769100846.565120 16.119175 -7.914825 -1.438913
1769100846.615151 16.119714 -7.918890 -1.437647
1769100846.670122 16.120276 -7.923079 -1.436698
1769100846.715153 16.121139 -7.929475 -1.436381
1769100846.760143 16.121712 -7.933714 -1.436065
1769100846.820140 16.122263 -7.937777 -1.436065
1769100846.860137 16.123126 -7.944148 -1.438596
1769100846.925154 16.123670 -7.948238 -1.440178
1769100846.965156 16.124524 -7.954737 -1.441760
1769100847.015160 16.125061 -7.958879 -1.442709
1769100847.075142 16.125614 -7.963172 -1.443658
1769100847.115167 16.126452 -7.969724 -1.443975
1769100847.165147 16.126999 -7.974018 -1.443658
1769100847.220154 16.127519 -7.978085 -1.443026
1769100847.265134 16.128335 -7.984436 -1.442076
1769100847.315171 16.128855 -7.988453 -1.440178
1769100847.370127 16.129402 -7.992618 -1.439545
1769100847.415159 16.130233 -7.998917 -1.437963
1769100847.465170 16.130797 -8.003131 -1.437963
1769100847.515166 16.131323 -8.007070 -1.438280
1769100847.560151 16.132159 -8.013342 -1.438280
1769100847.625165 16.132697 -8.017382 -1.439229
1769100847.660148 16.133541 -8.023755 -1.438596
1769100847.715144 16.134078 -8.027795 -1.439545
1769100847.770164 16.134618 -8.031885 -1.439862
1769100847.815157 16.135464 -8.038309 -1.439862
1769100847.865161 16.136036 -8.042650 -1.439545
1769100847.920154 16.136612 -8.047016 -1.439545
1769100847.960191 16.137463 -8.053465 -1.439229
1769100848.015184 16.138038 -8.057806 -1.439545
1769100848.070185 16.138604 -8.062097 -1.440494
1769100848.115169 16.139426 -8.068371 -1.441760
1769100848.160167 16.139987 -8.072688 -1.443026
1769100848.220158 16.140522 -8.076856 -1.444291
1769100848.265160 16.141336 -8.083258 -1.445240
1769100848.315164 16.141866 -8.087452 -1.445557
1769100848.370172 16.142394 -8.091646 -1.444607
1769100848.415155 16.143199 -8.097998 -1.443026
1769100848.465176 16.143741 -8.102216 -1.442393
1769100848.520226 16.144283 -8.106408 -1.440811
1769100848.565186 16.145099 -8.112657 -1.437963
1769100848.615175 16.145659 -8.116847 -1.436381
1769100848.670166 16.146222 -8.121010 -1.435749
1769100848.715161 16.147085 -8.127356 -1.435432
1769100848.760172 16.147652 -8.131519 -1.436065
1769100848.820168 16.148240 -8.135858 -1.436381
1769100848.860155 16.149067 -8.141978 -1.437647
1769100848.915189 16.149659 -8.146393 -1.440178
1769100848.975169 16.150213 -8.150609 -1.440178
1769100849.015185 16.151060 -8.157059 -1.441760
1769100849.065175 16.151630 -8.161451 -1.442709
1769100849.125192 16.152183 -8.165744 -1.442393
1769100849.170182 16.153029 -8.172296 -1.442076
1769100849.215258 16.153584 -8.176588 -1.441760
1769100849.270161 16.154128 -8.180780 -1.440811
1769100849.320160 16.154958 -8.187129 -1.439862
1769100849.360178 16.155510 -8.191320 -1.439545
1769100849.425171 16.156073 -8.195586 -1.439545
1769100849.470184 16.156901 -8.201859 -1.440178
1769100849.515182 16.157442 -8.205975 -1.440178
1769100849.570177 16.157999 -8.210216 -1.440494
1769100849.620209 16.158831 -8.216565 -1.440811
1769100849.660157 16.159372 -8.220706 -1.439862
1769100849.725188 16.159911 -8.224796 -1.440178
1769100849.765194 16.160748 -8.231170 -1.438913
1769100849.810192 16.161314 -8.235436 -1.437647
1769100849.870171 16.161869 -8.239575 -1.437963
1769100849.915224 16.162713 -8.245897 -1.436698
1769100849.960202 16.163295 -8.250212 -1.437331
1769100850.025190 16.163865 -8.254451 -1.437647
1769100850.065142 16.164738 -8.260974 -1.439545
1769100850.120170 16.165308 -8.265290 -1.442076
1769100850.170186 16.165857 -8.269532 -1.443026
1769100850.215205 16.166699 -8.276084 -1.445240
1769100850.265172 16.167238 -8.280353 -1.445873
1769100850.320177 16.167739 -8.284346 -1.445557
1769100850.360243 16.168542 -8.290725 -1.445557
1769100850.410184 16.169089 -8.295069 -1.444607
1769100850.470199 16.169615 -8.299212 -1.443026
1769100850.510195 16.170424 -8.305513 -1.440811
1769100850.565188 16.170969 -8.309679 -1.438913
1769100850.625175 16.171525 -8.313870 -1.437331
1769100850.665197 16.172363 -8.320116 -1.436381
1769100850.715191 16.172926 -8.324280 -1.436381
1769100850.770210 16.173500 -8.328518 -1.436698
1769100850.820195 16.174346 -8.334789 -1.437331
1769100850.865195 16.174932 -8.339154 -1.439229
1769100850.925201 16.175496 -8.343420 -1.439229
1769100850.965203 16.176340 -8.349793 -1.439862
1769100851.020266 16.176918 -8.354185 -1.440811
1769100851.075205 16.177472 -8.358426 -1.441127
1769100851.120185 16.178317 -8.364901 -1.440494
1769100851.165205 16.178882 -8.369218 -1.440494
1769100851.210208 16.179445 -8.373509 -1.439545
1769100851.270200 16.180018 -8.377850 -1.440494
1769100851.315201 16.180856 -8.384250 -1.440811
1769100851.370188 16.181411 -8.388491 -1.441127
1769100851.420211 16.182206 -8.394590 -1.442709
1769100851.465214 16.182753 -8.398833 -1.442393
1769100851.525217 16.183294 -8.403025 -1.442709
1769100851.570193 16.184105 -8.409326 -1.442393
1769100851.615207 16.184647 -8.413518 -1.440811
1769100851.670219 16.185175 -8.417558 -1.441127
1769100851.715225 16.186006 -8.423933 -1.439229
1769100851.760211 16.186557 -8.428099 -1.437963
1769100851.825228 16.187134 -8.432414 -1.437331
1769100851.865231 16.187983 -8.438735 -1.436065
1769100851.915221 16.188561 -8.442999 -1.436065
1769100851.970235 16.189108 -8.447037 -1.436381
1769100852.015224 16.189973 -8.453433 -1.437331
1769100852.070252 16.190525 -8.457547 -1.438596
1769100852.120284 16.191092 -8.461813 -1.440494
1769100852.165197 16.191947 -8.468338 -1.442393
1769100852.215240 16.192505 -8.472655 -1.444291
1769100852.270228 16.193054 -8.476974 -1.444924
1769100852.315224 16.193880 -8.483503 -1.444924
1769100852.360234 16.194417 -8.487746 -1.445240
1769100852.420217 16.194928 -8.491789 -1.444291
1769100852.465233 16.195726 -8.498066 -1.443026
1769100852.515208 16.196268 -8.502284 -1.441127
1769100852.570223 16.196818 -8.506500 -1.440494
1769100852.615224 16.197643 -8.512799 -1.439545
1769100852.665239 16.198186 -8.516915 -1.438913
1769100852.720226 16.198749 -8.521155 -1.438596
1769100852.765239 16.199576 -8.527377 -1.438596
1769100852.810236 16.200133 -8.531567 -1.438913
1769100852.870229 16.200693 -8.535783 -1.438913
1769100852.915242 16.201531 -8.542105 -1.438913
1769100852.960239 16.202107 -8.546446 -1.439862
1769100853.020253 16.202672 -8.550737 -1.438913
1769100853.065232 16.203528 -8.557186 -1.437963
1769100853.115203 16.204094 -8.561425 -1.438280
1769100853.165243 16.204659 -8.565665 -1.437963
1769100853.220214 16.205494 -8.571912 -1.438280
1769100853.275238 16.206046 -8.576052 -1.439229
1769100853.320233 16.206893 -8.582450 -1.441444
1769100853.360233 16.207448 -8.586717 -1.442709
1769100853.415242 16.208004 -8.591035 -1.443342
1769100853.470245 16.208547 -8.595278 -1.443026
1769100853.510231 16.209360 -8.601604 -1.443658
1769100853.560237 16.209899 -8.605822 -1.442393
1769100853.620259 16.210447 -8.610064 -1.443342
1769100853.665243 16.211229 -8.616165 -1.440494
1769100853.725238 16.211785 -8.620406 -1.438913
1769100853.760242 16.212590 -8.626478 -1.437647
1769100853.810238 16.213128 -8.630492 -1.435749
1769100853.870239 16.213670 -8.634480 -1.436065
1769100853.915252 16.214537 -8.640876 -1.436381
1769100853.970264 16.215096 -8.645014 -1.436698
1769100854.020266 16.215935 -8.651235 -1.438596
1769100854.065274 16.216503 -8.655500 -1.439229
1769100854.125250 16.217074 -8.659816 -1.439862
1769100854.165247 16.217897 -8.666064 -1.442076
1769100854.210250 16.218462 -8.670432 -1.442076
1769100854.275257 16.219030 -8.674825 -1.442393
1769100854.315250 16.219860 -8.681251 -1.443026
1769100854.360255 16.220421 -8.685619 -1.443026
1769100854.420319 16.220970 -8.689887 -1.442393
1769100854.475244 16.221786 -8.696213 -1.441760
1769100854.510232 16.222337 -8.700454 -1.441444
1769100854.575256 16.222889 -8.704696 -1.442393
1769100854.620260 16.223692 -8.710922 -1.441760
1769100854.665255 16.224233 -8.715088 -1.441760
1769100854.715257 16.224783 -8.719330 -1.441444
1769100854.770278 16.225322 -8.723472 -1.441127
1769100854.815258 16.226140 -8.729746 -1.440494
1769100854.875260 16.226690 -8.733937 -1.439545
1769100854.915245 16.227534 -8.740336 -1.437963
1769100854.965245 16.228104 -8.744601 -1.437963
1769100855.025252 16.228671 -8.748841 -1.437647
1769100855.070266 16.229491 -8.754962 -1.436381
1769100855.115256 16.230033 -8.758975 -1.435749
1769100855.170236 16.230619 -8.763289 -1.437014
1769100855.215244 16.231484 -8.769710 -1.438913
1769100855.260337 16.232023 -8.773775 -1.439545
1769100855.320259 16.232589 -8.778066 -1.441760
1769100855.365256 16.233436 -8.784592 -1.442393
1769100855.415248 16.233990 -8.788885 -1.443342
1769100855.470268 16.234521 -8.793027 -1.444291
1769100855.515270 16.235332 -8.799405 -1.444291
1769100855.565244 16.235878 -8.803698 -1.443342
1769100855.620251 16.236419 -8.807916 -1.443342
1769100855.660348 16.237236 -8.814293 -1.440811
1769100855.715284 16.237751 -8.818233 -1.439229
1769100855.765313 16.238299 -8.822373 -1.438280
1769100855.810266 16.239138 -8.828670 -1.436698
1769100855.870257 16.239680 -8.832684 -1.437331
1769100855.915246 16.240522 -8.838955 -1.437963
1769100855.965340 16.241088 -8.843195 -1.437647
1769100856.025289 16.241660 -8.847460 -1.438913
1769100856.070311 16.242512 -8.853883 -1.439545
1769100856.115273 16.243068 -8.858098 -1.440178
1769100856.170274 16.243609 -8.862214 -1.440178
1769100856.215273 16.244469 -8.868764 -1.439862
1769100856.265280 16.244998 -8.872779 -1.440494
1769100856.325249 16.245574 -8.877171 -1.440178
1769100856.360272 16.246424 -8.883645 -1.441444
1769100856.415265 16.246982 -8.887937 -1.443026
1769100856.470287 16.247537 -8.892255 -1.444924
1769100856.515326 16.248341 -8.898608 -1.450935
1769100856.560336 16.248859 -8.902905 -1.455681
1769100856.625283 16.249344 -8.907104 -1.459794
1769100856.665285 16.250048 -8.913418 -1.465805
1769100856.715261 16.250488 -8.917596 -1.469602
1769100856.770289 16.250920 -8.921852 -1.473082
1769100856.820295 16.251533 -8.928099 -1.477511
1769100856.860293 16.251926 -8.932308 -1.480359
1769100856.925289 16.252308 -8.936517 -1.483206
1769100856.965336 16.252866 -8.942871 -1.487636
1769100857.015285 16.253217 -8.947083 -1.491116
1769100857.070267 16.253558 -8.951347 -1.495229
1769100857.115279 16.254032 -8.957606 -1.502822
1769100857.165265 16.254325 -8.961925 -1.508201
1769100857.220284 16.254596 -8.966244 -1.512946
1769100857.265357 16.254971 -8.972713 -1.521805
1769100857.315289 16.255183 -8.977036 -1.527816
1769100857.370273 16.255369 -8.981360 -1.532562
1769100857.415294 16.255612 -8.987708 -1.538573
1769100857.465300 16.255752 -8.992059 -1.541737
1769100857.520294 16.255873 -8.996234 -1.542054
1769100857.560297 16.256057 -9.002635 -1.542370
1769100857.615296 16.256179 -9.006911 -1.540788
1769100857.670340 16.256306 -9.011161 -1.539523
1769100857.715369 16.256509 -9.017637 -1.538257
1769100857.765339 16.256644 -9.021786 -1.537624
1769100857.825300 16.256787 -9.026087 -1.537624
1769100857.865314 16.257001 -9.032537 -1.537941
1769100857.915396 16.257136 -9.036661 -1.537624
1769100857.975332 16.257277 -9.040911 -1.538890
1769100858.020322 16.257482 -9.047311 -1.538573
1769100858.065293 16.257620 -9.051611 -1.539206
1769100858.125348 16.257757 -9.055937 -1.540155
1769100858.170306 16.257952 -9.062287 -1.539206
1769100858.215300 16.258089 -9.066639 -1.539206
1769100858.275298 16.258227 -9.071015 -1.539523
1769100858.320302 16.258432 -9.077542 -1.539523
1769100858.365364 16.258571 -9.081995 -1.540155
1769100858.415313 16.258705 -9.086371 -1.541737
1769100858.470285 16.258832 -9.090723 -1.541737
1769100858.515325 16.259021 -9.097250 -1.543635
1769100858.560288 16.259136 -9.101476 -1.543952
1769100858.620311 16.259250 -9.105726 -1.544585
1769100858.660358 16.259416 -9.112052 -1.543952
1769100858.715313 16.259527 -9.116201 -1.543319
1769100858.770325 16.259644 -9.120427 -1.543003
1769100858.810307 16.259819 -9.126727 -1.540788
1769100858.860308 16.259944 -9.130901 -1.539206
1769100858.920313 16.260079 -9.135176 -1.536991
1769100858.965332 16.260295 -9.141551 -1.535093
1769100859.015290 16.260448 -9.145851 -1.535093
1769100859.070295 16.260602 -9.150151 -1.534460
1769100859.115297 16.260830 -9.156424 -1.535093
1769100859.175314 16.260979 -9.160598 -1.536675
1769100859.215327 16.261190 -9.166770 -1.538573
1769100859.265305 16.261321 -9.170843 -1.539523
1769100859.320318 16.261457 -9.175194 -1.540155
1769100859.360311 16.261649 -9.181468 -1.541421
1769100859.420333 16.261776 -9.185769 -1.542054
1769100859.470326 16.261954 -9.191968 -1.543003
1769100859.515324 16.262075 -9.196319 -1.542370
1769100859.570318 16.262199 -9.200671 -1.541737
1769100859.615338 16.262382 -9.206971 -1.540155
1769100859.660322 16.262515 -9.211322 -1.539523
1769100859.725405 16.262648 -9.215572 -1.540155
1769100859.765362 16.262846 -9.222024 -1.538573
1769100859.815333 16.262982 -9.226248 -1.539523
1769100859.870369 16.263106 -9.230220 -1.539206
1769100859.915363 16.263305 -9.236519 -1.539523
1769100859.965384 16.263432 -9.240567 -1.538890
1769100860.020367 16.263567 -9.244792 -1.538573
1769100860.065385 16.263766 -9.250964 -1.538573
1769100860.115346 16.263904 -9.255240 -1.538257
1769100860.165354 16.264043 -9.259515 -1.537941
1769100860.210356 16.264256 -9.265991 -1.537308
1769100860.265330 16.264399 -9.270266 -1.536359
1769100860.320332 16.264552 -9.274718 -1.538257
1769100860.365331 16.264766 -9.281295 -1.541421
1769100860.415336 16.264896 -9.285697 -1.543952
1769100860.470330 16.265015 -9.290125 -1.548698
1769100860.515335 16.265157 -9.296578 -1.556607
1769100860.560326 16.265218 -9.300880 -1.561037
1769100860.620341 16.265260 -9.305158 -1.565782
1769100860.660352 16.265292 -9.311485 -1.572110
1769100860.715346 16.265286 -9.315712 -1.575590
1769100860.770396 16.265266 -9.319863 -1.578754
1769100860.815393 16.265218 -9.325887 -1.582551
1769100860.860334 16.265168 -9.330139 -1.585082
1769100860.920338 16.265108 -9.334390 -1.589511
1769100860.965340 16.264987 -9.340843 -1.593624
1769100861.015353 16.264890 -9.345095 -1.597421
1769100861.070349 16.264776 -9.349371 -1.601534
1769100861.115351 16.264578 -9.355822 -1.608178
1769100861.165339 16.264415 -9.360172 -1.612607
1769100861.220409 16.264239 -9.364370 -1.618302
1769100861.260345 16.263934 -9.370792 -1.625895
1769100861.310328 16.263696 -9.375113 -1.630641
1769100861.370348 16.263441 -9.379358 -1.635703
1769100861.415341 16.263021 -9.385824 -1.642664
1769100861.465350 16.262714 -9.390090 -1.647409
1769100861.520329 16.262379 -9.394456 -1.653421
1769100861.560350 16.261836 -9.401014 -1.659116
1769100861.615343 16.261476 -9.405074 -1.663228
1769100861.665368 16.261072 -9.409434 -1.667341
1769100861.715404 16.260455 -9.415807 -1.672720
1769100861.765377 16.260030 -9.419962 -1.676200
1769100861.820376 16.259577 -9.424241 -1.679364
1769100861.860390 16.258886 -9.430582 -1.685059
1769100861.915387 16.258416 -9.434680 -1.688539
1769100861.970352 16.257931 -9.438777 -1.692019
1769100862.015394 16.257157 -9.445134 -1.697398
1769100862.065371 16.256620 -9.449352 -1.702460
1769100862.120365 16.256045 -9.453693 -1.707206
1769100862.165362 16.255167 -9.460087 -1.713850
1769100862.210339 16.254550 -9.464371 -1.719228
1769100862.270372 16.253895 -9.468752 -1.723974
1769100862.315325 16.252891 -9.475256 -1.732200
1769100862.360371 16.252175 -9.479652 -1.737262
1769100862.420370 16.251462 -9.483896 -1.741059
1769100862.465407 16.250351 -9.490356 -1.748968
1769100862.510363 16.249593 -9.494566 -1.753081
1769100862.570365 16.248832 -9.498698 -1.756878
1769100862.615363 16.247661 -9.504917 -1.763206
1769100862.660370 16.246867 -9.508991 -1.767002
1769100862.725378 16.246038 -9.513162 -1.770799
1769100862.765434 16.244781 -9.519363 -1.777127
1769100862.810369 16.243915 -9.523500 -1.779974
1769100862.870354 16.243027 -9.527685 -1.783454
1769100862.920360 16.241702 -9.533820 -1.789149
1769100862.965389 16.240759 -9.538070 -1.791680
1769100863.010367 16.239800 -9.542343 -1.796426
1769100863.065360 16.238848 -9.546487 -1.800223
1769100863.110361 16.237369 -9.552822 -1.806234
1769100863.160389 16.236395 -9.556883 -1.810347
1769100863.215419 16.235368 -9.561087 -1.814460
1769100863.265371 16.233805 -9.567375 -1.822053
1769100863.315399 16.232735 -9.571543 -1.827115
1769100863.370355 16.231612 -9.575828 -1.833126
1769100863.410393 16.229932 -9.582086 -1.841352
1769100863.465366 16.228768 -9.586281 -1.847047
1769100863.520436 16.227601 -9.590396 -1.851160
1769100863.560380 16.225822 -9.596574 -1.858121
1769100863.615375 16.224639 -9.600579 -1.861601
1769100863.665389 16.223405 -9.604701 -1.865398
1769100863.715380 16.221561 -9.610780 -1.869511
1769100863.765408 16.220332 -9.614772 -1.871725
1769100863.815382 16.219079 -9.618809 -1.874573
1769100863.860383 16.217186 -9.624847 -1.879635
1769100863.915385 16.215870 -9.628970 -1.883115
1769100863.970387 16.214634 -9.632800 -1.884697
1769100864.010389 16.212727 -9.638674 -1.887228
1769100864.075412 16.211349 -9.642883 -1.889443
1769100864.115380 16.209342 -9.648964 -1.889759
1769100864.165390 16.207993 -9.653050 -1.890392
1769100864.225402 16.206594 -9.657279 -1.892290
1769100864.265369 16.204554 -9.663403 -1.893872
1769100864.315379 16.203228 -9.667363 -1.893556
1769100864.370403 16.201936 -9.671228 -1.893239
1769100864.410379 16.199955 -9.677157 -1.892923
1769100864.465395 16.198576 -9.681287 -1.892923
1769100864.520390 16.197198 -9.685416 -1.892923
1769100864.565408 16.195171 -9.691490 -1.892607
1769100864.620454 16.193898 -9.695308 -1.892923
1769100864.665391 16.191911 -9.701262 -1.892923
1769100864.715393 16.190573 -9.705272 -1.892607
1769100864.770393 16.189228 -9.709306 -1.892607
1769100864.810394 16.187314 -9.715044 -1.891657
1769100864.860378 16.185973 -9.719080 -1.891657
1769100864.925401 16.184640 -9.723091 -1.890076
1769100864.965393 16.182630 -9.729171 -1.888494
1769100865.010424 16.181286 -9.733258 -1.887861
1769100865.075409 16.179968 -9.737274 -1.886912
1769100865.115378 16.177930 -9.743505 -1.885963
1769100865.165401 16.176667 -9.747379 -1.886279
1769100865.215383 16.175309 -9.751542 -1.887228
1769100865.265385 16.173347 -9.757532 -1.888810
1769100865.315385 16.172026 -9.761546 -1.891025
1769100865.370382 16.170647 -9.765703 -1.892607
1769100865.410383 16.168598 -9.771850 -1.893239
1769100865.465407 16.167299 -9.775739 -1.894505
1769100865.515394 16.165898 -9.779914 -1.895138
1769100865.560410 16.163946 -9.785720 -1.895138
1769100865.620411 16.162583 -9.789774 -1.894189
1769100865.665413 16.160556 -9.795822 -1.892290
1769100865.720469 16.159212 -9.799856 -1.891025
1769100865.775409 16.157882 -9.803868 -1.890076
1769100865.815435 16.155895 -9.809876 -1.888810
1769100865.860425 16.154645 -9.813675 -1.888810
1769100865.925418 16.153292 -9.817786 -1.889126
1769100865.965412 16.151327 -9.823747 -1.889759
1769100866.010448 16.149986 -9.827809 -1.890076
1769100866.070439 16.148643 -9.831870 -1.890392
1769100866.115417 16.146679 -9.837806 -1.890708
1769100866.160412 16.145294 -9.841986 -1.890708
1769100866.225424 16.143957 -9.846023 -1.890708
1769100866.265418 16.141895 -9.852246 -1.891025
1769100866.315417 16.140533 -9.856354 -1.890076
1769100866.370399 16.139166 -9.860487 -1.890708
1769100866.410420 16.137176 -9.866494 -1.891341
1769100866.465416 16.135868 -9.870433 -1.891974
1769100866.520430 16.134518 -9.874492 -1.892923
1769100866.560426 16.132483 -9.880590 -1.894821
1769100866.610435 16.131113 -9.884669 -1.896087
1769100866.670402 16.129754 -9.888698 -1.895454
1769100866.715479 16.127735 -9.894695 -1.895454
1769100866.765406 16.126387 -9.898702 -1.894505
1769100866.815397 16.125043 -9.902709 -1.894821
1769100866.860419 16.123028 -9.908707 -1.893556
1769100866.915431 16.121768 -9.912476 -1.891341
1769100866.965436 16.120404 -9.916584 -1.889126
1769100867.010426 16.118518 -9.922305 -1.887228
1769100867.075438 16.117172 -9.926418 -1.885646
1769100867.120434 16.115173 -9.932555 -1.885963
1769100867.160429 16.113831 -9.936670 -1.886279
1769100867.220425 16.112481 -9.940809 -1.887544
1769100867.260424 16.110494 -9.946870 -1.888810
1769100867.315436 16.109196 -9.950812 -1.888177
1769100867.375425 16.107845 -9.954924 -1.887861
1769100867.410518 16.105817 -9.961105 -1.884381
1769100867.465475 16.104474 -9.965246 -1.881217
1769100867.525432 16.103152 -9.969367 -1.878369
1769100867.565410 16.101175 -9.975591 -1.871409
1769100867.610446 16.099871 -9.979798 -1.866347
1769100867.670464 16.098662 -9.983769 -1.860652
1769100867.715476 16.096832 -9.989905 -1.854008
1769100867.765428 16.095644 -9.993988 -1.849578
1769100867.820436 16.094536 -9.997857 -1.845465
1769100867.860464 16.092813 -10.003972 -1.839454
1769100867.915483 16.091758 -10.007803 -1.835341
1769100867.970479 16.090653 -10.011883 -1.831861
1769100868.010446 16.089013 -10.018021 -1.825217
1769100868.065506 16.087930 -10.022185 -1.820788
1769100868.120504 16.086928 -10.026109 -1.816358
1769100868.165441 16.085347 -10.032418 -1.807816
1769100868.210474 16.084313 -10.036699 -1.802754
1769100868.270449 16.083330 -10.040862 -1.798641
1769100868.315436 16.081855 -10.047224 -1.791047
1769100868.360487 16.080937 -10.051324 -1.786618
1769100868.420442 16.080004 -10.055576 -1.783454
1769100868.470435 16.078648 -10.061860 -1.778392
1769100868.515516 16.077761 -10.066071 -1.775861
1769100868.565464 16.076885 -10.070283 -1.773330
1769100868.610436 16.075571 -10.076680 -1.768901
1769100868.660452 16.074704 -10.080998 -1.766370
1769100868.720462 16.073868 -10.085219 -1.762573
1769100868.760452 16.072633 -10.091579 -1.757511
1769100868.810449 16.071820 -10.095882 -1.754663
1769100868.870463 16.071047 -10.100038 -1.753081
1769100868.915438 16.069891 -10.106310 -1.750550
1769100868.965450 16.069140 -10.110444 -1.749285
1769100869.020454 16.068390 -10.114604 -1.747703
1769100869.065454 16.067294 -10.120733 -1.746437
1769100869.115458 16.066586 -10.124721 -1.746437
1769100869.170519 16.065834 -10.128957 -1.745805
1769100869.215444 16.064733 -10.135188 -1.745805
1769100869.265466 16.063983 -10.139425 -1.746437
1769100869.320451 16.063231 -10.143662 -1.746437
1769100869.365473 16.062095 -10.150067 -1.746754
1769100869.410461 16.061328 -10.154378 -1.747070
1769100869.470463 16.060605 -10.158440 -1.746754
1769100869.515466 16.059453 -10.164919 -1.746754
1769100869.560468 16.058695 -10.169180 -1.747070
1769100869.615471 16.057972 -10.173242 -1.747387
1769100869.665462 16.056842 -10.179571 -1.748019
1769100869.715481 16.056097 -10.183731 -1.748968
1769100869.770485 16.055344 -10.187916 -1.750234
1769100869.810495 16.054196 -10.194242 -1.751500
1769100869.860561 16.053468 -10.198226 -1.750867
1769100869.920478 16.052698 -10.202459 -1.752132
1769100869.965550 16.051547 -10.208733 -1.751500
1769100870.020468 16.050820 -10.212716 -1.751500
1769100870.065477 16.049705 -10.218817 -1.749285
1769100870.115476 16.048986 -10.222802 -1.748652
1769100870.170473 16.048229 -10.227012 -1.747070
1769100870.215460 16.047106 -10.233316 -1.746121
1769100870.265471 16.046360 -10.237528 -1.745805
1769100870.320492 16.045629 -10.241666 -1.744539
1769100870.365522 16.044535 -10.247898 -1.744539
1769100870.415537 16.043800 -10.252086 -1.745805
1769100870.470475 16.043037 -10.256398 -1.746121
1769100870.510487 16.041912 -10.262753 -1.747703
1769100870.560469 16.041154 -10.266989 -1.748968
1769100870.615489 16.040378 -10.271299 -1.750550
1769100870.660453 16.039188 -10.277848 -1.751500
1769100870.715462 16.038410 -10.282106 -1.751183
1769100870.770491 16.037620 -10.286438 -1.752449
1769100870.810481 16.036445 -10.292836 -1.752132
1769100870.865482 16.035683 -10.296994 -1.751816
1769100870.925498 16.034908 -10.301226 -1.751816
1769100870.965495 16.033773 -10.307426 -1.750234
1769100871.015497 16.033042 -10.311460 -1.749601
1769100871.075478 16.032303 -10.315545 -1.749601
1769100871.115484 16.031164 -10.321846 -1.748652
1769100871.165498 16.030417 -10.326007 -1.748336
1769100871.220511 16.029679 -10.330117 -1.748019
1769100871.265461 16.028541 -10.336470 -1.747703
1769100871.315504 16.027784 -10.340706 -1.746437
1769100871.370549 16.027019 -10.345017 -1.746121
1769100871.415498 16.025897 -10.351348 -1.746121
1769100871.465464 16.025143 -10.355609 -1.745172
1769100871.520478 16.024400 -10.359822 -1.745488
1769100871.565485 16.023279 -10.366178 -1.745805
1769100871.615486 16.022529 -10.370415 -1.746437
1769100871.670510 16.021791 -10.374577 -1.746754
1769100871.715492 16.020661 -10.380932 -1.748336
1769100871.760506 16.019897 -10.385192 -1.749285
1769100871.815512 16.019119 -10.389501 -1.750867
1769100871.865526 16.018349 -10.393734 -1.752132
1769100871.915491 16.017180 -10.400107 -1.752765
1769100871.965496 16.016397 -10.404364 -1.751816
1769100872.020505 16.015622 -10.408597 -1.751816
1769100872.065500 16.014465 -10.414920 -1.750550
1769100872.125487 16.013714 -10.419054 -1.749918
1769100872.165483 16.012631 -10.425032 -1.748019
1769100872.215498 16.011877 -10.429242 -1.747070
1769100872.275504 16.011136 -10.433404 -1.746121
1769100872.315489 16.010081 -10.439360 -1.745805
1769100872.365481 16.009349 -10.443498 -1.745805
1769100872.420501 16.008582 -10.447834 -1.746437
1769100872.465501 16.007463 -10.454139 -1.747387
1769100872.515506 16.006712 -10.458350 -1.747703
1769100872.570504 16.005950 -10.462611 -1.748652
1769100872.615508 16.004808 -10.468963 -1.749601
1769100872.660523 16.004034 -10.473247 -1.748968
1769100872.720534 16.003298 -10.477333 -1.750234
1769100872.765511 16.002165 -10.483584 -1.751183
1769100872.820526 16.001393 -10.487817 -1.751183
1769100872.860514 16.000312 -10.493743 -1.751816
1769100872.920519 15.999555 -10.497876 -1.751183
1769100872.965544 15.998497 -10.503677 -1.752132
1769100873.015517 15.997744 -10.507785 -1.751816
1769100873.070508 15.997015 -10.511769 -1.751816
1769100873.115524 15.995899 -10.517869 -1.751500
1769100873.175517 15.995139 -10.522027 -1.751183
1769100873.220499 15.994040 -10.528052 -1.749918
1769100873.260505 15.993283 -10.532237 -1.749285
1769100873.320511 15.992528 -10.536421 -1.746754
1769100873.370523 15.991433 -10.542576 -1.745805
1769100873.415527 15.990702 -10.546714 -1.745172
1769100873.475514 15.989955 -10.550951 -1.744539
1769100873.510516 15.988857 -10.557209 -1.744855
1769100873.560524 15.988160 -10.561172 -1.745172
1769100873.620532 15.987431 -10.565310 -1.745172
1769100873.665516 15.986303 -10.571716 -1.746754
1769100873.725523 15.985545 -10.575978 -1.747703
1769100873.770521 15.984471 -10.581982 -1.749285
1769100873.815524 15.983703 -10.586242 -1.750234
1769100873.865541 15.982967 -10.590301 -1.751816
1769100873.915530 15.981818 -10.596575 -1.752449
1769100873.960544 15.981078 -10.600608 -1.751816
1769100874.020559 15.980298 -10.604865 -1.752132
1769100874.065553 15.979139 -10.611189 -1.751500
1769100874.115543 15.978375 -10.615372 -1.751500
1769100874.170520 15.977620 -10.619505 -1.752132
1769100874.215541 15.976501 -10.625605 -1.754980
1769100874.265573 15.975746 -10.629660 -1.757827
1769100874.320537 15.974964 -10.633789 -1.761624
1769100874.365540 15.973745 -10.640101 -1.766686
1769100874.415529 15.972898 -10.644371 -1.771748
1769100874.470518 15.972049 -10.648538 -1.776177
1769100874.510535 15.970717 -10.654931 -1.783138
1769100874.560543 15.969794 -10.659211 -1.785985
1769100874.620543 15.968881 -10.663390 -1.790731
1769100874.670538 15.967440 -10.669837 -1.798008
1769100874.720640 15.966465 -10.674054 -1.802754
1769100874.770538 15.965470 -10.678266 -1.807499
1769100874.815551 15.963962 -10.684516 -1.814460
1769100874.860549 15.962912 -10.688740 -1.819522
1769100874.925535 15.961853 -10.692911 -1.824584
1769100874.965536 15.960245 -10.699109 -1.832494
1769100875.015532 15.959132 -10.703266 -1.837556
1769100875.075539 15.958004 -10.707392 -1.841669
1769100875.115559 15.956304 -10.713513 -1.847680
1769100875.165537 15.955177 -10.717482 -1.850528
1769100875.220545 15.954003 -10.721569 -1.853691
1769100875.265541 15.952222 -10.727693 -1.857488
1769100875.315557 15.951091 -10.731529 -1.861285
1769100875.370543 15.949866 -10.735628 -1.863499
1769100875.420535 15.948004 -10.741807 -1.868245
1769100875.470553 15.946787 -10.745776 -1.872042
1769100875.525534 15.945495 -10.749933 -1.876471
1769100875.565542 15.943546 -10.756112 -1.884064
1769100875.615551 15.942290 -10.759989 -1.889443
1769100875.670538 15.940918 -10.764148 -1.894821
1769100875.715556 15.938855 -10.770290 -1.904313
1769100875.765564 15.937430 -10.774403 -1.908109
1769100875.825594 15.936006 -10.778464 -1.913804
1769100875.860566 15.933810 -10.784614 -1.921397
1769100875.915589 15.932323 -10.788678 -1.925510
1769100875.970585 15.930855 -10.792642 -1.927725
1769100876.015588 15.928626 -10.798618 -1.930889
1769100876.065657 15.927128 -10.802598 -1.930889
1769100876.125557 15.925612 -10.806625 -1.931522
1769100876.165534 15.923379 -10.812545 -1.930889
1769100876.215565 15.921871 -10.816548 -1.931205
1769100876.270556 15.920372 -10.820527 -1.931205
1769100876.320555 15.918140 -10.826448 -1.931205
1769100876.365549 15.916641 -10.830427 -1.932471
1769100876.425570 15.915136 -10.834405 -1.932471
1769100876.465564 15.912861 -10.840418 -1.932471
1769100876.515558 15.911339 -10.844442 -1.933736
1769100876.570587 15.909820 -10.848441 -1.932787
1769100876.615586 15.907508 -10.854548 -1.932787
1769100876.665709 15.905975 -10.858595 -1.932471
1769100876.725571 15.904425 -10.862691 -1.932155
1769100876.765563 15.902090 -10.868870 -1.933736
1769100876.810572 15.900625 -10.872727 -1.934686
1769100876.870565 15.899058 -10.876843 -1.935318
1769100876.915648 15.896802 -10.882755 -1.937217
1769100876.975581 15.895315 -10.886630 -1.937217
1769100877.015590 15.893193 -10.892160 -1.937849
1769100877.060640 15.891667 -10.896129 -1.937849
1769100877.120588 15.890250 -10.899814 -1.937217
1769100877.165625 15.887983 -10.905722 -1.936584
1769100877.215575 15.886489 -10.909622 -1.935002
1769100877.270666 15.885001 -10.913524 -1.934053
1769100877.315593 15.882816 -10.919273 -1.931205
1769100877.360577 15.881325 -10.923229 -1.929623
1769100877.420588 15.879796 -10.927305 -1.928991
1769100877.460598 15.877543 -10.933326 -1.928991
1769100877.520564 15.876096 -10.937189 -1.929307
1769100877.565573 15.873903 -10.943044 -1.930889
1769100877.620579 15.872404 -10.947023 -1.930889
1769100877.670582 15.870951 -10.950884 -1.932471
1769100877.715613 15.868694 -10.956850 -1.933736
1769100877.765596 15.867148 -10.960920 -1.934369
1769100877.825588 15.865609 -10.964965 -1.935951
1769100877.865637 15.863295 -10.971017 -1.935951
1769100877.915645 15.861831 -10.974847 -1.935318
1769100877.970623 15.860279 -10.978915 -1.935318
1769100878.015591 15.857996 -10.984897 -1.933736
1769100878.060600 15.856432 -10.989015 -1.933736
1769100878.120577 15.854932 -10.992966 -1.933420
1769100878.160616 15.852660 -10.998953 -1.933104
1769100878.210572 15.851144 -11.002953 -1.934053
1769100878.265579 15.849768 -11.006573 -1.933104
1769100878.315583 15.847597 -11.012301 -1.933736
1769100878.375603 15.846097 -11.016252 -1.933420
1769100878.420588 15.843852 -11.022168 -1.932787
1769100878.460604 15.842346 -11.026145 -1.932787
1769100878.525696 15.840867 -11.030050 -1.932471
1769100878.570588 15.838557 -11.036158 -1.931838
1769100878.615591 15.837019 -11.040231 -1.931205
1769100878.665600 15.835492 -11.044281 -1.929623
1769100878.715593 15.833928 -11.048452 -1.931522
1769100878.765609 15.831614 -11.054585 -1.931838
1769100878.815610 15.830058 -11.058706 -1.932471
1769100878.865660 15.828527 -11.062754 -1.934686
1769100878.915601 15.826194 -11.068880 -1.936900
1769100878.975617 15.824699 -11.072779 -1.937849
1769100879.015609 15.822473 -11.078568 -1.938799
1769100879.065593 15.820925 -11.082582 -1.938799
1769100879.125603 15.819405 -11.086526 -1.938482
1769100879.170605 15.817158 -11.092360 -1.936900
1769100879.215599 15.815635 -11.096330 -1.935002
1769100879.270605 15.814193 -11.100114 -1.933736
1769100879.315623 15.811946 -11.106030 -1.931838
1769100879.365605 15.810435 -11.110032 -1.930256
1769100879.420605 15.809046 -11.113728 -1.930256
1769100879.460619 15.806776 -11.119770 -1.929307
1769100879.515631 15.805293 -11.123728 -1.930256
1769100879.570621 15.803806 -11.127684 -1.929940
1769100879.615638 15.801546 -11.133703 -1.931205
1769100879.665615 15.800029 -11.137730 -1.933104
1769100879.725611 15.798513 -11.141729 -1.932787
1769100879.770612 15.796308 -11.147552 -1.933420
1769100879.810608 15.794764 -11.151623 -1.934053
1769100879.865648 15.793226 -11.155668 -1.933104
1769100879.915606 15.790938 -11.161703 -1.934053
1769100879.965721 15.789373 -11.165820 -1.933420
1769100880.020663 15.787811 -11.169938 -1.934053
1769100880.065712 15.785500 -11.176018 -1.934369
1769100880.125644 15.784060 -11.179803 -1.934369
1769100880.165603 15.781863 -11.185575 -1.935635
1769100880.210605 15.780373 -11.189477 -1.935318
1769100880.265602 15.778948 -11.193213 -1.935951
1769100880.315627 15.776706 -11.199076 -1.935318
1769100880.360693 15.775290 -11.202789 -1.935635
1769100880.415673 15.773790 -11.206714 -1.936900
1769100880.460611 15.771534 -11.212599 -1.939115
1769100880.520690 15.770067 -11.216400 -1.940697
1769100880.565593 15.767743 -11.222394 -1.945759
1769100880.615581 15.766158 -11.226422 -1.949872
1769100880.670588 15.764537 -11.230490 -1.953985
1769100880.720608 15.762105 -11.236523 -1.960629
1769100880.765610 15.760403 -11.240667 -1.966008
1769100880.815626 15.758736 -11.244661 -1.971386
1769100880.865580 15.757049 -11.248647 -1.977397
1769100880.915604 15.754466 -11.254644 -1.986256
1769100880.970582 15.752699 -11.258651 -1.991002
1769100881.020615 15.750985 -11.262487 -1.996064
1769100881.060590 15.748322 -11.268366 -2.001443
1769100881.115606 15.746589 -11.272138 -2.005239
1769100881.165607 15.744799 -11.275995 -2.009669
1769100881.215585 15.742089 -11.281769 -2.014098
1769100881.260581 15.740254 -11.285633 -2.017578
1769100881.320584 15.738406 -11.289491 -2.020426
1769100881.365604 15.735645 -11.295212 -2.025171
1769100881.425615 15.733867 -11.298851 -2.028968
1769100881.465596 15.731158 -11.304345 -2.034030
1769100881.515596 15.729247 -11.308171 -2.038143
1769100881.570591 15.727377 -11.311877 -2.043205
1769100881.620619 15.724440 -11.317624 -2.049849
1769100881.660596 15.722480 -11.321398 -2.053646
1769100881.725605 15.720517 -11.325142 -2.059024
1769100881.770622 15.717454 -11.330909 -2.065352
1769100881.815642 15.715388 -11.334741 -2.071047
1769100881.860643 15.713312 -11.338538 -2.076425
1769100881.920608 15.711167 -11.342413 -2.081171
1769100881.965675 15.707940 -11.348178 -2.088448
1769100882.015638 15.705785 -11.351961 -2.092877
1769100882.065683 15.703627 -11.355712 -2.096990
1769100882.115608 15.700411 -11.361250 -2.103634
1769100882.165717 15.698251 -11.364912 -2.106166
1769100882.220588 15.696107 -11.368526 -2.110595
1769100882.260630 15.692920 -11.373845 -2.115341
1769100882.315613 15.690757 -11.377418 -2.118188
1769100882.370600 15.688557 -11.381027 -2.122301
1769100882.415586 15.685241 -11.386416 -2.128629
1769100882.460609 15.682990 -11.390024 -2.132425
1769100882.525674 15.680699 -11.393666 -2.138120
1769100882.560655 15.677203 -11.399152 -2.145397
1769100882.615667 15.674823 -11.402827 -2.149510
1769100882.670614 15.672456 -11.406451 -2.153623
1769100882.715616 15.668792 -11.412008 -2.161533
1769100882.765611 15.666396 -11.415582 -2.165962
1769100882.820611 15.663927 -11.419229 -2.171657
1769100882.860613 15.660321 -11.424490 -2.177985
1769100882.915594 15.657851 -11.428044 -2.182730
1769100882.965603 15.655510 -11.431380 -2.186843
1769100883.015586 15.651971 -11.436379 -2.193804
1769100883.070616 15.649520 -11.439791 -2.198233
1769100883.115615 15.645894 -11.444791 -2.203295
1769100883.165610 15.643365 -11.448241 -2.207408
1769100883.220647 15.640837 -11.451660 -2.210572
1769100883.260628 15.637120 -11.456655 -2.216267
1769100883.315655 15.634653 -11.459931 -2.218798
1769100883.365646 15.632102 -11.463301 -2.222278
1769100883.415668 15.628219 -11.468393 -2.226391
1769100883.460637 15.625658 -11.471723 -2.229555
1769100883.515634 15.623039 -11.475106 -2.233668
1769100883.560647 15.619114 -11.480133 -2.240629
1769100883.615650 15.616459 -11.483487 -2.244742
1769100883.670652 15.613758 -11.486868 -2.250120
1769100883.715653 15.609718 -11.491870 -2.258979
1769100883.760668 15.606970 -11.495213 -2.264357
1769100883.815666 15.604154 -11.498600 -2.270052
1769100883.860676 15.600016 -11.503520 -2.278278
1769100883.915749 15.597154 -11.506867 -2.282708
1769100883.965658 15.594558 -11.509876 -2.286821
1769100884.015689 15.590471 -11.514573 -2.291883
1769100884.070693 15.587664 -11.517767 -2.295046
1769100884.115668 15.583505 -11.522468 -2.299476
1769100884.160677 15.580673 -11.525641 -2.302007
1769100884.215683 15.577834 -11.528806 -2.305171
1769100884.260649 15.573729 -11.533352 -2.310866
1769100884.315672 15.570896 -11.536455 -2.314662
1769100884.370669 15.568016 -11.539584 -2.320357
1769100884.415656 15.563636 -11.544290 -2.327318
1769100884.460673 15.560770 -11.547327 -2.331431
1769100884.520657 15.557716 -11.550535 -2.336809
1769100884.565670 15.553329 -11.555096 -2.343137
1769100884.615655 15.550309 -11.558196 -2.348515
1769100884.665658 15.547219 -11.561334 -2.352312
1769100884.715669 15.542887 -11.565700 -2.358956
1769100884.765661 15.539764 -11.568805 -2.363385
1769100884.815675 15.536646 -11.571879 -2.368764
1769100884.865701 15.532007 -11.576403 -2.375724
1769100884.925659 15.529070 -11.579227 -2.380470
1769100884.965666 15.524415 -11.583662 -2.387431
1769100885.015672 15.521426 -11.586469 -2.391227
1769100885.070681 15.518446 -11.589248 -2.394707
1769100885.120690 15.513802 -11.593547 -2.401668
1769100885.165655 15.510699 -11.596380 -2.404832
1769100885.220666 15.507606 -11.599186 -2.408312
1769100885.260668 15.502961 -11.603370 -2.411792
1769100885.315672 15.499830 -11.606171 -2.414956
1769100885.370692 15.496633 -11.609013 -2.418436
1769100885.415666 15.491813 -11.613267 -2.424131
1769100885.460683 15.488494 -11.616163 -2.428560
1769100885.525675 15.485182 -11.619027 -2.433306
1769100885.565679 15.480204 -11.623292 -2.439950
1769100885.615693 15.476879 -11.626102 -2.445645
1769100885.670674 15.473538 -11.628893 -2.450074
1769100885.715709 15.468527 -11.633041 -2.457984
1769100885.765684 15.465230 -11.635727 -2.463679
1769100885.825676 15.461859 -11.638441 -2.469057
1769100885.865705 15.456870 -11.642415 -2.475385
1769100885.915694 15.453587 -11.644996 -2.479498
1769100885.975713 15.450213 -11.647625 -2.483611
1769100886.010730 15.445186 -11.651510 -2.489622
1769100886.060669 15.441947 -11.653983 -2.493103
1769100886.115669 15.438760 -11.656398 -2.496266
1769100886.165706 15.433765 -11.660158 -2.501012
1769100886.225698 15.430315 -11.662730 -2.504809
1769100886.275666 15.425391 -11.666372 -2.509238
1769100886.310681 15.421920 -11.668915 -2.513035
1769100886.370677 15.418460 -11.671430 -2.517781
1769100886.420680 15.413262 -11.675171 -2.524425
1769100886.465677 15.409753 -11.677661 -2.528854
1769100886.520683 15.406378 -11.680034 -2.532334
1769100886.565678 15.401023 -11.683771 -2.539927
1769100886.615696 15.397476 -11.686206 -2.546888
1769100886.670707 15.393870 -11.688645 -2.551950
1769100886.720685 15.388379 -11.692319 -2.560492
1769100886.760652 15.384677 -11.694750 -2.565871
1769100886.815694 15.381025 -11.697120 -2.570300
1769100886.865703 15.377406 -11.699447 -2.573464
1769100886.915663 15.371923 -11.702947 -2.578843
1769100886.965707 15.368390 -11.705175 -2.582956
1769100887.020696 15.364806 -11.707415 -2.585803
1769100887.065696 15.359452 -11.710741 -2.590549
1769100887.120706 15.356132 -11.712781 -2.593713
1769100887.170696 15.350816 -11.716025 -2.598775
1769100887.215695 15.347197 -11.718208 -2.603520
1769100887.270696 15.343568 -11.720374 -2.607633
1769100887.315722 15.338055 -11.723633 -2.614278
1769100887.365665 15.334337 -11.725798 -2.619340
1769100887.425681 15.330586 -11.727958 -2.624085
1769100887.465700 15.324955 -11.731163 -2.631679
1769100887.515674 15.321111 -11.733313 -2.635475
1769100887.570723 15.317215 -11.735472 -2.639272
1769100887.620702 15.311513 -11.738604 -2.645916
1769100887.665700 15.307706 -11.740663 -2.650029
1769100887.715707 15.303935 -11.742682 -2.654142
1769100887.770755 15.300089 -11.744721 -2.658571
1769100887.815732 15.294418 -11.747695 -2.666481
1769100887.860714 15.290592 -11.749663 -2.671543
1769100887.920702 15.286778 -11.751601 -2.675656
1769100887.965732 15.281125 -11.754443 -2.682616
1769100888.015745 15.277335 -11.756316 -2.686729
1769100888.070693 15.273606 -11.758140 -2.689893
1769100888.115734 15.267845 -11.760935 -2.695272
1769100888.165710 15.264032 -11.762759 -2.699385
1769100888.220711 15.260212 -11.764568 -2.702232
1769100888.260715 15.254394 -11.767303 -2.707294
1769100888.315732 15.250513 -11.769103 -2.710142
1769100888.370720 15.246605 -11.770902 -2.714571
1769100888.415710 15.240661 -11.773607 -2.720899
1769100888.465725 15.236641 -11.775405 -2.725961
1769100888.525714 15.232658 -11.777163 -2.731656
1769100888.560721 15.226669 -11.779766 -2.740515
1769100888.615714 15.222661 -11.781465 -2.746842
1769100888.665690 15.218689 -11.783120 -2.752537
1769100888.715716 15.212881 -11.785501 -2.759498
1769100888.765717 15.208936 -11.787086 -2.763927
1769100888.815725 15.205007 -11.788645 -2.768040
1769100888.860712 15.199115 -11.790954 -2.773102
1769100888.915736 15.195243 -11.792449 -2.776266
1769100888.970718 15.191248 -11.793978 -2.778481
1769100889.015723 15.185238 -11.796261 -2.782910
1769100889.065718 15.181304 -11.797736 -2.786707
1769100889.120721 15.177269 -11.799231 -2.789238
1769100889.165721 15.171283 -11.801432 -2.795565
1769100889.215741 15.167306 -11.802866 -2.799678
1769100889.270753 15.163324 -11.804283 -2.803791
1769100889.315720 15.157235 -11.806422 -2.812334
1769100889.360731 15.153235 -11.807789 -2.817079
1769100889.420727 15.149181 -11.809153 -2.821192
1769100889.465732 15.143055 -11.811186 -2.828469
1769100889.515719 15.139034 -11.812488 -2.833215
1769100889.570741 15.134861 -11.813817 -2.837961
1769100889.615741 15.128630 -11.815769 -2.845554
1769100889.660752 15.124369 -11.817069 -2.850616
1769100889.725771 15.120174 -11.818325 -2.854729
1769100889.760753 15.113935 -11.820165 -2.860740
1769100889.815774 15.109752 -11.821372 -2.865170
1769100889.870767 15.105686 -11.822526 -2.868650
1769100889.915748 15.099593 -11.824231 -2.874345
1769100889.965770 15.095516 -11.825347 -2.877825
1769100890.025763 15.091508 -11.826430 -2.880989
1769100890.065772 15.085492 -11.828034 -2.887317
1769100890.115744 15.081475 -11.829078 -2.889848
1769100890.170745 15.077283 -11.830156 -2.893961
1769100890.215735 15.071075 -11.831726 -2.901237
1769100890.265743 15.066896 -11.832750 -2.905667
1769100890.325756 15.062638 -11.833774 -2.909780
1769100890.365743 15.056283 -11.835274 -2.916740
1769100890.415762 15.051965 -11.836261 -2.922119
1769100890.465742 15.047691 -11.837215 -2.926865
1769100890.520757 15.043413 -11.838148 -2.932243
1769100890.560753 15.037001 -11.839510 -2.938887
1769100890.625764 15.032811 -11.840371 -2.944266
1769100890.665748 15.026780 -11.841577 -2.950277
1769100890.715750 15.022630 -11.842381 -2.955023
1769100890.770782 15.018501 -11.843160 -2.959452
1769100890.815748 15.012452 -11.844274 -2.964831
1769100890.860749 15.008291 -11.845018 -2.968944
1769100890.920748 15.004202 -11.845731 -2.973373
1769100890.965762 14.997939 -11.846794 -2.977486
1769100891.015766 14.993694 -11.847497 -2.981282
1769100891.070754 14.989521 -11.848172 -2.984130
1769100891.115761 14.983372 -11.849148 -2.989192
1769100891.165758 14.979169 -11.849794 -2.993621
1769100891.225761 14.974988 -11.850417 -2.996469
1769100891.265753 14.968552 -11.851358 -3.002480
1769100891.310762 14.964391 -11.851940 -3.006277
1769100891.375764 14.960152 -11.852518 -3.011655
1769100891.415762 14.953652 -11.853367 -3.019565
1769100891.465756 14.949431 -11.853885 -3.025893
1769100891.525779 14.945082 -11.854390 -3.030638
1769100891.565759 14.938592 -11.855113 -3.039497
1769100891.615762 14.934286 -11.855554 -3.044876
1769100891.670768 14.929978 -11.855972 -3.049621
1769100891.715832 14.923552 -11.856565 -3.055633
1769100891.765781 14.919290 -11.856932 -3.059113
1769100891.820783 14.915077 -11.857280 -3.061328
1769100891.860779 14.908770 -11.857788 -3.066390
1769100891.915793 14.904631 -11.858100 -3.068921
1769100891.970803 14.900365 -11.858410 -3.072401
1769100892.015790 14.894002 -11.858851 -3.078096
1769100892.065773 14.889707 -11.859124 -3.082525
1769100892.125770 14.885463 -11.859375 -3.086955
1769100892.165766 14.879069 -11.859725 -3.094231
1769100892.215775 14.874720 -11.859931 -3.099294
1769100892.270770 14.870421 -11.860113 -3.103723
1769100892.315777 14.864174 -11.860350 -3.111000
1769100892.365767 14.859999 -11.860477 -3.115746
1769100892.415781 14.855774 -11.860587 -3.119858
1769100892.465781 14.849473 -11.860724 -3.125870
1769100892.525768 14.845095 -11.860792 -3.130616
1769100892.565775 14.838616 -11.860864 -3.138209
1769100892.615777 14.834262 -11.860878 3.141180
1769100892.675770 14.829960 -11.860877 3.136118
1769100892.715774 14.823505 -11.860841 3.129474
1769100892.760790 14.819380 -11.860791 3.125994
1769100892.810796 14.815128 -11.860725 3.121564
1769100892.865773 14.810953 -11.860641 3.117451
1769100892.910778 14.804678 -11.860490 3.113655
1769100892.965841 14.800478 -11.860372 3.112389
1769100893.020784 14.796354 -11.860252 3.111440
1769100893.065777 14.789979 -11.860060 3.112073
1769100893.120780 14.785956 -11.859941 3.112389
1769100893.160780 14.779783 -11.859760 3.113022
1769100893.210794 14.775583 -11.859640 3.113655
1769100893.270787 14.771307 -11.859521 3.113338
1769100893.310780 14.764704 -11.859334 3.111756
1769100893.370785 14.760352 -11.859204 3.110491
1769100893.420782 14.756077 -11.859071 3.109542
1769100893.465785 14.749626 -11.858865 3.107960
1769100893.510785 14.745325 -11.858720 3.106061
1769100893.565787 14.740975 -11.858565 3.105429
1769100893.615794 14.734525 -11.858332 3.105112
1769100893.665826 14.730351 -11.858180 3.105429
1769100893.720826 14.726076 -11.858025 3.106378
1769100893.770831 14.719677 -11.857799 3.107327
1769100893.815809 14.715452 -11.857655 3.108276
1769100893.870876 14.711152 -11.857511 3.108909
1769100893.910810 14.704802 -11.857304 3.110491
1769100893.965834 14.700527 -11.857171 3.110807
1769100894.020828 14.696201 -11.857037 3.109858
1769100894.065820 14.689902 -11.856838 3.110174
1769100894.110809 14.685879 -11.856711 3.110491
1769100894.170798 14.681680 -11.856580 3.109858
1769100894.210798 14.675254 -11.856376 3.109858
1769100894.270792 14.671181 -11.856247 3.109542
1769100894.310792 14.665008 -11.856049 3.109542
1769100894.365796 14.660733 -11.855912 3.109225
1769100894.420803 14.656584 -11.855778 3.109225
1769100894.465794 14.650108 -11.855568 3.108592
1769100894.520801 14.645858 -11.855428 3.107960
1769100894.560799 14.639534 -11.855215 3.106061
1769100894.615810 14.635437 -11.855069 3.106061
1769100894.670791 14.631086 -11.854915 3.105429
1769100894.715823 14.624712 -11.854684 3.104796
1769100894.780802 14.620513 -11.854530 3.104796
1769100894.820829 14.614215 -11.854298 3.105112
1769100894.870802 14.610016 -11.854144 3.105112
1769100894.910809 14.605817 -11.853991 3.106378
1769100894.975818 14.601694 -11.853846 3.106694
1769100895.015814 14.595446 -11.853628 3.110174
1769100895.065854 14.591146 -11.853493 3.112073
1769100895.115896 14.586971 -11.853369 3.112389
1769100895.165810 14.580444 -11.853179 3.113655
1769100895.215811 14.576168 -11.853059 3.113338
1769100895.270815 14.571791 -11.852936 3.113022
1769100895.310807 14.565238 -11.852748 3.112073
1769100895.365813 14.561013 -11.852624 3.111124
1769100895.415822 14.556965 -11.852500 3.110491
1769100895.465812 14.550843 -11.852310 3.107960
1769100895.520814 14.546467 -11.852162 3.107643
1769100895.565815 14.540016 -11.851943 3.106694
1769100895.615822 14.535767 -11.851795 3.106061
1769100895.670831 14.531467 -11.851642 3.106061
1769100895.715830 14.525016 -11.851413 3.107011
1769100895.765864 14.520691 -11.851263 3.107327
1769100895.815824 14.516315 -11.851113 3.108276
1769100895.865824 14.512014 -11.850970 3.108909
1769100895.910851 14.505715 -11.850764 3.108592
1769100895.965875 14.501415 -11.850622 3.108592
1769100896.020836 14.497241 -11.850484 3.108909
1769100896.065812 14.490917 -11.850277 3.109542
1769100896.125823 14.486768 -11.850144 3.109542
1769100896.160817 14.480646 -11.849948 3.109542
1769100896.215827 14.476623 -11.849819 3.109858
1769100896.270817 14.472449 -11.849687 3.110174
1769100896.310848 14.466201 -11.849490 3.111756
1769100896.365813 14.461824 -11.849360 3.112073
1769100896.420828 14.457573 -11.849234 3.111440
1769100896.465842 14.450869 -11.849032 3.111124
1769100896.510821 14.446543 -11.848900 3.109542
1769100896.565844 14.442141 -11.848759 3.108909
1769100896.615834 14.435640 -11.848546 3.107327
1769100896.670827 14.431542 -11.848406 3.104796
1769100896.715832 14.425143 -11.848170 3.103847
1769100896.765834 14.420919 -11.848011 3.103530
1769100896.825839 14.416594 -11.847846 3.103214
1769100896.865831 14.410347 -11.847606 3.103530
1769100896.915846 14.406173 -11.847447 3.105112
1769100896.975833 14.402000 -11.847295 3.107327
1769100897.020833 14.395676 -11.847078 3.109225
1769100897.065833 14.391375 -11.846939 3.110491
1769100897.110837 14.387125 -11.846807 3.111756
1769100897.170843 14.382850 -11.846679 3.112073
1769100897.215848 14.376398 -11.846489 3.113022
1769100897.260836 14.372021 -11.846364 3.112705
1769100897.315844 14.367872 -11.846244 3.112073
1769100897.365849 14.361497 -11.846055 3.111440
1769100897.415845 14.357170 -11.845925 3.111124
1769100897.470841 14.352870 -11.845794 3.109225
1769100897.515842 14.346393 -11.845584 3.108592
1769100897.565851 14.342169 -11.845445 3.108909
1769100897.620921 14.337894 -11.845305 3.109225
1769100897.665840 14.331316 -11.845092 3.109225
1769100897.715855 14.326940 -11.844950 3.108276
1769100897.770861 14.322538 -11.844803 3.108909
1769100897.810889 14.316087 -11.844593 3.107960
1769100897.860871 14.311787 -11.844448 3.107960
1769100897.915899 14.307512 -11.844304 3.107643
1769100897.965894 14.301188 -11.844089 3.107011
1769100898.015862 14.297039 -11.843946 3.107643
1769100898.070863 14.292815 -11.843802 3.107960
1769100898.110854 14.286567 -11.843592 3.108909
1769100898.165865 14.282292 -11.843452 3.108592
1769100898.220855 14.278219 -11.843318 3.109542
1769100898.265855 14.271844 -11.843113 3.111440
1769100898.310863 14.267695 -11.842988 3.111440
1769100898.365854 14.263419 -11.842859 3.112389
1769100898.416501 14.256816 -11.842666 3.112073
1769100898.465855 14.252490 -11.842539 3.111756
1769100898.520863 14.248088 -11.842407 3.111756
1769100898.565856 14.241611 -11.842214 3.109858
1769100898.615866 14.237285 -11.842077 3.107643
1769100898.670859 14.232909 -11.841928 3.106694
1769100898.710873 14.226408 -11.841701 3.105112
1769100898.760858 14.222108 -11.841544 3.103847
1769100898.820871 14.217909 -11.841386 3.103214
1769100898.860889 14.211561 -11.841142 3.104796
1769100898.910886 14.207312 -11.840985 3.105429
1769100898.970878 14.203037 -11.840831 3.106378
1769100899.020870 14.196612 -11.840604 3.107643
1769100899.065881 14.192362 -11.840460 3.108909
1769100899.120889 14.188112 -11.840321 3.109542
1769100899.160881 14.181763 -11.840118 3.110491
1769100899.215899 14.177462 -11.839984 3.111124
1769100899.270882 14.173313 -11.839857 3.110491
1769100899.310866 14.166988 -11.839661 3.111124
1769100899.370892 14.162738 -11.839531 3.111124
1769100899.425869 14.158437 -11.839400 3.109858
1769100899.465892 14.151936 -11.839193 3.110174
1769100899.510889 14.147812 -11.839064 3.110491
1769100899.570900 14.143461 -11.838929 3.111124
1769100899.615908 14.137187 -11.838737 3.110491
1769100899.660916 14.132785 -11.838600 3.109858
1769100899.720901 14.128383 -11.838461 3.109858
1769100899.765892 14.121856 -11.838253 3.108592
1769100899.815909 14.117454 -11.838108 3.107327
1769100899.870903 14.113103 -11.837959 3.106694
1769100899.910882 14.106805 -11.837739 3.107011
1769100899.965899 14.102530 -11.837591 3.107327
1769100900.025905 14.098331 -11.837447 3.109858
1769100900.065886 14.091956 -11.837245 3.114287
1769100900.110896 14.087781 -11.837131 3.118400
1769100900.175871 14.083656 -11.837035 3.124412
1769100900.215891 14.077254 -11.836925 3.132954
1769100900.260880 14.072951 -11.836888 3.137383
1769100900.320881 14.068699 -11.836870 -3.140107
1769100900.365899 14.062371 -11.836879 -3.133779
1769100900.415897 14.058043 -11.836913 -3.129034
1769100900.470919 14.053766 -11.836967 -3.124921
1769100900.510885 14.047338 -11.837074 -3.120491
1769100900.570947 14.043239 -11.837161 -3.116695
1769100900.620903 14.037065 -11.837314 -3.112265
1769100900.660921 14.032713 -11.837442 -3.108469
1769100900.720900 14.028438 -11.837584 -3.105621
1769100900.765886 14.022190 -11.837809 -3.100243
1769100900.810895 14.017815 -11.837990 -3.096130
1769100900.870887 14.013492 -11.838186 -3.091384
1769100900.915904 14.006995 -11.838513 -3.084740
1769100900.965924 14.002927 -11.838744 -3.079994
1769100901.020916 13.998683 -11.839006 -3.076198
1769100901.070897 13.992520 -11.839410 -3.070503
1769100901.120900 13.988506 -11.839696 -3.067022
1769100901.165896 13.982246 -11.840163 -3.060062
1769100901.215923 13.977958 -11.840514 -3.055633
1769100901.275910 13.973772 -11.840874 -3.051203
1769100901.315892 13.967495 -11.841443 -3.043294
1769100901.360930 13.963339 -11.841853 -3.038548
1769100901.420918 13.958983 -11.842303 -3.032537
1769100901.465904 13.952643 -11.842998 -3.024943
1769100901.510899 13.948394 -11.843496 -3.019565
1769100901.570915 13.944098 -11.844022 -3.014819
1769100901.615947 13.937872 -11.844816 -3.007859
1769100901.660920 13.933557 -11.845396 -3.004062
1769100901.715935 13.929345 -11.845979 -3.000898
1769100901.765931 13.925085 -11.846583 -2.997734
1769100901.815939 13.918597 -11.847523 -2.992989
1769100901.860952 13.914392 -11.848152 -2.989825
1769100901.915955 13.910063 -11.848814 -2.986977
1769100901.965924 13.903636 -11.849816 -2.981599
1769100902.015951 13.899313 -11.850514 -2.977486
1769100902.070918 13.894993 -11.851229 -2.974006
1769100902.115899 13.888580 -11.852314 -2.966729
1769100902.165933 13.884367 -11.853058 -2.961983
1769100902.215923 13.880233 -11.853809 -2.957554
1769100902.265908 13.874062 -11.854957 -2.949961
1769100902.325935 13.870136 -11.855719 -2.946797
1769100902.370985 13.863904 -11.856949 -2.942051
1769100902.415926 13.859835 -11.857772 -2.940153
1769100902.475934 13.855644 -11.858627 -2.939203
1769100902.515944 13.849396 -11.859910 -2.939203
1769100902.560962 13.845255 -11.860759 -2.938887
1769100902.615923 13.841016 -11.861631 -2.937938
1769100902.665914 13.836752 -11.862511 -2.938571
1769100902.715924 13.830431 -11.863812 -2.937622
1769100902.765915 13.826143 -11.864699 -2.937938
1769100902.820922 13.821978 -11.865559 -2.938571
1769100902.860934 13.815607 -11.866871 -2.938887
1769100902.915934 13.811417 -11.867732 -2.939836
1769100902.970935 13.807301 -11.868574 -2.939836
1769100903.015943 13.800978 -11.869867 -2.942051
1769100903.065942 13.796735 -11.870725 -2.943633
1769100903.115927 13.792517 -11.871572 -2.944266
1769100903.165921 13.786312 -11.872812 -2.945531
1769100903.220952 13.782364 -11.873596 -2.945848
1769100903.265936 13.776257 -11.874807 -2.944582
1769100903.315938 13.772037 -11.875649 -2.943949
1769100903.370945 13.767917 -11.876474 -2.942684
1769100903.415944 13.761591 -11.877750 -2.940469
1769100903.460934 13.757498 -11.878584 -2.940153
1769100903.520926 13.753407 -11.879420 -2.939203
1769100903.560941 13.747282 -11.880676 -2.937622
1769100903.615937 13.743292 -11.881502 -2.937305
1769100903.665935 13.739153 -11.882359 -2.936989
1769100903.715962 13.733156 -11.883604 -2.936989
1769100903.765955 13.729165 -11.884432 -2.937305
1769100903.811057 13.722994 -11.885710 -2.938254
1769100903.860987 13.718830 -11.886569 -2.938887
1769100903.915957 13.714764 -11.887405 -2.938887
1769100903.960943 13.708342 -11.888724 -2.940469
1769100904.015964 13.704126 -11.889584 -2.940469
1769100904.065948 13.699811 -11.890464 -2.941102
1769100904.115967 13.693685 -11.891709 -2.941418
1769100904.170935 13.689691 -11.892519 -2.942367
1769100904.215945 13.683513 -11.893766 -2.942684
1769100904.266005 13.679419 -11.894592 -2.943000
1769100904.320958 13.675499 -11.895381 -2.942367
1769100904.361016 13.669271 -11.896638 -2.942684
1769100904.415957 13.665053 -11.897488 -2.942051
1769100904.466001 13.660861 -11.898336 -2.942367
1769100904.510957 13.654634 -11.899593 -2.941418
1769100904.560960 13.650417 -11.900449 -2.939520
1769100904.615941 13.646152 -11.901323 -2.939520
1769100904.660963 13.640151 -11.902552 -2.938254
1769100904.725957 13.635962 -11.903416 -2.937305
1769100904.766011 13.629667 -11.904720 -2.937305
1769100904.815974 13.625676 -11.905547 -2.937622
1769100904.870970 13.621735 -11.906362 -2.938571
1769100904.915970 13.615810 -11.907582 -2.938254
1769100904.970971 13.611621 -11.908445 -2.939836
1769100905.016029 13.605397 -11.909718 -2.941418
1769100905.065947 13.601180 -11.910574 -2.942051
1769100905.125964 13.596863 -11.911447 -2.943949
1769100905.165951 13.590485 -11.912724 -2.946164
1769100905.215953 13.586140 -11.913584 -2.945215
1769100905.275973 13.581870 -11.914434 -2.944582
1769100905.315971 13.575516 -11.915702 -2.944582
1769100905.370982 13.571272 -11.916549 -2.943000
1769100905.425982 13.567202 -11.917368 -2.942367
1769100905.470976 13.561025 -11.918616 -2.940785
1769100905.515959 13.556907 -11.919454 -2.940153
1769100905.560978 13.552865 -11.920279 -2.939203
1769100905.616033 13.548824 -11.921108 -2.938254
1769100905.660972 13.542651 -11.922381 -2.938571
1769100905.711033 13.538511 -11.923233 -2.937622
1769100905.771002 13.534322 -11.924100 -2.937938
1769100905.810991 13.527977 -11.925410 -2.937938
1769100905.870987 13.523664 -11.926301 -2.937938
1769100905.915988 13.517467 -11.927581 -2.937305
1769100905.965997 13.513229 -11.928459 -2.938887
1769100906.025987 13.508989 -11.929330 -2.937938
1769100906.070999 13.502643 -11.930641 -2.939836
1769100906.115975 13.498453 -11.931498 -2.940153
1769100906.176031 13.494262 -11.932354 -2.941102
1769100906.215991 13.487986 -11.933629 -2.942051
1769100906.265984 13.483794 -11.934477 -2.942367
1769100906.311035 13.479576 -11.935328 -2.943633
1769100906.370971 13.475432 -11.936160 -2.943949
1769100906.415988 13.469128 -11.937422 -2.943949
1769100906.476055 13.464909 -11.938267 -2.943949
1769100906.520982 13.458531 -11.939544 -2.941735
1769100906.566034 13.454314 -11.940398 -2.939836
1769100906.615980 13.450197 -11.941240 -2.939836
1769100906.665989 13.445982 -11.942103 -2.938571
1769100906.715977 13.439784 -11.943378 -2.937305
1769100906.765992 13.435620 -11.944241 -2.937305
1769100906.820969 13.431481 -11.945099 -2.937622
1769100906.860984 13.425359 -11.946365 -2.937305
1769100906.916003 13.421096 -11.947248 -2.937938
1769100906.966070 13.416882 -11.948118 -2.939203
1769100907.016001 13.410535 -11.949421 -2.940469
1769100907.065995 13.406244 -11.950296 -2.941418
1769100907.121001 13.401978 -11.951161 -2.942684
1769100907.161003 13.395428 -11.952482 -2.943949
1769100907.216012 13.391184 -11.953331 -2.943000
1769100907.265999 13.386866 -11.954200 -2.944266
1769100907.310981 13.380463 -11.955481 -2.944266
1769100907.361001 13.376343 -11.956304 -2.943633
1769100907.420997 13.372199 -11.957136 -2.943316
1769100907.466049 13.366268 -11.958327 -2.942367
1769100907.520990 13.362249 -11.959139 -2.941735
1769100907.565992 13.356245 -11.960355 -2.941102
1769100907.615995 13.352103 -11.961196 -2.940785
1769100907.671013 13.348011 -11.962029 -2.940469
1769100907.716041 13.341761 -11.963304 -2.939203
1769100907.761028 13.337596 -11.964158 -2.939836
1769100907.821057 13.333380 -11.965021 -2.938571
1769100907.861027 13.327207 -11.966291 -2.936989
1769100907.916035 13.323242 -11.967114 -2.937622
1769100907.976084 13.318979 -11.967996 -2.936989
1769100908.016041 13.312709 -11.969297 -2.937305
1769100908.066064 13.308743 -11.970119 -2.937938
1769100908.116033 13.304579 -11.970979 -2.938571
1769100908.161004 13.298579 -11.972214 -2.939836
1769100908.221015 13.294389 -11.973071 -2.940785
1769100908.266072 13.288213 -11.974328 -2.942367
1769100908.316004 13.283970 -11.975185 -2.944582
1769100908.365998 13.279925 -11.975992 -2.944266
1769100908.416021 13.273620 -11.977252 -2.944898
1769100908.471033 13.269574 -11.978059 -2.943949
1769100908.516023 13.263494 -11.979276 -2.942367
1769100908.561038 13.259276 -11.980128 -2.942367
1769100908.621023 13.255083 -11.980975 -2.940785
1769100908.661035 13.248908 -11.982232 -2.939203
1769100908.716073 13.244792 -11.983076 -2.937938
1769100908.771030 13.240628 -11.983936 -2.937305
1769100908.816025 13.234580 -11.985189 -2.937938
1769100908.861021 13.230416 -11.986049 -2.936672
1769100908.926025 13.226203 -11.986925 -2.937938
1769100908.966073 13.219882 -11.988230 -2.938887
1769100909.016034 13.215618 -11.989106 -2.939520
1769100909.076015 13.211427 -11.989965 -2.939836
1769100909.116016 13.204881 -11.991304 -2.940469
1769100909.166019 13.200615 -11.992174 -2.940469
1769100909.226078 13.196275 -11.993058 -2.942051
1769100909.266037 13.189875 -11.994353 -2.942684
1769100909.316068 13.185681 -11.995198 -2.943000
1769100909.361032 13.181463 -11.996047 -2.943000
1769100909.416030 13.177295 -11.996886 -2.942367
1769100909.466038 13.171142 -11.998128 -2.943633
1769100909.516017 13.166923 -11.998974 -2.943000
1769100909.566032 13.162804 -11.999803 -2.943000
1769100909.611020 13.156576 -12.001057 -2.943316
1769100909.671124 13.152382 -12.001899 -2.941735
1769100909.716055 13.146329 -12.003125 -2.941102
1769100909.761029 13.142187 -12.003967 -2.940153
1769100909.826047 13.137996 -12.004823 -2.938571
1769100909.866099 13.131724 -12.006114 -2.937622
1769100909.916059 13.127560 -12.006976 -2.936989
1769100909.976032 13.123372 -12.007845 -2.936040
1769100910.016071 13.117128 -12.009147 -2.936672
1769100910.071054 13.112940 -12.010017 -2.936989
1769100910.131054 13.108875 -12.010860 -2.937622
1769100910.166049 13.102530 -12.012173 -2.938254
1769100910.216102 13.098241 -12.013057 -2.939836
1769100910.266018 13.094026 -12.013919 -2.941735
1769100910.321047 13.089734 -12.014789 -2.942051
1769100910.361048 13.083334 -12.016083 -2.943316
1769100910.416044 13.079016 -12.016951 -2.943949
1769100910.471057 13.074747 -12.017805 -2.943316
1769100910.511058 13.068469 -12.019067 -2.943000
1769100910.566045 13.064474 -12.019871 -2.942684
1769100910.616033 13.058544 -12.021066 -2.941735
1769100910.671033 13.054600 -12.021865 -2.940785
1769100910.716049 13.048747 -12.023056 -2.939520
1769100910.761029 13.044705 -12.023884 -2.939203
1769100910.821033 13.040738 -12.024699 -2.938571
1769100910.861031 13.034491 -12.025985 -2.937938
1769100910.916042 13.030525 -12.026804 -2.939203
1769100910.966053 13.026334 -12.027663 -2.938254
1769100911.016038 13.019964 -12.028977 -2.937938
1769100911.076063 13.015923 -12.029811 -2.938887
1769100911.116043 13.009576 -12.031116 -2.938254
1769100911.166038 13.005486 -12.031959 -2.939203
1769100911.216111 13.001519 -12.032773 -2.939836
1769100911.266037 12.995196 -12.034067 -2.940153
1769100911.316073 12.991203 -12.034882 -2.941102
1769100911.366057 12.987036 -12.035729 -2.941735
1769100911.416059 12.980983 -12.036955 -2.943633
1769100911.471065 12.976715 -12.037811 -2.944266
1769100911.516070 12.970634 -12.039027 -2.944582
1769100911.566065 12.966439 -12.039864 -2.945531
1769100911.621095 12.962194 -12.040707 -2.944582
1769100911.661099 12.956187 -12.041906 -2.943949
1769100911.716092 12.951968 -12.042751 -2.942684
1769100911.766085 12.947775 -12.043596 -2.941102
1769100911.816084 12.941599 -12.044851 -2.939520
1769100911.871169 12.937433 -12.045705 -2.938254
1769100911.916047 12.931608 -12.046906 -2.937938
1769100911.961082 12.927468 -12.047761 -2.936989
1769100912.026134 12.923553 -12.048573 -2.936356
1769100912.066064 12.917333 -12.049868 -2.936672
1769100912.116060 12.913120 -12.050744 -2.937305
1769100912.171067 12.908857 -12.051627 -2.937305
1769100912.216070 12.902512 -12.052941 -2.939203
1769100912.261058 12.898198 -12.053827 -2.940469
1769100912.326113 12.893957 -12.054691 -2.940785
1769100912.366084 12.887484 -12.056009 -2.941102
1769100912.416135 12.883243 -12.056871 -2.942051
1769100912.476077 12.878951 -12.057739 -2.943000
1769100912.516119 12.872574 -12.059022 -2.942684
1769100912.561086 12.868480 -12.059847 -2.942367
1769100912.626091 12.864337 -12.060684 -2.942684
1769100912.666080 12.858183 -12.061924 -2.942051
1769100912.716125 12.854115 -12.062747 -2.941418
1769100912.771082 12.849923 -12.063598 -2.941102
1769100912.816092 12.843895 -12.064823 -2.940153
1769100912.861078 12.839927 -12.065633 -2.940153
1769100912.921087 12.835736 -12.066489 -2.940469
1769100912.961079 12.829462 -12.067768 -2.938887
1769100913.016073 12.825446 -12.068593 -2.938254
1769100913.071079 12.821182 -12.069472 -2.937622
1769100913.116078 12.814861 -12.070780 -2.937305
1769100913.161084 12.810598 -12.071663 -2.937938
1769100913.216092 12.806409 -12.072528 -2.937622
1769100913.266104 12.800114 -12.073830 -2.938887
1769100913.316249 12.795973 -12.074681 -2.939836
1769100913.366099 12.791758 -12.075544 -2.940469
1769100913.411101 12.785335 -12.076853 -2.942684
1769100913.466101 12.781067 -12.077713 -2.943949
1769100913.516090 12.776823 -12.078563 -2.944898
1769100913.561094 12.770394 -12.079844 -2.945215
1769100913.611094 12.766372 -12.080644 -2.945215
1769100913.666098 12.762152 -12.081484 -2.944582
1769100913.716120 12.755848 -12.082742 -2.942051
1769100913.761115 12.751754 -12.083570 -2.941102
1769100913.821084 12.747563 -12.084422 -2.938254
1769100913.861135 12.741464 -12.085679 -2.933192
1769100913.916106 12.737428 -12.086533 -2.929079
1769100913.971171 12.733395 -12.087403 -2.924333
1769100914.016150 12.727241 -12.088762 -2.917689
1769100914.061080 12.723095 -12.089706 -2.913260
1769100914.121113 12.718904 -12.090680 -2.909463
1769100914.166111 12.712623 -12.092165 -2.903452
1769100914.211092 12.708318 -12.093209 -2.898706
1769100914.271096 12.704093 -12.094257 -2.895543
1769100914.316157 12.697735 -12.095853 -2.889531
1769100914.361113 12.693543 -12.096933 -2.885418
1769100914.416113 12.689356 -12.098029 -2.881305
1769100914.466107 12.683046 -12.099710 -2.876243
1769100914.516111 12.678943 -12.100825 -2.873079
1769100914.566089 12.674892 -12.101940 -2.869915
1769100914.616103 12.668699 -12.103665 -2.866752
1769100914.661092 12.664582 -12.104826 -2.864537
1769100914.721096 12.660540 -12.105975 -2.863271
1769100914.761103 12.654286 -12.107762 -2.861689
1769100914.816091 12.650126 -12.108958 -2.861373
1769100914.871119 12.646016 -12.110141 -2.860424
1769100914.916111 12.639766 -12.111946 -2.859475
1769100914.961120 12.635706 -12.113123 -2.857893
1769100915.021110 12.631648 -12.114306 -2.858209
1769100915.066123 12.625500 -12.116096 -2.857260
1769100915.116111 12.621710 -12.117204 -2.856627
1769100915.161117 12.617872 -12.118328 -2.857260
1769100915.216172 12.612042 -12.120032 -2.857260
1769100915.266121 12.608009 -12.121211 -2.857260
1769100915.316104 12.602105 -12.122936 -2.857577
1769100915.361106 12.598218 -12.124071 -2.857577
1769100915.421114 12.594039 -12.125291 -2.858209
1769100915.466115 12.587745 -12.127124 -2.859158
1769100915.526154 12.583783 -12.128273 -2.860740
1769100915.566105 12.577265 -12.130154 -2.861373
1769100915.616148 12.573082 -12.131358 -2.862006
1769100915.671159 12.568946 -12.132545 -2.862639
1769100915.721118 12.562717 -12.134329 -2.862639
1769100915.761125 12.558678 -12.135486 -2.863271
1769100915.826132 12.554613 -12.136647 -2.862955
1769100915.866144 12.548578 -12.138374 -2.861689
1769100915.916137 12.544613 -12.139514 -2.861373
1769100915.961159 12.540551 -12.140683 -2.860424
1769100916.016145 12.536588 -12.141827 -2.860108
1769100916.066124 12.530460 -12.143599 -2.858842
1769100916.116142 12.526328 -12.144800 -2.857577
1769100916.166126 12.522222 -12.145998 -2.857260
1769100916.216139 12.515979 -12.147823 -2.855678
1769100916.276150 12.511826 -12.149044 -2.854729
1769100916.316111 12.505854 -12.150805 -2.855362
1769100916.366128 12.501896 -12.151970 -2.856311
1769100916.421148 12.497865 -12.153153 -2.856944
1769100916.466199 12.491719 -12.154951 -2.858526
1769100916.511115 12.487587 -12.156153 -2.859791
1769100916.571186 12.483478 -12.157342 -2.860108
1769100916.616137 12.477254 -12.159142 -2.860740
1769100916.661125 12.473168 -12.160321 -2.862006
1769100916.726138 12.468960 -12.161529 -2.862955
1769100916.766138 12.462681 -12.163325 -2.862955
1769100916.816126 12.458496 -12.164523 -2.862322
1769100916.871116 12.454238 -12.165744 -2.862006
1769100916.916150 12.448107 -12.167504 -2.860740
1769100916.966118 12.444046 -12.168675 -2.859791
1769100917.026156 12.439840 -12.169893 -2.859475
1769100917.071232 12.433933 -12.171605 -2.859158
1769100917.116144 12.429849 -12.172790 -2.858526
1769100917.171140 12.425863 -12.173950 -2.858526
1769100917.216153 12.420030 -12.175646 -2.857260
1769100917.266155 12.415973 -12.176832 -2.856311
1769100917.326197 12.411844 -12.178043 -2.857577
1769100917.371149 12.405624 -12.179859 -2.857577
1769100917.416148 12.401445 -12.181078 -2.857577
1769100917.476146 12.397266 -12.182298 -2.857577
1769100917.521143 12.390876 -12.184164 -2.858526
1769100917.561216 12.386720 -12.185372 -2.859475
1769100917.626149 12.382466 -12.186606 -2.860424
1769100917.666216 12.376168 -12.188425 -2.862006
1769100917.716190 12.372081 -12.189598 -2.863271
1769100917.771180 12.367919 -12.190787 -2.863588
1769100917.816154 12.361859 -12.192517 -2.863271
1769100917.861172 12.357819 -12.193671 -2.862639
1769100917.921151 12.353707 -12.194849 -2.862322
1769100917.971252 12.349644 -12.196014 -2.861373
1769100918.016248 12.343563 -12.197764 -2.860740
1769100918.066200 12.339380 -12.198971 -2.860108
1769100918.116163 12.335368 -12.200131 -2.859791
1769100918.166157 12.329412 -12.201855 -2.857577
1769100918.221154 12.325306 -12.203054 -2.856627
1769100918.261165 12.319403 -12.204783 -2.855678
1769100918.316154 12.315275 -12.205996 -2.856311
1769100918.371165 12.311510 -12.207101 -2.855995
1769100918.416132 12.305342 -12.208912 -2.857260
1769100918.476141 12.301528 -12.210027 -2.857577
1769100918.516144 12.295429 -12.211807 -2.857893
1769100918.566143 12.291517 -12.212947 -2.858842
1769100918.621176 12.287628 -12.214077 -2.858842
1769100918.661159 12.281576 -12.215836 -2.860424
1769100918.726144 12.277321 -12.217065 -2.860740
1769100918.771183 12.270998 -12.218889 -2.862006
1769100918.811167 12.266789 -12.220097 -2.861689
1769100918.866177 12.262654 -12.221286 -2.862322
1769100918.921145 12.258542 -12.222465 -2.861373
1769100918.966165 12.252364 -12.224243 -2.861373
1769100919.016164 12.248326 -12.225405 -2.861373
1769100919.071180 12.244313 -12.226560 -2.860424
1769100919.116173 12.238233 -12.228316 -2.859158
1769100919.166226 12.234320 -12.229451 -2.858842
1769100919.216183 12.230237 -12.230638 -2.857577
1769100919.266174 12.224138 -12.232418 -2.856627
1769100919.316170 12.219984 -12.233635 -2.857577
1769100919.366152 12.215805 -12.234855 -2.857577
1769100919.416197 12.209610 -12.236663 -2.856627
1769100919.466168 12.205359 -12.237908 -2.856944
1769100919.516165 12.201254 -12.239109 -2.857893
1769100919.561168 12.195203 -12.240874 -2.857577
1769100919.616186 12.191000 -12.242101 -2.859791
1769100919.666199 12.186964 -12.243269 -2.860424
1769100919.716203 12.180885 -12.245025 -2.862322
1769100919.771204 12.176773 -12.246204 -2.862006
1769100919.816201 12.170642 -12.247964 -2.863271
1769100919.861198 12.166505 -12.249146 -2.863271
1769100919.926196 12.162441 -12.250307 -2.863588
1769100919.966209 12.156210 -12.252086 -2.862955
1769100920.016203 12.151976 -12.253297 -2.862955
1769100920.076218 12.147888 -12.254467 -2.861057
1769100920.116200 12.141759 -12.256233 -2.859791
1769100920.161243 12.137699 -12.257408 -2.860108
1769100920.221241 12.133638 -12.258582 -2.858526
1769100920.266190 12.127538 -12.260357 -2.857577
1769100920.316220 12.123553 -12.261520 -2.857577
1769100920.366190 12.119520 -12.262697 -2.857577
1769100920.421200 12.115414 -12.263896 -2.857260
1769100920.466201 12.109389 -12.265656 -2.856627
1769100920.516192 12.105260 -12.266866 -2.857260
1769100920.566257 12.101130 -12.268073 -2.857260
1769100920.616199 12.094910 -12.269891 -2.858526
1769100920.666200 12.090657 -12.271128 -2.859475
1769100920.721208 12.086476 -12.272340 -2.858842
1769100920.766241 12.080132 -12.274183 -2.859791
1769100920.816192 12.075902 -12.275408 -2.861057
1769100920.866198 12.071767 -12.276599 -2.862322
1769100920.916213 12.065539 -12.278385 -2.862955
1769100920.966194 12.061475 -12.279548 -2.863271
1769100921.021200 12.057386 -12.280716 -2.862639
1769100921.066195 12.051303 -12.282458 -2.862006
1769100921.116200 12.047265 -12.283618 -2.861373
1769100921.171208 12.043397 -12.284731 -2.860424
1769100921.216204 12.037537 -12.286423 -2.859475
1769100921.271216 12.033429 -12.287614 -2.858526
1769100921.321207 12.027231 -12.289417 -2.857577
1769100921.366205 12.023101 -12.290622 -2.857577
1769100921.426270 12.018970 -12.291828 -2.856311
1769100921.466217 12.012753 -12.293652 -2.856944
1769100921.516192 12.008599 -12.294867 -2.857260
1769100921.566253 12.004493 -12.296067 -2.858209
1769100921.621249 12.000459 -12.297242 -2.858209
1769100921.661212 11.994262 -12.299046 -2.860424
1769100921.716219 11.990177 -12.300226 -2.859791
1769100921.771187 11.986044 -12.301423 -2.861057
1769100921.811224 11.979769 -12.303231 -2.862322
1769100921.866208 11.975536 -12.304445 -2.862955
1769100921.921215 11.971423 -12.305621 -2.863271
1769100921.966244 11.965095 -12.307429 -2.862639
1769100922.021235 11.961129 -12.308565 -2.863588
1769100922.066241 11.955166 -12.310267 -2.862639
1769100922.116221 11.951249 -12.311389 -2.861689
1769100922.171271 11.947284 -12.312529 -2.861373
1769100922.216194 11.941154 -12.314293 -2.860740
1769100922.266206 11.937239 -12.315423 -2.861057
1769100922.321240 11.933201 -12.316586 -2.859791
1769100922.361223 11.927172 -12.318331 -2.857893
1769100922.411229 11.923211 -12.319486 -2.856944
1769100922.466262 11.919106 -12.320687 -2.856627
1769100922.511214 11.912961 -12.322488 -2.856944
1769100922.561222 11.908782 -12.323710 -2.856311
1769100922.621300 11.904532 -12.324957 -2.857260
1769100922.666270 11.898264 -12.326789 -2.857893
1769100922.716226 11.894085 -12.328007 -2.857893
1769100922.766201 11.890075 -12.329176 -2.859475
1769100922.811224 11.884119 -12.330902 -2.859791
1769100922.861223 11.879938 -12.332113 -2.861057
1769100922.921227 11.875852 -12.333290 -2.862322
1769100922.966229 11.869696 -12.335056 -2.863271
1769100923.026217 11.865802 -12.336168 -2.863271
1769100923.071230 11.859669 -12.337921 -2.862006
1769100923.116236 11.855558 -12.339101 -2.861689
1769100923.171231 11.851447 -12.340283 -2.861373
1769100923.216211 11.845269 -12.342061 -2.860108
1769100923.266211 11.841111 -12.343263 -2.859158
1769100923.326245 11.837003 -12.344455 -2.858842
1769100923.371230 11.830805 -12.346256 -2.857893
1769100923.411259 11.826723 -12.347446 -2.856627
1769100923.466229 11.822691 -12.348627 -2.856627
1769100923.521238 11.818610 -12.349823 -2.856627
1769100923.561236 11.812732 -12.351545 -2.857893
1769100923.626269 11.808577 -12.352756 -2.858209
1769100923.666287 11.802501 -12.354525 -2.858209
1769100923.716254 11.798589 -12.355665 -2.857893
1769100923.776278 11.794434 -12.356876 -2.859475
1769100923.811251 11.788162 -12.358694 -2.861373
1769100923.866254 11.783930 -12.359912 -2.861373
1769100923.926253 11.779576 -12.361165 -2.861689
1769100923.971267 11.773300 -12.362969 -2.863588
1769100924.011246 11.769040 -12.364185 -2.863271
1769100924.076252 11.765146 -12.365297 -2.863271
1769100924.111248 11.758989 -12.367057 -2.863588
1769100924.166230 11.754876 -12.368231 -2.862639
1769100924.221242 11.750885 -12.369374 -2.862639
1769100924.261225 11.745119 -12.371025 -2.861689
1769100924.326297 11.741081 -12.372186 -2.860424
1769100924.371253 11.735293 -12.373858 -2.859158
1769100924.411260 11.731234 -12.375036 -2.858209
1769100924.476310 11.727321 -12.376175 -2.857893
1769100924.516249 11.721101 -12.377989 -2.857260
1769100924.566256 11.716946 -12.379203 -2.856311
1769100924.626240 11.712818 -12.380414 -2.856311
1769100924.666233 11.706527 -12.382259 -2.856627
1769100924.716235 11.702398 -12.383468 -2.856627
1769100924.771235 11.698487 -12.384614 -2.858209
1769100924.811252 11.692290 -12.386418 -2.859791
1769100924.861239 11.688133 -12.387622 -2.860108
1769100924.921263 11.684072 -12.388796 -2.861057
1769100924.966256 11.678138 -12.390506 -2.861689
1769100925.011257 11.673905 -12.391723 -2.862955
1769100925.071259 11.670060 -12.392823 -2.862955
1769100925.116272 11.663758 -12.394626 -2.863271
1769100925.166304 11.659548 -12.395829 -2.862322
1769100925.221253 11.655363 -12.397029 -2.861689
1769100925.266268 11.649160 -12.398812 -2.861373
1769100925.316252 11.645025 -12.400002 -2.860108
1769100925.366272 11.641134 -12.401127 -2.858842
1769100925.416241 11.635107 -12.402878 -2.858842
1769100925.476265 11.631023 -12.404065 -2.858842
1769100925.516265 11.625190 -12.405759 -2.858209
1769100925.561278 11.621156 -12.406934 -2.857577
1769100925.626259 11.617098 -12.408119 -2.857893
1769100925.666271 11.610975 -12.409904 -2.857893
1769100925.711332 11.606844 -12.411108 -2.858526
1769100925.776312 11.602859 -12.412268 -2.859158
1769100925.816284 11.596538 -12.414102 -2.859791
1769100925.861263 11.592332 -12.415319 -2.860108
1769100925.921314 11.588296 -12.416486 -2.861373
1769100925.966269 11.581899 -12.418327 -2.862322
1769100926.011273 11.577909 -12.419472 -2.862322
1769100926.071270 11.573749 -12.420665 -2.863904
1769100926.116280 11.567590 -12.422420 -2.864221
1769100926.161262 11.563549 -12.423571 -2.864853
1769100926.216272 11.559532 -12.424712 -2.864537
1769100926.266274 11.553665 -12.426380 -2.862322
1769100926.326293 11.549845 -12.427476 -2.862639
1769100926.366275 11.543737 -12.429225 -2.861057
1769100926.411278 11.539919 -12.430325 -2.860740
1769100926.476271 11.535761 -12.431525 -2.859791
1769100926.516275 11.529585 -12.433313 -2.857893
1769100926.561266 11.525673 -12.434453 -2.857577
1769100926.616275 11.521567 -12.435652 -2.855995
1769100926.661271 11.515398 -12.437463 -2.855362
1769100926.716290 11.511246 -12.438685 -2.856944
1769100926.771292 11.507165 -12.439879 -2.857577
1769100926.811283 11.501067 -12.441659 -2.858526
1769100926.861286 11.496960 -12.442854 -2.858842
1769100926.926274 11.492876 -12.444040 -2.859475
1769100926.966271 11.486701 -12.445830 -2.860740
1769100927.011282 11.482737 -12.446974 -2.861057
1769100927.071339 11.478457 -12.448207 -2.861689
1769100927.116289 11.472157 -12.450018 -2.862639
1769100927.166289 11.467996 -12.451210 -2.862955
1769100927.221303 11.463810 -12.452407 -2.862322
1769100927.261286 11.457484 -12.454221 -2.861689
1769100927.311304 11.453446 -12.455382 -2.861057
1769100927.371293 11.449360 -12.456559 -2.861057
1769100927.411300 11.443256 -12.458318 -2.860108
1769100927.466274 11.439341 -12.459450 -2.859791
1769100927.526343 11.435330 -12.460612 -2.858842
1769100927.561318 11.429277 -12.462370 -2.857893
1769100927.611301 11.425487 -12.463475 -2.857893
1769100927.666299 11.421356 -12.464680 -2.857260
1769100927.716306 11.415137 -12.466497 -2.857893
1769100927.766292 11.410933 -12.467723 -2.857577
1769100927.821297 11.406705 -12.468957 -2.857577
1769100927.861314 11.400485 -12.470773 -2.858209
1769100927.916321 11.396208 -12.472018 -2.859475
1769100927.971309 11.392246 -12.473167 -2.859791
1769100928.011327 11.385973 -12.474983 -2.861057
1769100928.066341 11.381766 -12.476195 -2.862639
1769100928.121318 11.377702 -12.477359 -2.863588
1769100928.166291 11.371593 -12.479102 -2.863904
1769100928.211287 11.367504 -12.480268 -2.863271
1769100928.271281 11.363488 -12.481415 -2.864221
1769100928.311281 11.357183 -12.483210 -2.863271
1769100928.361281 11.353168 -12.484358 -2.862322
1769100928.416281 11.349032 -12.485544 -2.862322
1769100928.461287 11.343022 -12.487267 -2.860740
1769100928.511304 11.338961 -12.488439 -2.859791
1769100928.566323 11.334876 -12.489621 -2.858526
1769100928.611290 11.328801 -12.491389 -2.857260
1769100928.661305 11.324719 -12.492581 -2.857260
1769100928.716300 11.320638 -12.493774 -2.857260
1769100928.761304 11.314783 -12.495485 -2.857577
1769100928.811294 11.310676 -12.496684 -2.857260
1769100928.866304 11.306619 -12.497870 -2.858209
1769100928.916321 11.300495 -12.499653 -2.858209
1769100928.966304 11.296291 -12.500877 -2.858526
1769100929.016328 11.292087 -12.502100 -2.860108
1769100929.066308 11.285789 -12.503921 -2.861057
1769100929.116327 11.281533 -12.505148 -2.861373
1769100929.166295 11.277350 -12.506352 -2.862006
1769100929.211305 11.271000 -12.508175 -2.862955
1769100929.261314 11.266912 -12.509344 -2.862955
1769100929.321328 11.262799 -12.510521 -2.862006
1769100929.366328 11.256669 -12.512281 -2.862639
1769100929.411301 11.252654 -12.513431 -2.861689
1769100929.471321 11.248640 -12.514585 -2.861373
1769100929.516312 11.242584 -12.516328 -2.859158
1769100929.561332 11.238621 -12.517478 -2.858842
1769100929.616326 11.234684 -12.518621 -2.858209
1769100929.666321 11.228754 -12.520348 -2.857577
1769100929.726325 11.224575 -12.521568 -2.857577
1769100929.766356 11.218355 -12.523384 -2.857577
1769100929.811331 11.214468 -12.524519 -2.856944
1769100929.866387 11.210241 -12.525755 -2.857577
1769100929.916317 11.204191 -12.527521 -2.857893
1769100929.966332 11.200255 -12.528669 -2.858526
1769100930.016345 11.196099 -12.529878 -2.860108
1769100930.066383 11.189972 -12.531650 -2.861373
1769100930.116338 11.186007 -12.532791 -2.862322
1769100930.171341 11.181919 -12.533963 -2.862322
1769100930.211312 11.175691 -12.535749 -2.863588
1769100930.266332 11.171456 -12.536958 -2.864221
1769100930.321329 11.167342 -12.538129 -2.863904
1769100930.366333 11.161062 -12.539919 -2.863271
1769100930.421347 11.157046 -12.541066 -2.862955
1769100930.466330 11.150963 -12.542807 -2.861689
1769100930.516356 11.146852 -12.543989 -2.860740
1769100930.571335 11.142790 -12.545160 -2.860424
1769100930.616386 11.136809 -12.546888 -2.859158
1769100930.661332 11.132773 -12.548059 -2.858526
1769100930.716387 11.128836 -12.549204 -2.857893
1769100930.766387 11.124778 -12.550387 -2.856944
1769100930.811323 11.118705 -12.552164 -2.856311
1769100930.861390 11.114601 -12.553368 -2.857260
1769100930.916332 11.110422 -12.554589 -2.857260
1769100930.966335 11.104178 -12.556414 -2.857577
1769100931.021331 11.100194 -12.557577 -2.858209
1769100931.066341 11.093827 -12.559431 -2.859475
1769100931.116343 11.089694 -12.560629 -2.859475
1769100931.181348 11.085464 -12.561855 -2.860108
1769100931.216346 11.079215 -12.563662 -2.861689
1769100931.271351 11.075129 -12.564837 -2.862955
1769100931.316336 11.070919 -12.566041 -2.863271
1769100931.371347 11.067001 -12.567161 -2.863588
1769100931.416348 11.060818 -12.568925 -2.861689
1769100931.466340 11.056732 -12.570100 -2.861689
1769100931.516420 11.052694 -12.571260 -2.861057
1769100931.561354 11.046467 -12.573054 -2.860424
1769100931.616338 11.042431 -12.574220 -2.858526
1769100931.666386 11.038324 -12.575415 -2.858209
1769100931.716364 11.032102 -12.577227 -2.858209
1769100931.771362 11.028020 -12.578416 -2.856311
1769100931.816434 11.022069 -12.580161 -2.856627
1769100931.861373 11.017989 -12.581356 -2.856627
1769100931.916381 11.013811 -12.582580 -2.857260
1769100931.966386 11.009681 -12.583787 -2.858526
1769100932.016408 11.003678 -12.585533 -2.858842
1769100932.066395 10.999522 -12.586741 -2.859791
1769100932.121357 10.995388 -12.587937 -2.859791
1769100932.161350 10.989189 -12.589732 -2.861373
1769100932.221368 10.984908 -12.590964 -2.862006
1769100932.266344 10.978753 -12.592731 -2.863588
1769100932.316362 10.974542 -12.593933 -2.863271
1769100932.376368 10.970259 -12.595157 -2.863271
1769100932.416364 10.964321 -12.596854 -2.863904
1769100932.466394 10.960183 -12.598033 -2.862639
1769100932.521368 10.956046 -12.599218 -2.862006
1769100932.561422 10.950256 -12.600880 -2.862006
1769100932.616413 10.946145 -12.602061 -2.861057
1769100932.671381 10.942278 -12.603175 -2.860740
1769100932.716364 10.936295 -12.604901 -2.858842
1769100932.766341 10.932212 -12.606087 -2.858209
1769100932.816368 10.928445 -12.607184 -2.857260
1769100932.861368 10.922226 -12.609002 -2.856627
1769100932.916375 10.918291 -12.610154 -2.855995
1769100932.966367 10.914163 -12.611367 -2.856627
1769100933.016362 10.908017 -12.613167 -2.857577
1769100933.076383 10.903911 -12.614365 -2.857260
1769100933.116382 10.897594 -12.616211 -2.857893
1769100933.166372 10.893391 -12.617437 -2.858842
1769100933.221358 10.889283 -12.618631 -2.861057
1769100933.266367 10.883081 -12.620418 -2.862006
1769100933.316360 10.878994 -12.621591 -2.862639
1769100933.366431 10.874906 -12.622762 -2.863271
1769100933.421358 10.870720 -12.623958 -2.863271
1769100933.461380 10.864588 -12.625710 -2.862639
1769100933.526366 10.860548 -12.626867 -2.862006
1769100933.561385 10.854345 -12.628648 -2.861689
1769100933.616371 10.850453 -12.629767 -2.859791
1769100933.671384 10.846465 -12.630921 -2.859791
1769100933.711370 10.840436 -12.632667 -2.859158
1769100933.766364 10.836498 -12.633810 -2.857893
1769100933.816383 10.832416 -12.635000 -2.857893
1769100933.866406 10.826341 -12.636771 -2.857893
1769100933.926391 10.822526 -12.637883 -2.857577
1769100933.966414 10.816428 -12.639664 -2.857893
1769100934.016423 10.812516 -12.640804 -2.857577
1769100934.071400 10.808410 -12.642003 -2.858526
1769100934.116373 10.802407 -12.643749 -2.858842
1769100934.166389 10.798202 -12.644971 -2.859791
1769100934.221387 10.793947 -12.646202 -2.860108
1769100934.266390 10.787528 -12.648059 -2.861373
1769100934.326378 10.783466 -12.649228 -2.862322
1769100934.366460 10.777456 -12.650951 -2.863271
1769100934.416387 10.773271 -12.652147 -2.862639
1769100934.466430 10.769085 -12.653346 -2.863271
1769100934.516391 10.765070 -12.654493 -2.864221
1769100934.561395 10.758960 -12.656233 -2.863271
1769100934.626386 10.755212 -12.657304 -2.862006
1769100934.661393 10.749179 -12.659036 -2.861373
1769100934.716394 10.745141 -12.660198 -2.860740
1769100934.771409 10.741153 -12.661348 -2.860108
1769100934.816382 10.734977 -12.663134 -2.858209
1769100934.861385 10.731064 -12.664274 -2.857260
1769100934.926377 10.726934 -12.665481 -2.856627
1769100934.966396 10.720643 -12.667323 -2.856311
1769100935.016386 10.716538 -12.668527 -2.856627
1769100935.071388 10.712409 -12.669737 -2.855995
1769100935.116385 10.706411 -12.671498 -2.856944
1769100935.161385 10.702354 -12.672685 -2.858526
1769100935.221411 10.698198 -12.673894 -2.859475
1769100935.266377 10.692291 -12.675606 -2.860424
1769100935.326405 10.688181 -12.676793 -2.860740
1769100935.371402 10.682174 -12.678526 -2.861689
1769100935.416428 10.677990 -12.679729 -2.862955
1769100935.476412 10.673780 -12.680933 -2.862639
1769100935.516412 10.667722 -12.682668 -2.862955
1769100935.561406 10.663487 -12.683880 -2.861689
1769100935.621408 10.659547 -12.685013 -2.861689
1769100935.661397 10.653368 -12.686789 -2.861057
1769100935.716427 10.649501 -12.687903 -2.860108
1769100935.771412 10.645367 -12.689098 -2.858842
1769100935.811428 10.639412 -12.690828 -2.859158
1769100935.866464 10.635353 -12.692006 -2.858842
1769100935.916451 10.631537 -12.693115 -2.857893
1769100935.966431 10.625511 -12.694872 -2.857260
1769100936.016422 10.621381 -12.696079 -2.857893
1769100936.066465 10.617323 -12.697262 -2.856944
1769100936.116423 10.611250 -12.699039 -2.858209
1769100936.176444 10.606973 -12.700285 -2.858209
1769100936.221405 10.600922 -12.702047 -2.859158
1769100936.261404 10.596692 -12.703274 -2.859791
1769100936.321494 10.592729 -12.704421 -2.860740
1769100936.366419 10.586334 -12.706266 -2.861689
1769100936.416405 10.582150 -12.707469 -2.862322
1769100936.471422 10.578038 -12.708648 -2.863904
1769100936.516434 10.572099 -12.710341 -2.863904
1769100936.561418 10.568058 -12.711493 -2.863904
1769100936.616483 10.564236 -12.712582 -2.862955
1769100936.661435 10.558323 -12.714274 -2.862639
1769100936.726409 10.554211 -12.715452 -2.861689
1769100936.761422 10.548008 -12.717235 -2.860740
1769100936.811430 10.544214 -12.718329 -2.860108
1769100936.866478 10.540299 -12.719461 -2.859158
1769100936.916440 10.534344 -12.721190 -2.857577
1769100936.971433 10.530335 -12.722360 -2.857260
1769100937.016446 10.524383 -12.724099 -2.856311
1769100937.066475 10.520278 -12.725303 -2.855995
1769100937.126432 10.516247 -12.726487 -2.857260
1769100937.166412 10.510076 -12.728290 -2.857893
1769100937.216435 10.506043 -12.729466 -2.857893
1769100937.271494 10.502155 -12.730600 -2.858526
1769100937.316447 10.495933 -12.732410 -2.859791
1769100937.361456 10.491946 -12.733564 -2.861057
1769100937.421435 10.487738 -12.734776 -2.861373
1769100937.461441 10.481390 -12.736603 -2.862322
1769100937.516423 10.477351 -12.737761 -2.862955
1769100937.566441 10.473166 -12.738959 -2.862955
1769100937.616426 10.467155 -12.740678 -2.863271
1769100937.671441 10.463237 -12.741798 -2.862322
1769100937.716444 10.457130 -12.743549 -2.861373
1769100937.761480 10.453311 -12.744648 -2.861689
1769100937.821476 10.449297 -12.745802 -2.861373
1769100937.861454 10.443557 -12.747454 -2.859475
1769100937.921444 10.439716 -12.748567 -2.858842
1769100937.966466 10.433640 -12.750333 -2.857577
1769100938.016458 10.429533 -12.751531 -2.857893
1769100938.076489 10.425403 -12.752736 -2.857260
1769100938.116452 10.419159 -12.754560 -2.856944
1769100938.161466 10.414932 -12.755797 -2.857577
1769100938.221433 10.410947 -12.756960 -2.857577
1769100938.266442 10.404776 -12.758762 -2.857577
1769100938.316452 10.400573 -12.759989 -2.859158
1769100938.371452 10.396416 -12.761195 -2.860108
1769100938.416439 10.390216 -12.762988 -2.861689
1769100938.466436 10.386032 -12.764191 -2.862322
1769100938.521437 10.381920 -12.765370 -2.863271
1769100938.561433 10.375739 -12.767136 -2.863271
1769100938.616436 10.371674 -12.768297 -2.863588
1769100938.671448 10.367561 -12.769471 -2.863904
1769100938.716453 10.361281 -12.771261 -2.861373
1769100938.766453 10.357195 -12.772437 -2.858842
1769100938.826454 10.353063 -12.773638 -2.856311
1769100938.866476 10.346894 -12.775447 -2.849983
1769100938.916464 10.342845 -12.776662 -2.845238
1769100938.976518 10.338827 -12.777889 -2.840175
1769100939.016452 10.332833 -12.779753 -2.833215
1769100939.061476 10.328829 -12.781028 -2.829418
1769100939.126467 10.324783 -12.782334 -2.824356
1769100939.166451 10.318795 -12.784300 -2.817712
1769100939.216464 10.314812 -12.785637 -2.813283
1769100939.261451 10.310739 -12.787025 -2.808853
1769100939.316470 10.306672 -12.788430 -2.805057
1769100939.366459 10.300389 -12.790628 -2.799046
1769100939.411462 10.296336 -12.792073 -2.795249
1769100939.466439 10.292170 -12.793577 -2.791136
1769100939.511461 10.286036 -12.795819 -2.786707
1769100939.561465 10.281930 -12.797341 -2.782594
1769100939.621515 10.277926 -12.798843 -2.779746
1769100939.666468 10.271889 -12.801128 -2.775000
1769100939.716485 10.267849 -12.802680 -2.770887
1769100939.771495 10.263885 -12.804220 -2.766458
1769100939.811512 10.257951 -12.806557 -2.759498
1769100939.866513 10.254052 -12.808124 -2.755068
1769100939.921539 10.250160 -12.809707 -2.748741
1769100939.966473 10.244221 -12.812169 -2.740515
1769100940.016458 10.240307 -12.813829 -2.735452
1769100940.066471 10.236377 -12.815519 -2.731339
1769100940.111462 10.230714 -12.817982 -2.724379
1769100940.166462 10.226780 -12.819725 -2.719950
1769100940.216460 10.222877 -12.821476 -2.716469
1769100940.261473 10.217159 -12.824065 -2.710142
1769100940.316482 10.213250 -12.825864 -2.706978
1769100940.366482 10.209416 -12.827644 -2.703498
1769100940.416482 10.203457 -12.830436 -2.697803
1769100940.466512 10.199640 -12.832251 -2.693057
1769100940.521477 10.195694 -12.834149 -2.688311
1769100940.561476 10.189823 -12.837009 -2.682616
1769100940.616458 10.186170 -12.838814 -2.677871
1769100940.666465 10.182208 -12.840796 -2.673758
1769100940.716487 10.176425 -12.843718 -2.668063
1769100940.761490 10.172506 -12.845726 -2.664899
1769100940.821476 10.168728 -12.847677 -2.661735
1769100940.861487 10.163047 -12.850633 -2.656989
1769100940.916492 10.159217 -12.852650 -2.653509
1769100940.971468 10.155484 -12.854632 -2.649396
1769100941.016485 10.149885 -12.857634 -2.642119
1769100941.061491 10.146197 -12.859646 -2.637057
1769100941.121484 10.142430 -12.861726 -2.631995
1769100941.166530 10.136840 -12.864850 -2.623453
1769100941.216496 10.133212 -12.866918 -2.618074
1769100941.271518 10.129573 -12.869019 -2.612379
1769100941.316552 10.124133 -12.872201 -2.604470
1769100941.366507 10.120675 -12.874260 -2.599724
1769100941.421490 10.117032 -12.876453 -2.595927
1769100941.461503 10.111602 -12.879750 -2.591182
1769100941.516562 10.107935 -12.882001 -2.587385
1769100941.566491 10.104233 -12.884292 -2.584221
1769100941.616499 10.098691 -12.887746 -2.578526
1769100941.671491 10.094988 -12.890083 -2.574413
1769100941.716493 10.089651 -12.893483 -2.568718
1769100941.766502 10.085929 -12.895884 -2.563973
1769100941.816628 10.082324 -12.898233 -2.560809
1769100941.866544 10.078642 -12.900650 -2.556379
1769100941.916566 10.073262 -12.904215 -2.551001
1769100941.976511 10.069877 -12.906484 -2.546888
1769100942.016523 10.064678 -12.910001 -2.539927
1769100942.061559 10.061193 -12.912393 -2.536447
1769100942.126562 10.057759 -12.914769 -2.531701
1769100942.166518 10.052530 -12.918422 -2.525374
1769100942.216486 10.049060 -12.920880 -2.521577
1769100942.271511 10.045517 -12.923409 -2.515249
1769100942.321514 10.040370 -12.927133 -2.509238
1769100942.366504 10.036899 -12.929677 -2.503543
1769100942.416495 10.033463 -12.932224 -2.499430
1769100942.466495 10.030038 -12.934786 -2.493419
1769100942.516507 10.024893 -12.938683 -2.486775
1769100942.571516 10.021500 -12.941288 -2.483295
1769100942.616513 10.016575 -12.945097 -2.478865
1769100942.661506 10.013263 -12.947682 -2.476967
1769100942.726511 10.009935 -12.950289 -2.475385
1769100942.766558 10.004921 -12.954231 -2.476018
1769100942.811520 10.001477 -12.956935 -2.476334
1769100942.871527 9.998032 -12.959638 -2.476651
1769100942.916564 9.992793 -12.963745 -2.478233
1769100942.966564 9.989523 -12.966301 -2.478865
1769100943.026494 9.985951 -12.969089 -2.479182
1769100943.066522 9.980842 -12.973074 -2.479815
1769100943.116521 9.977487 -12.975687 -2.479815
1769100943.176493 9.974113 -12.978315 -2.480131
1769100943.216496 9.969140 -12.982187 -2.479182
1769100943.261520 9.965886 -12.984724 -2.478233
1769100943.326527 9.962835 -12.987109 -2.478549
1769100943.361529 9.957888 -12.990972 -2.476651
1769100943.411524 9.954562 -12.993580 -2.476334
1769100943.466520 9.951256 -12.996174 -2.475069
1769100943.511542 9.946422 -12.999977 -2.474752
1769100943.561520 9.943041 -13.002638 -2.474120
1769100943.621524 9.939582 -13.005364 -2.472854
1769100943.661596 9.934439 -13.009428 -2.472538
1769100943.716547 9.931044 -13.012113 -2.472854
1769100943.771559 9.927668 -13.014781 -2.472854
1769100943.811574 9.922544 -13.018829 -2.474120
1769100943.866573 9.919324 -13.021367 -2.474752
1769100943.921605 9.915943 -13.024029 -2.475385
1769100943.966566 9.910888 -13.028002 -2.477283
1769100944.011526 9.907580 -13.030592 -2.477283
1769100944.071537 9.904153 -13.033276 -2.478549
1769100944.116607 9.899026 -13.037280 -2.478865
1769100944.161514 9.895714 -13.039865 -2.478865
1769100944.221535 9.892262 -13.042559 -2.479182
1769100944.261532 9.887173 -13.046529 -2.477600
1769100944.316536 9.883924 -13.049071 -2.477283
1769100944.376600 9.880536 -13.051724 -2.476651
1769100944.416539 9.875536 -13.055644 -2.475069
1769100944.461560 9.872393 -13.058116 -2.475069
1769100944.521523 9.869031 -13.060761 -2.474752
1769100944.561560 9.864099 -13.064643 -2.474120
1769100944.616596 9.860839 -13.067213 -2.473487
1769100944.666592 9.857481 -13.069863 -2.472538
1769100944.716527 9.852438 -13.073850 -2.473803
1769100944.776605 9.849238 -13.076374 -2.474752
1769100944.816531 9.844306 -13.080256 -2.475385
1769100944.861540 9.840824 -13.082993 -2.475702
1769100944.921558 9.837540 -13.085573 -2.476018
1769100944.966547 9.832304 -13.089684 -2.477600
1769100945.016529 9.828975 -13.092289 -2.477916
1769100945.066547 9.825565 -13.094955 -2.478865
1769100945.116600 9.820438 -13.098957 -2.479182
1769100945.166617 9.817224 -13.101463 -2.479498
1769100945.216528 9.813911 -13.104046 -2.480131
1769100945.261546 9.808977 -13.107887 -2.479815
1769100945.326609 9.805842 -13.110329 -2.478865
1769100945.366565 9.800914 -13.114175 -2.477916
1769100945.416584 9.797485 -13.116857 -2.477916
1769100945.471559 9.794195 -13.119430 -2.476967
1769100945.511552 9.789174 -13.123363 -2.475702
1769100945.561553 9.785950 -13.125896 -2.474436
1769100945.621574 9.782530 -13.128590 -2.474436
1769100945.661574 9.777619 -13.132458 -2.474120
1769100945.716574 9.774319 -13.135059 -2.475385
1769100945.771579 9.770876 -13.137765 -2.478233
1769100945.811616 9.765990 -13.141584 -2.483611
1769100945.861581 9.762566 -13.144231 -2.488357
1769100945.921588 9.759229 -13.146784 -2.493419
1769100945.966613 9.754064 -13.150696 -2.500379
1769100946.021555 9.750656 -13.153240 -2.505442
1769100946.066550 9.747134 -13.155841 -2.510820
1769100946.116565 9.742003 -13.159588 -2.518097
1769100946.176636 9.738469 -13.162130 -2.523159
1769100946.216546 9.733334 -13.165783 -2.529170
1769100946.261580 9.729834 -13.168242 -2.532651
1769100946.326567 9.726305 -13.170704 -2.535814
1769100946.366575 9.721061 -13.174335 -2.541509
1769100946.416582 9.717594 -13.176708 -2.544673
1769100946.471590 9.714307 -13.178942 -2.548153
1769100946.516589 9.709061 -13.182480 -2.553216
1769100946.561576 9.705629 -13.184770 -2.556696
1769100946.626567 9.702084 -13.187118 -2.561125
1769100946.661563 9.696666 -13.190671 -2.567453
1769100946.716560 9.693223 -13.192898 -2.572515
1769100946.766633 9.689577 -13.195230 -2.577893
1769100946.816578 9.684271 -13.198584 -2.584221
1769100946.866595 9.680469 -13.200954 -2.589600
1769100946.921557 9.676935 -13.203131 -2.594029
1769100946.966563 9.671273 -13.206583 -2.601622
1769100947.016578 9.667582 -13.208795 -2.606684
1769100947.066561 9.663815 -13.211027 -2.610797
1769100947.111558 9.658445 -13.214179 -2.616492
1769100947.171581 9.654963 -13.216197 -2.619972
1769100947.216583 9.649433 -13.219375 -2.626933
1769100947.266578 9.645952 -13.221343 -2.630729
1769100947.326597 9.642265 -13.223410 -2.636108
1769100947.366581 9.636662 -13.226511 -2.641487
1769100947.426582 9.633219 -13.228392 -2.644967
1769100947.466581 9.627879 -13.231286 -2.650029
1769100947.511601 9.624152 -13.233282 -2.653509
1769100947.571663 9.620397 -13.235276 -2.657938
1769100947.616587 9.614929 -13.238147 -2.662368
1769100947.666613 9.611336 -13.240015 -2.664899
1769100947.721610 9.607468 -13.242012 -2.666797
1769100947.766644 9.601975 -13.244836 -2.669328
1769100947.826655 9.598098 -13.246816 -2.670594
1769100947.866636 9.592437 -13.249699 -2.672176
1769100947.911585 9.588554 -13.251668 -2.674074
1769100947.976636 9.584668 -13.253630 -2.674707
1769100948.016607 9.579063 -13.256456 -2.676605
1769100948.066653 9.575375 -13.258305 -2.678187
1769100948.121583 9.571458 -13.260263 -2.677871
1769100948.166592 9.565980 -13.263002 -2.678503
1769100948.216577 9.562175 -13.264902 -2.678503
1769100948.266576 9.558281 -13.266847 -2.677238
1769100948.316619 9.552600 -13.269692 -2.675023
1769100948.361595 9.548825 -13.271593 -2.674074
1769100948.426600 9.545074 -13.273487 -2.672176
1769100948.466646 9.539386 -13.276372 -2.671543
1769100948.526598 9.535730 -13.278229 -2.671543
1769100948.566605 9.530224 -13.281026 -2.672176
1769100948.616588 9.526455 -13.282939 -2.671859
1769100948.671606 9.522663 -13.284863 -2.672492
1769100948.711692 9.517019 -13.287724 -2.673758
1769100948.766585 9.513337 -13.289584 -2.674074
1769100948.821619 9.509586 -13.291478 -2.674707
1769100948.861626 9.503664 -13.294463 -2.675340
1769100948.926588 9.500002 -13.296306 -2.675340
1769100948.966587 9.494327 -13.299162 -2.675023
1769100949.011695 9.490620 -13.301029 -2.675023
1769100949.071587 9.486799 -13.302953 -2.675972
1769100949.111598 9.480987 -13.305874 -2.676289
1769100949.166681 9.477390 -13.307680 -2.677238
1769100949.221598 9.473543 -13.309607 -2.677871
1769100949.261658 9.467793 -13.312482 -2.678503
1769100949.316606 9.464079 -13.314336 -2.677871
1769100949.371619 9.460254 -13.316250 -2.678187
1769100949.416589 9.454593 -13.319078 -2.676921
1769100949.466603 9.450860 -13.320950 -2.675972
1769100949.516682 9.447128 -13.322825 -2.675023
1769100949.561647 9.441454 -13.325682 -2.672808
1769100949.616640 9.437796 -13.327535 -2.672176
1769100949.666632 9.434049 -13.329436 -2.670910
1769100949.716655 9.428342 -13.332340 -2.669961
1769100949.761606 9.424509 -13.334295 -2.669961
1769100949.821599 9.420653 -13.336261 -2.670910
1769100949.866617 9.414923 -13.339176 -2.672808
1769100949.916713 9.411040 -13.341143 -2.674074
1769100949.971624 9.407153 -13.343105 -2.674707
1769100950.016598 9.401525 -13.345942 -2.675656
1769100950.066605 9.397636 -13.347898 -2.676289
1769100950.121608 9.393768 -13.349840 -2.677238
1769100950.161623 9.387884 -13.352787 -2.677238
1769100950.216604 9.384082 -13.354691 -2.677871
1769100950.271610 9.380256 -13.356605 -2.675656
1769100950.316607 9.374513 -13.359493 -2.674390
1769100950.366582 9.370942 -13.361294 -2.673758
1769100950.421621 9.367124 -13.363223 -2.673441
1769100950.466611 9.361523 -13.366055 -2.672808
1769100950.526586 9.357910 -13.367885 -2.672808
1769100950.566677 9.352197 -13.370778 -2.673758
1769100950.616614 9.348515 -13.372639 -2.672808
1769100950.661590 9.344631 -13.374606 -2.674074
1769100950.716606 9.340835 -13.376522 -2.673441
1769100950.766604 9.335166 -13.379389 -2.673125
1769100950.816600 9.331236 -13.381377 -2.673758
1769100950.866643 9.327351 -13.383340 -2.673758
1769100950.916594 9.321703 -13.386194 -2.672492
1769100950.976611 9.317865 -13.388139 -2.671859
1769100951.016612 9.312087 -13.391072 -2.673125
1769100951.066622 9.308316 -13.392981 -2.674074
1769100951.121610 9.304429 -13.394943 -2.674707
1769100951.166590 9.298666 -13.397848 -2.676921
1769100951.216628 9.294978 -13.399697 -2.679136
1769100951.266588 9.291195 -13.401582 -2.679453
1769100951.311627 9.285486 -13.404426 -2.679453
1769100951.366613 9.281679 -13.406322 -2.679453
1769100951.421611 9.277851 -13.408229 -2.678503
1769100951.466666 9.272189 -13.411056 -2.677238
1769100951.516592 9.268387 -13.412960 -2.675972
1769100951.566673 9.264633 -13.414847 -2.673441
1769100951.616610 9.259032 -13.417679 -2.670910
1769100951.661633 9.255309 -13.419573 -2.670594
1769100951.721618 9.251498 -13.421514 -2.670277
1769100951.766624 9.245792 -13.424422 -2.670594
1769100951.811697 9.241935 -13.426386 -2.671543
1769100951.866744 9.238370 -13.428197 -2.672808
1769100951.911597 9.232635 -13.431102 -2.674074
1769100951.966585 9.228703 -13.433086 -2.674707
1769100952.021640 9.224838 -13.435034 -2.675656
1769100952.066608 9.219253 -13.437843 -2.675972
1769100952.126588 9.215295 -13.439832 -2.676289
1769100952.166584 9.209731 -13.442626 -2.675656
1769100952.216598 9.205977 -13.444513 -2.675023
1769100952.271611 9.202315 -13.446358 -2.675023
1769100952.316630 9.196618 -13.449227 -2.675023
1769100952.361629 9.192798 -13.451151 -2.674707
1769100952.416603 9.188978 -13.453076 -2.675023
1769100952.461606 9.183304 -13.455934 -2.675340
1769100952.511644 9.179529 -13.457834 -2.676289
1769100952.561603 9.175955 -13.459628 -2.675656
1769100952.616641 9.170482 -13.462380 -2.675023
1769100952.671641 9.166707 -13.464282 -2.675340
1769100952.716688 9.161100 -13.467103 -2.674074
1769100952.761669 9.157440 -13.468951 -2.673441
1769100952.816698 9.153600 -13.470893 -2.672808
1769100952.866650 9.147842 -13.473809 -2.671227
1769100952.926675 9.144165 -13.475679 -2.670277
1769100952.966661 9.138685 -13.478471 -2.669961
1769100953.016651 9.134919 -13.480392 -2.671543
1769100953.071645 9.131264 -13.482249 -2.672808
1769100953.116655 9.125506 -13.485165 -2.675023
1769100953.161653 9.121572 -13.487146 -2.677554
1769100953.216664 9.117906 -13.488981 -2.678187
1769100953.266664 9.112109 -13.491878 -2.679453
1769100953.321656 9.108485 -13.493683 -2.680718
1769100953.366701 9.102953 -13.496430 -2.680718
1769100953.416657 9.099281 -13.498253 -2.679453
1769100953.471674 9.095474 -13.500149 -2.678187
1769100953.511667 9.089769 -13.503000 -2.675656
1769100953.561653 9.085970 -13.504911 -2.673125
1769100953.621710 9.082266 -13.506785 -2.673125
1769100953.661650 9.076801 -13.509551 -2.671859
1769100953.711712 9.073009 -13.511475 -2.671859
1769100953.771718 9.069263 -13.513377 -2.671859
1769100953.816703 9.063575 -13.516264 -2.673125
1769100953.866691 9.059826 -13.518161 -2.673125
1769100953.921699 9.055942 -13.520127 -2.673758
1769100953.961659 9.050181 -13.523038 -2.675340
1769100954.016674 9.046587 -13.524847 -2.675023
1769100954.071703 9.042676 -13.526816 -2.674707
1769100954.111655 9.036799 -13.529778 -2.674707
1769100954.166653 9.032912 -13.531738 -2.673441
1769100954.221712 9.029027 -13.533702 -2.673441
1769100954.261691 9.023222 -13.536638 -2.674390
1769100954.326665 9.019471 -13.538530 -2.674390
1769100954.366667 9.013798 -13.541391 -2.676605
1769100954.416671 9.010111 -13.543241 -2.676289
1769100954.471691 9.006333 -13.545138 -2.677871
1769100954.511683 9.000629 -13.547991 -2.677238
1769100954.561671 8.996849 -13.549884 -2.676289
1769100954.621671 8.993049 -13.551792 -2.676921
1769100954.661669 8.987415 -13.554616 -2.675340
1769100954.711673 8.983820 -13.556425 -2.674390
1769100954.771682 8.979978 -13.558363 -2.673125
1769100954.811688 8.974310 -13.561232 -2.670910
1769100954.866687 8.970520 -13.563160 -2.669645
1769100954.916685 8.966958 -13.564978 -2.669645
1769100954.966699 8.961097 -13.567970 -2.670277
1769100955.016679 8.957263 -13.569923 -2.672176
1769100955.071672 8.953493 -13.571836 -2.672492
1769100955.111677 8.947601 -13.574822 -2.674707
1769100955.166696 8.943804 -13.576736 -2.676605
1769100955.216678 8.939867 -13.578711 -2.677238
1769100955.266677 8.934006 -13.581647 -2.678820
1769100955.311672 8.930133 -13.583579 -2.680402
1769100955.366666 8.926212 -13.585528 -2.678820
1769100955.416720 8.920437 -13.588409 -2.677871
1769100955.466672 8.916633 -13.590311 -2.677238
1769100955.521683 8.912809 -13.592226 -2.675656
1769100955.561678 8.907156 -13.595069 -2.674390
1769100955.611677 8.903540 -13.596893 -2.674390
1769100955.666730 8.899766 -13.598797 -2.674707
1769100955.711683 8.894093 -13.601656 -2.673758
1769100955.761705 8.890366 -13.603540 -2.674074
1769100955.821711 8.886615 -13.605433 -2.674074
1769100955.866731 8.880921 -13.608308 -2.673441
1769100955.911722 8.877262 -13.610158 -2.674074
1769100955.971708 8.873534 -13.612040 -2.673758
1769100956.016732 8.867886 -13.614894 -2.673125
1769100956.066673 8.864069 -13.616825 -2.672808
1769100956.116718 8.860186 -13.618792 -2.672176
1769100956.161698 8.854384 -13.621735 -2.672492
1769100956.221694 8.850727 -13.623588 -2.672492
1769100956.266687 8.844857 -13.626563 -2.673758
1769100956.311717 8.841175 -13.628424 -2.675340
1769100956.371706 8.837512 -13.630267 -2.675972
1769100956.416692 8.831587 -13.633244 -2.677238
1769100956.466728 8.828056 -13.635013 -2.678503
1769100956.516705 8.824184 -13.636946 -2.677554
1769100956.566705 8.818480 -13.639801 -2.678187
1769100956.621703 8.814880 -13.641600 -2.677871
1769100956.666695 8.809334 -13.644373 -2.676289
1769100956.711701 8.805760 -13.646168 -2.674390
1769100956.771699 8.802212 -13.647957 -2.672808
1769100956.816716 8.796477 -13.650862 -2.671543
1769100956.866699 8.792754 -13.652754 -2.670594
1769100956.916714 8.788919 -13.654706 -2.671227
1769100956.966699 8.783392 -13.657517 -2.672176
1769100957.026699 8.779644 -13.659417 -2.672176
1769100957.066782 8.774001 -13.662280 -2.672808
1769100957.111703 8.770185 -13.664212 -2.674390
1769100957.171707 8.766230 -13.666207 -2.674074
1769100957.216697 8.760650 -13.669025 -2.675656
1769100957.261704 8.756805 -13.670958 -2.676921
1769100957.316707 8.752778 -13.672977 -2.676921
1769100957.366709 8.747008 -13.675869 -2.676605
1769100957.416699 8.743094 -13.677832 -2.676289
1769100957.471709 8.739226 -13.679775 -2.676605
1769100957.511719 8.733661 -13.682567 -2.676605
1769100957.561781 8.730086 -13.684360 -2.676605
1769100957.621735 8.726286 -13.686266 -2.677238
1769100957.661755 8.720605 -13.689112 -2.676921
1769100957.711776 8.716827 -13.691006 -2.676605
1769100957.771775 8.713071 -13.692890 -2.677238
1769100957.811728 8.707481 -13.695690 -2.675656
1769100957.866740 8.703637 -13.697623 -2.675023
1769100957.916734 8.699930 -13.699490 -2.674390
1769100957.966779 8.694213 -13.702374 -2.673441
1769100958.016766 8.690395 -13.704304 -2.671859
1769100958.071723 8.686559 -13.706252 -2.670594
1769100958.116717 8.680785 -13.709192 -2.670594
1769100958.166732 8.677018 -13.711110 -2.670910
1769100958.216720 8.673093 -13.713107 -2.671543
1769100958.266718 8.667339 -13.716031 -2.673758
1769100958.311720 8.663453 -13.717994 -2.675023
1769100958.371715 8.659565 -13.719952 -2.675656
1769100958.416731 8.653731 -13.722886 -2.676921
1769100958.466763 8.649861 -13.724826 -2.678503
1769100958.521722 8.645967 -13.726770 -2.678503
1769100958.561725 8.640237 -13.729631 -2.677554
1769100958.616735 8.636616 -13.731443 -2.676921
1769100958.666726 8.632724 -13.733394 -2.675656
1769100958.711731 8.627071 -13.736237 -2.673758
1769100958.761791 8.623321 -13.738132 -2.673125
1769100958.821731 8.619595 -13.740017 -2.672176
1769100958.866827 8.613884 -13.742914 -2.672492
1769100958.911729 8.610068 -13.744848 -2.672808
1769100958.971733 8.606388 -13.746712 -2.672492
1769100959.016747 8.600585 -13.749653 -2.672808
1769100959.066733 8.597040 -13.751448 -2.673125
1769100959.116732 8.593156 -13.753414 -2.673758
1769100959.161745 8.587305 -13.756370 -2.674074
1769100959.216749 8.583735 -13.758172 -2.674707
1769100959.266736 8.579712 -13.760200 -2.674074
1769100959.311734 8.574176 -13.762995 -2.674390
1769100959.376746 8.570267 -13.764967 -2.674074
1769100959.416748 8.564392 -13.767933 -2.674707
1769100959.466736 8.560550 -13.769869 -2.676605
1769100959.521733 8.556636 -13.771833 -2.676921
1769100959.561738 8.550934 -13.774691 -2.678820
1769100959.616745 8.547288 -13.776510 -2.679769
1769100959.671828 8.543458 -13.778416 -2.679453
1769100959.716766 8.537817 -13.781226 -2.679136
1769100959.766840 8.534011 -13.783124 -2.678503
1769100959.826783 8.530162 -13.785046 -2.676605
1769100959.866765 8.524506 -13.787883 -2.675340
1769100959.911805 8.520753 -13.789772 -2.674074
1769100959.971796 8.516979 -13.791677 -2.672492
1769100960.016825 8.511516 -13.794446 -2.670594
1769100960.066744 8.507704 -13.796387 -2.669645
1769100960.121757 8.503917 -13.798320 -2.670277
1769100960.171749 8.498166 -13.801251 -2.671227
1769100960.216749 8.494308 -13.803212 -2.672808
1769100960.271752 8.490515 -13.805133 -2.674074
1769100960.311751 8.484663 -13.808088 -2.675023
1769100960.366750 8.481001 -13.809932 -2.675656
1769100960.416751 8.477337 -13.811774 -2.676289
1769100960.466782 8.471683 -13.814613 -2.676921
1769100960.521755 8.467836 -13.816542 -2.677554
1769100960.566757 8.462177 -13.819374 -2.676289
1769100960.621759 8.458377 -13.821282 -2.676289
1769100960.666754 8.454781 -13.823087 -2.674707
1769100960.711758 8.449266 -13.825867 -2.674074
1769100960.766757 8.445447 -13.827795 -2.674390
1769100960.811765 8.441628 -13.829721 -2.674074
1769100960.866757 8.436251 -13.832436 -2.674707
1769100960.921767 8.432499 -13.834327 -2.674707
1769100960.971763 8.426848 -13.837176 -2.674074
1769100961.016765 8.423030 -13.839103 -2.673758
1769100961.071764 8.419235 -13.841021 -2.674390
1769100961.116772 8.413517 -13.843905 -2.674074
1769100961.166758 8.409676 -13.845844 -2.672808
1769100961.221764 8.405792 -13.847811 -2.672176
1769100961.266796 8.400262 -13.850616 -2.671227
1769100961.311764 8.396381 -13.852589 -2.670594
1769100961.371758 8.392502 -13.854565 -2.671227
1769100961.411771 8.386681 -13.857524 -2.672492
1769100961.466757 8.382775 -13.859504 -2.674707
1769100961.521787 8.378910 -13.861452 -2.675656
1769100961.566770 8.373099 -13.864374 -2.678503
1769100961.616819 8.369249 -13.866296 -2.679769
1769100961.671804 8.365511 -13.868157 -2.680085
1769100961.716779 8.359686 -13.871054 -2.679769
1769100961.761798 8.355880 -13.872949 -2.679136
1769100961.821768 8.352097 -13.874834 -2.677554
1769100961.866802 8.346415 -13.877678 -2.675340
1769100961.911807 8.342617 -13.879589 -2.674074
1769100961.976801 8.338889 -13.881471 -2.671859
1769100962.021854 8.333202 -13.884359 -2.670594
1769100962.066830 8.329457 -13.886265 -2.670594
1769100962.116792 8.325736 -13.888160 -2.670910
1769100962.166848 8.321878 -13.890123 -2.670594
1769100962.211787 8.316195 -13.893017 -2.672492
1769100962.266785 8.312379 -13.894951 -2.673441
1769100962.316785 8.308539 -13.896893 -2.674074
1769100962.366778 8.302755 -13.899813 -2.675340
1769100962.416792 8.298821 -13.901793 -2.675340
1769100962.471774 8.294955 -13.903738 -2.675656
1769100962.516794 8.289098 -13.906684 -2.674707
1769100962.561783 8.285234 -13.908632 -2.674390
1769100962.621778 8.281369 -13.910581 -2.674074
1769100962.661792 8.275562 -13.913513 -2.674390
1769100962.716786 8.271766 -13.915428 -2.675023
1769100962.771813 8.267923 -13.917363 -2.675656
1769100962.816788 8.262202 -13.920240 -2.675972
1769100962.866824 8.258470 -13.922115 -2.676921
1769100962.916780 8.254669 -13.924021 -2.676289
1769100962.966804 8.249218 -13.926758 -2.675340
1769100963.026804 8.245397 -13.928681 -2.675023
1769100963.066794 8.239926 -13.931436 -2.675023
1769100963.116788 8.236174 -13.933326 -2.672492
1769100963.171799 8.232358 -13.935260 -2.672176
1769100963.216799 8.226873 -13.938042 -2.670594
1769100963.261801 8.222994 -13.940017 -2.669961
1769100963.321866 8.219138 -13.941984 -2.670277
1769100963.366794 8.213410 -13.944903 -2.670910
1769100963.416801 8.209485 -13.946900 -2.672808
1769100963.476817 8.205624 -13.948856 -2.673758
1769100963.521797 8.199795 -13.951800 -2.676289
1769100963.561792 8.196108 -13.953652 -2.677871
1769100963.621855 8.192282 -13.955565 -2.678187
1769100963.666865 8.186418 -13.958495 -2.679769
1769100963.716832 8.182589 -13.960401 -2.680085
1769100963.771819 8.178782 -13.962295 -2.678820
1769100963.811813 8.173029 -13.965165 -2.677554
1769100963.866815 8.169272 -13.967045 -2.675656
1769100963.921824 8.165473 -13.968955 -2.675023
1769100963.966829 8.159754 -13.971836 -2.672808
1769100964.016817 8.156028 -13.973723 -2.673125
1769100964.071813 8.152279 -13.975620 -2.673125
1769100964.111810 8.146701 -13.978443 -2.672808
1769100964.166804 8.142930 -13.980352 -2.673125
1769100964.221805 8.139158 -13.982261 -2.673441
1769100964.266810 8.133466 -13.985139 -2.673441
1769100964.316817 8.129604 -13.987092 -2.673758
1769100964.371827 8.125718 -13.989055 -2.673758
1769100964.416810 8.119935 -13.991977 -2.673125
1769100964.466828 8.116096 -13.993920 -2.672492
1769100964.521812 8.112235 -13.995877 -2.672176
1769100964.561821 8.106389 -13.998842 -2.671859
1769100964.616815 8.102462 -14.000836 -2.672492
1769100964.671816 8.098624 -14.002781 -2.673758
1769100964.716822 8.092840 -14.005703 -2.675023
1769100964.761815 8.089246 -14.007513 -2.677238
1769100964.821829 8.085444 -14.009417 -2.677238
1769100964.866819 8.079696 -14.012297 -2.677871
1769100964.916826 8.076142 -14.014074 -2.677554
1769100964.971817 8.072294 -14.016000 -2.676921
1769100965.011835 8.066637 -14.018835 -2.676289
1769100965.066844 8.062860 -14.020732 -2.674074
1769100965.116821 8.059064 -14.022648 -2.672808
1769100965.166774 8.053622 -14.025404 -2.670594
1769100965.226825 8.049833 -14.027334 -2.669961
1769100965.271835 8.044309 -14.030151 -2.669645
1769100965.311838 8.040522 -14.032084 -2.670277
1769100965.376832 8.036688 -14.034038 -2.671543
1769100965.416834 8.030911 -14.036973 -2.672808
1769100965.466827 8.027276 -14.038814 -2.673758
1769100965.521842 8.023322 -14.040811 -2.675340
1769100965.561872 8.017602 -14.043690 -2.676289
1769100965.616864 8.013576 -14.045712 -2.676921
1769100965.671878 8.009661 -14.047674 -2.677238
1769100965.716849 8.003936 -14.050542 -2.678187
1769100965.766831 8.000064 -14.052476 -2.677238
1769100965.821850 7.996240 -14.054392 -2.676921
1769100965.866853 7.990470 -14.057284 -2.675972
1769100965.916841 7.986602 -14.059228 -2.675656
1769100965.971862 7.982939 -14.061070 -2.675656
1769100966.016847 7.977218 -14.063947 -2.675340
1769100966.066858 7.973465 -14.065835 -2.675972
1769100966.126832 7.969733 -14.067710 -2.675023
1769100966.166873 7.964037 -14.070580 -2.674390
1769100966.221825 7.960376 -14.072426 -2.674390
1769100966.271840 7.956557 -14.074353 -2.673441
1769100966.316839 7.950797 -14.077265 -2.673125
1769100966.366838 7.947048 -14.079162 -2.671859
1769100966.426860 7.943166 -14.081133 -2.671227
1769100966.466840 7.937481 -14.084024 -2.670594
1769100966.516870 7.933601 -14.085999 -2.671227
1769100966.566923 7.929653 -14.088007 -2.671543
1769100966.616872 7.925817 -14.089955 -2.672176
1769100966.666844 7.920038 -14.092887 -2.674074
1769100966.716844 7.916129 -14.094860 -2.676289
1769100966.771848 7.912239 -14.096813 -2.676921
1769100966.811845 7.906356 -14.099762 -2.678187
1769100966.861846 7.902620 -14.101629 -2.679136
1769100966.921837 7.898769 -14.103549 -2.677871
1769100966.966857 7.892951 -14.106458 -2.677554
1769100967.016851 7.889284 -14.108293 -2.676289
1769100967.071849 7.885439 -14.110224 -2.675656
1769100967.116913 7.879831 -14.113044 -2.672492
1769100967.166848 7.876061 -14.114955 -2.671543
1769100967.216879 7.872292 -14.116870 -2.671859
1769100967.266850 7.866808 -14.119654 -2.670910
1769100967.331922 7.862973 -14.121605 -2.672176
1769100967.366852 7.857330 -14.124467 -2.673441
1769100967.416864 7.853512 -14.126397 -2.673125
1769100967.471870 7.849809 -14.128272 -2.674390
1769100967.511862 7.844182 -14.131110 -2.674707
1769100967.561856 7.840204 -14.133115 -2.674707
1769100967.626858 7.836316 -14.135075 -2.675340
1769100967.666876 7.830574 -14.137965 -2.675340
1769100967.716944 7.826594 -14.139967 -2.675340
1769100967.771890 7.822774 -14.141890 -2.675023
1769100967.816887 7.816941 -14.144828 -2.675656
1769100967.866931 7.813097 -14.146761 -2.676289
1769100967.926891 7.809297 -14.148669 -2.676921
1769100967.966913 7.803595 -14.151527 -2.677554
1769100968.016894 7.799793 -14.153430 -2.678820
1769100968.071878 7.796033 -14.155306 -2.677554
1769100968.111884 7.790374 -14.158138 -2.676921
1769100968.161870 7.786664 -14.159998 -2.676921
1769100968.221890 7.782862 -14.161904 -2.675023
1769100968.266939 7.777188 -14.164761 -2.673441
1769100968.316937 7.773461 -14.166646 -2.671859
1769100968.376885 7.769670 -14.168571 -2.670594
1769100968.416870 7.764076 -14.171419 -2.669328
1769100968.466990 7.760199 -14.173399 -2.669328
1769100968.526876 7.756345 -14.175368 -2.670277
1769100968.566885 7.750617 -14.178287 -2.671543
1769100968.616871 7.746803 -14.180225 -2.673125
1769100968.671875 7.742919 -14.182190 -2.675023
1769100968.716878 7.737087 -14.185128 -2.675656
1769100968.766876 7.733220 -14.187072 -2.675972
1769100968.831900 7.729353 -14.189016 -2.677554
1769100968.866932 7.723536 -14.191927 -2.677871
1769100968.916899 7.719619 -14.193885 -2.676921
1769100969.076962 7.715841 -14.195780 -2.677238
1769100969.096878 7.710115 -14.198647 -2.675023
1769100969.116884 7.706521 -14.200458 -2.674074
1769100969.136878 7.702770 -14.202351 -2.673441
1769100969.276879 7.697259 -14.205138 -2.673441
1769100969.296912 7.693554 -14.207011 -2.672808
1769100969.316883 7.689919 -14.208852 -2.673125
1769100969.336883 7.684273 -14.211709 -2.674390
1769100969.361921 7.680544 -14.213590 -2.673441
1769100969.471905 7.676682 -14.215543 -2.673758
1769100969.491904 7.671012 -14.218408 -2.674074
1769100969.526898 7.667125 -14.220370 -2.673441
1769100969.571911 7.663195 -14.222357 -2.673441
1769100969.611889 7.657548 -14.225213 -2.672808
1769100969.741919 7.653552 -14.227237 -2.672492
1769100969.761908 7.649736 -14.229171 -2.672176
1769100969.781929 7.643890 -14.232136 -2.673125
1769100969.826932 7.639893 -14.234159 -2.673441
1769100969.876920 7.636098 -14.236078 -2.676605
1769100969.936908 7.630329 -14.238972 -2.677554
1769100969.961909 7.626458 -14.240909 -2.679769
1769100970.121915 7.622629 -14.242815 -2.679453
1769100970.141956 7.616920 -14.245659 -2.678820
1769100970.161935 7.613138 -14.247546 -2.679136
1769100970.181908 7.609355 -14.249431 -2.678187
1769100970.366886 7.603604 -14.252305 -2.675656
1769100970.401913 7.599850 -14.254193 -2.674390
1769100970.421970 7.596099 -14.256085 -2.672492
1769100970.436898 7.590500 -14.258923 -2.671227
1769100970.456907 7.586777 -14.260816 -2.670277
1769100970.486942 7.582898 -14.262792 -2.670277
1769100970.516917 7.577260 -14.265665 -2.670910
1769100970.571901 7.573426 -14.267617 -2.672176
1769100970.631901 7.569566 -14.269575 -2.673758
1769100970.691903 7.563805 -14.272485 -2.674707
1769100970.711907 7.559985 -14.274411 -2.675023
1769100970.771936 7.556052 -14.276392 -2.676289
1769100970.821922 7.550239 -14.279310 -2.676605
1769100970.886904 7.546234 -14.281319 -2.675656
1769100971.381911 7.542435 -14.283230 -2.675656
1769100971.396924 7.536579 -14.286175 -2.674707
1769100971.436933 7.532962 -14.287997 -2.675340
1769100971.451931 7.529164 -14.289909 -2.674707
1769100971.471920 7.523446 -14.292791 -2.675023
1769100971.491913 7.519897 -14.294579 -2.675340
1769100971.511931 7.516076 -14.296502 -2.675656
1769100971.531913 7.510468 -14.299322 -2.675656
1769100971.551927 7.506895 -14.301118 -2.675656
1769100971.571957 7.503141 -14.303006 -2.675023
1769100971.586914 7.497513 -14.305841 -2.674707
1769100971.606938 7.493648 -14.307789 -2.674390
1769100971.626919 7.489806 -14.309727 -2.672492
1769100971.646931 7.484139 -14.312599 -2.671543
1769100971.666919 7.480258 -14.314571 -2.670910
1769100971.681930 7.474754 -14.317372 -2.670910
1769100971.711922 7.471077 -14.319243 -2.670594
1769100971.761944 7.467378 -14.321126 -2.672492
1769100971.811983 7.461847 -14.323930 -2.674707
1769100971.871948 7.457937 -14.325900 -2.675656
1769100971.911963 7.452351 -14.328709 -2.677871
1769100971.961953 7.448684 -14.330543 -2.679136
1769100972.016957 7.444878 -14.332440 -2.679769
1769100972.066924 7.439327 -14.335203 -2.680085
1769100972.121947 7.435497 -14.337108 -2.680402
1769100972.161939 7.429921 -14.339879 -2.678503
1769100972.216931 7.426185 -14.341745 -2.676289
1769100972.266925 7.422611 -14.343539 -2.675023
1769100972.316924 7.417004 -14.346362 -2.673758
1769100972.361943 7.413413 -14.348177 -2.672176
1769100972.417024 7.409665 -14.350078 -2.672176
1769100972.466955 7.404248 -14.352826 -2.672176
1769100972.521953 7.400523 -14.354715 -2.672492
1769100972.561960 7.394970 -14.357530 -2.673125
1769100972.611939 7.391198 -14.359438 -2.674074
1769100972.681930 7.387380 -14.361366 -2.673758
1769100972.716931 7.381619 -14.364277 -2.674707
1769100972.761950 7.377912 -14.366145 -2.674707
1769100972.816962 7.374070 -14.368082 -2.674074
1769100972.861956 7.368218 -14.371036 -2.673758
1769100972.912003 7.364377 -14.372977 -2.673125
1769100972.966934 7.360448 -14.374965 -2.673758
1769100973.017027 7.354619 -14.377910 -2.675656
1769100973.066938 7.350730 -14.379866 -2.677554
1769100973.121940 7.346950 -14.381758 -2.681667
1769100973.161952 7.341189 -14.384611 -2.687362
1769100973.216963 7.337368 -14.386477 -2.691159
1769100973.271968 7.333586 -14.388306 -2.696221
1769100973.316943 7.327875 -14.391032 -2.701283
1769100973.361985 7.324075 -14.392823 -2.705080
1769100973.426981 7.320221 -14.394621 -2.708243
1769100973.467013 7.314455 -14.397288 -2.712356
1769100973.511961 7.310589 -14.399058 -2.715520
1769100973.571959 7.306671 -14.400836 -2.718684
1769100973.616974 7.300785 -14.403485 -2.725328
1769100973.666960 7.296850 -14.405225 -2.730390
1769100973.846970 7.292859 -14.406965 -2.734187
1769100973.867011 7.286840 -14.409563 -2.742729
1769100973.891964 7.282899 -14.411224 -2.748741
1769100973.912032 7.278807 -14.412920 -2.754119
1769100973.932003 7.272761 -14.415387 -2.762978
1769100974.081948 7.268810 -14.416959 -2.768040
1769100974.101975 7.264756 -14.418547 -2.772469
1769100974.122051 7.258831 -14.420840 -2.778481
1769100974.161990 7.254833 -14.422359 -2.781961
1769100974.182022 7.250829 -14.423864 -2.785441
1769100974.282038 7.244898 -14.426071 -2.790503
1769100974.302030 7.240810 -14.427568 -2.793034
1769100974.331982 7.236885 -14.428994 -2.797147
1769100974.406976 7.231120 -14.431063 -2.801577
1769100974.442032 7.227063 -14.432498 -2.805373
1769100974.471946 7.223097 -14.433884 -2.809170
1769100974.536977 7.217355 -14.435866 -2.815497
1769100974.561963 7.213327 -14.437228 -2.819927
1769100974.616969 7.209293 -14.438573 -2.824989
1769100974.662024 7.203496 -14.440472 -2.831000
1769100974.731984 7.199375 -14.441794 -2.835746
1769100974.791984 7.193462 -14.443662 -2.842390
1769100974.816988 7.189592 -14.444855 -2.847452
1769100974.867065 7.185329 -14.446147 -2.851882
1769100974.916986 7.179071 -14.448012 -2.859475
1769100974.962058 7.174792 -14.449252 -2.864537
1769100975.021978 7.170580 -14.450450 -2.868650
1769100975.066985 7.164414 -14.452176 -2.875294
1769100975.116967 7.160165 -14.453335 -2.879091
1769100975.172034 7.156156 -14.454412 -2.882887
1769100975.216979 7.150063 -14.456025 -2.888266
1769100975.261979 7.146020 -14.457071 -2.891746
1769100975.321991 7.142047 -14.458085 -2.894910
1769100975.361970 7.136181 -14.459562 -2.900921
1769100975.421998 7.132273 -14.460522 -2.902503
1769100975.466974 7.126273 -14.461984 -2.906300
1769100975.516993 7.122088 -14.462987 -2.908198
1769100975.566992 7.118075 -14.463942 -2.909147
1769100975.616993 7.111696 -14.465452 -2.910729
1769100975.661980 7.107482 -14.466442 -2.910413
1769100975.721975 7.103220 -14.467445 -2.911362
1769100975.762023 7.096862 -14.468935 -2.911994
1769100975.812043 7.092623 -14.469926 -2.912627
1769100975.867029 7.088457 -14.470897 -2.914209
1769100975.912041 7.082268 -14.472329 -2.914526
1769100975.962028 7.078100 -14.473292 -2.914842
1769100976.022029 7.073957 -14.474248 -2.915475
1769100976.067000 7.067691 -14.475690 -2.916107
1769100976.112062 7.063547 -14.476640 -2.916107
1769100976.167032 7.059402 -14.477591 -2.916107
1769100976.217012 7.053111 -14.479034 -2.914526
1769100976.262049 7.048993 -14.479986 -2.912944
1769100976.322033 7.044851 -14.480949 -2.912311
1769100976.362051 7.038714 -14.482382 -2.910729
1769100976.417084 7.034599 -14.483349 -2.909780
1769100976.471991 7.030485 -14.484320 -2.909463
1769100976.512002 7.024352 -14.485770 -2.908514
1769100976.562010 7.020240 -14.486746 -2.908198
1769100976.621997 7.016127 -14.487724 -2.908514
1769100976.666994 7.009872 -14.489209 -2.909147
1769100976.716996 7.005660 -14.490206 -2.910096
1769100976.772019 7.001472 -14.491193 -2.911362
1769100976.817021 6.995115 -14.492683 -2.912627
1769100976.867015 6.990825 -14.493683 -2.913260
1769100976.922000 6.986536 -14.494680 -2.913260
1769100976.961994 6.980175 -14.496158 -2.913893
1769100977.017003 6.975885 -14.497152 -2.914526
1769100977.076996 6.971742 -14.498109 -2.915158
1769100977.117012 6.965477 -14.499552 -2.914526
1769100977.161992 6.961358 -14.500504 -2.914842
1769100977.222022 6.957314 -14.501437 -2.913576
1769100977.267015 6.951224 -14.502850 -2.912627
1769100977.317006 6.947083 -14.503815 -2.911994
1769100977.372070 6.942967 -14.504777 -2.911678
1769100977.417004 6.936732 -14.506237 -2.911362
1769100977.467007 6.932665 -14.507190 -2.910413
1769100977.511993 6.928329 -14.508211 -2.909780
1769100977.567124 6.924142 -14.509199 -2.909147
1769100977.616998 6.917836 -14.510692 -2.909147
1769100977.662017 6.913649 -14.511683 -2.910413
1769100977.722016 6.909412 -14.512680 -2.910413
1769100977.767075 6.903129 -14.514159 -2.910729
1769100977.817015 6.898940 -14.515144 -2.911362
1769100977.867040 6.894850 -14.516103 -2.911362
1769100977.917055 6.888541 -14.517581 -2.912627
1769100977.967056 6.884375 -14.518552 -2.914209
1769100978.022052 6.880060 -14.519551 -2.915791
1769100978.067126 6.873671 -14.521018 -2.916107
1769100978.117016 6.869600 -14.521952 -2.917057
1769100978.167024 6.865208 -14.522955 -2.916424
1769100978.217019 6.858941 -14.524391 -2.915791
1769100978.262041 6.854871 -14.525326 -2.914842
1769100978.322053 6.850629 -14.526304 -2.913576
1769100978.367019 6.844515 -14.527723 -2.912944
1769100978.412019 6.840422 -14.528675 -2.911045
1769100978.472082 6.836381 -14.529624 -2.910413
1769100978.512041 6.830542 -14.530998 -2.909463
1769100978.572034 6.826724 -14.531901 -2.909147
1769100978.612046 6.820542 -14.533364 -2.908831
1769100978.662034 6.816602 -14.534299 -2.908831
1769100978.722017 6.812341 -14.535309 -2.909780
1769100978.772046 6.806035 -14.536797 -2.910413
1769100978.812018 6.801748 -14.537806 -2.911045
1769100978.872042 6.797436 -14.538818 -2.910729
1769100978.917042 6.791103 -14.540307 -2.911678
1769100978.967017 6.786840 -14.541305 -2.912627
1769100979.022015 6.782625 -14.542287 -2.912944
1769100979.072063 6.776338 -14.543750 -2.913893
1769100979.117049 6.772171 -14.544716 -2.914842
1769100979.172069 6.768151 -14.545643 -2.914526
1769100979.217039 6.761937 -14.547079 -2.914526
1769100979.267045 6.757818 -14.548031 -2.914842
1769100979.322037 6.753650 -14.548992 -2.913893
1769100979.367025 6.747363 -14.550449 -2.912944
1769100979.417026 6.743246 -14.551407 -2.911994
1769100979.472052 6.739031 -14.552392 -2.911678
1769100979.517059 6.732722 -14.553869 -2.911045
1769100979.562049 6.728681 -14.554817 -2.909147
1769100979.622054 6.724667 -14.555768 -2.909463
1769100979.662047 6.718706 -14.557177 -2.908831
1769100979.727033 6.714543 -14.558164 -2.909147
1769100979.767106 6.708558 -14.559580 -2.910096
1769100979.817062 6.704543 -14.560527 -2.909780
1769100979.872083 6.700527 -14.561475 -2.910729
1769100979.917063 6.694269 -14.562946 -2.912627
1769100979.967092 6.690054 -14.563928 -2.913576
1769100980.022091 6.685961 -14.564878 -2.915475
1769100980.067098 6.679548 -14.566353 -2.916740
1769100980.112056 6.675279 -14.567330 -2.917057
1769100980.167061 6.671134 -14.568276 -2.916424
1769100980.217062 6.664917 -14.569701 -2.916424
1769100980.262058 6.660722 -14.570661 -2.915791
1769100980.322066 6.656578 -14.571613 -2.915158
1769100980.367065 6.650437 -14.573028 -2.914209
1769100980.417058 6.646343 -14.573975 -2.912944
1769100980.472089 6.642399 -14.574893 -2.912944
1769100980.517064 6.636261 -14.576322 -2.911362
1769100980.562064 6.632244 -14.577263 -2.911045
1769100980.622063 6.628104 -14.578235 -2.910413
1769100980.667064 6.621797 -14.579720 -2.910413
1769100980.717052 6.617633 -14.580700 -2.910096
1769100980.772133 6.613396 -14.581698 -2.910096
1769100980.817051 6.606991 -14.583208 -2.910096
1769100980.867112 6.602803 -14.584195 -2.910096
1769100980.922053 6.598541 -14.585200 -2.910413
1769100980.967050 6.592234 -14.586685 -2.911678
1769100981.017084 6.588044 -14.587665 -2.912311
1769100981.072053 6.583928 -14.588626 -2.913260
1769100981.117071 6.577715 -14.590070 -2.914526
1769100981.167059 6.573498 -14.591044 -2.915475
1769100981.227050 6.569329 -14.592003 -2.915791
1769100981.262139 6.563039 -14.593448 -2.916107
1769100981.317068 6.558820 -14.594416 -2.916424
1769100981.377131 6.554651 -14.595371 -2.915475
1769100981.417067 6.548361 -14.596818 -2.914526
1769100981.467072 6.544095 -14.597804 -2.912944
1769100981.527086 6.540002 -14.598756 -2.911678
1769100981.567076 6.533743 -14.600221 -2.910413
1769100981.612070 6.529653 -14.601184 -2.910413
1769100981.672064 6.525563 -14.602146 -2.909780
1769100981.717080 6.519429 -14.603594 -2.909463
1769100981.767087 6.515390 -14.604549 -2.909463
1769100981.827066 6.511178 -14.605545 -2.909780
1769100981.867100 6.504921 -14.607022 -2.911045
1769100981.917112 6.500732 -14.608005 -2.911678
1769100981.977152 6.496468 -14.609003 -2.912627
1769100982.017129 6.490010 -14.610508 -2.913260
1769100982.067158 6.485720 -14.611505 -2.914526
1769100982.117100 6.481380 -14.612508 -2.915158
1769100982.172091 6.477187 -14.613474 -2.915791
1769100982.217076 6.470798 -14.614942 -2.916107
1769100982.272316 6.466851 -14.615847 -2.916107
1769100982.317147 6.460683 -14.617262 -2.915475
1769100982.362092 6.456638 -14.618192 -2.914842
1769100982.422073 6.452889 -14.619057 -2.914842
1769100982.467167 6.446723 -14.620480 -2.912944
1769100982.512153 6.442557 -14.621449 -2.912627
1769100982.567077 6.438465 -14.622403 -2.911994
1769100982.617085 6.432501 -14.623797 -2.911362
1769100982.672092 6.428410 -14.624756 -2.910729
1769100982.722146 6.424221 -14.625740 -2.910096
1769100982.762094 6.417841 -14.627245 -2.909147
1769100982.812088 6.413777 -14.628207 -2.907565
1769100982.867101 6.409542 -14.629216 -2.908831
1769100982.917090 6.403311 -14.630693 -2.908514
1769100982.967155 6.399149 -14.631681 -2.909463
1769100983.017087 6.395036 -14.632654 -2.909780
1769100983.067178 6.389099 -14.634055 -2.911362
1769100983.122120 6.385132 -14.634985 -2.912311
1769100983.162106 6.378846 -14.636452 -2.913893
1769100983.212105 6.374827 -14.637383 -2.914209
1769100983.272110 6.370561 -14.638370 -2.915158
1769100983.317099 6.364494 -14.639768 -2.915158
1769100983.372169 6.360276 -14.640740 -2.915475
1769100983.417112 6.354159 -14.642147 -2.914209
1769100983.467128 6.350016 -14.643106 -2.913576
1769100983.522085 6.345898 -14.644061 -2.912627
1769100983.562161 6.339884 -14.645463 -2.911362
1769100983.612128 6.335892 -14.646399 -2.910729
1769100983.667107 6.331974 -14.647319 -2.909780
1769100983.717179 6.325988 -14.648732 -2.909463
1769100983.777092 6.321998 -14.649676 -2.908831
1769100983.817097 6.315791 -14.651147 -2.910096
1769100983.867158 6.311702 -14.652111 -2.909463
1769100983.922160 6.307687 -14.653060 -2.911045
1769100983.967149 6.301280 -14.654564 -2.910413
1769100984.012117 6.296993 -14.655573 -2.911045
1769100984.072115 6.292706 -14.656579 -2.911678
1769100984.112128 6.286372 -14.658062 -2.912627
1769100984.167104 6.282058 -14.659067 -2.914209
1769100984.227141 6.277891 -14.660031 -2.914526
1769100984.262120 6.271578 -14.661490 -2.915158
1769100984.317178 6.267410 -14.662450 -2.914842
1769100984.372130 6.263389 -14.663378 -2.915791
1769100984.412129 6.257173 -14.664806 -2.915158
1769100984.467128 6.253005 -14.665766 -2.915475
1769100984.527103 6.248910 -14.666708 -2.914842
1769100984.567118 6.242596 -14.668165 -2.913576
1769100984.612108 6.238504 -14.669115 -2.913576
1769100984.672105 6.234288 -14.670093 -2.911994
1769100984.717133 6.228126 -14.671533 -2.910729
1769100984.767193 6.223962 -14.672512 -2.909780
1769100984.827145 6.219823 -14.673489 -2.909147
1769100984.867153 6.213666 -14.674946 -2.908514
1769100984.917124 6.209479 -14.675940 -2.908514
1769100984.967112 6.205293 -14.676934 -2.908514
1769100985.017114 6.201279 -14.677887 -2.908831
1769100985.067108 6.194999 -14.679376 -2.910413
1769100985.117116 6.190737 -14.680379 -2.911994
1769100985.172125 6.186547 -14.681358 -2.912627
1769100985.212114 6.180138 -14.682852 -2.913893
1769100985.267144 6.175847 -14.683846 -2.914526
1769100985.322166 6.171581 -14.684832 -2.914842
1769100985.362133 6.165218 -14.686300 -2.915475
1769100985.412139 6.161049 -14.687259 -2.915791
1769100985.472139 6.156856 -14.688222 -2.915158
1769100985.512130 6.150640 -14.689654 -2.913893
1769100985.567114 6.146522 -14.690608 -2.913576
1769100985.617144 6.142479 -14.691547 -2.912944
1769100985.667147 6.136414 -14.692958 -2.911678
1769100985.717168 6.132274 -14.693927 -2.910413
1769100985.767162 6.128110 -14.694907 -2.911362
1769100985.812144 6.121925 -14.696357 -2.910413
1769100985.867144 6.117761 -14.697337 -2.910729
1769100985.922140 6.113548 -14.698327 -2.910413
1769100985.967145 6.107167 -14.699829 -2.910096
1769100986.012156 6.103176 -14.700770 -2.910096
1769100986.072154 6.098939 -14.701769 -2.910096
1769100986.117130 6.092607 -14.703261 -2.911678
1769100986.162146 6.088393 -14.704248 -2.911994
1769100986.222213 6.084253 -14.705215 -2.912627
1769100986.267131 6.078016 -14.706669 -2.914209
1769100986.327138 6.073849 -14.707633 -2.915158
1769100986.367130 6.067806 -14.709025 -2.916107
1769100986.412144 6.063612 -14.709987 -2.916740
1769100986.477152 6.059393 -14.710952 -2.917689
1769100986.517157 6.053149 -14.712374 -2.916740
1769100986.562153 6.048955 -14.713333 -2.916107
1769100986.622196 6.044711 -14.714307 -2.914842
1769100986.667243 6.038718 -14.715690 -2.912627
1769100986.717151 6.034626 -14.716643 -2.912627
1769100986.772171 6.030756 -14.717545 -2.911045
1769100986.812158 6.024695 -14.718968 -2.910413
1769100986.867162 6.020851 -14.719873 -2.909780
1769100986.917155 6.016787 -14.720832 -2.908831
1769100986.967147 6.010851 -14.722239 -2.908514
1769100987.017189 6.006739 -14.723215 -2.908831
1769100987.067140 6.000631 -14.724663 -2.910729
1769100987.117142 5.996467 -14.725642 -2.910413
1769100987.172144 5.992426 -14.726593 -2.911045
1769100987.217177 5.986094 -14.728080 -2.912627
1769100987.272162 5.981977 -14.729039 -2.912944
1769100987.317224 5.975617 -14.730519 -2.913576
1769100987.367165 5.971623 -14.731446 -2.914209
1769100987.417217 5.967406 -14.732422 -2.915158
1769100987.467148 5.961388 -14.733808 -2.915791
1769100987.517181 5.957293 -14.734749 -2.915158
1769100987.567158 5.953248 -14.735681 -2.914526
1769100987.612162 5.947280 -14.737060 -2.913893
1769100987.672168 5.943113 -14.738025 -2.912944
1769100987.722313 5.936974 -14.739454 -2.913260
1769100987.767302 5.932783 -14.740428 -2.912627
1769100987.812154 5.928617 -14.741399 -2.911678
1769100987.872180 5.924428 -14.742379 -2.911678
1769100987.917155 5.918119 -14.743856 -2.910413
1769100987.967163 5.913955 -14.744836 -2.908831
1769100988.017155 5.909793 -14.745823 -2.909147
1769100988.067219 5.903512 -14.747309 -2.910729
1769100988.117171 5.899324 -14.748294 -2.910729
1769100988.172180 5.895234 -14.749255 -2.910096
1769100988.217182 5.889001 -14.750725 -2.911678
1769100988.267158 5.884811 -14.751705 -2.912311
1769100988.322206 5.880596 -14.752689 -2.913893
1769100988.362182 5.874235 -14.754163 -2.915791
1769100988.417173 5.869918 -14.755155 -2.917373
1769100988.472184 5.865698 -14.756117 -2.917057
1769100988.512182 5.859332 -14.757571 -2.917057
1769100988.562186 5.854989 -14.758563 -2.916424
1769100988.617187 5.850869 -14.759506 -2.915475
1769100988.667194 5.844653 -14.760936 -2.914842
1769100988.717236 5.840534 -14.761887 -2.913893
1769100988.772179 5.836441 -14.762835 -2.913260
1769100988.812181 5.830376 -14.764245 -2.911362
1769100988.867291 5.826409 -14.765174 -2.910413
1769100988.922180 5.822294 -14.766143 -2.910096
1769100988.962169 5.816160 -14.767589 -2.909780
1769100989.012174 5.811997 -14.768572 -2.910096
1769100989.072242 5.807784 -14.769565 -2.909147
1769100989.112195 5.801356 -14.771086 -2.909463
1769100989.167198 5.797193 -14.772070 -2.909780
1769100989.222196 5.792882 -14.773088 -2.910729
1769100989.267190 5.786550 -14.774577 -2.911678
1769100989.317181 5.782336 -14.775563 -2.911994
1769100989.377195 5.778146 -14.776542 -2.912627
1769100989.417183 5.771909 -14.777996 -2.914209
1769100989.467183 5.767668 -14.778977 -2.914209
1769100989.527196 5.763574 -14.779924 -2.914842
1769100989.567177 5.757335 -14.781364 -2.915158
1769100989.612249 5.753166 -14.782324 -2.915475
1769100989.672198 5.748998 -14.783283 -2.915791
1769100989.717211 5.743003 -14.784660 -2.914842
1769100989.767226 5.738761 -14.785639 -2.913576
1769100989.822202 5.734619 -14.786600 -2.912311
1769100989.867213 5.728309 -14.788073 -2.911045
1769100989.922206 5.724244 -14.789027 -2.910729
1769100989.972250 5.720129 -14.789994 -2.909780
1769100990.017219 5.713921 -14.791459 -2.909147
1769100990.067248 5.709857 -14.792422 -2.908831
1769100990.122216 5.705720 -14.793402 -2.909463
1769100990.167208 5.699759 -14.794811 -2.910096
1769100990.212193 5.695694 -14.795770 -2.909780
1769100990.267194 5.691432 -14.796776 -2.910729
1769100990.317273 5.685149 -14.798252 -2.912944
1769100990.377207 5.681082 -14.799199 -2.913893
1769100990.417214 5.674572 -14.800707 -2.915158
1769100990.467193 5.670379 -14.801673 -2.915791
1769100990.527198 5.666062 -14.802665 -2.916107
1769100990.567196 5.659771 -14.804108 -2.916424
1769100990.612207 5.655627 -14.805058 -2.915791
1769100990.667199 5.651433 -14.806021 -2.915791
1769100990.722219 5.647338 -14.806962 -2.915158
1769100990.767193 5.641271 -14.808359 -2.913260
1769100990.812226 5.637227 -14.809299 -2.912627
1769100990.867214 5.633209 -14.810235 -2.912944
1769100990.917202 5.627046 -14.811670 -2.911678
1769100990.967204 5.623029 -14.812610 -2.911362
1769100991.017194 5.618840 -14.813592 -2.910729
1769100991.067214 5.612508 -14.815080 -2.909780
1769100991.117213 5.608345 -14.816063 -2.909463
1769100991.172204 5.604157 -14.817053 -2.908831
1769100991.212214 5.597803 -14.818559 -2.908831
1769100991.267206 5.593641 -14.819546 -2.909147
1769100991.322204 5.589405 -14.820549 -2.909780
1769100991.372278 5.583222 -14.822008 -2.910729
1769100991.417224 5.579033 -14.822993 -2.911994
1769100991.472231 5.574917 -14.823955 -2.912311
1769100991.517280 5.568706 -14.825404 -2.913576
1769100991.562227 5.564391 -14.826406 -2.915158
1769100991.622215 5.560223 -14.827366 -2.915475
1769100991.662290 5.553982 -14.828802 -2.915791
1769100991.717294 5.549764 -14.829771 -2.915475
1769100991.767214 5.545546 -14.830741 -2.915158
1769100991.812245 5.539256 -14.832190 -2.912944
1769100991.867236 5.535164 -14.833142 -2.912311
1769100991.927229 5.531097 -14.834091 -2.911362
1769100991.962269 5.524838 -14.835559 -2.910096
1769100992.017258 5.520773 -14.836517 -2.910413
1769100992.072279 5.516782 -14.837456 -2.909147
1769100992.117234 5.510624 -14.838914 -2.909147
1769100992.162245 5.506585 -14.839870 -2.909147
1769100992.222223 5.502349 -14.840873 -2.910413
1769100992.267221 5.496042 -14.842358 -2.911678
1769100992.317232 5.491852 -14.843338 -2.911678
1769100992.372234 5.487514 -14.844353 -2.912944
1769100992.417231 5.481080 -14.845851 -2.913260
1769100992.467332 5.476815 -14.846842 -2.914209
1769100992.522231 5.472426 -14.847857 -2.914209
1769100992.562237 5.466138 -14.849312 -2.915791
1769100992.617241 5.461994 -14.850264 -2.915791
1769100992.672228 5.457874 -14.851211 -2.916107
1769100992.717259 5.451682 -14.852631 -2.915158
1769100992.767230 5.447538 -14.853586 -2.914526
1769100992.822249 5.443568 -14.854503 -2.914842
1769100992.867225 5.437303 -14.855948 -2.913576
1769100992.917263 5.433186 -14.856904 -2.913893
1769100992.972252 5.429068 -14.857858 -2.912944
1769100993.017259 5.422807 -14.859315 -2.911045
1769100993.067229 5.418642 -14.860293 -2.910096
1769100993.127229 5.414454 -14.861280 -2.909463
1769100993.167225 5.408198 -14.862759 -2.909463
1769100993.217246 5.404060 -14.863737 -2.908198
1769100993.272264 5.399824 -14.864744 -2.908831
1769100993.317252 5.393692 -14.866198 -2.909147
1769100993.362265 5.389554 -14.867177 -2.909780
1769100993.417227 5.385637 -14.868102 -2.910096
1769100993.467244 5.379232 -14.869612 -2.911994
1769100993.517256 5.374820 -14.870643 -2.912944
1769100993.572257 5.370235 -14.871710 -2.914209
1769100993.617275 5.363281 -14.873319 -2.914842
1769100993.662262 5.358546 -14.874411 -2.914842
1769100993.722281 5.353983 -14.875464 -2.915791
1769100993.767241 5.347298 -14.877000 -2.914842
1769100993.812251 5.342711 -14.878058 -2.913576
1769100993.867265 5.338150 -14.879117 -2.913260
1769100993.917288 5.331715 -14.880612 -2.911678
1769100993.977275 5.327304 -14.881644 -2.910729
1769100994.017298 5.320823 -14.883168 -2.909780
1769100994.067261 5.316414 -14.884209 -2.909463
1769100994.127242 5.311832 -14.885292 -2.910096
1769100994.167265 5.305008 -14.886900 -2.909780
1769100994.212265 5.300328 -14.888005 -2.909780
1769100994.262321 5.295648 -14.889110 -2.909780
1769100994.317268 5.291041 -14.890197 -2.910096
1769100994.362273 5.284020 -14.891852 -2.911045
1769100994.422255 5.279461 -14.892922 -2.911994
1769100994.467252 5.272684 -14.894506 -2.913576
1769100994.512257 5.268196 -14.895548 -2.914209
1769100994.572269 5.263659 -14.896597 -2.914842
1769100994.617278 5.256729 -14.898196 -2.915158
1769100994.667249 5.252215 -14.899236 -2.916107
1769100994.727254 5.247627 -14.900289 -2.916107
1769100994.767256 5.240842 -14.901845 -2.915791
1769100994.812265 5.236155 -14.902922 -2.914526
1769100994.872282 5.231618 -14.903970 -2.913260
1769100994.917280 5.224863 -14.905540 -2.911362
1769100994.967267 5.220353 -14.906597 -2.910413
1769100995.022284 5.215844 -14.907658 -2.909463
1769100995.067275 5.209120 -14.909248 -2.909147
1769100995.117267 5.204686 -14.910297 -2.908514
1769100995.162336 5.200180 -14.911367 -2.908198
1769100995.217272 5.195600 -14.912456 -2.908198
1769100995.262327 5.188803 -14.914072 -2.909463
1769100995.312287 5.184099 -14.915184 -2.911045
1769100995.367269 5.179515 -14.916260 -2.912311
1769100995.412281 5.172786 -14.917830 -2.912627
1769100995.472265 5.168054 -14.918933 -2.913260
1769100995.517272 5.161348 -14.920491 -2.913893
1769100995.562284 5.156663 -14.921577 -2.914526
1769100995.627268 5.152150 -14.922620 -2.914842
1769100995.662286 5.145343 -14.924190 -2.914209
1769100995.717287 5.140880 -14.925223 -2.913893
1769100995.772338 5.136392 -14.926263 -2.913260
1769100995.817359 5.129662 -14.927827 -2.911678
1769100995.867383 5.125152 -14.928882 -2.911362
1769100995.922372 5.120593 -14.929951 -2.911045
1769100995.967294 5.113866 -14.931530 -2.910729
1769100996.012315 5.109160 -14.932636 -2.910413
1769100996.072299 5.104528 -14.933726 -2.909780
1769100996.117361 5.097680 -14.935343 -2.909147
1769100996.167274 5.093049 -14.936439 -2.909780
1769100996.227280 5.088467 -14.937521 -2.909147
1769100996.267277 5.081546 -14.939159 -2.910729
1769100996.317343 5.077037 -14.940219 -2.911678
1769100996.377293 5.072503 -14.941280 -2.912944
1769100996.417300 5.065600 -14.942887 -2.914209
1769100996.467295 5.060841 -14.943988 -2.915791
1769100996.527279 5.055833 -14.945138 -2.916107
1769100996.567288 5.048408 -14.946841 -2.916424
1769100996.617379 5.043375 -14.947994 -2.915791
1769100996.662309 5.038441 -14.949128 -2.915158
1769100996.717300 5.033360 -14.950298 -2.913893
1769100996.767288 5.025963 -14.952012 -2.911994
1769100996.812295 5.021083 -14.953153 -2.910729
1769100996.867286 5.016278 -14.954282 -2.910413
1769100996.917311 5.008986 -14.955999 -2.908514
1769100996.967292 5.004011 -14.957180 -2.907881
1769100997.017296 4.999111 -14.958346 -2.908831
1769100997.067289 4.991427 -14.960168 -2.908831
1769100997.122288 4.986403 -14.961359 -2.910096
1769100997.167289 4.978963 -14.963113 -2.910096
1769100997.217308 4.974011 -14.964280 -2.911678
1769100997.277308 4.968885 -14.965480 -2.912311
1769100997.317292 4.961269 -14.967257 -2.913260
1769100997.362315 4.956585 -14.968346 -2.914526
1769100997.422306 4.951653 -14.969485 -2.915158
1769100997.467308 4.944253 -14.971190 -2.915158
1769100997.512306 4.939271 -14.972338 -2.914526
1769100997.572303 4.934289 -14.973489 -2.914526
1769100997.617318 4.926842 -14.975210 -2.913260
1769100997.662306 4.921812 -14.976378 -2.911994
1769100997.727350 4.916711 -14.977571 -2.911045
1769100997.762401 4.909318 -14.979306 -2.908514
1769100997.817340 4.904295 -14.980498 -2.908514
1769100997.872392 4.899345 -14.981673 -2.908198
1769100997.917342 4.891859 -14.983453 -2.909463
1769100997.967330 4.887006 -14.984600 -2.909147
1769100998.027341 4.881957 -14.985795 -2.910729
1769100998.067329 4.874418 -14.987568 -2.912627
1769100998.117314 4.869315 -14.988757 -2.914209
1769100998.162341 4.864161 -14.989949 -2.915158
1769100998.217328 4.859031 -14.991131 -2.916424
1769100998.267312 4.851334 -14.992894 -2.916424
1769100998.317314 4.846300 -14.994047 -2.916424
1769100998.372328 4.841243 -14.995206 -2.915475
1769100998.417344 4.833892 -14.996897 -2.914209
1769100998.467309 4.828911 -14.998049 -2.912944
1769100998.522340 4.824252 -14.999134 -2.912627
1769100998.562326 4.816857 -15.000857 -2.910729
1769100998.617352 4.812003 -15.001998 -2.911045
1769100998.667378 4.807050 -15.003160 -2.910096
1769100998.717323 4.799536 -15.004932 -2.909147
1769100998.772336 4.794709 -15.006074 -2.909780
1769100998.817355 4.787393 -15.007801 -2.910096
1769100998.867326 4.782293 -15.009004 -2.912311
1769100998.922338 4.777166 -15.010200 -2.914209
1769100998.967352 4.769719 -15.011923 -2.919904
1769100999.017384 4.764657 -15.013064 -2.924650
1769100999.077335 4.759763 -15.014143 -2.930345
1769100999.117330 4.752166 -15.015772 -2.938254
1769100999.167323 4.747133 -15.016810 -2.943000
1769100999.227326 4.742072 -15.017828 -2.946797
1769100999.262394 4.734523 -15.019318 -2.954390
1769100999.317336 4.729400 -15.020288 -2.955655
1769100999.377359 4.724450 -15.021219 -2.958503
1769100999.417340 4.716809 -15.022634 -2.963249
1769100999.467324 4.711827 -15.023532 -2.966412
1769100999.527322 4.706917 -15.024401 -2.969260
1769100999.567327 4.699437 -15.025703 -2.975588
1769100999.617329 4.694344 -15.026556 -2.980650
1769100999.662345 4.689348 -15.027368 -2.985079
1769100999.722356 4.684172 -15.028184 -2.991723
1769100999.762356 4.676489 -15.029344 -3.000266
1769100999.812371 4.671202 -15.030097 -3.006910
1769100999.867347 4.666035 -15.030797 -3.011339
1769100999.917367 4.658155 -15.031829 -3.018932
1769100999.967464 4.653106 -15.032452 -3.022412
1769101000.022385 4.648029 -15.033059 -3.025576
1769101000.062354 4.640487 -15.033938 -3.029373
1769101000.117343 4.635482 -15.034502 -3.032853
1769101000.172337 4.630424 -15.035055 -3.036966
1769101000.217329 4.622973 -15.035837 -3.042661
1769101000.262337 4.617911 -15.036339 -3.046141
1769101000.322351 4.612846 -15.036824 -3.050254
1769101000.362357 4.605260 -15.037519 -3.056898
1769101000.417430 4.600064 -15.037960 -3.061960
1769101000.467361 4.594968 -15.038367 -3.065124
1769101000.517347 4.587044 -15.038974 -3.070819
1769101000.567354 4.581994 -15.039332 -3.075248
1769101000.622364 4.576817 -15.039676 -3.079361
1769101000.662381 4.568960 -15.040166 -3.087271
1769101000.717361 4.563754 -15.040449 -3.093599
1769101000.772367 4.558571 -15.040698 -3.098977
1769101000.817376 4.550934 -15.041023 -3.106570
1769101000.862369 4.545901 -15.041200 -3.109418
1769101000.922367 4.540867 -15.041362 -3.111633
1769101000.967347 4.533302 -15.041588 -3.111949
1769101001.017358 4.528192 -15.041740 -3.111316
1769101001.072373 4.523081 -15.041895 -3.109418
1769101001.112391 4.515441 -15.042141 -3.107520
1769101001.162352 4.510205 -15.042319 -3.106570
1769101001.222366 4.505146 -15.042496 -3.105938
1769101001.262353 4.497305 -15.042776 -3.107203
1769101001.317361 4.492524 -15.042941 -3.108152
1769101001.372372 4.487313 -15.043115 -3.110683
1769101001.417354 4.479521 -15.043356 -3.111949
1769101001.462389 4.474309 -15.043510 -3.113847
1769101001.522379 4.469173 -15.043653 -3.114164
1769101001.562431 4.461355 -15.043867 -3.114480
1769101001.617425 4.456244 -15.044006 -3.113847
1769101001.672381 4.451083 -15.044149 -3.113214
1769101001.717389 4.443366 -15.044368 -3.112265
1769101001.767395 4.438306 -15.044517 -3.112265
1769101001.822415 4.433221 -15.044666 -3.111316
1769101001.862389 4.425707 -15.044893 -3.111633
1769101001.917407 4.420622 -15.045046 -3.110051
1769101001.977393 4.415587 -15.045205 -3.110367
1769101002.017390 4.407998 -15.045442 -3.109101
1769101002.062423 4.402862 -15.045609 -3.108152
1769101002.127355 4.397753 -15.045780 -3.108152
1769101002.167376 4.389987 -15.046039 -3.106570
1769101002.217384 4.384826 -15.046220 -3.106570
1769101002.272389 4.379514 -15.046406 -3.107836
1769101002.317384 4.371748 -15.046669 -3.108785
1769101002.367376 4.366512 -15.046840 -3.110367
1769101002.417430 4.361376 -15.047001 -3.112582
1769101002.467378 4.356165 -15.047152 -3.113214
1769101002.517402 4.348524 -15.047369 -3.114480
1769101002.562393 4.343388 -15.047508 -3.114796
1769101002.622397 4.338378 -15.047643 -3.114796
1769101002.662373 4.330737 -15.047847 -3.111633
1769101002.717386 4.325677 -15.047999 -3.109734
1769101002.772375 4.320617 -15.048160 -3.109101
1769101002.812396 4.312927 -15.048410 -3.107836
1769101002.872451 4.307817 -15.048583 -3.107203
1769101002.917374 4.300456 -15.048836 -3.108152
1769101002.967382 4.295574 -15.048999 -3.109101
1769101003.027393 4.290438 -15.049166 -3.109418
1769101003.062410 4.282723 -15.049415 -3.111000
1769101003.117400 4.277461 -15.049576 -3.111633
1769101003.172410 4.272325 -15.049730 -3.111316
1769101003.217400 4.264482 -15.049967 -3.111949
1769101003.262454 4.259245 -15.050122 -3.112898
1769101003.327412 4.254084 -15.050270 -3.112265
1769101003.367383 4.246241 -15.050501 -3.112898
1769101003.412417 4.241181 -15.050646 -3.113531
1769101003.472459 4.236070 -15.050789 -3.114164
1769101003.517454 4.228480 -15.050997 -3.114164
1769101003.562406 4.223394 -15.051137 -3.113214
1769101003.627389 4.218435 -15.051278 -3.113214
1769101003.667402 4.210820 -15.051494 -3.111000
1769101003.717409 4.205836 -15.051646 -3.108785
1769101003.772508 4.200726 -15.051814 -3.106254
1769101003.817396 4.193036 -15.052086 -3.104988
1769101003.862438 4.187801 -15.052278 -3.105938
1769101003.917489 4.182590 -15.052464 -3.106570
1769101003.972412 4.177404 -15.052645 -3.107520
1769101004.017471 4.169588 -15.052912 -3.110367
1769101004.062412 4.164478 -15.053071 -3.111633
1769101004.122401 4.159317 -15.053226 -3.112265
1769101004.162421 4.151524 -15.053455 -3.114164
1769101004.217409 4.146312 -15.053598 -3.114796
1769101004.267408 4.141227 -15.053734 -3.113847
1769101004.317399 4.133560 -15.053947 -3.112265
1769101004.367414 4.128424 -15.054097 -3.110683
1769101004.422398 4.123339 -15.054255 -3.110367
1769101004.462400 4.115750 -15.054492 -3.109734
1769101004.527425 4.111019 -15.054642 -3.109418
1769101004.567415 4.103683 -15.054879 -3.109418
1769101004.617422 4.098522 -15.055045 -3.109418
1769101004.672404 4.093412 -15.055209 -3.109418
1769101004.717470 4.085671 -15.055458 -3.110051
1769101004.767402 4.080789 -15.055612 -3.109734
1769101004.822431 4.075653 -15.055776 -3.109418
1769101004.862432 4.067811 -15.056028 -3.109418
1769101004.917445 4.062625 -15.056195 -3.109734
1769101004.972401 4.057616 -15.056355 -3.110367
1769101005.017414 4.049824 -15.056598 -3.112898
1769101005.062412 4.044612 -15.056748 -3.114164
1769101005.122414 4.039501 -15.056888 -3.114796
1769101005.167410 4.031860 -15.057093 -3.115429
1769101005.217411 4.026800 -15.057225 -3.115429
1769101005.267431 4.021790 -15.057356 -3.114796
1769101005.317415 4.014124 -15.057562 -3.111949
1769101005.367424 4.009140 -15.057710 -3.110367
1769101005.422482 4.004004 -15.057870 -3.107520
1769101005.462425 3.996466 -15.058127 -3.106254
1769101005.517437 3.991230 -15.058312 -3.104672
1769101005.572438 3.986146 -15.058500 -3.105621
1769101005.617457 3.978355 -15.058780 -3.107520
1769101005.662427 3.973321 -15.058952 -3.109101
1769101005.722451 3.968489 -15.059109 -3.110051
1769101005.767470 3.960698 -15.059355 -3.111316
1769101005.812440 3.955486 -15.059513 -3.111949
1769101005.867447 3.950249 -15.059668 -3.112265
1769101005.917459 3.942482 -15.059896 -3.111316
1769101005.967443 3.937296 -15.060053 -3.111000
1769101006.022458 3.932135 -15.060211 -3.111633
1769101006.062451 3.924469 -15.060441 -3.111316
1769101006.117446 3.919384 -15.060595 -3.111633
1769101006.172441 3.914299 -15.060747 -3.111316
1769101006.217453 3.907088 -15.060965 -3.111633
1769101006.272425 3.902231 -15.061111 -3.111000
1769101006.317425 3.894970 -15.061333 -3.111316
1769101006.362443 3.889835 -15.061489 -3.109101
1769101006.422435 3.884649 -15.061657 -3.108152
1769101006.462442 3.876933 -15.061915 -3.106570
1769101006.512424 3.871773 -15.062096 -3.105938
1769101006.572445 3.866537 -15.062283 -3.107520
1769101006.617443 3.858645 -15.062552 -3.109418
1769101006.662435 3.853433 -15.062720 -3.111316
1769101006.722436 3.848475 -15.062870 -3.113847
1769101006.762432 3.840682 -15.063086 -3.115113
1769101006.817451 3.835520 -15.063223 -3.117011
1769101006.872437 3.830460 -15.063347 -3.117011
1769101006.917434 3.822818 -15.063535 -3.116378
1769101006.967439 3.817732 -15.063663 -3.114164
1769101007.022454 3.812647 -15.063803 -3.111316
1769101007.062469 3.805057 -15.064033 -3.110051
1769101007.117436 3.799998 -15.064192 -3.108152
1769101007.172448 3.794862 -15.064364 -3.108469
1769101007.217458 3.787299 -15.064615 -3.111316
1769101007.262510 3.782138 -15.064771 -3.113847
1769101007.327438 3.777052 -15.064912 -3.117960
1769101007.367445 3.769309 -15.065095 -3.124288
1769101007.417466 3.764147 -15.065185 -3.130616
1769101007.472471 3.758958 -15.065242 -3.134729
1769101007.517460 3.751112 -15.065295 -3.139791
1769101007.562463 3.745923 -15.065305 3.138649
1769101007.627464 3.740633 -15.065289 3.133270
1769101007.667511 3.732889 -15.065225 3.126310
1769101007.722481 3.727675 -15.065145 3.121881
1769101007.767483 3.722564 -15.065044 3.117451
1769101007.817467 3.717503 -15.064922 3.112389
1769101007.867465 3.709913 -15.064700 3.106694
1769101007.917475 3.704980 -15.064528 3.102581
1769101007.972500 3.699846 -15.064328 3.099101
1769101008.017517 3.692462 -15.064014 3.095304
1769101008.067470 3.687228 -15.063771 3.093090
1769101008.122484 3.682198 -15.063527 3.091508
1769101008.167457 3.674184 -15.063125 3.089926
1769101008.217464 3.669078 -15.062861 3.089293
1769101008.267458 3.663770 -15.062584 3.088028
1769101008.317472 3.655960 -15.062165 3.085180
1769101008.367471 3.650755 -15.061871 3.083915
1769101008.422535 3.645600 -15.061573 3.082016
1769101008.467477 3.637843 -15.061111 3.081067
1769101008.517532 3.632866 -15.060809 3.080751
1769101008.567478 3.627738 -15.060497 3.081700
1769101008.612470 3.620133 -15.060041 3.083282
1769101008.662477 3.614978 -15.059740 3.083915
1769101008.722484 3.609823 -15.059442 3.085180
1769101008.767458 3.602217 -15.059012 3.086762
1769101008.817475 3.597112 -15.058732 3.088028
1769101008.872483 3.592310 -15.058475 3.088660
1769101008.917481 3.584702 -15.058072 3.088344
1769101008.967536 3.579698 -15.057805 3.088344
1769101009.022465 3.574592 -15.057533 3.087078
1769101009.067546 3.566934 -15.057115 3.088028
1769101009.117492 3.561829 -15.056841 3.087395
1769101009.172484 3.556799 -15.056568 3.087711
1769101009.217470 3.548939 -15.056144 3.086762
1769101009.267485 3.543708 -15.055857 3.086446
1769101009.322489 3.538476 -15.055569 3.084864
1769101009.362491 3.530617 -15.055122 3.083915
1769101009.417488 3.525538 -15.054829 3.083598
1769101009.472501 3.520409 -15.054531 3.083282
1769101009.512474 3.512879 -15.054092 3.082649
1769101009.567493 3.507902 -15.053798 3.083598
1769101009.622499 3.502974 -15.053512 3.084547
1769101009.667477 3.495343 -15.053076 3.086446
1769101009.717474 3.490289 -15.052797 3.087711
1769101009.772499 3.485107 -15.052517 3.088028
1769101009.817508 3.477374 -15.052103 3.088660
1769101009.867498 3.472142 -15.051826 3.088977
1769101009.922517 3.466884 -15.051549 3.088977
1769101009.982522 3.459200 -15.051144 3.087078
1769101010.017529 3.453969 -15.050859 3.084864
1769101010.072551 3.448839 -15.050567 3.083915
1769101010.117502 3.441385 -15.050137 3.082965
1769101010.172506 3.436534 -15.049852 3.082333
1769101010.217499 3.428827 -15.049395 3.082016
1769101010.267505 3.423900 -15.049101 3.081700
1769101010.322519 3.418772 -15.048793 3.082649
1769101010.367558 3.411015 -15.048336 3.084231
1769101010.417517 3.405961 -15.048046 3.083598
1769101010.477515 3.400857 -15.047749 3.084864
1769101010.517520 3.393427 -15.047327 3.085496
1769101010.567494 3.388348 -15.047042 3.085813
1769101010.627496 3.383370 -15.046764 3.086129
1769101010.667488 3.375737 -15.046340 3.088028
1769101010.717507 3.370758 -15.046073 3.087711
1769101010.772498 3.365552 -15.045793 3.088344
1769101010.817499 3.357717 -15.045375 3.088344
1769101010.867526 3.352434 -15.045093 3.088028
1769101010.927510 3.347203 -15.044813 3.087078
1769101010.972574 3.339368 -15.044385 3.082649
1769101011.017514 3.334213 -15.044081 3.078220
1769101011.067495 3.329010 -15.043751 3.073790
1769101011.117513 3.323833 -15.043399 3.069677
1769101011.167514 3.316487 -15.042870 3.063033
1769101011.227523 3.311491 -15.042477 3.059237
1769101011.267503 3.303923 -15.041852 3.054807
1769101011.317536 3.298931 -15.041418 3.051011
1769101011.377609 3.293814 -15.040953 3.047530
1769101011.417530 3.286229 -15.040238 3.043417
1769101011.467519 3.281065 -15.039729 3.039304
1769101011.527515 3.275954 -15.039204 3.034559
1769101011.567514 3.268203 -15.038371 3.028231
1769101011.617527 3.263173 -15.037799 3.023169
1769101011.662499 3.258021 -15.037186 3.017790
1769101011.717519 3.252872 -15.036545 3.013045
1769101011.767533 3.245467 -15.035588 3.005135
1769101011.827533 3.240326 -15.034882 3.000389
1769101011.867553 3.232583 -15.033781 2.991847
1769101011.917563 3.227327 -15.032988 2.989316
1769101011.977563 3.222099 -15.032186 2.985836
1769101012.017542 3.214622 -15.031012 2.983621
1769101012.067509 3.209498 -15.030196 2.983305
1769101012.122539 3.204524 -15.029402 2.983621
1769101012.167535 3.197301 -15.028251 2.985203
1769101012.217544 3.192750 -15.027534 2.986468
1769101012.272528 3.187899 -15.026775 2.987734
1769101012.317544 3.180446 -15.025619 2.988367
1769101012.362506 3.175668 -15.024881 2.988050
1769101012.417520 3.170515 -15.024084 2.988683
1769101012.467524 3.162835 -15.022900 2.988367
1769101012.512622 3.157532 -15.022081 2.987101
1769101012.567527 3.152381 -15.021279 2.987101
1769101012.612528 3.144578 -15.020064 2.986468
1769101012.667541 3.139451 -15.019262 2.985519
1769101012.722574 3.134351 -15.018459 2.983621
1769101012.762536 3.126802 -15.017257 2.983621
1769101012.817548 3.121828 -15.016465 2.983305
1769101012.867522 3.116804 -15.015663 2.982988
1769101012.917557 3.109256 -15.014455 2.983621
1769101012.967544 3.104407 -15.013683 2.983621
1769101013.017549 3.099433 -15.012891 2.985836
1769101013.067539 3.091807 -15.011693 2.986785
1769101013.122548 3.086955 -15.010936 2.987418
1769101013.162547 3.079652 -15.009801 2.986785
1769101013.217541 3.074625 -15.009017 2.984570
1769101013.267539 3.069876 -15.008265 2.981406
1769101013.317532 3.062704 -15.007106 2.976028
1769101013.372533 3.057587 -15.006251 2.971282
1769101013.417551 3.050203 -15.004981 2.964322
1769101013.467558 3.045096 -15.004066 2.958943
1769101013.522546 3.040043 -15.003133 2.952932
1769101013.562556 3.032585 -15.001709 2.945971
1769101013.627555 3.027371 -15.000675 2.940909
1769101013.662527 3.020104 -14.999197 2.935531
1769101013.717563 3.015372 -14.998208 2.930785
1769101013.772567 3.010446 -14.997154 2.928570
1769101013.817579 3.003074 -14.995559 2.924141
1769101013.867558 2.998255 -14.994495 2.920661
1769101013.927577 2.993390 -14.993402 2.917813
1769101013.967597 2.986011 -14.991723 2.912435
1769101014.017626 2.981031 -14.990561 2.908005
1769101014.077576 2.976058 -14.989378 2.902943
1769101014.117559 2.968434 -14.987523 2.895983
1769101014.167582 2.963302 -14.986237 2.891870
1769101014.227582 2.958177 -14.984929 2.888389
1769101014.267651 2.950654 -14.982983 2.881113
1769101014.317561 2.945616 -14.981640 2.876051
1769101014.377566 2.940682 -14.980298 2.871621
1769101014.422575 2.933071 -14.978192 2.864661
1769101014.467563 2.928324 -14.976843 2.858649
1769101014.512600 2.923293 -14.975380 2.854536
1769101014.567561 2.918559 -14.973982 2.849158
1769101014.617572 2.911434 -14.971837 2.843463
1769101014.677545 2.906595 -14.970350 2.840299
1769101014.717566 2.899150 -14.968037 2.835870
1769101014.767555 2.894347 -14.966521 2.833022
1769101014.817573 2.889500 -14.964976 2.830808
1769101014.867590 2.884632 -14.963412 2.827644
1769101014.912572 2.877290 -14.961028 2.821000
1769101014.962607 2.872438 -14.959417 2.815938
1769101015.017579 2.867474 -14.957741 2.809294
1769101015.067575 2.860128 -14.955206 2.800118
1769101015.117640 2.855168 -14.953443 2.793791
1769101015.172583 2.850313 -14.951683 2.788729
1769101015.217660 2.842974 -14.948980 2.780186
1769101015.267550 2.838215 -14.947182 2.776073
1769101015.317595 2.833370 -14.945327 2.773859
1769101015.362636 2.826237 -14.942579 2.770695
1769101015.417574 2.821495 -14.940735 2.767847
1769101015.472685 2.816665 -14.938841 2.766265
1769101015.512589 2.809694 -14.936094 2.764367
1769101015.562559 2.805012 -14.934239 2.763418
1769101015.622572 2.800284 -14.932361 2.762469
1769101015.662643 2.793230 -14.929550 2.762469
1769101015.712585 2.788433 -14.927639 2.761203
1769101015.772593 2.783592 -14.925703 2.761836
1769101015.812596 2.776492 -14.922870 2.761203
1769101015.867592 2.771886 -14.921028 2.761836
1769101015.917637 2.767067 -14.919105 2.762152
1769101015.967603 2.759755 -14.916189 2.761836
1769101016.017642 2.754889 -14.914247 2.760887
1769101016.072644 2.750049 -14.912309 2.759621
1769101016.112598 2.742885 -14.909432 2.758672
1769101016.162594 2.738143 -14.907522 2.757407
1769101016.217586 2.733403 -14.905605 2.758039
1769101016.262606 2.726385 -14.902773 2.757723
1769101016.312604 2.721667 -14.900868 2.758672
1769101016.367548 2.717324 -14.899118 2.759621
1769101016.417599 2.710208 -14.896260 2.761836
1769101016.467593 2.705436 -14.894355 2.763418
1769101016.517618 2.700731 -14.892486 2.765316
1769101016.562672 2.693457 -14.889612 2.765000
1769101016.627615 2.688656 -14.887713 2.764367
1769101016.667603 2.681691 -14.884954 2.762469
1769101016.712589 2.676894 -14.883043 2.760571
1769101016.772602 2.672312 -14.881207 2.758989
1769101016.817794 2.665080 -14.878297 2.755825
1769101016.867587 2.660273 -14.876344 2.755508
1769101016.922612 2.655443 -14.874381 2.754243
1769101016.967606 2.648318 -14.871475 2.756774
1769101017.017588 2.643533 -14.869536 2.756774
1769101017.077618 2.638700 -14.867579 2.758039
1769101017.117611 2.631564 -14.864700 2.759305
1769101017.167583 2.626844 -14.862802 2.760254
1769101017.227578 2.622193 -14.860937 2.760254
1769101017.262605 2.615192 -14.858130 2.760887
1769101017.312592 2.610751 -14.856352 2.760571
1769101017.372589 2.606075 -14.854479 2.760887
1769101017.417630 2.599237 -14.851742 2.761203
1769101017.477668 2.594678 -14.849919 2.762469
1769101017.517701 2.587788 -14.847174 2.763418
1769101017.562691 2.583178 -14.845343 2.764051
1769101017.622611 2.578308 -14.843411 2.763102
1769101017.662692 2.571111 -14.840549 2.761836
1769101017.712615 2.566456 -14.838692 2.759938
1769101017.772716 2.561664 -14.836768 2.759305
1769101017.812714 2.554455 -14.833870 2.757090
1769101017.867607 2.549974 -14.832056 2.756141
1769101017.917615 2.545213 -14.830125 2.755825
1769101017.962630 2.538107 -14.827239 2.758039
1769101018.017652 2.533460 -14.825364 2.758672
1769101018.067630 2.528741 -14.823463 2.760887
1769101018.112592 2.521621 -14.820613 2.763102
1769101018.167607 2.516870 -14.818724 2.763734
1769101018.217604 2.512094 -14.816828 2.763418
1769101018.267602 2.504943 -14.813987 2.763418
1769101018.312591 2.500451 -14.812202 2.762469
1769101018.367591 2.495630 -14.810282 2.762785
1769101018.417606 2.488505 -14.807446 2.759938
1769101018.467604 2.483666 -14.805504 2.758672
1769101018.512678 2.478947 -14.803603 2.758356
1769101018.562623 2.471811 -14.800726 2.758989
1769101018.622628 2.467021 -14.798798 2.757723
1769101018.667611 2.460004 -14.795964 2.756774
1769101018.712602 2.455194 -14.794016 2.757090
1769101018.767591 2.450361 -14.792060 2.757090
1769101018.817658 2.443533 -14.789298 2.757407
1769101018.867614 2.438817 -14.787391 2.756458
1769101018.917590 2.434102 -14.785479 2.758039
1769101018.967608 2.427342 -14.782752 2.758672
1769101019.017618 2.422670 -14.780870 2.760254
1769101019.067605 2.418019 -14.779005 2.761520
1769101019.112603 2.411132 -14.776253 2.764367
1769101019.162624 2.406355 -14.774361 2.765316
1769101019.217708 2.401553 -14.772463 2.765316
1769101019.267607 2.394514 -14.769683 2.764367
1769101019.322614 2.389714 -14.767781 2.763102
1769101019.367687 2.382470 -14.764900 2.761203
1769101019.412580 2.377911 -14.763077 2.758672
1769101019.472643 2.373098 -14.761138 2.758356
1769101019.512598 2.366337 -14.758413 2.755825
1769101019.572592 2.361506 -14.756451 2.755825
1769101019.622588 2.354682 -14.753679 2.753610
1769101019.662630 2.349879 -14.751716 2.752661
1769101019.722617 2.345383 -14.749873 2.751395
1769101019.767601 2.338290 -14.746956 2.746650
1769101019.817621 2.333594 -14.744999 2.743169
1769101019.872605 2.328882 -14.743015 2.738740
1769101019.917613 2.321896 -14.740039 2.731780
1769101019.967636 2.317184 -14.737991 2.728299
1769101020.027617 2.312594 -14.735979 2.723870
1769101020.067613 2.305399 -14.732785 2.716593
1769101020.112616 2.300834 -14.730719 2.712164
1769101020.172703 2.296024 -14.728516 2.708051
1769101020.217601 2.289271 -14.725390 2.701090
1769101020.272624 2.284395 -14.723092 2.696345
1769101020.317613 2.277862 -14.719974 2.688751
1769101020.362603 2.273059 -14.717637 2.683373
1769101020.427646 2.268383 -14.715331 2.678311
1769101020.472668 2.261545 -14.711915 2.671350
1769101020.517600 2.257123 -14.709667 2.666921
1769101020.562638 2.252620 -14.707354 2.663757
1769101020.622654 2.248125 -14.705026 2.660593
1769101020.667647 2.241483 -14.701559 2.657429
1769101020.712636 2.237070 -14.699238 2.654582
1769101020.767638 2.232485 -14.696810 2.651102
1769101020.812657 2.225675 -14.693174 2.645723
1769101020.867639 2.221067 -14.690681 2.640978
1769101020.922651 2.216470 -14.688166 2.636865
1769101020.967646 2.209625 -14.684384 2.628955
1769101021.017649 2.205324 -14.681963 2.623576
1769101021.072659 2.200838 -14.679407 2.618514
1769101021.112670 2.194194 -14.675576 2.610605
1769101021.167646 2.189763 -14.672974 2.605859
1769101021.217673 2.185323 -14.670338 2.600797
1769101021.267652 2.178662 -14.666338 2.594153
1769101021.322671 2.174469 -14.663782 2.590989
1769101021.367675 2.168106 -14.659875 2.584978
1769101021.417655 2.163765 -14.657174 2.583079
1769101021.472653 2.159579 -14.654559 2.579599
1769101021.512653 2.153368 -14.650647 2.574537
1769101021.562671 2.148992 -14.647860 2.571057
1769101021.622724 2.144795 -14.645167 2.566944
1769101021.662662 2.138634 -14.641178 2.560616
1769101021.722652 2.134381 -14.638385 2.555870
1769101021.767677 2.128096 -14.634216 2.548277
1769101021.817683 2.123773 -14.631301 2.543215
1769101021.872680 2.119674 -14.628506 2.537520
1769101021.917689 2.113029 -14.623920 2.530243
1769101021.967691 2.109029 -14.621116 2.524865
1769101022.022736 2.104713 -14.618057 2.520119
1769101022.067676 2.098663 -14.613724 2.513791
1769101022.122668 2.094771 -14.610899 2.510627
1769101022.162675 2.088926 -14.606629 2.506831
1769101022.217662 2.085054 -14.603777 2.503034
1769101022.272668 2.081132 -14.600866 2.499554
1769101022.312671 2.075050 -14.596319 2.495125
1769101022.367663 2.071010 -14.593269 2.493859
1769101022.422685 2.066912 -14.590169 2.492910
1769101022.467666 2.060720 -14.585475 2.491961
1769101022.517697 2.056528 -14.582290 2.492594
1769101022.572671 2.052414 -14.579170 2.493859
1769101022.617701 2.046177 -14.574451 2.492910
1769101022.662668 2.042023 -14.571301 2.492910
1769101022.722693 2.037888 -14.568166 2.493226
1769101022.767668 2.031775 -14.563535 2.491644
1769101022.817678 2.027624 -14.560379 2.489746
1769101022.872682 2.023499 -14.557232 2.488164
1769101022.917675 2.017329 -14.552508 2.487848
1769101022.962694 2.013351 -14.549460 2.487848
1769101023.012706 2.009232 -14.546305 2.487531
1769101023.072754 2.005135 -14.543163 2.489430
1769101023.112671 1.999039 -14.538509 2.491644
1769101023.167673 1.994989 -14.535430 2.492594
1769101023.217709 1.990976 -14.532386 2.494808
1769101023.262687 1.984937 -14.527825 2.495125
1769101023.317691 1.980816 -14.524715 2.495757
1769101023.372705 1.976672 -14.521592 2.494176
1769101023.417690 1.970635 -14.517028 2.493226
1769101023.467678 1.966621 -14.513986 2.491012
1769101023.517688 1.962452 -14.510813 2.489430
1769101023.567683 1.956155 -14.506005 2.487848
1769101023.612693 1.951956 -14.502788 2.487531
1769101023.667712 1.947838 -14.499631 2.487848
1769101023.717682 1.941630 -14.494874 2.487531
1769101023.777697 1.937632 -14.491810 2.489113
1769101023.817728 1.931800 -14.487353 2.489113
1769101023.867698 1.927838 -14.484326 2.489430
1769101023.922789 1.923775 -14.481223 2.489430
1769101023.967689 1.917780 -14.476645 2.488797
1769101024.017794 1.913920 -14.473693 2.488164
1769101024.072694 1.909981 -14.470678 2.486266
1769101024.117701 1.904021 -14.466096 2.484051
1769101024.167693 1.899954 -14.462956 2.481837
1769101024.222700 1.895834 -14.459760 2.477407
1769101024.267691 1.889735 -14.454986 2.472978
1769101024.317729 1.885902 -14.451958 2.469498
1769101024.367748 1.881822 -14.448712 2.464435
1769101024.412683 1.875786 -14.443859 2.456210
1769101024.467707 1.871789 -14.440590 2.449882
1769101024.517687 1.867793 -14.437281 2.443238
1769101024.567698 1.861861 -14.432301 2.435645
1769101024.612709 1.858105 -14.429099 2.431532
1769101024.667699 1.854170 -14.425717 2.427419
1769101024.717699 1.848585 -14.420876 2.422356
1769101024.772702 1.844758 -14.417524 2.420775
1769101024.812709 1.839225 -14.412663 2.417294
1769101024.867701 1.835623 -14.409476 2.414130
1769101024.917725 1.831993 -14.406245 2.410334
1769101024.967696 1.826285 -14.401123 2.403690
1769101025.012721 1.822521 -14.397701 2.398944
1769101025.072747 1.818661 -14.394158 2.394198
1769101025.117715 1.813055 -14.388962 2.386605
1769101025.167707 1.809110 -14.385250 2.381543
1769101025.217706 1.805459 -14.381780 2.378063
1769101025.267722 1.799645 -14.376215 2.376164
1769101025.317708 1.795994 -14.372707 2.375532
1769101025.372730 1.792219 -14.369075 2.374583
1769101025.417727 1.786788 -14.363840 2.374583
1769101025.467712 1.783071 -14.360257 2.375215
1769101025.517710 1.779387 -14.356711 2.375848
1769101025.562726 1.774132 -14.351659 2.375215
1769101025.622728 1.770449 -14.348113 2.375848
1769101025.667714 1.765231 -14.343096 2.376481
1769101025.717728 1.761543 -14.339555 2.376481
1769101025.772712 1.758147 -14.336294 2.377114
1769101025.817742 1.752740 -14.331109 2.379012
1769101025.867753 1.749116 -14.327647 2.380277
1769101025.922789 1.745305 -14.324015 2.380910
1769101025.967748 1.739860 -14.318832 2.380594
1769101026.027763 1.736048 -14.315202 2.379961
1769101026.067749 1.730607 -14.310014 2.375848
1769101026.117721 1.727049 -14.306593 2.373001
1769101026.172728 1.723319 -14.302986 2.367622
1769101026.217729 1.717889 -14.297679 2.360662
1769101026.262733 1.714258 -14.294080 2.356232
1769101026.317724 1.710803 -14.290626 2.352119
1769101026.367726 1.705634 -14.285414 2.348323
1769101026.422746 1.702207 -14.281933 2.346108
1769101026.467723 1.697034 -14.276655 2.344210
1769101026.517736 1.693427 -14.272960 2.343577
1769101026.567742 1.690035 -14.269481 2.343577
1769101026.617733 1.684893 -14.264207 2.342628
1769101026.667726 1.681503 -14.260725 2.341995
1769101026.717746 1.676281 -14.255352 2.341362
1769101026.772747 1.672914 -14.251884 2.340413
1769101026.817732 1.667665 -14.246467 2.339148
1769101026.862730 1.664095 -14.242772 2.338831
1769101026.922736 1.660683 -14.239240 2.340730
1769101026.967732 1.655327 -14.233716 2.339464
1769101027.017732 1.651632 -14.229895 2.338831
1769101027.067732 1.648204 -14.226345 2.337882
1769101027.117735 1.642969 -14.220915 2.336617
1769101027.172737 1.639407 -14.217211 2.336300
1769101027.212750 1.634321 -14.211919 2.336300
1769101027.267744 1.630954 -14.208415 2.336933
1769101027.322740 1.627655 -14.204986 2.336933
1769101027.362740 1.622408 -14.199533 2.338515
1769101027.417750 1.618962 -14.195963 2.339780
1769101027.472752 1.615460 -14.192344 2.341995
1769101027.517734 1.610097 -14.186826 2.343261
1769101027.562753 1.606511 -14.183147 2.344210
1769101027.622750 1.602851 -14.179398 2.343261
1769101027.667847 1.597392 -14.173796 2.342311
1769101027.717766 1.593969 -14.170276 2.341046
1769101027.767761 1.590356 -14.166552 2.340097
1769101027.817779 1.584951 -14.160970 2.338515
1769101027.872783 1.581347 -14.157237 2.337566
1769101027.917743 1.576149 -14.151841 2.336933
1769101027.967762 1.572534 -14.148084 2.337566
1769101028.022762 1.569039 -14.144457 2.337882
1769101028.072793 1.563822 -14.139045 2.339464
1769101028.117763 1.560233 -14.135333 2.339464
1769101028.172752 1.556854 -14.131840 2.340097
1769101028.217757 1.551572 -14.126385 2.340730
1769101028.277758 1.548225 -14.122932 2.340730
1769101028.317753 1.543098 -14.117644 2.341046
1769101028.367755 1.539731 -14.114175 2.340730
1769101028.422762 1.536366 -14.110704 2.340413
1769101028.472760 1.530959 -14.105123 2.340730
1769101028.517756 1.527400 -14.101452 2.341995
1769101028.572759 1.523713 -14.097659 2.341679
1769101028.612786 1.518246 -14.092031 2.341679
1769101028.667761 1.514543 -14.088218 2.341046
1769101028.727784 1.510877 -14.084440 2.339148
1769101028.767767 1.505406 -14.078780 2.336300
1769101028.817787 1.502039 -14.075276 2.335035
1769101028.872762 1.498501 -14.071585 2.334402
1769101028.917779 1.493338 -14.066191 2.334085
1769101028.967764 1.489891 -14.062588 2.335035
1769101029.022768 1.486318 -14.058861 2.336933
1769101029.067769 1.481141 -14.053480 2.339148
1769101029.117765 1.477552 -14.049768 2.341046
1769101029.177763 1.474063 -14.046171 2.342311
1769101029.217772 1.468716 -14.040673 2.343261
1769101029.267779 1.465148 -14.037011 2.343893
1769101029.322771 1.461577 -14.033352 2.342628
1769101029.367773 1.456193 -14.027820 2.340413
1769101029.417773 1.452618 -14.024130 2.339464
1769101029.477770 1.449046 -14.020436 2.339780
1769101029.517788 1.443589 -14.014798 2.337882
1769101029.562777 1.439988 -14.011062 2.338198
1769101029.622829 1.436386 -14.007328 2.338515
1769101029.667784 1.430972 -14.001719 2.338515
1769101029.717794 1.427333 -13.997949 2.338831
1769101029.772806 1.423693 -13.994181 2.338515
1769101029.812812 1.418420 -13.988717 2.339148
1769101029.867804 1.414867 -13.985041 2.337882
1769101029.927775 1.411353 -13.981396 2.337882
1769101029.967843 1.406118 -13.975966 2.339148
1769101030.017789 1.402618 -13.972345 2.338831
1769101030.072836 1.399136 -13.968740 2.340097
1769101030.122783 1.393819 -13.963249 2.341362
1769101030.162802 1.390223 -13.959544 2.342628
1769101030.222787 1.386586 -13.955807 2.342628
1769101030.272783 1.381167 -13.950239 2.343577
1769101030.317784 1.377474 -13.946451 2.341362
1769101030.362793 1.373824 -13.942692 2.340413
1769101030.427781 1.370126 -13.938875 2.338515
1769101030.467782 1.364799 -13.933357 2.336300
1769101030.512786 1.361134 -13.929543 2.333453
1769101030.567791 1.357619 -13.925864 2.333769
1769101030.612823 1.352302 -13.920303 2.333769
1769101030.667787 1.348821 -13.916662 2.335984
1769101030.722795 1.345315 -13.913011 2.337249
1769101030.762790 1.339960 -13.907450 2.340097
1769101030.812791 1.336386 -13.903759 2.341046
1769101030.872798 1.332861 -13.900126 2.341679
1769101030.917873 1.327553 -13.894661 2.340097
1769101030.962808 1.324190 -13.891188 2.339148
1769101031.017809 1.320690 -13.887566 2.336300
1769101031.067793 1.315499 -13.882164 2.329972
1769101031.122813 1.312032 -13.878510 2.325227
1769101031.167794 1.306866 -13.873014 2.319532
1769101031.217857 1.303317 -13.869195 2.315102
1769101031.272798 1.299784 -13.865360 2.311306
1769101031.317790 1.294610 -13.859699 2.304029
1769101031.362803 1.291070 -13.855768 2.299283
1769101031.422802 1.287565 -13.851840 2.294221
1769101031.467798 1.282472 -13.846073 2.287261
1769101031.517801 1.279313 -13.842446 2.283464
1769101031.567799 1.276004 -13.838616 2.278402
1769101031.617797 1.271282 -13.833096 2.273656
1769101031.672808 1.268173 -13.829427 2.270492
1769101031.717849 1.263479 -13.823850 2.266063
1769101031.762837 1.260236 -13.819963 2.262266
1769101031.822808 1.256927 -13.815966 2.258786
1769101031.867810 1.252122 -13.810119 2.252775
1769101031.927817 1.249011 -13.806288 2.248662
1769101031.962841 1.244249 -13.800373 2.241701
1769101032.017874 1.241133 -13.796448 2.236639
1769101032.072832 1.237912 -13.792348 2.231577
1769101032.117828 1.233252 -13.786353 2.222086
1769101032.172802 1.230322 -13.782508 2.217340
1769101032.217814 1.225808 -13.776528 2.211012
1769101032.262812 1.222981 -13.772732 2.206266
1769101032.322811 1.220036 -13.768740 2.202470
1769101032.362855 1.215523 -13.762571 2.197408
1769101032.427818 1.212673 -13.758635 2.194244
1769101032.467822 1.208299 -13.752552 2.189815
1769101032.517819 1.205332 -13.748388 2.187916
1769101032.577816 1.202417 -13.744280 2.184436
1769101032.617827 1.197972 -13.737969 2.178425
1769101032.667809 1.195125 -13.733875 2.174312
1769101032.722912 1.192224 -13.729666 2.169250
1769101032.762823 1.188060 -13.723559 2.162922
1769101032.812841 1.185291 -13.719443 2.157860
1769101032.872822 1.182459 -13.715186 2.152165
1769101032.917901 1.178081 -13.708523 2.146786
1769101032.962822 1.175420 -13.704427 2.143939
1769101033.027840 1.172538 -13.699961 2.142673
1769101033.067822 1.168291 -13.693363 2.142673
1769101033.117862 1.165497 -13.689021 2.142673
1769101033.167822 1.162702 -13.684679 2.143939
1769101033.217832 1.158736 -13.678533 2.144888
1769101033.277825 1.156069 -13.674410 2.146154
1769101033.322835 1.152075 -13.668252 2.147419
1769101033.362847 1.149301 -13.663987 2.147103
1769101033.422793 1.146543 -13.659742 2.146470
1769101033.472828 1.142326 -13.653246 2.146470
1769101033.512871 1.139488 -13.648872 2.147736
1769101033.572847 1.136754 -13.644672 2.147736
1769101033.617860 1.132681 -13.638414 2.146786
1769101033.662911 1.129828 -13.634020 2.146470
1769101033.722850 1.126989 -13.629646 2.145837
1769101033.767851 1.122763 -13.623125 2.144888
1769101033.812849 1.119987 -13.618832 2.142990
1769101033.872848 1.117163 -13.614449 2.142357
1769101033.917847 1.113165 -13.608233 2.141091
1769101033.962882 1.110337 -13.603823 2.140775
1769101034.022863 1.107632 -13.599603 2.140775
1769101034.067872 1.103535 -13.593211 2.142041
1769101034.127837 1.100867 -13.589059 2.144255
1769101034.162861 1.096761 -13.582701 2.145204
1769101034.217839 1.094106 -13.578600 2.147419
1769101034.277913 1.091402 -13.574442 2.148052
1769101034.317846 1.087244 -13.568058 2.150267
1769101034.367841 1.084514 -13.563885 2.149317
1769101034.427848 1.081870 -13.559838 2.149001
1769101034.467842 1.077624 -13.553330 2.147419
1769101034.517869 1.074933 -13.549193 2.146470
1769101034.567840 1.071998 -13.544671 2.145521
1769101034.612859 1.067939 -13.538404 2.145204
1769101034.677851 1.065010 -13.533878 2.144888
1769101034.722863 1.060941 -13.527587 2.142990
1769101034.762849 1.058090 -13.523161 2.142990
1769101034.827852 1.055514 -13.519160 2.143623
1769101034.867867 1.051343 -13.512694 2.144255
1769101034.917854 1.048789 -13.508739 2.144255
1769101034.972845 1.046002 -13.504423 2.145204
1769101035.017858 1.041890 -13.498070 2.144888
1769101035.067845 1.039099 -13.493755 2.145204
1769101035.122884 1.036418 -13.489612 2.146786
1769101035.162863 1.032227 -13.483159 2.147419
1769101035.217940 1.029398 -13.478809 2.147736
1769101035.267850 1.026554 -13.474439 2.148368
1769101035.317867 1.022422 -13.468099 2.148052
1769101035.367855 1.019715 -13.463942 2.148052
1769101035.422862 1.016869 -13.459573 2.146786
1769101035.467859 1.012692 -13.453141 2.145204
1769101035.517867 1.009983 -13.448955 2.144255
1769101035.567860 1.007168 -13.444596 2.142041
1769101035.612878 1.003008 -13.438123 2.140775
1769101035.672887 1.000235 -13.433798 2.141091
1769101035.717882 0.996136 -13.427406 2.142357
1769101035.762941 0.993479 -13.423276 2.142990
1769101035.817907 0.990725 -13.418999 2.143306
1769101035.867910 0.986789 -13.412893 2.144888
1769101035.927913 0.984205 -13.408898 2.146154
1769101035.962891 0.980115 -13.402591 2.148368
1769101036.017911 0.977558 -13.398668 2.148685
1769101036.067886 0.974862 -13.394534 2.149001
1769101036.117881 0.970947 -13.388535 2.148052
1769101036.167867 0.968240 -13.384378 2.147419
1769101036.217885 0.964156 -13.378098 2.146786
1769101036.277895 0.961440 -13.373916 2.146470
1769101036.322898 0.957154 -13.367313 2.146154
1769101036.362875 0.954262 -13.362854 2.146154
1769101036.417872 0.951494 -13.358585 2.145204
1769101036.467949 0.948675 -13.354229 2.144255
1769101036.512882 0.944500 -13.347766 2.142990
1769101036.572891 0.941869 -13.343680 2.142990
1769101036.612898 0.937798 -13.337360 2.143306
1769101036.667881 0.935179 -13.333297 2.142990
1769101036.722907 0.932370 -13.328934 2.143939
1769101036.767879 0.928362 -13.322725 2.145837
1769101036.817907 0.925568 -13.318413 2.146786
1769101036.872899 0.922783 -13.314125 2.148052
1769101036.917906 0.918598 -13.307699 2.148368
1769101036.967896 0.915820 -13.303437 2.149317
1769101037.022895 0.913052 -13.299198 2.149317
1769101037.067899 0.908886 -13.292819 2.148368
1769101037.117908 0.906081 -13.288515 2.147419
1769101037.172915 0.903142 -13.283995 2.146470
1769101037.217902 0.898994 -13.277605 2.143623
1769101037.267926 0.895962 -13.272904 2.142673
1769101037.322910 0.893250 -13.268690 2.142041
1769101037.362913 0.888912 -13.261940 2.142357
1769101037.417893 0.886201 -13.257725 2.141091
1769101037.477905 0.883386 -13.253336 2.142357
1769101037.517890 0.879361 -13.247078 2.143623
1769101037.567910 0.876631 -13.242845 2.144572
1769101037.627892 0.873952 -13.238700 2.144888
1769101037.667906 0.869869 -13.232388 2.146470
1769101037.712986 0.867072 -13.228078 2.146786
1769101037.772908 0.864329 -13.223854 2.147103
1769101037.822934 0.860039 -13.217253 2.148685
1769101037.862943 0.857232 -13.212950 2.148368
1769101037.917918 0.854289 -13.208433 2.148685
1769101037.967957 0.851537 -13.204214 2.148368
1769101038.017941 0.847212 -13.197577 2.147419
1769101038.067944 0.844466 -13.193354 2.146470
1769101038.122906 0.841683 -13.189066 2.145837
1769101038.167920 0.837498 -13.182609 2.143939
1769101038.212919 0.834643 -13.178185 2.143306
1769101038.267926 0.831997 -13.174079 2.141724
1769101038.317921 0.827770 -13.167499 2.142041
1769101038.367910 0.824937 -13.163091 2.143623
1769101038.422920 0.822152 -13.158773 2.143939
1769101038.467910 0.818007 -13.152351 2.145204
1769101038.527903 0.815353 -13.148250 2.146786
1769101038.562901 0.811204 -13.141861 2.147736
1769101038.612921 0.808636 -13.137915 2.149001
1769101038.667911 0.805911 -13.133739 2.148685
1769101038.717901 0.801859 -13.127528 2.149001
1769101038.767908 0.799038 -13.123203 2.147736
1769101038.822905 0.796207 -13.118855 2.146786
1769101038.867920 0.791920 -13.112253 2.145204
1769101038.917921 0.789087 -13.107876 2.144572
1769101038.972919 0.786216 -13.103433 2.144255
1769101039.017915 0.781890 -13.096736 2.142673
1769101039.067915 0.779082 -13.092373 2.142357
1769101039.122890 0.776385 -13.088179 2.142673
1769101039.167933 0.772343 -13.081900 2.142990
1769101039.222933 0.769685 -13.077772 2.143623
1769101039.267949 0.765761 -13.071689 2.142990
1769101039.317926 0.763130 -13.067603 2.143623
1769101039.372948 0.760400 -13.063370 2.144572
1769101039.417921 0.756168 -13.056823 2.146470
1769101039.467930 0.753399 -13.052556 2.146786
1769101039.522925 0.750738 -13.048459 2.148368
1769101039.562925 0.746523 -13.041991 2.149317
1769101039.612924 0.743838 -13.037880 2.149317
1769101039.667951 0.741112 -13.033705 2.148368
1769101039.717921 0.737146 -13.027619 2.148685
1769101039.767965 0.734436 -13.023464 2.148052
1769101039.817988 0.730499 -13.017419 2.145837
1769101039.872966 0.727801 -13.013256 2.144572
1769101039.917961 0.723569 -13.006709 2.142041
1769101039.967970 0.720832 -13.002451 2.142041
1769101040.022946 0.718150 -12.998277 2.142673
1769101040.067978 0.713904 -12.991680 2.143306
1769101040.122958 0.711285 -12.987616 2.144255
1769101040.162996 0.707247 -12.981365 2.146154
1769101040.217948 0.704686 -12.977415 2.146786
1769101040.272960 0.702108 -12.973446 2.147736
1769101040.317947 0.698104 -12.967294 2.148368
1769101040.367941 0.695326 -12.963032 2.148052
1769101040.422951 0.692536 -12.958747 2.148052
1769101040.467957 0.688323 -12.952278 2.146470
1769101040.522955 0.685581 -12.948053 2.147419
1769101040.562962 0.681483 -12.941752 2.147736
1769101040.613017 0.678708 -12.937488 2.146786
1769101040.667937 0.676020 -12.933348 2.145837
1769101040.717937 0.671711 -12.926700 2.144888
1769101040.767955 0.668948 -12.922428 2.143306
1769101040.822968 0.666165 -12.918110 2.142990
1769101040.867956 0.662149 -12.911875 2.142041
1769101040.917966 0.659344 -12.907510 2.141724
1769101040.972959 0.656512 -12.903102 2.141408
1769101041.017935 0.652424 -12.896733 2.141724
1769101041.072956 0.649702 -12.892495 2.143306
1769101041.112958 0.645767 -12.886389 2.145521
1769101041.167958 0.642919 -12.881991 2.147736
1769101041.217938 0.640337 -12.878024 2.148052
1769101041.262957 0.636456 -12.872064 2.149634
1769101041.322971 0.633853 -12.868081 2.149634
1769101041.367945 0.629824 -12.861916 2.148685
1769101041.422966 0.627141 -12.857803 2.148685
1769101041.467962 0.623215 -12.851782 2.146786
1769101041.518024 0.620458 -12.847536 2.145521
1769101041.567968 0.617788 -12.843415 2.144888
1769101041.612981 0.613582 -12.836912 2.144255
1769101041.673005 0.610891 -12.832744 2.142990
1769101041.718009 0.606765 -12.826339 2.142673
1769101041.778015 0.604108 -12.822210 2.143306
1769101041.812981 0.600035 -12.815892 2.144255
1769101041.867988 0.597509 -12.811979 2.144888
1769101041.917992 0.594883 -12.807920 2.145837
1769101041.967989 0.591057 -12.802015 2.145837
1769101042.022999 0.588427 -12.797959 2.146786
1769101042.067971 0.584402 -12.791760 2.146786
1769101042.122982 0.581686 -12.787579 2.147736
1769101042.167965 0.577724 -12.781490 2.148052
1769101042.222989 0.575058 -12.777397 2.149001
1769101042.267975 0.570922 -12.771059 2.148052
1769101042.317978 0.568214 -12.766902 2.148052
1769101042.367988 0.565480 -12.762703 2.146154
1769101042.412981 0.561513 -12.756587 2.146154
1769101042.467963 0.558648 -12.752170 2.145521
1769101042.517988 0.555842 -12.747836 2.142357
1769101042.567980 0.551584 -12.741215 2.141408
1769101042.612983 0.548795 -12.736870 2.140142
1769101042.667969 0.545970 -12.732457 2.141724
1769101042.717968 0.541935 -12.726175 2.142673
1769101042.762986 0.539154 -12.721854 2.143623
1769101042.822993 0.536328 -12.717473 2.144255
1769101042.868001 0.532277 -12.711200 2.146470
1769101042.922985 0.529632 -12.707124 2.148368
1769101042.967995 0.525790 -12.701229 2.149001
1769101043.017986 0.523065 -12.697053 2.149950
1769101043.072991 0.520336 -12.692880 2.149001
1769101043.117970 0.516200 -12.686543 2.148052
1769101043.167985 0.513534 -12.682449 2.147103
1769101043.217978 0.509493 -12.676231 2.146154
1769101043.267992 0.506656 -12.671856 2.145521
1769101043.317996 0.503945 -12.667671 2.145204
1769101043.367986 0.499833 -12.661318 2.144255
1769101043.422983 0.497087 -12.657066 2.142990
1769101043.468009 0.493153 -12.650958 2.143306
1769101043.517990 0.490548 -12.646916 2.142673
1769101043.573018 0.487712 -12.642511 2.144255
1769101043.612998 0.483607 -12.636153 2.143939
1769101043.668038 0.480765 -12.631751 2.144888
1769101043.723028 0.478071 -12.627586 2.144888
1769101043.768020 0.473769 -12.620933 2.146470
1769101043.818045 0.471192 -12.616963 2.147419
1769101043.873046 0.468377 -12.612635 2.148685
1769101043.917997 0.464146 -12.606147 2.149317
1769101043.978001 0.461475 -12.602057 2.149001
1769101044.018045 0.457450 -12.595889 2.149317
1769101044.068005 0.454765 -12.591778 2.147419
1769101044.123007 0.452047 -12.587598 2.146470
1769101044.173016 0.447982 -12.581335 2.144255
1769101044.228016 0.445167 -12.576976 2.143306
1769101044.267994 0.440944 -12.570423 2.141408
1769101044.317993 0.438182 -12.566121 2.140775
1769101044.378033 0.435587 -12.562072 2.141408
1769101044.413008 0.431308 -12.555405 2.142990
1769101044.468021 0.428663 -12.551298 2.143306
1769101044.522991 0.425920 -12.547043 2.144572
1769101044.563035 0.422005 -12.540985 2.145521
1769101044.628029 0.419308 -12.536821 2.146786
1769101044.668011 0.415296 -12.530644 2.147736
1769101044.717998 0.412535 -12.526401 2.147736
1769101044.773008 0.409760 -12.522137 2.149317
1769101044.813005 0.405733 -12.515970 2.147736
1769101044.868015 0.402930 -12.511664 2.147419
1769101044.923025 0.400198 -12.507463 2.147419
1769101044.968016 0.395837 -12.500758 2.146786
1769101045.023022 0.393218 -12.496724 2.146786
1769101045.068017 0.389261 -12.490632 2.145204
1769101045.118074 0.386552 -12.486446 2.143623
1769101045.173037 0.383740 -12.482086 2.143306
1769101045.213012 0.379544 -12.475576 2.142673
1769101045.278038 0.376873 -12.471426 2.142357
1769101045.318026 0.372847 -12.465167 2.142990
1769101045.363021 0.370161 -12.460996 2.143623
1769101045.418009 0.367486 -12.456849 2.144572
1769101045.468028 0.363488 -12.450663 2.146786
1769101045.523046 0.360772 -12.446481 2.147103
1769101045.563031 0.356855 -12.440454 2.149001
1769101045.613034 0.354213 -12.436405 2.149317
1769101045.668027 0.351597 -12.432400 2.149001
1769101045.718030 0.347531 -12.426168 2.147736
1769101045.773070 0.344838 -12.422032 2.148052
1769101045.813057 0.340722 -12.415711 2.145521
1769101045.868049 0.337805 -12.411207 2.144255
1769101045.918068 0.335073 -12.406976 2.143306
1769101045.968048 0.331069 -12.400764 2.142673
1769101046.018036 0.328329 -12.396507 2.142041
1769101046.068059 0.324237 -12.390141 2.141724
1769101046.123096 0.321611 -12.386052 2.142357
1769101046.163057 0.317777 -12.380092 2.144255
1769101046.223121 0.315264 -12.376201 2.143939
1769101046.268025 0.311161 -12.369842 2.144888
1769101046.318040 0.308645 -12.365953 2.145204
1769101046.368041 0.306032 -12.361916 2.145837
1769101046.413038 0.302109 -12.355862 2.146786
1769101046.473040 0.299448 -12.351765 2.147736
1769101046.513050 0.295348 -12.345465 2.148685
1769101046.573056 0.292638 -12.341310 2.148685
1769101046.613041 0.288698 -12.335267 2.149001
1769101046.668040 0.286028 -12.331176 2.148685
1769101046.723047 0.283166 -12.326788 2.147736
1769101046.763096 0.279038 -12.320445 2.146154
1769101046.813051 0.276146 -12.315986 2.144888
1769101046.873056 0.273355 -12.311671 2.143306
1769101046.918031 0.269063 -12.305012 2.142357
1769101046.968050 0.266284 -12.300691 2.142673
1769101047.018048 0.263421 -12.296243 2.142357
1769101047.068048 0.259382 -12.289963 2.144572
1769101047.118053 0.256730 -12.285860 2.145521
1769101047.173059 0.253979 -12.281611 2.146154
1769101047.218057 0.249847 -12.275240 2.147419
1769101047.263057 0.247101 -12.271018 2.149001
1769101047.323057 0.244320 -12.266758 2.148685
1769101047.368049 0.240297 -12.260588 2.147736
1769101047.413067 0.237494 -12.256282 2.148052
1769101047.473067 0.234635 -12.251891 2.147736
1769101047.518059 0.230397 -12.245379 2.146786
1769101047.563065 0.227405 -12.240773 2.146470
1769101047.618084 0.224760 -12.236696 2.145837
1769101047.668076 0.220368 -12.229921 2.144888
1769101047.718070 0.217633 -12.225691 2.143939
1769101047.773072 0.214847 -12.221374 2.142990
1769101047.813093 0.210722 -12.214969 2.142673
1769101047.873072 0.208091 -12.210883 2.143306
1769101047.923103 0.203978 -12.204500 2.142673
1769101047.968058 0.201348 -12.200414 2.142673
1769101048.023062 0.198498 -12.195987 2.143939
1769101048.068061 0.194546 -12.189862 2.145204
1769101048.118077 0.191809 -12.185634 2.147419
1769101048.173070 0.189118 -12.181496 2.148368
1769101048.218086 0.184834 -12.174923 2.149634
1769101048.268064 0.182148 -12.170812 2.150267
1769101048.323076 0.179334 -12.166513 2.149317
1769101048.363053 0.175196 -12.160177 2.148368
1769101048.413077 0.172515 -12.156063 2.147736
1769101048.468080 0.169671 -12.151693 2.146470
1769101048.513082 0.165565 -12.145366 2.144572
1769101048.573066 0.162721 -12.140966 2.142990
1769101048.613090 0.158582 -12.134539 2.142357
1769101048.668082 0.155858 -12.130303 2.142673
1769101048.723096 0.153091 -12.126004 2.143306
1769101048.763078 0.148867 -12.119451 2.143939
1769101048.823088 0.146136 -12.115219 2.145521
1769101048.868076 0.142297 -12.109292 2.146470
1769101048.918095 0.139748 -12.105364 2.146786
1769101048.973080 0.136991 -12.101119 2.146786
1769101049.013077 0.132952 -12.094899 2.147103
1769101049.068076 0.130165 -12.090613 2.147736
1769101049.123073 0.127501 -12.086518 2.147419
1769101049.163127 0.123223 -12.079941 2.147419
1769101049.223073 0.120339 -12.075506 2.148368
1769101049.268081 0.116387 -12.069441 2.147103
1769101049.318085 0.113573 -12.065112 2.146470
1769101049.378075 0.110983 -12.061121 2.145837
1769101049.413084 0.106853 -12.054749 2.145204
1769101049.473085 0.104254 -12.050733 2.142990
1769101049.518078 0.100115 -12.044306 2.142357
1769101049.563096 0.097513 -12.040262 2.140459
1769101049.618125 0.094892 -12.036169 2.141724
1769101049.668079 0.090816 -12.029823 2.141724
1769101049.718141 0.088163 -12.025692 2.143623
1769101049.768119 0.084294 -12.019693 2.144888
1769101049.823117 0.081682 -12.015655 2.146154
1769101049.868119 0.077647 -12.009433 2.148368
1769101049.928104 0.075063 -12.005468 2.149317
1769101049.968151 0.071188 -11.999534 2.149950
1769101050.013076 0.068583 -11.995552 2.149950
1769101050.073109 0.065868 -11.991400 2.148685
1769101050.118156 0.061762 -11.985103 2.147736
1769101050.173097 0.059070 -11.980966 2.146154
1769101050.213080 0.054938 -11.974596 2.145521
1769101050.263086 0.052021 -11.970092 2.145521
1769101050.323093 0.049200 -11.965737 2.144572
1769101050.368110 0.045079 -11.959360 2.143306
1769101050.413106 0.042295 -11.955041 2.143623
1769101050.473088 0.039497 -11.950702 2.143623
1769101050.518106 0.035367 -11.944299 2.144572
1769101050.568153 0.032633 -11.940069 2.144888
1769101050.618092 0.029815 -11.935712 2.145837
1769101050.668104 0.025823 -11.929553 2.146470
1769101050.718110 0.022985 -11.925179 2.146470
1769101050.773122 0.020381 -11.921166 2.148052
1769101050.817273 0.016126 -11.914634 2.149317
1769101050.873097 0.013455 -11.910544 2.149634
1769101050.918090 0.009191 -11.904018 2.149001
1769101050.968100 0.006562 -11.899991 2.149634
1769101051.018109 0.003890 -11.895901 2.148052
1769101051.068097 -0.000047 -11.889857 2.147103
1769101051.123113 -0.002736 -11.885718 2.145521
1769101051.168119 -0.007001 -11.879133 2.142990
1769101051.213112 -0.009852 -11.874707 2.141724
1769101051.278119 -0.012779 -11.870149 2.141091
1769101051.318113 -0.016988 -11.863587 2.141724
1769101051.363110 -0.019710 -11.859349 2.142673
1769101051.418093 -0.022230 -11.855433 2.143306
1769101051.468114 -0.026440 -11.848902 2.144888
1769101051.513099 -0.029120 -11.844757 2.145837
1769101051.568121 -0.031805 -11.840616 2.147419
1769101051.613127 -0.035765 -11.834526 2.148368
1769101051.678169 -0.038529 -11.830285 2.149001
1769101051.718145 -0.042596 -11.824053 2.149001
1769101051.763140 -0.045266 -11.819962 2.148052
1769101051.823144 -0.048083 -11.815636 2.147419
1769101051.868122 -0.052306 -11.809143 2.147419
1769101051.928119 -0.055080 -11.804878 2.147103
1769101051.973106 -0.059135 -11.798639 2.146470
1769101052.013158 -0.062014 -11.794201 2.144888
1769101052.073129 -0.064764 -11.789951 2.144255
1769101052.118205 -0.068691 -11.783870 2.143623
1769101052.163176 -0.071448 -11.779594 2.143306
1769101052.223123 -0.074122 -11.775446 2.142990
1769101052.268126 -0.078275 -11.768998 2.143306
1769101052.318119 -0.080894 -11.764935 2.143623
1769101052.368129 -0.083706 -11.760574 2.145204
1769101052.418119 -0.087736 -11.754349 2.146786
1769101052.473140 -0.090438 -11.750188 2.147419
1769101052.518133 -0.094591 -11.743801 2.149001
1769101052.563129 -0.097399 -11.739499 2.149317
1769101052.623147 -0.099973 -11.735557 2.149950
1769101052.668122 -0.104212 -11.729075 2.148685
1769101052.718137 -0.106922 -11.724920 2.148685
1769101052.773132 -0.109660 -11.720722 2.146786
1769101052.813138 -0.113892 -11.714205 2.145204
1769101052.868132 -0.116794 -11.709722 2.143623
1769101052.923144 -0.119688 -11.705234 2.142673
1769101052.968124 -0.123949 -11.698614 2.142357
1769101053.018148 -0.126797 -11.694187 2.141724
1769101053.073138 -0.129601 -11.689821 2.142673
1769101053.118149 -0.133614 -11.683585 2.143623
1769101053.178149 -0.136166 -11.679628 2.144255
1769101053.218139 -0.140134 -11.673484 2.144572
1769101053.263137 -0.142690 -11.669530 2.145837
1769101053.318154 -0.145319 -11.665473 2.146786
1769101053.368136 -0.149345 -11.659275 2.147419
1769101053.423135 -0.152146 -11.654968 2.147103
1769101053.468136 -0.156228 -11.648686 2.148368
1769101053.528158 -0.158979 -11.644466 2.148685
1769101053.568210 -0.162933 -11.638403 2.148685
1769101053.613143 -0.165767 -11.634056 2.147736
1769101053.678157 -0.168611 -11.629686 2.147103
1769101053.718173 -0.172639 -11.623489 2.146470
1769101053.768155 -0.175450 -11.619158 2.145204
1769101053.823182 -0.178255 -11.614823 2.143306
1769101053.868175 -0.182506 -11.608228 2.142041
1769101053.918136 -0.185120 -11.604162 2.142357
1769101053.978212 -0.187995 -11.599691 2.142990
1769101054.018144 -0.192202 -11.593158 2.143939
1769101054.068156 -0.195016 -11.588799 2.145521
1769101054.128154 -0.197768 -11.584550 2.146786
1769101054.168159 -0.201945 -11.578118 2.147736
1769101054.213159 -0.204527 -11.574151 2.148685
1769101054.278160 -0.207264 -11.569954 2.149317
1769101054.318166 -0.211458 -11.563532 2.149634
1769101054.363154 -0.214268 -11.559231 2.148052
1769101054.423164 -0.217155 -11.554799 2.147736
1769101054.468159 -0.221200 -11.548583 2.146154
1769101054.513171 -0.224175 -11.543996 2.146154
1769101054.573166 -0.226971 -11.539685 2.145204
1769101054.613178 -0.231262 -11.533056 2.143306
1769101054.668142 -0.233990 -11.528822 2.142990
1769101054.728170 -0.236841 -11.524396 2.142990
1769101054.763170 -0.240966 -11.517991 2.142673
1769101054.813165 -0.243555 -11.513968 2.142990
1769101054.873173 -0.246310 -11.509691 2.143939
1769101054.918152 -0.250277 -11.503545 2.144255
1769101054.968172 -0.253037 -11.499272 2.143939
1769101055.023176 -0.255768 -11.495040 2.144255
1769101055.068171 -0.260039 -11.488427 2.147736
1769101055.118170 -0.262786 -11.484206 2.148052
1769101055.173229 -0.265659 -11.479794 2.149317
1769101055.218177 -0.269839 -11.473394 2.149317
1769101055.278179 -0.272510 -11.469304 2.149634
1769101055.323180 -0.276525 -11.463160 2.149001
1769101055.368227 -0.279306 -11.458899 2.148052
1769101055.418235 -0.282151 -11.454530 2.147419
1769101055.473196 -0.284994 -11.450159 2.146154
1769101055.518174 -0.289249 -11.443597 2.143306
1769101055.573195 -0.292101 -11.439172 2.142041
1769101055.623164 -0.296193 -11.432806 2.141724
1769101055.668200 -0.299025 -11.428398 2.142673
1769101055.723195 -0.301751 -11.424162 2.143623
1769101055.768214 -0.305880 -11.417760 2.145204
1769101055.818283 -0.308493 -11.413723 2.145837
1769101055.873224 -0.311163 -11.409602 2.147103
1769101055.918185 -0.315012 -11.403681 2.147419
1769101055.978198 -0.317758 -11.399459 2.147736
1769101056.023199 -0.321789 -11.393264 2.147736
1769101056.068177 -0.324592 -11.388958 2.148052
1769101056.128254 -0.327437 -11.384589 2.147419
1769101056.168185 -0.331701 -11.378032 2.147736
1769101056.218250 -0.334421 -11.373853 2.146786
1769101056.273198 -0.337385 -11.369289 2.146470
1769101056.323193 -0.341546 -11.362877 2.145204
1769101056.368181 -0.344461 -11.358373 2.145204
1769101056.423193 -0.347019 -11.354420 2.143939
1769101056.468187 -0.351123 -11.348062 2.142990
1769101056.528197 -0.353714 -11.344040 2.141408
1769101056.568198 -0.357938 -11.337458 2.142357
1769101056.613184 -0.360635 -11.333265 2.142673
1769101056.673197 -0.363457 -11.328880 2.143306
1769101056.723209 -0.367488 -11.322625 2.144572
1769101056.768172 -0.370223 -11.318395 2.146786
1769101056.828187 -0.373062 -11.314022 2.148052
1769101056.868181 -0.377192 -11.307681 2.149634
1769101056.918197 -0.380017 -11.303359 2.150267
1769101056.968198 -0.382734 -11.299207 2.150899
1769101057.023198 -0.385591 -11.294846 2.149634
1769101057.068199 -0.389745 -11.288490 2.148368
1769101057.128206 -0.392606 -11.284101 2.146154
1769101057.173215 -0.396889 -11.277496 2.145204
1769101057.218209 -0.399777 -11.273034 2.143939
1769101057.273211 -0.402440 -11.268909 2.143939
1769101057.318215 -0.406640 -11.262401 2.142673
1769101057.368210 -0.409421 -11.258081 2.142990
1769101057.423197 -0.412066 -11.253974 2.143939
1769101057.463183 -0.416183 -11.247594 2.144572
1769101057.513199 -0.418739 -11.243640 2.145204
1769101057.568209 -0.421530 -11.239327 2.146154
1769101057.613190 -0.425511 -11.233190 2.146470
1769101057.678217 -0.428322 -11.228858 2.146470
1769101057.718213 -0.432317 -11.222701 2.147103
1769101057.763242 -0.435186 -11.218287 2.147736
1769101057.828226 -0.437961 -11.214023 2.149317
1769101057.868240 -0.442321 -11.207348 2.149001
1769101057.918249 -0.444935 -11.203342 2.150583
1769101057.973269 -0.447778 -11.199001 2.151532
1769101058.018261 -0.451860 -11.192779 2.154696
1769101058.068221 -0.454693 -11.188493 2.157543
1769101058.128222 -0.457622 -11.184087 2.160391
1769101058.168229 -0.461928 -11.177650 2.164820
1769101058.218204 -0.464719 -11.173518 2.167668
1769101058.273205 -0.467650 -11.169205 2.172097
1769101058.318224 -0.472074 -11.162756 2.179374
1769101058.368219 -0.475026 -11.158520 2.185069
1769101058.418236 -0.477812 -11.154569 2.189182
1769101058.468226 -0.482258 -11.148320 2.197091
1769101058.528222 -0.485032 -11.144486 2.201837
1769101058.568241 -0.489482 -11.138396 2.210063
1769101058.613215 -0.492276 -11.134638 2.215442
1769101058.673274 -0.495303 -11.130612 2.219555
1769101058.718230 -0.499768 -11.124723 2.225882
1769101058.763216 -0.502760 -11.120829 2.229679
1769101058.823225 -0.506045 -11.116586 2.234108
1769101058.863227 -0.510658 -11.110683 2.237905
1769101058.918227 -0.513947 -11.106507 2.241069
1769101058.968233 -0.517154 -11.102461 2.242967
1769101059.018215 -0.521835 -11.096579 2.242651
1769101059.078211 -0.525049 -11.092537 2.242651
1769101059.118230 -0.529744 -11.086634 2.242651
1769101059.168216 -0.532879 -11.082692 2.242334
1769101059.223309 -0.535934 -11.078848 2.242334
1769101059.263237 -0.540674 -11.072884 2.242651
1769101059.318299 -0.543746 -11.069021 2.243600
1769101059.373251 -0.546932 -11.065022 2.244865
1769101059.418219 -0.551735 -11.059010 2.245498
1769101059.468234 -0.554976 -11.054959 2.246447
1769101059.523238 -0.558110 -11.051048 2.247713
1769101059.563229 -0.562883 -11.045109 2.246764
1769101059.613271 -0.566050 -11.041160 2.246764
1769101059.668294 -0.569122 -11.037330 2.246131
1769101059.718280 -0.573853 -11.031423 2.247080
1769101059.773271 -0.576974 -11.027534 2.245498
1769101059.818238 -0.581701 -11.021625 2.244549
1769101059.863249 -0.585033 -11.017451 2.243600
1769101059.923277 -0.588298 -11.013354 2.243283
1769101059.968279 -0.593107 -11.007315 2.241701
1769101060.018262 -0.596333 -11.003251 2.241385
1769101060.073251 -0.599353 -10.999443 2.240752
1769101060.118253 -0.604099 -10.993452 2.240120
1769101060.173310 -0.607036 -10.989740 2.241069
1769101060.218249 -0.611564 -10.984027 2.242334
1769101060.263232 -0.614682 -10.980104 2.244233
1769101060.323254 -0.617729 -10.976285 2.246447
1769101060.363252 -0.622288 -10.970598 2.247713
1769101060.428236 -0.625348 -10.966790 2.248029
1769101060.463259 -0.630201 -10.960754 2.248662
1769101060.513260 -0.633344 -10.956850 2.248029
1769101060.568265 -0.636453 -10.952984 2.247396
1769101060.613254 -0.641128 -10.947162 2.245814
1769101060.663264 -0.644355 -10.943131 2.244549
1769101060.723276 -0.647560 -10.939116 2.244233
1769101060.763242 -0.652391 -10.933062 2.242967
1769101060.828262 -0.655433 -10.929240 2.242651
1769101060.868239 -0.660175 -10.923277 2.241701
1769101060.918270 -0.663385 -10.919232 2.242334
1769101060.978289 -0.666676 -10.915091 2.242651
1769101061.023264 -0.671481 -10.909049 2.244233
1769101061.063261 -0.674686 -10.905033 2.244549
1769101061.123245 -0.677844 -10.901077 2.245182
1769101061.163327 -0.682427 -10.895344 2.245814
1769101061.218249 -0.685401 -10.891629 2.245814
1769101061.273247 -0.688580 -10.887657 2.245498
1769101061.318252 -0.693323 -10.881727 2.247396
1769101061.368270 -0.696335 -10.877978 2.246764
1769101061.423251 -0.699581 -10.873930 2.247713
1769101061.463270 -0.704258 -10.868110 2.246764
1769101061.528265 -0.707663 -10.863865 2.247080
1769101061.568275 -0.712431 -10.857923 2.244865
1769101061.613344 -0.715606 -10.853948 2.243283
1769101061.673317 -0.718634 -10.850147 2.242651
1769101061.718291 -0.723596 -10.843906 2.241069
1769101061.768297 -0.726489 -10.840257 2.239803
1769101061.818275 -0.729676 -10.836226 2.240120
1769101061.863295 -0.734136 -10.830589 2.241385
1769101061.923324 -0.737313 -10.826583 2.242018
1769101061.968297 -0.741941 -10.820756 2.243283
1769101062.018265 -0.744921 -10.817014 2.245498
1769101062.068269 -0.747973 -10.813200 2.247080
1769101062.118258 -0.752789 -10.807199 2.247713
1769101062.173273 -0.755896 -10.803332 2.248345
1769101062.218264 -0.760513 -10.797593 2.248029
1769101062.263280 -0.763765 -10.793550 2.247080
1769101062.323281 -0.766696 -10.789898 2.246131
1769101062.368277 -0.771569 -10.783813 2.245498
1769101062.418333 -0.774542 -10.780097 2.244233
1769101062.468276 -0.777793 -10.776022 2.244233
1769101062.518289 -0.782545 -10.770066 2.243283
1769101062.573276 -0.785856 -10.765908 2.242651
1769101062.618338 -0.790787 -10.759708 2.242334
1769101062.663333 -0.793858 -10.755844 2.243916
1769101062.718294 -0.796935 -10.751985 2.242967
1769101062.768319 -0.801348 -10.746440 2.243600
1769101062.828290 -0.804502 -10.742481 2.243600
1769101062.868296 -0.809187 -10.736601 2.244549
1769101062.918271 -0.812172 -10.732863 2.244865
1769101062.973281 -0.815126 -10.729165 2.245814
1769101063.018288 -0.819903 -10.723198 2.247080
1769101063.063358 -0.823119 -10.719190 2.247396
1769101063.123299 -0.826368 -10.715145 2.247080
1769101063.168289 -0.831294 -10.709006 2.247396
1769101063.218299 -0.834559 -10.704940 2.246764
1769101063.273300 -0.837869 -10.700814 2.245182
1769101063.318299 -0.842721 -10.694744 2.243600
1769101063.363296 -0.845986 -10.690647 2.241385
1769101063.423301 -0.849163 -10.686641 2.240752
1769101063.468293 -0.853957 -10.680590 2.240436
1769101063.513298 -0.857067 -10.676661 2.239803
1769101063.573300 -0.860254 -10.672630 2.240752
1769101063.618303 -0.864859 -10.666817 2.241701
1769101063.663320 -0.867943 -10.662931 2.242967
1769101063.718324 -0.871143 -10.658911 2.243283
1769101063.763374 -0.875810 -10.653050 2.245182
1769101063.823342 -0.878797 -10.649314 2.246131
1769101063.868316 -0.883496 -10.643447 2.246447
1769101063.918333 -0.886709 -10.639437 2.246131
1769101063.973351 -0.889858 -10.635506 2.247080
1769101064.018306 -0.894484 -10.629742 2.246447
1769101064.063300 -0.897650 -10.625792 2.246447
1769101064.123302 -0.900784 -10.621882 2.245814
1769101064.163291 -0.905687 -10.615756 2.244549
1769101064.218360 -0.909004 -10.611602 2.244549
1769101064.273328 -0.912273 -10.607508 2.243600
1769101064.318310 -0.917241 -10.601272 2.243283
1769101064.368309 -0.920458 -10.597233 2.242651
1769101064.423322 -0.923467 -10.593449 2.242967
1769101064.468384 -0.928195 -10.587508 2.242334
1769101064.518314 -0.931345 -10.583545 2.242334
1769101064.573326 -0.934494 -10.579582 2.244233
1769101064.613304 -0.939151 -10.573746 2.245182
1769101064.663325 -0.942375 -10.569712 2.245182
1769101064.723328 -0.945583 -10.565699 2.247396
1769101064.768289 -0.950449 -10.559641 2.248978
1769101064.818335 -0.953672 -10.555639 2.248662
1769101064.873318 -0.956831 -10.551716 2.247713
1769101064.918309 -0.961603 -10.545777 2.247396
1769101064.968318 -0.964900 -10.541673 2.246131
1769101065.023328 -0.968112 -10.537662 2.243916
1769101065.063303 -0.972767 -10.531824 2.242967
1769101065.118323 -0.975966 -10.527804 2.242018
1769101065.173335 -0.979209 -10.523721 2.242018
1769101065.218325 -0.984089 -10.517577 2.240752
1769101065.268336 -0.987311 -10.513510 2.241069
1769101065.323311 -0.990534 -10.509444 2.242018
1769101065.368322 -0.995304 -10.503438 2.242334
1769101065.418319 -0.998564 -10.499337 2.243916
1769101065.468323 -1.001656 -10.495458 2.243916
1769101065.518323 -1.006374 -10.489541 2.245498
1769101065.568307 -1.009299 -10.485884 2.245814
1769101065.618334 -1.012431 -10.481972 2.246447
1769101065.663341 -1.017132 -10.476106 2.247396
1769101065.718357 -1.020350 -10.472100 2.247080
1769101065.773354 -1.023645 -10.467994 2.247080
1769101065.818344 -1.028540 -10.461894 2.246131
1769101065.863333 -1.031831 -10.457785 2.245498
1769101065.923405 -1.035072 -10.453733 2.245182
1769101065.968348 -1.040003 -10.447565 2.243916
1769101066.018388 -1.043222 -10.443528 2.242651
1769101066.073328 -1.046452 -10.439467 2.241701
1769101066.118333 -1.051204 -10.433480 2.241701
1769101066.168342 -1.054398 -10.429455 2.242018
1769101066.218324 -1.057484 -10.425571 2.242018
1769101066.263341 -1.062080 -10.419783 2.242651
1769101066.318332 -1.065263 -10.415782 2.244549
1769101066.368341 -1.068469 -10.411766 2.245498
1769101066.418342 -1.073307 -10.405718 2.246764
1769101066.473324 -1.076347 -10.401927 2.247396
1769101066.513343 -1.080991 -10.396145 2.247080
1769101066.568346 -1.084159 -10.392197 2.247713
1769101066.623325 -1.087409 -10.388152 2.246764
1769101066.663330 -1.091970 -10.382466 2.245498
1769101066.713352 -1.095290 -10.378315 2.246131
1769101066.768341 -1.098281 -10.374581 2.244549
1769101066.818342 -1.103271 -10.368331 2.243283
1769101066.863333 -1.106314 -10.364510 2.242334
1769101066.923369 -1.109621 -10.360348 2.241701
1769101066.968354 -1.114515 -10.354183 2.240752
1769101067.028348 -1.117800 -10.350036 2.241069
1769101067.068336 -1.122328 -10.344324 2.241069
1769101067.118332 -1.125457 -10.340377 2.241385
1769101067.173332 -1.128461 -10.336589 2.242334
1769101067.218392 -1.133122 -10.330724 2.244233
1769101067.263337 -1.136074 -10.327024 2.246447
1769101067.318361 -1.139208 -10.323114 2.247080
1769101067.368362 -1.143739 -10.317468 2.247713
1769101067.428370 -1.146894 -10.313542 2.248029
1769101067.468378 -1.151843 -10.307388 2.248029
1769101067.513366 -1.155078 -10.303364 2.247396
1769101067.573372 -1.158375 -10.299259 2.246764
1769101067.613365 -1.163046 -10.293434 2.244549
1769101067.668367 -1.166110 -10.289597 2.243283
1769101067.723344 -1.169342 -10.285538 2.242334
1769101067.768375 -1.174145 -10.279495 2.241385
1769101067.818384 -1.177354 -10.275449 2.242018
1769101067.868369 -1.180534 -10.271446 2.242651
1769101067.918382 -1.185213 -10.265562 2.242334
1769101067.968365 -1.188268 -10.261718 2.243600
1769101068.018376 -1.191502 -10.257660 2.243916
1769101068.068362 -1.196078 -10.251921 2.245814
1769101068.123356 -1.199288 -10.247910 2.245498
1769101068.168364 -1.203889 -10.242158 2.246447
1769101068.218361 -1.207071 -10.238188 2.246131
1769101068.273381 -1.210252 -10.234218 2.246447
1769101068.318366 -1.214985 -10.228312 2.246764
1769101068.368371 -1.218183 -10.224324 2.246131
1769101068.428371 -1.221380 -10.220333 2.246764
1769101068.468385 -1.226352 -10.214134 2.245498
1769101068.523388 -1.229609 -10.210062 2.245498
1769101068.573378 -1.233024 -10.205793 2.243600
1769101068.618353 -1.237882 -10.199696 2.242967
1769101068.668374 -1.241224 -10.195497 2.242334
1769101068.728378 -1.244294 -10.191633 2.240752
1769101068.768377 -1.249072 -10.185602 2.240120
1769101068.813380 -1.252182 -10.181672 2.240752
1769101068.873386 -1.255152 -10.177922 2.241701
1769101068.918377 -1.259810 -10.172054 2.243600
1769101068.968354 -1.262823 -10.168273 2.244549
1769101069.023357 -1.266044 -10.164238 2.247080
1769101069.068355 -1.270638 -10.158513 2.248345
1769101069.128381 -1.273923 -10.154431 2.248029
1769101069.168385 -1.278570 -10.148652 2.248345
1769101069.218383 -1.281870 -10.144550 2.247080
1769101069.268400 -1.285039 -10.140602 2.247080
1769101069.318379 -1.288255 -10.136595 2.244865
1769101069.363399 -1.292915 -10.130762 2.243916
1769101069.423389 -1.296087 -10.126784 2.243600
1769101069.473388 -1.300787 -10.120885 2.242967
1769101069.518389 -1.303908 -10.116964 2.242334
1769101069.568428 -1.307215 -10.112802 2.242334
1769101069.613364 -1.312065 -10.106699 2.243600
1769101069.678387 -1.315141 -10.102839 2.243283
1769101069.718410 -1.319729 -10.097078 2.243600
1769101069.763437 -1.322758 -10.093277 2.244233
1769101069.818419 -1.325709 -10.089577 2.244549
1769101069.868451 -1.330242 -10.083900 2.244865
1769101069.928392 -1.333386 -10.079965 2.246447
1769101069.968413 -1.337960 -10.074257 2.247396
1769101070.023420 -1.341146 -10.070291 2.247080
1769101070.073435 -1.344251 -10.066422 2.247080
1769101070.118382 -1.348972 -10.060539 2.247080
1769101070.168414 -1.352267 -10.056433 2.247080
1769101070.218382 -1.355625 -10.052248 2.245814
1769101070.268404 -1.360513 -10.046143 2.244865
1769101070.318390 -1.363830 -10.041990 2.241701
1769101070.373405 -1.367009 -10.037985 2.241701
1769101070.418423 -1.371840 -10.031899 2.240752
1769101070.468385 -1.374967 -10.027951 2.240436
1769101070.523409 -1.378109 -10.023982 2.240436
1769101070.568386 -1.382823 -10.018029 2.242334
1769101070.613403 -1.386130 -10.013867 2.243600
1769101070.673411 -1.389284 -10.009908 2.244233
1769101070.718404 -1.394099 -10.003874 2.246447
1769101070.768458 -1.397249 -9.999944 2.247396
1769101070.823389 -1.400292 -9.996155 2.248029
1769101070.868416 -1.405098 -9.990178 2.247713
1769101070.918406 -1.408078 -9.986469 2.247080
1769101070.973408 -1.411310 -9.982442 2.246447
1769101071.018416 -1.416059 -9.976517 2.247080
1769101071.068409 -1.419116 -9.972707 2.246131
1769101071.118402 -1.422360 -9.968657 2.244549
1769101071.168450 -1.427161 -9.962644 2.245182
1769101071.228419 -1.430432 -9.958552 2.244233
1769101071.268413 -1.435421 -9.952300 2.243600
1769101071.318413 -1.438623 -9.948282 2.243283
1769101071.378412 -1.441713 -9.944401 2.243283
1769101071.418407 -1.446427 -9.938481 2.242967
1769101071.468415 -1.449406 -9.934737 2.242651
1769101071.523428 -1.452541 -9.930795 2.243600
1769101071.568400 -1.457178 -9.924976 2.244865
1769101071.618398 -1.460227 -9.921159 2.245182
1769101071.668444 -1.463372 -9.917225 2.246764
1769101071.718404 -1.468076 -9.911361 2.247713
1769101071.768442 -1.471294 -9.907355 2.248029
1769101071.818438 -1.474609 -9.903233 2.247713
1769101071.868428 -1.479302 -9.897393 2.247713
1769101071.923468 -1.482631 -9.893250 2.246447
1769101071.968444 -1.487253 -9.887483 2.245182
1769101072.018558 -1.490541 -9.883370 2.242651
1769101072.073418 -1.493723 -9.879369 2.241385
1769101072.118420 -1.498521 -9.873321 2.241069
1769101072.168418 -1.501712 -9.869294 2.240752
1769101072.223431 -1.504746 -9.865465 2.241069
1769101072.268425 -1.509588 -9.859356 2.241701
1769101072.313439 -1.512751 -9.855371 2.242651
1769101072.373421 -1.516028 -9.851251 2.244549
1769101072.418427 -1.520734 -9.845356 2.245182
1769101072.468440 -1.523911 -9.841383 2.246764
1769101072.518435 -1.527030 -9.837493 2.246447
1769101072.568428 -1.531605 -9.831785 2.246764
1769101072.618423 -1.534551 -9.828113 2.247396
1769101072.668438 -1.537720 -9.824166 2.247396
1769101072.718432 -1.542380 -9.818364 2.246764
1769101072.773434 -1.545658 -9.814276 2.247080
1769101072.818455 -1.550569 -9.808157 2.245814
1769101072.868421 -1.553874 -9.804027 2.245498
1769101072.928417 -1.557179 -9.799896 2.244549
1769101072.968437 -1.562058 -9.793784 2.243600
1769101073.018439 -1.565323 -9.789687 2.242651
1769101073.083445 -1.568490 -9.785705 2.241701
1769101073.118477 -1.573226 -9.779738 2.242018
1769101073.163434 -1.576343 -9.775813 2.243283
1769101073.218442 -1.579465 -9.771893 2.243283
1769101073.273449 -1.582587 -9.767973 2.244549
1769101073.318450 -1.587404 -9.761940 2.246131
1769101073.368433 -1.590632 -9.757910 2.246764
1769101073.423457 -1.593846 -9.753901 2.247713
1769101073.468420 -1.598698 -9.747864 2.247713
1769101073.528449 -1.601726 -9.744096 2.248662
1769101073.568509 -1.606567 -9.738083 2.246447
1769101073.613451 -1.609765 -9.734093 2.245814
1769101073.678458 -1.612881 -9.730201 2.245498
1769101073.718452 -1.617608 -9.724291 2.244549
1769101073.768545 -1.620735 -9.720374 2.243916
1769101073.823495 -1.623749 -9.716594 2.242334
1769101073.868478 -1.628741 -9.710313 2.242651
1769101073.928469 -1.631970 -9.706252 2.242334
1769101073.968456 -1.636679 -9.700328 2.242018
1769101074.018449 -1.639702 -9.696522 2.242651
1769101074.073467 -1.642837 -9.692580 2.242967
1769101074.118453 -1.647423 -9.686817 2.243283
1769101074.168524 -1.650513 -9.682936 2.243916
1769101074.223462 -1.653701 -9.678938 2.245814
1769101074.263462 -1.658319 -9.673168 2.247080
1769101074.318462 -1.661551 -9.669142 2.248345
1769101074.373447 -1.664693 -9.665237 2.247713
1769101074.418480 -1.669655 -9.659062 2.248662
1769101074.468461 -1.672719 -9.655257 2.247713
1769101074.523451 -1.676016 -9.651153 2.246447
1769101074.568445 -1.680892 -9.645070 2.245182
1769101074.613548 -1.683989 -9.641195 2.244549
1769101074.673483 -1.687243 -9.637120 2.243283
1769101074.713463 -1.692067 -9.631061 2.241385
1769101074.768450 -1.695260 -9.627036 2.241069
1769101074.823451 -1.698405 -9.623069 2.241701
1769101074.868456 -1.703157 -9.617082 2.241701
1769101074.918449 -1.706383 -9.613018 2.243283
1769101074.973456 -1.709568 -9.609018 2.243916
1769101075.018450 -1.714365 -9.603002 2.245814
1769101075.073456 -1.717417 -9.599188 2.246131
1769101075.123486 -1.722022 -9.593440 2.247713
1769101075.168476 -1.725209 -9.589474 2.246764
1769101075.223489 -1.728376 -9.585525 2.246764
1769101075.268476 -1.733190 -9.579523 2.246131
1769101075.318463 -1.736354 -9.575572 2.246131
1769101075.373478 -1.739503 -9.571640 2.245814
1769101075.423477 -1.744264 -9.565693 2.244233
1769101075.468474 -1.747548 -9.561577 2.244233
1769101075.523481 -1.750894 -9.557383 2.243600
1769101075.568464 -1.755800 -9.551227 2.242018
1769101075.613488 -1.758979 -9.547223 2.241385
1769101075.673459 -1.762157 -9.543218 2.241385
1769101075.718463 -1.766765 -9.537407 2.240436
1769101075.763533 -1.769845 -9.533518 2.240436
1769101075.828495 -1.773018 -9.529509 2.241069
1769101075.868485 -1.777672 -9.523638 2.243600
1769101075.918510 -1.780653 -9.519897 2.244549
1769101075.973510 -1.783796 -9.515961 2.246131
1769101076.018560 -1.788559 -9.510014 2.247713
1769101076.078483 -1.791825 -9.505950 2.248345
1769101076.123548 -1.796553 -9.500074 2.247713
1769101076.163493 -1.799819 -9.496009 2.247080
1769101076.228543 -1.803003 -9.492041 2.247396
1769101076.273496 -1.807884 -9.485963 2.244865
1769101076.318496 -1.810934 -9.482147 2.243916
1769101076.378495 -1.814121 -9.478149 2.242651
1769101076.418551 -1.818784 -9.472285 2.242651
1769101076.468503 -1.821982 -9.468264 2.242334
1769101076.523492 -1.825258 -9.464142 2.241701
1769101076.568494 -1.830120 -9.458016 2.242651
1769101076.613507 -1.833177 -9.454173 2.242651
1769101076.673500 -1.836406 -9.450112 2.243600
1769101076.713500 -1.841028 -9.444312 2.244549
1769101076.768493 -1.844155 -9.440396 2.245814
1769101076.818509 -1.847302 -9.436464 2.245498
1769101076.873497 -1.851856 -9.430771 2.246764
1769101076.923519 -1.855054 -9.426783 2.246764
1769101076.968499 -1.859568 -9.421156 2.247080
1769101077.018496 -1.862847 -9.417070 2.247396
1769101077.073513 -1.865906 -9.413261 2.245814
1769101077.113499 -1.870872 -9.407056 2.246447
1769101077.168494 -1.874117 -9.403007 2.245498
1769101077.223508 -1.877263 -9.399074 2.244549
1769101077.268528 -1.882191 -9.392903 2.243283
1769101077.313496 -1.885297 -9.389002 2.241701
1769101077.368489 -1.888570 -9.384879 2.241069
1769101077.418895 -1.893114 -9.379146 2.240120
1769101077.473505 -1.896050 -9.375434 2.239803
1769101077.513514 -1.900320 -9.370034 2.241701
1769101077.573513 -1.903341 -9.366228 2.242967
1769101077.618583 -1.907534 -9.360960 2.244233
1769101077.668508 -1.910517 -9.357220 2.245814
1769101077.723500 -1.913317 -9.353723 2.246764
1769101077.768533 -1.917703 -9.348253 2.247713
1769101077.813537 -1.920636 -9.344603 2.248029
1769101077.873625 -1.923539 -9.340994 2.248345
1769101077.918600 -1.928013 -9.335433 2.246447
1769101077.963508 -1.930862 -9.331878 2.245814
1769101078.028496 -1.933820 -9.328183 2.245498
1769101078.068526 -1.938026 -9.322925 2.244233
1769101078.113527 -1.940978 -9.319225 2.244549
1769101078.178508 -1.943915 -9.315546 2.243916
1769101078.218524 -1.948176 -9.310203 2.243283
1769101078.263536 -1.950998 -9.306659 2.242334
1769101078.323512 -1.953754 -9.303191 2.243283
1769101078.363515 -1.957664 -9.298281 2.242651
1769101078.418541 -1.960374 -9.294873 2.242651
1769101078.473529 -1.962973 -9.291605 2.242967
1769101078.518514 -1.966803 -9.286792 2.242651
1769101078.563510 -1.969450 -9.283464 2.243283
1769101078.623578 -1.971988 -9.280276 2.244233
1769101078.668524 -1.975919 -9.275350 2.245182
1769101078.718509 -1.978527 -9.272088 2.246131
1769101078.773535 -1.981137 -9.268828 2.246447
1769101078.818533 -1.985158 -9.263812 2.247080
1769101078.868530 -1.987883 -9.260417 2.247713
1769101078.923534 -1.990610 -9.257023 2.247080
1769101078.968534 -1.994713 -9.251910 2.246764
1769101079.018517 -1.997421 -9.248534 2.247080
1769101079.078585 -2.000209 -9.245060 2.245814
1769101079.113537 -2.004258 -9.240001 2.245182
1769101079.163534 -2.006992 -9.236581 2.242967
1769101079.223525 -2.009561 -9.233353 2.241385
1769101079.268588 -2.013556 -9.228316 2.240120
1769101079.313535 -2.016195 -9.224981 2.240120
1769101079.373544 -2.018817 -9.221666 2.240436
1769101079.418600 -2.022808 -9.216626 2.241069
1769101079.468543 -2.025276 -9.213512 2.240752
1769101079.518525 -2.027980 -9.210099 2.242018
1769101079.568536 -2.031852 -9.205224 2.243283
1769101079.613549 -2.034532 -9.201858 2.243916
1769101079.673546 -2.037199 -9.198513 2.244865
1769101079.713541 -2.041196 -9.193510 2.246447
1769101079.778584 -2.043650 -9.190449 2.247396
1769101079.818565 -2.047628 -9.185495 2.247080
1769101079.868671 -2.050241 -9.182238 2.246764
1769101079.923552 -2.052886 -9.178941 2.247080
1769101079.968575 -2.056767 -9.174105 2.246131
1769101080.018572 -2.059394 -9.170825 2.246131
1769101080.078594 -2.062068 -9.167487 2.246447
1769101080.113557 -2.066184 -9.162352 2.245182
1769101080.168627 -2.068760 -9.159129 2.244865
1769101080.223551 -2.071525 -9.155669 2.243916
1769101080.263561 -2.075659 -9.150484 2.243916
1769101080.318549 -2.078404 -9.147040 2.243283
1769101080.373564 -2.081148 -9.143595 2.242651
1769101080.418551 -2.085008 -9.138742 2.242967
1769101080.468557 -2.087655 -9.135414 2.242967
1769101080.523548 -2.090303 -9.132087 2.241701
1769101080.568555 -2.094206 -9.127171 2.242967
1769101080.613577 -2.096806 -9.123903 2.243283
1769101080.673652 -2.099376 -9.120675 2.244865
1769101080.713556 -2.103326 -9.115732 2.246131
1769101080.768557 -2.105984 -9.112413 2.246131
1769101080.828646 -2.108690 -9.109035 2.247080
1769101080.868563 -2.112745 -9.103981 2.247713
1769101080.913585 -2.115456 -9.100608 2.247396
1769101080.973644 -2.118135 -9.097272 2.248345
1769101081.018563 -2.122244 -9.092165 2.247396
1769101081.068546 -2.124923 -9.088830 2.247080
1769101081.123550 -2.127616 -9.085474 2.245814
1769101081.168554 -2.131665 -9.080415 2.243283
1769101081.218572 -2.134187 -9.077247 2.243283
1769101081.273575 -2.136899 -9.073842 2.242651
1769101081.313576 -2.140869 -9.068850 2.242018
1769101081.363587 -2.143593 -9.065421 2.241701
1769101081.423567 -2.146299 -9.062011 2.241069
1769101081.468572 -2.150183 -9.057112 2.240752
1769101081.523587 -2.152760 -9.053858 2.241385
1769101081.568555 -2.156646 -9.048960 2.241069
1769101081.613587 -2.159256 -9.045668 2.241701
1769101081.673554 -2.161805 -9.042456 2.242334
1769101081.713588 -2.165742 -9.037502 2.244233
1769101081.763563 -2.168220 -9.034396 2.243916
1769101081.823574 -2.170824 -9.031131 2.244865
1769101081.868646 -2.174710 -9.026266 2.245498
1769101081.913645 -2.177319 -9.023005 2.245814
1769101081.978630 -2.179944 -9.019725 2.246447
1769101082.018614 -2.183965 -9.014708 2.247080
1769101082.073608 -2.186674 -9.011333 2.246764
1769101082.118583 -2.189239 -9.008134 2.246764
1769101082.163629 -2.193373 -9.002981 2.246447
1769101082.218565 -2.196127 -8.999544 2.245182
1769101082.268640 -2.198845 -8.996144 2.244549
1769101082.313588 -2.202951 -8.991001 2.243916
1769101082.368647 -2.205523 -8.987775 2.242967
1769101082.423583 -2.208202 -8.984408 2.242334
1769101082.468647 -2.212218 -8.979355 2.240752
1769101082.513601 -2.214827 -8.976062 2.241385
1769101082.573581 -2.217470 -8.972731 2.242018
1769101082.613595 -2.221374 -8.967815 2.242018
1769101082.688594 -2.223892 -8.964644 2.243283
1769101082.723585 -2.227929 -8.959575 2.243916
1769101082.768574 -2.230548 -8.956290 2.245182
1769101082.828589 -2.233235 -8.952929 2.245814
1769101082.868601 -2.237268 -8.947891 2.246764
1769101082.918579 -2.239786 -8.944751 2.247713
1769101082.978664 -2.242481 -8.941397 2.247080
1769101083.018604 -2.246458 -8.936442 2.247396
1769101083.068650 -2.248993 -8.933285 2.246764
1769101083.123633 -2.251670 -8.929948 2.245814
1769101083.168599 -2.255687 -8.924929 2.245814
1769101083.218597 -2.258265 -8.921708 2.244865
1769101083.268587 -2.260919 -8.918386 2.244233
1769101083.318588 -2.264992 -8.913281 2.244233
1769101083.368601 -2.267755 -8.909819 2.243283
1769101083.423629 -2.270482 -8.906394 2.242334
1769101083.468645 -2.274655 -8.901143 2.242018
1769101083.518652 -2.277221 -8.897912 2.241701
1769101083.568588 -2.279881 -8.894562 2.240752
1769101083.613599 -2.283716 -8.889721 2.241385
1769101083.678678 -2.286358 -8.886389 2.241385
1769101083.723649 -2.290275 -8.881452 2.241701
1769101083.768633 -2.292871 -8.878181 2.242018
1769101083.828659 -2.295311 -8.875108 2.243600
1769101083.868608 -2.299238 -8.870180 2.245182
1769101083.918614 -2.301688 -8.867115 2.246131
1769101083.973608 -2.304346 -8.863796 2.247396
1769101084.018607 -2.308261 -8.858922 2.247713
1769101084.068636 -2.310909 -8.855627 2.248029
1769101084.118597 -2.313653 -8.852215 2.248345
1769101084.168607 -2.317762 -8.847107 2.246764
1769101084.218591 -2.320470 -8.843731 2.247080
1769101084.278691 -2.323211 -8.840316 2.246131
1769101084.318593 -2.327230 -8.835298 2.244233
1769101084.363612 -2.329897 -8.831954 2.243283
1769101084.418667 -2.332594 -8.828569 2.242334
1769101084.468693 -2.336609 -8.823516 2.242018
1769101084.513596 -2.339285 -8.820146 2.242018
1769101084.573700 -2.341914 -8.816836 2.241701
1769101084.613616 -2.345927 -8.811781 2.242651
1769101084.668674 -2.348652 -8.808354 2.242967
1769101084.723622 -2.351300 -8.805027 2.242967
1769101084.768600 -2.355303 -8.799996 2.244233
1769101084.818626 -2.357987 -8.796633 2.244865
1769101084.873590 -2.360625 -8.793330 2.245814
1769101084.918591 -2.364611 -8.788351 2.246447
1769101084.968679 -2.367255 -8.785053 2.246131
1769101085.028581 -2.369881 -8.781773 2.246131
1769101085.073641 -2.373837 -8.776835 2.246764
1769101085.118658 -2.376497 -8.773518 2.246131
1769101085.173637 -2.379140 -8.770218 2.246447
1769101085.218618 -2.383145 -8.765222 2.246131
1769101085.268608 -2.385692 -8.762041 2.245814
1769101085.323610 -2.388508 -8.758524 2.245182
1769101085.373732 -2.392617 -8.753384 2.244549
1769101085.418634 -2.395380 -8.749922 2.244233
1769101085.478681 -2.398143 -8.746460 2.242651
1769101085.518612 -2.402223 -8.741329 2.241701
1769101085.568660 -2.404788 -8.738098 2.241385
1769101085.623740 -2.407399 -8.734806 2.240120
1769101085.668665 -2.411372 -8.729784 2.239803
1769101085.718703 -2.413947 -8.726528 2.239803
1769101085.773688 -2.416537 -8.723252 2.241385
1769101085.818639 -2.420296 -8.718512 2.242967
1769101085.868628 -2.422944 -8.715185 2.242967
1769101085.923678 -2.425560 -8.711898 2.244233
1769101085.968616 -2.429554 -8.706892 2.246447
1769101086.018633 -2.432214 -8.703574 2.246447
1769101086.078614 -2.434920 -8.700197 2.248029
1769101086.113684 -2.438997 -8.695127 2.247713
1769101086.183608 -2.441517 -8.691990 2.247396
1769101086.218615 -2.445575 -8.686938 2.246764
1769101086.263582 -2.448108 -8.683779 2.245498
1769101086.328690 -2.450780 -8.680439 2.244549
1769101086.373606 -2.454791 -8.675415 2.243283
1769101086.418619 -2.457472 -8.672049 2.243283
1769101086.468598 -2.460121 -8.668722 2.243283
1769101086.518596 -2.462801 -8.665356 2.242018
1769101086.568603 -2.466752 -8.660382 2.242334
1769101086.628577 -2.469524 -8.656894 2.242334
1769101086.668607 -2.473587 -8.651782 2.242334
1769101086.718720 -2.476280 -8.648394 2.242651
1769101086.778686 -2.478926 -8.645066 2.242651
1769101086.818589 -2.482928 -8.640034 2.243283
1769101086.863612 -2.485577 -8.636707 2.243916
1769101086.928606 -2.488038 -8.633620 2.243916
1769101086.968611 -2.491936 -8.628732 2.243600
1769101087.018605 -2.494554 -8.625446 2.244233
1769101087.073612 -2.497064 -8.622300 2.245182
1769101087.118623 -2.501000 -8.617378 2.246131
1769101087.168639 -2.503563 -8.614177 2.246131
1769101087.218665 -2.506174 -8.610918 2.246447
1769101087.268657 -2.510305 -8.605763 2.246764
1769101087.318647 -2.512886 -8.602545 2.246447
1769101087.368640 -2.515641 -8.599108 2.246447
1769101087.418657 -2.519661 -8.594092 2.244549
1769101087.478672 -2.522378 -8.590689 2.243916
1769101087.513656 -2.526480 -8.585544 2.242018
1769101087.568651 -2.528967 -8.582413 2.241385
1769101087.623656 -2.531720 -8.578942 2.239803
1769101087.668659 -2.535692 -8.573919 2.239487
1769101087.718681 -2.538124 -8.570841 2.239803
1769101087.773671 -2.540761 -8.567505 2.240436
1769101087.818703 -2.544704 -8.562524 2.240752
1769101087.868739 -2.547329 -8.559211 2.241701
1769101087.923675 -2.549894 -8.555980 2.243916
1769101087.968653 -2.553886 -8.550973 2.244233
1769101088.018707 -2.556554 -8.547629 2.245182
1769101088.073712 -2.559225 -8.544288 2.246131
1769101088.118669 -2.563070 -8.539488 2.247080
1769101088.163760 -2.565716 -8.536191 2.247396
1769101088.218654 -2.568394 -8.532856 2.246447
1769101088.268676 -2.572351 -8.527918 2.245814
1769101088.328649 -2.574882 -8.524757 2.245814
1769101088.368655 -2.578852 -8.519797 2.246131
1769101088.418665 -2.581510 -8.516478 2.245498
1769101088.473658 -2.584087 -8.513256 2.244549
1769101088.513649 -2.588209 -8.508094 2.243600
1769101088.568663 -2.590954 -8.504650 2.243600
1769101088.618660 -2.593556 -8.501383 2.243283
1769101088.668667 -2.597656 -8.496235 2.242018
1769101088.728660 -2.600363 -8.492826 2.242651
1769101088.768667 -2.604129 -8.488092 2.242334
1769101088.813671 -2.606790 -8.484743 2.242651
1769101088.873675 -2.609279 -8.481613 2.242018
1769101088.918667 -2.613199 -8.476678 2.241701
1769101088.968689 -2.615827 -8.473367 2.242651
1769101089.028682 -2.618395 -8.470138 2.243600
1769101089.068665 -2.622306 -8.465229 2.244865
1769101089.113680 -2.624818 -8.462085 2.245814
1769101089.173676 -2.627428 -8.458824 2.246131
1769101089.218692 -2.631510 -8.453728 2.247396
1769101089.263745 -2.634236 -8.450333 2.247396
1769101089.323682 -2.636962 -8.446939 2.247396
1769101089.368693 -2.641035 -8.441867 2.246447
1769101089.418689 -2.643726 -8.438510 2.246447
1769101089.473686 -2.646481 -8.435073 2.245814
1769101089.513663 -2.650371 -8.430212 2.243916
1769101089.573677 -2.653070 -8.426828 2.242334
1769101089.623701 -2.655778 -8.423420 2.241069
1769101089.668688 -2.659741 -8.418422 2.240436
1769101089.718690 -2.662443 -8.415008 2.240436
1769101089.773688 -2.665098 -8.411654 2.240752
1769101089.813698 -2.669121 -8.406575 2.240752
1769101089.868701 -2.671620 -8.403421 2.241069
1769101089.923689 -2.674309 -8.400029 2.242018
1769101089.968712 -2.678339 -8.394955 2.243283
1769101090.028716 -2.680862 -8.391787 2.243283
1769101090.073743 -2.684819 -8.386818 2.244865
1769101090.118677 -2.687457 -8.383515 2.245814
1769101090.178657 -2.689925 -8.380433 2.245182
1769101090.218703 -2.693860 -8.375510 2.245498
1769101090.268672 -2.696358 -8.372387 2.246764
1769101090.323700 -2.698987 -8.369109 2.246764
1769101090.368684 -2.702946 -8.364173 2.246131
1769101090.418696 -2.705525 -8.360953 2.246447
1769101090.473679 -2.708216 -8.357596 2.246447
1769101090.513716 -2.712363 -8.352421 2.245814
1769101090.568702 -2.714973 -8.349161 2.244865
1769101090.618697 -2.717722 -8.345720 2.244233
1769101090.668698 -2.721684 -8.340754 2.243283
1769101090.728709 -2.724412 -8.337328 2.242967
1769101090.763688 -2.728478 -8.332219 2.242334
1769101090.818694 -2.730998 -8.329048 2.241069
1769101090.878694 -2.733624 -8.325736 2.240752
1769101090.918702 -2.737553 -8.320776 2.241385
1769101090.963704 -2.740038 -8.317643 2.242651
1769101091.023670 -2.742653 -8.314355 2.242651
1769101091.068695 -2.746560 -8.309442 2.243916
1769101091.118678 -2.749132 -8.306216 2.244865
1769101091.168690 -2.751818 -8.302854 2.245498
1769101091.218749 -2.755865 -8.297794 2.246764
1769101091.268703 -2.758431 -8.294596 2.246764
1769101091.323703 -2.761075 -8.291298 2.247080
1769101091.368680 -2.765004 -8.286403 2.247080
1769101091.428705 -2.767697 -8.283047 2.246447
1769101091.473688 -2.771686 -8.278070 2.245814
1769101091.518715 -2.774391 -8.274691 2.244865
1769101091.568738 -2.777093 -8.271310 2.243916
1769101091.618781 -2.779728 -8.268005 2.243600
1769101091.673730 -2.783813 -8.262878 2.242018
1769101091.718703 -2.786473 -8.259528 2.242334
1769101091.773743 -2.789245 -8.256041 2.241069
1769101091.818710 -2.793317 -8.250904 2.240752
1769101091.868724 -2.796036 -8.247471 2.241069
1769101091.923729 -2.798741 -8.244060 2.241069
1769101091.963738 -2.802734 -8.239022 2.241069
1769101092.018742 -2.805313 -8.235769 2.242334
1769101092.073743 -2.807927 -8.232479 2.242334
1769101092.118738 -2.811738 -8.227684 2.242334
1769101092.178743 -2.814368 -8.224375 2.243283
1769101092.218731 -2.818089 -8.219702 2.244549
1769101092.273732 -2.820568 -8.216597 2.246131
1769101092.318737 -2.824239 -8.212014 2.246764
1769101092.363719 -2.826931 -8.208657 2.246764
1769101092.428714 -2.829623 -8.205301 2.247396
1769101092.473724 -2.833744 -8.200169 2.247396
1769101092.518715 -2.836438 -8.196815 2.246764
1769101092.578721 -2.839225 -8.193339 2.245498
1769101092.618730 -2.843289 -8.188260 2.244549
1769101092.668721 -2.846005 -8.184858 2.244549
1769101092.718703 -2.848705 -8.181475 2.242967
1769101092.768723 -2.851369 -8.178128 2.242018
1769101092.813726 -2.855367 -8.173094 2.240752
1769101092.868743 -2.858055 -8.169701 2.241069
1769101092.923722 -2.860696 -8.166369 2.241701
1769101092.963723 -2.864504 -8.161572 2.242334
1769101093.028744 -2.867134 -8.158263 2.242018
1769101093.073740 -2.871164 -8.153189 2.243283
1769101093.118729 -2.873860 -8.149803 2.244233
1769101093.163728 -2.876528 -8.146459 2.244549
1769101093.218730 -2.879197 -8.143116 2.245498
1769101093.268745 -2.883197 -8.138116 2.245182
1769101093.328734 -2.885836 -8.134814 2.246764
1769101093.368736 -2.889668 -8.130036 2.246131
1769101093.413745 -2.892327 -8.126717 2.246131
1769101093.478726 -2.894922 -8.123477 2.245498
1769101093.518733 -2.898811 -8.118615 2.244865
1769101093.563737 -2.901465 -8.115293 2.245498
1769101093.623743 -2.904042 -8.112071 2.245182
1769101093.668754 -2.908104 -8.106990 2.244233
1769101093.718762 -2.910867 -8.103528 2.243916
1769101093.773774 -2.913660 -8.100025 2.242334
1769101093.818776 -2.917628 -8.095032 2.241069
1769101093.873815 -2.920364 -8.091581 2.241069
1769101093.923781 -2.924279 -8.086642 2.240120
1769101093.963742 -2.926917 -8.083307 2.240120
1769101094.028770 -2.929430 -8.080131 2.239487
1769101094.073769 -2.933321 -8.075206 2.240120
1769101094.118751 -2.935897 -8.071951 2.240752
1769101094.173745 -2.938521 -8.068637 2.241701
1769101094.218744 -2.942251 -8.063939 2.243283
1769101094.268751 -2.944900 -8.060612 2.243916
1769101094.328751 -2.947377 -8.057505 2.245498
1769101094.363751 -2.951409 -8.052465 2.247080
1769101094.418764 -2.953991 -8.049248 2.247396
1769101094.473757 -2.956669 -8.045913 2.247080
1769101094.518741 -2.960741 -8.040839 2.246764
1769101094.578767 -2.963480 -8.037424 2.246447
1769101094.618752 -2.967374 -8.032565 2.245814
1769101094.668747 -2.969937 -8.029364 2.244549
1769101094.728750 -2.972605 -8.026021 2.242967
1769101094.768757 -2.976593 -8.021011 2.242651
1769101094.818754 -2.979318 -8.017583 2.241701
1769101094.878755 -2.981993 -8.014213 2.242334
1769101094.923758 -2.986009 -8.009160 2.242018
1769101094.963768 -2.988701 -8.005771 2.241701
1769101095.028807 -2.991423 -8.002341 2.242651
1769101095.073758 -2.995488 -7.997231 2.242651
1769101095.118824 -2.998150 -7.993883 2.242967
1769101095.173759 -3.000688 -7.990694 2.243916
1769101095.218772 -3.004664 -7.985707 2.244549
1769101095.263760 -3.007270 -7.982443 2.245498
1769101095.328752 -3.009926 -7.979123 2.244865
1769101095.368762 -3.013828 -7.974238 2.245182
1769101095.418777 -3.016483 -7.970917 2.245814
1769101095.478819 -3.019077 -7.967676 2.246447
1769101095.518765 -3.023035 -7.962739 2.246447
1769101095.568775 -3.025583 -7.959559 2.246764
1769101095.623759 -3.028307 -7.956163 2.245498
1769101095.668768 -3.032339 -7.951123 2.245814
1769101095.718769 -3.035170 -7.947586 2.246131
1769101095.773804 -3.037892 -7.944188 2.244865
1769101095.813811 -3.042062 -7.938968 2.243600
1769101095.868767 -3.044775 -7.935563 2.242334
1769101095.928805 -3.047468 -7.932174 2.241385
1769101095.968772 -3.051526 -7.927058 2.240752
1769101096.018798 -3.054072 -7.923844 2.239487
1769101096.073809 -3.056756 -7.920448 2.239803
1769101096.118779 -3.060508 -7.915703 2.240120
1769101096.163772 -3.063099 -7.912428 2.241701
1769101096.218793 -3.065585 -7.909296 2.241701
1769101096.268776 -3.069566 -7.904280 2.242651
1769101096.328768 -3.072071 -7.901130 2.244865
1769101096.368785 -3.076052 -7.896147 2.246131
1769101096.418777 -3.078790 -7.892729 2.246447
1769101096.478741 -3.081306 -7.889589 2.246764
1769101096.513786 -3.085344 -7.884554 2.247080
1769101096.563797 -3.087832 -7.881455 2.247396
1769101096.623780 -3.090542 -7.878080 2.245182
1769101096.668782 -3.094477 -7.873157 2.244865
1769101096.713791 -3.097179 -7.869776 2.244549
1769101096.773777 -3.099832 -7.866453 2.243916
1769101096.818805 -3.103840 -7.861426 2.243283
1769101096.868785 -3.106520 -7.858060 2.243283
1769101096.923782 -3.109137 -7.854774 2.242018
1769101096.963789 -3.113262 -7.849581 2.242018
1769101097.018785 -3.115859 -7.846310 2.242334
1769101097.073816 -3.118568 -7.842902 2.241701
1769101097.118783 -3.122596 -7.837827 2.242334
1769101097.163780 -3.125257 -7.834478 2.242018
1769101097.218783 -3.127855 -7.831208 2.242967
1769101097.268795 -3.131685 -7.826396 2.242651
1769101097.328797 -3.134158 -7.823285 2.242967
1769101097.363811 -3.138067 -7.818374 2.243600
1769101097.418792 -3.140559 -7.815246 2.244233
1769101097.478794 -3.143163 -7.811982 2.245182
1769101097.513810 -3.147162 -7.806980 2.246131
1769101097.563797 -3.149884 -7.803582 2.246131
1769101097.618797 -3.152415 -7.800421 2.246764
1769101097.668825 -3.156564 -7.795248 2.246764
1769101097.718855 -3.159272 -7.791872 2.246447
1769101097.773819 -3.162011 -7.788455 2.246131
1769101097.818792 -3.166125 -7.783319 2.244233
1769101097.868818 -3.168682 -7.780113 2.243600
1769101097.923839 -3.171411 -7.776689 2.242018
1769101097.968854 -3.175362 -7.771714 2.240436
1769101098.018815 -3.178095 -7.768261 2.239803
1769101098.073822 -3.180733 -7.764926 2.239803
1769101098.118814 -3.184626 -7.760002 2.239803
1769101098.168809 -3.187294 -7.756626 2.240436
1769101098.223803 -3.189965 -7.753253 2.239803
1769101098.268810 -3.193952 -7.748210 2.241701
1769101098.318805 -3.196643 -7.744820 2.243283
1769101098.368804 -3.199308 -7.741473 2.242967
1769101098.418821 -3.203122 -7.736681 2.244865
1769101098.468806 -3.205792 -7.733339 2.245814
1769101098.528818 -3.208402 -7.730078 2.246131
1769101098.568807 -3.212373 -7.725120 2.245814
1769101098.618838 -3.214967 -7.721879 2.245182
1769101098.673825 -3.217622 -7.718558 2.245814
1769101098.718813 -3.221624 -7.713559 2.245498
1769101098.768813 -3.224249 -7.710278 2.245498
1769101098.823815 -3.226968 -7.706878 2.245498
1769101098.868827 -3.231047 -7.701779 2.244233
1769101098.918818 -3.233810 -7.698316 2.243916
1769101098.973862 -3.236555 -7.694873 2.243916
1769101099.018823 -3.240642 -7.689747 2.242967
1769101099.068823 -3.243353 -7.686341 2.241701
1769101099.123842 -3.245918 -7.683109 2.242018
1769101099.168818 -3.249885 -7.678115 2.241385
1769101099.223817 -3.252417 -7.674922 2.241701
1769101099.268816 -3.256288 -7.670045 2.241069
1769101099.318834 -3.258945 -7.666693 2.242018
1769101099.373820 -3.261527 -7.663443 2.242651
1769101099.418830 -3.265418 -7.658550 2.244233
1769101099.468824 -3.268054 -7.655246 2.244549
1769101099.523827 -3.270755 -7.651863 2.244865
1769101099.573828 -3.274752 -7.646860 2.246447
1769101099.618827 -3.277475 -7.643463 2.247080
1769101099.673822 -3.280168 -7.640107 2.247080
1769101099.718835 -3.284096 -7.635212 2.246447
1769101099.763848 -3.286803 -7.631835 2.246131
1769101099.828939 -3.289477 -7.628496 2.245814
1769101099.868865 -3.293558 -7.623398 2.243916
1769101099.918831 -3.296036 -7.620291 2.242967
1769101099.973829 -3.298762 -7.616865 2.242651
1769101100.018874 -3.302795 -7.611793 2.241385
1769101100.068865 -3.305296 -7.608640 2.240436
1769101100.128839 -3.308030 -7.605187 2.240436
1769101100.163835 -3.312067 -7.600087 2.240120
1769101100.228834 -3.314674 -7.596792 2.240120
1769101100.268835 -3.318490 -7.591969 2.240436
1769101100.318834 -3.321145 -7.588615 2.241385
1769101100.373849 -3.323804 -7.585264 2.241701
1769101100.418834 -3.327769 -7.580268 2.242967
1769101100.468854 -3.330385 -7.576980 2.243600
1769101100.528903 -3.333019 -7.573675 2.243916
1769101100.573854 -3.336870 -7.568846 2.245182
1769101100.618846 -3.339477 -7.565584 2.245498
1769101100.678910 -3.342118 -7.562283 2.246447
1769101100.723851 -3.346059 -7.557365 2.246764
1769101100.768836 -3.348751 -7.554009 2.246131
1769101100.818855 -3.351505 -7.550571 2.246764
1769101100.873846 -3.354212 -7.547195 2.246447
1769101100.918839 -3.358360 -7.542021 2.245814
1769101100.968838 -3.361096 -7.538602 2.244233
1769101101.018911 -3.363827 -7.535179 2.243916
1769101101.068851 -3.367740 -7.530271 2.242651
1769101101.128870 -3.370450 -7.526864 2.242018
1769101101.173863 -3.374464 -7.521810 2.240436
1769101101.218849 -3.377119 -7.518456 2.240120
1769101101.268863 -3.379726 -7.515161 2.240752
1769101101.323852 -3.382351 -7.511848 2.241069
1769101101.368856 -3.386282 -7.506889 2.242334
1769101101.428857 -3.388817 -7.503699 2.242018
1769101101.468854 -3.392800 -7.498685 2.243600
1769101101.518860 -3.395497 -7.495300 2.244549
1769101101.573846 -3.398150 -7.491977 2.245182
1769101101.613875 -3.402164 -7.486955 2.247080
1769101101.673867 -3.404731 -7.483757 2.245814
1769101101.728889 -3.407372 -7.480457 2.246764
1769101101.768877 -3.411252 -7.475620 2.245814
1769101101.813899 -3.413925 -7.472280 2.244865
1769101101.873922 -3.416563 -7.468978 2.244549
1769101101.918900 -3.420606 -7.463914 2.244549
1769101101.968903 -3.423133 -7.460750 2.244549
1769101102.023898 -3.425817 -7.457387 2.243283
1769101102.068875 -3.429932 -7.452219 2.241701
1769101102.118868 -3.432655 -7.448789 2.242018
1769101102.173862 -3.435425 -7.445301 2.240752
1769101102.218937 -3.439527 -7.440123 2.240436
1769101102.278868 -3.442041 -7.436948 2.240436
1769101102.318874 -3.445937 -7.432026 2.240436
1769101102.363885 -3.448561 -7.428712 2.240120
1769101102.423881 -3.451183 -7.425397 2.240436
1769101102.468866 -3.454954 -7.420635 2.241069
1769101102.518885 -3.457548 -7.417362 2.242018
1769101102.573893 -3.460004 -7.414270 2.242651
1769101102.613882 -3.463879 -7.409397 2.245182
1769101102.668872 -3.466519 -7.406095 2.246131
1769101102.723875 -3.469003 -7.402994 2.246447
1769101102.768896 -3.473103 -7.397878 2.246764
1769101102.818891 -3.475779 -7.394542 2.247713
1769101102.873915 -3.478522 -7.391128 2.246764
1769101102.918896 -3.482607 -7.386034 2.246131
1769101102.968957 -3.485345 -7.382616 2.245182
1769101103.023880 -3.488016 -7.379275 2.244865
1769101103.068890 -3.492092 -7.374173 2.243600
1769101103.118889 -3.494773 -7.370808 2.241701
1769101103.173881 -3.497433 -7.367458 2.241385
1769101103.218990 -3.501428 -7.362421 2.240752
1769101103.268880 -3.504131 -7.359009 2.241385
1769101103.328889 -3.506742 -7.355717 2.241385
1769101103.373914 -3.510816 -7.350581 2.242334
1769101103.418900 -3.513446 -7.347272 2.242018
1769101103.473895 -3.516153 -7.343863 2.243283
1769101103.518883 -3.520032 -7.338992 2.243916
1769101103.568932 -3.522683 -7.335667 2.244549
1769101103.618927 -3.525336 -7.332344 2.245182
1769101103.668948 -3.529161 -7.327560 2.245182
1769101103.728950 -3.531658 -7.324436 2.245814
1769101103.773926 -3.535486 -7.319655 2.245814
1769101103.818910 -3.538095 -7.316394 2.245498
1769101103.878930 -3.540736 -7.313093 2.245814
1769101103.923896 -3.544706 -7.308134 2.244865
1769101103.968929 -3.547281 -7.304910 2.245182
1769101104.023973 -3.549889 -7.301648 2.244865
1769101104.068909 -3.554012 -7.296487 2.243916
1769101104.118919 -3.556805 -7.292984 2.244233
1769101104.173911 -3.559457 -7.289660 2.242334
1769101104.218895 -3.563504 -7.284568 2.241385
1769101104.273911 -3.566273 -7.281078 2.241385
1769101104.318914 -3.570126 -7.276220 2.239803
1769101104.368923 -3.572748 -7.272904 2.239487
1769101104.428899 -3.575353 -7.269607 2.238854
1769101104.473918 -3.579241 -7.264679 2.240120
1769101104.518902 -3.581801 -7.261444 2.241069
1769101104.573898 -3.584442 -7.258112 2.242334
1769101104.613892 -3.588348 -7.253198 2.243600
1769101104.668921 -3.590919 -7.249971 2.244549
1769101104.728927 -3.593556 -7.246668 2.246131
1769101104.768919 -3.597591 -7.241630 2.247080
1769101104.813929 -3.600332 -7.238215 2.247396
1769101104.878907 -3.602978 -7.234920 2.247080
1769101104.918912 -3.607018 -7.229886 2.246131
1769101104.968911 -3.609708 -7.226528 2.246131
1769101105.028924 -3.612350 -7.223228 2.245814
1769101105.068911 -3.616368 -7.218209 2.243916
1769101105.118915 -3.619019 -7.214885 2.243283
1769101105.178916 -3.621573 -7.211677 2.242651
1769101105.213915 -3.625590 -7.206626 2.242334
1769101105.263933 -3.628283 -7.203237 2.242651
1769101105.328967 -3.631056 -7.199751 2.241385
1769101105.368923 -3.635130 -7.194615 2.241701
1769101105.413929 -3.637679 -7.191403 2.242334
1769101105.473987 -3.640403 -7.187975 2.242651
1769101105.518912 -3.644389 -7.182963 2.242334
1769101105.568934 -3.646925 -7.179773 2.242651
1769101105.618937 -3.649540 -7.176485 2.243283
1769101105.668933 -3.653324 -7.171733 2.243916
1769101105.718945 -3.655912 -7.168487 2.243916
1769101105.768958 -3.658547 -7.165182 2.244233
1769101105.813937 -3.662493 -7.160236 2.245498
1769101105.878968 -3.664976 -7.157133 2.245814
1769101105.918939 -3.668851 -7.152292 2.246131
1769101105.968949 -3.671588 -7.148874 2.245814
1769101106.023958 -3.674166 -7.145653 2.246131
1769101106.068961 -3.678265 -7.140537 2.245814
1769101106.118951 -3.680953 -7.137178 2.244549
1769101106.168936 -3.683622 -7.133835 2.244233
1769101106.213946 -3.687758 -7.128651 2.242967
1769101106.278951 -3.690327 -7.125423 2.241385
1769101106.318930 -3.694354 -7.120346 2.239487
1769101106.368948 -3.696880 -7.117149 2.239170
1769101106.418952 -3.699358 -7.114010 2.239170
1769101106.468930 -3.703186 -7.109163 2.239803
1769101106.518955 -3.705792 -7.105868 2.239803
1769101106.568944 -3.708413 -7.102552 2.241385
1769101106.613963 -3.712424 -7.097495 2.242334
1769101106.678970 -3.714928 -7.094345 2.243283
1769101106.718931 -3.718917 -7.089335 2.245498
1769101106.768947 -3.721478 -7.086133 2.246131
1769101106.828956 -3.724073 -7.082894 2.246131
1769101106.868948 -3.728061 -7.077915 2.246764
1769101106.918941 -3.730563 -7.074796 2.246764
1769101106.978961 -3.733223 -7.071479 2.246131
1769101107.013955 -3.737226 -7.066481 2.245182
1769101107.068947 -3.739850 -7.063199 2.245182
1769101107.123971 -3.742537 -7.059838 2.245182
1769101107.168937 -3.746551 -7.054816 2.244549
1769101107.218948 -3.749204 -7.051493 2.243916
1769101107.268939 -3.751981 -7.048010 2.243283
1769101107.318946 -3.755955 -7.043021 2.242651
1769101107.378959 -3.758570 -7.039732 2.243283
1769101107.413961 -3.762511 -7.034782 2.242651
1769101107.468946 -3.765079 -7.031553 2.241701
1769101107.523951 -3.767597 -7.028381 2.242967
1769101107.568979 -3.771537 -7.023430 2.241069
1769101107.628969 -3.774022 -7.020296 2.241701
1769101107.668978 -3.777940 -7.015360 2.242651
1769101107.719000 -3.780523 -7.012111 2.243283
1769101107.779005 -3.783015 -7.008983 2.243916
1769101107.813967 -3.786928 -7.004075 2.244549
1769101107.863973 -3.789439 -7.000930 2.246131
1769101107.923973 -3.792050 -6.997670 2.245814
1769101107.968983 -3.796115 -6.992592 2.246764
1769101108.028963 -3.798648 -6.989433 2.247396
1769101108.069005 -3.802737 -6.984341 2.246764
1769101108.118987 -3.805445 -6.980965 2.246447
1769101108.168973 -3.808152 -6.977587 2.246764
1769101108.218963 -3.810891 -6.974171 2.245182
1769101108.268964 -3.814906 -6.969150 2.242651
1769101108.328981 -3.817489 -6.965901 2.242018
1769101108.368988 -3.821456 -6.960906 2.240752
1769101108.413972 -3.824128 -6.957534 2.240752
1769101108.473987 -3.826831 -6.954121 2.240752
1769101108.513963 -3.830792 -6.949122 2.240120
1769101108.568990 -3.833352 -6.945886 2.241069
1769101108.623983 -3.836025 -6.942514 2.240436
1769101108.668982 -3.840031 -6.937454 2.242018
1769101108.718985 -3.842739 -6.934045 2.243283
1769101108.774038 -3.845372 -6.930738 2.243600
1769101108.813992 -3.849189 -6.925948 2.244865
1769101108.868983 -3.851669 -6.922843 2.245182
1769101108.923984 -3.854277 -6.919581 2.245498
1769101108.973989 -3.858214 -6.914660 2.245814
1769101109.014000 -3.860681 -6.911577 2.245814
1769101109.073992 -3.863307 -6.908297 2.246447
1769101109.119051 -3.867343 -6.903261 2.246131
1769101109.174047 -3.869875 -6.900100 2.246131
1769101109.214012 -3.873878 -6.895102 2.245814
1769101109.269003 -3.876599 -6.891703 2.244549
1769101109.323974 -3.879220 -6.888420 2.244549
1769101109.368980 -3.883358 -6.883237 2.243283
1769101109.413973 -3.885943 -6.879990 2.242651
1769101109.474004 -3.888669 -6.876563 2.242334
1769101109.518976 -3.892669 -6.871530 2.241069
1769101109.573994 -3.895200 -6.868337 2.240752
1769101109.619023 -3.899145 -6.863357 2.241069
1769101109.669079 -3.901724 -6.860104 2.241069
1769101109.718996 -3.904349 -6.856792 2.242651
1769101109.774011 -3.906980 -6.853483 2.242967
1769101109.814027 -3.910921 -6.848532 2.244233
1769101109.879006 -3.913636 -6.845129 2.244865
1769101109.918998 -3.917538 -6.840245 2.245814
1769101109.968984 -3.920179 -6.836945 2.246764
1769101110.024045 -3.922792 -6.833687 2.246447
1769101110.069035 -3.926781 -6.828710 2.247080
1769101110.118993 -3.929490 -6.825334 2.246764
1769101110.174004 -3.932151 -6.822017 2.245498
1769101110.213992 -3.936008 -6.817195 2.244233
1769101110.264016 -3.938739 -6.813772 2.243916
1769101110.318992 -3.941264 -6.810605 2.242651
1769101110.369006 -3.945155 -6.805712 2.242967
1769101110.424008 -3.947882 -6.802286 2.242018
1769101110.469006 -3.951943 -6.797173 2.240120
1769101110.519068 -3.954519 -6.793917 2.240752
1769101110.574008 -3.957253 -6.790465 2.241385
1769101110.614006 -3.961280 -6.785389 2.240752
1769101110.669001 -3.963921 -6.782056 2.240752
1769101110.724008 -3.966545 -6.778742 2.241069
1769101110.764015 -3.970366 -6.773923 2.242018
1769101110.814006 -3.973011 -6.770593 2.242018
1769101110.874040 -3.975639 -6.767283 2.242967
1769101110.914016 -3.979532 -6.762391 2.244549
1769101110.969034 -3.982091 -6.759187 2.245182
1769101111.019000 -3.984667 -6.755964 2.246131
1769101111.069019 -3.988322 -6.751401 2.247080
1769101111.124017 -3.990793 -6.748321 2.247080
1769101111.174015 -3.993154 -6.745380 2.247396
1769101111.214019 -3.996830 -6.740802 2.246764
1769101111.269006 -3.999269 -6.737761 2.246764
1769101111.324023 -4.001755 -6.734661 2.245814
1769101111.364004 -4.005425 -6.730077 2.244549
1769101111.429025 -4.007731 -6.727189 2.243916
1769101111.469018 -4.011202 -6.722835 2.242651
1769101111.514078 -4.013612 -6.719804 2.242334
1769101111.574031 -4.015912 -6.716911 2.241701
1769101111.614014 -4.019499 -6.712391 2.241069
1769101111.669038 -4.021905 -6.709356 2.241385
1769101111.724055 -4.024107 -6.706580 2.242018
1769101111.764044 -4.027680 -6.702081 2.242334
1769101111.814030 -4.030027 -6.699129 2.242651
1769101111.874044 -4.032485 -6.696038 2.243283
1769101111.919050 -4.036079 -6.691524 2.243916
1769101111.979058 -4.038320 -6.688714 2.245182
1769101112.019109 -4.041908 -6.684226 2.246131
1769101112.069015 -4.044281 -6.681263 2.246131
1769101112.129036 -4.046607 -6.678359 2.245814
1769101112.164038 -4.050166 -6.673913 2.246764
1769101112.214034 -4.052430 -6.671089 2.245814
1769101112.274026 -4.054787 -6.668145 2.244865
1769101112.319021 -4.058342 -6.663696 2.245182
1769101112.369038 -4.060665 -6.660790 2.244865
1769101112.424025 -4.063019 -6.657843 2.245182
1769101112.469042 -4.066638 -6.653316 2.244865
1769101112.519064 -4.069118 -6.650211 2.245182
1769101112.569043 -4.071379 -6.647384 2.243600
1769101112.614029 -4.075006 -6.642831 2.242967
1769101112.679050 -4.077481 -6.639722 2.242018
1769101112.719045 -4.081180 -6.635064 2.240436
1769101112.769027 -4.083505 -6.632127 2.240436
1769101112.819059 -4.085799 -6.629230 2.239803
1769101112.869051 -4.089221 -6.624901 2.240436
1769101112.919040 -4.091609 -6.621885 2.239803
1769101112.974046 -4.093901 -6.618986 2.239803
1769101113.019022 -4.097402 -6.614559 2.240120
1769101113.069050 -4.099616 -6.611760 2.241069
1769101113.119044 -4.101943 -6.608824 2.241701
1769101113.169047 -4.105436 -6.604423 2.243600
1769101113.224043 -4.107676 -6.601612 2.244233
1769101113.264035 -4.111212 -6.597180 2.246131
1769101113.319053 -4.113554 -6.594257 2.246764
1769101113.374050 -4.115818 -6.591433 2.247080
1769101113.419121 -4.119351 -6.587031 2.247396
1769101113.469055 -4.121491 -6.584367 2.247080
1769101113.524064 -4.123740 -6.581564 2.246447
1769101113.569058 -4.126922 -6.577594 2.246131
1769101113.624049 -4.129058 -6.574927 2.245814
1769101113.669063 -4.132221 -6.570975 2.243916
1769101113.719073 -4.134273 -6.568403 2.243283
1769101113.774075 -4.136401 -6.565730 2.242334
1769101113.814101 -4.139598 -6.561707 2.242018
1769101113.869081 -4.141644 -6.559131 2.241385
1769101113.924117 -4.143799 -6.556414 2.242334
1769101113.969072 -4.147043 -6.552332 2.241701
1769101114.019101 -4.149231 -6.549576 2.242018
1769101114.074096 -4.151356 -6.546901 2.241701
1769101114.119054 -4.154613 -6.542797 2.242651
1769101114.169058 -4.156803 -6.540043 2.242967
1769101114.224060 -4.158899 -6.537409 2.242651
1769101114.269049 -4.162113 -6.533368 2.243916
1769101114.319052 -4.164243 -6.530697 2.243600
1769101114.374071 -4.166388 -6.528004 2.243600
1769101114.414052 -4.169511 -6.524085 2.244865
1769101114.469068 -4.171613 -6.521455 2.244549
1769101114.524058 -4.173729 -6.518804 2.244549
1769101114.569072 -4.176856 -6.514888 2.244549
1769101114.619054 -4.178987 -6.512218 2.245498
1769101114.679072 -4.181122 -6.509549 2.245182
1769101114.719056 -4.184299 -6.505576 2.246131
1769101114.769069 -4.186403 -6.502948 2.245814
1769101114.824064 -4.188570 -6.500241 2.246131
1769101114.869074 -4.191830 -6.496172 2.245498
1769101114.919105 -4.194027 -6.493424 2.246447
1769101114.974060 -4.196133 -6.490798 2.245498
1769101115.019059 -4.199453 -6.486647 2.244233
1769101115.074075 -4.201694 -6.483838 2.243600
1769101115.124118 -4.203887 -6.481086 2.242651
1769101115.164082 -4.207053 -6.477104 2.238538
1769101115.224091 -4.209185 -6.474401 2.236007
1769101115.269084 -4.212278 -6.470458 2.229679
1769101115.319076 -4.214293 -6.467857 2.225249
1769101115.374083 -4.216219 -6.465347 2.221769
1769101115.424070 -4.219271 -6.461340 2.215125
1769101115.469081 -4.221247 -6.458709 2.211961
1769101115.524060 -4.223215 -6.456072 2.208165
1769101115.569178 -4.226228 -6.452004 2.202470
1769101115.619091 -4.228215 -6.449287 2.198357
1769101115.674100 -4.230266 -6.446460 2.194560
1769101115.719091 -4.233193 -6.442392 2.188865
1769101115.769082 -4.235100 -6.439710 2.186334
1769101115.824070 -4.236956 -6.437086 2.181589
1769101115.869100 -4.239976 -6.432773 2.175894
1769101115.929100 -4.241790 -6.430150 2.171464
1769101115.969133 -4.244679 -6.425932 2.165137
1769101116.019105 -4.246550 -6.423164 2.160074
1769101116.079073 -4.248351 -6.420471 2.156278
1769101116.119095 -4.251162 -6.416231 2.149001
1769101116.169080 -4.252933 -6.413518 2.143939
1769101116.224095 -4.254758 -6.410689 2.139193
1769101116.264096 -4.257537 -6.406338 2.131600
1769101116.319147 -4.259355 -6.403444 2.126221
1769101116.374090 -4.261210 -6.400455 2.120843
1769101116.419098 -4.263909 -6.396053 2.112617
1769101116.464164 -4.265632 -6.393191 2.107555
1769101116.524081 -4.267379 -6.390254 2.102176
1769101116.569101 -4.270008 -6.385781 2.096165
1769101116.614105 -4.271709 -6.382847 2.091736
1769101116.674101 -4.273448 -6.379817 2.087939
1769101116.719097 -4.275988 -6.375351 2.083193
1769101116.779100 -4.277576 -6.372527 2.079397
1769101116.819119 -4.280029 -6.368128 2.074018
1769101116.864082 -4.281579 -6.365312 2.070538
1769101116.924097 -4.283192 -6.362357 2.067058
1769101116.969089 -4.285518 -6.358062 2.062312
1769101117.019096 -4.287071 -6.355161 2.057883
1769101117.069111 -4.288588 -6.352298 2.054086
1769101117.119124 -4.290987 -6.347726 2.045860
1769101117.169081 -4.292515 -6.344755 2.041431
1769101117.224099 -4.294076 -6.341687 2.035103
1769101117.269095 -4.296411 -6.337025 2.028143
1769101117.319095 -4.297920 -6.333959 2.023397
1769101117.374104 -4.299469 -6.330772 2.017069
1769101117.419107 -4.301698 -6.326115 2.010109
1769101117.469112 -4.303205 -6.322908 2.005047
1769101117.524118 -4.304685 -6.319716 1.998402
1769101117.574100 -4.306848 -6.314971 1.992708
1769101117.619122 -4.308278 -6.311785 1.987645
1769101117.674115 -4.309661 -6.308661 1.984165
1769101117.719134 -4.311705 -6.304002 1.978154
1769101117.764217 -4.313069 -6.300841 1.974357
1769101117.829137 -4.314391 -6.297745 1.970244
1769101117.869194 -4.316389 -6.293012 1.964233
1769101117.919129 -4.317602 -6.290089 1.960120
1769101117.974173 -4.318899 -6.286928 1.956007
1769101118.019125 -4.320753 -6.282354 1.949363
1769101118.069130 -4.321969 -6.279297 1.944934
1769101118.124182 -4.323181 -6.276211 1.940188
1769101118.169132 -4.325009 -6.271490 1.935126
1769101118.219173 -4.326226 -6.268297 1.930380
1769101118.274125 -4.327411 -6.265146 1.926267
1769101118.319129 -4.329182 -6.260377 1.920256
1769101118.369112 -4.330351 -6.257166 1.916143
1769101118.424124 -4.331508 -6.253951 1.911397
1769101118.469129 -4.333216 -6.249132 1.906335
1769101118.519129 -4.334366 -6.245834 1.901273
1769101118.574127 -4.335483 -6.242578 1.896211
1769101118.614148 -4.337174 -6.237566 1.888934
1769101118.669127 -4.338291 -6.234176 1.883555
1769101118.729133 -4.339365 -6.230853 1.878493
1769101118.769145 -4.340945 -6.225883 1.870900
1769101118.819130 -4.341962 -6.222595 1.865205
1769101118.874152 -4.342961 -6.219301 1.860143
1769101118.919140 -4.344348 -6.214643 1.853182
1769101118.974123 -4.345250 -6.211532 1.849386
1769101119.019120 -4.346538 -6.207030 1.842742
1769101119.069150 -4.347442 -6.203787 1.838629
1769101119.124147 -4.348333 -6.200541 1.834516
1769101119.169143 -4.349593 -6.195874 1.829770
1769101119.219142 -4.350378 -6.192913 1.826290
1769101119.269140 -4.351248 -6.189583 1.822493
1769101119.319154 -4.352533 -6.184582 1.815533
1769101119.369145 -4.353337 -6.181365 1.812053
1769101119.424147 -4.354183 -6.177924 1.807623
1769101119.469157 -4.355407 -6.172856 1.801928
1769101119.529145 -4.356190 -6.169530 1.797183
1769101119.569159 -4.357314 -6.164646 1.790222
1769101119.614145 -4.358042 -6.161385 1.786425
1769101119.674153 -4.358767 -6.158072 1.781363
1769101119.724133 -4.359857 -6.152973 1.773770
1769101119.769155 -4.360571 -6.149503 1.768708
1769101119.824182 -4.361233 -6.146202 1.763329
1769101119.869190 -4.362192 -6.141283 1.755736
1769101119.919176 -4.362769 -6.138198 1.750674
1769101119.974153 -4.363394 -6.134762 1.744979
1769101120.019157 -4.364285 -6.129701 1.738335
1769101120.069175 -4.364871 -6.126232 1.733589
1769101120.124142 -4.365429 -6.122836 1.729160
1769101120.169205 -4.366228 -6.117837 1.722200
1769101120.219151 -4.366724 -6.114584 1.717770
1769101120.274170 -4.367217 -6.111254 1.713657
1769101120.319154 -4.367952 -6.106143 1.708595
1769101120.364156 -4.368390 -6.102984 1.705431
1769101120.424157 -4.368852 -6.099573 1.701635
1769101120.464149 -4.369506 -6.094604 1.697205
1769101120.524153 -4.369914 -6.091391 1.693409
1769101120.569146 -4.370524 -6.086442 1.688030
1769101120.619153 -4.370897 -6.083275 1.684234
1769101120.674171 -4.371261 -6.080081 1.680753
1769101120.719155 -4.371814 -6.075074 1.673477
1769101120.774140 -4.372159 -6.071726 1.668731
1769101120.819174 -4.372634 -6.066889 1.661138
1769101120.869152 -4.372936 -6.063562 1.655443
1769101120.929205 -4.373229 -6.060107 1.650697
1769101120.969166 -4.373649 -6.054859 1.642471
1769101121.019162 -4.373881 -6.051628 1.637409
1769101121.074169 -4.374115 -6.048117 1.632030
1769101121.119190 -4.374434 -6.042913 1.625070
1769101121.164173 -4.374624 -6.039425 1.620640
1769101121.224179 -4.374796 -6.035962 1.615895
1769101121.264159 -4.375026 -6.030880 1.609883
1769101121.319164 -4.375154 -6.027592 1.606720
1769101121.374164 -4.375273 -6.024278 1.601974
1769101121.419163 -4.375432 -6.019193 1.597228
1769101121.469174 -4.375521 -6.015828 1.593115
1769101121.524181 -4.375598 -6.012387 1.588686
1769101121.569173 -4.375687 -6.007401 1.582674
1769101121.614183 -4.375725 -6.004162 1.578245
1769101121.674178 -4.375751 -6.000796 1.574132
1769101121.714220 -4.375767 -5.995759 1.566855
1769101121.779219 -4.375754 -5.992443 1.562110
1769101121.819217 -4.375711 -5.987406 1.556098
1769101121.864235 -4.375663 -5.984142 1.551352
1769101121.929240 -4.375596 -5.980725 1.546607
1769101121.969193 -4.375471 -5.975564 1.539646
1769101122.019205 -4.375366 -5.972174 1.535217
1769101122.079185 -4.375241 -5.968683 1.530155
1769101122.119187 -4.375028 -5.963448 1.524143
1769101122.169192 -4.374867 -5.959984 1.519398
1769101122.229192 -4.374686 -5.956471 1.514652
1769101122.269189 -4.374396 -5.951315 1.506426
1769101122.319175 -4.374167 -5.947754 1.500415
1769101122.379171 -4.373923 -5.944295 1.495669
1769101122.419189 -4.373530 -5.939070 1.488392
1769101122.464182 -4.373253 -5.935716 1.483646
1769101122.529180 -4.372953 -5.932286 1.479217
1769101122.574174 -4.372495 -5.927296 1.472889
1769101122.619187 -4.372168 -5.923971 1.468460
1769101122.674196 -4.371832 -5.920698 1.464663
1769101122.714200 -4.371298 -5.915689 1.459918
1769101122.769198 -4.370920 -5.912293 1.457070
1769101122.819177 -4.370530 -5.908873 1.453906
1769101122.869202 -4.369880 -5.903343 1.449477
1769101122.929193 -4.369427 -5.899624 1.446313
1769101122.974189 -4.368726 -5.894024 1.440935
1769101123.019197 -4.368225 -5.890184 1.436822
1769101123.074199 -4.367721 -5.886446 1.432709
1769101123.119246 -4.366912 -5.880630 1.424483
1769101123.169201 -4.366344 -5.876774 1.420686
1769101123.224197 -4.365788 -5.873095 1.415308
1769101123.264185 -4.364886 -5.867344 1.408347
1769101123.319197 -4.364293 -5.863722 1.403601
1769101123.369209 -4.363652 -5.859929 1.397906
1769101123.419199 -4.362655 -5.854219 1.390630
1769101123.464200 -4.361980 -5.850509 1.385251
1769101123.519208 -4.361256 -5.846653 1.381771
1769101123.569214 -4.360200 -5.841134 1.376076
1769101123.624197 -4.359441 -5.837285 1.370697
1769101123.669217 -4.358183 -5.831083 1.365003
1769101123.719194 -4.357356 -5.827119 1.361839
1769101123.774226 -4.356468 -5.822935 1.357726
1769101123.824187 -4.355103 -5.816626 1.352980
1769101123.864232 -4.354174 -5.812425 1.350449
1769101123.929231 -4.353294 -5.808498 1.346336
1769101123.969264 -4.351863 -5.802231 1.340641
1769101124.019272 -4.350905 -5.798140 1.336212
1769101124.069207 -4.349981 -5.794275 1.332731
1769101124.119216 -4.348483 -5.788101 1.326087
1769101124.164212 -4.347495 -5.784147 1.321342
1769101124.219273 -4.346421 -5.779929 1.316912
1769101124.269199 -4.344781 -5.773608 1.308053
1769101124.329200 -4.343709 -5.769624 1.302675
1769101124.369220 -4.341939 -5.763181 1.295082
1769101124.419211 -4.340816 -5.759211 1.289070
1769101124.474230 -4.339591 -5.754980 1.285274
1769101124.519230 -4.337823 -5.748957 1.279579
1769101124.569208 -4.336588 -5.744836 1.275150
1769101124.624210 -4.335356 -5.740792 1.271669
1769101124.664243 -4.333507 -5.734794 1.267873
1769101124.719306 -4.332261 -5.730808 1.264393
1769101124.774227 -4.331009 -5.726850 1.261229
1769101124.819231 -4.329081 -5.720823 1.254901
1769101124.864220 -4.327846 -5.717046 1.251421
1769101124.924227 -4.326495 -5.712961 1.247624
1769101124.969213 -4.324526 -5.707081 1.241613
1769101125.029231 -4.323209 -5.703225 1.237500
1769101125.064214 -4.321072 -5.697054 1.230540
1769101125.119225 -4.319696 -5.693165 1.226427
1769101125.174236 -4.318286 -5.689234 1.221681
1769101125.219222 -4.316113 -5.683264 1.216302
1769101125.264235 -4.314628 -5.679252 1.211556
1769101125.319252 -4.313097 -5.675177 1.207760
1769101125.369238 -4.310886 -5.669356 1.200799
1769101125.429245 -4.309294 -5.665250 1.195105
1769101125.469243 -4.307009 -5.659458 1.187511
1769101125.519310 -4.305409 -5.655491 1.183398
1769101125.574256 -4.303860 -5.651694 1.177703
1769101125.614242 -4.301436 -5.645849 1.172009
1769101125.664243 -4.299795 -5.641954 1.167896
1769101125.729238 -4.298118 -5.638019 1.164415
1769101125.764253 -4.295627 -5.632230 1.159037
1769101125.814268 -4.293905 -5.628287 1.155873
1769101125.874299 -4.292221 -5.624465 1.153026
1769101125.919280 -4.289623 -5.618612 1.148913
1769101125.969273 -4.287861 -5.614687 1.145116
1769101126.029278 -4.286074 -5.610745 1.140370
1769101126.069252 -4.283360 -5.604833 1.133726
1769101126.119240 -4.281528 -5.600912 1.128980
1769101126.179256 -4.279774 -5.597205 1.123285
1769101126.219246 -4.276971 -5.591364 1.114427
1769101126.264251 -4.275007 -5.587365 1.108732
1769101126.324266 -4.273180 -5.583695 1.103670
1769101126.364237 -4.270239 -5.577864 1.094811
1769101126.419314 -4.268279 -5.574062 1.090698
1769101126.469250 -4.266350 -5.570358 1.087218
1769101126.519259 -4.263479 -5.564890 1.082156
1769101126.574255 -4.261554 -5.561270 1.080257
1769101126.619251 -4.258537 -5.555621 1.075512
1769101126.664228 -4.256492 -5.551836 1.071082
1769101126.729257 -4.254588 -5.548348 1.068235
1769101126.764259 -4.251613 -5.542936 1.062540
1769101126.819253 -4.249642 -5.539398 1.058743
1769101126.869272 -4.247571 -5.535713 1.054630
1769101126.924242 -4.244448 -5.530210 1.048303
1769101126.969260 -4.242326 -5.526525 1.043240
1769101127.024343 -4.240300 -5.523048 1.039127
1769101127.064266 -4.237054 -5.517528 1.033116
1769101127.129270 -4.234980 -5.514050 1.028687
1769101127.169260 -4.231624 -5.508477 1.022043
1769101127.219345 -4.229340 -5.504742 1.016664
1769101127.274269 -4.226955 -5.500889 1.012551
1769101127.319259 -4.223470 -5.495307 1.004958
1769101127.369328 -4.221109 -5.491590 1.000529
1769101127.429268 -4.218799 -5.487989 0.995783
1769101127.469245 -4.215317 -5.482615 0.989772
1769101127.514279 -4.212997 -5.479082 0.985659
1769101127.579323 -4.210648 -5.475537 0.981862
1769101127.624252 -4.207189 -5.470360 0.976167
1769101127.664251 -4.204878 -5.466942 0.972687
1769101127.719291 -4.202541 -5.463512 0.968890
1769101127.774246 -4.200119 -5.459986 0.965410
1769101127.819268 -4.196504 -5.454762 0.958766
1769101127.864325 -4.194046 -5.451261 0.955286
1769101127.924293 -4.191547 -5.447727 0.951173
1769101127.969268 -4.187725 -5.442370 0.944845
1769101128.024276 -4.185338 -5.439067 0.940099
1769101128.069278 -4.181442 -5.433732 0.933455
1769101128.119356 -4.178837 -5.430213 0.928710
1769101128.179340 -4.176351 -5.426889 0.923647
1769101128.224252 -4.172368 -5.421618 0.916371
1769101128.264264 -4.169826 -5.418305 0.910992
1769101128.324283 -4.167344 -5.415105 0.907195
1769101128.369291 -4.163384 -5.410041 0.899602
1769101128.419281 -4.160676 -5.406632 0.895173
1769101128.474280 -4.158033 -5.403333 0.890427
1769101128.519268 -4.154052 -5.398415 0.884099
1769101128.569271 -4.151388 -5.395165 0.880303
1769101128.624285 -4.148648 -5.391848 0.876506
1769101128.669285 -4.144551 -5.386927 0.873026
1769101128.719270 -4.141835 -5.383688 0.869546
1769101128.779288 -4.139075 -5.380420 0.866698
1769101128.814291 -4.134962 -5.375578 0.861953
1769101128.869287 -4.132244 -5.372407 0.858472
1769101128.929273 -4.129432 -5.369151 0.854043
1769101128.969286 -4.125241 -5.364342 0.847715
1769101129.019292 -4.122394 -5.361116 0.841388
1769101129.074302 -4.119510 -5.357889 0.835376
1769101129.124297 -4.115129 -5.353046 0.827783
1769101129.169302 -4.112184 -5.349840 0.822088
1769101129.224283 -4.109220 -5.346651 0.817026
1769101129.269311 -4.104786 -5.341927 0.808800
1769101129.319348 -4.101780 -5.338777 0.804371
1769101129.374300 -4.098796 -5.335678 0.800574
1769101129.424300 -4.094302 -5.331045 0.796461
1769101129.469298 -4.091346 -5.328023 0.793614
1769101129.514289 -4.088364 -5.324992 0.791083
1769101129.574295 -4.085410 -5.322004 0.787286
1769101129.614302 -4.080909 -5.317486 0.782224
1769101129.669301 -4.077874 -5.314470 0.777478
1769101129.724333 -4.074934 -5.311576 0.773365
1769101129.764303 -4.070370 -5.307121 0.766405
1769101129.819289 -4.067270 -5.304137 0.761975
1769101129.874305 -4.064194 -5.301201 0.756913
1769101129.919340 -4.059502 -5.296769 0.749636
1769101129.969363 -4.056353 -5.293837 0.745207
1769101130.024333 -4.053134 -5.290868 0.740461
1769101130.069314 -4.048352 -5.286497 0.734766
1769101130.119302 -4.045065 -5.283527 0.730021
1769101130.174302 -4.041783 -5.280590 0.725591
1769101130.219306 -4.036841 -5.276207 0.718314
1769101130.269310 -4.033602 -5.273375 0.712620
1769101130.324327 -4.030327 -5.270545 0.708507
1769101130.369303 -4.025580 -5.266477 0.701863
1769101130.429302 -4.022564 -5.263928 0.697433
1769101130.474291 -4.017714 -5.259864 0.691738
1769101130.519305 -4.014400 -5.257119 0.687942
1769101130.574315 -4.011428 -5.254676 0.684778
1769101130.614311 -4.006566 -5.250706 0.680981
1769101130.664316 -4.003479 -5.248204 0.679399
1769101130.724365 -4.000348 -5.245676 0.678450
1769101130.769329 -3.995678 -5.241911 0.679399
1769101130.819304 -3.993984 -5.240543 0.677501
1769101130.874317 -3.992880 -5.239655 0.676868
1769101130.919321 -3.992209 -5.239116 0.676868
1769101130.969308 -3.992012 -5.238957 0.676868
1769101131.024313 -3.991913 -5.238878 0.677185
1769101131.069297 -3.991874 -5.238846 0.677185
1769101131.119381 -3.991834 -5.238815 0.677185
1769101131.174322 -3.991815 -5.238799 0.676868
1769101131.219323 -3.991795 -5.238783 0.676552
1769101131.269324 -3.991795 -5.238783 0.676552
1769101131.324312 -3.991755 -5.238751 0.675919
1769101131.369327 -3.991755 -5.238751 0.675919
1769101131.414330 -3.991755 -5.238751 0.675919
1769101131.474331 -3.991755 -5.238751 0.675919
1769101131.519392 -3.991755 -5.238751 0.675919
1769101131.569340 -3.991755 -5.238751 0.675919
1769101131.624332 -3.991755 -5.238751 0.675919
1769101131.669359 -3.991755 -5.238751 0.675919
1769101131.714342 -3.991755 -5.238751 0.675919
1769101131.779334 -3.991755 -5.238751 0.675919
1769101131.814362 -3.991755 -5.238751 0.675919
1769101131.869360 -3.991755 -5.238751 0.675919
1769101131.924387 -3.991755 -5.238751 0.675919
1769101131.969390 -3.991755 -5.238751 0.675919
1769101132.019348 -3.991755 -5.238751 0.675919
1769101132.079326 -3.991755 -5.238751 0.675919
1769101132.119337 -3.991755 -5.238751 0.675919
1769101132.169330 -3.991755 -5.238751 0.675919
1769101132.224324 -3.991755 -5.238751 0.675919
1769101132.269327 -3.991755 -5.238751 0.675919
1769101132.319330 -3.991755 -5.238751 0.675919
1769101132.374332 -3.991755 -5.238751 0.675919
1769101132.419328 -3.991755 -5.238751 0.675919
1769101132.469342 -3.991755 -5.238751 0.675919
1769101132.524374 -3.991755 -5.238751 0.675919
1769101132.574337 -3.991755 -5.238751 0.675919
1769101132.624328 -3.991755 -5.238751 0.675919
1769101132.674326 -3.991755 -5.238751 0.675919
1769101132.719327 -3.991755 -5.238751 0.675919
1769101132.764328 -3.991755 -5.238751 0.675919
1769101132.829354 -3.991755 -5.238751 0.675919
1769101132.869331 -3.991755 -5.238751 0.675919
1769101132.919338 -3.991755 -5.238751 0.675919
1769101132.974360 -3.991755 -5.238751 0.675919
1769101133.019342 -3.991755 -5.238751 0.675919
1769101133.069358 -3.991755 -5.238751 0.675919
1769101133.124349 -3.991755 -5.238751 0.675919
1769101133.164373 -3.991755 -5.238751 0.675919
1769101133.219404 -3.991755 -5.238751 0.675919
1769101133.274337 -3.991755 -5.238751 0.675919
1769101133.319351 -3.991755 -5.238751 0.675919
1769101133.369361 -3.991755 -5.238751 0.675919
1769101133.424364 -3.991755 -5.238751 0.675919
1769101133.469350 -3.991755 -5.238751 0.675919
1769101133.514348 -3.991755 -5.238751 0.675919
1769101133.574361 -3.991755 -5.238751 0.675919
1769101133.614360 -3.991755 -5.238751 0.675919
1769101133.669360 -3.991755 -5.238751 0.675919
1769101133.724409 -3.991755 -5.238751 0.675919
1769101133.769390 -3.991519 -5.238561 0.675919
1769101133.819404 -3.991301 -5.238387 0.675603
1769101133.874430 -3.991045 -5.238181 0.675286
1769101133.919356 -3.990590 -5.237817 0.675603
1769101133.969404 -3.990254 -5.237548 0.675919
1769101134.024458 -3.989899 -5.237263 0.675919
1769101134.069418 -3.989386 -5.236851 0.675919
1769101134.119368 -3.989089 -5.236614 0.675603
1769101134.174370 -3.988754 -5.236345 0.674654
1769101134.219357 -3.988260 -5.235950 0.674970
1769101134.279436 -3.987963 -5.235712 0.675286
1769101134.324380 -3.987469 -5.235317 0.675603
1769101134.369370 -3.987173 -5.235079 0.675919
1769101134.419390 -3.986837 -5.234810 0.675603
1769101134.474428 -3.986561 -5.234589 0.674970
1769101134.519433 -3.986126 -5.234241 0.675603
1769101134.574386 -3.985790 -5.233972 0.675919
1769101134.619379 -3.985455 -5.233702 0.675603
1769101134.669379 -3.984961 -5.233307 0.674654
1769101134.729430 -3.984704 -5.233101 0.674337
1769101134.774442 -3.984229 -5.232722 0.673704
1769101134.814445 -3.983893 -5.232453 0.674654
1769101134.879384 -3.983537 -5.232169 0.674021
1769101134.924366 -3.983023 -5.231758 0.674021
1769101134.969382 -3.982707 -5.231505 0.673388
1769101135.029450 -3.982410 -5.231269 0.673072
1769101135.069391 -3.981955 -5.230906 0.672755
1769101135.119369 -3.981618 -5.230638 0.673072
1769101135.179471 -3.981242 -5.230338 0.673388
1769101135.219379 -3.980767 -5.229959 0.673388
1769101135.269370 -3.980411 -5.229675 0.672755
1769101135.329371 -3.980114 -5.229438 0.672439
1769101135.369388 -3.979639 -5.229060 0.672439
1769101135.419389 -3.979283 -5.228776 0.672439
1769101135.479371 -3.978986 -5.228540 0.672122
1769101135.519391 -3.978471 -5.228130 0.672122
1769101135.569389 -3.978174 -5.227893 0.671173
1769101135.624382 -3.977896 -5.227673 0.671173
1769101135.669423 -3.977420 -5.227295 0.671806
1769101135.714421 -3.977084 -5.227027 0.672122
1769101135.774387 -3.976747 -5.226760 0.672439
1769101135.814390 -3.976311 -5.226413 0.671806
1769101135.869406 -3.976034 -5.226192 0.671806
1769101135.924412 -3.975816 -5.226019 0.671490
1769101135.969411 -3.975301 -5.225609 0.671490
1769101136.019505 -3.974984 -5.225357 0.671490
1769101136.074375 -3.974647 -5.225090 0.671173
1769101136.114415 -3.974191 -5.224728 0.670224
1769101136.169406 -3.973894 -5.224492 0.669908
1769101136.219400 -3.973616 -5.224272 0.669275
1769101136.269447 -3.973120 -5.223879 0.668959
1769101136.329396 -3.972722 -5.223565 0.669591
1769101136.369414 -3.972206 -5.223157 0.669591
1769101136.419394 -3.971929 -5.222937 0.669591
1769101136.479410 -3.971532 -5.222623 0.668959
1769101136.519389 -3.970757 -5.222011 0.669275
1769101136.569476 -3.970063 -5.221461 0.669591
1769101136.619468 -3.969447 -5.220974 0.669275
1769101136.669455 -3.968455 -5.220189 0.669275
1769101136.714406 -3.967780 -5.219655 0.669275
1769101136.769408 -3.967184 -5.219184 0.669275
1769101136.819425 -3.966212 -5.218414 0.670224
1769101136.879394 -3.965517 -5.217864 0.670541
1769101136.914427 -3.964605 -5.217141 0.670541
1769101136.969408 -3.963911 -5.216590 0.670224
1769101137.029386 -3.963296 -5.216103 0.670541
1769101137.069422 -3.962305 -5.215316 0.669908
1769101137.119407 -3.961630 -5.214782 0.669908
1769101137.179421 -3.960975 -5.214263 0.670224
1769101137.219404 -3.959924 -5.213430 0.669908
1769101137.264418 -3.959230 -5.212880 0.670224
1769101137.319406 -3.958635 -5.212408 0.670224
1769101137.369424 -3.957623 -5.211607 0.670541
1769101137.429434 -3.957028 -5.211135 0.670541
1769101137.469432 -3.956076 -5.210380 0.671173
1769101137.514440 -3.955422 -5.209860 0.671490
1769101137.579403 -3.954808 -5.209372 0.671806
1769101137.619428 -3.953798 -5.208569 0.672122
1769101137.669423 -3.953144 -5.208049 0.672439
1769101137.729482 -3.952510 -5.207544 0.672439
1769101137.774431 -3.951481 -5.206724 0.672439
1769101137.814466 -3.950808 -5.206188 0.672439
1769101137.869432 -3.950174 -5.205684 0.672439
1769101137.919462 -3.949481 -5.205132 0.672755
1769101137.969431 -3.948412 -5.204280 0.673388
1769101138.019430 -3.947779 -5.203775 0.674021
1769101138.074428 -3.947087 -5.203222 0.674337
1769101138.119421 -3.946098 -5.202432 0.674970
1769101138.169431 -3.945466 -5.201926 0.675603
1769101138.224431 -3.944794 -5.201388 0.674970
1769101138.269419 -3.943846 -5.200629 0.674970
1769101138.314435 -3.943194 -5.200107 0.675286
1769101138.369430 -3.942482 -5.199537 0.674654
1769101138.419452 -3.941573 -5.198810 0.675286
1769101138.469442 -3.940862 -5.198240 0.675286
1769101138.524420 -3.940171 -5.197686 0.674970
1769101138.569433 -3.938985 -5.196738 0.674337
1769101138.629436 -3.938075 -5.196011 0.674337
1769101138.669438 -3.936672 -5.194889 0.674654
1769101138.719438 -3.935723 -5.194130 0.674654
1769101138.764439 -3.934794 -5.193387 0.675603
1769101138.824437 -3.933866 -5.192643 0.675286
1769101138.869448 -3.932443 -5.191503 0.675286
1769101138.929445 -3.931416 -5.190681 0.674654
1769101138.974449 -3.929914 -5.189479 0.675286
1769101139.024440 -3.928926 -5.188688 0.675286
1769101139.064448 -3.927938 -5.187897 0.675286
1769101139.119423 -3.926891 -5.187058 0.675603
1769101139.169430 -3.925469 -5.185919 0.674970
1769101139.219463 -3.924540 -5.185175 0.675286
1769101139.269446 -3.923632 -5.184448 0.674654
1769101139.314452 -3.922268 -5.183357 0.674970
1769101139.379459 -3.921299 -5.182582 0.674021
1769101139.419443 -3.919777 -5.181365 0.673704
1769101139.469444 -3.918807 -5.180592 0.673388
1769101139.524465 -3.917878 -5.179850 0.673704
1769101139.569463 -3.916394 -5.178665 0.674021
1769101139.614444 -3.915425 -5.177891 0.674337
1769101139.679438 -3.914436 -5.177101 0.674337
1769101139.714449 -3.913033 -5.175979 0.674021
1769101139.769482 -3.912084 -5.175221 0.674021
1769101139.829509 -3.911095 -5.174431 0.673388
1769101139.869483 -3.909551 -5.173200 0.674021
1769101139.914460 -3.908424 -5.172299 0.674337
1769101139.979481 -3.907139 -5.171272 0.674654
1769101140.019459 -3.905261 -5.169770 0.674970
1769101140.079444 -3.903937 -5.168710 0.675286
1769101140.119482 -3.902001 -5.167160 0.675919
1769101140.169449 -3.900698 -5.166115 0.675286
1769101140.224517 -3.899355 -5.165039 0.674021
1769101140.269461 -3.897338 -5.163428 0.674021
1769101140.314459 -3.895934 -5.162306 0.674337
1769101140.379466 -3.894589 -5.161231 0.673072
1769101140.419453 -3.892610 -5.159653 0.672439
1769101140.469540 -3.891264 -5.158581 0.672439
1769101140.524473 -3.889878 -5.157478 0.672439
1769101140.569471 -3.887838 -5.155854 0.671490
1769101140.614471 -3.886431 -5.154736 0.670541
1769101140.674470 -3.885122 -5.153698 0.671173
1769101140.714473 -3.883121 -5.152108 0.670224
1769101140.769459 -3.881792 -5.151055 0.669908
1769101140.824477 -3.880403 -5.149954 0.669275
1769101140.869470 -3.878140 -5.148164 0.669275
1769101140.919458 -3.876552 -5.146908 0.669275
1769101140.974453 -3.875003 -5.145683 0.669275
1769101141.024454 -3.872641 -5.143814 0.669591
1769101141.069470 -3.871014 -5.142526 0.668959
1769101141.119482 -3.869286 -5.141161 0.669275
1769101141.169473 -3.866805 -5.139198 0.668959
1769101141.219451 -3.865177 -5.137911 0.670224
1769101141.274466 -3.863412 -5.136511 0.671173
1769101141.319462 -3.860756 -5.134402 0.671173
1769101141.369465 -3.858873 -5.132907 0.672122
1769101141.419479 -3.856912 -5.131347 0.673072
1769101141.469527 -3.854102 -5.129106 0.673704
1769101141.524478 -3.852124 -5.127527 0.674337
1769101141.569456 -3.849178 -5.125172 0.675919
1769101141.614497 -3.846887 -5.123335 0.676552
1769101141.674464 -3.844736 -5.121608 0.678134
1769101141.714507 -3.841247 -5.118798 0.677817
1769101141.764488 -3.838881 -5.116893 0.678450
1769101141.824515 -3.836714 -5.115146 0.677817
1769101141.864540 -3.833145 -5.112273 0.677501
1769101141.919541 -3.830838 -5.110416 0.676552
1769101141.974529 -3.828450 -5.108499 0.676868
1769101142.019494 -3.824879 -5.105629 0.675919
1769101142.069524 -3.822411 -5.103650 0.675603
1769101142.124467 -3.819843 -5.101592 0.674970
1769101142.164489 -3.815871 -5.098413 0.673388
1769101142.219492 -3.813141 -5.096235 0.673388
1769101142.274486 -3.810470 -5.094104 0.672439
1769101142.319483 -3.806569 -5.090998 0.672755
1769101142.369544 -3.803857 -5.088837 0.671806
1769101142.424498 -3.801182 -5.086711 0.672755
1769101142.469480 -3.797124 -5.083477 0.672439
1769101142.519510 -3.794372 -5.081286 0.675286
1769101142.574555 -3.791646 -5.079102 0.677817
1769101142.614505 -3.787781 -5.075992 0.683512
1769101142.669498 -3.785093 -5.073802 0.687625
1769101142.719510 -3.782472 -5.071649 0.692055
1769101142.769530 -3.778555 -5.068403 0.698699
1769101142.829476 -3.776094 -5.066335 0.703444
1769101142.874499 -3.772214 -5.063044 0.709456
1769101142.914502 -3.769679 -5.060868 0.715151
1769101142.979510 -3.767157 -5.058677 0.719580
1769101143.019506 -3.763330 -5.055324 0.726224
1769101143.069497 -3.760738 -5.053021 0.730970
1769101143.114501 -3.758231 -5.050774 0.736348
1769101143.174515 -3.755700 -5.048479 0.741094
1769101143.219524 -3.751946 -5.045045 0.749004
1769101143.279504 -3.749444 -5.042718 0.753749
1769101143.319512 -3.745808 -5.039306 0.761659
1769101143.369511 -3.743317 -5.036930 0.765456
1769101143.424512 -3.740963 -5.034668 0.769569
1769101143.469513 -3.737327 -5.031145 0.775264
1769101143.519508 -3.734869 -5.028736 0.780326
1769101143.579522 -3.732422 -5.026315 0.782857
1769101143.619515 -3.728744 -5.022655 0.787603
1769101143.669536 -3.726315 -5.020216 0.790766
1769101143.719566 -3.724001 -5.017876 0.794563
1769101143.769550 -3.720331 -5.014138 0.798676
1769101143.819555 -3.717947 -5.011690 0.803422
1769101143.874517 -3.715522 -5.009176 0.806586
1769101143.919516 -3.712054 -5.005558 0.812913
1769101143.969555 -3.709636 -5.003003 0.818292
1769101144.024556 -3.707318 -5.000527 0.823354
1769101144.069556 -3.703963 -4.996907 0.829365
1769101144.124544 -3.701655 -4.994387 0.832213
1769101144.174518 -3.698213 -4.990606 0.836009
1769101144.219523 -3.695973 -4.988128 0.837907
1769101144.279583 -3.693721 -4.985626 0.838224
1769101144.319529 -3.690318 -4.981843 0.838540
1769101144.364525 -3.688237 -4.979528 0.838224
1769101144.424587 -3.685935 -4.976969 0.838224
1769101144.469542 -3.682668 -4.973337 0.838540
1769101144.514523 -3.680367 -4.970777 0.837907
1769101144.579510 -3.678081 -4.968238 0.837591
1769101144.614512 -3.674625 -4.964401 0.838224
1769101144.669512 -3.672306 -4.961823 0.839173
1769101144.724527 -3.670074 -4.959337 0.838540
1769101144.764522 -3.666504 -4.955365 0.838857
1769101144.819615 -3.664220 -4.952824 0.839173
1769101144.879532 -3.661903 -4.950243 0.839489
1769101144.919554 -3.658489 -4.946438 0.839489
1769101144.969530 -3.656139 -4.943819 0.839173
1769101145.029548 -3.653856 -4.941277 0.838857
1769101145.069536 -3.650406 -4.937436 0.838224
1769101145.119588 -3.648036 -4.934802 0.836958
1769101145.174555 -3.645747 -4.932264 0.836009
1769101145.219598 -3.642269 -4.928414 0.833795
1769101145.269613 -3.639955 -4.925865 0.833795
1769101145.324528 -3.637642 -4.923316 0.833162
1769101145.374547 -3.634135 -4.919458 0.833162
1769101145.419544 -3.631820 -4.916910 0.833162
1769101145.479544 -3.629522 -4.914381 0.834111
1769101145.524558 -3.626087 -4.910594 0.834744
1769101145.569541 -3.623793 -4.908062 0.836326
1769101145.629611 -3.621452 -4.905470 0.836958
1769101145.674557 -3.618096 -4.901748 0.838224
1769101145.719630 -3.615828 -4.899227 0.839489
1769101145.769556 -3.613546 -4.896683 0.840439
1769101145.824562 -3.611334 -4.894213 0.841388
1769101145.864527 -3.607910 -4.890383 0.841704
1769101145.919546 -3.605667 -4.887872 0.841388
1769101145.974566 -3.603339 -4.885268 0.840122
1769101146.019564 -3.599944 -4.881479 0.839806
1769101146.069709 -3.597646 -4.878916 0.838540
1769101146.124533 -3.595311 -4.876319 0.837907
1769101146.174558 -3.591856 -4.872481 0.837275
1769101146.219551 -3.589518 -4.869887 0.836009
1769101146.274552 -3.587142 -4.867257 0.835376
1769101146.319544 -3.583644 -4.863391 0.834111
1769101146.364559 -3.581246 -4.860747 0.834427
1769101146.424554 -3.578850 -4.858103 0.834111
1769101146.469553 -3.575347 -4.854241 0.834111
1769101146.519558 -3.573034 -4.851692 0.834744
1769101146.574545 -3.570706 -4.849122 0.835060
1769101146.614588 -3.567326 -4.845388 0.836009
1769101146.669542 -3.565137 -4.842965 0.835693
1769101146.724649 -3.562879 -4.840468 0.836009
1769101146.769618 -3.559536 -4.836768 0.835693
1769101146.819565 -3.557312 -4.834309 0.836009
1769101146.869583 -3.555022 -4.831774 0.835060
1769101146.914565 -3.551709 -4.828115 0.834111
1769101146.979560 -3.549448 -4.825621 0.831263
1769101147.019583 -3.546121 -4.821975 0.827783
1769101147.069563 -3.543861 -4.819515 0.825252
1769101147.129586 -3.541698 -4.817172 0.822088
1769101147.169550 -3.538252 -4.813463 0.815761
1769101147.219584 -3.535823 -4.810883 0.812597
1769101147.274576 -3.533543 -4.808475 0.808484
1769101147.319580 -3.529943 -4.804704 0.802156
1769101147.364560 -3.527585 -4.802266 0.798360
1769101147.429574 -3.525218 -4.799837 0.793930
1769101147.469565 -3.521598 -4.796155 0.786337
1769101147.514578 -3.519113 -4.793665 0.780326
1769101147.574576 -3.516666 -4.791243 0.775264
1769101147.619647 -3.512942 -4.787594 0.766405
1769101147.669594 -3.510444 -4.785189 0.760394
1769101147.729689 -3.507950 -4.782816 0.755331
1769101147.769553 -3.504191 -4.779277 0.747105
1769101147.819577 -3.501684 -4.776955 0.742992
1769101147.879560 -3.499168 -4.774643 0.737614
1769101147.919599 -3.495403 -4.771222 0.731603
1769101147.969623 -3.492879 -4.768956 0.727806
1769101148.029667 -3.490366 -4.766717 0.724326
1769101148.074574 -3.486650 -4.763430 0.719264
1769101148.119577 -3.484042 -4.761145 0.717682
1769101148.174565 -3.481525 -4.758948 0.713252
1769101148.219688 -3.477639 -4.755586 0.707874
1769101148.269642 -3.475005 -4.753331 0.703761
1769101148.329576 -3.472438 -4.751153 0.699648
1769101148.374604 -3.468488 -4.747828 0.693320
1769101148.419572 -3.465860 -4.745644 0.687942
1769101148.479651 -3.463259 -4.743507 0.683196
1769101148.519574 -3.459235 -4.740231 0.675286
1769101148.569663 -3.456588 -4.738111 0.670224
1769101148.614599 -3.453870 -4.735957 0.665478
1769101148.679592 -3.451182 -4.733848 0.659467
1769101148.719581 -3.447062 -4.730653 0.651874
1769101148.769643 -3.444345 -4.728580 0.646495
1769101148.824594 -3.441598 -4.726506 0.641433
1769101148.869591 -3.437521 -4.723462 0.634789
1769101148.919595 -3.434709 -4.721391 0.630360
1769101148.974660 -3.431887 -4.719332 0.625298
1769101149.019590 -3.427680 -4.716295 0.619286
1769101149.069601 -3.424980 -4.714370 0.614541
1769101149.124600 -3.422271 -4.712459 0.611060
1769101149.169707 -3.419722 -4.710672 0.606947
1769101149.229670 -3.418932 -4.710124 0.606315
1769101149.264597 -3.418516 -4.709835 0.605682
1769101149.319604 -3.418411 -4.709763 0.605998
1769101149.369615 -3.418370 -4.709735 0.605998
1769101149.419623 -3.418307 -4.709691 0.605682
1769101149.474583 -3.418287 -4.709677 0.605366
1769101149.519595 -3.418266 -4.709663 0.605049
1769101149.569587 -3.418266 -4.709663 0.605049
1769101149.619637 -3.418266 -4.709663 0.605049
1769101149.669583 -3.418266 -4.709663 0.605049
1769101149.719638 -3.418266 -4.709663 0.605049
1769101149.769721 -3.418245 -4.709648 0.604733
1769101149.814647 -3.418245 -4.709648 0.605366
1769101149.879667 -3.418245 -4.709648 0.605366
1769101149.919605 -3.418203 -4.709619 0.605366
1769101149.964643 -3.418203 -4.709619 0.605366
1769101150.024663 -3.418203 -4.709619 0.605366
1769101150.069609 -3.418203 -4.709619 0.605366
1769101150.119605 -3.418224 -4.709634 0.605682
1769101150.174587 -3.418203 -4.709619 0.605366
1769101150.219607 -3.418203 -4.709619 0.605366
1769101150.269684 -3.418224 -4.709634 0.605682
1769101150.324637 -3.418203 -4.709619 0.605366
1769101150.369610 -3.418224 -4.709634 0.605682
1769101150.419616 -3.418203 -4.709619 0.605366
1769101150.469627 -3.418203 -4.709619 0.605366
1769101150.519630 -3.418203 -4.709619 0.605366
1769101150.574606 -3.418203 -4.709619 0.605366
1769101150.614618 -3.418203 -4.709619 0.605366
1769101150.674599 -3.418203 -4.709619 0.605366
1769101150.719602 -3.418203 -4.709619 0.605366
1769101150.769660 -3.418203 -4.709619 0.605366
1769101150.829685 -3.418203 -4.709619 0.605366
1769101150.869617 -3.418203 -4.709619 0.605366
1769101150.919596 -3.418203 -4.709619 0.605366
1769101150.979611 -3.418203 -4.709619 0.605366
1769101151.019698 -3.418203 -4.709619 0.605366
1769101151.069612 -3.418203 -4.709619 0.605366
1769101151.129611 -3.418203 -4.709619 0.605366
1769101151.164622 -3.418203 -4.709619 0.605366
1769101151.219613 -3.418203 -4.709619 0.605366
1769101151.274698 -3.418203 -4.709619 0.605366
1769101151.324606 -3.418203 -4.709619 0.605366
1769101151.369584 -3.418224 -4.709634 0.605682
1769101151.424694 -3.418203 -4.709619 0.605366
1769101151.469691 -3.418203 -4.709619 0.605366
1769101151.519605 -3.418203 -4.709619 0.605366
1769101151.574662 -3.418203 -4.709619 0.605366
1769101151.614722 -3.418203 -4.709619 0.605366
1769101151.669622 -3.418203 -4.709619 0.605366
1769101151.724637 -3.418203 -4.709619 0.605366
1769101151.764587 -3.418203 -4.709619 0.605366
1769101151.819697 -3.418203 -4.709619 0.605366
1769101151.874652 -3.418203 -4.709619 0.605366
1769101151.919646 -3.418203 -4.709619 0.605366
1769101151.964641 -3.418203 -4.709619 0.605366
1769101152.029618 -3.418203 -4.709619 0.605366
1769101152.069606 -3.418203 -4.709619 0.605366
1769101152.129613 -3.418203 -4.709619 0.605366
1769101152.169598 -3.418203 -4.709619 0.605366
1769101152.219617 -3.418224 -4.709634 0.605682
1769101152.274597 -3.418203 -4.709619 0.605366
1769101152.324712 -3.418203 -4.709619 0.605366
1769101152.369612 -3.418203 -4.709619 0.605366
1769101152.419595 -3.418203 -4.709619 0.605366
1769101152.474684 -3.418203 -4.709619 0.605366
1769101152.519634 -3.418203 -4.709619 0.605366
1769101152.564620 -3.418203 -4.709619 0.605366
1769101152.624599 -3.418203 -4.709619 0.605366
1769101152.669619 -3.418203 -4.709619 0.605366
1769101152.714672 -3.418203 -4.709619 0.605366
1769101152.769661 -3.418203 -4.709619 0.605366
1769101152.814630 -3.418162 -4.709590 0.605998
1769101152.869638 -3.417975 -4.709461 0.605682
1769101152.924638 -3.417683 -4.709259 0.606315
1769101152.969665 -3.417226 -4.708942 0.606315
1769101153.019637 -3.416893 -4.708711 0.605682
1769101153.074675 -3.416560 -4.708480 0.605682
1769101153.119684 -3.416061 -4.708135 0.606315
1769101153.169665 -3.415686 -4.707875 0.606947
1769101153.224683 -3.415333 -4.707629 0.606631
1769101153.269667 -3.414834 -4.707283 0.606631
1769101153.319646 -3.414522 -4.707067 0.606315
1769101153.374669 -3.414147 -4.706807 0.606315
1769101153.419701 -3.413357 -4.706259 0.606947
1769101153.469666 -3.412754 -4.705840 0.607264
1769101153.524702 -3.412089 -4.705378 0.607264
1769101153.564697 -3.411112 -4.704699 0.607580
1769101153.619669 -3.410426 -4.704223 0.607897
1769101153.674657 -3.409782 -4.703774 0.607580
1769101153.719657 -3.408785 -4.703081 0.607580
1769101153.769681 -3.408078 -4.702590 0.607580
1769101153.824760 -3.407413 -4.702127 0.607580
1769101153.869657 -3.406249 -4.701318 0.608213
1769101153.919745 -3.405377 -4.700711 0.607580
1769101153.974707 -3.404442 -4.700060 0.608529
1769101154.024693 -3.402947 -4.699019 0.607897
1769101154.069664 -3.401929 -4.698310 0.608213
1769101154.129670 -3.400952 -4.697630 0.608529
1769101154.164672 -3.399457 -4.696589 0.608529
1769101154.219661 -3.398523 -4.695938 0.608213
1769101154.279654 -3.397526 -4.695243 0.608846
1769101154.319693 -3.395989 -4.694172 0.608846
1769101154.369664 -3.395013 -4.693492 0.609162
1769101154.424660 -3.393934 -4.692739 0.609795
1769101154.474670 -3.392398 -4.691666 0.609795
1769101154.514670 -3.391423 -4.690985 0.610111
1769101154.569674 -3.390386 -4.690260 0.610111
1769101154.614688 -3.388892 -4.689216 0.610744
1769101154.669664 -3.387856 -4.688490 0.610111
1769101154.724664 -3.386818 -4.687765 0.610111
1769101154.769696 -3.385325 -4.686721 0.609479
1769101154.829678 -3.384308 -4.686011 0.610428
1769101154.874673 -3.382483 -4.684734 0.609795
1769101154.924672 -3.381155 -4.683806 0.609795
1769101154.964703 -3.379786 -4.682849 0.609162
1769101155.024682 -3.378416 -4.681894 0.608529
1769101155.069685 -3.376318 -4.680432 0.608846
1769101155.119767 -3.374844 -4.679404 0.608529
1769101155.169671 -3.373369 -4.678377 0.608213
1769101155.219693 -3.371230 -4.676888 0.607897
1769101155.269772 -3.369755 -4.675861 0.607580
1769101155.329677 -3.368300 -4.674850 0.606947
1769101155.364693 -3.366200 -4.673392 0.606631
1769101155.419673 -3.364828 -4.672439 0.606631
1769101155.474752 -3.363414 -4.671458 0.605998
1769101155.519686 -3.361313 -4.670002 0.605049
1769101155.564683 -3.359876 -4.669009 0.605366
1769101155.624689 -3.358482 -4.668044 0.605049
1769101155.669710 -3.356379 -4.666589 0.604733
1769101155.719704 -3.354984 -4.665625 0.604416
1769101155.774669 -3.353589 -4.664662 0.604100
1769101155.819714 -3.351527 -4.663238 0.603784
1769101155.869725 -3.350068 -4.662232 0.603151
1769101155.924744 -3.348713 -4.661299 0.602834
1769101155.969722 -3.346649 -4.659878 0.603151
1769101156.024759 -3.345398 -4.659017 0.603151
1769101156.069669 -3.343460 -4.657682 0.603467
1769101156.119705 -3.342147 -4.656777 0.603784
1769101156.174705 -3.340772 -4.655828 0.604416
1769101156.219663 -3.338668 -4.654376 0.604733
1769101156.269674 -3.337190 -4.653354 0.605049
1769101156.329690 -3.335587 -4.652245 0.605366
1769101156.364686 -3.333048 -4.650488 0.605998
1769101156.419693 -3.331488 -4.649407 0.606315
1769101156.474698 -3.329657 -4.648138 0.606947
1769101156.514700 -3.326955 -4.646261 0.606947
1769101156.569692 -3.325250 -4.645077 0.606947
1769101156.624710 -3.323607 -4.643937 0.607264
1769101156.669705 -3.320905 -4.642059 0.607897
1769101156.729669 -3.319015 -4.640744 0.608213
1769101156.774698 -3.316086 -4.638705 0.608529
1769101156.814707 -3.314009 -4.637258 0.608529
1769101156.869694 -3.311974 -4.635840 0.609162
1769101156.924702 -3.309877 -4.634377 0.609479
1769101156.964703 -3.306681 -4.632146 0.609479
1769101157.024718 -3.304710 -4.630769 0.609795
1769101157.069703 -3.301577 -4.628580 0.608846
1769101157.119699 -3.299417 -4.627075 0.608846
1769101157.174701 -3.297050 -4.625425 0.608213
1769101157.214708 -3.293291 -4.622807 0.607897
1769101157.269717 -3.290528 -4.620884 0.607580
1769101157.324695 -3.287410 -4.618717 0.608213
1769101157.364719 -3.282529 -4.615318 0.606631
1769101157.414723 -3.278890 -4.612793 0.606315
1769101157.469693 -3.274855 -4.609995 0.605682
1769101157.514701 -3.268467 -4.605571 0.604100
1769101157.579704 -3.263821 -4.602365 0.603784
1769101157.619801 -3.256612 -4.597393 0.603151
1769101157.669712 -3.251505 -4.593875 0.603467
1769101157.724725 -3.246275 -4.590270 0.604416
1769101157.764738 -3.238402 -4.584833 0.604416
1769101157.819728 -3.233133 -4.581194 0.605998
1769101157.874756 -3.227620 -4.577374 0.607580
1769101157.919736 -3.219682 -4.571854 0.609479
1769101157.974729 -3.214224 -4.568043 0.609795
1769101158.019732 -3.205530 -4.561970 0.610744
1769101158.069713 -3.199662 -4.557862 0.609795
1769101158.129736 -3.193541 -4.553586 0.610111
1769101158.164714 -3.184538 -4.547292 0.608213
1769101158.219731 -3.178369 -4.542997 0.605998
1769101158.269734 -3.172065 -4.538628 0.605049
1769101158.319722 -3.162760 -4.532193 0.604733
1769101158.369721 -3.156326 -4.527746 0.604416
1769101158.424736 -3.149828 -4.523259 0.605049
1769101158.469725 -3.139898 -4.516391 0.607897
1769101158.519810 -3.133250 -4.511766 0.608529
1769101158.574724 -3.126563 -4.507106 0.609795
1769101158.619735 -3.116354 -4.499975 0.609795
1769101158.669733 -3.109341 -4.495075 0.608529
1769101158.724739 -3.102280 -4.490156 0.607897
1769101158.764792 -3.091435 -4.482610 0.607264
1769101158.814722 -3.084555 -4.477829 0.606947
1769101158.874725 -3.077320 -4.472805 0.606315
1769101158.919726 -3.066754 -4.465478 0.607580
1769101158.969737 -3.059855 -4.460681 0.606315
1769101159.024752 -3.052742 -4.455748 0.606315
1769101159.069739 -3.041926 -4.448248 0.606315
1769101159.119731 -3.034605 -4.443171 0.607580
1769101159.174758 -3.027705 -4.438374 0.608213
1769101159.224733 -3.017008 -4.430926 0.608529
1769101159.269746 -3.009802 -4.425905 0.607580
1769101159.324738 -3.002549 -4.420862 0.607897
1769101159.369738 -2.991746 -4.413345 0.606631
1769101159.419738 -2.984987 -4.408656 0.606315
1769101159.474756 -2.977812 -4.403680 0.606631
1769101159.514741 -2.967206 -4.396321 0.606631
1769101159.569754 -2.960074 -4.391371 0.606315
1769101159.619741 -2.953065 -4.386511 0.607264
1769101159.669767 -2.942360 -4.379072 0.607580
1769101159.719793 -2.935170 -4.374073 0.608846
1769101159.774745 -2.927778 -4.368920 0.607580
1769101159.819752 -2.917139 -4.361522 0.608846
1769101159.879761 -2.910162 -4.356658 0.608846
1769101159.924773 -2.900051 -4.349608 0.610428
1769101159.969744 -2.892958 -4.344646 0.612326
1769101160.029749 -2.885812 -4.339627 0.613908
1769101160.074783 -2.875137 -4.332103 0.615173
1769101160.119754 -2.868254 -4.327239 0.616123
1769101160.169749 -2.861189 -4.322237 0.616755
1769101160.224759 -2.854024 -4.317157 0.618337
1769101160.269743 -2.843362 -4.309572 0.618654
1769101160.319755 -2.836310 -4.304552 0.618021
1769101160.374762 -2.829151 -4.299463 0.619603
1769101160.419758 -2.818519 -4.291878 0.620868
1769101160.469766 -2.811561 -4.286902 0.622134
1769101160.524756 -2.804794 -4.282049 0.623716
1769101160.569771 -2.794398 -4.274569 0.624981
1769101160.614768 -2.787378 -4.269504 0.627512
1769101160.674748 -2.780289 -4.264362 0.627512
1769101160.719845 -2.770085 -4.256962 0.629411
1769101160.779757 -2.763415 -4.252104 0.627512
1769101160.814764 -2.752966 -4.244525 0.627512
1769101160.869764 -2.745897 -4.239398 0.626563
1769101160.929762 -2.738803 -4.234263 0.628462
1769101160.969764 -2.728300 -4.226630 0.631309
1769101161.024764 -2.721414 -4.221596 0.631625
1769101161.079760 -2.714489 -4.216529 0.633840
1769101161.119766 -2.704190 -4.208959 0.636055
1769101161.169828 -2.697349 -4.203907 0.637320
1769101161.229770 -2.690351 -4.198726 0.637953
1769101161.269769 -2.679798 -4.190903 0.639535
1769101161.319766 -2.672772 -4.185676 0.640801
1769101161.374769 -2.666117 -4.180713 0.640801
1769101161.419773 -2.656134 -4.173268 0.641433
1769101161.479766 -2.649320 -4.168180 0.642699
1769101161.524789 -2.639453 -4.160792 0.643015
1769101161.569770 -2.632445 -4.155541 0.644281
1769101161.629774 -2.625585 -4.150387 0.645863
1769101161.674770 -2.615094 -4.142481 0.648077
1769101161.719789 -2.608213 -4.137271 0.648394
1769101161.779885 -2.601293 -4.132028 0.647445
1769101161.819775 -2.591361 -4.124517 0.647445
1769101161.869798 -2.584396 -4.119250 0.647761
1769101161.929786 -2.577513 -4.114042 0.648077
1769101161.974813 -2.567081 -4.106143 0.650925
1769101162.019831 -2.560214 -4.100913 0.650608
1769101162.079821 -2.553548 -4.095839 0.652190
1769101162.124780 -2.543430 -4.088112 0.654405
1769101162.169780 -2.536662 -4.082920 0.655354
1769101162.229786 -2.529679 -4.077552 0.655987
1769101162.274785 -2.519289 -4.069555 0.658518
1769101162.319780 -2.512383 -4.064212 0.659467
1769101162.379782 -2.505482 -4.058861 0.659151
1769101162.424800 -2.495257 -4.050940 0.659467
1769101162.469784 -2.488456 -4.045668 0.660100
1769101162.524784 -2.481698 -4.040422 0.660733
1769101162.574789 -2.471487 -4.032484 0.662947
1769101162.614807 -2.464644 -4.027141 0.663264
1769101162.669789 -2.457863 -4.021843 0.664529
1769101162.724790 -2.451108 -4.016551 0.664846
1769101162.764791 -2.441009 -4.008635 0.665162
1769101162.819791 -2.434178 -4.003276 0.665478
1769101162.874794 -2.427349 -3.997916 0.667060
1769101162.919840 -2.417009 -3.989773 0.666428
1769101162.969794 -2.410225 -3.984438 0.666744
1769101163.024809 -2.403422 -3.979085 0.667377
1769101163.069798 -2.393462 -3.971236 0.668326
1769101163.119802 -2.386847 -3.966013 0.671806
1769101163.169798 -2.380092 -3.960641 0.673388
1769101163.219812 -2.369922 -3.952528 0.675286
1769101163.269797 -2.363027 -3.947006 0.674337
1769101163.324827 -2.356760 -3.941996 0.675919
1769101163.369798 -2.346610 -3.933857 0.675919
1769101163.419806 -2.339798 -3.928394 0.674970
1769101163.474816 -2.332981 -3.922938 0.675286
1769101163.519796 -2.322826 -3.914805 0.675919
1769101163.569819 -2.316172 -3.909469 0.677501
1769101163.619810 -2.309546 -3.904138 0.679399
1769101163.669827 -2.299602 -3.896107 0.680348
1769101163.729853 -2.292972 -3.890741 0.681930
1769101163.769848 -2.283304 -3.882892 0.683196
1769101163.819815 -2.277022 -3.877779 0.685094
1769101163.874848 -2.270319 -3.872302 0.685094
1769101163.919828 -2.260539 -3.864310 0.684778
1769101163.979812 -2.254285 -3.859203 0.684461
1769101164.024825 -2.244304 -3.851058 0.684145
1769101164.069818 -2.237733 -3.845699 0.686360
1769101164.129812 -2.231389 -3.840502 0.687625
1769101164.174814 -2.221531 -3.832405 0.690156
1769101164.219820 -2.215012 -3.827023 0.690789
1769101164.274825 -2.208360 -3.821524 0.691106
1769101164.319815 -2.198452 -3.813329 0.691106
1769101164.369827 -2.191724 -3.807763 0.693320
1769101164.424820 -2.185202 -3.802344 0.693637
1769101164.469820 -2.175160 -3.793994 0.693637
1769101164.519901 -2.168407 -3.788379 0.694586
1769101164.579816 -2.161775 -3.782854 0.694902
1769101164.614819 -2.152288 -3.774946 0.696168
1769101164.679820 -2.146267 -3.769914 0.696168
1769101164.719822 -2.136790 -3.761993 0.698699
1769101164.769838 -2.130201 -3.756458 0.700597
1769101164.824830 -2.123874 -3.751122 0.701546
1769101164.869819 -2.113956 -3.742742 0.702495
1769101164.919829 -2.107426 -3.737214 0.701863
1769101164.974823 -2.100758 -3.731576 0.700281
1769101165.014852 -2.090849 -3.723225 0.700913
1769101165.069825 -2.084233 -3.717643 0.701546
1769101165.129825 -2.077698 -3.712121 0.702179
1769101165.169839 -2.067882 -3.703817 0.704710
1769101165.219828 -2.061346 -3.698258 0.705659
1769101165.279828 -2.054814 -3.692693 0.706608
1769101165.319835 -2.044997 -3.684313 0.707241
1769101165.369833 -2.038494 -3.678754 0.708507
1769101165.429844 -2.031786 -3.673006 0.710089
1769101165.469833 -2.021863 -3.664476 0.711038
1769101165.519836 -2.015228 -3.658760 0.711670
1769101165.584880 -2.008768 -3.653190 0.711354
1769101165.619887 -1.999048 -3.644812 0.711038
1769101165.669844 -1.992604 -3.639262 0.712936
1769101165.734862 -1.986056 -3.633600 0.714202
1769101165.769888 -1.976264 -3.625111 0.716733
1769101165.819837 -1.969776 -3.619458 0.717365
1769101165.884881 -1.963177 -3.613701 0.717998
1769101165.924839 -1.953436 -3.605192 0.717049
1769101165.969887 -1.946969 -3.599554 0.717998
1769101166.029865 -1.940812 -3.594175 0.718314
1769101166.069860 -1.930940 -3.585547 0.717049
1769101166.119847 -1.924378 -3.579825 0.717682
1769101166.174859 -1.917952 -3.574215 0.718631
1769101166.219843 -1.908293 -3.565767 0.720846
1769101166.269855 -1.902037 -3.560271 0.721795
1769101166.329842 -1.895615 -3.554618 0.723693
1769101166.374847 -1.885866 -3.546004 0.725591
1769101166.419869 -1.879334 -3.540209 0.728439
1769101166.479838 -1.872874 -3.534447 0.728439
1769101166.524843 -1.863166 -3.525786 0.728439
1769101166.569848 -1.856556 -3.519889 0.727173
1769101166.629869 -1.850259 -3.514286 0.728122
1769101166.674855 -1.840624 -3.505696 0.730021
1769101166.719915 -1.834211 -3.499957 0.731286
1769101166.779938 -1.827712 -3.494125 0.732868
1769101166.819850 -1.818061 -3.485439 0.733817
1769101166.869861 -1.811708 -3.479709 0.733817
1769101166.919858 -1.805374 -3.473997 0.734134
1769101166.974856 -1.798891 -3.468147 0.735083
1769101167.014856 -1.789165 -3.459354 0.735716
1769101167.069846 -1.782654 -3.453460 0.736665
1769101167.124866 -1.776261 -3.447661 0.735716
1769101167.169852 -1.766673 -3.438981 0.735399
1769101167.219879 -1.760329 -3.433242 0.736032
1769101167.274858 -1.754026 -3.427532 0.738563
1769101167.319868 -1.744518 -3.418876 0.742992
1769101167.374859 -1.738218 -3.413089 0.743625
1769101167.424867 -1.731735 -3.407126 0.745523
1769101167.469858 -1.722251 -3.398369 0.746789
1769101167.529886 -1.715879 -3.392472 0.747105
1769101167.574919 -1.706669 -3.383941 0.746473
1769101167.619871 -1.700370 -3.378115 0.744891
1769101167.679904 -1.693969 -3.372212 0.746156
1769101167.724871 -1.684862 -3.363794 0.748055
1769101167.769880 -1.678925 -3.358284 0.749953
1769101167.824876 -1.672610 -3.352401 0.750902
1769101167.869889 -1.663284 -3.343698 0.751535
1769101167.914899 -1.657033 -3.337857 0.753433
1769101167.974902 -1.650701 -3.331917 0.755648
1769101168.014939 -1.641177 -3.322943 0.757230
1769101168.069893 -1.634850 -3.316963 0.755964
1769101168.129892 -1.628514 -3.310990 0.756597
1769101168.169872 -1.619146 -3.302146 0.755015
1769101168.219881 -1.612879 -3.296249 0.755648
1769101168.279880 -1.606634 -3.290365 0.757230
1769101168.319890 -1.597327 -3.281567 0.761659
1769101168.369897 -1.591080 -3.275611 0.763241
1769101168.424932 -1.584807 -3.269610 0.763557
1769101168.469878 -1.575427 -3.260631 0.764506
1769101168.519921 -1.569235 -3.254692 0.764190
1769101168.579876 -1.563022 -3.248737 0.766721
1769101168.619885 -1.553507 -3.239571 0.766721
1769101168.669893 -1.547291 -3.233583 0.767038
1769101168.729893 -1.541059 -3.227575 0.767038
1769101168.769887 -1.531783 -3.218634 0.768619
1769101168.819888 -1.525706 -3.212758 0.769885
1769101168.884907 -1.519582 -3.206821 0.771467
1769101168.924891 -1.510291 -3.197786 0.774631
1769101168.969885 -1.504051 -3.191678 0.776213
1769101169.024891 -1.497892 -3.185631 0.776529
1769101169.069887 -1.488973 -3.176869 0.777162
1769101169.119883 -1.482946 -3.170941 0.774631
1769101169.174910 -1.476922 -3.165045 0.774314
1769101169.219903 -1.467658 -3.155984 0.775580
1769101169.269917 -1.461495 -3.149941 0.777162
1769101169.329923 -1.455288 -3.143835 0.779693
1769101169.369916 -1.446162 -3.134813 0.781275
1769101169.419893 -1.440196 -3.128896 0.781275
1769101169.474899 -1.434050 -3.122800 0.781275
1769101169.519987 -1.425100 -3.113924 0.783806
1769101169.569894 -1.418988 -3.107831 0.784755
1769101169.624901 -1.412863 -3.101714 0.785388
1769101169.669898 -1.403592 -3.092443 0.784755
1769101169.724900 -1.397557 -3.086416 0.785071
1769101169.774954 -1.391416 -3.080279 0.785388
1769101169.814910 -1.382395 -3.071259 0.787286
1769101169.869950 -1.376411 -3.065252 0.789501
1769101169.924978 -1.370369 -3.059160 0.792981
1769101169.969957 -1.361417 -3.050071 0.796778
1769101170.014909 -1.355561 -3.044080 0.800258
1769101170.079905 -1.349638 -3.037978 0.801523
1769101170.114910 -1.340693 -3.028741 0.802156
1769101170.164925 -1.334694 -3.022536 0.802473
1769101170.224922 -1.328766 -3.016403 0.805320
1769101170.269905 -1.319910 -3.007187 0.807535
1769101170.320015 -1.314083 -3.001096 0.808484
1769101170.379910 -1.308472 -2.995220 0.810699
1769101170.419976 -1.300363 -2.986690 0.817975
1769101170.469910 -1.294947 -2.980909 0.825885
1769101170.529918 -1.289714 -2.975233 0.831896
1769101170.569921 -1.281941 -2.966702 0.842020
1769101170.614934 -1.276749 -2.960886 0.845184
1769101170.679929 -1.271576 -2.955054 0.848981
1769101170.719914 -1.263966 -2.946410 0.851828
1769101170.769941 -1.258865 -2.940582 0.853727
1769101170.824951 -1.253576 -2.934515 0.856891
1769101170.869938 -1.245969 -2.925735 0.864800
1769101170.914951 -1.241059 -2.919976 0.870179
1769101170.979939 -1.236294 -2.914326 0.875241
1769101171.019928 -1.229320 -2.905971 0.882834
1769101171.069917 -1.224755 -2.900417 0.887263
1769101171.129943 -1.220216 -2.894844 0.892325
1769101171.169920 -1.213353 -2.886331 0.899286
1769101171.219960 -1.209039 -2.880902 0.902450
1769101171.279923 -1.204459 -2.875101 0.906879
1769101171.319940 -1.197752 -2.866530 0.912574
1769101171.364941 -1.193293 -2.860763 0.914472
1769101171.424924 -1.188969 -2.855148 0.916371
1769101171.469940 -1.182575 -2.846815 0.921116
1769101171.514930 -1.178334 -2.841232 0.924597
1769101171.579938 -1.174203 -2.835756 0.930608
1769101171.619921 -1.168035 -2.827474 0.938834
1769101171.669963 -1.164132 -2.822144 0.944845
1769101171.729971 -1.160158 -2.816646 0.951173
1769101171.769938 -1.154426 -2.808610 0.959399
1769101171.819935 -1.150546 -2.803077 0.962879
1769101171.879965 -1.146643 -2.797467 0.966043
1769101171.919970 -1.140714 -2.788889 0.971738
1769101171.969947 -1.136761 -2.783098 0.974585
1769101172.029946 -1.132838 -2.777318 0.979647
1769101172.069947 -1.126999 -2.768617 0.984709
1769101172.119955 -1.123163 -2.762840 0.987241
1769101172.174939 -1.119411 -2.757158 0.990721
1769101172.219937 -1.113807 -2.748605 0.994517
1769101172.269952 -1.110110 -2.742917 0.996416
1769101172.329968 -1.106604 -2.737499 0.998630
1769101172.369959 -1.101040 -2.728859 0.999896
1769101172.424949 -1.097593 -2.723493 1.001794
1769101172.469946 -1.092274 -2.715177 1.002427
1769101172.519958 -1.088678 -2.709545 1.002427
1769101172.579965 -1.085190 -2.704084 1.003692
1769101172.614960 -1.079629 -2.695353 1.000845
1769101172.669961 -1.076119 -2.689876 0.998630
1769101172.724962 -1.072282 -2.683918 0.997998
1769101172.769961 -1.066534 -2.675005 0.996416
1769101172.819961 -1.062959 -2.669481 0.995783
1769101172.874976 -1.059187 -2.663661 0.995150
1769101172.915052 -1.053689 -2.655189 0.996732
1769101172.975037 -1.049978 -2.649451 0.999263
1769101173.019955 -1.046460 -2.643980 0.999580
1769101173.069965 -1.040999 -2.635484 1.001161
1769101173.120024 -1.037259 -2.629644 1.001161
1769101173.174960 -1.033560 -2.623868 1.002111
1769101173.220016 -1.027985 -2.615145 1.001794
1769101173.269979 -1.024194 -2.609218 1.001161
1769101173.325027 -1.020522 -2.603484 1.000212
1769101173.369982 -1.014876 -2.594687 0.999896
1769101173.419963 -1.011183 -2.588937 0.997365
1769101173.474964 -1.007420 -2.583111 0.996099
1769101173.519973 -1.001724 -2.574316 0.996732
1769101173.569967 -0.998013 -2.568577 0.997998
1769101173.624981 -0.994309 -2.562834 0.998630
1769101173.669977 -0.988759 -2.554216 0.999580
1769101173.715068 -0.985365 -2.548935 1.000845
1769101173.775039 -0.981719 -2.543246 1.001161
1769101173.820023 -0.976286 -2.534763 1.001794
1769101173.869986 -0.972604 -2.529005 1.002427
1769101173.924984 -0.968857 -2.523139 1.000845
1769101173.970058 -0.963353 -2.514552 0.999263
1769101174.025061 -0.959657 -2.508804 0.997998
1769101174.070009 -0.954032 -2.500083 0.995467
1769101174.114982 -0.950328 -2.494370 0.995783
1769101174.174971 -0.946625 -2.488657 0.994834
1769101174.224985 -0.941386 -2.480590 0.996099
1769101174.279990 -0.937864 -2.475152 0.997365
1769101174.314978 -0.932358 -2.466625 0.997048
1769101174.364988 -0.928896 -2.461269 0.996416
1769101174.424970 -0.925128 -2.455446 0.993252
1769101174.469985 -0.919504 -2.446816 0.989139
1769101174.519986 -0.915999 -2.441486 0.985342
1769101174.580007 -0.912181 -2.435727 0.979964
1769101174.619990 -0.906471 -2.427214 0.972054
1769101174.669989 -0.902505 -2.421402 0.964461
1769101174.724985 -0.898481 -2.415599 0.956551
1769101174.764987 -0.892442 -2.407036 0.945794
1769101174.819979 -0.888428 -2.401473 0.937885
1769101174.874998 -0.884311 -2.395861 0.929975
1769101174.915006 -0.878364 -2.387887 0.919534
1769101174.970000 -0.874329 -2.382593 0.912258
1769101175.024993 -0.870209 -2.377268 0.903399
1769101175.069977 -0.863927 -2.369296 0.890427
1769101175.119981 -0.859596 -2.363945 0.880936
1769101175.170013 -0.855150 -2.358556 0.870811
1769101175.220022 -0.848481 -2.350639 0.857207
1769101175.270007 -0.844025 -2.345491 0.847399
1769101175.330047 -0.839401 -2.340255 0.837907
1769101175.370004 -0.832492 -2.332580 0.823987
1769101175.420011 -0.827936 -2.327657 0.815444
1769101175.475017 -0.823320 -2.322756 0.807218
1769101175.525006 -0.816389 -2.315516 0.795828
1769101175.570020 -0.811678 -2.310705 0.788235
1769101175.633331 -0.806860 -2.305860 0.780642
1769101175.665021 -0.799487 -2.298557 0.770518
1769101175.715006 -0.794710 -2.293920 0.761975
1769101175.775050 -0.789620 -2.289063 0.752484
1769101175.820025 -0.782026 -2.281953 0.736348
1769101175.865039 -0.776925 -2.277329 0.725591
1769101175.925025 -0.771756 -2.272744 0.715151
1769101175.970044 -0.763997 -2.266006 0.699331
1769101176.020078 -0.758864 -2.261688 0.692055
1769101176.080061 -0.753642 -2.257360 0.685094
1769101176.120017 -0.745645 -2.250825 0.676235
1769101176.175014 -0.740414 -2.246627 0.668326
1769101176.230010 -0.734971 -2.242330 0.661365
1769101176.269997 -0.726901 -2.236050 0.647445
1769101176.320007 -0.721430 -2.231912 0.637637
1769101176.380079 -0.715878 -2.227799 0.627829
1769101176.420069 -0.707480 -2.221703 0.611377
1769101176.470031 -0.701780 -2.217708 0.600936
1769101176.530020 -0.696060 -2.213787 0.591445
1769101176.575027 -0.687382 -2.207959 0.579738
1769101176.615026 -0.681750 -2.204270 0.571513
1769101176.680027 -0.676002 -2.200574 0.564552
1769101176.720017 -0.667534 -2.195211 0.553795
1769101176.770023 -0.661872 -2.191710 0.547151
1769101176.830024 -0.656101 -2.188194 0.540507
1769101176.870021 -0.647355 -2.182946 0.530066
1769101176.920024 -0.641655 -2.179606 0.524688
1769101176.975029 -0.635587 -2.176094 0.519309
1769101177.020025 -0.626402 -2.170843 0.511716
1769101177.070014 -0.620289 -2.167410 0.505705
1769101177.130038 -0.614134 -2.164001 0.503174
1769101177.170049 -0.605198 -2.159083 0.497162
1769101177.220035 -0.599235 -2.155848 0.493999
1769101177.280082 -0.593330 -2.152667 0.492417
1769101177.320015 -0.584409 -2.147881 0.491784
1769101177.365052 -0.578809 -2.144881 0.492100
1769101177.425045 -0.572763 -2.141640 0.493049
1769101177.470038 -0.563600 -2.136717 0.493999
1769101177.515020 -0.557560 -2.133464 0.495580
1769101177.580042 -0.551482 -2.130178 0.495264
1769101177.620052 -0.542374 -2.125258 0.492417
1769101177.670038 -0.536262 -2.121980 0.491151
1769101177.730023 -0.530125 -2.118697 0.490835
1769101177.765040 -0.521017 -2.113829 0.493366
1769101177.820032 -0.514954 -2.110569 0.497162
1769101177.870087 -0.509236 -2.107466 0.502541
1769101177.920132 -0.500630 -2.102736 0.511400
1769101177.975082 -0.494913 -2.099528 0.517411
1769101178.020054 -0.486466 -2.094721 0.525637
1769101178.070074 -0.480511 -2.091266 0.530699
1769101178.130062 -0.474770 -2.087897 0.535445
1769101178.170068 -0.465801 -2.082576 0.543038
1769101178.220104 -0.459799 -2.078953 0.550315
1769101178.280092 -0.453866 -2.075313 0.557592
1769101178.320036 -0.444932 -2.069742 0.568981
1769101178.370049 -0.439132 -2.066033 0.577207
1769101178.430050 -0.433405 -2.062304 0.584801
1769101178.470050 -0.424900 -2.056673 0.596507
1769101178.520065 -0.419225 -2.052820 0.605049
1769101178.580072 -0.413605 -2.048932 0.614541
1769101178.620056 -0.405229 -2.043022 0.628145
1769101178.670034 -0.399741 -2.039036 0.638902
1769101178.730055 -0.394296 -2.034991 0.648394
1769101178.775065 -0.386166 -2.028831 0.662631
1769101178.820057 -0.380858 -2.024689 0.671490
1769101178.870125 -0.375547 -2.020469 0.680348
1769101178.925056 -0.370195 -2.016138 0.689840
1769101178.970066 -0.362074 -2.009437 0.701863
1769101179.015115 -0.356797 -2.004976 0.709139
1769101179.075070 -0.351361 -2.000311 0.715151
1769101179.120059 -0.343603 -1.993573 0.725908
1769101179.180058 -0.338454 -1.989003 0.732235
1769101179.225076 -0.331094 -1.982387 0.740145
1769101179.265075 -0.326141 -1.977864 0.748055
1769101179.330047 -0.321113 -1.973198 0.754699
1769101179.370062 -0.313720 -1.966245 0.764506
1769101179.420061 -0.308751 -1.961479 0.770201
1769101179.475085 -0.304009 -1.956880 0.774947
1769101179.520067 -0.296939 -1.949955 0.780326
1769101179.570084 -0.291974 -1.945041 0.784755
1769101179.630079 -0.287210 -1.940283 0.787286
1769101179.675122 -0.279833 -1.932878 0.792665
1769101179.720062 -0.275000 -1.927974 0.797727
1769101179.780088 -0.270440 -1.923300 0.801523
1769101179.820125 -0.263204 -1.915827 0.805636
1769101179.870116 -0.258453 -1.910879 0.808484
1769101179.925068 -0.253646 -1.905845 0.811964
1769101179.970104 -0.246645 -1.898462 0.818292
1769101180.020146 -0.242268 -1.893787 0.822405
1769101180.075096 -0.237652 -1.888817 0.826834
1769101180.120078 -0.230745 -1.881312 0.833478
1769101180.170066 -0.226167 -1.876271 0.835060
1769101180.220078 -0.221564 -1.871186 0.836009
1769101180.270066 -0.214674 -1.863562 0.836009
1769101180.325085 -0.210347 -1.858773 0.833795
1769101180.370079 -0.203356 -1.851070 0.831580
1769101180.420063 -0.198615 -1.845870 0.829049
1769101180.475090 -0.193930 -1.840757 0.827783
1769101180.520137 -0.186875 -1.833077 0.828416
1769101180.570070 -0.182444 -1.828247 0.829365
1769101180.625153 -0.177880 -1.823263 0.830314
1769101180.670089 -0.171032 -1.815771 0.831263
1769101180.715071 -0.166563 -1.810872 0.831263
1769101180.775089 -0.161923 -1.805786 0.832529
1769101180.820093 -0.155059 -1.798241 0.832845
1769101180.870067 -0.150495 -1.793223 0.834744
1769101180.930096 -0.145839 -1.788083 0.835376
1769101180.970147 -0.138979 -1.780500 0.835376
1769101181.020145 -0.134343 -1.775376 0.834427
1769101181.080101 -0.129668 -1.770219 0.832213
1769101181.115097 -0.122937 -1.762826 0.829998
1769101181.170169 -0.118223 -1.757671 0.828732
1769101181.225094 -0.113604 -1.752634 0.826834
1769101181.270122 -0.106834 -1.745278 0.829049
1769101181.330110 -0.102251 -1.740277 0.831580
1769101181.370145 -0.095857 -1.733263 0.834427
1769101181.420088 -0.091522 -1.728481 0.835376
1769101181.475091 -0.087515 -1.724051 0.836642
1769101181.520095 -0.081105 -1.716948 0.834744
1769101181.570081 -0.076755 -1.712146 0.833478
1769101181.620100 -0.072688 -1.707668 0.833795
1769101181.670121 -0.066139 -1.700452 0.832845
1769101181.720178 -0.061933 -1.695827 0.831263
1769101181.775119 -0.057634 -1.691115 0.831896
1769101181.815143 -0.051497 -1.684379 0.831263
1769101181.870135 -0.047489 -1.679985 0.829049
1769101181.925121 -0.043436 -1.675562 0.829365
1769101181.970133 -0.037454 -1.669029 0.828732
1769101182.020150 -0.033502 -1.664719 0.829049
1769101182.075170 -0.029689 -1.660558 0.830631
1769101182.120125 -0.023920 -1.654241 0.832529
1769101182.170178 -0.020172 -1.650123 0.833795
1769101182.225105 -0.016430 -1.645999 0.835060
1769101182.265158 -0.010892 -1.639882 0.837591
1769101182.320110 -0.007131 -1.635707 0.837591
1769101182.380113 -0.003439 -1.631607 0.836326
1769101182.420133 0.002227 -1.625333 0.833795
1769101182.470124 0.005884 -1.621304 0.832213
1769101182.525114 0.009378 -1.617467 0.829998
1769101182.570094 0.014690 -1.611658 0.827150
1769101182.615132 0.018305 -1.607728 0.827467
1769101182.675135 0.021782 -1.603945 0.827783
1769101182.720107 0.027056 -1.598204 0.830314
1769101182.770124 0.030420 -1.594523 0.831896
1769101182.820120 0.033864 -1.590744 0.833162
1769101182.870134 0.038919 -1.585181 0.833478
1769101182.925101 0.042340 -1.581415 0.834427
1769101182.975105 0.045722 -1.577683 0.834111
1769101183.020101 0.050790 -1.572096 0.834111
1769101183.065110 0.054174 -1.568365 0.833162
1769101183.130108 0.057459 -1.564750 0.833478
1769101183.165116 0.062343 -1.559373 0.833162
1769101183.220140 0.065543 -1.555851 0.833795
1769101183.275104 0.068758 -1.552309 0.833478
1769101183.320124 0.073523 -1.547062 0.833478
1769101183.365106 0.076739 -1.543521 0.832529
1769101183.425131 0.079941 -1.540002 0.831896
1769101183.465125 0.084697 -1.534782 0.829682
1769101183.520126 0.087858 -1.531327 0.828732
1769101183.580142 0.090852 -1.528062 0.827783
1769101183.620133 0.095252 -1.523272 0.827467
1769101183.670203 0.098181 -1.520086 0.827783
1769101183.730221 0.101006 -1.517010 0.828100
1769101183.770166 0.105371 -1.512256 0.830314
1769101183.820146 0.108155 -1.509210 0.830631
1769101183.875183 0.110903 -1.506201 0.832845
1769101183.920158 0.114836 -1.501876 0.835060
1769101183.975157 0.117350 -1.499099 0.836326
1769101184.030172 0.119929 -1.496243 0.836958
1769101184.070137 0.123777 -1.491977 0.837275
1769101184.120147 0.126319 -1.489156 0.836642
1769101184.175191 0.128879 -1.486319 0.835693
1769101184.225144 0.132800 -1.481982 0.834111
1769101184.265189 0.135419 -1.479095 0.832845
1769101184.330143 0.138007 -1.476249 0.831580
1769101184.370161 0.141810 -1.472078 0.830631
1769101184.425121 0.144422 -1.469218 0.830314
1769101184.475152 0.147085 -1.466304 0.829682
1769101184.520125 0.151050 -1.461972 0.829682
1769101184.570152 0.153647 -1.459134 0.829682
1769101184.625144 0.156279 -1.456258 0.830314
1769101184.670154 0.160103 -1.452073 0.830947
1769101184.720133 0.162663 -1.449269 0.832213
1769101184.780195 0.165270 -1.446406 0.832529
1769101184.820148 0.169052 -1.442250 0.831896
1769101184.870146 0.171626 -1.439424 0.832213
1769101184.930148 0.174199 -1.436598 0.831896
1769101184.970150 0.178017 -1.432407 0.831896
1769101185.020141 0.180557 -1.429620 0.832213
1769101185.075155 0.183181 -1.426738 0.832845
1769101185.120138 0.187013 -1.422524 0.833795
1769101185.170162 0.189598 -1.419675 0.833162
1769101185.230165 0.192186 -1.416828 0.834427
1769101185.270165 0.196078 -1.412534 0.834744
1769101185.325169 0.198678 -1.409664 0.835060
1769101185.380160 0.201311 -1.406755 0.834744
1769101185.425182 0.205135 -1.402535 0.835693
1769101185.470149 0.207732 -1.399662 0.834744
1769101185.530171 0.210349 -1.396773 0.834111
1769101185.575159 0.214260 -1.392461 0.831580
1769101185.620159 0.216920 -1.389544 0.829682
1769101185.665159 0.219534 -1.386687 0.829365
1769101185.725185 0.222184 -1.383793 0.827150
1769101185.770161 0.226176 -1.379453 0.826834
1769101185.820264 0.228713 -1.376697 0.826834
1769101185.875226 0.231301 -1.373884 0.826518
1769101185.920148 0.235279 -1.369565 0.828416
1769101185.970180 0.237863 -1.366749 0.829365
1769101186.025238 0.240359 -1.364024 0.830631
1769101186.070204 0.243977 -1.360062 0.832529
1769101186.120172 0.246328 -1.357478 0.833162
1769101186.170244 0.248592 -1.354987 0.834111
1769101186.220170 0.251993 -1.351237 0.836009
1769101186.270166 0.254284 -1.348702 0.835693
1769101186.325194 0.256524 -1.346224 0.835060
1769101186.370172 0.259939 -1.342452 0.834744
1769101186.415177 0.262301 -1.339845 0.835060
1769101186.475156 0.264577 -1.337331 0.834427
1769101186.520163 0.267960 -1.333599 0.833478
1769101186.570159 0.270291 -1.331032 0.832529
1769101186.625179 0.272574 -1.328523 0.833162
1769101186.670159 0.276080 -1.324665 0.831896
1769101186.715163 0.278433 -1.322083 0.832529
1769101186.770184 0.280766 -1.319518 0.831580
1769101186.820176 0.284296 -1.315646 0.831896
1769101186.870177 0.286631 -1.313083 0.832213
1769101186.925178 0.288949 -1.310537 0.832213
1769101186.970187 0.292391 -1.306757 0.831580
1769101187.020169 0.294744 -1.304176 0.831580
1769101187.075194 0.297063 -1.301632 0.830947
1769101187.120174 0.300493 -1.297874 0.829998
1769101187.170189 0.302833 -1.295316 0.829682
1769101187.225181 0.305140 -1.292795 0.829998
1769101187.270183 0.308556 -1.289059 0.829365
1769101187.320199 0.310864 -1.286539 0.829682
1769101187.375172 0.313171 -1.284019 0.829998
1769101187.420174 0.316587 -1.280283 0.831896
1769101187.470176 0.318820 -1.277832 0.831580
1769101187.525175 0.320560 -1.275924 0.831580
1769101187.570196 0.321924 -1.274428 0.834111
1769101187.620243 0.322332 -1.273978 0.834111
1769101187.675199 0.322502 -1.273791 0.834744
1769101187.720199 0.322570 -1.273716 0.834744
1769101187.770234 0.322570 -1.273716 0.834744
1769101187.825195 0.322570 -1.273716 0.834744
1769101187.870213 0.322587 -1.273697 0.835060
1769101187.915252 0.322604 -1.273678 0.834744
1769101187.980234 0.322587 -1.273697 0.835060
1769101188.020221 0.322604 -1.273678 0.834744
1769101188.065241 0.322587 -1.273697 0.835060
1769101188.130203 0.322604 -1.273678 0.834744
1769101188.170202 0.322604 -1.273678 0.834744
1769101188.220196 0.322587 -1.273697 0.835060
1769101188.275269 0.322587 -1.273697 0.835060
1769101188.320201 0.322587 -1.273697 0.835060
1769101188.370202 0.322604 -1.273678 0.834744
1769101188.430257 0.322604 -1.273678 0.834744
1769101188.465208 0.322604 -1.273678 0.834744
1769101188.520251 0.322604 -1.273678 0.834744
1769101188.585210 0.322604 -1.273678 0.834744
1769101188.620260 0.322587 -1.273697 0.835060
1769101188.670190 0.322604 -1.273678 0.834744
1769101188.725241 0.322604 -1.273678 0.834744
1769101188.770212 0.322604 -1.273678 0.834744
1769101188.825216 0.322587 -1.273697 0.835060
1769101188.870215 0.322604 -1.273678 0.834744
1769101188.920201 0.322587 -1.273697 0.835060
1769101188.980227 0.322604 -1.273678 0.834744
1769101189.020212 0.322604 -1.273678 0.834744
1769101189.070216 0.322604 -1.273678 0.834744
1769101189.130261 0.322604 -1.273678 0.834744
1769101189.170220 0.322604 -1.273678 0.834744
1769101189.220206 0.322587 -1.273697 0.835060
1769101189.275220 0.322604 -1.273678 0.834744
1769101189.325199 0.322604 -1.273678 0.834744
1769101189.370223 0.322604 -1.273678 0.834744
1769101189.430284 0.322604 -1.273678 0.834744
1769101189.470223 0.322587 -1.273697 0.835060
1769101189.520223 0.322604 -1.273678 0.834744
1769101189.580230 0.322604 -1.273678 0.834744
1769101189.620232 0.322587 -1.273697 0.835060
1769101189.670219 0.322604 -1.273678 0.834744
1769101189.720228 0.322587 -1.273697 0.835060
1769101189.770260 0.322604 -1.273678 0.834744
1769101189.820252 0.322587 -1.273697 0.835060
1769101189.870211 0.322587 -1.273697 0.835060
1769101189.925235 0.322604 -1.273678 0.834744
1769101189.970249 0.322604 -1.273678 0.834744
1769101190.020264 0.322604 -1.273678 0.834744
1769101190.075241 0.322604 -1.273678 0.834744
1769101190.120251 0.322604 -1.273678 0.834744
1769101190.170239 0.322604 -1.273678 0.834744
1769101190.225233 0.322587 -1.273697 0.835060
1769101190.275237 0.322587 -1.273697 0.835060
1769101190.330245 0.322604 -1.273678 0.834744
1769101190.375212 0.322604 -1.273678 0.834744
1769101190.420258 0.322604 -1.273678 0.834744
1769101190.480296 0.322604 -1.273678 0.834744
1769101190.525235 0.322604 -1.273678 0.834744
1769101190.570241 0.322587 -1.273697 0.835060
1769101190.625235 0.322587 -1.273697 0.835060
1769101190.675253 0.322587 -1.273697 0.835060
1769101190.715223 0.322604 -1.273678 0.834744
1769101190.780240 0.322604 -1.273678 0.834744
1769101190.820222 0.322604 -1.273678 0.834744
1769101190.870225 0.322604 -1.273678 0.834744
1769101190.930233 0.322604 -1.273678 0.834744
1769101190.970222 0.322587 -1.273697 0.835060
1769101191.020312 0.322604 -1.273678 0.834744
1769101191.075256 0.322604 -1.273678 0.834744
1769101191.120245 0.322604 -1.273678 0.834744
1769101191.170256 0.322604 -1.273678 0.834744
1769101191.230244 0.322604 -1.273678 0.834744
1769101191.270251 0.322604 -1.273678 0.834744
1769101191.320270 0.322604 -1.273678 0.834744
1769101191.380275 0.322587 -1.273697 0.835060
1769101191.420249 0.322604 -1.273678 0.834744
1769101191.470259 0.322587 -1.273697 0.835060
1769101191.530255 0.322604 -1.273678 0.834744
1769101191.570307 0.322604 -1.273678 0.834744
1769101191.615235 0.322604 -1.273678 0.834744
1769101191.675260 0.322604 -1.273678 0.834744
1769101191.720254 0.322604 -1.273678 0.834744
1769101191.770299 0.322604 -1.273678 0.834744
1769101191.825320 0.322604 -1.273678 0.834744
1769101191.875276 0.322587 -1.273697 0.835060
1769101191.915271 0.322604 -1.273678 0.834744
1769101191.980273 0.322604 -1.273678 0.834744
1769101192.020350 0.322604 -1.273678 0.834744
1769101192.070281 0.322604 -1.273678 0.834744
1769101192.130268 0.322604 -1.273678 0.834744
1769101192.170269 0.322604 -1.273678 0.834744
1769101192.220253 0.322604 -1.273678 0.834744
1769101192.280285 0.322587 -1.273697 0.835060
1769101192.325320 0.322604 -1.273678 0.834744
1769101192.370294 0.322587 -1.273697 0.835060
1769101192.420257 0.322604 -1.273678 0.834744
1769101192.475277 0.322604 -1.273678 0.834744
1769101192.520261 0.322604 -1.273678 0.834744
1769101192.570334 0.322587 -1.273697 0.835060
1769101192.625256 0.322604 -1.273678 0.834744
1769101192.670259 0.322604 -1.273678 0.834744
1769101192.715253 0.322587 -1.273697 0.835060
1769101192.770261 0.322604 -1.273678 0.834744
1769101192.820302 0.322604 -1.273678 0.834744
1769101192.870294 0.322604 -1.273678 0.834744
1769101192.925256 0.322604 -1.273678 0.834744
1769101192.970273 0.322604 -1.273678 0.834744
1769101193.020275 0.322604 -1.273678 0.834744
1769101193.075289 0.322604 -1.273678 0.834744
1769101193.120269 0.322604 -1.273678 0.834744
1769101193.175294 0.322604 -1.273678 0.834744
1769101193.225280 0.322604 -1.273678 0.834744
1769101193.270293 0.322604 -1.273678 0.834744
1769101193.320277 0.322604 -1.273678 0.834744
1769101193.375282 0.322604 -1.273678 0.834744
1769101193.420278 0.322604 -1.273678 0.834744
1769101193.470280 0.322587 -1.273697 0.835060
1769101193.525299 0.322604 -1.273678 0.834744
1769101193.570265 0.322604 -1.273678 0.834744
1769101193.615269 0.322604 -1.273678 0.834744
1769101193.675284 0.322587 -1.273697 0.835060
1769101193.715320 0.322604 -1.273678 0.834744
1769101193.770316 0.322604 -1.273678 0.834744
1769101193.825290 0.322604 -1.273678 0.834744
1769101193.870301 0.322604 -1.273678 0.834744
1769101193.920390 0.322604 -1.273678 0.834744
1769101193.980313 0.322604 -1.273678 0.834744
1769101194.020319 0.322587 -1.273697 0.835060
1769101194.070306 0.322604 -1.273678 0.834744
1769101194.125339 0.322604 -1.273678 0.834744
1769101194.170300 0.322604 -1.273678 0.834744
1769101194.220291 0.322604 -1.273678 0.834744
1769101194.270291 0.322587 -1.273697 0.835060
