timestamp x y theta
1769099704.154870 0.000025 -0.000000 -0.000003
1769099704.204875 0.000000 -0.000000 -0.000009
1769099704.254880 0.000000 -0.000000 -0.000006
1769099704.304856 0.000025 0.000000 0.000010
1769099704.354873 0.000000 -0.000000 0.000006
1769099704.404880 0.000000 -0.000000 0.000005
1769099704.454864 0.000000 -0.000000 0.000006
1769099704.504878 0.000000 -0.000000 0.000007
1769099704.554861 0.000000 -0.000000 0.000008
1769099704.604881 0.000000 -0.000000 0.000010
1769099704.654878 0.000000 -0.000000 0.000012
1769099704.704889 0.000000 -0.000000 0.000014
1769099704.754885 0.000000 -0.000000 0.000014
1769099704.804887 0.000000 -0.000000 0.000012
1769099704.854888 0.000000 -0.000000 0.000012
1769099704.904892 0.000025 0.000000 0.000040
1769099704.954897 -0.000000 -0.000000 0.000015
1769099705.004894 -0.000000 -0.000000 0.000015
1769099705.054892 -0.000000 -0.000000 0.000016
1769099705.104890 -0.000000 -0.000000 0.000017
1769099705.154903 -0.000000 -0.000000 0.000018
1769099705.204876 -0.000000 -0.000000 0.000018
1769099705.254877 0.000025 0.000000 0.000053
1769099705.304984 -0.000000 -0.000000 0.000020
1769099705.354915 -0.000000 -0.000000 0.000019
1769099705.404907 0.000025 0.000000 0.000056
1769099705.454904 -0.000000 -0.000000 0.000019
1769099705.504921 -0.000000 -0.000000 0.000019
1769099705.554906 -0.000000 -0.000000 0.000019
1769099705.604908 -0.000000 -0.000000 0.000019
1769099705.654878 -0.000000 -0.000000 0.000020
1769099705.700009 0.000025 0.000000 0.000067
1769099705.754934 -0.000000 -0.000000 0.000029
1769099705.804937 -0.000000 -0.000000 0.000030
1769099705.854939 0.000025 0.000000 0.000074
1769099705.904930 -0.000000 -0.000000 0.000030
1769099705.954902 -0.000000 -0.000000 0.000030
1769099706.004906 0.000025 0.000000 0.000077
1769099706.054924 -0.000000 -0.000000 0.000029
1769099706.104918 -0.000000 -0.000000 0.000029
1769099706.154917 -0.000000 -0.000000 0.000030
1769099706.204901 -0.000000 -0.000000 0.000030
1769099706.254916 0.000025 0.000000 0.000080
1769099706.304919 -0.000000 -0.000000 0.000030
1769099706.354934 -0.000000 -0.000000 0.000030
1769099706.404904 -0.000000 -0.000000 0.000029
1769099706.454930 -0.000000 -0.000000 0.000029
1769099706.504916 -0.000000 -0.000000 0.000029
1769099706.554913 -0.000000 -0.000000 0.000029
1769099706.604925 0.000025 0.000000 0.000083
1769099706.654915 -0.000000 -0.000000 0.000029
1769099706.704927 -0.000000 -0.000000 0.000029
1769099706.754922 -0.000000 -0.000000 0.000029
1769099706.804909 -0.000000 -0.000000 0.000029
1769099706.854936 -0.000000 -0.000000 0.000029
1769099706.904927 -0.000000 -0.000000 0.000029
1769099706.954913 -0.000000 -0.000000 0.000029
1769099707.004938 0.000025 0.000000 0.000088
1769099707.057646 -0.000000 -0.000000 0.000033
1769099707.104941 -0.000000 -0.000000 0.000033
1769099707.154951 -0.000000 -0.000000 0.000033
1769099707.204935 -0.000000 -0.000000 0.000033
1769099707.254927 -0.000000 -0.000000 0.000033
1769099707.304911 -0.000000 -0.000000 0.000033
1769099707.354933 0.000025 0.000000 0.000094
1769099707.404935 -0.000000 -0.000000 0.000033
1769099707.454945 -0.000000 -0.000000 0.000033
1769099707.504945 -0.000000 -0.000000 0.000033
1769099707.554934 -0.000000 -0.000000 0.000033
1769099707.604948 -0.000000 -0.000000 0.000033
1769099707.654916 -0.000000 -0.000000 0.000032
1769099707.704949 -0.000000 -0.000000 0.000032
1769099707.754964 -0.000000 -0.000000 0.000032
1769099707.804953 -0.000000 -0.000000 0.000031
1769099707.854945 -0.000000 -0.000000 0.000031
1769099707.904966 -0.000000 -0.000000 0.000031
1769099707.954948 -0.000000 -0.000000 0.000031
1769099708.004923 -0.000000 -0.000000 0.000031
1769099708.054942 -0.000000 -0.000000 0.000031
1769099708.104955 -0.000000 -0.000000 0.000031
1769099708.154946 0.000025 0.000000 0.000096
1769099708.204916 -0.000000 -0.000000 0.000030
1769099708.254929 -0.000000 -0.000000 0.000030
1769099708.304934 -0.000000 -0.000000 0.000030
1769099708.354911 -0.000000 -0.000000 0.000030
1769099708.404934 -0.000000 -0.000000 0.000029
1769099708.454947 -0.000000 -0.000000 0.000029
1769099708.504933 -0.000000 -0.000000 0.000029
1769099708.554939 -0.000000 -0.000000 0.000029
1769099708.604938 -0.000000 -0.000000 0.000029
1769099708.654939 -0.000000 -0.000000 0.000029
1769099708.704940 -0.000000 -0.000000 0.000029
1769099708.754944 -0.000000 -0.000000 0.000029
1769099708.804939 -0.000000 -0.000000 0.000029
1769099708.854940 0.000025 0.000000 0.000096
1769099708.904956 -0.000000 -0.000000 0.000029
1769099708.954957 -0.000000 -0.000000 0.000030
1769099709.000004 -0.000000 -0.000000 0.000030
1769099709.054964 -0.000000 -0.000000 0.000030
1769099709.104946 -0.000000 -0.000000 0.000030
1769099709.154959 -0.000000 -0.000000 0.000029
1769099709.204947 -0.000000 -0.000000 0.000029
1769099709.254978 -0.000000 -0.000000 0.000029
1769099709.304955 -0.000000 -0.000000 0.000029
1769099709.354980 -0.000000 -0.000000 0.000029
1769099709.404970 -0.000000 -0.000000 0.000029
1769099709.454959 -0.000000 -0.000000 0.000029
1769099709.504969 -0.000000 -0.000000 0.000029
1769099709.554972 -0.000000 -0.000000 0.000029
1769099709.604990 -0.000000 -0.000000 0.000029
1769099709.654989 -0.000000 -0.000000 0.000030
1769099709.704976 -0.000000 -0.000000 0.000030
1769099709.754981 -0.000000 -0.000000 0.000030
1769099709.805003 -0.000000 -0.000000 0.000031
1769099709.854974 -0.000000 -0.000000 0.000031
1769099709.900003 -0.000000 -0.000000 0.000031
1769099709.954974 -0.000000 -0.000000 0.000031
1769099710.004977 -0.000000 -0.000000 0.000032
1769099710.054992 -0.000000 -0.000000 0.000033
1769099710.104979 -0.000000 -0.000000 0.000033
1769099710.154984 -0.000000 -0.000000 0.000033
1769099710.204978 -0.000000 -0.000000 0.000034
1769099710.254996 -0.000000 -0.000000 0.000034
1769099710.304964 -0.000000 -0.000000 0.000034
1769099710.354976 -0.000000 -0.000000 0.000034
1769099710.400011 -0.000000 -0.000000 0.000035
1769099710.450003 -0.000000 -0.000000 0.000035
1769099710.505005 -0.000000 -0.000000 0.000036
1769099710.550009 -0.000000 -0.000000 0.000036
1769099710.600005 -0.000000 -0.000000 0.000037
1769099710.650012 -0.000000 -0.000000 0.000037
1769099710.704992 -0.000000 -0.000000 0.000037
1769099710.750014 -0.000000 -0.000000 0.000037
1769099710.800003 -0.000000 -0.000000 0.000036
1769099710.850009 -0.000000 -0.000000 0.000037
1769099710.900016 -0.000000 -0.000000 0.000037
1769099710.955012 0.000025 0.000000 0.000094
1769099711.004992 -0.000000 -0.000000 0.000031
1769099711.050035 -0.000000 -0.000000 0.000031
1769099711.104990 -0.000000 -0.000000 0.000031
1769099711.150011 -0.000000 -0.000000 0.000031
1769099711.200005 0.000025 0.000000 0.000094
1769099711.250010 0.000025 -0.000000 0.000647
1769099711.300011 0.000127 0.000000 0.000772
1769099711.355005 0.000329 0.000000 0.000535
1769099711.400046 0.000633 0.000001 -0.000625
1769099711.450016 0.001266 -0.000000 -0.001994
1769099711.500014 0.001671 -0.000001 -0.002118
1769099711.550008 0.002151 -0.000002 -0.001711
1769099711.600014 0.002784 -0.000003 -0.001187
1769099711.650016 0.003164 -0.000003 -0.001383
1769099711.700013 0.003695 -0.000004 -0.001621
1769099711.750046 0.004758 -0.000007 -0.001575
1769099711.800070 0.005568 -0.000008 -0.001579
1769099711.850027 0.006429 -0.000009 -0.001844
1769099711.900041 0.007796 -0.000013 -0.001713
1769099711.950020 0.008555 -0.000013 -0.001601
1769099712.000015 0.009441 -0.000016 -0.001414
1769099712.050011 0.010706 -0.000020 -0.000436
1769099712.100018 0.011516 -0.000019 0.000044
1769099712.150023 0.012301 -0.000019 0.000306
1769099712.200013 0.013592 -0.000018 0.000613
1769099712.250025 0.014376 -0.000015 0.000013
1769099712.300015 0.015642 -0.000017 -0.000116
1769099712.350002 0.016477 -0.000016 -0.000285
1769099712.400108 0.017312 -0.000016 -0.000746
1769099712.450035 0.018603 -0.000021 -0.000497
1769099712.500025 0.019439 -0.000021 -0.000453
1769099712.550026 0.020274 -0.000020 -0.000410
1769099712.600036 0.021666 -0.000022 -0.000482
1769099712.650030 0.022704 -0.000023 -0.000897
1769099712.700028 0.023868 -0.000026 -0.000473
1769099712.750026 0.025589 -0.000026 -0.000703
1769099712.800022 0.026829 -0.000027 -0.000395
1769099712.850021 0.028019 -0.000023 -0.000922
1769099712.900007 0.029816 -0.000023 -0.001731
1769099712.950037 0.031056 -0.000023 -0.002325
1769099713.000075 0.032347 -0.000030 -0.002761
1769099713.050037 0.034169 -0.000038 -0.002337
1769099713.100045 0.035561 -0.000037 -0.002646
1769099713.150046 0.038042 -0.000042 -0.003007
1769099713.200029 0.040143 -0.000047 -0.003505
1769099713.250022 0.042421 -0.000053 -0.004497
1769099713.300034 0.046546 -0.000076 -0.004201
1769099713.350049 0.049811 -0.000090 -0.003938
1769099713.400041 0.053329 -0.000087 -0.006108
1769099713.450043 0.059328 -0.000126 -0.006164
1769099713.500036 0.063656 -0.000146 -0.006509
1769099713.550058 0.068187 -0.000173 -0.007793
1769099713.600069 0.075197 -0.000258 -0.006602
1769099713.650047 0.079981 -0.000272 -0.008264
1769099713.700038 0.085169 -0.000333 -0.008086
1769099713.750042 0.092965 -0.000363 -0.010170
1769099713.800056 0.098204 -0.000430 -0.009739
1769099713.850049 0.103266 -0.000446 -0.011596
1769099713.900042 0.111238 -0.000535 -0.011544
1769099713.950064 0.116680 -0.000612 -0.009930
1769099714.000067 0.122121 -0.000640 -0.009877
1769099714.050051 0.130550 -0.000714 -0.008882
1769099714.100050 0.136422 -0.000666 -0.011774
1769099714.150048 0.142345 -0.000711 -0.012351
1769099714.200053 0.151507 -0.000783 -0.013654
1769099714.250042 0.157859 -0.000825 -0.016376
1769099714.300032 0.164211 -0.001003 -0.014221
1769099714.350038 0.173929 -0.001128 -0.016824
1769099714.400047 0.180432 -0.001371 -0.014167
1769099714.450053 0.187139 -0.001458 -0.015961
1769099714.500054 0.196780 -0.001699 -0.015037
1769099714.550057 0.203765 -0.001829 -0.014107
1769099714.600087 0.210726 -0.001828 -0.016505
1769099714.650056 0.221354 -0.002075 -0.013900
1769099714.700063 0.228467 -0.002039 -0.016415
1769099714.750058 0.235251 -0.002020 -0.020030
1769099714.800055 0.245979 -0.002311 -0.017350
1769099714.850062 0.253346 -0.002259 -0.021934
1769099714.900063 0.260837 -0.002351 -0.024811
1769099714.950067 0.272450 -0.002688 -0.023138
1769099715.000064 0.280347 -0.002735 -0.027565
1769099715.050063 0.288469 -0.002893 -0.031506
1769099715.100038 0.300713 -0.003287 -0.031985
1769099715.150041 0.308858 -0.003654 -0.029878
1769099715.200076 0.316979 -0.003906 -0.028709
1769099715.250064 0.329250 -0.004196 -0.029024
1769099715.300076 0.337522 -0.004497 -0.026128
1769099715.350071 0.345948 -0.004702 -0.023856
1769099715.400088 0.358578 -0.004785 -0.027093
1769099715.450068 0.366725 -0.005037 -0.027641
1769099715.500079 0.375227 -0.005232 -0.028423
1769099715.550092 0.388126 -0.005822 -0.024908
1769099715.600090 0.396395 -0.006275 -0.021463
1769099715.650119 0.409175 -0.006529 -0.022485
1769099715.700111 0.417294 -0.006902 -0.020011
1769099715.750105 0.425390 -0.007183 -0.017525
1769099715.800086 0.438041 -0.007515 -0.015485
1769099715.850083 0.446220 -0.007404 -0.017430
1769099715.900088 0.454496 -0.007510 -0.018730
1769099715.950063 0.467374 -0.007878 -0.017193
1769099716.000067 0.476005 -0.007965 -0.019022
1769099716.050082 0.484736 -0.008125 -0.020520
1769099716.100091 0.497767 -0.008432 -0.022886
1769099716.150082 0.506343 -0.008741 -0.021560
1769099716.200088 0.514820 -0.008951 -0.020646
1769099716.250090 0.527598 -0.009286 -0.020321
1769099716.300092 0.536230 -0.009322 -0.020854
1769099716.350100 0.544609 -0.009338 -0.022935
1769099716.400083 0.557207 -0.009804 -0.020191
1769099716.450085 0.565663 -0.009753 -0.023143
1769099716.500088 0.574142 -0.009855 -0.025389
1769099716.550081 0.587022 -0.010124 -0.026232
1769099716.600099 0.595593 -0.010658 -0.022327
1769099716.650104 0.604266 -0.011203 -0.019048
1769099716.700069 0.604260 -0.011483 -0.015622
1769099716.750099 0.604255 -0.011780 -0.012236
1769099716.800093 0.633987 -0.012444 -0.009524
1769099716.850093 0.646586 -0.012820 -0.005165
1769099716.900105 0.646579 -0.013205 -0.001088
1769099716.950090 0.646571 -0.013609 0.002933
1769099717.000096 0.646563 -0.014032 0.006904
1769099717.050104 0.646555 -0.014473 0.010823
1769099717.100113 0.646547 -0.014932 0.014691
1769099717.150097 0.646538 -0.015408 0.018506
1769099717.200108 0.714707 -0.014576 0.019101
1769099717.250100 0.723256 -0.014801 0.020206
1769099717.300102 0.723250 -0.015193 0.021298
1769099717.350099 0.736052 -0.015131 0.020837
1769099717.400101 0.736049 -0.015409 0.020241
1769099717.450100 0.736045 -0.015680 0.019653
1769099717.500098 0.774003 -0.015006 0.019460
1769099717.550109 0.782630 -0.015099 0.018599
1769099717.600134 0.782627 -0.015371 0.017715
1769099717.650138 0.782625 -0.015634 0.016844
1769099717.700146 0.811824 -0.015833 0.019688
1769099717.750114 0.811819 -0.016421 0.022696
1769099717.800170 0.824621 -0.016372 0.019740
1769099717.850092 0.841547 -0.016524 0.023485
1769099717.900132 0.854247 -0.016571 0.025947
1769099717.950119 0.854244 -0.017087 0.028105
1769099718.000127 0.854241 -0.017612 0.030236
1769099718.050111 0.854238 -0.018147 0.032338
1769099718.100109 0.854234 -0.018691 0.034414
1769099718.150128 0.854231 -0.019244 0.036465
1769099718.200125 0.854228 -0.019806 0.038488
1769099718.250116 0.922161 -0.017678 0.034402
1769099718.300119 0.934556 -0.017730 0.034435
1769099718.350120 0.934555 -0.018243 0.034407
1769099718.400120 0.950644 -0.018087 0.032766
1769099718.450105 0.963292 -0.017951 0.031693
1769099718.500123 0.971641 -0.018156 0.033571
1769099718.550110 0.971642 -0.018795 0.035174
1769099718.600121 0.971643 -0.019440 0.036758
1769099718.650126 1.001668 -0.018731 0.036197
1769099718.700124 1.001670 -0.019218 0.035492
1769099718.750128 1.021960 -0.019449 0.037291
1769099718.800123 1.030232 -0.019441 0.032990
1769099718.850124 1.030233 -0.019645 0.028839
1769099718.900144 1.038483 -0.019949 0.028597
1769099718.950133 1.058953 -0.019571 0.028650
1769099719.000140 1.067125 -0.019431 0.025681
1769099719.050151 1.079272 -0.019351 0.023262
1769099719.100144 1.087246 -0.019708 0.024383
1769099719.150127 1.095346 -0.019949 0.023582
1769099719.200116 1.107342 -0.019956 0.020552
1769099719.250126 1.115646 -0.020360 0.021373
1769099719.300117 1.124050 -0.020634 0.021037
1769099719.350114 1.136478 -0.020745 0.018053
1769099719.400141 1.144274 -0.020803 0.015206
1769099719.450136 1.156321 -0.020762 0.012709
1769099719.500138 1.163815 -0.020935 0.013231
1769099719.550156 1.171915 -0.021018 0.012802
1769099719.600178 1.184089 -0.020955 0.010484
1769099719.650142 1.191888 -0.021286 0.010818
1769099719.700166 1.200066 -0.021662 0.010497
1769099719.750138 1.211886 -0.021561 0.003758
1769099719.800145 1.219938 -0.021880 0.002110
1769099719.850172 1.227359 -0.022611 0.005193
1769099719.900202 1.239257 -0.022814 0.003338
1769099719.950135 1.246726 -0.023000 0.000972
1769099720.000156 1.258372 -0.023397 0.002919
1769099720.050153 1.265916 -0.023570 0.001905
1769099720.100152 1.273560 -0.023571 -0.001851
1769099720.150135 1.284470 -0.023821 -0.002110
1769099720.200157 1.291684 -0.023880 -0.005584
1769099720.250140 1.299479 -0.023849 -0.010547
1769099720.300141 1.311225 -0.024330 -0.011181
1769099720.350137 1.319098 -0.024667 -0.012578
1769099720.400138 1.327021 -0.024987 -0.015693
1769099720.450135 1.338714 -0.025336 -0.018363
1769099720.500159 1.346309 -0.025994 -0.015795
1769099720.550144 1.353955 -0.026526 -0.013942
1769099720.600137 1.365495 -0.026712 -0.014780
1769099720.650143 1.372634 -0.027076 -0.013097
1769099720.700138 1.380379 -0.027419 -0.013093
1769099720.750141 1.391945 -0.027510 -0.017385
1769099720.800141 1.399539 -0.028025 -0.017612
1769099720.850144 1.407209 -0.028582 -0.016769
1769099720.900142 1.418749 -0.028721 -0.022717
1769099720.950145 1.426620 -0.029288 -0.023003
1769099721.000152 1.434491 -0.029982 -0.021210
1769099721.050143 1.446360 -0.030428 -0.023272
1769099721.100144 1.454155 -0.030906 -0.023814
1769099721.150146 1.461848 -0.031448 -0.022892
1769099721.200148 1.473160 -0.031988 -0.021920
1769099721.250165 1.480827 -0.032216 -0.023123
1769099721.300242 1.488419 -0.032556 -0.024191
1769099721.350150 1.500059 -0.033011 -0.024786
1769099721.400163 1.507877 -0.033193 -0.028505
1769099721.450163 1.515670 -0.033422 -0.033364
1769099721.500171 1.527408 -0.034378 -0.033165
1769099721.550172 1.534769 -0.034591 -0.038989
1769099721.600164 1.542104 -0.035046 -0.041389
1769099721.650167 1.553737 -0.035942 -0.039993
1769099721.700166 1.561476 -0.036233 -0.042957
1769099721.750189 1.569214 -0.036667 -0.044369
1769099721.800203 1.580592 -0.037263 -0.043635
1769099721.850177 1.588204 -0.037402 -0.048989
1769099721.900211 1.595839 -0.037786 -0.052366
1769099721.950184 1.607213 -0.038511 -0.052693
1769099722.000185 1.614847 -0.038782 -0.056797
1769099722.050179 1.622707 -0.039052 -0.061965
1769099722.100181 1.634074 -0.040008 -0.061486
1769099722.150179 1.641904 -0.040699 -0.061911
1769099722.200179 1.649787 -0.041066 -0.066300
1769099722.250190 1.661276 -0.042160 -0.065657
1769099722.300158 1.668826 -0.042878 -0.062855
1769099722.350184 1.676454 -0.043446 -0.061647
1769099722.400185 1.687950 -0.043957 -0.063394
1769099722.450189 1.695527 -0.044567 -0.062179
1769099722.500191 1.703284 -0.044984 -0.064502
1769099722.550189 1.714854 -0.045594 -0.069564
1769099722.600199 1.722551 -0.046496 -0.068365
1769099722.650191 1.730299 -0.047373 -0.068043
1769099722.700182 1.741941 -0.048111 -0.072721
1769099722.750186 1.749841 -0.048801 -0.073882
1769099722.800170 1.757637 -0.049711 -0.071631
1769099722.850193 1.769276 -0.050475 -0.074110
1769099722.900193 1.776949 -0.051079 -0.075013
1769099722.950203 1.784393 -0.051777 -0.073322
1769099723.000241 1.795654 -0.052494 -0.076282
1769099723.050209 1.803222 -0.053253 -0.075175
1769099723.100198 1.810844 -0.053878 -0.075402
1769099723.150203 1.822504 -0.054779 -0.076919
1769099723.200200 1.830505 -0.055354 -0.080442
1769099723.250204 1.838099 -0.055977 -0.083070
1769099723.300208 1.849868 -0.057464 -0.081019
1769099723.350199 1.857286 -0.058064 -0.083205
1769099723.400213 1.864847 -0.058985 -0.081702
1769099723.450203 1.876316 -0.060339 -0.076619
1769099723.500202 1.884065 -0.060876 -0.076984
1769099723.550272 1.891335 -0.061369 -0.078464
1769099723.600256 1.902739 -0.062342 -0.077446
1769099723.650238 1.910416 -0.062750 -0.082714
1769099723.700230 1.918062 -0.063272 -0.087332
1769099723.750324 1.929528 -0.064536 -0.085841
1769099723.800288 1.937271 -0.065163 -0.089425
1769099723.850309 1.945214 -0.065796 -0.093184
1769099723.900282 1.957056 -0.067017 -0.093290
1769099723.950228 1.964822 -0.067587 -0.095942
1769099724.000244 1.972560 -0.068223 -0.098979
1769099724.050217 1.983845 -0.069309 -0.098915
1769099724.100216 1.991256 -0.069868 -0.099099
1769099724.150219 1.998792 -0.070462 -0.100801
1769099724.200202 2.010256 -0.071427 -0.101023
1769099724.250237 2.017935 -0.072273 -0.099899
1769099724.300286 2.025772 -0.072923 -0.102311
1769099724.350224 2.037358 -0.074008 -0.106515
1769099724.400231 2.044973 -0.075100 -0.103989
1769099724.450218 2.052688 -0.076285 -0.100725
1769099724.500230 2.064350 -0.077407 -0.102478
1769099724.550217 2.072042 -0.078515 -0.099570
1769099724.600222 2.079761 -0.079646 -0.094522
1769099724.650257 2.090985 -0.080460 -0.097584
1769099724.700207 2.098561 -0.081352 -0.096815
1769099724.750242 2.106114 -0.082229 -0.095281
1769099724.800233 2.117413 -0.083071 -0.101118
1769099724.850236 2.125032 -0.084096 -0.098816
1769099724.900213 2.132757 -0.085058 -0.096603
1769099724.950221 2.144445 -0.086241 -0.096609
1769099725.000243 2.152524 -0.087214 -0.094283
1769099725.050225 2.160228 -0.088110 -0.089906
1769099725.100235 2.171820 -0.089268 -0.086954
1769099725.150236 2.179520 -0.090288 -0.079548
1769099725.200284 2.186903 -0.091112 -0.071736
1769099725.250239 2.198347 -0.091782 -0.067200
1769099725.300246 2.206042 -0.092490 -0.059710
1769099725.350225 2.213242 -0.092960 -0.055448
1769099725.400247 2.224321 -0.093390 -0.054807
1769099725.450257 2.232040 -0.094129 -0.048268
1769099725.500247 2.239712 -0.094796 -0.041866
1769099725.550303 2.251300 -0.095180 -0.039668
1769099725.600294 2.259076 -0.095787 -0.033643
1769099725.650370 2.266969 -0.096598 -0.023804
1769099725.700260 2.278699 -0.096602 -0.023628
1769099725.750352 2.286428 -0.097091 -0.018513
1769099725.800351 2.294107 -0.097544 -0.011814
1769099725.850313 2.305530 -0.097526 -0.010400
1769099725.900299 2.313198 -0.097663 -0.006106
1769099725.950344 2.320661 -0.097792 -0.000615
1769099726.000254 2.332300 -0.097920 0.005512
1769099726.050248 2.339990 -0.098000 0.009419
1769099726.100260 2.347731 -0.098036 0.009980
1769099726.150258 2.359021 -0.097905 0.011650
1769099726.200247 2.366928 -0.098156 0.016664
1769099726.250264 2.374688 -0.098271 0.021212
1769099726.300253 2.386330 -0.098000 0.025018
1769099726.350333 2.394089 -0.098048 0.031922
1769099726.400334 2.401718 -0.098080 0.038987
1769099726.450323 2.413185 -0.097421 0.040526
1769099726.500327 2.420658 -0.097452 0.047363
1769099726.550328 2.428203 -0.097482 0.055846
1769099726.600265 2.439788 -0.096597 0.054983
1769099726.650260 2.447536 -0.096477 0.060528
1769099726.700339 2.455195 -0.095942 0.062278
1769099726.750330 2.466890 -0.095292 0.065286
1769099726.800274 2.474817 -0.094897 0.067170
1769099726.850319 2.482464 -0.094556 0.069250
1769099726.900312 2.494145 -0.094051 0.076284
1769099726.950241 2.501580 -0.093813 0.082855
1769099727.000266 2.509217 -0.093409 0.088701
1769099727.050359 2.520233 -0.092503 0.095490
1769099727.100257 2.527431 -0.092099 0.103374
1769099727.150329 2.538333 -0.090940 0.106025
1769099727.200315 2.545931 -0.090275 0.109677
1769099727.250330 2.553525 -0.089612 0.114676
1769099727.300327 2.565268 -0.088255 0.116812
1769099727.350337 2.573160 -0.087400 0.119381
1769099727.400271 2.580522 -0.086613 0.122390
1769099727.450307 2.591751 -0.085273 0.125055
1769099727.500329 2.599435 -0.084338 0.125756
1769099727.550269 2.607042 -0.083453 0.127990
1769099727.600257 2.618437 -0.082133 0.134720
1769099727.650376 2.626110 -0.081258 0.141450
1769099727.700355 2.633601 -0.080358 0.148207
1769099727.750363 2.644567 -0.078528 0.151418
1769099727.800333 2.651722 -0.077517 0.156083
1769099727.850337 2.662998 -0.075728 0.161039
1769099727.900258 2.670618 -0.074422 0.161209
1769099727.950247 2.678288 -0.073188 0.163768
1769099728.000256 2.690050 -0.071482 0.172502
1769099728.050241 2.697804 -0.070137 0.175451
1769099728.100249 2.705455 -0.068733 0.177708
1769099728.150252 2.716916 -0.066950 0.187125
1769099728.200250 2.724301 -0.065457 0.189180
1769099728.250254 2.731732 -0.063824 0.189822
1769099728.300286 2.739140 -0.062410 0.195942
1769099728.350227 2.750508 -0.060045 0.201465
1769099728.400231 2.758170 -0.058426 0.206284
1769099728.450245 2.769539 -0.055923 0.209971
1769099728.500285 2.777038 -0.054223 0.210962
1769099728.550226 2.784688 -0.052681 0.215949
1769099728.600238 2.792179 -0.051037 0.219529
1769099728.650294 2.803587 -0.048329 0.220967
1769099728.700243 2.811318 -0.046612 0.225405
1769099728.750237 2.818973 -0.045061 0.235056
1769099728.800256 2.830241 -0.042212 0.238982
1769099728.850248 2.837591 -0.040337 0.243285
1769099728.900250 2.844894 -0.038687 0.252719
1769099728.950331 2.855835 -0.035542 0.255473
1769099729.000292 2.863259 -0.033680 0.262402
1769099729.050222 2.870615 -0.031652 0.267738
1769099729.100334 2.882051 -0.028289 0.268997
1769099729.150275 2.889656 -0.026021 0.270181
1769099729.200378 2.896970 -0.023913 0.271733
1769099729.250281 2.908313 -0.020841 0.276256
1769099729.300332 2.915380 -0.018922 0.281387
1769099729.350281 2.922718 -0.016705 0.284220
1769099729.400284 2.933861 -0.013312 0.289663
1769099729.450348 2.941339 -0.011164 0.297881
1769099729.500282 2.948595 -0.008885 0.303851
1769099729.550343 2.959516 -0.005197 0.307011
1769099729.600291 2.966831 -0.002913 0.312663
1769099729.650299 2.974089 -0.000678 0.319617
1769099729.700294 2.985096 0.003244 0.320619
1769099729.750292 2.992455 0.005586 0.327052
1769099729.800393 2.999965 0.008042 0.332451
1769099729.850346 3.011128 0.012011 0.333361
1769099729.900294 3.018575 0.014494 0.337299
1769099729.950298 3.025422 0.016730 0.343717
1769099730.000331 3.036194 0.020562 0.349632
1769099730.050319 3.043192 0.023040 0.356167
1769099730.100317 3.050144 0.025836 0.358682
1769099730.150321 3.060519 0.029770 0.367335
1769099730.200335 3.067347 0.032382 0.373043
1769099730.250340 3.078053 0.036722 0.373848
1769099730.300330 3.085138 0.039360 0.379766
1769099730.350430 3.092379 0.042035 0.386306
1769099730.400301 3.103234 0.046428 0.390517
1769099730.450334 3.110106 0.049324 0.392543
1769099730.500386 3.120590 0.053605 0.397982
1769099730.550304 3.127735 0.056564 0.402049
1769099730.600330 3.134825 0.059684 0.404114
1769099730.650300 3.145104 0.064133 0.409673
1769099730.700309 3.152008 0.067231 0.412963
1769099730.750326 3.159064 0.070432 0.416625
1769099730.800311 3.169541 0.075284 0.421648
1769099730.850309 3.176157 0.078334 0.425172
1769099730.900337 3.183223 0.081477 0.430972
1769099730.950305 3.193863 0.086560 0.431821
1769099731.000329 3.200787 0.089734 0.433086
1769099731.050318 3.207986 0.093034 0.435708
1769099731.100316 3.218711 0.097988 0.439181
1769099731.150336 3.225435 0.101092 0.442421
1769099731.200320 3.232361 0.104553 0.442002
1769099731.250309 3.242444 0.109249 0.446222
1769099731.300333 3.249179 0.112612 0.446189
1769099731.350331 3.259090 0.117618 0.443739
1769099731.400341 3.266077 0.120887 0.447180
1769099731.450334 3.272989 0.124237 0.448664
1769099731.500335 3.283375 0.129444 0.446306
1769099731.550334 3.290443 0.132784 0.449232
1769099731.600320 3.297472 0.136028 0.451995
1769099731.650347 3.304446 0.139502 0.447912
1769099731.700337 3.315082 0.144382 0.451412
1769099731.750340 3.322212 0.147616 0.454829
1769099731.800339 3.329160 0.150945 0.454191
1769099731.850349 3.339494 0.155956 0.454380
1769099731.900361 3.346367 0.159284 0.453465
1769099731.950354 3.353132 0.162640 0.448890
1769099732.000356 3.363527 0.167567 0.444974
1769099732.050336 3.370459 0.170921 0.438686
1769099732.100332 3.377425 0.174086 0.434113
1769099732.150326 3.388182 0.178930 0.428258
1769099732.200346 3.395398 0.182272 0.422498
1769099732.250351 3.402536 0.185463 0.417545
1769099732.300342 3.413239 0.190059 0.415030
1769099732.350329 3.420204 0.193143 0.409814
1769099732.400350 3.427139 0.196275 0.403120
1769099732.450336 3.437646 0.200640 0.400484
1769099732.500360 3.444607 0.203609 0.396873
1769099732.550346 3.451626 0.206663 0.391350
1769099732.600331 3.462366 0.211003 0.389071
1769099732.650357 3.469616 0.213906 0.385194
1769099732.700342 3.476771 0.216882 0.376334
1769099732.750352 3.487788 0.221064 0.370799
1769099732.800340 3.495084 0.223785 0.366790
1769099732.850342 3.502245 0.226350 0.364762
1769099732.900343 3.513127 0.230392 0.362034
1769099732.950345 3.520274 0.233260 0.355580
1769099733.000379 3.527422 0.236057 0.348335
1769099733.050338 3.537780 0.239783 0.342785
1769099733.100348 3.544683 0.242350 0.332476
1769099733.150343 3.555142 0.245955 0.320825
1769099733.200351 3.562531 0.248360 0.312417
1769099733.250317 3.569923 0.250661 0.303560
1769099733.300353 3.577427 0.253038 0.293658
1769099733.350351 3.588765 0.256314 0.284459
1769099733.400352 3.596264 0.258525 0.274721
1769099733.450363 3.603749 0.260525 0.268051
1769099733.500355 3.614350 0.263491 0.255690
1769099733.550363 3.621630 0.265530 0.244136
1769099733.600357 3.632706 0.268220 0.236008
1769099733.650389 3.639611 0.270002 0.225959
1769099733.700407 3.647062 0.271962 0.213162
1769099733.750386 3.658607 0.274431 0.204060
1769099733.800376 3.666402 0.276188 0.192759
1769099733.850396 3.673967 0.277717 0.182721
1769099733.900383 3.685311 0.279856 0.169306
1769099733.950422 3.692789 0.281266 0.159248
1769099734.000375 3.700388 0.282418 0.153299
1769099734.050364 3.711384 0.284082 0.144363
1769099734.100366 3.718938 0.285305 0.134012
1769099734.150361 3.726251 0.286424 0.125797
1769099734.200376 3.737872 0.287861 0.118061
1769099734.250383 3.745288 0.288919 0.107880
1769099734.300367 3.752981 0.289866 0.096354
1769099734.350360 3.764729 0.291010 0.082618
1769099734.400362 3.772450 0.291658 0.073208
1769099734.450391 3.779828 0.292191 0.065210
1769099734.500373 3.791410 0.293013 0.054279
1769099734.550370 3.799105 0.293496 0.047077
1769099734.600381 3.806665 0.293952 0.040941
1769099734.650383 3.818063 0.294476 0.031693
1769099734.700369 3.825670 0.294669 0.025241
1769099734.750372 3.833358 0.295059 0.012285
1769099734.800376 3.844898 0.295150 0.003462
1769099734.850378 3.852787 0.295040 -0.001526
1769099734.900379 3.860592 0.295089 -0.011853
1769099734.950379 3.872300 0.294754 -0.015842
1769099735.000454 3.880253 0.294687 -0.025217
1769099735.050390 3.887791 0.294510 -0.035233
1769099735.100373 3.899260 0.294082 -0.045749
1769099735.150391 3.906864 0.293847 -0.057323
1769099735.200380 3.914475 0.293404 -0.064725
1769099735.250380 3.925849 0.292652 -0.074382
1769099735.300382 3.933537 0.292201 -0.086570
1769099735.350387 3.941389 0.291591 -0.097422
1769099735.400397 3.953264 0.290328 -0.105744
1769099735.450387 3.960999 0.289483 -0.114391
1769099735.500392 3.968819 0.288491 -0.121552
1769099735.550405 3.980171 0.287129 -0.134177
1769099735.600388 3.987730 0.286084 -0.140386
1769099735.650409 3.987674 0.286321 -0.146197
1769099735.700425 4.006594 0.283392 -0.157658
1769099735.750489 4.014209 0.282218 -0.165418
1769099735.800440 4.021964 0.280847 -0.172212
1769099735.850444 4.033268 0.278851 -0.184011
1769099735.900419 4.040654 0.277483 -0.194074
1769099735.950438 4.048290 0.276032 -0.206429
1769099736.000388 4.059775 0.273353 -0.211977
1769099736.050416 4.067451 0.271547 -0.217463
1769099736.100390 4.075073 0.269788 -0.225252
1769099736.150397 4.086122 0.267034 -0.230381
1769099736.200417 4.093554 0.265182 -0.236893
1769099736.250401 4.100824 0.263449 -0.248133
1769099736.300406 4.111959 0.260506 -0.258305
1769099736.350403 4.119352 0.258622 -0.271922
1769099736.400410 4.126844 0.256480 -0.282355
1769099736.450397 4.138250 0.253000 -0.292567
1769099736.500402 4.145718 0.250696 -0.302354
1769099736.550401 4.153150 0.248413 -0.313705
1769099736.600408 4.164161 0.244639 -0.320729
1769099736.650422 4.171522 0.242100 -0.328937
1769099736.700411 4.178703 0.239651 -0.339006
1769099736.750401 4.185847 0.237226 -0.351434
1769099736.800400 4.196593 0.233260 -0.361584
1769099736.850426 4.203370 0.230632 -0.367790
1769099736.900410 4.213807 0.226613 -0.378886
1769099736.950404 4.220732 0.223933 -0.391661
1769099737.000426 4.228036 0.220869 -0.399821
1769099737.050414 4.238849 0.216145 -0.408643
1769099737.100413 4.245818 0.213110 -0.418770
1769099737.150413 4.252896 0.209936 -0.427899
1769099737.200416 4.263335 0.205112 -0.435998
1769099737.250416 4.269898 0.202030 -0.442253
1769099737.300416 4.276941 0.198709 -0.450885
1769099737.350421 4.286916 0.193934 -0.462188
1769099737.400421 4.293804 0.190492 -0.470393
1769099737.450430 4.304323 0.185048 -0.480399
1769099737.500425 4.310721 0.181699 -0.490949
1769099737.550421 4.317215 0.178239 -0.501241
1769099737.600458 4.327472 0.172571 -0.511977
1769099737.650454 4.334335 0.168702 -0.520986
1769099737.700467 4.340722 0.165079 -0.530381
1769099737.750551 4.350219 0.159569 -0.542876
1769099737.800510 4.356764 0.155636 -0.551305
1769099737.850482 4.366445 0.149609 -0.558931
1769099737.900443 4.372777 0.145747 -0.569415
1769099737.950466 4.378959 0.141828 -0.578661
1769099738.000429 4.388348 0.135742 -0.590720
1769099738.050493 4.394845 0.131439 -0.600967
1769099738.100433 4.404215 0.124900 -0.609670
1769099738.150443 4.410323 0.120801 -0.622295
1769099738.200440 4.416618 0.116311 -0.630891
1769099738.250446 4.425530 0.109801 -0.640066
1769099738.300440 4.431320 0.105553 -0.647902
1769099738.350439 4.440058 0.098928 -0.654959
1769099738.400436 4.446189 0.094336 -0.660803
1769099738.450434 4.451953 0.089959 -0.666780
1769099738.500431 4.460923 0.082892 -0.670746
1769099738.550452 4.467026 0.078217 -0.679009
1769099738.600437 4.475851 0.071103 -0.686217
1769099738.650437 4.481865 0.066204 -0.689718
1769099738.700452 4.487889 0.061332 -0.694715
1769099738.750433 4.493828 0.056460 -0.695704
1769099738.800441 4.502454 0.049264 -0.692269
1769099738.850444 4.508367 0.044433 -0.689525
1769099738.900450 4.517145 0.037398 -0.690842
1769099738.950451 4.522960 0.032613 -0.688546
1769099739.000452 4.528565 0.028105 -0.689894
1769099739.050458 4.537154 0.021140 -0.694429
1769099739.100442 4.543100 0.016281 -0.694750
1769099739.150446 4.551871 0.008996 -0.693681
1769099739.200447 4.557979 0.004021 -0.694999
1769099739.250455 4.563999 -0.000813 -0.696634
1769099739.300447 4.572603 -0.007970 -0.693958
1769099739.350453 4.578539 -0.012790 -0.694997
1769099739.400422 4.584329 -0.017327 -0.699250
1769099739.450456 4.593107 -0.024666 -0.695737
1769099739.500466 4.598999 -0.029360 -0.696526
1769099739.550460 4.604968 -0.034110 -0.697946
1769099739.600464 4.613879 -0.041422 -0.696028
1769099739.650495 4.619871 -0.046190 -0.697512
1769099739.700476 4.625900 -0.051059 -0.697538
1769099739.750495 4.634949 -0.058566 -0.694116
1769099739.800497 4.640954 -0.063480 -0.688747
1769099739.850514 4.640940 -0.063501 -0.683527
1769099739.900507 4.656153 -0.075541 -0.678516
1769099739.950522 4.662134 -0.080289 -0.669431
1769099740.000506 4.668173 -0.084800 -0.666178
1769099740.050470 4.674094 -0.089153 -0.664653
1769099740.100475 4.683033 -0.095929 -0.659664
1769099740.150468 4.689134 -0.100407 -0.657669
1769099740.200469 4.695378 -0.105068 -0.652206
1769099740.250459 4.704661 -0.111877 -0.648689
1769099740.300479 4.711000 -0.116550 -0.641988
1769099740.350472 4.717267 -0.121184 -0.632633
1769099740.400461 4.726685 -0.127900 -0.629917
1769099740.450466 4.732940 -0.132367 -0.625014
1769099740.500479 4.739202 -0.136842 -0.617050
1769099740.550571 4.748709 -0.143461 -0.609932
1769099740.600480 4.754698 -0.147438 -0.606194
1769099740.650482 4.764213 -0.153778 -0.600834
1769099740.700496 4.770480 -0.157965 -0.593718
1769099740.750482 4.776942 -0.162038 -0.592137
1769099740.800482 4.786161 -0.168014 -0.588803
1769099740.850546 4.792335 -0.171954 -0.585571
1769099740.900483 4.798696 -0.175971 -0.582760
1769099740.950482 4.808713 -0.182349 -0.578950
1769099741.000502 4.814868 -0.186231 -0.572883
1769099741.050586 4.824695 -0.192406 -0.565259
1769099741.100481 4.831219 -0.196433 -0.556459
1769099741.150480 4.837596 -0.200253 -0.548724
1769099741.200488 4.847338 -0.205990 -0.538137
1769099741.250569 4.853943 -0.209845 -0.526446
1769099741.300491 4.853845 -0.210026 -0.515276
1769099741.350495 4.870094 -0.219092 -0.509649
1769099741.400493 4.876791 -0.222805 -0.499325
1769099741.450504 4.883621 -0.226482 -0.488121
1769099741.500506 4.893880 -0.231807 -0.477786
1769099741.550528 4.900907 -0.235335 -0.469435
1769099741.600502 4.907564 -0.238630 -0.458304
1769099741.650542 4.917798 -0.243615 -0.442616
1769099741.700514 4.924784 -0.246937 -0.427403
1769099741.750522 4.934975 -0.251382 -0.417285
1769099741.800523 4.941816 -0.254415 -0.403054
1769099741.850531 4.948815 -0.257278 -0.389922
1769099741.900497 4.959317 -0.261491 -0.371369
1769099741.950499 4.966480 -0.264115 -0.360089
1769099742.000491 4.973639 -0.266593 -0.351323
1769099742.050501 4.984154 -0.270175 -0.339451
1769099742.100538 4.991360 -0.272637 -0.326203
1769099742.150520 4.998420 -0.275013 -0.310986
1769099742.200491 5.009668 -0.278347 -0.302211
1769099742.250513 5.017019 -0.280647 -0.286793
1769099742.300505 5.024490 -0.282775 -0.272189
1769099742.350500 5.035266 -0.285599 -0.260432
1769099742.400506 5.042317 -0.287424 -0.245545
1769099742.450504 5.053354 -0.289924 -0.233790
1769099742.500504 5.060305 -0.291586 -0.217829
1769099742.550503 5.067730 -0.293173 -0.201589
1769099742.600516 5.078615 -0.295119 -0.190838
1769099742.650510 5.086103 -0.296525 -0.175940
1769099742.700521 5.093270 -0.297620 -0.165583
1769099742.750520 5.104528 -0.299372 -0.149974
1769099742.800543 5.112106 -0.300396 -0.139163
1769099742.850536 5.119832 -0.301313 -0.128842
1769099742.900537 5.131528 -0.302634 -0.115938
1769099742.950531 5.139251 -0.303546 -0.099667
1769099743.000543 5.147052 -0.304263 -0.087953
1769099743.050537 5.158047 -0.305139 -0.070777
1769099743.100527 5.165564 -0.305601 -0.057208
1769099743.150557 5.176489 -0.306135 -0.039559
1769099743.200539 5.184109 -0.306340 -0.027460
1769099743.250530 5.191760 -0.306452 -0.016676
1769099743.300540 5.203166 -0.306421 -0.010344
1769099743.350532 5.210782 -0.306352 -0.003268
1769099743.400536 5.218551 -0.306290 0.005660
1769099743.450562 5.230301 -0.306009 0.009931
1769099743.500525 5.238220 -0.305716 0.013994
1769099743.550550 5.246123 -0.305485 0.022278
1769099743.600537 5.258063 -0.305011 0.025978
1769099743.650537 5.265951 -0.304591 0.027222
1769099743.700561 5.273732 -0.304238 0.031875
1769099743.750556 5.285261 -0.303723 0.038308
1769099743.800554 5.292986 -0.303355 0.047121
1769099743.850593 5.292981 -0.303322 0.053033
1769099743.900566 5.312082 -0.301974 0.057232
1769099743.950548 5.319774 -0.301327 0.058877
1769099744.000559 5.327457 -0.300761 0.062782
1769099744.050531 5.335224 -0.299990 0.056616
1769099744.100598 5.346951 -0.299124 0.054915
1769099744.150533 5.354782 -0.298580 0.058304
1769099744.200562 5.362721 -0.297905 0.055252
1769099744.250607 5.374496 -0.296973 0.053370
1769099744.300540 5.382403 -0.296346 0.055733
1769099744.350538 5.390025 -0.295662 0.054607
1769099744.400540 5.401452 -0.294728 0.050646
1769099744.450537 5.409055 -0.294132 0.053969
1769099744.500556 5.416679 -0.293447 0.053182
1769099744.550542 5.428304 -0.292519 0.051122
1769099744.600540 5.436226 -0.291846 0.052953
1769099744.650553 5.444065 -0.291186 0.054174
1769099744.700540 5.455890 -0.290321 0.052153
1769099744.750543 5.463719 -0.289611 0.048213
1769099744.800545 5.471487 -0.289057 0.049546
1769099744.850545 5.483167 -0.288330 0.052643
1769099744.900543 5.490898 -0.287695 0.052765
1769099744.950560 5.498681 -0.287141 0.058198
1769099745.000563 5.509646 -0.286178 0.056154
1769099745.050561 5.517217 -0.285443 0.054625
1769099745.100550 5.524889 -0.284810 0.056922
1769099745.150565 5.536404 -0.283830 0.052708
1769099745.200576 5.544183 -0.283073 0.048132
1769099745.250552 5.552139 -0.282444 0.050345
1769099745.300556 5.563949 -0.281558 0.050334
1769099745.350625 5.571827 -0.280807 0.047337
1769099745.400616 5.579686 -0.280052 0.045701
1769099745.450567 5.590965 -0.279233 0.047144
1769099745.500671 5.598193 -0.278611 0.048447
1769099745.550560 5.609586 -0.277682 0.047272
1769099745.600621 5.617341 -0.277042 0.051530
1769099745.650604 5.617376 -0.276820 0.055703
1769099745.700604 5.636201 -0.275357 0.053698
1769099745.750675 5.644001 -0.274556 0.051919
1769099745.800570 5.651838 -0.273836 0.051439
1769099745.850566 5.663201 -0.272864 0.045833
1769099745.900635 5.670694 -0.272291 0.048451
1769099745.950607 5.678541 -0.271674 0.050482
1769099746.000600 5.690288 -0.270805 0.049622
1769099746.050581 5.698059 -0.270185 0.053843
1769099746.100550 5.705670 -0.269575 0.059078
1769099746.150568 5.717009 -0.268613 0.058142
1769099746.200580 5.724527 -0.267913 0.058771
1769099746.250572 5.732177 -0.267324 0.063940
1769099746.300592 5.743725 -0.266374 0.064250
1769099746.350560 5.751537 -0.265644 0.064357
1769099746.400567 5.759420 -0.264940 0.065828
1769099746.450607 5.771117 -0.263963 0.066184
1769099746.500571 5.778932 -0.263177 0.062167
1769099746.550591 5.786438 -0.262501 0.062796
1769099746.600595 5.797577 -0.261619 0.063709
1769099746.650592 5.805155 -0.260943 0.064912
1769099746.700597 5.816271 -0.259998 0.067019
1769099746.750593 5.823948 -0.259290 0.069720
1769099746.800604 5.831510 -0.258454 0.066981
1769099746.850614 5.842590 -0.257345 0.062735
1769099746.900583 5.850323 -0.256632 0.063856
1769099746.950612 5.858088 -0.255832 0.060210
1769099747.000595 5.869800 -0.254783 0.054983
1769099747.050620 5.877865 -0.254109 0.056109
1769099747.100619 5.885704 -0.253417 0.058130
1769099747.150601 5.897383 -0.252470 0.058006
1769099747.200587 5.905095 -0.251748 0.058949
1769099747.250595 5.912701 -0.251074 0.061142
1769099747.300607 5.924025 -0.250080 0.059403
1769099747.350609 5.931586 -0.249332 0.059590
1769099747.400601 5.939317 -0.248651 0.064100
1769099747.450596 5.950969 -0.247556 0.061459
1769099747.500593 5.958710 -0.246716 0.059333
1769099747.550599 5.966520 -0.245988 0.061602
1769099747.600616 5.978201 -0.244895 0.056566
1769099747.650620 5.986020 -0.244085 0.052787
1769099747.700614 5.993883 -0.243434 0.057420
1769099747.750640 6.005612 -0.242467 0.058775
1769099747.800652 6.013302 -0.241648 0.058191
1769099747.850667 6.021041 -0.240871 0.061269
1769099747.900649 6.032390 -0.239815 0.063033
1769099747.950621 6.039950 -0.238945 0.060774
1769099748.000690 6.039984 -0.238542 0.058507
1769099748.050641 6.059168 -0.237069 0.058458
1769099748.100619 6.067056 -0.236257 0.057847
1769099748.150633 6.074490 -0.235463 0.056180
1769099748.200624 6.086420 -0.234510 0.058751
1769099748.250609 6.093749 -0.233763 0.058470
1769099748.300612 6.101482 -0.232961 0.055321
1769099748.350615 6.112981 -0.232050 0.058220
1769099748.400603 6.120635 -0.231337 0.060127
1769099748.450633 6.128188 -0.230553 0.059623
1769099748.500608 6.139682 -0.229595 0.064415
1769099748.550634 6.147356 -0.228865 0.069150
1769099748.600609 6.155027 -0.227982 0.066625
1769099748.650638 6.166565 -0.226984 0.069620
1769099748.700605 6.173880 -0.226282 0.071998
1769099748.750630 6.181597 -0.225403 0.066181
1769099748.800611 6.193362 -0.224413 0.068130
1769099748.850633 6.201336 -0.223730 0.073929
1769099748.900640 6.209126 -0.222954 0.076530
1769099748.950620 6.220649 -0.221830 0.077822
1769099749.000626 6.228236 -0.221030 0.080619
1769099749.050635 6.235820 -0.220258 0.084302
1769099749.100681 6.247107 -0.219059 0.083224
1769099749.150694 6.254790 -0.218206 0.084506
1769099749.200620 6.262494 -0.217348 0.085651
1769099749.250649 6.273777 -0.216106 0.083377
1769099749.300638 6.281532 -0.215153 0.081309
1769099749.350647 6.293278 -0.213996 0.081311
1769099749.400683 6.301059 -0.213071 0.077181
1769099749.450645 6.308745 -0.212179 0.073823
1769099749.500626 6.316516 -0.211448 0.079729
1769099749.550689 6.327979 -0.210224 0.079311
1769099749.600627 6.335586 -0.209278 0.078520
1769099749.650741 6.343226 -0.208426 0.084733
1769099749.700714 6.354531 -0.207093 0.083797
1769099749.750674 6.362133 -0.206071 0.080277
1769099749.800695 6.369823 -0.205165 0.082527
1769099749.850672 6.381470 -0.203941 0.083535
1769099749.900692 6.389224 -0.202940 0.081582
1769099749.950664 6.397139 -0.201999 0.083689
1769099750.000669 6.408966 -0.200820 0.090098
1769099750.050653 6.416691 -0.199830 0.091182
1769099750.100639 6.424314 -0.198820 0.089941
1769099750.150650 6.435679 -0.197596 0.096294
1769099750.200697 6.443277 -0.196651 0.099861
1769099750.250664 6.450839 -0.195593 0.098922
1769099750.300636 6.462337 -0.194230 0.102523
1769099750.350648 6.470077 -0.193223 0.105763
1769099750.400655 6.477775 -0.192069 0.101091
1769099750.450656 6.489445 -0.190646 0.101167
1769099750.500655 6.497262 -0.189636 0.100193
1769099750.550665 6.505009 -0.188687 0.101199
1769099750.600645 6.516249 -0.187316 0.100737
1769099750.650640 6.524071 -0.186343 0.105416
1769099750.700660 6.531608 -0.185381 0.110871
1769099750.750678 6.542873 -0.183831 0.109883
1769099750.800661 6.550347 -0.182734 0.110342
1769099750.850706 6.557826 -0.181691 0.112434
1769099750.900671 6.569111 -0.180074 0.107541
1769099750.950668 6.576949 -0.178945 0.107841
1769099751.000660 6.584628 -0.177834 0.110978
1769099751.050677 6.595747 -0.176254 0.107630
1769099751.100677 6.603137 -0.175024 0.104085
1769099751.150721 6.614433 -0.173574 0.107019
1769099751.200723 6.622082 -0.172370 0.104246
1769099751.250675 6.629281 -0.171205 0.102195
1769099751.300671 6.640736 -0.169763 0.108254
1769099751.350668 6.648356 -0.168535 0.107857
1769099751.400659 6.655871 -0.167260 0.106560
1769099751.450664 6.667304 -0.165671 0.110905
1769099751.500681 6.674940 -0.164365 0.107267
1769099751.550721 6.682504 -0.163073 0.103536
1769099751.600686 6.694199 -0.161489 0.104687
1769099751.650693 6.702083 -0.160278 0.103315
1769099751.700686 6.709886 -0.159058 0.101867
1769099751.750705 6.721649 -0.157459 0.103011
1769099751.800710 6.729361 -0.156306 0.106157
1769099751.850693 6.736505 -0.155150 0.106456
1769099751.900701 6.747804 -0.153537 0.108133
1769099751.950721 6.755353 -0.152346 0.110132
1769099752.000702 6.762853 -0.151164 0.111710
1769099752.050680 6.774315 -0.149462 0.111308
1769099752.100664 6.782103 -0.148291 0.116402
1769099752.150683 6.789818 -0.147034 0.118242
1769099752.200666 6.801331 -0.145194 0.113181
1769099752.250665 6.809115 -0.143988 0.115537
1769099752.300673 6.816884 -0.142761 0.115726
1769099752.350667 6.828477 -0.141084 0.114878
1769099752.400744 6.836189 -0.139941 0.120649
1769099752.450685 6.843872 -0.138792 0.127380
1769099752.500669 6.855206 -0.137015 0.127941
1769099752.550680 6.862733 -0.135749 0.130741
1769099752.600673 6.870219 -0.134539 0.133217
1769099752.650706 6.881613 -0.132700 0.130297
1769099752.700695 6.889234 -0.131406 0.128702
1769099752.750692 6.897094 -0.130137 0.129958
1769099752.800696 6.908849 -0.128397 0.131447
1769099752.850696 6.916614 -0.127078 0.129458
1769099752.900746 6.924401 -0.125734 0.126742
1769099752.950701 6.935886 -0.124049 0.129716
1769099753.000707 6.943368 -0.122730 0.126501
1769099753.050693 6.950886 -0.121433 0.126298
1769099753.100703 6.962186 -0.119728 0.130981
1769099753.150700 6.969768 -0.118382 0.130048
1769099753.200723 6.977322 -0.117004 0.129062
1769099753.250727 6.988822 -0.115230 0.133611
1769099753.300694 6.996521 -0.113824 0.130925
1769099753.350686 7.004153 -0.112433 0.126387
1769099753.400704 7.015748 -0.110698 0.130113
1769099753.450696 7.023561 -0.109327 0.128648
1769099753.500686 7.023541 -0.108964 0.127224
1769099753.550694 7.042903 -0.106152 0.131588
1769099753.600688 7.050454 -0.104834 0.135825
1769099753.650694 7.057908 -0.103441 0.135714
1769099753.700720 7.069150 -0.101514 0.135710
1769099753.750738 7.076697 -0.100167 0.138135
1769099753.800734 7.084246 -0.098732 0.136502
1769099753.850758 7.091927 -0.097229 0.133195
1769099753.900761 7.103703 -0.095352 0.136795
1769099753.950759 7.111440 -0.093871 0.134056
1769099754.000732 7.119158 -0.092406 0.130453
1769099754.050716 7.130705 -0.090561 0.131944
1769099754.100703 7.138346 -0.089203 0.132169
1769099754.150705 7.145878 -0.087810 0.131205
1769099754.200699 7.157277 -0.086001 0.137171
1769099754.250703 7.164828 -0.084618 0.140488
1769099754.300700 7.172292 -0.083172 0.140435
1769099754.350712 7.183562 -0.081171 0.141110
1769099754.400704 7.191176 -0.079773 0.143327
1769099754.450705 7.202297 -0.077815 0.141101
1769099754.500705 7.209879 -0.076408 0.140504
1769099754.550773 7.217738 -0.074987 0.140897
1769099754.600714 7.225487 -0.073626 0.143387
1769099754.650726 7.237125 -0.071568 0.141599
1769099754.700712 7.237092 -0.071188 0.139799
1769099754.750734 7.256081 -0.068200 0.142476
1769099754.800795 7.263450 -0.066725 0.139185
1769099754.850733 7.271001 -0.065377 0.143647
1769099754.900729 7.278507 -0.064000 0.146839
1769099754.950741 7.289959 -0.061932 0.144120
1769099755.000735 7.297637 -0.060516 0.147333
1769099755.050807 7.305357 -0.059085 0.148974
1769099755.100735 7.316922 -0.057040 0.144993
1769099755.150733 7.324703 -0.055567 0.141346
1769099755.200718 7.332433 -0.054244 0.143244
1769099755.250808 7.343896 -0.052347 0.144073
1769099755.300719 7.351096 -0.051041 0.146110
1769099755.350756 7.358814 -0.049696 0.151926
1769099755.400724 7.369950 -0.047761 0.155973
1769099755.450721 7.377346 -0.046328 0.155191
1769099755.500738 7.384898 -0.044877 0.154746
1769099755.550731 7.396231 -0.042920 0.156569
1769099755.600768 7.403864 -0.041485 0.155951
1769099755.650745 7.415069 -0.039463 0.154888
1769099755.700753 7.422910 -0.038071 0.158767
1769099755.750780 7.422920 -0.037930 0.162656
1769099755.800751 7.442101 -0.034536 0.160555
1769099755.850781 7.449789 -0.033152 0.164768
1769099755.900796 7.457277 -0.031692 0.163505
1769099755.950735 7.464693 -0.030213 0.162092
1769099756.000777 7.475591 -0.028262 0.167823
1769099756.050741 7.482724 -0.026888 0.172131
1769099756.100764 7.494008 -0.024675 0.170041
1769099756.150754 7.501618 -0.023082 0.167126
1769099756.200744 7.509172 -0.021610 0.168442
1769099756.250809 7.520779 -0.019411 0.165163
1769099756.300739 7.528489 -0.017862 0.161646
1769099756.350777 7.536216 -0.016416 0.165085
1769099756.400738 7.547318 -0.014362 0.166508
1769099756.450758 7.554488 -0.012855 0.164992
1769099756.500751 7.565703 -0.010782 0.171278
1769099756.550840 7.573123 -0.009233 0.171571
1769099756.600740 7.580474 -0.007679 0.170825
1769099756.650766 7.587990 -0.006185 0.175168
1769099756.700759 7.599361 -0.003960 0.176445
1769099756.750769 7.607024 -0.002320 0.174603
1769099756.800746 7.614751 -0.000687 0.174603
1769099756.850760 7.626258 0.001558 0.177306
1769099756.900747 7.633921 0.003220 0.173593
1769099756.950776 7.641510 0.004875 0.171301
1769099757.000776 7.653043 0.007086 0.175421
1769099757.050746 7.660510 0.008701 0.175107
1769099757.100769 7.667990 0.010374 0.174726
1769099757.150752 7.679280 0.012618 0.181105
1769099757.200766 7.686688 0.014318 0.179795
1769099757.250748 7.694119 0.016049 0.176340
1769099757.300766 7.705490 0.018373 0.177885
1769099757.350785 7.713118 0.020073 0.175883
1769099757.400759 7.720802 0.021771 0.172691
1769099757.450766 7.732481 0.024110 0.173323
1769099757.500756 7.740216 0.025744 0.175184
1769099757.550779 7.747790 0.027376 0.175724
1769099757.600769 7.759091 0.029704 0.175803
1769099757.650795 7.766620 0.031272 0.181090
1769099757.700760 7.773962 0.032886 0.182210
1769099757.750768 7.784632 0.035192 0.181558
1769099757.800845 7.792231 0.036804 0.186828
1769099757.850791 7.799774 0.038465 0.190267
1769099757.900762 7.811132 0.040998 0.187052
1769099757.950812 7.818766 0.042665 0.190022
1769099758.000785 7.826402 0.044315 0.192620
1769099758.050768 7.837845 0.046803 0.189032
1769099758.100758 7.845534 0.048414 0.194704
1769099758.150822 7.853328 0.050067 0.201085
1769099758.200769 7.864615 0.052542 0.201711
1769099758.250782 7.872033 0.054199 0.206440
1769099758.300834 7.879450 0.055859 0.211501
1769099758.350791 7.890493 0.058405 0.209593
1769099758.400790 7.897906 0.060127 0.209685
1769099758.450787 7.905504 0.061840 0.210872
1769099758.500844 7.916959 0.064368 0.211377
1769099758.550793 7.924668 0.066170 0.207879
1769099758.600800 7.932431 0.067932 0.205732
1769099758.650787 7.943858 0.070436 0.205161
1769099758.700798 7.951378 0.072163 0.201291
1769099758.750783 7.958866 0.073849 0.200284
1769099758.800792 7.970142 0.076222 0.203397
1769099758.850776 7.977489 0.077898 0.203268
1769099758.900825 7.984904 0.079637 0.202276
1769099758.950804 7.996271 0.082122 0.206299
1769099759.000781 8.003677 0.083878 0.204693
1769099759.050801 8.003637 0.084076 0.203027
1769099759.100804 8.022588 0.088100 0.204622
1769099759.150781 8.030137 0.089839 0.201856
1769099759.200800 8.037809 0.091573 0.201207
1769099759.250803 8.049410 0.094059 0.205417
1769099759.300805 8.057136 0.095751 0.210894
1769099759.350854 8.057170 0.095782 0.216284
1769099759.400818 8.075676 0.100001 0.215692
1769099759.450840 8.083116 0.101686 0.220085
1769099759.500809 8.090406 0.103527 0.215121
1769099759.550811 8.097836 0.105354 0.213428
1769099759.600804 8.109251 0.107971 0.216590
1769099759.650853 8.116517 0.109681 0.219268
1769099759.700800 8.127943 0.112432 0.215366
1769099759.750855 8.135621 0.114217 0.216792
1769099759.800816 8.143258 0.115992 0.217115
1769099759.850835 8.154504 0.118611 0.213476
1769099759.900892 8.162072 0.120324 0.217929
1769099759.950845 8.162098 0.120365 0.222347
1769099760.000822 8.180736 0.124717 0.223691
1769099760.050831 8.188029 0.126480 0.226842
1769099760.100876 8.195034 0.128160 0.229655
1769099760.150826 8.206244 0.130877 0.227790
1769099760.200830 8.213725 0.132670 0.228902
1769099760.250804 8.221301 0.134441 0.232124
1769099760.300868 8.232799 0.137194 0.231341
1769099760.350804 8.240463 0.139049 0.231061
1769099760.400824 8.248257 0.140934 0.233987
1769099760.450807 8.259465 0.143638 0.235758
1769099760.500809 8.266869 0.145516 0.232870
1769099760.550890 8.266826 0.145640 0.230060
1769099760.600808 8.285256 0.150050 0.231769
1769099760.650810 8.292591 0.151953 0.229455
1769099760.700808 8.292542 0.152123 0.227104
1769099760.750810 8.311476 0.156656 0.230034
1769099760.800811 8.318898 0.158613 0.225823
1769099760.850817 8.326460 0.160540 0.224150
1769099760.900884 8.334064 0.162393 0.224771
1769099760.950812 8.345594 0.165126 0.224464
1769099761.000823 8.353111 0.166966 0.224509
1769099761.050831 8.360780 0.168799 0.229513
1769099761.100820 8.372010 0.171507 0.233541
1769099761.150816 8.379261 0.173375 0.233736
1769099761.200836 8.386620 0.175264 0.234515
1769099761.250821 8.397601 0.178002 0.235212
1769099761.300822 8.404966 0.179970 0.229073
1769099761.350832 8.412524 0.181916 0.225736
1769099761.400824 8.423975 0.184667 0.226078
1769099761.450839 8.431513 0.186614 0.219621
1769099761.500823 8.439120 0.188530 0.214350
1769099761.550835 8.450611 0.191181 0.212348
1769099761.600869 8.458138 0.193020 0.207353
1769099761.650919 8.465634 0.194761 0.205370
1769099761.700879 8.476322 0.197222 0.197947
1769099761.750890 8.483756 0.198890 0.196988
1769099761.800877 8.491191 0.200539 0.195311
1769099761.850897 8.502388 0.202983 0.186751
1769099761.900879 8.509924 0.204626 0.181528
1769099761.950938 8.517505 0.206188 0.176549
1769099762.000892 8.529128 0.208418 0.169442
1769099762.050860 8.536814 0.209937 0.162463
1769099762.100901 8.544576 0.211355 0.159936
1769099762.150841 8.556057 0.213323 0.158868
1769099762.200855 8.563566 0.214735 0.153505
1769099762.250848 8.571168 0.216113 0.149941
1769099762.300860 8.582316 0.217951 0.148049
1769099762.350904 8.589704 0.219280 0.141182
1769099762.400861 8.597176 0.220551 0.136638
1769099762.450918 8.608668 0.222283 0.135056
1769099762.500916 8.616208 0.223534 0.129566
1769099762.550857 8.623932 0.224757 0.123756
1769099762.600849 8.635661 0.226417 0.118467
1769099762.650862 8.643523 0.227589 0.112428
1769099762.700868 8.651117 0.228608 0.110577
1769099762.750861 8.662556 0.230074 0.104952
1769099762.800869 8.670084 0.231092 0.101330
1769099762.850850 8.677593 0.232027 0.100752
1769099762.900866 8.688904 0.233364 0.096639
1769099762.950856 8.696500 0.234327 0.090915
1769099763.000872 8.704233 0.235238 0.085209
1769099763.050861 8.715721 0.236384 0.079640
1769099763.100868 8.723450 0.237239 0.070495
1769099763.150853 8.723319 0.237576 0.061705
1769099763.200869 8.742958 0.238965 0.058381
1769099763.250873 8.750665 0.239656 0.054252
1769099763.300874 8.750582 0.239943 0.050315
1769099763.350880 8.769847 0.241125 0.051850
1769099763.400882 8.777346 0.241776 0.050067
1769099763.450934 8.784842 0.242425 0.048089
1769099763.500878 8.796142 0.243201 0.050429
1769099763.550876 8.803795 0.243852 0.049543
1769099763.600857 8.810904 0.244499 0.047832
1769099763.650882 8.822643 0.245297 0.050603
1769099763.700891 8.830160 0.245923 0.051438
1769099763.750935 8.837871 0.246615 0.049714
1769099763.800967 8.849074 0.247435 0.051705
1769099763.850916 8.856870 0.248114 0.052529
1769099763.900913 8.864279 0.248811 0.053345
1769099763.950908 8.875565 0.249692 0.058258
1769099764.000865 8.883324 0.250415 0.061690
1769099764.050894 8.894340 0.251368 0.061998
1769099764.100872 8.901911 0.252098 0.063690
1769099764.150882 8.909111 0.252816 0.062721
1769099764.200908 8.920710 0.253770 0.063066
1769099764.250893 8.928283 0.254490 0.063258
1769099764.300892 8.936163 0.255214 0.064226
1769099764.350873 8.947899 0.256199 0.063754
1769099764.400873 8.955619 0.256923 0.064241
1769099764.450886 8.963342 0.257659 0.066089
1769099764.500938 8.974727 0.258641 0.068043
1769099764.550881 8.982170 0.259407 0.067506
1769099764.600873 8.989651 0.260170 0.068539
1769099764.650901 9.000954 0.261177 0.071479
1769099764.700876 9.008513 0.261997 0.069569
1769099764.750887 9.016241 0.262804 0.068190
1769099764.800896 9.027944 0.263826 0.071522
1769099764.850905 9.035754 0.264634 0.070519
1769099764.900877 9.035705 0.264890 0.069567
1769099764.950881 9.055077 0.266463 0.071590
1769099765.000897 9.062793 0.267265 0.073576
1769099765.050905 9.062766 0.267489 0.075504
1769099765.100904 9.081829 0.269185 0.078719
1769099765.150952 9.089515 0.270033 0.081301
1769099765.200890 9.096548 0.270882 0.079610
1769099765.250903 9.107882 0.272049 0.079541
1769099765.300909 9.115572 0.272907 0.079956
1769099765.350896 9.123058 0.273752 0.079911
1769099765.400905 9.134737 0.274932 0.080735
1769099765.450915 9.142619 0.275817 0.080154
1769099765.500904 9.150433 0.276684 0.080371
1769099765.550907 9.162028 0.277858 0.079924
1769099765.600938 9.169657 0.278685 0.082473
1769099765.650906 9.177287 0.279512 0.086275
1769099765.700911 9.188311 0.280703 0.084903
1769099765.750918 9.195847 0.281559 0.086386
1769099765.800926 9.203572 0.282444 0.084140
1769099765.850912 9.214962 0.283632 0.079012
1769099765.900936 9.222691 0.284485 0.073573
1769099765.950947 9.230459 0.285303 0.065536
1769099766.000919 9.241965 0.286282 0.060760
1769099766.050915 9.249539 0.286975 0.057147
1769099766.100921 9.257335 0.287664 0.053582
1769099766.150945 9.268845 0.288529 0.051224
1769099766.200976 9.276605 0.289159 0.051402
1769099766.250934 9.284200 0.289789 0.048549
1769099766.300920 9.295505 0.290611 0.043621
1769099766.350927 9.303074 0.291156 0.044271
1769099766.400902 9.310480 0.291749 0.037398
1769099766.450910 9.321897 0.292394 0.036009
1769099766.500925 9.329318 0.292842 0.036117
1769099766.550927 9.337203 0.293319 0.033718
1769099766.600935 9.348944 0.293911 0.031861
1769099766.650928 9.356463 0.294331 0.032912
1769099766.700934 9.364226 0.294728 0.037133
1769099766.750934 9.375547 0.295336 0.036260
1769099766.800934 9.383092 0.295788 0.039697
1769099766.850933 9.390662 0.296239 0.043349
1769099766.900949 9.402079 0.296919 0.042294
1769099766.950941 9.409695 0.297454 0.040245
1769099767.000940 9.417499 0.297920 0.043251
1769099767.051011 9.429013 0.298621 0.039095
1769099767.100937 9.436689 0.299156 0.035748
1769099767.150985 9.444500 0.299614 0.039809
1769099767.200932 9.456184 0.300232 0.043134
1769099767.250944 9.456180 0.300361 0.046515
1769099767.300956 9.463512 0.300898 0.045552
1769099767.350946 9.482934 0.301972 0.049406
1769099767.400941 9.490326 0.302578 0.047041
1769099767.450938 9.497947 0.303146 0.052029
1769099767.500944 9.509262 0.303948 0.053123
1769099767.550963 9.516825 0.304599 0.049475
1769099767.600951 9.524577 0.305232 0.049444
1769099767.650958 9.536305 0.306046 0.046527
1769099767.700944 9.544194 0.306621 0.044455
1769099767.750978 9.551945 0.307208 0.037700
1769099767.801027 9.563572 0.307857 0.035697
1769099767.850971 9.571282 0.308342 0.031984
1769099767.900969 9.578871 0.308790 0.028915
1769099767.950941 9.590231 0.309327 0.025940
1769099768.000948 9.597938 0.309750 0.023129
1769099768.050954 9.605501 0.310127 0.022497
1769099768.100954 9.616972 0.310617 0.017385
1769099768.150935 9.624681 0.310985 0.014157
1769099768.200938 9.632195 0.311309 0.014411
1769099768.250942 9.643812 0.311691 0.011880
1769099768.300944 9.651719 0.312027 0.009348
1769099768.350955 9.659505 0.312304 0.012479
1769099768.400939 9.671257 0.312651 0.014951
1769099768.450948 9.679069 0.312995 0.014397
1769099768.500940 9.686586 0.313332 0.015734
1769099768.550974 9.697848 0.313724 0.018158
1769099768.600957 9.705461 0.314082 0.017777
1769099768.650971 9.713082 0.314487 0.014133
1769099768.700963 9.724672 0.314878 0.015306
1769099768.750964 9.724640 0.315099 0.013680
1769099768.800950 9.740318 0.315573 0.008836
1769099768.850969 9.751978 0.315873 0.010881
1769099768.900949 9.759650 0.316147 0.010478
1769099768.950969 9.766987 0.316429 0.008186
1769099769.000962 9.778546 0.316688 0.011578
1769099769.050974 9.786230 0.316914 0.015671
1769099769.100973 9.793848 0.317196 0.014502
1769099769.150975 9.805300 0.317560 0.012114
1769099769.200977 9.812727 0.317800 0.014510
1769099769.250971 9.820239 0.318086 0.011188
1769099769.300954 9.831750 0.318403 0.007648
1769099769.350965 9.839305 0.318618 0.008690
1769099769.400962 9.847208 0.318842 0.006921
1769099769.450988 9.859026 0.319114 0.003970
1769099769.500978 9.866854 0.319329 0.002905
1769099769.550979 9.874539 0.319503 0.005182
1769099769.600996 9.885997 0.319780 0.001643
1769099769.651017 9.893115 0.319989 0.002507
1769099769.701007 9.900646 0.320176 0.005540
1769099769.750987 9.911776 0.320445 0.004205
1769099769.801002 9.919397 0.320683 0.003546
1769099769.850981 9.930582 0.320924 0.003406
1769099769.900981 9.937859 0.321102 0.003570
1769099769.951001 9.945629 0.321333 -0.001227
1769099770.000988 9.957081 0.321484 -0.001269
1769099770.050992 9.964852 0.321581 0.001215
1769099770.100971 9.972725 0.321759 -0.004299
1769099770.150975 9.984407 0.321849 -0.002282
1769099770.200971 9.992016 0.321944 0.000360
1769099770.250976 9.999787 0.322102 -0.003074
1769099770.301040 10.011069 0.322173 0.001012
1769099770.351006 10.018497 0.322282 0.001488
1769099770.400993 10.026071 0.322419 -0.002810
1769099770.450973 10.037704 0.322492 -0.002634
1769099770.500993 10.045448 0.322531 -0.000047
1769099770.550981 10.053332 0.322609 -0.003187
1769099770.600996 10.065116 0.322664 -0.006852
1769099770.651008 10.072861 0.322670 -0.005057
1769099770.700996 10.080499 0.322690 -0.005510
1769099770.751060 10.092104 0.322727 -0.008520
1769099770.801049 10.099716 0.322743 -0.007126
1769099770.850984 10.107458 0.322745 -0.004774
1769099770.901003 10.118980 0.322813 -0.007850
1769099770.951003 10.126660 0.322876 -0.010333
1769099771.000992 10.134297 0.322879 -0.008718
1769099771.051097 10.145342 0.322907 -0.014518
1769099771.101001 10.153019 0.322941 -0.020133
1769099771.150999 10.160758 0.322884 -0.018831
1769099771.201001 10.172085 0.322794 -0.021208
1769099771.251005 10.172068 0.322952 -0.024344
1769099771.301001 10.191693 0.322615 -0.022747
1769099771.351021 10.199248 0.322572 -0.022117
1769099771.401017 10.199239 0.322690 -0.021560
1769099771.451015 10.218052 0.322427 -0.022589
1769099771.501020 10.225531 0.322370 -0.022701
1769099771.551012 10.233213 0.322319 -0.024076
1769099771.601011 10.240969 0.322265 -0.026043
1769099771.651093 10.252676 0.322058 -0.026407
1769099771.701036 10.260455 0.321993 -0.033373
1769099771.751025 10.268209 0.321879 -0.040045
1769099771.801044 10.268189 0.322091 -0.046487
1769099771.851030 10.268165 0.322356 -0.052867
1769099771.901037 10.295151 0.321108 -0.057728
1769099771.951027 10.306788 0.320623 -0.057590
1769099772.001040 10.306775 0.320817 -0.057307
1769099772.051024 10.306762 0.321007 -0.057026
1769099772.101004 10.332861 0.319607 -0.057951
1769099772.151019 10.340134 0.319251 -0.060727
1769099772.201040 10.340127 0.319347 -0.063344
1769099772.251028 10.340119 0.319465 -0.065937
1769099772.301026 10.367344 0.317672 -0.069817
1769099772.351070 10.379162 0.316817 -0.072093
1769099772.401028 10.386861 0.316269 -0.076412
1769099772.451033 10.386858 0.316325 -0.080495
1769099772.501030 10.386853 0.316416 -0.084541
1769099772.551032 10.413333 0.314163 -0.088431
1769099772.601029 10.413332 0.314209 -0.091858
1769099772.651030 10.432361 0.312445 -0.096682
1769099772.701030 10.432360 0.312491 -0.101181
1769099772.751057 10.432356 0.312575 -0.105643
1769099772.801031 10.458934 0.309741 -0.113412
1769099772.851032 10.466630 0.308835 -0.117066
1769099772.901044 10.466631 0.308850 -0.120420
1769099772.951033 10.466631 0.308894 -0.123742
1769099773.001044 10.493585 0.305449 -0.121489
1769099773.051088 10.493589 0.305333 -0.119353
1769099773.101040 10.493593 0.305199 -0.117241
1769099773.151015 10.493598 0.305049 -0.115148
1769099773.201035 10.493604 0.304883 -0.113071
1769099773.251035 10.493610 0.304701 -0.111014
1769099773.301024 10.493617 0.304503 -0.108977
1769099773.351037 10.554769 0.297468 -0.115677
1769099773.401096 10.566064 0.295805 -0.120968
1769099773.451053 10.573714 0.294541 -0.126940
1769099773.501043 10.573729 0.294271 -0.132645
1769099773.551055 10.592949 0.291370 -0.138237
1769099773.601056 10.600452 0.289978 -0.140897
1769099773.651050 10.608007 0.288557 -0.145399
1769099773.701074 10.619161 0.286597 -0.151029
1769099773.751079 10.619175 0.286328 -0.156431
1769099773.801165 10.626779 0.284815 -0.157486
1769099773.851089 10.634414 0.283283 -0.161672
1769099773.901089 10.645693 0.281175 -0.171200
1769099773.951058 10.645712 0.280996 -0.180434
1769099774.001070 10.645730 0.280897 -0.189587
1769099774.051056 10.645746 0.280876 -0.198645
1769099774.101055 10.645761 0.280930 -0.207615
1769099774.151059 10.645774 0.281057 -0.216496
1769099774.201060 10.645786 0.281255 -0.225287
1769099774.251064 10.645797 0.281521 -0.233989
1769099774.301054 10.645807 0.281854 -0.242598
1769099774.351063 10.723693 0.262592 -0.245703
1769099774.401057 10.742364 0.257930 -0.252222
1769099774.451062 10.742382 0.258032 -0.258219
1769099774.501066 10.749938 0.256113 -0.259952
1769099774.551063 10.768893 0.251119 -0.263155
1769099774.601080 10.776568 0.249112 -0.264238
1769099774.651063 10.783992 0.247133 -0.263645
1769099774.701074 10.791449 0.245146 -0.264787
1769099774.751059 10.802396 0.242217 -0.265337
1769099774.801061 10.809649 0.240274 -0.263075
1769099774.851072 10.820234 0.237430 -0.261582
1769099774.901072 10.827689 0.235489 -0.264149
1769099774.951072 10.827701 0.235554 -0.266815
1769099775.001067 10.846410 0.230469 -0.266969
1769099775.051074 10.853975 0.228469 -0.273384
1769099775.101051 10.861493 0.226426 -0.278626
1769099775.151072 10.872713 0.223218 -0.275997
1769099775.201271 10.880173 0.221148 -0.277622
1769099775.251095 10.887582 0.219113 -0.278789
1769099775.301070 10.898674 0.215991 -0.275100
1769099775.351123 10.906047 0.213990 -0.276532
1769099775.401082 10.906059 0.214074 -0.277995
1769099775.451079 10.924370 0.208932 -0.276782
1769099775.501081 10.931716 0.206937 -0.279434
1769099775.551127 10.939186 0.204883 -0.279240
1769099775.601142 10.946620 0.202849 -0.279686
1769099775.651069 10.958025 0.199632 -0.279344
1769099775.701101 10.965734 0.197516 -0.282087
1769099775.751142 10.973187 0.195452 -0.285997
1769099775.801115 10.984178 0.192262 -0.285057
1769099775.851191 10.991202 0.190248 -0.286042
1769099775.901094 11.002014 0.187131 -0.285832
1769099775.951104 11.009168 0.185037 -0.280282
1769099776.001079 11.016545 0.182925 -0.278754
1769099776.051098 11.027675 0.179791 -0.281121
1769099776.101090 11.034675 0.177778 -0.281002
1769099776.151070 11.042084 0.175613 -0.280930
1769099776.201100 11.053268 0.172407 -0.286808
1769099776.251137 11.060297 0.170322 -0.286959
1769099776.301144 11.071043 0.167083 -0.282762
1769099776.351089 11.078634 0.164854 -0.284066
1769099776.401078 11.085676 0.162792 -0.284704
1769099776.451090 11.096312 0.159626 -0.280356
1769099776.501074 11.103606 0.157473 -0.278980
1769099776.551104 11.114176 0.154428 -0.281074
1769099776.601095 11.121369 0.152273 -0.276732
1769099776.651100 11.128810 0.150132 -0.279439
1769099776.701141 11.136277 0.147997 -0.282510
1769099776.751099 11.147522 0.144708 -0.281161
1769099776.801100 11.155098 0.142464 -0.281108
1769099776.851101 11.166059 0.139290 -0.286874
1769099776.901144 11.173548 0.137054 -0.288255
1769099776.951114 11.173555 0.137047 -0.289512
1769099777.001107 11.191825 0.131598 -0.291317
1769099777.051104 11.199156 0.129384 -0.288191
1769099777.101106 11.206404 0.127204 -0.284807
1769099777.151110 11.217444 0.123971 -0.287218
1769099777.201112 11.224811 0.121796 -0.288713
1769099777.251107 11.224822 0.121806 -0.290205
1769099777.301107 11.243183 0.116287 -0.292191
1769099777.351113 11.250744 0.114013 -0.296118
1769099777.401095 11.258132 0.111705 -0.294240
1769099777.451118 11.265682 0.109332 -0.292808
1769099777.501132 11.276937 0.105896 -0.295331
1769099777.551142 11.284282 0.103574 -0.292772
1769099777.601146 11.291594 0.101246 -0.288547
1769099777.651111 11.302532 0.097931 -0.290976
1769099777.701120 11.309713 0.095669 -0.285725
1769099777.751188 11.316971 0.093421 -0.279846
1769099777.801195 11.328148 0.090115 -0.277640
1769099777.851131 11.335703 0.087857 -0.273671
1769099777.901141 11.343132 0.085689 -0.271595
1769099777.951191 11.354329 0.082462 -0.267529
1769099778.001139 11.362063 0.080244 -0.266365
1769099778.051139 11.369425 0.078132 -0.262606
1769099778.101118 11.380639 0.075023 -0.257354
1769099778.151110 11.388121 0.072933 -0.250862
1769099778.201128 11.388045 0.072763 -0.244611
1769099778.251132 11.406534 0.068081 -0.239718
1769099778.301125 11.413948 0.066138 -0.232445
1769099778.351124 11.421335 0.064246 -0.226087
1769099778.401130 11.432599 0.061543 -0.224018
1769099778.451127 11.440104 0.059673 -0.217015
1769099778.501125 11.440016 0.059463 -0.210250
1769099778.551137 11.459089 0.055267 -0.210444
1769099778.601125 11.466721 0.053468 -0.207566
1769099778.651104 11.474232 0.051700 -0.203316
1769099778.701135 11.485600 0.049159 -0.198912
1769099778.751119 11.493346 0.047425 -0.196139
1769099778.801189 11.500769 0.045775 -0.189516
1769099778.851142 11.511539 0.043511 -0.179368
1769099778.901111 11.519094 0.041947 -0.174240
1769099778.951133 11.526413 0.040486 -0.170952
1769099779.001139 11.537623 0.038385 -0.165587
1769099779.051160 11.545309 0.036918 -0.162747
1769099779.101118 11.552902 0.035496 -0.159521
1769099779.151131 11.564535 0.033465 -0.156753
1769099779.201117 11.572292 0.032035 -0.149761
1769099779.251142 11.579938 0.030685 -0.145376
1769099779.301141 11.591378 0.028825 -0.142758
1769099779.351149 11.598876 0.027528 -0.135667
1769099779.401192 11.598774 0.027260 -0.128762
1769099779.451146 11.617816 0.024604 -0.126046
1769099779.501162 11.625363 0.023424 -0.120382
1769099779.551261 11.632962 0.022309 -0.117999
1769099779.601196 11.644252 0.020770 -0.115025
1769099779.651148 11.651885 0.019705 -0.117035
1769099779.701156 11.651870 0.019541 -0.119077
1769099779.751145 11.670990 0.017053 -0.119263
1769099779.801207 11.678887 0.015923 -0.120955
1769099779.851181 11.678868 0.015756 -0.122640
1769099779.901163 11.698194 0.013193 -0.120338
1769099779.951200 11.705939 0.012072 -0.118020
1769099780.001187 11.713338 0.011054 -0.119744
1769099780.051164 11.724629 0.009526 -0.116560
1769099780.101201 11.732203 0.008477 -0.116915
1769099780.151136 11.732177 0.008320 -0.117314
1769099780.201160 11.751240 0.005924 -0.117284
1769099780.251164 11.758955 0.004859 -0.116887
1769099780.301139 11.758924 0.004704 -0.116519
1769099780.351156 11.778160 0.002325 -0.119925
1769099780.401164 11.785940 0.001270 -0.124218
1769099780.451162 11.793722 0.000177 -0.125966
1769099780.501148 11.801288 -0.000929 -0.124548
1769099780.551154 11.812794 -0.002533 -0.120756
1769099780.601140 11.820552 -0.003633 -0.118423
1769099780.651170 11.831394 -0.005087 -0.116048
1769099780.701162 11.838759 -0.006102 -0.115015
1769099780.751147 11.838723 -0.006263 -0.114040
1769099780.801152 11.857713 -0.008613 -0.116273
1769099780.851174 11.865227 -0.009670 -0.116897
1769099780.901229 11.865201 -0.009839 -0.117516
1769099780.951174 11.884837 -0.012332 -0.119745
1769099781.001184 11.892444 -0.013443 -0.117938
1769099781.051150 11.900156 -0.014553 -0.115803
1769099781.101237 11.911558 -0.016095 -0.113336
1769099781.151157 11.919043 -0.017136 -0.112940
1769099781.201179 11.926590 -0.018183 -0.114233
1769099781.251231 11.934306 -0.019244 -0.113964
1769099781.301173 11.945670 -0.020698 -0.114599
1769099781.351184 11.953318 -0.021754 -0.114599
1769099781.401186 11.961142 -0.022824 -0.115396
1769099781.451181 11.972542 -0.024303 -0.118608
1769099781.501154 11.980092 -0.025367 -0.119419
1769099781.551164 11.987962 -0.026472 -0.123732
1769099781.601237 11.999594 -0.028091 -0.123207
1769099781.651190 12.007255 -0.029203 -0.123664
1769099781.701129 12.014949 -0.030327 -0.121087
1769099781.751158 12.026376 -0.031885 -0.118433
1769099781.801191 12.033738 -0.032901 -0.119170
1769099781.851195 12.041229 -0.033942 -0.119189
1769099781.901203 12.052553 -0.035442 -0.121152
1769099781.951267 12.060072 -0.036504 -0.121723
1769099782.001183 12.067922 -0.037587 -0.123328
1769099782.051188 12.079564 -0.039174 -0.121426
1769099782.101189 12.087246 -0.040227 -0.123834
1769099782.151176 12.094954 -0.041311 -0.125222
1769099782.201189 12.106365 -0.042890 -0.123919
1769099782.251188 12.114160 -0.043979 -0.125012
1769099782.301192 12.121666 -0.045028 -0.124009
1769099782.351174 12.133154 -0.046576 -0.122867
1769099782.401172 12.140887 -0.047638 -0.122766
1769099782.451203 12.148374 -0.048644 -0.124123
1769099782.501204 12.159697 -0.050145 -0.124500
1769099782.551196 12.167364 -0.051209 -0.124493
1769099782.601250 12.174912 -0.052240 -0.127217
1769099782.651195 12.186135 -0.053765 -0.128163
1769099782.701201 12.194000 -0.054856 -0.130021
1769099782.751205 12.201751 -0.055959 -0.128976
1769099782.801228 12.213206 -0.057535 -0.128588
1769099782.851210 12.220818 -0.058616 -0.127529
1769099782.901210 12.228364 -0.059673 -0.127472
1769099782.951211 12.239585 -0.061193 -0.127564
1769099783.001202 12.247053 -0.062241 -0.127265
1769099783.051219 12.254733 -0.063308 -0.127472
1769099783.101201 12.266190 -0.064870 -0.127187
1769099783.151221 12.273952 -0.065956 -0.125663
1769099783.201209 12.281654 -0.067030 -0.126485
1769099783.251217 12.293057 -0.068579 -0.128579
1769099783.301222 12.300699 -0.069680 -0.127556
1769099783.351211 12.308549 -0.070815 -0.127061
1769099783.401223 12.320087 -0.072416 -0.125378
1769099783.451192 12.327681 -0.073506 -0.121647
1769099783.501212 12.327632 -0.073663 -0.117971
1769099783.551327 12.346625 -0.076038 -0.119261
1769099783.601245 12.353995 -0.077053 -0.119514
1769099783.651252 12.353975 -0.077179 -0.119791
1769099783.701257 12.373131 -0.079631 -0.120787
1769099783.751321 12.380837 -0.080708 -0.121790
1769099783.801248 12.380820 -0.080836 -0.122681
1769099783.851250 12.400350 -0.083380 -0.122824
1769099783.901301 12.408068 -0.084461 -0.124482
1769099783.951241 12.408057 -0.084571 -0.126072
1769099784.001236 12.427080 -0.087136 -0.125288
1769099784.051231 12.434730 -0.088256 -0.123856
1769099784.101228 12.434694 -0.088419 -0.122437
1769099784.151231 12.453609 -0.090881 -0.121232
1769099784.201251 12.461305 -0.091989 -0.117412
1769099784.251207 12.461250 -0.092186 -0.113683
1769099784.301204 12.480145 -0.094513 -0.114822
1769099784.351295 12.487941 -0.095585 -0.117461
1769099784.401271 12.495434 -0.096632 -0.119883
1769099784.451237 12.506629 -0.098176 -0.117343
1769099784.501238 12.514508 -0.099275 -0.119098
1769099784.551218 12.514491 -0.099429 -0.120889
1769099784.601275 12.533618 -0.101902 -0.117577
1769099784.651248 12.541144 -0.102932 -0.117340
1769099784.701321 12.548649 -0.103947 -0.119202
1769099784.751234 12.559836 -0.105417 -0.118801
1769099784.801221 12.567119 -0.106408 -0.119872
1769099784.851220 12.574373 -0.107391 -0.122195
1769099784.901236 12.585962 -0.108925 -0.122899
1769099784.951297 12.593759 -0.109989 -0.123631
1769099785.001305 12.601512 -0.111038 -0.126980
1769099785.051243 12.612536 -0.112535 -0.129270
1769099785.101241 12.619746 -0.113576 -0.130198
1769099785.151240 12.631239 -0.115194 -0.128466
1769099785.201336 12.638431 -0.116218 -0.127738
1769099785.251226 12.646046 -0.117296 -0.125731
1769099785.301337 12.657331 -0.118829 -0.122570
1769099785.351237 12.664869 -0.119850 -0.124172
1769099785.401326 12.672356 -0.120868 -0.126897
1769099785.451269 12.683883 -0.122434 -0.128122
1769099785.501254 12.691579 -0.123518 -0.129994
1769099785.551289 12.699225 -0.124592 -0.131904
1769099785.601248 12.710567 -0.126189 -0.131557
1769099785.651228 12.718470 -0.127330 -0.130692
1769099785.701333 12.725966 -0.128389 -0.133346
1769099785.751286 12.736928 -0.129945 -0.134131
1769099785.801273 12.736919 -0.130019 -0.134779
1769099785.851290 12.755757 -0.132713 -0.136369
1769099785.901318 12.763242 -0.133867 -0.140373
1769099785.951286 12.763246 -0.133956 -0.144246
1769099786.001372 12.782100 -0.136827 -0.149168
1769099786.051256 12.789711 -0.138126 -0.153137
1769099786.101254 12.789709 -0.138242 -0.156936
1769099786.151339 12.808873 -0.141466 -0.166890
1769099786.201328 12.816553 -0.142953 -0.172846
1769099786.251248 12.824113 -0.144491 -0.176397
1769099786.301241 12.835092 -0.146636 -0.180832
1769099786.351348 12.842662 -0.148242 -0.179475
1769099786.401249 12.850029 -0.149811 -0.180539
1769099786.451348 12.861266 -0.152056 -0.187750
1769099786.501321 12.868622 -0.153661 -0.191755
1769099786.551326 12.868612 -0.153826 -0.195608
1769099786.601328 12.887436 -0.157801 -0.202461
1769099786.651245 12.895167 -0.159597 -0.208379
1769099786.701228 12.902976 -0.161450 -0.217422
1769099786.751254 12.914304 -0.164145 -0.224424
1769099786.801250 12.921799 -0.166045 -0.232070
1769099786.851317 12.921815 -0.166159 -0.239355
1769099786.901250 12.940343 -0.170898 -0.248528
1769099786.951350 12.947656 -0.172971 -0.254826
1769099787.001316 12.947659 -0.173118 -0.260709
1769099787.051262 12.965980 -0.178262 -0.267909
1769099787.101259 12.973393 -0.180527 -0.275758
1769099787.151258 12.973403 -0.180680 -0.283285
1769099787.201250 12.992112 -0.186433 -0.293243
1769099787.251255 12.999589 -0.188935 -0.309157
1769099787.301241 12.999570 -0.189036 -0.325204
1769099787.351322 13.017848 -0.195460 -0.333654
1769099787.401346 13.025085 -0.198204 -0.343658
1769099787.451328 13.032184 -0.200985 -0.349472
1769099787.501252 13.039346 -0.203863 -0.356545
1769099787.551240 13.050080 -0.208127 -0.365820
1769099787.601256 13.057136 -0.211042 -0.378630
1769099787.651295 13.064363 -0.214141 -0.392979
1769099787.701378 13.074982 -0.218747 -0.405523
1769099787.751273 13.081958 -0.221942 -0.416560
1769099787.801269 13.089072 -0.225344 -0.425742
1769099787.851330 13.099692 -0.230374 -0.436056
1769099787.901313 13.106789 -0.233913 -0.442201
1769099787.951250 13.113701 -0.237427 -0.451444
1769099788.001230 13.123915 -0.242656 -0.458450
1769099788.051323 13.130767 -0.246239 -0.472043
1769099788.101326 13.137465 -0.249904 -0.481448
1769099788.151232 13.147521 -0.255420 -0.488452
1769099788.201310 13.154303 -0.259215 -0.501852
1769099788.251325 13.161157 -0.263145 -0.516607
1769099788.301280 13.171144 -0.269040 -0.524996
1769099788.351230 13.177790 -0.273077 -0.533925
1769099788.401316 13.184376 -0.277182 -0.544759
1769099788.451245 13.194218 -0.283348 -0.556857
1769099788.501254 13.200652 -0.287495 -0.568121
1769099788.551258 13.206957 -0.291742 -0.574705
1769099788.601279 13.216097 -0.297887 -0.584037
1769099788.651285 13.216133 -0.298003 -0.592844
1769099788.701291 13.231934 -0.308925 -0.600751
1769099788.751285 13.238287 -0.313478 -0.610589
1769099788.801284 13.238334 -0.313577 -0.619989
1769099788.851323 13.254121 -0.325081 -0.630345
1769099788.901297 13.260041 -0.329613 -0.639494
1769099788.951285 13.260082 -0.329722 -0.648190
1769099789.001294 13.275092 -0.341347 -0.655207
1769099789.051291 13.281142 -0.346174 -0.666235
1769099789.101318 13.281210 -0.346259 -0.676895
1769099789.151292 13.296034 -0.358449 -0.683308
1769099789.201293 13.301883 -0.363371 -0.694755
1769099789.251293 13.307701 -0.368428 -0.705305
1769099789.301302 13.316605 -0.376214 -0.718709
1769099789.351289 13.322353 -0.381482 -0.724227
1769099789.401289 13.328109 -0.386850 -0.731155
1769099789.451309 13.336759 -0.394840 -0.743311
1769099789.501317 13.342382 -0.400269 -0.746997
1769099789.551326 13.342361 -0.400420 -0.750357
1769099789.601322 13.356198 -0.413715 -0.760119
1769099789.651325 13.361613 -0.419105 -0.771775
1769099789.701320 13.367021 -0.424612 -0.784339
1769099789.751319 13.375003 -0.432863 -0.792574
1769099789.801320 13.380382 -0.438548 -0.803565
1769099789.851327 13.380454 -0.438665 -0.814126
1769099789.901327 13.393842 -0.453124 -0.823759
1769099789.951339 13.399104 -0.459068 -0.834639
1769099790.001353 13.399119 -0.459303 -0.844351
1769099790.051317 13.411340 -0.473474 -0.854426
1769099790.101327 13.416286 -0.479377 -0.865678
1769099790.151312 13.416370 -0.479487 -0.876480
1769099790.201310 13.428477 -0.494405 -0.884178
1769099790.251319 13.433365 -0.500530 -0.896635
1769099790.301312 13.438233 -0.506718 -0.911676
1769099790.351322 13.444975 -0.515714 -0.919738
1769099790.401306 13.449658 -0.521991 -0.932636
1769099790.451311 13.454268 -0.528453 -0.942941
1769099790.501307 13.461030 -0.537953 -0.956859
1769099790.551313 13.465256 -0.544102 -0.968073
1769099790.601328 13.469495 -0.550511 -0.973097
1769099790.651319 13.475933 -0.560176 -0.981181
1769099790.701322 13.480166 -0.566549 -0.993349
1769099790.751328 13.484252 -0.573000 -0.999635
1769099790.801325 13.490453 -0.582732 -1.012058
1769099790.851318 13.494489 -0.589248 -1.025694
1769099790.901325 13.498530 -0.595946 -1.038900
1769099790.951333 13.504379 -0.606083 -1.047286
1769099791.001341 13.508198 -0.612958 -1.051990
1769099791.051322 13.508220 -0.613037 -1.056335
1769099791.101343 13.517576 -0.629998 -1.066666
1769099791.151333 13.521178 -0.636868 -1.073575
1769099791.201330 13.524682 -0.643615 -1.082625
1769099791.251332 13.529766 -0.653436 -1.094512
1769099791.301327 13.529904 -0.653526 -1.105842
1769099791.351323 13.538076 -0.670277 -1.116158
1769099791.401353 13.541235 -0.676994 -1.123513
1769099791.451327 13.541290 -0.677099 -1.130543
1769099791.501336 13.549347 -0.694718 -1.145914
1769099791.551443 13.549335 -0.694736 -1.160822
1769099791.601334 13.556788 -0.712232 -1.165886
1769099791.651333 13.559730 -0.719347 -1.175666
1769099791.701358 13.559841 -0.719444 -1.185026
1769099791.751366 13.566650 -0.736685 -1.195232
1769099791.801348 13.569200 -0.743431 -1.201619
1769099791.851373 13.569248 -0.743529 -1.207731
1769099791.901366 13.575968 -0.761676 -1.222390
1769099791.951410 13.578482 -0.769050 -1.229992
1769099792.001341 13.580894 -0.776485 -1.235878
1769099792.051349 13.584534 -0.787486 -1.248582
1769099792.101341 13.586910 -0.794995 -1.258960
1769099792.151341 13.587027 -0.795114 -1.268858
1769099792.201354 13.592402 -0.813354 -1.275440
1769099792.251358 13.594586 -0.820847 -1.284845
1769099792.301411 13.594698 -0.820954 -1.293867
1769099792.351432 13.599517 -0.838945 -1.298544
1769099792.401330 13.601494 -0.846481 -1.305335
1769099792.451348 13.603472 -0.854005 -1.316061
1769099792.501354 13.606261 -0.865391 -1.321351
1769099792.551365 13.608099 -0.873246 -1.324851
1769099792.601352 13.609850 -0.880857 -1.328596
1769099792.651374 13.612562 -0.892458 -1.333340
1769099792.701327 13.614311 -0.900029 -1.338722
1769099792.751330 13.614334 -0.900139 -1.343946
1769099792.801405 13.618398 -0.918639 -1.346726
1769099792.851346 13.620080 -0.926199 -1.354404
1769099792.901349 13.620161 -0.926313 -1.361901
1769099792.951355 13.623929 -0.945144 -1.363713
1769099793.001367 13.625517 -0.952892 -1.371086
1769099793.051359 13.627078 -0.960576 -1.380920
1769099793.101362 13.629100 -0.972082 -1.383782
1769099793.151358 13.630482 -0.979845 -1.389932
1769099793.201357 13.630541 -0.979944 -1.395826
1769099793.251360 13.633826 -0.999112 -1.393279
1769099793.301360 13.635123 -1.006894 -1.394921
1769099793.351372 13.635068 -1.006978 -1.396511
1769099793.401360 13.638205 -1.025708 -1.398817
1769099793.451369 13.639491 -1.033463 -1.403042
1769099793.501371 13.640684 -1.040961 -1.410013
1769099793.551375 13.642386 -1.052086 -1.416191
1769099793.601401 13.643602 -1.059995 -1.425348
1769099793.651366 13.643764 -1.060096 -1.434186
1769099793.701397 13.646171 -1.079392 -1.437099
1769099793.751390 13.647207 -1.087220 -1.443336
1769099793.801398 13.647319 -1.087291 -1.449354
1769099793.851406 13.649466 -1.106340 -1.450750
1769099793.901421 13.650399 -1.113965 -1.456615
1769099793.951416 13.650510 -1.114031 -1.462315
1769099794.001383 13.652382 -1.132489 -1.464377
1769099794.051374 13.653228 -1.140220 -1.469485
1769099794.101376 13.654075 -1.147886 -1.477063
1769099794.151371 13.655084 -1.159572 -1.479461
1769099794.201375 13.655790 -1.167395 -1.484790
1769099794.251374 13.656454 -1.175073 -1.491701
1769099794.301370 13.657250 -1.186605 -1.495170
1769099794.351371 13.657761 -1.194275 -1.497056
1769099794.401371 13.658338 -1.201999 -1.500403
1769099794.451386 13.659143 -1.213411 -1.502270
1769099794.501382 13.659788 -1.221221 -1.508142
1769099794.551382 13.659958 -1.221268 -1.513919
1769099794.601382 13.660956 -1.240339 -1.518711
1769099794.651385 13.661424 -1.247656 -1.525957
1769099794.701385 13.661636 -1.247716 -1.532994
1769099794.751379 13.662151 -1.266695 -1.536126
1769099794.801398 13.662514 -1.274617 -1.543592
1769099794.851386 13.662741 -1.282463 -1.548951
1769099794.901384 13.662908 -1.282504 -1.554047
1769099794.951382 13.663077 -1.293692 -1.556652
1769099795.001390 13.663315 -1.312531 -1.562570
1769099795.051396 13.663350 -1.320040 -1.562570
1769099795.101393 13.663360 -1.320034 -1.562504
1769099795.151394 13.663532 -1.339050 -1.568494
1769099795.201393 13.663500 -1.346828 -1.570013
1769099795.251397 13.663531 -1.354732 -1.575287
1769099795.301396 13.663507 -1.362572 -1.581651
1769099795.351397 13.663336 -1.374301 -1.588434
1769099795.401421 13.663179 -1.382144 -1.592360
1769099795.451397 13.662976 -1.389652 -1.595411
1769099795.501465 13.662580 -1.401127 -1.596027
1769099795.551403 13.662406 -1.408890 -1.598492
1769099795.601412 13.662203 -1.416511 -1.601675
1769099795.651402 13.661806 -1.427940 -1.603288
1769099795.701437 13.661683 -1.435849 -1.611908
1769099795.751420 13.661394 -1.443474 -1.618200
1769099795.801405 13.660763 -1.454921 -1.621910
1769099795.851426 13.660449 -1.462389 -1.629417
1769099795.901411 13.660059 -1.470328 -1.637760
1769099795.951446 13.659137 -1.482146 -1.639413
1769099796.001429 13.658637 -1.489916 -1.644097
1769099796.051418 13.658156 -1.497591 -1.649775
1769099796.101410 13.657240 -1.508474 -1.651417
1769099796.151407 13.657307 -1.508488 -1.652864
1769099796.201451 13.655780 -1.527129 -1.658246
1769099796.251411 13.655242 -1.534464 -1.663724
1769099796.301412 13.655431 -1.534537 -1.669073
1769099796.351412 13.653491 -1.553976 -1.674124
1769099796.401415 13.652770 -1.561848 -1.681651
1769099796.451501 13.653039 -1.561948 -1.688912
1769099796.501417 13.650624 -1.581027 -1.694260
1769099796.551425 13.649812 -1.588267 -1.699889
1769099796.601480 13.650032 -1.588339 -1.705308
1769099796.651424 13.647372 -1.607279 -1.706377
1769099796.701427 13.646375 -1.614878 -1.707713
1769099796.751422 13.646469 -1.614886 -1.708967
1769099796.801412 13.643908 -1.633934 -1.715979
1769099796.851414 13.642806 -1.641466 -1.718494
1769099796.901418 13.642932 -1.641493 -1.720814
1769099796.951424 13.640023 -1.660120 -1.725117
1769099797.001433 13.638730 -1.667914 -1.725193
1769099797.051425 13.638749 -1.667908 -1.725119
1769099797.101427 13.635724 -1.687353 -1.727101
1769099797.151428 13.634506 -1.694578 -1.722171
1769099797.201426 13.634375 -1.694486 -1.717337
1769099797.251428 13.631738 -1.713142 -1.719405
1769099797.301444 13.630596 -1.720556 -1.716741
1769099797.351446 13.629399 -1.728155 -1.714305
1769099797.401429 13.627859 -1.739181 -1.716193
1769099797.451473 13.626592 -1.746973 -1.711800
1769099797.501430 13.625448 -1.754723 -1.710210
1769099797.551517 13.623901 -1.765857 -1.714388
1769099797.601434 13.623982 -1.765943 -1.718441
1769099797.651472 13.620961 -1.784637 -1.715388
1769099797.701457 13.619790 -1.792383 -1.715710
1769099797.751531 13.619756 -1.792396 -1.716019
1769099797.801453 13.616904 -1.811345 -1.712310
1769099797.851506 13.615768 -1.819114 -1.709680
1769099797.901456 13.615641 -1.819070 -1.707209
1769099797.951467 13.613048 -1.837332 -1.705679
1769099798.001471 13.611886 -1.845042 -1.703862
1769099798.051442 13.610788 -1.852695 -1.706404
1769099798.101448 13.609165 -1.863933 -1.706051
1769099798.151467 13.607962 -1.871879 -1.704301
1769099798.201444 13.606797 -1.879596 -1.703946
1769099798.251446 13.605192 -1.891144 -1.705300
1769099798.301447 13.604047 -1.898801 -1.702839
1769099798.351465 13.603895 -1.898758 -1.700447
1769099798.401444 13.601424 -1.917410 -1.701502
1769099798.451449 13.600319 -1.925063 -1.698864
1769099798.501448 13.600152 -1.925016 -1.696333
1769099798.551445 13.597784 -1.944235 -1.698771
1769099798.601462 13.596695 -1.951797 -1.697008
1769099798.651451 13.596555 -1.951766 -1.695287
1769099798.701464 13.594026 -1.971072 -1.698187
1769099798.751454 13.592864 -1.978783 -1.697996
1769099798.801502 13.592742 -1.978784 -1.697722
1769099798.851454 13.590091 -1.998229 -1.696989
1769099798.901456 13.588967 -2.005851 -1.695444
1769099798.951465 13.587923 -2.013064 -1.692434
1769099799.001455 13.586453 -2.024358 -1.691253
1769099799.051464 13.586296 -2.024340 -1.690179
1769099799.101539 13.583919 -2.042170 -1.685818
1769099799.151461 13.582845 -2.049982 -1.684861
1769099799.201460 13.582661 -2.049967 -1.683923
1769099799.251459 13.580271 -2.069415 -1.684112
1769099799.301466 13.579157 -2.077228 -1.682335
1769099799.351461 13.578946 -2.077191 -1.680539
1769099799.401481 13.576647 -2.096393 -1.683328
1769099799.451526 13.575523 -2.104047 -1.680581
1769099799.501469 13.574561 -2.111631 -1.681306
1769099799.551472 13.573615 -2.119245 -1.681362
1769099799.601475 13.572220 -2.130676 -1.679851
1769099799.651465 13.571265 -2.138325 -1.679916
1769099799.701487 13.570396 -2.145919 -1.682582
1769099799.751507 13.568955 -2.157379 -1.682723
1769099799.801488 13.567945 -2.165148 -1.684205
1769099799.851500 13.566925 -2.172879 -1.686178
1769099799.901521 13.565385 -2.184605 -1.686364
1769099799.951514 13.564294 -2.192414 -1.686176
1769099800.001544 13.563298 -2.200133 -1.687198
1769099800.051479 13.561890 -2.211146 -1.687293
1769099800.101474 13.560903 -2.218777 -1.687018
1769099800.151481 13.559905 -2.226303 -1.687746
1769099800.201486 13.558540 -2.237678 -1.689730
1769099800.251474 13.558508 -2.237726 -1.691720
1769099800.301477 13.556277 -2.256193 -1.691631
1769099800.351480 13.555302 -2.263921 -1.692590
1769099800.401502 13.555279 -2.263944 -1.693528
1769099800.451484 13.552842 -2.283381 -1.695834
1769099800.501481 13.551835 -2.291088 -1.698615
1769099800.551493 13.550777 -2.298826 -1.700015
1769099800.601486 13.549151 -2.310336 -1.695976
1769099800.651480 13.548145 -2.317938 -1.693508
1769099800.701484 13.548028 -2.317878 -1.691149
1769099800.751497 13.545748 -2.336739 -1.688843
1769099800.801486 13.544884 -2.344287 -1.691282
1769099800.851483 13.544907 -2.344347 -1.693739
1769099800.901492 13.542410 -2.363274 -1.691270
1769099800.951483 13.541353 -2.371118 -1.690886
1769099801.001513 13.540400 -2.378904 -1.692864
1769099801.051494 13.538911 -2.390272 -1.692746
1769099801.101495 13.537748 -2.397941 -1.688734
1769099801.151503 13.536871 -2.405533 -1.692838
1769099801.201495 13.535369 -2.416914 -1.691944
1769099801.251497 13.534296 -2.424514 -1.688066
1769099801.301494 13.534091 -2.424412 -1.684287
1769099801.351515 13.531779 -2.443211 -1.680164
1769099801.401496 13.530775 -2.450945 -1.677291
1769099801.451513 13.529810 -2.458628 -1.676251
1769099801.501497 13.528506 -2.469585 -1.675818
1769099801.551503 13.527502 -2.477355 -1.674796
1769099801.601530 13.527336 -2.477319 -1.673744
1769099801.651543 13.525109 -2.496680 -1.675649
1769099801.701511 13.524048 -2.504413 -1.673920
1769099801.751524 13.522982 -2.512302 -1.669295
1769099801.801543 13.521712 -2.523268 -1.668562
1769099801.851556 13.520802 -2.530716 -1.665497
1769099801.901512 13.519937 -2.537799 -1.661960
1769099801.951505 13.518825 -2.549150 -1.661678
1769099802.001509 13.518034 -2.556797 -1.659061
1769099802.051528 13.517110 -2.564548 -1.651894
1769099802.101578 13.516146 -2.576264 -1.651132
1769099802.151517 13.515985 -2.576240 -1.650654
1769099802.201512 13.515306 -2.584236 -1.650185
1769099802.251527 13.513833 -2.603288 -1.648583
1769099802.301510 13.513179 -2.611184 -1.645874
1769099802.351588 13.512439 -2.618771 -1.638923
1769099802.401517 13.511515 -2.630269 -1.629591
1769099802.451530 13.511036 -2.638105 -1.625798
1769099802.501518 13.510835 -2.638006 -1.622344
1769099802.551538 13.509973 -2.657130 -1.618506
1769099802.601543 13.509483 -2.664663 -1.612381
1769099802.651565 13.509213 -2.664501 -1.606496
1769099802.701527 13.508597 -2.684002 -1.604916
1769099802.751520 13.508241 -2.691843 -1.600701
1769099802.801523 13.508048 -2.691731 -1.596669
1769099802.851541 13.507501 -2.711631 -1.590666
1769099802.901592 13.507261 -2.719302 -1.588202
1769099802.951535 13.506955 -2.726901 -1.581056
1769099803.001538 13.506696 -2.738141 -1.572607
1769099803.051552 13.506618 -2.745790 -1.568849
1769099803.101559 13.506416 -2.745690 -1.565351
1769099803.151549 13.506691 -2.765135 -1.561599
1769099803.201599 13.506847 -2.773070 -1.561689
1769099803.251564 13.506822 -2.773075 -1.562016
1769099803.301531 13.507074 -2.792335 -1.557705
1769099803.351532 13.507154 -2.800027 -1.553936
1769099803.401543 13.507025 -2.799933 -1.550362
1769099803.451552 13.507506 -2.819662 -1.542227
1769099803.501536 13.507659 -2.827473 -1.532530
1769099803.551554 13.507378 -2.827234 -1.523184
1769099803.601542 13.508563 -2.846790 -1.516214
1769099803.651537 13.509025 -2.854257 -1.508536
1769099803.701566 13.508858 -2.854078 -1.501259
1769099803.751568 13.510249 -2.872945 -1.492982
1769099803.801569 13.510998 -2.880317 -1.486554
1769099803.851562 13.510943 -2.880180 -1.480577
1769099803.901585 13.512994 -2.899660 -1.465430
1769099803.951581 13.513750 -2.906863 -1.447401
1769099804.001598 13.514714 -2.914292 -1.433259
1769099804.051564 13.516249 -2.925054 -1.412596
1769099804.101612 13.517433 -2.932226 -1.390533
1769099804.151546 13.518685 -2.939274 -1.365463
1769099804.201556 13.521060 -2.949862 -1.344056
1769099804.251546 13.522706 -2.956596 -1.322259
1769099804.301551 13.524469 -2.963248 -1.298818
1769099804.351552 13.527236 -2.972904 -1.270770
1769099804.401567 13.526995 -2.972888 -1.243282
1769099804.451551 13.532503 -2.989018 -1.216900
1769099804.501552 13.534762 -2.995151 -1.192312
1769099804.551579 13.534550 -2.995139 -1.168007
1769099804.601551 13.540982 -3.010160 -1.139652
1769099804.651635 13.543723 -3.016172 -1.113081
1769099804.701617 13.543473 -3.016161 -1.086942
1769099804.752333 13.550971 -3.030345 -1.056142
1769099804.801550 13.554145 -3.036034 -1.026477
1769099804.851579 13.553857 -3.036027 -0.996730
1769099804.901626 13.562799 -3.049799 -0.968370
1769099804.951579 13.566276 -3.054926 -0.936349
1769099805.001568 13.569745 -3.059667 -0.902466
1769099805.051580 13.575653 -3.067185 -0.870207
1769099805.101577 13.579740 -3.072108 -0.839651
1769099805.151618 13.584039 -3.076867 -0.809859
1769099805.201567 13.590707 -3.083922 -0.775054
1769099805.251581 13.595197 -3.088391 -0.746270
1769099805.301567 13.599837 -3.092653 -0.715603
1769099805.351589 13.607303 -3.099194 -0.685731
1769099805.401590 13.607065 -3.099215 -0.657059
1769099805.451576 13.612154 -3.103094 -0.626170
1769099805.501570 13.625027 -3.112393 -0.598138
1769099805.551623 13.630363 -3.116023 -0.569466
1769099805.601590 13.635734 -3.119405 -0.542082
1769099805.651640 13.643891 -3.124356 -0.509922
1769099805.701656 13.643654 -3.124400 -0.478790
1769099805.751593 13.658415 -3.132027 -0.452957
1769099805.801609 13.664359 -3.134869 -0.427500
1769099805.851672 13.664210 -3.134905 -0.402612
1769099805.901613 13.679548 -3.141393 -0.373476
1769099805.951632 13.685797 -3.143776 -0.344616
1769099806.001615 13.685619 -3.143830 -0.316407
1769099806.051664 13.701621 -3.149016 -0.288785
1769099806.101606 13.708098 -3.150876 -0.260343
1769099806.151587 13.714225 -3.152398 -0.232366
1769099806.201580 13.723846 -3.154772 -0.205908
1769099806.251594 13.723707 -3.154831 -0.180408
1769099806.301594 13.739670 -3.157708 -0.156879
1769099806.351593 13.746648 -3.158785 -0.134538
1769099806.401593 13.753351 -3.159628 -0.113087
1769099806.451600 13.764035 -3.160982 -0.098798
1769099806.501586 13.770918 -3.161644 -0.084183
1769099806.551601 13.778494 -3.162308 -0.074361
1769099806.601595 13.789614 -3.163151 -0.064201
1769099806.651602 13.789462 -3.163019 -0.054607
1769099806.701601 13.808850 -3.164224 -0.055313
1769099806.751588 13.816798 -3.164625 -0.054732
1769099806.801588 13.824293 -3.165029 -0.058710
1769099806.851664 13.835941 -3.165678 -0.070641
1769099806.901588 13.843150 -3.166131 -0.077905
1769099806.951618 13.843309 -3.166174 -0.084805
1769099807.001615 13.861853 -3.167769 -0.098013
1769099807.051623 13.869537 -3.168606 -0.116362
1769099807.101611 13.869622 -3.168523 -0.134472
1769099807.151615 13.887955 -3.171034 -0.148732
1769099807.201616 13.887993 -3.170995 -0.162694
1769099807.251616 13.905491 -3.173945 -0.184034
1769099807.301617 13.912647 -3.175379 -0.208673
1769099807.351620 13.912716 -3.175301 -0.232902
1769099807.401630 13.930254 -3.179526 -0.252002
1769099807.451616 13.936950 -3.181320 -0.271974
1769099807.501606 13.943822 -3.183315 -0.296727
1769099807.551621 13.943917 -3.183198 -0.321120
1769099807.601622 13.960576 -3.188753 -0.345140
1769099807.651628 13.960666 -3.188639 -0.368640
1769099807.701622 13.976341 -3.194737 -0.395091
1769099807.751635 13.982676 -3.197393 -0.421295
1769099807.801620 13.988621 -3.200144 -0.451118
1769099807.851610 13.997234 -3.204246 -0.475515
1769099807.901660 14.002752 -3.207097 -0.506505
1769099807.951668 14.002888 -3.206914 -0.536852
1769099808.001627 14.016748 -3.215153 -0.572315
1769099808.051625 14.022031 -3.218536 -0.605959
1769099808.101638 14.026983 -3.222033 -0.644936
1769099808.151631 14.033642 -3.226991 -0.685726
1769099808.201628 14.033810 -3.226764 -0.725224
1769099808.251616 14.044194 -3.236001 -0.770791
1769099808.301640 14.048261 -3.239934 -0.816704
1769099808.351697 14.048452 -3.239682 -0.861293
1769099808.401623 14.056820 -3.249488 -0.912738
1769099808.451635 14.059964 -3.253529 -0.962943
1769099808.501640 14.060171 -3.253268 -1.011464
1769099808.551631 14.066524 -3.263529 -1.064513
1769099808.601689 14.068895 -3.267768 -1.119728
1769099808.651642 14.071042 -3.272274 -1.177314
1769099808.701706 14.073635 -3.278581 -1.232908
1769099808.751644 14.075251 -3.283064 -1.286794
1769099808.801632 14.076552 -3.287608 -1.343605
1769099808.851630 14.078103 -3.294406 -1.401627
1769099808.901667 14.078936 -3.298891 -1.458736
1769099808.951643 14.079192 -3.298651 -1.513174
1769099809.001653 14.079791 -3.309805 -1.570745
1769099809.051646 14.079862 -3.314242 -1.630127
1769099809.101650 14.080113 -3.314043 -1.686662
1769099809.151649 14.078848 -3.324581 -1.745821
1769099809.201648 14.078141 -3.328943 -1.804844
1769099809.251701 14.078385 -3.328785 -1.860935
1769099809.301639 14.075225 -3.339198 -1.924405
1769099809.351646 14.073683 -3.343512 -1.985239
1769099809.401657 14.073926 -3.343393 -2.042833
1769099809.451659 14.069036 -3.352846 -2.105840
1769099809.501650 14.067011 -3.356426 -2.169914
1769099809.551668 14.064719 -3.359853 -2.233844
1769099809.601670 14.060912 -3.364673 -2.293359
1769099809.651696 14.061111 -3.364627 -2.349537
1769099809.701666 14.053792 -3.371953 -2.409409
1769099809.751721 14.050567 -3.374919 -2.467828
1769099809.801670 14.047057 -3.377732 -2.521535
1769099809.851673 14.043162 -3.380467 -2.574292
1769099809.901694 14.037165 -3.384241 -2.624586
1769099809.951682 14.037299 -3.384255 -2.672116
1769099810.001662 14.025840 -3.390006 -2.719814
1769099810.051667 14.020961 -3.392165 -2.761671
1769099810.101698 14.021055 -3.392194 -2.801400
1769099810.151674 14.008314 -3.396627 -2.845873
1769099810.201662 14.003298 -3.398236 -2.891891
1769099810.251669 13.997879 -3.399610 -2.935891
1769099810.301671 13.989728 -3.401245 -2.974597
1769099810.351671 13.984060 -3.402193 -3.014609
1769099810.401675 13.984134 -3.402248 -3.052772
1769099810.451673 13.969551 -3.403482 -3.094825
1769099810.501674 13.969614 -3.403543 -3.134951
1769099810.551658 13.955180 -3.403570 3.110081
1769099810.601665 13.949494 -3.403268 3.079280
1769099810.651726 13.949523 -3.403304 3.049827
1769099810.701684 13.944678 -3.402688 3.035461
1769099810.751672 13.940329 -3.402197 3.033582
1769099810.801652 13.939864 -3.402098 3.033284
1769099810.851677 13.939711 -3.402044 3.033492
1769099810.901678 13.939623 -3.402018 3.033628
1769099810.951669 13.939606 -3.401993 3.033410
1769099811.001679 13.939568 -3.401972 3.033212
1769099811.051686 13.939553 -3.401950 3.033026
1769099811.101676 13.939539 -3.401930 3.032853
1769099811.151671 13.939525 -3.401910 3.032690
1769099811.201725 13.939512 -3.401891 3.032539
1769099811.251688 13.939500 -3.401873 3.032398
1769099811.301680 13.939488 -3.401856 3.032268
1769099811.351681 13.939476 -3.401839 3.032146
1769099811.401693 13.939465 -3.401823 3.032031
1769099811.451684 13.939455 -3.401808 3.031924
1769099811.501679 13.939445 -3.401793 3.031822
1769099811.551684 13.939435 -3.401779 3.031727
1769099811.601672 13.939425 -3.401765 3.031638
1769099811.651674 13.939416 -3.401752 3.031554
1769099811.701715 13.939407 -3.401739 3.031475
1769099811.751736 13.939399 -3.401727 3.031400
1769099811.801730 13.939390 -3.401714 3.031329
1769099811.851737 13.939382 -3.401702 3.031262
1769099811.901696 13.939374 -3.401691 3.031200
1769099811.951689 13.939366 -3.401680 3.031141
1769099812.001711 13.939359 -3.401669 3.031085
1769099812.051723 13.939351 -3.401658 3.031032
1769099812.101717 13.939344 -3.401648 3.030983
1769099812.151703 13.939337 -3.401638 3.030936
1769099812.201712 13.939330 -3.401628 3.030891
1769099812.251700 13.939324 -3.401618 3.030850
1769099812.301708 13.939317 -3.401609 3.030810
1769099812.351744 13.939311 -3.401599 3.030772
1769099812.401689 13.939304 -3.401590 3.030737
1769099812.451687 13.939298 -3.401581 3.030704
1769099812.501699 13.939292 -3.401572 3.030673
1769099812.551706 13.939286 -3.401564 3.030642
1769099812.601705 13.939280 -3.401555 3.030614
1769099812.651711 13.939274 -3.401547 3.030588
1769099812.701709 13.939230 -3.401517 3.032178
1769099812.751717 13.939206 -3.401483 3.033738
1769099812.801696 13.938912 -3.401461 3.036077
1769099812.851714 13.938802 -3.401437 3.038913
1769099812.901702 13.938766 -3.401386 3.041659
1769099812.951705 13.938547 -3.401375 3.046065
1769099813.001768 13.938460 -3.401351 3.050648
1769099813.051765 13.938405 -3.401273 3.055082
1769099813.101719 13.938253 -3.401325 3.059361
1769099813.151758 13.938214 -3.401303 3.063562
1769099813.201769 13.938152 -3.401283 3.067832
1769099813.251706 13.938202 -3.401285 3.072902
1769099813.301709 13.938239 -3.401270 3.077839
1769099813.351719 13.938251 -3.401252 3.082743
1769099813.401706 13.938263 -3.401268 3.087111
1769099813.451732 13.938212 -3.401197 3.091295
1769099813.501705 13.938231 -3.401257 3.095789
1769099813.551728 13.938236 -3.401229 3.100613
1769099813.601733 13.938180 -3.401150 3.105297
1769099813.651788 13.938378 -3.401221 3.110338
1769099813.701737 13.938322 -3.401142 3.115074
1769099813.751735 13.938326 -3.401112 3.120449
1769099813.801752 13.938282 -3.401190 3.125046
1769099813.851767 13.938232 -3.401119 3.129334
1769099813.901760 13.938323 -3.401176 3.134427
1769099813.951759 13.938366 -3.401165 3.138442
1769099814.001739 13.938394 -3.401133 -3.139010
1769099814.051772 13.938378 -3.401146 -3.133402
1769099814.101729 13.938340 -3.401129 -3.128030
1769099814.151726 13.938291 -3.401131 -3.123664
1769099814.201729 13.938343 -3.401132 -3.118718
1769099814.251735 13.938290 -3.401057 -3.113967
1769099814.301732 13.938334 -3.401047 -3.109822
1769099814.351718 13.938493 -3.401088 -3.104316
1769099814.401739 13.938436 -3.401007 -3.099112
1769099814.451740 13.938385 -3.401081 -3.093860
1769099814.501738 13.938350 -3.401068 -3.088685
1769099814.551810 13.938294 -3.400991 -3.083683
1769099814.601738 13.938391 -3.401051 -3.079360
1769099814.651749 13.938434 -3.401038 -3.075510
1769099814.701768 13.938440 -3.401009 -3.070462
1769099814.751742 13.938396 -3.401022 -3.064980
1769099814.801737 13.938290 -3.401023 -3.059937
1769099814.851763 13.938239 -3.400950 -3.055082
1769099814.901744 13.938304 -3.401004 -3.050608
1769099814.951740 13.938321 -3.400990 -3.046865
1769099815.001743 13.938281 -3.400933 -3.043257
1769099815.051738 13.938407 -3.400959 -3.038190
1769099815.101748 13.938392 -3.400937 -3.032655
1769099815.151758 13.938336 -3.400859 -3.027303
1769099815.201746 13.938242 -3.400954 -3.022606
1769099815.251749 13.938280 -3.400932 -3.018127
1769099815.301749 13.938234 -3.400867 -3.013806
1769099815.351796 13.938373 -3.400908 -3.009584
1769099815.401763 13.938330 -3.400847 -3.005687
1769099815.451755 13.938316 -3.400904 -2.999812
1769099815.501763 13.938231 -3.400900 -2.994532
1769099815.551802 13.938182 -3.400909 -2.990098
1769099815.601802 13.938226 -3.400893 -2.985540
1769099815.651763 13.938284 -3.400897 -2.981463
1769099815.701758 13.938244 -3.400840 -2.977597
1769099815.751826 13.938299 -3.400878 -2.971928
1769099815.801802 13.938221 -3.400887 -2.966720
1769099815.851848 13.938172 -3.400817 -2.961725
1769099815.901772 13.938197 -3.400891 -2.957211
1769099815.951750 13.938236 -3.400867 -2.952671
1769099816.001757 13.938192 -3.400805 -2.948296
1769099816.051750 13.938329 -3.400839 -2.943344
1769099816.101753 13.938287 -3.400819 -2.937772
1769099816.151771 13.938234 -3.400745 -2.932387
1769099816.201768 13.938113 -3.400855 -2.927691
1769099816.251763 13.938134 -3.400843 -2.923485
1769099816.301782 13.938095 -3.400789 -2.919454
1769099816.351770 13.938160 -3.400839 -2.915178
1769099816.401772 13.938121 -3.400784 -2.911267
1769099816.451818 13.938105 -3.400842 -2.905777
1769099816.501780 13.938057 -3.400856 -2.901396
1769099816.551783 13.938017 -3.400800 -2.897224
1769099816.601773 13.938029 -3.400857 -2.893105
1769099816.651773 13.938045 -3.400838 -2.889033
1769099816.701776 13.938007 -3.400785 -2.885120
1769099816.751780 13.938132 -3.400798 -2.879656
1769099816.801775 13.938097 -3.400789 -2.874109
1769099816.851796 13.938069 -3.400790 -2.869318
1769099816.901786 13.938032 -3.400820 -2.864936
1769099816.951767 13.938049 -3.400803 -2.860320
1769099817.001785 13.938008 -3.400746 -2.855892
1769099817.051764 13.938141 -3.400766 -2.851505
1769099817.101773 13.938124 -3.400743 -2.845978
1769099817.151768 13.938093 -3.400741 -2.840885
1769099817.201782 13.938007 -3.400785 -2.835817
1769099817.251788 13.937963 -3.400724 -2.831053
1769099817.301767 13.937998 -3.400773 -2.826181
1769099817.351799 13.938018 -3.400759 -2.822097
1769099817.401788 13.937981 -3.400707 -2.818207
1769099817.451795 13.938019 -3.400759 -2.812933
1769099817.501834 13.937959 -3.400759 -2.807493
1769099817.551794 13.937913 -3.400695 -2.802280
1769099817.601840 13.937861 -3.400789 -2.797980
1769099817.651840 13.937826 -3.400740 -2.794133
1769099817.701804 13.937905 -3.400765 -2.789322
1769099817.751806 13.937913 -3.400735 -2.784341
1769099817.801813 13.937870 -3.400675 -2.779541
1769099817.851821 13.937850 -3.400772 -2.774661
1769099817.901784 13.937824 -3.400778 -2.770721
1769099817.951873 13.937790 -3.400732 -2.766968
1769099818.001783 13.937797 -3.400783 -2.762470
1769099818.051813 13.937761 -3.400733 -2.758366
1769099818.101802 13.937801 -3.400788 -2.753526
1769099818.151860 13.937792 -3.400776 -2.748282
1769099818.201805 13.937750 -3.400717 -2.743275
1769099818.251792 13.937692 -3.400805 -2.739215
1769099818.301803 13.937711 -3.400788 -2.735603
1769099818.351814 13.937681 -3.400746 -2.732166
1769099818.401802 13.937728 -3.400770 -2.726937
1769099818.451811 13.937689 -3.400715 -2.722128
1769099818.501809 13.937701 -3.400690 -2.716659
1769099818.551799 13.937672 -3.400776 -2.711864
1769099818.601810 13.937636 -3.400727 -2.707569
1769099818.651833 13.937599 -3.400803 -2.702976
1769099818.701866 13.937586 -3.400783 -2.698363
1769099818.751813 13.937549 -3.400732 -2.693932
1769099818.801810 13.937584 -3.400781 -2.688249
1769099818.851813 13.937543 -3.400724 -2.683095
1769099818.901794 13.937561 -3.400791 -2.678490
1769099818.951805 13.937561 -3.400791 -2.674475
1769099819.001814 13.937532 -3.400794 -2.670606
1769099819.051817 13.937502 -3.400752 -2.666921
1769099819.101810 13.937482 -3.400809 -2.660872
1769099819.151821 13.937476 -3.400801 -2.655352
1769099819.201816 13.937520 -3.400776 -2.650482
1769099819.251819 13.937509 -3.400804 -2.645951
1769099819.301820 13.937441 -3.400838 -2.641994
1769099819.351822 13.937412 -3.400798 -2.638250
1769099819.401821 13.937371 -3.400870 -2.633402
1769099819.451812 13.937335 -3.400863 -2.627569
1769099819.501830 13.937294 -3.400805 -2.621966
1769099819.551827 13.937379 -3.400838 -2.616308
1769099819.601825 13.937382 -3.400841 -2.612695
1769099819.651828 13.937356 -3.400806 -2.609310
1769099819.701856 13.937364 -3.400859 -2.605168
1769099819.751837 13.937332 -3.400859 -2.600585
1769099819.801844 13.937300 -3.400814 -2.596196
1769099819.851838 13.937378 -3.400834 -2.590629
1769099819.901849 13.937400 -3.400822 -2.586328
1769099819.951852 13.937371 -3.400782 -2.582281
1769099820.001852 13.937399 -3.400821 -2.578298
1769099820.051854 13.937396 -3.400816 -2.574884
1769099820.101830 13.937372 -3.400784 -2.571646
1769099820.151837 13.937355 -3.400845 -2.565764
1769099820.201839 13.937319 -3.400796 -2.560396
1769099820.251841 13.937312 -3.400787 -2.554951
1769099820.301829 13.937437 -3.400786 -2.550483
1769099820.351835 13.937433 -3.400780 -2.546220
1769099820.401823 13.937379 -3.400793 -2.541324
1769099820.451841 13.937361 -3.400811 -2.535995
1769099820.501826 13.937305 -3.400820 -2.529488
1769099820.551828 13.937263 -3.400762 -2.523243
1769099820.601844 13.937348 -3.400792 -2.518371
1769099820.651857 13.937319 -3.400752 -2.514133
1769099820.701842 13.937335 -3.400732 -2.510114
1769099820.751844 13.937315 -3.400789 -2.505171
1769099820.801851 13.937279 -3.400784 -2.498944
1769099820.851890 13.937240 -3.400729 -2.492963
1769099820.901845 13.937302 -3.400772 -2.487399
1769099820.951851 13.937342 -3.400739 -2.483282
1769099821.001797 13.937320 -3.400753 -2.479225
1769099821.051860 13.937344 -3.400743 -2.475055
1769099821.101847 13.937308 -3.400736 -2.469223
1769099821.151850 13.937271 -3.400685 -2.463607
1769099821.201851 13.937327 -3.400719 -2.457708
1769099821.251846 13.937327 -3.400719 -2.453106
1769099821.301852 13.937346 -3.400702 -2.449243
1769099821.351862 13.937351 -3.400709 -2.445543
1769099821.401864 13.937344 -3.400698 -2.441386
1769099821.451862 13.937333 -3.400684 -2.436028
1769099821.501864 13.937337 -3.400689 -2.430806
1769099821.551862 13.937334 -3.400685 -2.426339
1769099821.601872 13.937350 -3.400663 -2.421923
1769099821.651855 13.937397 -3.400642 -2.417760
1769099821.701860 13.937373 -3.400609 -2.413940
1769099821.751905 13.937372 -3.400651 -2.409256
1769099821.801886 13.937343 -3.400654 -2.403693
1769099821.851877 13.937339 -3.400649 -2.398218
1769099821.901890 13.937344 -3.400655 -2.392603
1769099821.951862 13.937313 -3.400613 -2.387383
1769099822.001862 13.937397 -3.400600 -2.382482
1769099822.051879 13.937411 -3.400576 -2.378567
1769099822.101892 13.937388 -3.400544 -2.374858
1769099822.151884 13.937402 -3.400564 -2.368718
1769099822.201874 13.937370 -3.400519 -2.363101
1769099822.251888 13.937366 -3.400599 -2.357455
1769099822.301857 13.937381 -3.400576 -2.352515
1769099822.351879 13.937354 -3.400539 -2.347850
1769099822.401853 13.937429 -3.400515 -2.343065
1769099822.451867 13.937452 -3.400462 -2.337963
1769099822.501867 13.937423 -3.400422 -2.333066
1769099822.551875 13.937449 -3.400458 -2.327109
1769099822.601881 13.937419 -3.400417 -2.321805
1769099822.651875 13.937449 -3.400457 -2.317240
1769099822.701879 13.937464 -3.400436 -2.313297
1769099822.751929 13.937443 -3.400406 -2.309591
1769099822.801875 13.937529 -3.400356 -2.304465
1769099822.851854 13.937518 -3.400340 -2.298139
1769099822.901882 13.937485 -3.400295 -2.292086
1769099822.951961 13.937449 -3.400413 -2.287383
1769099823.001883 13.937479 -3.400372 -2.283669
1769099823.051878 13.937460 -3.400344 -2.280174
1769099823.101941 13.937528 -3.400312 -2.276354
1769099823.151941 13.937550 -3.400259 -2.271458
1769099823.201889 13.937525 -3.400224 -2.266771
1769099823.251869 13.937498 -3.400312 -2.260624
1769099823.301875 13.937484 -3.400335 -2.256363
1769099823.351892 13.937463 -3.400306 -2.252411
1769099823.401895 13.937491 -3.400261 -2.248409
1769099823.451936 13.937535 -3.400239 -2.242474
1769099823.501888 13.937508 -3.400201 -2.237083
1769099823.551888 13.937560 -3.400190 -2.227308
1769099823.601892 13.937509 -3.400243 -2.218518
1769099823.651895 13.937469 -3.400188 -2.210210
1769099823.701903 13.937461 -3.400177 -2.201106
1769099823.751895 13.937489 -3.400256 -2.190565
1769099823.801885 13.937514 -3.400208 -2.181022
1769099823.851910 13.937504 -3.400195 -2.170529
1769099823.901927 13.937527 -3.400186 -2.160108
1769099823.951904 13.937507 -3.400200 -2.150055
1769099824.001959 13.937518 -3.400174 -2.140320
1769099824.051987 13.937536 -3.400159 -2.129584
1769099824.101889 13.937497 -3.400224 -2.120421
1769099824.151913 13.937457 -3.400170 -2.111826
1769099824.201889 13.937491 -3.400216 -2.101240
1769099824.251951 13.937448 -3.400157 -2.091739
1769099824.301915 13.937444 -3.400152 -2.083030
1769099824.351904 13.937516 -3.400133 -2.072733
1769099824.401910 13.937475 -3.400077 -2.063546
1769099824.451906 13.937529 -3.400112 -2.053079
1769099824.501902 13.937510 -3.400124 -2.042957
1769099824.551910 13.937468 -3.400067 -2.033367
1769099824.601916 13.937459 -3.400055 -2.023294
1769099824.651899 13.937501 -3.400112 -2.012986
1769099824.701913 13.937493 -3.400101 -2.002713
1769099824.751920 13.937452 -3.400044 -1.992994
1769099824.801961 13.937485 -3.400126 -1.983173
1769099824.851916 13.937487 -3.400091 -1.973568
1769099824.901915 13.937448 -3.400038 -1.964454
1769099824.951895 13.937467 -3.400137 -1.954876
1769099825.001915 13.937450 -3.400150 -1.945563
1769099825.051916 13.937413 -3.400100 -1.936747
1769099825.101911 13.937441 -3.400174 -1.926650
1769099825.151899 13.937424 -3.400187 -1.917190
1769099825.201928 13.937387 -3.400136 -1.908219
1769099825.251923 13.937433 -3.400163 -1.897734
1769099825.301924 13.937426 -3.400153 -1.888049
1769099825.351927 13.937389 -3.400103 -1.878877
1769099825.401925 13.937430 -3.400124 -1.867970
1769099825.451929 13.937428 -3.400122 -1.858571
1769099825.501925 13.937393 -3.400074 -1.849745
1769099825.551934 13.937420 -3.400144 -1.839626
1769099825.601924 13.937401 -3.400185 -1.829758
1769099825.651937 13.937365 -3.400136 -1.820429
1769099825.701942 13.937390 -3.400203 -1.810126
1769099825.751934 13.937393 -3.400175 -1.801394
1769099825.801937 13.937362 -3.400132 -1.793174
1769099825.851913 13.937373 -3.400244 -1.783301
1769099825.901930 13.937372 -3.400210 -1.773511
1769099825.951935 13.937337 -3.400163 -1.764248
1769099826.001937 13.937369 -3.400206 -1.754301
1769099826.051980 13.937337 -3.400162 -1.745471
1769099826.101933 13.937325 -3.400146 -1.735015
1769099826.151951 13.937363 -3.400197 -1.725662
1769099826.201941 13.937333 -3.400157 -1.717489
1769099826.251939 13.937321 -3.400140 -1.707093
1769099826.301913 13.937365 -3.400140 -1.697045
1769099826.351945 13.937334 -3.400098 -1.688195
1769099826.401936 13.937326 -3.400087 -1.678622
1769099826.451939 13.937366 -3.400112 -1.668933
1769099826.501949 13.937337 -3.400073 -1.660426
1769099826.551940 13.937329 -3.400090 -1.651664
1769099826.601928 13.937362 -3.400107 -1.642595
1769099826.651946 13.937335 -3.400071 -1.634571
1769099826.701940 13.937363 -3.400108 -1.625237
1769099826.751943 13.937357 -3.400099 -1.615116
1769099826.801955 13.937325 -3.400056 -1.605499
1769099826.851930 13.937360 -3.400078 -1.595888
1769099826.901946 13.937356 -3.400020 -1.586127
1769099826.951960 13.937326 -3.399979 -1.576865
1769099827.001935 13.937358 -3.400047 -1.566599
1769099827.051947 13.937355 -3.400019 -1.557627
1769099827.101956 13.937328 -3.399982 -1.549158
1769099827.152003 13.937358 -3.399998 -1.538999
1769099827.201954 13.937360 -3.400024 -1.530983
1769099827.251959 13.937337 -3.399993 -1.523447
1769099827.302005 13.937368 -3.400035 -1.515864
1769099827.351938 13.937372 -3.400063 -1.510627
1769099827.401968 13.937357 -3.400044 -1.505717
1769099827.451939 13.937377 -3.400070 -1.501489
1769099827.501944 13.937366 -3.400056 -1.497831
1769099827.551973 13.937357 -3.399999 -1.493121
1769099827.601985 13.937380 -3.400120 -1.487795
1769099827.651946 13.937383 -3.400146 -1.483364
1769099827.701954 13.937372 -3.400131 -1.479196
1769099827.751975 13.937385 -3.400126 -1.475029
1769099827.801993 13.937386 -3.400150 -1.470911
1769099827.851995 13.937375 -3.400135 -1.466997
1769099827.901977 13.937385 -3.400257 -1.461359
1769099827.952009 13.937488 -3.401059 -1.455983
1769099828.001974 13.937523 -3.401383 -1.449912
1769099828.051971 13.937598 -3.401967 -1.444083
1769099828.101950 13.937583 -3.401947 -1.438648
1769099828.151998 13.937713 -3.402843 -1.432598
1769099828.201981 13.937768 -3.403243 -1.427088
1769099828.251973 13.937753 -3.403224 -1.421866
1769099828.301997 13.937813 -3.403625 -1.416999
1769099828.351969 13.937973 -3.404569 -1.410978
1769099828.401975 13.937957 -3.404550 -1.405547
1769099828.451962 13.938147 -3.405618 -1.398467
1769099828.501954 13.938135 -3.405602 -1.393438
1769099828.551986 13.938238 -3.406176 -1.388185
1769099828.601957 13.938360 -3.406846 -1.382877
1769099828.651986 13.938739 -3.408777 -1.376932
1769099828.701984 13.938723 -3.408759 -1.371551
1769099828.751989 13.939155 -3.410836 -1.365274
1769099828.802029 13.939342 -3.411729 -1.360470
1769099828.851979 13.939328 -3.411714 -1.355952
1769099828.901963 13.939798 -3.413808 -1.350627
1769099828.951960 13.940044 -3.414917 -1.344774
1769099829.001989 13.940026 -3.414899 -1.339190
1769099829.051988 13.940925 -3.418658 -1.333318
1769099829.101991 13.941399 -3.420625 -1.327613
1769099829.152030 13.941380 -3.420608 -1.322189
1769099829.201989 13.942901 -3.426536 -1.317566
1769099829.251988 13.942885 -3.426524 -1.313455
1769099829.301989 13.944963 -3.434348 -1.309560
1769099829.351994 13.945873 -3.437707 -1.310129
1769099829.401996 13.945878 -3.437710 -1.310820
1769099829.451998 13.948225 -3.446476 -1.312215
1769099829.501987 13.949297 -3.450514 -1.313127
1769099829.552019 13.949305 -3.450518 -1.313989
1769099829.602035 13.951988 -3.460683 -1.316233
1769099829.652027 13.952006 -3.460689 -1.318438
1769099829.702023 13.953057 -3.464757 -1.318887
1769099829.752008 13.954767 -3.471354 -1.320254
1769099829.802005 13.955930 -3.475868 -1.320702
1769099829.851984 13.958807 -3.487100 -1.322233
1769099829.902005 13.960033 -3.491954 -1.320578
1769099829.952027 13.960029 -3.491951 -1.318911
1769099830.002090 13.963184 -3.504230 -1.317780
1769099830.052011 13.964490 -3.509277 -1.317731
1769099830.102011 13.964494 -3.509277 -1.317653
1769099830.152008 13.967763 -3.521920 -1.316873
1769099830.202008 13.967760 -3.521919 -1.316100
1769099830.252010 13.971181 -3.535071 -1.314272
1769099830.302004 13.972644 -3.540606 -1.313780
1769099830.352007 13.974143 -3.546285 -1.312421
1769099830.401983 13.974133 -3.546284 -1.311161
1769099830.451993 13.977999 -3.560672 -1.312836
1769099830.501996 13.979594 -3.566693 -1.313445
1769099830.551995 13.981221 -3.572718 -1.317586
1769099830.602019 13.983618 -3.582124 -1.316454
1769099830.652056 13.983606 -3.582123 -1.315191
1769099830.702015 13.985142 -3.587976 -1.317507
1769099830.751995 13.989222 -3.603926 -1.315989
1769099830.802021 13.989198 -3.603926 -1.314356
1769099830.852014 13.993289 -3.619717 -1.309907
1769099830.902001 13.994946 -3.625782 -1.311506
1769099830.952078 13.996557 -3.631899 -1.310660
1769099831.002015 13.998189 -3.637940 -1.314449
1769099831.052027 14.000585 -3.647146 -1.316711
1769099831.102017 14.002241 -3.653393 -1.322278
1769099831.152037 14.002317 -3.653391 -1.327668
1769099831.202093 14.006087 -3.669017 -1.329846
1769099831.252021 14.007627 -3.675235 -1.334591
1769099831.302011 14.007699 -3.675231 -1.339112
1769099831.352026 14.011399 -3.691146 -1.346667
1769099831.402037 14.011518 -3.691139 -1.353578
1769099831.452033 14.012983 -3.697435 -1.362627
1769099831.502018 14.016197 -3.713214 -1.367354
1769099831.552014 14.017497 -3.719233 -1.374457
1769099831.602032 14.017633 -3.719223 -1.381281
1769099831.652019 14.020619 -3.734831 -1.385306
1769099831.702056 14.020715 -3.734822 -1.388982
1769099831.752031 14.021901 -3.740737 -1.393608
1769099831.802070 14.024746 -3.756301 -1.400299
1769099831.852032 14.024906 -3.756286 -1.406643
1769099831.902032 14.027527 -3.772088 -1.416956
1769099831.952032 14.028560 -3.778610 -1.420937
1769099832.002055 14.028680 -3.778597 -1.424609
1769099832.052025 14.030890 -3.794630 -1.427397
1769099832.102065 14.031878 -3.801188 -1.430477
1769099832.152085 14.031975 -3.801177 -1.433384
1769099832.202048 14.032870 -3.807439 -1.436230
1769099832.252023 14.034927 -3.823396 -1.436103
1769099832.302041 14.035877 -3.829732 -1.441230
1769099832.352041 14.036018 -3.829718 -1.446207
1769099832.402047 14.037982 -3.845259 -1.449729
1769099832.452047 14.038839 -3.851708 -1.451560
1769099832.502027 14.038932 -3.851697 -1.453329
1769099832.552056 14.040989 -3.867641 -1.457501
1769099832.602026 14.041714 -3.873999 -1.455213
1769099832.652050 14.041723 -3.873995 -1.452902
1769099832.702058 14.043729 -3.890426 -1.456103
1769099832.752048 14.043843 -3.890414 -1.459159
1769099832.802047 14.044521 -3.896905 -1.456894
1769099832.852051 14.046230 -3.912449 -1.454782
1769099832.902050 14.046197 -3.912451 -1.452576
1769099832.952062 14.046921 -3.918736 -1.451036
1769099833.002084 14.048869 -3.934411 -1.449234
1769099833.052049 14.048843 -3.934413 -1.447650
1769099833.102054 14.050849 -3.949905 -1.447168
1769099833.152101 14.051726 -3.956303 -1.450378
1769099833.202067 14.051814 -3.956295 -1.453566
1769099833.252040 14.052568 -3.962653 -1.453497
1769099833.302032 14.054367 -3.978622 -1.453362
1769099833.352072 14.054352 -3.978624 -1.453072
1769099833.402056 14.055049 -3.985039 -1.452250
1769099833.452040 14.056886 -4.001183 -1.450519
1769099833.502058 14.056806 -4.001192 -1.448775
1769099833.552060 14.057595 -4.007752 -1.450236
1769099833.602057 14.059511 -4.023406 -1.452789
1769099833.652070 14.059548 -4.023404 -1.455305
1769099833.702087 14.061379 -4.039067 -1.455639
1769099833.752048 14.062095 -4.045075 -1.456278
1769099833.802072 14.062113 -4.045073 -1.456927
1769099833.852067 14.064036 -4.060526 -1.459988
1769099833.902069 14.064714 -4.066943 -1.458195
1769099833.952151 14.064664 -4.066948 -1.456430
1769099834.002083 14.066482 -4.082816 -1.458285
1769099834.052080 14.066507 -4.082815 -1.460082
1769099834.102075 14.067097 -4.089013 -1.459319
1769099834.152080 14.068700 -4.105155 -1.458713
1769099834.202077 14.068611 -4.105166 -1.457871
1769099834.252081 14.070272 -4.121075 -1.455376
1769099834.302075 14.070119 -4.121092 -1.452904
1769099834.352082 14.070758 -4.127033 -1.452958
1769099834.402073 14.071503 -4.133422 -1.453967
1769099834.452075 14.073476 -4.149380 -1.456824
1769099834.502063 14.073501 -4.149380 -1.459841
1769099834.552125 14.075241 -4.164827 -1.462178
1769099834.602071 14.075822 -4.171306 -1.460547
1769099834.652129 14.075711 -4.171318 -1.458884
1769099834.702086 14.077428 -4.187273 -1.459863
1769099834.752065 14.078120 -4.193794 -1.460437
1769099834.802089 14.078069 -4.193801 -1.461049
1769099834.852084 14.079692 -4.210070 -1.459229
1769099834.902134 14.079559 -4.210085 -1.457337
1769099834.952096 14.080227 -4.216532 -1.459355
1769099835.002090 14.081858 -4.232190 -1.459831
1769099835.052078 14.082504 -4.238182 -1.460968
1769099835.102131 14.082475 -4.238186 -1.462125
1769099835.152156 14.084303 -4.253626 -1.464013
1769099835.202129 14.084323 -4.253626 -1.466139
1769099835.252094 14.086052 -4.269634 -1.468691
1769099835.302094 14.086671 -4.275779 -1.470080
1769099835.352139 14.086683 -4.275779 -1.471429
1769099835.402107 14.087258 -4.282234 -1.471221
1769099835.452076 14.088633 -4.298425 -1.470108
1769099835.502096 14.088507 -4.298439 -1.468773
1769099835.552084 14.089951 -4.314270 -1.468109
1769099835.602143 14.089819 -4.314285 -1.467363
1769099835.652082 14.090455 -4.320686 -1.470460
1769099835.702085 14.091978 -4.336359 -1.470043
1769099835.752132 14.092555 -4.342764 -1.471045
1769099835.802134 14.092491 -4.342773 -1.472037
1769099835.852122 14.092971 -4.348653 -1.470383
1769099835.902141 14.093919 -4.357822 -1.473653
1769099835.952156 14.094526 -4.364124 -1.476454
1769099836.002162 14.095945 -4.379780 -1.476481
1769099836.052112 14.095861 -4.379790 -1.476550
1769099836.102165 14.097403 -4.395716 -1.480865
1769099836.152081 14.097851 -4.402260 -1.480602
1769099836.202088 14.097732 -4.402274 -1.480297
1769099836.252106 14.098206 -4.408537 -1.482498
1769099836.302109 14.099442 -4.424641 -1.484338
1769099836.352114 14.099376 -4.424650 -1.485960
1769099836.402112 14.100507 -4.440128 -1.482148
1769099836.452107 14.100264 -4.440152 -1.478443
1769099836.502105 14.101553 -4.455795 -1.473622
1769099836.552114 14.101257 -4.455824 -1.469045
1769099836.602115 14.101833 -4.461877 -1.472569
1769099836.652127 14.102419 -4.468259 -1.475885
1769099836.702120 14.103829 -4.484298 -1.480348
1769099836.752122 14.103819 -4.484304 -1.484628
1769099836.802115 14.105175 -4.500552 -1.489716
1769099836.852113 14.105419 -4.506707 -1.486975
1769099836.902109 14.105174 -4.506731 -1.484216
1769099836.952102 14.106377 -4.522713 -1.485647
1769099837.002114 14.106839 -4.529207 -1.489097
1769099837.052118 14.106778 -4.529218 -1.492501
1769099837.102122 14.107210 -4.535587 -1.495710
1769099837.152107 14.108385 -4.551367 -1.498289
1769099837.202127 14.108349 -4.551374 -1.500919
1769099837.252122 14.109435 -4.566754 -1.501606
1769099837.302106 14.109845 -4.573199 -1.501578
1769099837.352129 14.109752 -4.573209 -1.501651
1769099837.402101 14.110909 -4.589345 -1.505260
1769099837.452109 14.111199 -4.595875 -1.505397
1769099837.502128 14.111080 -4.595888 -1.505504
1769099837.552145 14.111900 -4.612150 -1.507779
1769099837.602179 14.111813 -4.612161 -1.509791
1769099837.652190 14.111932 -4.618324 -1.507775
1769099837.702149 14.112620 -4.634012 -1.505087
1769099837.752175 14.112337 -4.634039 -1.502362
1769099837.802177 14.113229 -4.649765 -1.498822
1769099837.852165 14.113483 -4.655843 -1.499436
1769099837.902232 14.113304 -4.655862 -1.500044
1769099837.952177 14.113719 -4.662234 -1.503014
1769099838.002141 14.114684 -4.678156 -1.506283
1769099838.052129 14.114624 -4.678166 -1.509467
1769099838.102149 14.114746 -4.684556 -1.506884
1769099838.152132 14.115338 -4.693959 -1.511247
1769099838.202155 14.115589 -4.700340 -1.512845
1769099838.252145 14.116377 -4.716527 -1.515429
1769099838.302204 14.116633 -4.723086 -1.519169
1769099838.352153 14.116591 -4.723094 -1.522796
1769099838.402147 14.116831 -4.729550 -1.527015
1769099838.452127 14.117457 -4.745590 -1.529330
1769099838.502150 14.117414 -4.745597 -1.531597
1769099838.552150 14.117527 -4.751855 -1.530670
1769099838.602151 14.117884 -4.761041 -1.530592
1769099838.652149 14.118235 -4.767361 -1.534168
1769099838.702155 14.118525 -4.776675 -1.532888
1769099838.752151 14.118837 -4.783124 -1.536249
1769099838.802154 14.118987 -4.789227 -1.536898
1769099838.852136 14.119323 -4.805052 -1.537611
1769099838.902155 14.119220 -4.805062 -1.538160
1769099838.952159 14.119602 -4.821265 -1.542452
1769099839.002154 14.119666 -4.827373 -1.543264
1769099839.052165 14.119556 -4.827384 -1.544084
1769099839.102161 14.119763 -4.843392 -1.542954
1769099839.152165 14.119570 -4.843407 -1.541776
1769099839.202157 14.119864 -4.859437 -1.547790
1769099839.252162 14.119889 -4.865396 -1.553435
1769099839.302145 14.119909 -4.865401 -1.558871
1769099839.352148 14.119729 -4.881369 -1.561657
1769099839.402152 14.119630 -4.881380 -1.563987
1769099839.452224 14.119591 -4.887413 -1.569546
1769099839.502217 14.119382 -4.903477 -1.577148
1769099839.552225 14.119456 -4.903479 -1.584254
1769099839.602243 14.119305 -4.909940 -1.591133
1769099839.652242 14.118890 -4.919696 -1.595395
1769099839.702247 14.118665 -4.925775 -1.603043
1769099839.752176 14.118368 -4.932385 -1.609682
1769099839.802237 14.117816 -4.941805 -1.613262
1769099839.852179 14.117553 -4.948080 -1.620657
1769099839.902183 14.116534 -4.963514 -1.624754
1769099839.952209 14.116531 -4.963519 -1.628443
1769099840.002157 14.116195 -4.969940 -1.633983
1769099840.052176 14.115715 -4.975960 -1.636815
1769099840.102157 14.115057 -4.985739 -1.645566
1769099840.152173 14.114461 -4.992209 -1.650660
1769099840.202187 14.112841 -5.007892 -1.656529
1769099840.252176 14.112840 -5.007899 -1.661785
1769099840.302189 14.111037 -5.023642 -1.669892
1769099840.352180 14.110919 -5.023653 -1.672880
1769099840.402184 14.110085 -5.029908 -1.676013
1769099840.452182 14.108011 -5.045679 -1.678966
1769099840.502159 14.107097 -5.052057 -1.681970
1769099840.552242 14.106989 -5.052067 -1.684797
1769099840.602237 14.106123 -5.058388 -1.688749
1769099840.652159 14.104826 -5.067822 -1.693509
1769099840.702244 14.104019 -5.073910 -1.699033
1769099840.752168 14.101501 -5.089810 -1.702339
1769099840.802160 14.100549 -5.096245 -1.710505
1769099840.852184 14.100607 -5.096254 -1.718432
1769099840.903521 14.099561 -5.102796 -1.727135
1769099840.952132 14.096650 -5.119076 -1.734542
1769099841.002201 14.096725 -5.119084 -1.741458
1769099841.052186 14.093740 -5.134976 -1.748799
1769099841.102204 14.093834 -5.134983 -1.755581
1769099841.152192 14.092548 -5.141156 -1.758549
1769099841.202199 14.091198 -5.147475 -1.761321
1769099841.252197 14.089217 -5.156696 -1.763495
1769099841.302192 14.087956 -5.162987 -1.769105
1769099841.352210 14.084503 -5.178568 -1.772100
1769099841.402196 14.083090 -5.184921 -1.776660
1769099841.452202 14.083088 -5.184929 -1.781038
1769099841.502199 14.079576 -5.200375 -1.788751
1769099841.552196 14.078242 -5.206339 -1.798521
1769099841.602266 14.078437 -5.206353 -1.807975
1769099841.652199 14.074184 -5.222182 -1.811890
1769099841.702194 14.074149 -5.222189 -1.815156
1769099841.752238 14.072464 -5.228550 -1.821211
1769099841.802224 14.068172 -5.244135 -1.824560
1769099841.852226 14.066454 -5.250235 -1.826404
1769099841.902248 14.066390 -5.250238 -1.828135
1769099841.952260 14.064629 -5.256382 -1.829666
1769099842.002292 14.060185 -5.271755 -1.833111
1769099842.052268 14.060109 -5.271761 -1.836062
1769099842.102269 14.055519 -5.287079 -1.840276
1769099842.152204 14.055435 -5.287085 -1.843917
1769099842.202185 14.053523 -5.293497 -1.850926
1769099842.252196 14.051637 -5.299354 -1.855416
1769099842.302284 14.048681 -5.309023 -1.862782
1769099842.352222 14.046667 -5.315126 -1.867394
1769099842.402221 14.043722 -5.324123 -1.873691
1769099842.452201 14.039704 -5.336315 -1.880530
1769099842.502309 14.039748 -5.336331 -1.886975
1769099842.552222 14.034554 -5.351297 -1.891725
1769099842.602210 14.032481 -5.357281 -1.897093
1769099842.652279 14.032507 -5.357294 -1.902294
1769099842.702229 14.027203 -5.372343 -1.909378
1769099842.752221 14.024917 -5.378399 -1.912685
1769099842.802307 14.024886 -5.378406 -1.915802
1769099842.852283 14.019018 -5.393709 -1.922380
1769099842.902229 14.019057 -5.393726 -1.928286
1769099842.952246 14.016724 -5.399475 -1.932496
1769099843.002212 14.010487 -5.414664 -1.936076
1769099843.052300 14.010404 -5.414666 -1.938997
1769099843.102227 14.004436 -5.429273 -1.942894
1769099843.152220 14.001974 -5.435234 -1.946260
1769099843.202289 14.001906 -5.435238 -1.949531
1769099843.252237 13.995973 -5.449738 -1.957941
1769099843.302236 13.993412 -5.455611 -1.962260
1769099843.352231 13.993368 -5.455619 -1.966388
1769099843.402300 13.990830 -5.461582 -1.975166
1769099843.452218 13.984343 -5.475942 -1.982961
1769099843.502236 13.984407 -5.475968 -1.990109
1769099843.552222 13.977342 -5.490787 -1.992785
1769099843.602290 13.974565 -5.496790 -1.999711
1769099843.652277 13.974641 -5.496817 -2.006369
1769099843.702316 13.967468 -5.511620 -2.011768
1769099843.752249 13.964607 -5.517294 -2.014075
1769099843.802330 13.964567 -5.517296 -2.016163
1769099843.852295 13.957537 -5.531434 -2.020172
1769099843.902285 13.954810 -5.537252 -2.026962
1769099843.952324 13.954941 -5.537288 -2.033667
1769099844.002295 13.948027 -5.551030 -2.042116
1769099844.052289 13.948223 -5.551080 -2.050150
1769099844.102230 13.945397 -5.556591 -2.055864
1769099844.152293 13.940923 -5.565128 -2.063375
1769099844.202333 13.937858 -5.570910 -2.068689
1769099844.252313 13.934772 -5.576605 -2.073131
1769099844.302316 13.926735 -5.590764 -2.070964
1769099844.352312 13.923719 -5.596350 -2.072589
1769099844.402239 13.923754 -5.596361 -2.074209
1769099844.452246 13.916010 -5.610468 -2.073094
1769099844.502248 13.912958 -5.616088 -2.072339
1769099844.552337 13.912948 -5.616084 -2.071657
1769099844.602355 13.909982 -5.621705 -2.074087
1769099844.652269 13.905467 -5.630189 -2.076446
1769099844.702307 13.898011 -5.643830 -2.079009
1769099844.752252 13.898121 -5.643858 -2.081530
1769099844.802320 13.895230 -5.649122 -2.081984
1769099844.852246 13.887511 -5.663176 -2.086528
1769099844.902233 13.884416 -5.668628 -2.085588
1769099844.952237 13.884437 -5.668629 -2.084604
1769099845.002245 13.876293 -5.683008 -2.083537
1769099845.052244 13.873185 -5.688619 -2.084797
1769099845.102323 13.873267 -5.688639 -2.085994
1769099845.152314 13.865522 -5.702308 -2.082876
1769099845.202338 13.865477 -5.702287 -2.079825
1769099845.252363 13.859569 -5.712897 -2.075857
1769099845.302315 13.855221 -5.721077 -2.078611
1769099845.352352 13.855340 -5.721114 -2.081437
1769099845.402367 13.852314 -5.726702 -2.081876
1769099845.452266 13.844511 -5.740919 -2.082323
1769099845.502263 13.844604 -5.740941 -2.082874
1769099845.552324 13.841442 -5.746531 -2.078868
1769099845.602311 13.836899 -5.755033 -2.080068
1769099845.652324 13.833740 -5.760548 -2.073753
1769099845.702239 13.826229 -5.774470 -2.068600
1769099845.752260 13.823141 -5.780212 -2.062910
1769099845.802337 13.823022 -5.780160 -2.057479
1769099845.852257 13.815709 -5.794556 -2.052908
1769099845.902282 13.812715 -5.800157 -2.045077
1769099845.952371 13.812522 -5.800076 -2.037482
1769099846.002340 13.805735 -5.813877 -2.031354
1769099846.052277 13.805589 -5.813815 -2.025764
1769099846.102320 13.802748 -5.819590 -2.022024
1769099846.152262 13.800051 -5.825283 -2.018611
1769099846.202322 13.795869 -5.834086 -2.014137
1769099846.252265 13.793153 -5.839940 -2.012256
1769099846.302250 13.786434 -5.854647 -2.010915
1769099846.352338 13.786440 -5.854644 -2.009942
1769099846.402258 13.783617 -5.860444 -2.004518
1769099846.452252 13.776972 -5.875236 -2.001800
1769099846.502317 13.774460 -5.880646 -1.995344
1769099846.552249 13.774320 -5.880579 -1.989123
1769099846.602260 13.771729 -5.886460 -1.984335
1769099846.652260 13.767956 -5.895200 -1.976492
1769099846.702364 13.765459 -5.901239 -1.973798
1769099846.752320 13.763074 -5.907018 -1.970412
1769099846.802299 13.759434 -5.915757 -1.964987
1769099846.852314 13.756970 -5.921697 -1.961111
1769099846.902255 13.750953 -5.936522 -1.955960
1769099846.952353 13.748657 -5.942421 -1.953338
1769099847.002311 13.748618 -5.942398 -1.950957
1769099847.052244 13.742777 -5.957658 -1.946534
1769099847.102320 13.740461 -5.963759 -1.944639
1769099847.152259 13.740476 -5.963754 -1.942871
1769099847.202327 13.738048 -5.969856 -1.936721
1769099847.252323 13.734676 -5.979006 -1.935528
1769099847.302328 13.732334 -5.984898 -1.927744
1769099847.352333 13.730123 -5.990879 -1.923278
1769099847.402260 13.726928 -5.999571 -1.916247
1769099847.452254 13.724820 -6.005515 -1.910202
1769099847.502289 13.719811 -6.020558 -1.905619
1769099847.552286 13.717778 -6.026438 -1.900906
1769099847.602308 13.717683 -6.026387 -1.896392
1769099847.652358 13.715743 -6.032365 -1.895436
1769099847.702369 13.710741 -6.047793 -1.893720
1769099847.752345 13.710760 -6.047791 -1.892309
1769099847.802282 13.708836 -6.053899 -1.889436
1769099847.852319 13.705657 -6.063412 -1.880680
1769099847.902325 13.701033 -6.078507 -1.873579
1769099847.952360 13.700940 -6.078447 -1.867025
1769099848.002318 13.699165 -6.084696 -1.866092
1769099848.052289 13.697445 -6.090768 -1.864774
1769099848.102300 13.694779 -6.099910 -1.859226
1769099848.152389 13.693114 -6.106085 -1.857833
1769099848.202309 13.691353 -6.112068 -1.850039
1769099848.252303 13.687186 -6.127508 -1.844391
1769099848.302336 13.687098 -6.127457 -1.839394
1769099848.352385 13.685518 -6.133301 -1.835421
1769099848.402340 13.683046 -6.142691 -1.831151
1769099848.452310 13.681429 -6.148701 -1.826727
1769099848.502371 13.677549 -6.164478 -1.827324
1769099848.552341 13.675834 -6.170781 -1.820630
1769099848.602339 13.675689 -6.170706 -1.814085
1769099848.652308 13.674022 -6.177052 -1.807619
1769099848.702312 13.670280 -6.192941 -1.800218
1769099848.752311 13.670096 -6.192853 -1.793357
1769099848.802329 13.668708 -6.199062 -1.790235
1769099848.852327 13.665518 -6.214518 -1.786956
1769099848.902309 13.665487 -6.214496 -1.784244
1769099848.952300 13.664218 -6.220623 -1.780409
1769099849.002373 13.662328 -6.230000 -1.776990
1769099849.052321 13.661012 -6.236423 -1.771239
1769099849.102350 13.659738 -6.242692 -1.765103
1769099849.152323 13.657961 -6.252384 -1.762697
1769099849.202333 13.656772 -6.258735 -1.759773
1769099849.252319 13.655521 -6.265074 -1.753885
1769099849.302326 13.652668 -6.280906 -1.748137
1769099849.352327 13.652566 -6.280851 -1.742743
1769099849.402332 13.651440 -6.286929 -1.736453
1769099849.452345 13.649803 -6.296501 -1.729873
1769099849.502331 13.648708 -6.302814 -1.722644
1769099849.552358 13.647746 -6.309125 -1.718744
1769099849.602399 13.646313 -6.318666 -1.712193
1769099849.652344 13.645417 -6.324828 -1.707802
1769099849.702374 13.643535 -6.339703 -1.703669
1769099849.752341 13.643436 -6.339659 -1.700099
1769099849.802349 13.642688 -6.346049 -1.698708
1769099849.852379 13.640877 -6.361889 -1.696885
1769099849.902369 13.640880 -6.361884 -1.695535
1769099849.952367 13.640069 -6.368334 -1.690407
1769099850.002369 13.638906 -6.378087 -1.686039
1769099850.052337 13.637497 -6.391019 -1.683183
1769099850.102333 13.637464 -6.390999 -1.680572
1769099850.152328 13.636655 -6.397524 -1.674071
1769099850.202329 13.635646 -6.406845 -1.669224
1769099850.252338 13.634949 -6.413186 -1.663797
1769099850.302345 13.633440 -6.429075 -1.657799
1769099850.352333 13.633285 -6.429011 -1.652055
1769099850.402330 13.632624 -6.435393 -1.646452
1769099850.452301 13.631267 -6.451241 -1.644103
1769099850.502341 13.631109 -6.451189 -1.641747
1769099850.552324 13.630611 -6.457603 -1.644881
1769099850.602345 13.629972 -6.463984 -1.643034
1769099850.652336 13.629261 -6.473665 -1.646216
1769099850.702342 13.628681 -6.479992 -1.645542
1769099850.752321 13.628055 -6.486614 -1.643414
1769099850.802334 13.627276 -6.496365 -1.645536
1769099850.852341 13.626679 -6.502894 -1.645665
1769099850.902314 13.626204 -6.509266 -1.651353
1769099850.952353 13.625393 -6.518767 -1.654452
1769099851.002417 13.624745 -6.525086 -1.654604
1769099851.052430 13.624135 -6.531184 -1.655627
1769099851.102339 13.623281 -6.540605 -1.658722
1769099851.152364 13.622709 -6.546833 -1.662823
1769099851.202339 13.622131 -6.553434 -1.669617
1769099851.252346 13.621080 -6.563103 -1.674307
1769099851.302409 13.620389 -6.569471 -1.681719
1769099851.352349 13.618365 -6.585493 -1.688632
1769099851.402364 13.618411 -6.585525 -1.694947
1769099851.452347 13.617560 -6.591920 -1.701970
1769099851.502362 13.616565 -6.598216 -1.702914
1769099851.552435 13.615166 -6.607866 -1.706366
1769099851.602363 13.614144 -6.614161 -1.703627
1769099851.652387 13.613126 -6.620589 -1.701065
1769099851.702390 13.611833 -6.629699 -1.700729
1769099851.752401 13.610893 -6.635943 -1.698192
1769099851.802404 13.610057 -6.642195 -1.700468
1769099851.852393 13.608689 -6.651619 -1.698674
1769099851.902388 13.607836 -6.657890 -1.700725
1769099851.952389 13.606976 -6.664159 -1.702887
1769099852.002409 13.604791 -6.680232 -1.704978
1769099852.052367 13.604785 -6.680237 -1.706982
1769099852.102362 13.603763 -6.686768 -1.704936
1769099852.152361 13.602431 -6.696633 -1.708467
1769099852.202371 13.601448 -6.702996 -1.707495
1769099852.252355 13.599190 -6.718611 -1.705729
1769099852.302367 13.599081 -6.718581 -1.703953
1769099852.352359 13.598182 -6.724685 -1.703153
1769099852.402366 13.597302 -6.730871 -1.703166
1769099852.452367 13.595241 -6.746676 -1.703986
1769099852.502367 13.595222 -6.746674 -1.704967
1769099852.552382 13.593142 -6.762658 -1.704948
1769099852.602440 13.593134 -6.762656 -1.705137
1769099852.652387 13.592263 -6.769130 -1.703661
1769099852.702370 13.591341 -6.775374 -1.698162
1769099852.752383 13.590148 -6.785009 -1.697146
1769099852.802372 13.589244 -6.791226 -1.690786
1769099852.852371 13.587339 -6.807481 -1.685868
1769099852.902372 13.587213 -6.807441 -1.681358
1769099852.952375 13.586457 -6.813875 -1.677670
1769099853.002380 13.584811 -6.829807 -1.672657
1769099853.052430 13.584081 -6.836179 -1.665641
1769099853.102386 13.583882 -6.836118 -1.658885
1769099853.152378 13.583281 -6.842284 -1.654273
1769099853.202379 13.582408 -6.851646 -1.645906
1769099853.252382 13.581881 -6.857999 -1.641642
1769099853.302382 13.581398 -6.864303 -1.637187
1769099853.352443 13.580517 -6.880636 -1.636663
1769099853.402461 13.580539 -6.880640 -1.636613
1769099853.452386 13.579628 -6.896955 -1.635807
1769099853.502383 13.579666 -6.896962 -1.635322
1769099853.552389 13.579236 -6.903418 -1.630814
1769099853.602418 13.578824 -6.909849 -1.625032
1769099853.652424 13.578370 -6.919421 -1.621262
1769099853.702418 13.578044 -6.925788 -1.615096
1769099853.752388 13.577813 -6.932224 -1.611253
1769099853.802413 13.577472 -6.941719 -1.604595
1769099853.852508 13.577281 -6.948126 -1.599190
1769099853.902420 13.577118 -6.954352 -1.594632
1769099853.952435 13.576946 -6.963882 -1.589681
1769099854.002412 13.576867 -6.970348 -1.587046
1769099854.052409 13.576808 -6.976685 -1.583604
1769099854.102404 13.576656 -6.986368 -1.574827
1769099854.152420 13.576708 -6.992794 -1.573603
1769099854.202399 13.576735 -6.999360 -1.570462
1769099854.252412 13.576826 -7.009178 -1.571142
1769099854.302395 13.576860 -7.015715 -1.571448
1769099854.352402 13.576842 -7.022188 -1.570322
1769099854.402397 13.576922 -7.031950 -1.572600
1769099854.452405 13.576879 -7.038341 -1.570103
1769099854.502403 13.576901 -7.044696 -1.567954
1769099854.552477 13.576939 -7.054137 -1.563097
1769099854.602413 13.577051 -7.060554 -1.563216
1769099854.652405 13.577188 -7.066926 -1.563822
1769099854.702409 13.577266 -7.073284 -1.562278
1769099854.752403 13.577445 -7.083024 -1.565474
1769099854.802407 13.577490 -7.089453 -1.564944
1769099854.852406 13.577502 -7.105554 -1.563657
1769099854.902409 13.577468 -7.105546 -1.562210
1769099854.952459 13.577423 -7.112130 -1.559149
1769099855.002420 13.577538 -7.128338 -1.557705
1769099855.052418 13.577457 -7.128323 -1.556259
1769099855.102409 13.577538 -7.134852 -1.558263
1769099855.152413 13.577529 -7.141186 -1.556869
1769099855.202410 13.577651 -7.150702 -1.557541
1769099855.252414 13.577745 -7.157059 -1.558287
1769099855.302374 13.577789 -7.163279 -1.557655
1769099855.352412 13.577901 -7.172844 -1.557190
1769099855.402429 13.577960 -7.179242 -1.555214
1769099855.452415 13.578190 -7.194932 -1.554405
1769099855.502435 13.578134 -7.194923 -1.553707
1769099855.552455 13.578183 -7.201392 -1.554586
1769099855.602416 13.578251 -7.207840 -1.557378
1769099855.652439 13.578265 -7.217539 -1.557555
1769099855.702447 13.578277 -7.223930 -1.559094
1769099855.752457 13.578185 -7.230431 -1.555362
1769099855.802458 13.578237 -7.240159 -1.554600
1769099855.852458 13.578287 -7.246428 -1.554040
1769099855.902421 13.578310 -7.252868 -1.550199
1769099855.952523 13.578499 -7.262357 -1.551119
1769099856.002460 13.578547 -7.268621 -1.549190
1769099856.052447 13.578773 -7.284495 -1.547442
1769099856.102431 13.578650 -7.284477 -1.545682
1769099856.152491 13.578720 -7.290891 -1.546993
1769099856.202439 13.578856 -7.300165 -1.548098
1769099856.252425 13.578908 -7.306706 -1.549336
1769099856.302458 13.579016 -7.313180 -1.552014
1769099856.352497 13.579084 -7.322932 -1.551213
1769099856.402432 13.579152 -7.329453 -1.554175
1769099856.452435 13.579149 -7.335916 -1.554319
1769099856.502435 13.579233 -7.345447 -1.556224
1769099856.552459 13.579269 -7.351792 -1.556456
1769099856.602505 13.579250 -7.358079 -1.553949
1769099856.652451 13.579359 -7.367613 -1.552400
1769099856.702440 13.579392 -7.373954 -1.548919
1769099856.752486 13.579484 -7.380274 -1.548887
1769099856.802439 13.579618 -7.389754 -1.547017
1769099856.852442 13.579691 -7.396145 -1.548097
1769099856.902443 13.579764 -7.402588 -1.550518
1769099856.952443 13.579824 -7.412289 -1.550501
1769099857.002462 13.579889 -7.418733 -1.554433
1769099857.052463 13.579828 -7.425269 -1.551530
1769099857.102446 13.579935 -7.435052 -1.553098
1769099857.152448 13.579959 -7.441394 -1.551557
1769099857.202449 13.579983 -7.447911 -1.549125
1769099857.252449 13.580177 -7.457473 -1.551733
1769099857.302447 13.580444 -7.470127 -1.554075
1769099857.352462 13.580472 -7.470129 -1.556453
1769099857.402450 13.580504 -7.476451 -1.553776
1769099857.452462 13.580636 -7.485939 -1.553537
1769099857.502453 13.580758 -7.492392 -1.553943
1769099857.552454 13.580807 -7.498866 -1.550972
1769099857.602446 13.581050 -7.508459 -1.553772
1769099857.652448 13.581133 -7.515061 -1.553532
1769099857.702452 13.581287 -7.521567 -1.558624
1769099857.752456 13.581376 -7.531334 -1.559432
1769099857.802523 13.581399 -7.537936 -1.560345
1769099857.852461 13.581457 -7.544313 -1.562092
1769099857.902478 13.581441 -7.553925 -1.557394
1769099857.952486 13.581507 -7.560275 -1.556212
1769099858.002497 13.581529 -7.566648 -1.551441
1769099858.052492 13.581716 -7.576161 -1.550909
1769099858.102461 13.581853 -7.582511 -1.551121
1769099858.152488 13.582129 -7.598348 -1.551704
1769099858.202459 13.582099 -7.598345 -1.552281
1769099858.252474 13.582131 -7.604740 -1.551121
1769099858.302467 13.582230 -7.611163 -1.554364
1769099858.352475 13.582419 -7.627480 -1.554832
1769099858.402468 13.582364 -7.627474 -1.555230
1769099858.452496 13.582311 -7.627469 -1.555624
1769099858.502471 13.582514 -7.643662 -1.556132
1769099858.552466 13.582615 -7.650240 -1.558654
1769099858.602473 13.582646 -7.650240 -1.561128
1769099858.652469 13.582695 -7.650241 -1.563582
1769099858.702491 13.582764 -7.650245 -1.566016
1769099858.752473 13.582850 -7.650249 -1.568428
1769099858.802477 13.582954 -7.650256 -1.570821
1769099858.852475 13.583075 -7.650264 -1.573193
1769099858.902484 13.583191 -7.701279 -1.573390
1769099858.952499 13.583352 -7.711038 -1.573121
1769099859.002478 13.583536 -7.717505 -1.575556
1769099859.052485 13.583637 -7.724024 -1.575719
1769099859.102481 13.583793 -7.724037 -1.575785
1769099859.152494 13.583809 -7.740301 -1.578177
1769099859.202482 13.583829 -7.746767 -1.575883
1769099859.252498 13.583877 -7.756472 -1.574704
1769099859.302492 13.583974 -7.756482 -1.573496
1769099859.352560 13.584062 -7.756491 -1.572296
1769099859.402514 13.584190 -7.778165 -1.568228
1769099859.452485 13.584354 -7.784426 -1.569150
1769099859.502484 13.584497 -7.784436 -1.570104
1769099859.552486 13.584690 -7.806591 -1.571058
1769099859.602500 13.584850 -7.806602 -1.572099
1769099859.652489 13.585020 -7.822407 -1.568239
1769099859.702499 13.585116 -7.822420 -1.564654
1769099859.752511 13.585309 -7.828555 -1.561125
1769099859.802519 13.585591 -7.838332 -1.559530
1769099859.852529 13.585888 -7.844820 -1.560882
1769099859.902525 13.586062 -7.851340 -1.554688
1769099859.952509 13.586485 -7.867321 -1.546813
1769099860.002528 13.586503 -7.867336 -1.539339
1769099860.052503 13.586806 -7.873767 -1.535866
1769099860.102571 13.587230 -7.883484 -1.527825
1769099860.152535 13.587544 -7.889687 -1.519620
1769099860.202511 13.587897 -7.896089 -1.511232
1769099860.252500 13.587797 -7.896097 -1.503173
1769099860.302509 13.587635 -7.896102 -1.495184
1769099860.352589 13.587414 -7.896102 -1.487256
1769099860.402500 13.587135 -7.896098 -1.479430
1769099860.452499 13.586799 -7.896091 -1.471662
1769099860.502503 13.586409 -7.896080 -1.463966
1769099860.552527 13.585966 -7.896065 -1.456340
1769099860.602555 13.585470 -7.896047 -1.448786
1769099860.652582 13.584925 -7.896025 -1.441306
1769099860.702507 13.584330 -7.896000 -1.433916
1769099860.752576 13.583688 -7.895972 -1.426575
1769099860.802509 13.583001 -7.895940 -1.419330
1769099860.852507 13.598712 -8.000592 -1.413427
1769099860.902521 13.598341 -8.000592 -1.407854
1769099860.952514 13.599084 -8.006922 -1.402522
1769099861.002580 13.601538 -8.022263 -1.398233
1769099861.052513 13.601217 -8.022263 -1.394560
1769099861.102590 13.602058 -8.028634 -1.389986
1769099861.152514 13.603497 -8.037937 -1.384677
1769099861.202513 13.604342 -8.044230 -1.379563
1769099861.252518 13.605311 -8.050579 -1.378814
1769099861.302517 13.606878 -8.060240 -1.373225
1769099861.352528 13.609242 -8.073134 -1.368152
1769099861.402521 13.608911 -8.073144 -1.363450
1769099861.452534 13.612072 -8.088973 -1.358675
1769099861.502594 13.613072 -8.095074 -1.349531
1769099861.552533 13.612657 -8.095099 -1.340669
1769099861.602528 13.615994 -8.110379 -1.334511
1769099861.652527 13.615576 -8.110397 -1.328949
1769099861.702629 13.616759 -8.116608 -1.325206
1769099861.752573 13.620425 -8.132221 -1.320887
1769099861.802551 13.620023 -8.132236 -1.317112
1769099861.852565 13.621338 -8.138603 -1.314949
1769099861.902568 13.622631 -8.144743 -1.314264
1769099861.952540 13.626461 -8.160356 -1.310902
1769099862.002532 13.626111 -8.160373 -1.307827
1769099862.052557 13.630092 -8.176078 -1.303393
1769099862.102532 13.629731 -8.176101 -1.299352
1769099862.152616 13.631183 -8.182347 -1.295751
1769099862.202533 13.632625 -8.188622 -1.289314
1769099862.252549 13.636919 -8.204059 -1.284500
1769099862.302546 13.636585 -8.204086 -1.280266
1769099862.352539 13.638067 -8.210088 -1.275833
1769099862.402533 13.642398 -8.225063 -1.268710
1769099862.452539 13.642006 -8.225106 -1.262175
1769099862.502544 13.643704 -8.231194 -1.262588
1769099862.552539 13.648397 -8.246479 -1.258772
1769099862.602550 13.648073 -8.246508 -1.255506
1769099862.652540 13.649821 -8.252673 -1.254394
1769099862.702542 13.652604 -8.262074 -1.248455
1769099862.752542 13.654341 -8.268275 -1.242833
1769099862.802544 13.656134 -8.274431 -1.239992
1769099862.852545 13.658915 -8.283619 -1.231755
1769099862.902545 13.660732 -8.289578 -1.227679
1769099862.952561 13.662584 -8.295717 -1.218833
1769099863.002553 13.665660 -8.304736 -1.216316
1769099863.052562 13.667655 -8.310745 -1.213758
1769099863.102549 13.669626 -8.316711 -1.209679
1769099863.152558 13.675012 -8.331526 -1.204154
1769099863.202550 13.674670 -8.331580 -1.199106
1769099863.252553 13.676719 -8.337534 -1.198317
1769099863.302564 13.679927 -8.346516 -1.193833
1769099863.352619 13.682014 -8.352543 -1.188763
1769099863.402564 13.684135 -8.358583 -1.183876
1769099863.452555 13.687622 -8.367758 -1.180654
1769099863.502578 13.689809 -8.373868 -1.174803
1769099863.552631 13.692070 -8.379884 -1.174739
1769099863.602563 13.695551 -8.388881 -1.170251
1769099863.652555 13.697791 -8.394864 -1.165280
1769099863.702586 13.699975 -8.400623 -1.160343
1769099863.752682 13.706084 -8.414882 -1.155473
1769099863.802597 13.705828 -8.414938 -1.151206
1769099863.852571 13.708144 -8.420732 -1.142587
1769099863.902561 13.711963 -8.429378 -1.141860
1769099863.952598 13.714354 -8.435065 -1.137690
1769099864.002578 13.720849 -8.449523 -1.132940
1769099864.052593 13.720568 -8.449588 -1.128540
1769099864.102586 13.723024 -8.455339 -1.126027
1769099864.152569 13.729828 -8.470060 -1.120969
1769099864.202577 13.729516 -8.470135 -1.116300
1769099864.252583 13.732086 -8.476001 -1.111558
1769099864.302574 13.734572 -8.481568 -1.108873
1769099864.352570 13.738440 -8.489871 -1.103261
1769099864.402592 13.741059 -8.495667 -1.098200
1769099864.452564 13.747875 -8.509485 -1.091528
1769099864.502573 13.747528 -8.509584 -1.085258
1769099864.552595 13.754551 -8.523343 -1.077037
1769099864.602650 13.754177 -8.523461 -1.069356
1769099864.652588 13.756978 -8.529131 -1.065884
1769099864.702577 13.764399 -8.542849 -1.061933
1769099864.752596 13.767322 -8.548479 -1.062162
1769099864.802597 13.767095 -8.548520 -1.062508
1769099864.852594 13.774799 -8.562605 -1.063399
1769099864.902577 13.774608 -8.562635 -1.064522
1769099864.952600 13.777519 -8.568397 -1.059574
1769099865.002600 13.785498 -8.582931 -1.054799
1769099865.052662 13.785240 -8.583017 -1.050379
1769099865.102613 13.788123 -8.588522 -1.046006
1769099865.152582 13.791163 -8.594260 -1.040220
1769099865.202605 13.795708 -8.602289 -1.041288
1769099865.252608 13.798671 -8.607824 -1.037808
1769099865.302613 13.801662 -8.613232 -1.038571
1769099865.352669 13.806251 -8.621416 -1.036567
1769099865.402610 13.809365 -8.627052 -1.036642
1769099865.452670 13.812447 -8.632534 -1.040335
1769099865.502615 13.817197 -8.641092 -1.036622
1769099865.552660 13.820379 -8.646683 -1.039896
1769099865.602608 13.823544 -8.652377 -1.040493
1769099865.652612 13.828248 -8.660709 -1.041653
1769099865.702598 13.831327 -8.666350 -1.041032
1769099865.752594 13.834442 -8.672009 -1.041650
1769099865.802631 13.839083 -8.680343 -1.041102
1769099865.852635 13.842163 -8.685972 -1.040065
1769099865.902625 13.845256 -8.691653 -1.036260
1769099865.952613 13.849927 -8.699935 -1.032394
1769099866.002621 13.853045 -8.705494 -1.030854
1769099866.052613 13.856134 -8.710824 -1.034318
1769099866.102630 13.860889 -8.719147 -1.032352
1769099866.152684 13.864029 -8.724539 -1.037064
1769099866.202624 13.867185 -8.730181 -1.036291
1769099866.252634 13.872019 -8.738601 -1.037531
1769099866.302625 13.875205 -8.744290 -1.036440
1769099866.352630 13.878450 -8.750149 -1.032130
1769099866.402630 13.883336 -8.758536 -1.035504
1769099866.452628 13.886506 -8.764242 -1.031146
1769099866.502625 13.889605 -8.769697 -1.030148
1769099866.552632 13.894304 -8.777880 -1.026159
1769099866.602637 13.897504 -8.783379 -1.026713
1769099866.652631 13.900616 -8.788797 -1.023283
1769099866.702638 13.905315 -8.796779 -1.019578
1769099866.752627 13.908516 -8.802198 -1.019036
1769099866.802684 13.911804 -8.807826 -1.015966
1769099866.852626 13.920055 -8.821416 -1.013511
1769099866.902613 13.919899 -8.821491 -1.011111
1769099866.952647 13.923127 -8.826989 -1.009871
1769099867.002650 13.931610 -8.840885 -1.009930
1769099867.052642 13.931439 -8.840943 -1.009865
1769099867.102638 13.934697 -8.846383 -1.013031
1769099867.152647 13.939540 -8.854507 -1.010743
1769099867.202637 13.942805 -8.859936 -1.012423
1769099867.252617 13.946104 -8.865480 -1.012213
1769099867.302685 13.951020 -8.873659 -1.011101
1769099867.352686 13.954145 -8.878888 -1.012983
1769099867.402641 13.957373 -8.884349 -1.015166
1769099867.452638 13.962216 -8.892383 -1.021079
1769099867.502648 13.965282 -8.897605 -1.027370
1769099867.552644 13.969977 -8.905625 -1.033964
1769099867.602641 13.973173 -8.911142 -1.042233
1769099867.652651 13.976265 -8.916622 -1.049249
1769099867.702696 13.980980 -8.925167 -1.052438
1769099867.752657 13.983964 -8.930617 -1.059251
1769099867.802651 13.986978 -8.936251 -1.064200
1769099867.852667 13.991374 -8.944389 -1.071719
1769099867.902679 13.994355 -8.950033 -1.077425
1769099867.952683 13.998581 -8.958179 -1.080118
1769099868.002689 14.001449 -8.963793 -1.082053
1769099868.052693 14.008640 -8.977488 -1.089025
1769099868.102655 14.008630 -8.977418 -1.095704
1769099868.152652 14.011501 -8.983201 -1.095279
1769099868.202669 14.014201 -8.988449 -1.102007
1769099868.252658 14.018522 -8.997121 -1.106411
1769099868.302663 14.021210 -9.002614 -1.111992
1769099868.352660 14.025469 -9.011406 -1.118233
1769099868.402658 14.028355 -9.017258 -1.128870
1769099868.452662 14.031035 -9.023077 -1.132816
1769099868.502708 14.035148 -9.031937 -1.139137
1769099868.552681 14.037842 -9.037903 -1.140524
1769099868.602662 14.040408 -9.043629 -1.143036
1769099868.652677 14.044352 -9.052293 -1.149997
1769099868.702672 14.046879 -9.058038 -1.153715
1769099868.752670 14.049446 -9.063796 -1.162590
1769099868.802662 14.051916 -9.069568 -1.166823
1769099868.852656 14.058155 -9.084473 -1.172897
1769099868.902655 14.058154 -9.084411 -1.178438
1769099868.952665 14.060620 -9.090571 -1.179785
1769099869.002676 14.064303 -9.099606 -1.184603
1769099869.052671 14.066761 -9.105735 -1.190321
1769099869.102681 14.069154 -9.111839 -1.194953
1769099869.152673 14.072694 -9.120944 -1.201253
1769099869.202674 14.074966 -9.126941 -1.205908
1769099869.252677 14.077209 -9.132866 -1.211089
1769099869.302680 14.080541 -9.141717 -1.218294
1769099869.352687 14.082625 -9.147597 -1.217212
1769099869.402727 14.084786 -9.153477 -1.223118
1769099869.452665 14.090228 -9.168583 -1.230856
1769099869.502682 14.090269 -9.168483 -1.238294
1769099869.552741 14.092397 -9.174561 -1.244288
1769099869.602687 14.095498 -9.183781 -1.249089
1769099869.652720 14.097590 -9.189989 -1.255437
1769099869.702753 14.099587 -9.196205 -1.258629
1769099869.752678 14.102559 -9.205463 -1.265059
1769099869.802748 14.104474 -9.211654 -1.265369
1769099869.852686 14.106411 -9.217744 -1.270038
1769099869.902734 14.109275 -9.227034 -1.272757
1769099869.952696 14.111245 -9.233234 -1.278806
1769099870.002717 14.113029 -9.239246 -1.281179
1769099870.052701 14.115782 -9.248338 -1.289775
1769099870.102692 14.117500 -9.254368 -1.292352
1769099870.152681 14.119249 -9.260490 -1.300100
1769099870.202693 14.121784 -9.269713 -1.305944
1769099870.252695 14.123467 -9.275839 -1.313340
1769099870.302694 14.125154 -9.282144 -1.321304
1769099870.352698 14.127502 -9.291465 -1.324136
1769099870.402688 14.129162 -9.297848 -1.332696
1769099870.452698 14.132956 -9.313755 -1.336790
1769099870.502698 14.132979 -9.313708 -1.340400
1769099870.552692 14.134441 -9.319866 -1.343693
1769099870.602708 14.135844 -9.326111 -1.343516
1769099870.652705 14.137944 -9.335123 -1.348789
1769099870.702704 14.139327 -9.341318 -1.350198
1769099870.752701 14.140723 -9.347393 -1.356670
1769099870.802701 14.142809 -9.356835 -1.364062
1769099870.852704 14.144166 -9.363192 -1.368871
1769099870.902706 14.145458 -9.369538 -1.373859
1769099870.952692 14.147423 -9.379208 -1.382880
1769099871.002705 14.148597 -9.385444 -1.386837
1769099871.052715 14.149800 -9.391813 -1.394346
1769099871.102706 14.151484 -9.401452 -1.396898
1769099871.152711 14.152568 -9.407806 -1.400169
1769099871.202688 14.153646 -9.414160 -1.403906
1769099871.252709 14.155218 -9.423733 -1.405699
1769099871.302716 14.156276 -9.429952 -1.412327
1769099871.352713 14.157267 -9.436370 -1.412230
1769099871.402713 14.158791 -9.445697 -1.419453
1769099871.452716 14.159747 -9.451900 -1.423116
1769099871.502695 14.160713 -9.458173 -1.430954
1769099871.552716 14.162074 -9.467678 -1.437211
1769099871.602737 14.162983 -9.474158 -1.446838
1769099871.652755 14.163744 -9.480102 -1.452341
1769099871.702738 14.164944 -9.489932 -1.459274
1769099871.752710 14.165694 -9.496507 -1.462193
1769099871.802726 14.166418 -9.502912 -1.466568
1769099871.852746 14.168037 -9.518777 -1.469140
1769099871.902736 14.168048 -9.518754 -1.471382
1769099871.952755 14.168702 -9.524964 -1.477356
1769099872.002718 14.169574 -9.534000 -1.482312
1769099872.052726 14.170158 -9.540198 -1.489213
1769099872.102769 14.170683 -9.546242 -1.493006
1769099872.152767 14.171436 -9.555544 -1.498343
1769099872.202733 14.171961 -9.561908 -1.504734
1769099872.252785 14.173060 -9.578067 -1.511817
1769099872.302776 14.173180 -9.577972 -1.518379
1769099872.352767 14.173589 -9.584539 -1.521884
1769099872.402728 14.174149 -9.594176 -1.528730
1769099872.452735 14.174507 -9.600596 -1.533837
1769099872.502731 14.174862 -9.607014 -1.538600
1769099872.552739 14.175244 -9.616578 -1.536931
1769099872.602777 14.175592 -9.622927 -1.539414
1769099872.652793 14.175892 -9.629199 -1.536812
1769099872.702781 14.176339 -9.638691 -1.537667
1769099872.752737 14.176654 -9.644975 -1.537073
1769099872.802714 14.176958 -9.651364 -1.538085
1769099872.852741 14.177285 -9.657696 -1.543196
1769099872.902798 14.177646 -9.667385 -1.545268
1769099872.952738 14.177932 -9.673954 -1.550456
1769099873.002755 14.178136 -9.680324 -1.549220
1769099873.052741 14.178441 -9.690103 -1.551805
1769099873.102725 14.178665 -9.696599 -1.552080
1769099873.152745 14.178892 -9.703040 -1.553295
1769099873.202741 14.179190 -9.712601 -1.555101
1769099873.252788 14.179385 -9.718882 -1.553213
1769099873.302719 14.179603 -9.725269 -1.553918
1769099873.352746 14.179858 -9.734597 -1.552411
1769099873.402749 14.180095 -9.740864 -1.556248
1769099873.452750 14.180309 -9.747193 -1.557012
1769099873.502748 14.180553 -9.756790 -1.557571
1769099873.552759 14.180750 -9.763285 -1.557881
1769099873.602742 14.180924 -9.769626 -1.557578
1769099873.652777 14.181163 -9.779320 -1.562944
1769099873.702766 14.181283 -9.785742 -1.562447
1769099873.752786 14.181394 -9.792260 -1.563453
1769099873.802788 14.181550 -9.802033 -1.565999
1769099873.852784 14.181645 -9.808397 -1.565770
1769099873.902823 14.181777 -9.814891 -1.566787
1769099873.952769 14.181866 -9.824460 -1.560444
1769099874.002787 14.182031 -9.830788 -1.562467
1769099874.052755 14.182176 -9.837033 -1.563130
1769099874.102802 14.182331 -9.846525 -1.563471
1769099874.152817 14.182472 -9.852537 -1.565421
1769099874.202754 14.182556 -9.858884 -1.564223
1769099874.252778 14.182716 -9.868579 -1.569529
1769099874.302766 14.182785 -9.874640 -1.570193
1769099874.352807 14.182866 -9.881243 -1.572714
1769099874.402743 14.182901 -9.890957 -1.571850
1769099874.452765 14.182936 -9.897067 -1.572849
1769099874.502747 14.182984 -9.906811 -1.577342
1769099874.552771 14.183000 -9.912770 -1.578780
1769099874.602777 14.183020 -9.919198 -1.580984
1769099874.652769 14.182968 -9.928634 -1.578306
1769099874.702821 14.182987 -9.935011 -1.579854
1769099874.752774 14.183012 -9.941305 -1.580018
1769099874.802767 14.182998 -9.950818 -1.579895
1769099874.852839 14.183017 -9.956895 -1.580253
1769099874.902817 14.183010 -9.963153 -1.580467
1769099874.952774 14.182990 -9.972743 -1.584592
1769099875.002782 14.182938 -9.979215 -1.585223
1769099875.052787 14.182880 -9.985731 -1.588750
1769099875.102772 14.182749 -9.995464 -1.591532
1769099875.152778 14.182642 -10.001986 -1.592686
1769099875.202772 14.182565 -10.008567 -1.595552
1769099875.252772 14.182350 -10.018160 -1.590692
1769099875.302794 14.182286 -10.024563 -1.592633
1769099875.352844 14.182226 -10.030918 -1.594092
1769099875.402787 14.182097 -10.040249 -1.596819
1769099875.452776 14.182011 -10.046631 -1.597567
1769099875.502848 14.181893 -10.052872 -1.596379
1769099875.552791 14.181759 -10.062493 -1.602655
1769099875.602820 14.181631 -10.068452 -1.602204
1769099875.652779 14.181508 -10.075052 -1.605031
1769099875.702789 14.181243 -10.084677 -1.605025
1769099875.752855 14.181104 -10.091127 -1.609060
1769099875.802796 14.180967 -10.097543 -1.615821
1769099875.852777 14.180618 -10.106960 -1.618249
1769099875.902816 14.180379 -10.113397 -1.618668
1769099875.952799 14.179960 -10.122955 -1.615450
1769099876.002788 14.179768 -10.128926 -1.616892
1769099876.052794 14.179575 -10.135299 -1.618124
1769099876.102797 14.179220 -10.144805 -1.617398
1769099876.152794 14.179016 -10.151255 -1.617266
1769099876.202799 14.178822 -10.157402 -1.617113
1769099876.252797 14.178488 -10.166834 -1.620753
1769099876.302797 14.178250 -10.173263 -1.622327
1769099876.352796 14.178004 -10.179690 -1.625024
1769099876.402803 14.177566 -10.189479 -1.628002
1769099876.452805 14.177290 -10.195878 -1.629837
1769099876.502803 14.177004 -10.202476 -1.632244
1769099876.552821 14.176466 -10.212147 -1.627656
1769099876.602798 14.176194 -10.218645 -1.630633
1769099876.652802 14.175924 -10.225016 -1.632837
1769099876.702798 14.175431 -10.234548 -1.633815
1769099876.752806 14.175142 -10.240968 -1.634226
1769099876.802808 14.174814 -10.247148 -1.631368
1769099876.852780 14.174345 -10.256652 -1.633683
1769099876.902846 14.173999 -10.262961 -1.629057
1769099876.952850 14.173726 -10.269482 -1.633059
1769099877.002793 14.173438 -10.275804 -1.635493
1769099877.052803 14.172904 -10.285512 -1.638173
1769099877.102812 14.172577 -10.292008 -1.642249
1769099877.152852 14.172173 -10.298388 -1.643179
1769099877.202796 14.171547 -10.308244 -1.649021
1769099877.252807 14.171092 -10.314646 -1.648205
1769099877.302808 14.170638 -10.321125 -1.647812
1769099877.352828 14.169947 -10.330782 -1.645957
1769099877.402808 14.169515 -10.337061 -1.642409
1769099877.452798 14.168927 -10.346290 -1.643029
1769099877.502815 14.168553 -10.352464 -1.643915
1769099877.552816 14.168166 -10.358790 -1.647708
1769099877.602789 14.167504 -10.368219 -1.650754
1769099877.652869 14.167076 -10.374567 -1.656987
1769099877.702839 14.166576 -10.380965 -1.660222
1769099877.752858 14.166031 -10.387414 -1.664245
1769099877.802949 14.165175 -10.397184 -1.670907
1769099877.852862 14.164570 -10.403625 -1.674811
1769099877.902921 14.163947 -10.410114 -1.681833
1769099877.952847 14.162917 -10.419491 -1.684116
1769099878.002821 14.162174 -10.425978 -1.686415
1769099878.052844 14.161079 -10.435452 -1.690608
1769099878.102885 14.160345 -10.441382 -1.690784
1769099878.152864 14.159630 -10.447562 -1.696115
1769099878.202823 14.158436 -10.457001 -1.696324
1769099878.252840 14.157697 -10.463202 -1.701073
1769099878.302811 14.156883 -10.469599 -1.704788
1769099878.352834 14.155628 -10.479228 -1.711743
1769099878.402817 14.154789 -10.485514 -1.718720
1769099878.452845 14.153879 -10.491998 -1.728000
1769099878.502898 14.152367 -10.501563 -1.731989
1769099878.552829 14.151429 -10.507709 -1.741767
1769099878.602846 14.150351 -10.513987 -1.744285
1769099878.652839 14.148721 -10.523482 -1.750133
1769099878.702839 14.147631 -10.529707 -1.753999
1769099878.752832 14.146484 -10.535949 -1.755175
1769099878.802822 14.144834 -10.545029 -1.759890
1769099878.852819 14.143658 -10.551267 -1.762513
1769099878.902885 14.141963 -10.560212 -1.770037
1769099878.952841 14.140823 -10.566091 -1.775075
1769099879.002843 14.139526 -10.572385 -1.778667
1769099879.052863 14.137652 -10.581370 -1.783405
1769099879.102844 14.136278 -10.587700 -1.786118
1769099879.152847 14.134280 -10.596895 -1.792869
1769099879.202886 14.132873 -10.603267 -1.799608
1769099879.252846 14.131468 -10.609407 -1.805769
1769099879.302897 14.129241 -10.618782 -1.812686
1769099879.352823 14.127809 -10.624783 -1.820308
1769099879.402838 14.125576 -10.633550 -1.821832
1769099879.452849 14.124075 -10.639637 -1.827413
1769099879.502860 14.122516 -10.645577 -1.828085
1769099879.552846 14.120204 -10.654540 -1.834468
1769099879.602853 14.118564 -10.660716 -1.836388
1769099879.652850 14.116971 -10.666654 -1.840972
1769099879.702841 14.114434 -10.675948 -1.846993
1769099879.752875 14.112702 -10.681974 -1.848802
1769099879.802886 14.110052 -10.691317 -1.857721
1769099879.852870 14.108187 -10.697586 -1.858867
1769099879.902943 14.106388 -10.703737 -1.866582
1769099879.952883 14.103587 -10.712983 -1.873475
1769099880.002837 14.101687 -10.719197 -1.879134
1769099880.052871 14.099795 -10.725253 -1.883986
1769099880.102856 14.097886 -10.731423 -1.893890
1769099880.152859 14.094907 -10.740365 -1.895001
1769099880.202858 14.092962 -10.746443 -1.904782
1769099880.252838 14.090967 -10.752327 -1.909038
1769099880.302848 14.087873 -10.761264 -1.916077
1769099880.352843 14.085754 -10.767290 -1.920342
1769099880.402850 14.083555 -10.773354 -1.925085
1769099880.452843 14.080175 -10.782614 -1.933606
1769099880.502871 14.077844 -10.788772 -1.936047
1769099880.552891 14.075501 -10.794887 -1.939862
1769099880.602878 14.071969 -10.804005 -1.942574
1769099880.652894 14.069605 -10.810030 -1.944881
1769099880.702848 14.067313 -10.815893 -1.947149
1769099880.752855 14.063830 -10.824683 -1.948504
1769099880.802930 14.061528 -10.830462 -1.948332
1769099880.852871 14.059135 -10.836458 -1.948182
1769099880.902885 14.055671 -10.845218 -1.949810
1769099880.952871 14.053282 -10.851246 -1.950618
1769099881.002890 14.050851 -10.857332 -1.949865
1769099881.052877 14.047231 -10.866436 -1.950127
1769099881.102857 14.044737 -10.872626 -1.948362
1769099881.152875 14.042456 -10.878396 -1.950694
1769099881.202876 14.038815 -10.887508 -1.952046
1769099881.252877 14.036420 -10.893494 -1.953379
1769099881.302877 14.033973 -10.899513 -1.952290
1769099881.352947 14.030306 -10.908630 -1.951410
1769099881.402923 14.027960 -10.914418 -1.949052
1769099881.452895 14.025538 -10.920493 -1.948249
1769099881.502944 14.022095 -10.929163 -1.946679
1769099881.552892 14.019815 -10.934974 -1.948076
1769099881.602885 14.017512 -10.940794 -1.948753
1769099881.652901 14.014000 -10.949646 -1.949749
1769099881.702905 14.011532 -10.955829 -1.950585
1769099881.752893 14.009191 -10.961705 -1.951625
1769099881.802890 14.005524 -10.970902 -1.953029
1769099881.852952 14.003203 -10.976711 -1.953693
1769099881.902896 14.000772 -10.982765 -1.954371
1769099881.952893 13.997206 -10.991607 -1.953841
1769099882.002898 13.994894 -10.997356 -1.953081
1769099882.052896 13.992636 -11.002994 -1.953838
1769099882.102893 13.989094 -11.011728 -1.951593
1769099882.152888 13.986717 -11.017633 -1.951063
1769099882.202878 13.983314 -11.026119 -1.951089
1769099882.252889 13.981069 -11.031730 -1.952043
1769099882.302941 13.978699 -11.037665 -1.952472
1769099882.352909 13.975066 -11.046708 -1.951543
1769099882.402900 13.972757 -11.052467 -1.951559
1769099882.452955 13.969373 -11.060962 -1.954291
1769099882.502968 13.966971 -11.066951 -1.956050
1769099882.552986 13.964540 -11.073018 -1.959341
1769099882.602894 13.960847 -11.082038 -1.959943
1769099882.652905 13.958292 -11.088343 -1.961046
1769099882.702894 13.955936 -11.094096 -1.959652
1769099882.752900 13.952399 -11.102768 -1.958792
1769099882.802884 13.950031 -11.108612 -1.957483
1769099882.852978 13.947798 -11.114145 -1.955950
1769099882.902889 13.944323 -11.122802 -1.956275
1769099882.952925 13.942032 -11.128548 -1.958203
1769099883.002885 13.939791 -11.134150 -1.960173
1769099883.052915 13.936180 -11.142999 -1.960197
1769099883.102890 13.933766 -11.148922 -1.959370
1769099883.152895 13.930148 -11.157838 -1.960485
1769099883.202886 13.927695 -11.163889 -1.961087
1769099883.252892 13.925337 -11.169636 -1.959667
1769099883.302898 13.921713 -11.178533 -1.960863
1769099883.352969 13.919371 -11.184300 -1.962543
1769099883.402914 13.916977 -11.190150 -1.962922
1769099883.452911 13.913472 -11.198655 -1.962978
1769099883.502923 13.911083 -11.204513 -1.962941
1769099883.552952 13.907446 -11.213368 -1.961942
1769099883.602947 13.904959 -11.219459 -1.961019
1769099883.652982 13.902591 -11.225276 -1.959816
1769099883.702955 13.899014 -11.234072 -1.959771
1769099883.752995 13.896636 -11.239966 -1.960892
1769099883.802956 13.894201 -11.245969 -1.961925
1769099883.852954 13.891789 -11.251938 -1.964911
1769099883.902921 13.888049 -11.261004 -1.966630
1769099883.952942 13.885517 -11.267133 -1.967011
1769099884.002980 13.883037 -11.273135 -1.966805
1769099884.052906 13.879252 -11.282265 -1.966445
1769099884.102917 13.876819 -11.288194 -1.965952
1769099884.152905 13.874389 -11.294109 -1.964720
1769099884.202930 13.870823 -11.302798 -1.964657
1769099884.252938 13.868497 -11.308478 -1.964295
1769099884.302942 13.866137 -11.314364 -1.967983
1769099884.352912 13.862479 -11.323179 -1.967719
1769099884.402935 13.859983 -11.329199 -1.966301
1769099884.452929 13.857545 -11.335129 -1.966601
1769099884.502913 13.853928 -11.343870 -1.965841
1769099884.552962 13.851479 -11.349839 -1.966445
1769099884.602941 13.849052 -11.355804 -1.968876
1769099884.652939 13.845293 -11.364821 -1.969248
1769099884.702936 13.842842 -11.370749 -1.970418
1769099884.752947 13.840310 -11.376841 -1.971145
1769099884.802997 13.836591 -11.385683 -1.969829
1769099884.852936 13.834103 -11.391664 -1.968792
1769099884.902926 13.831661 -11.397533 -1.966609
1769099884.952989 13.828019 -11.406336 -1.964675
1769099885.003012 13.825607 -11.412259 -1.965413
1769099885.052943 13.823299 -11.417904 -1.966062
1769099885.103005 13.819660 -11.426773 -1.968323
1769099885.152944 13.817214 -11.432746 -1.969947
1769099885.202929 13.814722 -11.438718 -1.970163
1769099885.252991 13.810844 -11.448032 -1.972021
1769099885.303005 13.808388 -11.453879 -1.972939
1769099885.352938 13.805758 -11.460157 -1.974762
1769099885.402928 13.802019 -11.468978 -1.974397
1769099885.452959 13.799514 -11.474977 -1.976761
1769099885.502932 13.797066 -11.480794 -1.978268
1769099885.553011 13.793464 -11.489197 -1.976872
1769099885.602950 13.791112 -11.494794 -1.978224
1769099885.653032 13.787417 -11.503409 -1.976228
1769099885.702939 13.785079 -11.508995 -1.977436
1769099885.752954 13.782575 -11.514855 -1.975894
1769099885.802947 13.778820 -11.523695 -1.975552
1769099885.852985 13.776333 -11.529568 -1.975789
1769099885.902993 13.773854 -11.535461 -1.977389
1769099885.952985 13.770018 -11.544434 -1.977982
1769099886.002952 13.767506 -11.550354 -1.980375
1769099886.052939 13.764917 -11.556396 -1.981957
1769099886.102958 13.761021 -11.565391 -1.981989
1769099886.152985 13.758438 -11.571391 -1.982425
1769099886.203003 13.755864 -11.577343 -1.980760
1769099886.252971 13.752077 -11.586130 -1.979131
1769099886.302947 13.749604 -11.591951 -1.979648
1769099886.352964 13.747205 -11.597591 -1.980329
1769099886.402946 13.743445 -11.606338 -1.980277
1769099886.452966 13.740972 -11.612143 -1.980891
1769099886.502974 13.738425 -11.618097 -1.981548
1769099886.552966 13.735873 -11.624146 -1.984213
1769099886.602981 13.731969 -11.633146 -1.983715
1769099886.652972 13.729281 -11.639349 -1.982795
1769099886.702958 13.726806 -11.645168 -1.985150
1769099886.752949 13.722952 -11.654045 -1.987058
1769099886.802983 13.720375 -11.660004 -1.988042
1769099886.852978 13.717798 -11.665901 -1.987843
1769099886.902970 13.713895 -11.674848 -1.989209
1769099886.952991 13.711382 -11.680525 -1.986196
1769099887.002955 13.708771 -11.686572 -1.986777
1769099887.053028 13.705024 -11.695132 -1.985075
1769099887.102958 13.702527 -11.700958 -1.986693
1769099887.152962 13.700025 -11.706728 -1.986602
1769099887.202959 13.696237 -11.715430 -1.988164
1769099887.252960 13.693608 -11.721478 -1.990186
1769099887.302960 13.691234 -11.726902 -1.991523
1769099887.352962 13.687395 -11.735570 -1.991830
1769099887.402980 13.684746 -11.741590 -1.993063
1769099887.452963 13.680728 -11.750609 -1.993092
1769099887.502989 13.678035 -11.756629 -1.990368
1769099887.552987 13.675519 -11.762377 -1.989839
1769099887.603056 13.671674 -11.771102 -1.989174
1769099887.653025 13.669142 -11.776840 -1.987227
1769099887.703010 13.666587 -11.782676 -1.987143
1769099887.753037 13.662746 -11.791444 -1.988312
1769099887.802970 13.660213 -11.797193 -1.987481
1769099887.853003 13.657639 -11.803123 -1.988538
1769099887.902987 13.655025 -11.809028 -1.987532
1769099887.953018 13.651073 -11.817991 -1.986713
1769099888.002998 13.648505 -11.823875 -1.988384
1769099888.053046 13.644596 -11.832733 -1.989781
1769099888.102984 13.641984 -11.838704 -1.992453
1769099888.152991 13.639367 -11.844629 -1.994381
1769099888.203008 13.636714 -11.850641 -1.997354
1769099888.252993 13.632733 -11.859443 -1.995889
1769099888.302974 13.630050 -11.865475 -1.995770
1769099888.352979 13.626152 -11.874142 -1.993549
1769099888.402981 13.623592 -11.879923 -1.992963
1769099888.452999 13.621087 -11.885574 -1.992266
1769099888.502981 13.618568 -11.891258 -1.991971
1769099888.553020 13.614644 -11.900085 -1.993001
1769099888.602981 13.612090 -11.905810 -1.993695
1769099888.653080 13.609340 -11.911939 -1.993247
1769099888.703024 13.605439 -11.920701 -1.994513
1769099888.753015 13.602733 -11.926752 -1.994972
1769099888.803005 13.600041 -11.932749 -1.994493
1769099888.852989 13.596055 -11.941627 -1.995199
1769099888.903004 13.593404 -11.947521 -1.994596
1769099888.953015 13.590831 -11.953315 -1.996216
1769099889.003029 13.586914 -11.962001 -1.996232
1769099889.053016 13.584318 -11.967752 -1.994891
1769099889.103020 13.581696 -11.973551 -1.992592
1769099889.153022 13.577676 -11.982584 -1.992908
1769099889.202997 13.575278 -11.987886 -1.990455
1769099889.253019 13.572585 -11.993930 -1.989032
1769099889.303014 13.568779 -12.002581 -1.991753
1769099889.353079 13.566187 -12.008398 -1.992299
1769099889.403016 13.563555 -12.014331 -1.994412
1769099889.452998 13.559729 -12.022871 -1.996528
1769099889.503017 13.557007 -12.028931 -1.997814
1769099889.553066 13.554341 -12.034802 -1.996729
1769099889.603019 13.550229 -12.043918 -1.996692
1769099889.653076 13.547624 -12.049707 -1.996042
1769099889.703048 13.544965 -12.055623 -1.993735
1769099889.753066 13.541129 -12.064224 -1.992974
1769099889.803120 13.538628 -12.069822 -1.991257
1769099889.853016 13.536091 -12.075620 -1.993804
1769099889.903073 13.532209 -12.084276 -1.993798
1769099889.953054 13.529575 -12.090172 -1.993762
1769099890.003053 13.527103 -12.095697 -1.993731
1769099890.053027 13.523075 -12.104685 -1.993698
1769099890.103043 13.520394 -12.110663 -1.993109
1769099890.153024 13.517750 -12.116601 -1.994665
1769099890.203029 13.513790 -12.125426 -1.996861
1769099890.253035 13.511107 -12.131371 -1.998194
1769099890.303027 13.508432 -12.137297 -2.001077
1769099890.353034 13.504438 -12.145983 -2.000271
1769099890.403083 13.501757 -12.151880 -2.001080
1769099890.453031 13.499100 -12.157719 -2.001015
1769099890.503016 13.495133 -12.166372 -1.998656
1769099890.553012 13.492421 -12.172371 -1.998541
1769099890.603028 13.489903 -12.177940 -1.998477
1769099890.653041 13.485968 -12.186605 -1.998456
1769099890.703087 13.483328 -12.192496 -2.001040
1769099890.753093 13.480671 -12.198305 -2.000857
1769099890.803042 13.476496 -12.207450 -2.002196
1769099890.853021 13.473841 -12.213223 -2.002260
1769099890.903040 13.470993 -12.219412 -2.001994
1769099890.953054 13.467128 -12.227806 -2.000942
1769099891.003040 13.464431 -12.233693 -2.000038
1769099891.053061 13.461814 -12.239428 -1.999807
1769099891.103043 13.457858 -12.248061 -1.998274
1769099891.153058 13.455197 -12.253931 -1.998844
1769099891.203047 13.452681 -12.259464 -1.998498
1769099891.253104 13.448724 -12.268220 -2.000252
1769099891.303059 13.446071 -12.274079 -2.001353
1769099891.353050 13.443400 -12.279935 -2.001302
1769099891.403041 13.439293 -12.288883 -2.000283
1769099891.453028 13.436712 -12.294564 -2.000690
1769099891.503053 13.434005 -12.300478 -2.000944
1769099891.553033 13.429972 -12.309290 -2.002904
1769099891.603101 13.427282 -12.315155 -2.005016
1769099891.653031 13.424532 -12.321079 -2.004817
1769099891.703059 13.420438 -12.329918 -2.004818
1769099891.753109 13.417640 -12.335929 -2.003196
1769099891.803085 13.415146 -12.341320 -2.000986
1769099891.853095 13.411161 -12.350045 -2.000886
1769099891.903093 13.408595 -12.355631 -1.999132
1769099891.953062 13.405938 -12.361444 -1.998821
1769099892.003058 13.402013 -12.370079 -2.000229
1769099892.053086 13.399372 -12.375873 -2.002240
1769099892.103071 13.396667 -12.381766 -2.003219
1769099892.153068 13.392552 -12.390668 -2.002832
1769099892.203062 13.389767 -12.396728 -2.003466
1769099892.253068 13.387050 -12.402597 -2.003819
1769099892.303114 13.382966 -12.411464 -2.006085
1769099892.353067 13.380267 -12.417306 -2.007794
1769099892.403080 13.377507 -12.423176 -2.007378
1769099892.453051 13.373440 -12.431942 -2.010769
1769099892.503049 13.370763 -12.437549 -2.008837
1769099892.553076 13.367979 -12.443503 -2.010766
1769099892.603068 13.363970 -12.451973 -2.008733
1769099892.653080 13.361256 -12.457813 -2.011439
1769099892.703079 13.358537 -12.463569 -2.010805
1769099892.753077 13.354472 -12.472212 -2.012756
1769099892.803077 13.351680 -12.478108 -2.015719
1769099892.853076 13.348932 -12.483889 -2.021559
1769099892.903078 13.344695 -12.492654 -2.028460
1769099892.953082 13.341780 -12.498538 -2.032493
1769099893.003150 13.338990 -12.504063 -2.037909
1769099893.053082 13.334522 -12.512944 -2.046962
1769099893.103083 13.331726 -12.518336 -2.050687
1769099893.153080 13.328773 -12.524014 -2.055497
1769099893.203081 13.324326 -12.532452 -2.059325
1769099893.253078 13.321542 -12.537659 -2.063933
1769099893.303150 13.317057 -12.545973 -2.068096
1769099893.353096 13.314059 -12.551512 -2.073533
1769099893.403093 13.310960 -12.557215 -2.081134
1769099893.453092 13.307756 -12.562893 -2.081837
1769099893.503087 13.303039 -12.571303 -2.086209
1769099893.553090 13.299752 -12.577024 -2.087006
1769099893.603088 13.294904 -12.585633 -2.095042
1769099893.653088 13.291730 -12.591144 -2.100655
1769099893.703103 13.288429 -12.596814 -2.107735
1769099893.753092 13.285170 -12.602323 -2.113024
1769099893.803109 13.280217 -12.610643 -2.120032
1769099893.853090 13.276969 -12.615919 -2.120470
1769099893.903109 13.273594 -12.621507 -2.126219
1769099893.953115 13.268649 -12.629439 -2.126356
1769099894.003102 13.265331 -12.634794 -2.131513
1769099894.053097 13.261896 -12.640308 -2.138259
1769099894.103220 13.256764 -12.648346 -2.145094
1769099894.153123 13.253273 -12.653803 -2.154609
1769099894.203096 13.249701 -12.659164 -2.157339
1769099894.253105 13.244308 -12.667309 -2.166242
1769099894.303093 13.240669 -12.672660 -2.169101
1769099894.353155 13.236940 -12.678050 -2.169030
1769099894.403105 13.231483 -12.685992 -2.170505
1769099894.453105 13.227834 -12.691241 -2.170664
1769099894.503080 13.224186 -12.696542 -2.174117
1769099894.553102 13.218776 -12.704325 -2.176768
1769099894.603118 13.215174 -12.709476 -2.181614
1769099894.653105 13.211520 -12.714685 -2.187260
1769099894.703115 13.205962 -12.722490 -2.192951
1769099894.753106 13.202256 -12.727513 -2.194117
1769099894.803107 13.198425 -12.732818 -2.201774
1769099894.853106 13.192810 -12.740329 -2.203040
1769099894.903106 13.188994 -12.745394 -2.207746
1769099894.953114 13.185066 -12.750585 -2.213469
1769099895.003086 13.179081 -12.758326 -2.215991
1769099895.053099 13.175129 -12.763510 -2.224388
1769099895.103110 13.171154 -12.768500 -2.224697
1769099895.153124 13.165404 -12.775909 -2.230809
1769099895.203118 13.161446 -12.780859 -2.230249
1769099895.253097 13.157580 -12.785786 -2.234355
1769099895.303114 13.151695 -12.793239 -2.237759
1769099895.353115 13.147573 -12.798446 -2.244331
1769099895.403100 13.143594 -12.803380 -2.250078
1769099895.453101 13.137458 -12.810946 -2.258988
1769099895.503126 13.133363 -12.815833 -2.263233
1769099895.553123 13.129078 -12.820913 -2.271457
1769099895.603129 13.122860 -12.828150 -2.276921
1769099895.653123 13.118638 -12.833015 -2.283464
1769099895.703133 13.114307 -12.837956 -2.289350
1769099895.753168 13.107831 -12.845227 -2.290523
1769099895.803134 13.103510 -12.850136 -2.296837
1769099895.853206 13.099211 -12.854920 -2.299125
1769099895.903162 13.092873 -12.861965 -2.303786
1769099895.953132 13.088574 -12.866682 -2.307396
1769099896.003128 13.084300 -12.871254 -2.308121
1769099896.053158 13.077912 -12.878231 -2.315588
1769099896.103147 13.073444 -12.882961 -2.318798
1769099896.153179 13.068989 -12.887733 -2.326861
1769099896.203148 13.062232 -12.894819 -2.333178
1769099896.253143 13.057606 -12.899631 -2.339552
1769099896.303136 13.052991 -12.904256 -2.342798
1769099896.353133 13.046057 -12.911297 -2.349729
1769099896.403129 13.041594 -12.915682 -2.351579
1769099896.453136 13.037093 -12.920147 -2.356162
1769099896.503142 13.030303 -12.926791 -2.358712
1769099896.553153 13.025831 -12.931192 -2.363932
1769099896.603141 13.021289 -12.935653 -2.370828
1769099896.653147 13.014359 -12.942265 -2.372860
1769099896.703151 13.009692 -12.946752 -2.379287
1769099896.753143 13.004905 -12.951236 -2.382838
1769099896.803144 12.997812 -12.957934 -2.390563
1769099896.853200 12.993164 -12.962186 -2.393602
1769099896.903131 12.988380 -12.966529 -2.398486
1769099896.953147 12.981153 -12.973060 -2.405065
1769099897.003145 12.976526 -12.977273 -2.414137
1769099897.053153 12.971751 -12.981389 -2.416270
1769099897.103213 12.964732 -12.987533 -2.422041
1769099897.153165 12.959843 -12.991645 -2.420800
1769099897.203194 12.954982 -12.995795 -2.424074
1769099897.253196 12.947737 -13.002033 -2.429097
1769099897.303131 12.942913 -13.006140 -2.435174
1769099897.353137 12.937948 -13.010313 -2.442437
1769099897.403199 12.930510 -13.016442 -2.447990
1769099897.453165 12.925524 -13.020566 -2.457198
1769099897.503159 12.920401 -13.024657 -2.462849
1769099897.553200 12.912671 -13.030741 -2.466627
1769099897.603154 12.907465 -13.034830 -2.471333
1769099897.653168 12.902268 -13.038822 -2.473849
1769099897.703147 12.894703 -13.044694 -2.479599
1769099897.753212 12.889605 -13.048526 -2.481119
1769099897.803175 12.884608 -13.052343 -2.486622
1769099897.853167 12.877033 -13.058059 -2.490703
1769099897.903228 12.871952 -13.061909 -2.496407
1769099897.953189 12.866876 -13.065604 -2.498810
1769099898.003207 12.859053 -13.071449 -2.506270
1769099898.053204 12.853892 -13.075154 -2.508539
1769099898.103168 12.848572 -13.079039 -2.516615
1769099898.153180 12.840548 -13.084755 -2.523310
1769099898.203163 12.835323 -13.088473 -2.532201
1769099898.253175 12.829871 -13.092277 -2.541186
1769099898.303167 12.822093 -13.097489 -2.544946
1769099898.353177 12.816799 -13.101040 -2.549863
1769099898.403170 12.811678 -13.104356 -2.550127
1769099898.453151 12.803797 -13.109607 -2.554920
1769099898.503148 12.798468 -13.113149 -2.559645
1769099898.553147 12.793145 -13.116580 -2.561553
1769099898.603179 12.785095 -13.121819 -2.566541
1769099898.653224 12.779645 -13.125352 -2.572289
1769099898.703192 12.774323 -13.128712 -2.577653
1769099898.753172 12.766119 -13.133904 -2.586901
1769099898.803177 12.760489 -13.137295 -2.590395
1769099898.853181 12.754973 -13.140627 -2.596598
1769099898.903181 12.746569 -13.145648 -2.603211
1769099898.953199 12.740880 -13.148960 -2.606587
1769099899.003250 12.735188 -13.152303 -2.613389
1769099899.053186 12.726712 -13.157156 -2.617240
1769099899.103195 12.721202 -13.160331 -2.623232
1769099899.153182 12.715704 -13.163415 -2.626080
1769099899.203189 12.707571 -13.167935 -2.628146
1769099899.253201 12.702103 -13.170934 -2.629630
1769099899.303190 12.696481 -13.174024 -2.631922
1769099899.353246 12.688104 -13.178589 -2.635868
1769099899.403201 12.682361 -13.181695 -2.639621
1769099899.453252 12.676574 -13.184825 -2.646023
1769099899.503193 12.667879 -13.189450 -2.653048
1769099899.553166 12.662028 -13.192559 -2.661083
1769099899.603194 12.656302 -13.195365 -2.662172
1769099899.653193 12.647594 -13.199838 -2.669761
1769099899.703255 12.641996 -13.202520 -2.670355
1769099899.753232 12.636117 -13.205404 -2.673880
1769099899.803277 12.627639 -13.209512 -2.675826
1769099899.853288 12.621831 -13.212329 -2.679916
1769099899.903191 12.615991 -13.215180 -2.686559
1769099899.953224 12.610183 -13.217951 -2.691025
1769099900.003304 12.601467 -13.222138 -2.700825
1769099900.053194 12.595595 -13.224786 -2.704486
1769099900.103190 12.589856 -13.227432 -2.710857
1769099900.153205 12.581013 -13.231356 -2.714220
1769099900.203212 12.574879 -13.234034 -2.718812
1769099900.253210 12.568893 -13.236640 -2.724834
1769099900.303212 12.559773 -13.240559 -2.729363
1769099900.353290 12.553753 -13.243101 -2.733051
1769099900.403208 12.547814 -13.245558 -2.735791
1769099900.453268 12.539061 -13.249242 -2.741269
1769099900.503259 12.533257 -13.251662 -2.745687
1769099900.553228 12.527468 -13.254098 -2.752662
1769099900.603230 12.518749 -13.257553 -2.755796
1769099900.653232 12.513103 -13.259895 -2.765459
1769099900.703268 12.507054 -13.262208 -2.769267
1769099900.753206 12.497860 -13.265678 -2.773259
1769099900.803213 12.491707 -13.267989 -2.777931
1769099900.853222 12.485493 -13.270281 -2.782457
1769099900.903224 12.476398 -13.273622 -2.789082
1769099900.953212 12.470261 -13.275751 -2.789333
1769099901.003319 12.464353 -13.277838 -2.793918
1769099901.053197 12.455301 -13.280986 -2.797358
1769099901.103220 12.449287 -13.283082 -2.801341
1769099901.153275 12.443193 -13.285216 -2.806404
1769099901.203224 12.433959 -13.288508 -2.816726
1769099901.253285 12.428043 -13.290452 -2.819217
1769099901.303289 12.422115 -13.292550 -2.829272
1769099901.353240 12.413001 -13.295471 -2.834159
1769099901.403285 12.406875 -13.297459 -2.842732
1769099901.453334 12.397980 -13.300122 -2.848245
1769099901.503307 12.392045 -13.301813 -2.852596
1769099901.553199 12.385759 -13.303666 -2.859148
1769099901.603286 12.376914 -13.306081 -2.861543
1769099901.653270 12.370712 -13.307884 -2.868454
1769099901.703310 12.361767 -13.310272 -2.867907
1769099901.753240 12.355619 -13.311942 -2.869486
1769099901.803251 12.349900 -13.313479 -2.871728
1769099901.853296 12.340954 -13.315903 -2.875899
1769099901.903268 12.334981 -13.317534 -2.882769
1769099901.953315 12.326070 -13.319820 -2.888717
1769099902.003320 12.319846 -13.321382 -2.893567
1769099902.053240 12.313818 -13.322910 -2.902029
1769099902.103232 12.304674 -13.324973 -2.903110
1769099902.153248 12.298333 -13.326450 -2.908188
1769099902.203233 12.291833 -13.327989 -2.916138
1769099902.253243 12.282256 -13.330070 -2.921091
1769099902.303237 12.275902 -13.331459 -2.927564
1769099902.353267 12.269685 -13.332660 -2.928919
1769099902.403244 12.260507 -13.334641 -2.937097
1769099902.453242 12.254398 -13.335857 -2.940230
1769099902.503235 12.248202 -13.337022 -2.941542
1769099902.553327 12.238857 -13.338925 -2.947117
1769099902.603301 12.232326 -13.340172 -2.948571
1769099902.653319 12.226103 -13.341414 -2.955603
1769099902.703233 12.216550 -13.343194 -2.962382
1769099902.753336 12.210101 -13.344404 -2.971471
1769099902.803274 12.203645 -13.345565 -2.981260
1769099902.853245 12.193930 -13.347159 -2.992771
1769099902.903254 12.187588 -13.348058 -2.996666
1769099902.953362 12.181250 -13.348985 -3.002124
1769099903.003277 12.171720 -13.350232 -3.002696
1769099903.053263 12.165333 -13.351125 -3.006749
1769099903.103328 12.158917 -13.352013 -3.010193
1769099903.153351 12.149514 -13.353279 -3.015277
1769099903.203251 12.143086 -13.354214 -3.023767
1769099903.253254 12.136866 -13.354927 -3.027134
1769099903.303286 12.127413 -13.356033 -3.034419
1769099903.353257 12.121069 -13.356676 -3.037390
1769099903.403267 12.114688 -13.357405 -3.043994
1769099903.453340 12.104957 -13.358278 -3.046847
1769099903.503258 12.098313 -13.358923 -3.052575
1769099903.553258 12.091871 -13.359474 -3.057323
1769099903.603338 12.082084 -13.360325 -3.064768
1769099903.653322 12.075783 -13.360766 -3.067962
1769099903.703276 12.069329 -13.361265 -3.073203
1769099903.753273 12.059971 -13.361813 -3.074413
1769099903.803258 12.053794 -13.362162 -3.076301
1769099903.853261 12.047411 -13.362605 -3.080783
1769099903.903353 12.037857 -13.363120 -3.084120
1769099903.953331 12.031312 -13.363523 -3.090190
1769099904.003336 12.024819 -13.363805 -3.093275
1769099904.053285 12.018255 -13.364183 -3.101143
1769099904.103266 12.008465 -13.364533 -3.107683
1769099904.153250 12.002002 -13.364617 -3.107359
1769099904.203261 11.992422 -13.364871 -3.110547
1769099904.253241 11.985978 -13.364971 -3.110155
1769099904.303259 11.979592 -13.365136 -3.111345
1769099904.353361 11.973138 -13.365285 -3.110427
1769099904.403348 11.963479 -13.365513 -3.107213
1769099904.453323 11.957504 -13.365669 -3.105449
1769099904.503349 11.947871 -13.365967 -3.103037
1769099904.553379 11.941593 -13.366233 -3.104436
1769099904.603334 11.935161 -13.366435 -3.103608
1769099904.653315 11.925622 -13.366869 -3.107263
1769099904.703331 11.919293 -13.367074 -3.107303
1769099904.753265 11.912811 -13.367236 -3.106632
1769099904.803246 11.903003 -13.367547 -3.107186
1769099904.853364 11.896365 -13.367679 -3.105507
1769099904.903260 11.889829 -13.367927 -3.108047
1769099904.953266 11.880143 -13.368149 -3.106123
1769099905.003266 11.873775 -13.368290 -3.104056
1769099905.053250 11.867522 -13.368457 -3.101746
1769099905.103224 11.861158 -13.368727 -3.103005
1769099905.153260 11.851760 -13.369088 -3.102656
1769099905.203329 11.845281 -13.369243 -3.098268
1769099905.253338 11.838892 -13.369552 -3.099452
1769099905.303333 11.829211 -13.369939 -3.098078
1769099905.353262 11.822664 -13.370306 -3.100819
1769099905.403252 11.816219 -13.370574 -3.101695
1769099905.453230 11.806490 -13.370863 -3.100355
1769099905.503266 11.800198 -13.371146 -3.105241
1769099905.553242 11.793512 -13.371415 -3.109787
1769099905.603248 11.783961 -13.371609 -3.114121
1769099905.653250 11.777413 -13.371791 -3.119405
1769099905.703265 11.771327 -13.371885 -3.122586
1769099905.753247 11.761657 -13.372040 -3.127442
1769099905.803302 11.755616 -13.372153 -3.133003
1769099905.853285 11.746608 -13.372160 -3.134634
1769099905.903323 11.740174 -13.372369 3.139236
1769099905.953309 11.733996 -13.372376 3.134412
1769099906.003341 11.724355 -13.372365 3.125863
1769099906.053325 11.718180 -13.372240 3.121793
1769099906.103314 11.711704 -13.372061 3.118558
1769099906.153321 11.701879 -13.371828 3.110117
1769099906.203287 11.695278 -13.371523 3.107749
1769099906.253299 11.688799 -13.371244 3.103118
1769099906.303308 11.679156 -13.370746 3.100700
1769099906.353291 11.672744 -13.370499 3.094541
1769099906.403309 11.666497 -13.370112 3.091964
1769099906.453290 11.656879 -13.369653 3.085542
1769099906.503319 11.650726 -13.369236 3.082946
1769099906.553290 11.644064 -13.368922 3.075994
1769099906.603325 11.634668 -13.368236 3.073464
1769099906.653294 11.628114 -13.367828 3.067032
1769099906.703296 11.621505 -13.367475 3.056874
1769099906.753383 11.611947 -13.366660 3.049645
1769099906.803310 11.605419 -13.366186 3.039301
1769099906.853373 11.598905 -13.365483 3.035163
1769099906.903298 11.589496 -13.364461 3.027289
1769099906.953341 11.583150 -13.363631 3.025967
1769099907.003371 11.576643 -13.362776 3.026634
1769099907.053311 11.567211 -13.361570 3.028437
1769099907.103300 11.560927 -13.360767 3.031097
1769099907.153330 11.554611 -13.360142 3.028751
1769099907.203396 11.545230 -13.359116 3.028046
1769099907.253393 11.538965 -13.358454 3.025875
1769099907.303308 11.532683 -13.357717 3.025409
1769099907.353404 11.523143 -13.356565 3.025537
1769099907.403325 11.516655 -13.355765 3.026396
1769099907.453306 11.510218 -13.354946 3.028761
1769099907.503315 11.500368 -13.353884 3.025427
1769099907.553301 11.493932 -13.353046 3.027283
1769099907.603311 11.487362 -13.352251 3.026835
1769099907.653331 11.477806 -13.351112 3.025694
1769099907.703344 11.471447 -13.350256 3.026771
1769099907.753361 11.465392 -13.349614 3.023600
1769099907.803321 11.456034 -13.348358 3.028018
1769099907.853336 11.449711 -13.347721 3.025420
1769099907.903407 11.443621 -13.346918 3.029554
1769099907.953362 11.433994 -13.345886 3.030314
1769099908.003342 11.427757 -13.345141 3.032549
1769099908.053317 11.421267 -13.344421 3.032520
1769099908.103328 11.411751 -13.343397 3.029014
1769099908.153339 11.405330 -13.342527 3.031098
1769099908.203343 11.398876 -13.341779 3.028696
1769099908.253324 11.389234 -13.340492 3.031009
1769099908.303398 11.382602 -13.339756 3.029933
1769099908.353327 11.376206 -13.339037 3.029634
1769099908.403405 11.366625 -13.337865 3.033614
1769099908.453323 11.360297 -13.337234 3.032512
1769099908.503328 11.354024 -13.336503 3.033958
1769099908.553339 11.344582 -13.335556 3.031664
1769099908.603325 11.338325 -13.334867 3.030950
1769099908.653332 11.332102 -13.334091 3.032496
1769099908.703348 11.322859 -13.333060 3.032448
1769099908.753336 11.316369 -13.332270 3.034647
1769099908.803331 11.309868 -13.331609 3.032777
1769099908.853342 11.300127 -13.330524 3.033626
1769099908.903344 11.293527 -13.329945 3.028193
1769099908.953337 11.287447 -13.329222 3.026668
1769099909.003346 11.278068 -13.328100 3.025830
1769099909.053319 11.271722 -13.327403 3.022728
1769099909.103410 11.262540 -13.326150 3.026635
1769099909.153402 11.256185 -13.325494 3.024925
1769099909.203336 11.250108 -13.324732 3.028621
1769099909.253341 11.240574 -13.323697 3.030483
1769099909.303338 11.234399 -13.322966 3.033674
1769099909.353341 11.227959 -13.322268 3.034295
1769099909.403316 11.218526 -13.321272 3.031479
1769099909.453348 11.212165 -13.320490 3.032863
1769099909.503343 11.205708 -13.319834 3.029418
1769099909.553343 11.196063 -13.318651 3.030332
1769099909.603343 11.189422 -13.317890 3.029691
1769099909.653346 11.182950 -13.317186 3.028409
1769099909.703374 11.173141 -13.315963 3.033189
1769099909.753366 11.166784 -13.315354 3.030416
1769099909.803408 11.160354 -13.314607 3.032186
1769099909.853370 11.150868 -13.313624 3.030388
1769099909.903415 11.145043 -13.312950 3.031577
1769099909.953425 11.138791 -13.312251 3.032426
1769099910.003385 11.129277 -13.311266 3.032704
1769099910.053340 11.123090 -13.310495 3.036232
1769099910.103432 11.116614 -13.309860 3.035438
1769099910.153367 11.106947 -13.308826 3.037207
1769099910.203358 11.100441 -13.308262 3.032591
1769099910.253366 11.093948 -13.307604 3.029279
1769099910.303371 11.084298 -13.306492 3.028449
1769099910.353366 11.077859 -13.305775 3.026567
1769099910.403360 11.071457 -13.304954 3.028776
1769099910.453362 11.062028 -13.303918 3.027247
1769099910.503365 11.055685 -13.303130 3.031032
1769099910.553363 11.049453 -13.302380 3.034029
1769099910.603378 11.040283 -13.301425 3.036027
1769099910.653365 11.033956 -13.300715 3.037906
1769099910.703370 11.027648 -13.300161 3.033948
1769099910.753366 11.018446 -13.299115 3.035727
1769099910.803367 11.012051 -13.298531 3.032871
1769099910.853447 11.005726 -13.297777 3.034452
1769099910.903370 10.996118 -13.296798 3.033922
1769099910.953388 10.989640 -13.296203 3.031220
1769099911.003372 10.980283 -13.295074 3.034919
1769099911.053382 10.973773 -13.294513 3.030944
1769099911.103372 10.967297 -13.293782 3.032434
1769099911.153373 10.957636 -13.292791 3.030622
1769099911.203369 10.951490 -13.292063 3.033866
1769099911.253373 10.945194 -13.291315 3.037828
1769099911.303389 10.936124 -13.290379 3.040228
1769099911.353446 10.929783 -13.289738 3.042959
1769099911.403389 10.923419 -13.289196 3.042215
1769099911.453374 10.914287 -13.288300 3.044308
1769099911.503385 10.907885 -13.287780 3.041514
1769099911.553380 10.901404 -13.287200 3.040297
1769099911.603452 10.891713 -13.286212 3.039645
1769099911.653492 10.885252 -13.285571 3.038552
1769099911.703482 10.879196 -13.284890 3.040159
1769099911.753541 10.869595 -13.283941 3.037065
1769099911.803418 10.863074 -13.283241 3.039512
1769099911.853427 10.853860 -13.282314 3.040873
1769099911.903406 10.847823 -13.281747 3.041847
1769099911.953498 10.841504 -13.281072 3.044330
1769099912.003412 10.832067 -13.280265 3.041084
1769099912.053387 10.825781 -13.279567 3.044256
1769099912.103397 10.819344 -13.279021 3.042119
1769099912.153389 10.809845 -13.278080 3.044354
1769099912.203412 10.803218 -13.277545 3.041353
1769099912.253391 10.797122 -13.277026 3.040895
1769099912.303400 10.787392 -13.276029 3.044131
1769099912.353401 10.781193 -13.275574 3.040821
1769099912.403394 10.774732 -13.274924 3.040724
1769099912.453462 10.764958 -13.274025 3.037013
1769099912.503396 10.758575 -13.273344 3.038630
1769099912.553413 10.752563 -13.272718 3.040819
1769099912.603400 10.743085 -13.271765 3.043934
1769099912.653404 10.736738 -13.271108 3.048785
1769099912.703399 10.730369 -13.270620 3.048112
1769099912.753404 10.720904 -13.269803 3.049827
1769099912.803401 10.714918 -13.269346 3.048395
1769099912.853403 10.708643 -13.268779 3.049038
1769099912.903412 10.698962 -13.267996 3.045726
1769099912.953403 10.692509 -13.267458 3.043929
1769099913.003419 10.686073 -13.266834 3.045348
1769099913.053406 10.676219 -13.265955 3.043809
1769099913.103415 10.670081 -13.265333 3.045313
1769099913.153408 10.660297 -13.264455 3.045742
1769099913.203407 10.654106 -13.263980 3.042956
1769099913.253409 10.648058 -13.263363 3.045219
1769099913.303409 10.639212 -13.262588 3.043738
1769099913.353426 10.633215 -13.261998 3.046574
1769099913.403414 10.624036 -13.261254 3.043866
1769099913.453422 10.618085 -13.260643 3.047425
1769099913.503413 10.611731 -13.260088 3.050037
1769099913.553425 10.602100 -13.259249 3.052702
1769099913.603436 10.595639 -13.258686 3.053933
1769099913.653435 10.589171 -13.258293 3.048882
1769099913.703475 10.579436 -13.257386 3.049192
1769099913.753445 10.572947 -13.256929 3.044164
1769099913.803535 10.566371 -13.256297 3.044531
1769099913.853435 10.556639 -13.255368 3.045363
1769099913.903440 10.550262 -13.254742 3.048054
1769099913.953513 10.543796 -13.254140 3.052293
1769099914.003427 10.534296 -13.253408 3.050951
1769099914.053422 10.527949 -13.252855 3.053504
1769099914.103424 10.521764 -13.252435 3.051700
1769099914.153430 10.512264 -13.251648 3.051748
1769099914.203426 10.505904 -13.251175 3.049681
1769099914.253438 10.499580 -13.250718 3.047070
1769099914.303428 10.489789 -13.249816 3.047705
1769099914.353434 10.483255 -13.249367 3.044689
1769099914.403422 10.476720 -13.248790 3.046440
1769099914.453423 10.466962 -13.247972 3.044812
1769099914.503428 10.460531 -13.247444 3.043939
1769099914.553431 10.454071 -13.246805 3.044780
1769099914.603443 10.444564 -13.245948 3.043216
1769099914.653431 10.438147 -13.245266 3.047640
1769099914.703435 10.431899 -13.244717 3.050563
1769099914.753508 10.422404 -13.243847 3.058425
1769099914.803437 10.415898 -13.243341 3.063552
1769099914.853515 10.409606 -13.242931 3.067623
1769099914.903449 10.399993 -13.242283 3.074398
1769099914.953459 10.393488 -13.241985 3.074627
1769099915.003396 10.387152 -13.241565 3.080058
1769099915.053447 10.377463 -13.241116 3.080115
1769099915.103440 10.370939 -13.240705 3.084754
1769099915.153451 10.364354 -13.240368 3.086850
1769099915.203442 10.357702 -13.240066 3.088987
1769099915.253443 10.347809 -13.239609 3.092549
1769099915.303455 10.341115 -13.239355 3.095674
1769099915.353436 10.334882 -13.239117 3.099214
1769099915.403457 10.325285 -13.238779 3.104829
1769099915.453446 10.319318 -13.238610 3.107588
1769099915.503454 10.310145 -13.238325 3.113992
1769099915.553526 10.303852 -13.238150 3.119712
1769099915.603456 10.297363 -13.238086 3.121746
1769099915.653467 10.287659 -13.237957 3.125799
1769099915.703492 10.281088 -13.237927 3.125928
1769099915.753495 10.274614 -13.237889 3.125436
1769099915.803531 10.264994 -13.237823 3.121923
1769099915.853456 10.258531 -13.237797 3.118491
1769099915.903454 10.252061 -13.237655 3.117953
1769099915.953463 10.242276 -13.237473 3.114963
1769099916.003471 10.235635 -13.237304 3.115693
1769099916.053462 10.229500 -13.237160 3.117473
1769099916.103536 10.219807 -13.236941 3.118764
1769099916.153454 10.213424 -13.236802 3.120739
1769099916.203474 10.207065 -13.236753 3.120070
1769099916.253456 10.197681 -13.236582 3.122141
1769099916.303460 10.191324 -13.236524 3.121101
1769099916.353461 10.185087 -13.236450 3.121618
1769099916.403468 10.175568 -13.236347 3.120151
1769099916.453463 10.169302 -13.236355 3.116068
1769099916.503464 10.162804 -13.236244 3.117096
1769099916.553490 10.153060 -13.236168 3.112194
1769099916.603467 10.146890 -13.236020 3.113346
1769099916.653474 10.137447 -13.235844 3.111262
1769099916.703470 10.131391 -13.235714 3.111263
1769099916.753512 10.124923 -13.235560 3.111478
1769099916.803476 10.115801 -13.235309 3.112327
1769099916.853534 10.109366 -13.235150 3.114384
1769099916.903545 10.100092 -13.235019 3.112948
1769099916.953471 10.094095 -13.234869 3.115725
1769099917.003489 10.087973 -13.234790 3.115049
1769099917.053474 10.078589 -13.234624 3.115490
1769099917.103483 10.072278 -13.234517 3.114724
1769099917.153549 10.062876 -13.234378 3.110891
1769099917.203475 10.056490 -13.234206 3.109652
1769099917.253476 10.050269 -13.234084 3.106476
1769099917.303478 10.040670 -13.233754 3.107047
1769099917.353503 10.034014 -13.233603 3.104518
1769099917.403553 10.027764 -13.233424 3.103911
1769099917.453487 10.018390 -13.233102 3.105661
1769099917.503482 10.012025 -13.232964 3.104240
1769099917.553490 10.002903 -13.232667 3.106108
1769099917.603566 9.996912 -13.232559 3.104224
1769099917.653484 9.990576 -13.232353 3.107201
1769099917.703508 9.981220 -13.232121 3.107334
1769099917.753486 9.974996 -13.232050 3.104736
1769099917.803514 9.965274 -13.231771 3.105597
1769099917.853519 9.958632 -13.231713 3.101497
1769099917.903518 9.952148 -13.231530 3.101518
1769099917.953527 9.942415 -13.231259 3.098481
1769099918.003497 9.935958 -13.231027 3.099659
1769099918.053527 9.929394 -13.230819 3.098553
1769099918.103495 9.923020 -13.230590 3.098111
1769099918.153513 9.913377 -13.230183 3.100276
1769099918.203494 9.906910 -13.230001 3.099926
1769099918.253499 9.900529 -13.229752 3.102465
1769099918.303562 9.890931 -13.229468 3.102632
1769099918.353503 9.884653 -13.229348 3.101421
1769099918.403495 9.878423 -13.229183 3.101270
1769099918.453512 9.868837 -13.228926 3.099416
1769099918.503502 9.862408 -13.228691 3.099935
1769099918.553499 9.855875 -13.228542 3.096605
1769099918.603527 9.846001 -13.228123 3.097137
1769099918.653501 9.839373 -13.227920 3.094955
1769099918.703511 9.833167 -13.227695 3.093955
1769099918.753541 9.823425 -13.227265 3.093413
1769099918.803499 9.817061 -13.227051 3.091800
1769099918.853502 9.807813 -13.226622 3.092884
1769099918.903503 9.801359 -13.226391 3.091829
1769099918.953511 9.794999 -13.226078 3.096081
1769099919.003603 9.788605 -13.225874 3.095747
1769099919.053519 9.778963 -13.225550 3.095032
1769099919.103524 9.772833 -13.225335 3.096377
1769099919.153518 9.762965 -13.225028 3.094446
1769099919.203510 9.756668 -13.224779 3.095762
1769099919.253511 9.750514 -13.224607 3.092920
1769099919.303519 9.741122 -13.224208 3.091766
1769099919.353525 9.734647 -13.223907 3.091740
1769099919.403604 9.728073 -13.223657 3.088753
1769099919.453533 9.718224 -13.223134 3.090341
1769099919.503542 9.711714 -13.222878 3.088819
1769099919.553601 9.705264 -13.222567 3.091037
1769099919.603539 9.695636 -13.222163 3.090602
1769099919.653526 9.689389 -13.221927 3.090394
1769099919.703521 9.683214 -13.221690 3.090831
1769099919.753588 9.673804 -13.221316 3.090323
1769099919.803524 9.667408 -13.221009 3.092046
1769099919.853549 9.660983 -13.220805 3.088665
1769099919.903552 9.651050 -13.220321 3.090081
1769099919.953556 9.644782 -13.220074 3.087841
1769099920.003549 9.638219 -13.219799 3.086067
1769099920.053550 9.628555 -13.219312 3.084054
1769099920.103553 9.622079 -13.219040 3.080891
1769099920.153533 9.615955 -13.218703 3.081316
1769099920.203552 9.606339 -13.218189 3.079162
1769099920.253550 9.599979 -13.217775 3.083195
1769099920.303557 9.593855 -13.217491 3.082149
1769099920.353623 9.584219 -13.217005 3.084094
1769099920.403556 9.578094 -13.216691 3.086433
1769099920.453549 9.568442 -13.216274 3.085232
1769099920.503535 9.562212 -13.215966 3.086837
1769099920.553597 9.555810 -13.215716 3.084530
1769099920.603534 9.546198 -13.215236 3.083434
1769099920.653543 9.540099 -13.214903 3.083424
1769099920.703552 9.533826 -13.214638 3.079627
1769099920.753554 9.524539 -13.214074 3.080423
1769099920.803612 9.518208 -13.213767 3.077748
1769099920.853540 9.508737 -13.213186 3.079150
1769099920.903565 9.502636 -13.212855 3.079219
1769099920.953552 9.493568 -13.212308 3.081153
1769099921.003618 9.487252 -13.212004 3.079991
1769099921.053553 9.481220 -13.211705 3.078971
1769099921.103619 9.471925 -13.211163 3.081403
1769099921.153544 9.465441 -13.210886 3.078923
1769099921.203545 9.458905 -13.210545 3.080402
1769099921.253546 9.449413 -13.210074 3.078081
1769099921.303544 9.442888 -13.209725 3.078364
1769099921.353549 9.436446 -13.209375 3.077940
1769099921.403546 9.427139 -13.208861 3.074840
1769099921.453560 9.420754 -13.208470 3.073963
1769099921.503551 9.414497 -13.208120 3.070562
1769099921.553556 9.405138 -13.207426 3.072712
1769099921.603551 9.398670 -13.206977 3.075072
1769099921.653556 9.388963 -13.206341 3.076600
1769099921.703572 9.382548 -13.205913 3.079210
1769099921.753596 9.376134 -13.205596 3.077421
1769099921.803594 9.367009 -13.205016 3.080057
1769099921.853584 9.360665 -13.204700 3.078221
1769099921.903578 9.354662 -13.204367 3.077985
1769099921.953585 9.345351 -13.203824 3.076310
1769099922.003589 9.339129 -13.203518 3.073387
1769099922.053599 9.329689 -13.202892 3.074729
1769099922.103561 9.323004 -13.202557 3.071358
1769099922.153590 9.316763 -13.202131 3.073189
1769099922.203562 9.307237 -13.201549 3.071196
1769099922.253629 9.300892 -13.201102 3.073296
1769099922.303567 9.294477 -13.200660 3.074049
1769099922.353573 9.285389 -13.200042 3.075008
1769099922.403665 9.279435 -13.199620 3.077918
1769099922.453568 9.270149 -13.199046 3.077984
1769099922.503603 9.264118 -13.198632 3.081689
1769099922.553591 9.257640 -13.198289 3.079860
1769099922.603589 9.248628 -13.197750 3.080679
1769099922.653639 9.242275 -13.197339 3.081293
1769099922.703587 9.232574 -13.196817 3.077017
1769099922.753596 9.226178 -13.196403 3.075667
1769099922.803600 9.219638 -13.195986 3.072244
1769099922.853572 9.210143 -13.195287 3.072808
1769099922.903573 9.203871 -13.194856 3.071418
1769099922.953648 9.197297 -13.194410 3.070350
1769099923.003604 9.187950 -13.193703 3.073053
1769099923.053586 9.181541 -13.193280 3.073399
1769099923.103651 9.175641 -13.192825 3.077073
1769099923.153581 9.166481 -13.192289 3.074796
1769099923.203582 9.160525 -13.191872 3.077018
1769099923.253609 9.151275 -13.191299 3.075962
1769099923.303606 9.145081 -13.190938 3.074278
1769099923.353605 9.135744 -13.190319 3.075510
1769099923.403598 9.129520 -13.189986 3.072595
1769099923.453605 9.122951 -13.189539 3.073360
1769099923.503598 9.113490 -13.188951 3.070012
1769099923.553603 9.107454 -13.188586 3.066949
1769099923.603602 9.097798 -13.187891 3.065995
1769099923.653604 9.091703 -13.187433 3.067352
1769099923.703601 9.085301 -13.186946 3.069508
1769099923.753632 9.075707 -13.186271 3.070286
1769099923.803606 9.069357 -13.185813 3.073088
1769099923.853618 9.062953 -13.185395 3.073161
1769099923.903610 9.054098 -13.184812 3.074678
1769099923.953633 9.047800 -13.184428 3.073750
1769099924.003681 9.041328 -13.184081 3.070161
1769099924.053630 9.031784 -13.183422 3.069774
1769099924.103616 9.025582 -13.183042 3.066808
1769099924.153630 9.019202 -13.182584 3.066562
1769099924.203618 9.009249 -13.181891 3.063728
1769099924.253659 9.002658 -13.181443 3.061047
1769099924.303651 8.993187 -13.180675 3.063244
1769099924.353666 8.986756 -13.180225 3.061653
1769099924.403632 8.980770 -13.179741 3.065378
1769099924.453620 8.971237 -13.179077 3.063431
1769099924.503694 8.965305 -13.178599 3.066826
1769099924.553615 8.958971 -13.178137 3.068073
1769099924.603602 8.949827 -13.177465 3.070542
1769099924.653700 8.943713 -13.177017 3.073643
1769099924.703635 8.934293 -13.176426 3.071769
1769099924.753697 8.928150 -13.175987 3.073120
1769099924.803627 8.921696 -13.175578 3.070357
1769099924.853627 8.912446 -13.174899 3.070250
1769099924.903623 8.905896 -13.174460 3.066994
1769099924.953613 8.899677 -13.174049 3.063318
1769099925.003624 8.890265 -13.173286 3.063709
1769099925.053628 8.884054 -13.172848 3.062350
1769099925.103623 8.874319 -13.172073 3.065052
1769099925.153632 8.868276 -13.171635 3.066080
1769099925.203690 8.859108 -13.170967 3.067519
1769099925.253628 8.853240 -13.170563 3.067595
1769099925.303614 8.846912 -13.170185 3.065105
1769099925.353631 8.837792 -13.169524 3.065868
1769099925.403626 8.831650 -13.169147 3.062449
1769099925.453648 8.822147 -13.168425 3.063419
1769099925.503635 8.815587 -13.167991 3.060443
1769099925.553633 8.809008 -13.167543 3.057567
1769099925.603644 8.799565 -13.166776 3.058410
1769099925.653704 8.793108 -13.166310 3.055778
1769099925.703641 8.786692 -13.165791 3.056573
1769099925.753711 8.777060 -13.165032 3.054571
1769099925.803665 8.770809 -13.164481 3.058365
1769099925.853646 8.764463 -13.163940 3.061623
1769099925.903672 8.755212 -13.163232 3.063158
1769099925.953674 8.748846 -13.162732 3.065044
1769099926.003647 8.742704 -13.162313 3.064727
1769099926.053649 8.733423 -13.161614 3.066764
1769099926.103654 8.727222 -13.161200 3.065090
1769099926.153670 8.718063 -13.160527 3.064166
1769099926.203630 8.711960 -13.160099 3.061361
1769099926.253655 8.705718 -13.159691 3.056571
1769099926.303656 8.696160 -13.158892 3.057162
1769099926.353659 8.689547 -13.158380 3.055528
1769099926.403635 8.680051 -13.157592 3.056703
1769099926.453656 8.673886 -13.157119 3.055886
1769099926.503637 8.667853 -13.156654 3.057179
1769099926.553660 8.658752 -13.155941 3.057998
1769099926.603640 8.652475 -13.155483 3.057807
1769099926.653652 8.643485 -13.154756 3.060515
1769099926.703660 8.637059 -13.154320 3.058278
1769099926.753659 8.630599 -13.153825 3.060625
1769099926.803658 8.621182 -13.153150 3.057750
1769099926.853716 8.614654 -13.152646 3.058584
1769099926.903664 8.608112 -13.152136 3.058660
1769099926.953678 8.598440 -13.151404 3.055125
1769099927.003660 8.592347 -13.150900 3.055135
1769099927.053741 8.585918 -13.150392 3.052498
1769099927.103645 8.576475 -13.149553 3.053415
1769099927.153652 8.570459 -13.149001 3.056351
1769099927.203646 8.561117 -13.148206 3.058038
1769099927.253646 8.554724 -13.147659 3.060411
1769099927.303709 8.548235 -13.147168 3.060033
1769099927.353718 8.538995 -13.146408 3.063245
1769099927.403660 8.532726 -13.145958 3.061406
1769099927.453722 8.526439 -13.145499 3.059915
1769099927.503656 8.516890 -13.144751 3.058626
1769099927.553652 8.510392 -13.144258 3.057028
1769099927.603652 8.503934 -13.143703 3.058147
1769099927.653656 8.494262 -13.142950 3.054343
1769099927.703655 8.487675 -13.142378 3.055587
1769099927.753675 8.481121 -13.141823 3.055402
1769099927.803679 8.471432 -13.140986 3.056322
1769099927.853666 8.465157 -13.140454 3.055914
1769099927.903674 8.458831 -13.139942 3.054975
1769099927.953678 8.449454 -13.139113 3.057185
1769099928.003753 8.443048 -13.138605 3.056310
1769099928.053698 8.436815 -13.138065 3.059505
1769099928.103671 8.427069 -13.137312 3.057601
1769099928.153661 8.420627 -13.136769 3.059119
1769099928.203770 8.414157 -13.136233 3.059736
1769099928.253741 8.404884 -13.135509 3.056272
1769099928.303734 8.398524 -13.134964 3.055104
1769099928.353665 8.392357 -13.134458 3.050094
1769099928.403688 8.382634 -13.133544 3.050004
1769099928.453667 8.376105 -13.132945 3.047705
1769099928.503670 8.369855 -13.132392 3.046044
1769099928.553771 8.360104 -13.131440 3.048272
1769099928.603670 8.353633 -13.130864 3.048075
1769099928.653700 8.347289 -13.130254 3.051389
1769099928.703691 8.337868 -13.129466 3.048211
1769099928.753742 8.331538 -13.128868 3.050346
1769099928.803744 8.325599 -13.128322 3.050562
1769099928.853744 8.316044 -13.127479 3.049597
1769099928.903704 8.309580 -13.126900 3.048678
1769099928.953695 8.302960 -13.126339 3.044865
1769099929.003720 8.293513 -13.125419 3.046288
1769099929.053701 8.286936 -13.124793 3.045856
1769099929.103706 8.277490 -13.123897 3.044770
1769099929.153742 8.271414 -13.123315 3.043395
1769099929.203753 8.264980 -13.122709 3.041198
1769099929.253692 8.255416 -13.121728 3.042643
1769099929.303750 8.249162 -13.121124 3.042720
1769099929.353713 8.242837 -13.120485 3.046171
1769099929.403703 8.233453 -13.119613 3.045572
1769099929.453716 8.227172 -13.118999 3.047930
1769099929.503747 8.220796 -13.118383 3.049776
1769099929.553712 8.211300 -13.117539 3.047088
1769099929.603709 8.204926 -13.116925 3.046696
1769099929.653766 8.198493 -13.116350 3.041400
1769099929.703707 8.188763 -13.115359 3.040679
1769099929.753746 8.182221 -13.114717 3.037246
1769099929.803730 8.175584 -13.114048 3.035024
1769099929.853734 8.169129 -13.113352 3.035433
1769099929.903758 8.159344 -13.112318 3.035191
1769099929.953788 8.152923 -13.111613 3.038591
1769099930.003726 8.146683 -13.110986 3.036870
1769099930.053746 8.137269 -13.109976 3.039567
1769099930.103778 8.130891 -13.109314 3.040119
1769099930.153742 8.124609 -13.108657 3.041268
1769099930.203716 8.115121 -13.107678 3.042447
1769099930.253695 8.108581 -13.107056 3.039543
1769099930.303718 8.102049 -13.106372 3.040850
1769099930.353730 8.092315 -13.105419 3.037348
1769099930.403712 8.085764 -13.104754 3.035826
1769099930.453708 8.079670 -13.104116 3.034446
1769099930.503717 8.070357 -13.103109 3.034170
1769099930.553728 8.063916 -13.102386 3.034458
1769099930.603707 8.054495 -13.101382 3.032948
1769099930.653723 8.048109 -13.100656 3.035561
1769099930.703778 8.041761 -13.099976 3.036642
1769099930.753726 8.032216 -13.098972 3.037715
1769099930.803711 8.026020 -13.098322 3.038515
1769099930.853732 8.019818 -13.097716 3.036806
1769099930.903728 8.010422 -13.096731 3.038368
1769099930.953745 8.003979 -13.096109 3.033589
1769099931.003715 7.997597 -13.095422 3.034125
1769099931.053735 7.988204 -13.094443 3.031128
1769099931.103784 7.981564 -13.093726 3.030374
1769099931.153781 7.975112 -13.092992 3.031313
1769099931.203782 7.965666 -13.091961 3.029237
1769099931.253741 7.959173 -13.091219 3.029927
1769099931.303802 7.953275 -13.090567 3.028697
1769099931.353716 7.944029 -13.089491 3.031283
1769099931.403750 7.937984 -13.088788 3.033098
1769099931.453719 7.928606 -13.087748 3.034539
1769099931.503725 7.922572 -13.087055 3.038310
1769099931.553739 7.916414 -13.086409 3.038160
1769099931.603724 7.907164 -13.085409 3.040999
1769099931.653743 7.901033 -13.084771 3.039446
1769099931.703727 7.891752 -13.083790 3.039651
1769099931.753755 7.885719 -13.083162 3.036676
1769099931.803749 7.879236 -13.082505 3.031067
1769099931.853766 7.869506 -13.081391 3.030956
1769099931.903743 7.862896 -13.080678 3.027798
1769099931.953776 7.856387 -13.079909 3.029611
1769099932.003770 7.846622 -13.078811 3.028834
1769099932.053775 7.840277 -13.078074 3.031019
1769099932.103751 7.833948 -13.077342 3.033611
1769099932.153756 7.824678 -13.076333 3.033492
1769099932.203743 7.818462 -13.075638 3.034597
1769099932.253798 7.812173 -13.074964 3.031938
1769099932.303760 7.802607 -13.073874 3.034589
1769099932.353759 7.796060 -13.073173 3.031907
1769099932.403760 7.789523 -13.072463 3.029721
1769099932.453751 7.780171 -13.071396 3.029316
1769099932.503758 7.773968 -13.070707 3.026888
1769099932.553764 7.767829 -13.069964 3.027885
1769099932.603768 7.758235 -13.068865 3.024539
1769099932.653746 7.752103 -13.068130 3.023727
1769099932.703809 7.742871 -13.067003 3.023460
1769099932.753811 7.736578 -13.066199 3.026902
1769099932.803768 7.730528 -13.065427 3.031009
1769099932.853769 7.720888 -13.064322 3.031665
1769099932.903824 7.714584 -13.063544 3.036463
1769099932.953813 7.708212 -13.062823 3.038278
1769099933.003759 7.698756 -13.061782 3.043258
1769099933.053770 7.692487 -13.061101 3.045573
1769099933.103755 7.686042 -13.060464 3.045299
1769099933.153749 7.676459 -13.059480 3.050148
1769099933.203778 7.669770 -13.058866 3.049160
1769099933.253771 7.663311 -13.058223 3.054101
1769099933.303774 7.653377 -13.057329 3.054817
1769099933.353779 7.646919 -13.056703 3.059842
1769099933.403774 7.640533 -13.056106 3.064767
1769099933.453794 7.631010 -13.055293 3.070834
1769099933.503830 7.624877 -13.054758 3.077268
1769099933.553763 7.618680 -13.054252 3.085097
1769099933.603779 7.609389 -13.053659 3.089010
1769099933.653776 7.603288 -13.053253 3.095500
1769099933.703791 7.594306 -13.052753 3.100469
1769099933.753789 7.587749 -13.052404 3.103528
1769099933.803797 7.581746 -13.052056 3.108648
1769099933.853809 7.571982 -13.051659 3.109259
1769099933.903809 7.565719 -13.051331 3.114881
1769099933.953810 7.559255 -13.051048 3.117718
1769099934.003782 7.549444 -13.050713 3.120692
1769099934.053827 7.542904 -13.050457 3.123256
1769099934.103784 7.536632 -13.050271 3.122366
1769099934.153831 7.526910 -13.049979 3.126326
1769099934.203792 7.520412 -13.049809 3.124787
1769099934.253791 7.514099 -13.049616 3.125968
1769099934.303793 7.504996 -13.049391 3.125593
1769099934.353840 7.498751 -13.049218 3.125599
1769099934.403793 7.492756 -13.049041 3.125623
1769099934.453786 7.483042 -13.048801 3.126013
1769099934.503796 7.476668 -13.048635 3.124813
1769099934.553774 7.467163 -13.048401 3.125113
1769099934.603803 7.460630 -13.048240 3.121934
1769099934.653794 7.454116 -13.048049 3.120715
1769099934.703797 7.444522 -13.047780 3.119287
1769099934.753797 7.438253 -13.047586 3.117692
1769099934.803795 7.431791 -13.047371 3.117369
1769099934.853797 7.422235 -13.047076 3.117884
1769099934.903798 7.415858 -13.046844 3.120796
1769099934.953818 7.409440 -13.046649 3.121950
1769099935.003801 7.399808 -13.046397 3.124799
1769099935.053806 7.393682 -13.046237 3.124858
1769099935.103857 7.387430 -13.046094 3.123417
1769099935.153808 7.378224 -13.045857 3.126541
1769099935.203806 7.372217 -13.045726 3.125326
1769099935.253853 7.362995 -13.045519 3.125631
1769099935.303798 7.356512 -13.045374 3.123691
1769099935.353853 7.350165 -13.045217 3.123113
1769099935.403827 7.340178 -13.044981 3.122453
1769099935.453786 7.334093 -13.044821 3.122029
1769099935.503818 7.324699 -13.044581 3.122245
1769099935.553812 7.318617 -13.044407 3.123340
1769099935.603822 7.312613 -13.044230 3.124410
1769099935.653814 7.303064 -13.044033 3.123508
1769099935.703809 7.296782 -13.043877 3.123172
1769099935.753888 7.290598 -13.043738 3.122008
1769099935.803829 7.281338 -13.043519 3.123209
1769099935.853847 7.274788 -13.043355 3.123806
1769099935.903837 7.268330 -13.043212 3.121125
1769099935.953887 7.258608 -13.042989 3.118917
1769099936.003816 7.252460 -13.042826 3.116882
1769099936.053828 7.246045 -13.042627 3.116834
1769099936.103902 7.236216 -13.042370 3.112232
1769099936.153824 7.229783 -13.042134 3.112341
1769099936.203830 7.223124 -13.041905 3.111262
1769099936.253821 7.213501 -13.041561 3.112031
1769099936.303878 7.207469 -13.041333 3.113878
1769099936.353832 7.197998 -13.041040 3.113146
1769099936.403870 7.192212 -13.040827 3.114455
1769099936.453837 7.185773 -13.040598 3.116470
1769099936.503830 7.176781 -13.040336 3.116180
1769099936.553905 7.170788 -13.040143 3.114966
1769099936.603893 7.164305 -13.039938 3.114004
1769099936.653860 7.154493 -13.039626 3.113801
1769099936.703828 7.148256 -13.039393 3.114485
1769099936.753810 7.138770 -13.039094 3.112021
1769099936.803828 7.132197 -13.038845 3.109634
1769099936.853833 7.125834 -13.038587 3.108625
1769099936.903812 7.116184 -13.038203 3.108550
1769099936.953834 7.109879 -13.037923 3.110666
1769099937.003840 7.103583 -13.037613 3.114244
1769099937.053839 7.093752 -13.037267 3.112569
1769099937.103891 7.087826 -13.036986 3.114099
1769099937.153842 7.081216 -13.036726 3.112312
1769099937.203886 7.071857 -13.036378 3.110591
1769099937.253838 7.065747 -13.036096 3.110005
1769099937.303835 7.059681 -13.035822 3.108099
1769099937.353905 7.050354 -13.035421 3.106709
1769099937.403846 7.044157 -13.035126 3.103420
1769099937.453907 7.035058 -13.034663 3.105201
1769099937.503892 7.028700 -13.034334 3.101046
1769099937.553900 7.019249 -13.033821 3.101381
1769099937.603892 7.013040 -13.033456 3.100157
1769099937.653849 7.003952 -13.032954 3.100379
1769099937.703914 6.998107 -13.032585 3.101773
1769099937.753854 6.991627 -13.032199 3.103712
1769099937.803866 6.982398 -13.031740 3.104394
1769099937.853855 6.976374 -13.031390 3.106489
1769099937.903876 6.970328 -13.031076 3.105927
1769099937.953920 6.960923 -13.030641 3.104563
1769099938.003923 6.954745 -13.030291 3.105337
1769099938.053883 6.945643 -13.029859 3.102976
1769099938.103852 6.939333 -13.029507 3.100458
1769099938.153931 6.930065 -13.029016 3.098687
1769099938.203860 6.923884 -13.028625 3.097541
1769099938.253861 6.914892 -13.028125 3.095485
1769099938.303867 6.908839 -13.027722 3.095399
1769099938.353861 6.902592 -13.027350 3.091716
1769099938.403900 6.893282 -13.026767 3.094358
1769099938.453860 6.886985 -13.026378 3.092582
1769099938.503872 6.878247 -13.025852 3.093034
1769099938.553909 6.872238 -13.025452 3.091432
1769099938.603873 6.862890 -13.024883 3.090224
1769099938.653919 6.857014 -13.024473 3.089452
1769099938.703869 6.850937 -13.024084 3.084702
1769099938.753872 6.841205 -13.023422 3.086498
1769099938.803846 6.834805 -13.022968 3.082979
1769099938.853868 6.825017 -13.022291 3.080312
1769099938.903869 6.818428 -13.021790 3.077357
1769099938.953940 6.811942 -13.021282 3.073970
1769099939.003848 6.805518 -13.020739 3.073482
1769099939.053927 6.796247 -13.019992 3.075223
1769099939.103870 6.790122 -13.019481 3.076599
1769099939.153874 6.780606 -13.018757 3.077031
1769099939.203873 6.774618 -13.018292 3.076341
1769099939.253878 6.768458 -13.017799 3.075858
1769099939.303895 6.759423 -13.017116 3.075375
1769099939.353875 6.753056 -13.016615 3.073194
1769099939.403883 6.743726 -13.015895 3.071673
1769099939.453859 6.737644 -13.015390 3.070066
1769099939.503882 6.731494 -13.014869 3.068264
1769099939.553885 6.721883 -13.014092 3.066179
1769099939.603873 6.715369 -13.013483 3.068796
1769099939.653960 6.705695 -13.012698 3.064370
1769099939.703928 6.699718 -13.012111 3.067373
1769099939.753905 6.693055 -13.011513 3.065499
1769099939.803908 6.683680 -13.010690 3.065941
1769099939.853902 6.677423 -13.010121 3.062976
1769099939.903958 6.671116 -13.009544 3.060866
1769099939.953900 6.661987 -13.008712 3.060533
1769099940.003913 6.655813 -13.008122 3.060270
1769099940.053917 6.649515 -13.007520 3.060708
1769099940.103884 6.640028 -13.006677 3.057844
1769099940.153888 6.633527 -13.006055 3.056661
1769099940.203886 6.626824 -13.005408 3.054022
1769099940.253870 6.616979 -13.004458 3.051950
1769099940.303884 6.610658 -13.003815 3.049018
1769099940.353893 6.604116 -13.003132 3.047784
1769099940.403872 6.595103 -13.002202 3.048074
1769099940.453888 6.588770 -13.001510 3.050751
1769099940.503896 6.579475 -13.000581 3.051921
1769099940.553917 6.573157 -12.999922 3.053748
1769099940.603895 6.567062 -12.999300 3.054648
1769099940.653962 6.557582 -12.998399 3.053183
1769099940.703951 6.551390 -12.997779 3.052590
1769099940.753907 6.542316 -12.996904 3.051112
1769099940.803956 6.536322 -12.996297 3.050425
1769099940.853908 6.530300 -12.995682 3.048452
1769099940.903900 6.520808 -12.994730 3.047139
1769099940.953905 6.514103 -12.994047 3.044579
1769099941.003923 6.508024 -12.993376 3.046123
1769099941.053960 6.498198 -12.992375 3.043064
1769099941.103951 6.491809 -12.991680 3.043016
1769099941.153967 6.485425 -12.990971 3.043387
1769099941.203914 6.476254 -12.990015 3.042331
1769099941.253915 6.470103 -12.989300 3.045651
1769099941.303885 6.460801 -12.988327 3.044021
1769099941.353922 6.454571 -12.987616 3.045953
1769099941.403906 6.447995 -12.986894 3.044565
1769099941.453918 6.438402 -12.985877 3.042621
1769099941.503911 6.431883 -12.985152 3.039842
1769099941.553907 6.425776 -12.984436 3.039497
1769099941.603957 6.416074 -12.983346 3.038497
1769099941.653919 6.409835 -12.982627 3.035172
1769099941.703920 6.403560 -12.981856 3.035623
1769099941.753919 6.393935 -12.980729 3.034984
1769099941.803943 6.387476 -12.979935 3.035599
1769099941.853994 6.381101 -12.979139 3.037743
1769099941.903937 6.371618 -12.978043 3.037739
1769099941.953939 6.365865 -12.977335 3.038755
1769099942.003945 6.356691 -12.976275 3.040712
1769099942.053959 6.350426 -12.975540 3.040050
1769099942.103980 6.344441 -12.974846 3.038804
1769099942.153932 6.334930 -12.973786 3.038076
1769099942.203926 6.328438 -12.973034 3.036686
1769099942.253920 6.321830 -12.972245 3.037027
1769099942.303922 6.312777 -12.971213 3.035988
1769099942.353931 6.306442 -12.970450 3.034429
1769099942.403932 6.297201 -12.969359 3.033705
1769099942.453904 6.290796 -12.968569 3.032995
1769099942.503932 6.284739 -12.967834 3.032076
1769099942.553934 6.275597 -12.966729 3.033979
1769099942.604024 6.269555 -12.966009 3.033311
1769099942.653931 6.263313 -12.965223 3.037149
1769099942.703935 6.253975 -12.964153 3.036650
1769099942.753935 6.247962 -12.963444 3.035373
1769099942.803941 6.238684 -12.962375 3.035344
1769099942.853936 6.232217 -12.961621 3.032701
1769099942.903948 6.225814 -12.960840 3.032593
1769099942.953951 6.216083 -12.959702 3.030628
1769099943.003939 6.210191 -12.958951 3.032036
1769099943.053995 6.203553 -12.958128 3.029425
1769099943.103941 6.194169 -12.956964 3.030090
1769099943.153917 6.187969 -12.956165 3.030007
1769099943.203939 6.178852 -12.955033 3.030404
1769099943.253946 6.173029 -12.954283 3.030900
1769099943.303973 6.163559 -12.953123 3.032576
1769099943.353944 6.157706 -12.952386 3.033546
1769099943.403934 6.151654 -12.951632 3.035536
1769099943.453926 6.142289 -12.950561 3.033916
1769099943.503958 6.136335 -12.949835 3.033395
1769099943.554015 6.126708 -12.948697 3.034141
1769099943.603950 6.120650 -12.947962 3.032858
1769099943.653944 6.114374 -12.947184 3.032746
1769099943.703961 6.105176 -12.946092 3.030189
1769099943.753937 6.099026 -12.945312 3.029452
1769099943.803973 6.089249 -12.944138 3.027252
1769099943.853971 6.083404 -12.943374 3.028046
1769099943.903950 6.077264 -12.942619 3.024734
1769099943.954003 6.067684 -12.941394 3.029774
1769099944.004010 6.061271 -12.940594 3.028643
1769099944.053947 6.054970 -12.939796 3.029674
1769099944.103963 6.045765 -12.938692 3.028106
1769099944.153938 6.039481 -12.937913 3.026443
1769099944.203970 6.033132 -12.937099 3.027838
1769099944.253965 6.023426 -12.935926 3.025689
1769099944.303968 6.017589 -12.935155 3.027170
1769099944.353963 6.010949 -12.934310 3.023908
1769099944.403969 6.001561 -12.933122 3.022150
1769099944.453944 5.995289 -12.932274 3.020402
1769099944.503967 5.985427 -12.930981 3.019152
1769099944.553979 5.979208 -12.930122 3.018068
1769099944.603962 5.972793 -12.929226 3.018968
1769099944.653955 5.963916 -12.928028 3.020808
1769099944.703974 5.957694 -12.927173 3.021734
1769099944.753970 5.951472 -12.926333 3.023128
1769099944.803968 5.941951 -12.925106 3.024612
1769099944.853973 5.935778 -12.924289 3.026414
1769099944.903978 5.926499 -12.923137 3.026537
1769099944.953975 5.920312 -12.922315 3.031931
1769099945.004003 5.914281 -12.921556 3.033476
1769099945.054015 5.904904 -12.920443 3.037076
1769099945.103985 5.898864 -12.919692 3.043703
1769099945.153957 5.889234 -12.918624 3.050151
1769099945.203980 5.883029 -12.917914 3.056251
1769099945.254050 5.876516 -12.917238 3.061151
1769099945.303981 5.867123 -12.916345 3.068979
1769099945.353999 5.860618 -12.915753 3.071030
1769099945.403965 5.854284 -12.915231 3.072448
1769099945.454044 5.845226 -12.914510 3.077046
1769099945.503983 5.838810 -12.914033 3.078160
1769099945.553991 5.832544 -12.913531 3.088043
1769099945.604027 5.822822 -12.912936 3.087059
1769099945.653975 5.816493 -12.912493 3.092352
1769099945.704009 5.810202 -12.912090 3.093525
1769099945.753990 5.800749 -12.911546 3.095533
1769099945.803985 5.794311 -12.911171 3.096538
1769099945.854022 5.784800 -12.910635 3.102415
1769099945.904020 5.778408 -12.910293 3.104022
1769099945.954041 5.771854 -12.909950 3.110606
1769099946.004005 5.762525 -12.909564 3.115674
1769099946.053996 5.756546 -12.909294 3.123807
1769099946.103986 5.750055 -12.909071 3.129983
1769099946.154004 5.740837 -12.908880 3.132023
1769099946.204004 5.734552 -12.908716 3.138431
1769099946.254066 5.725310 -12.908599 3.138922
1769099946.303998 5.718973 -12.908466 -3.138104
1769099946.354079 5.712582 -12.908366 -3.135152
1769099946.403996 5.703174 -12.908319 -3.132536
1769099946.454000 5.697082 -12.908248 -3.130201
1769099946.503998 5.690551 -12.908237 -3.131507
1769099946.553995 5.680864 -12.908236 -3.127407
1769099946.604006 5.674600 -12.908224 -3.124371
1769099946.653979 5.668159 -12.908247 -3.121262
1769099946.704011 5.658478 -12.908349 -3.116188
1769099946.754064 5.651987 -12.908412 -3.111940
1769099946.803983 5.646020 -12.908538 -3.110793
1769099946.854094 5.636320 -12.908743 -3.102760
1769099946.903986 5.630304 -12.908915 -3.102161
1769099946.954019 5.620800 -12.909222 -3.098784
1769099947.004006 5.614653 -12.909438 -3.102311
1769099947.054097 5.608359 -12.909641 -3.103801
1769099947.103987 5.599156 -12.909942 -3.106064
1769099947.154015 5.593006 -12.910132 -3.111362
1769099947.204066 5.583507 -12.910366 -3.108739
1769099947.254080 5.577332 -12.910547 -3.112894
1769099947.304020 5.570683 -12.910718 -3.112037
1769099947.353996 5.560796 -12.910974 -3.110072
1769099947.404046 5.554652 -12.911136 -3.108304
1769099947.453997 5.548207 -12.911303 -3.106583
1769099947.504054 5.539002 -12.911593 -3.107766
1769099947.553997 5.532962 -12.911755 -3.105914
1769099947.604073 5.523807 -12.912047 -3.106769
1769099947.654023 5.517538 -12.912224 -3.104110
1769099947.704032 5.511072 -12.912400 -3.100508
1769099947.754040 5.501539 -12.912743 -3.101261
1769099947.804070 5.495097 -12.912934 -3.098871
1769099947.854045 5.488949 -12.913176 -3.105227
1769099947.904060 5.479570 -12.913477 -3.104928
1769099947.954055 5.473118 -12.913706 -3.110433
1769099948.004021 5.466544 -12.913890 -3.110201
1769099948.054096 5.457115 -12.914135 -3.107819
1769099948.104022 5.450916 -12.914343 -3.110025
1769099948.154032 5.441106 -12.914628 -3.104262
1769099948.204045 5.434755 -12.914867 -3.105037
1769099948.254087 5.428685 -12.915095 -3.101968
1769099948.304029 5.419856 -12.915454 -3.103446
1769099948.354047 5.413609 -12.915697 -3.101261
1769099948.404101 5.407162 -12.915941 -3.100808
1769099948.454085 5.397703 -12.916326 -3.103182
1769099948.504015 5.391255 -12.916556 -3.102426
1769099948.554059 5.385083 -12.916802 -3.106354
1769099948.604015 5.375168 -12.917147 -3.104194
1769099948.654091 5.368692 -12.917394 -3.106465
1769099948.704033 5.362139 -12.917657 -3.108890
1769099948.754051 5.352348 -12.917989 -3.107464
1769099948.804037 5.345846 -12.918234 -3.107862
1769099948.854106 5.339445 -12.918457 -3.106080
1769099948.904037 5.329832 -12.918817 -3.107439
1769099948.954023 5.323886 -12.919039 -3.105010
1769099949.004056 5.314578 -12.919383 -3.101917
1769099949.054026 5.308255 -12.919647 -3.100731
1769099949.104050 5.301907 -12.919909 -3.097984
1769099949.154034 5.292701 -12.920341 -3.102109
1769099949.204048 5.286580 -12.920589 -3.100215
1769099949.254029 5.280181 -12.920873 -3.103652
1769099949.304024 5.270771 -12.921246 -3.102618
1769099949.354071 5.264499 -12.921472 -3.099599
1769099949.404107 5.255015 -12.921862 -3.099702
1769099949.454037 5.248440 -12.922096 -3.094452
1769099949.504029 5.241919 -12.922382 -3.093740
1769099949.554016 5.232312 -12.922827 -3.091184
1769099949.604054 5.226246 -12.923118 -3.091180
1769099949.654096 5.219951 -12.923431 -3.089467
1769099949.704048 5.210802 -12.923879 -3.087031
1769099949.754102 5.204409 -12.924198 -3.084936
1769099949.804085 5.198320 -12.924495 -3.082228
1769099949.854078 5.188696 -12.925041 -3.084801
1769099949.904078 5.182076 -12.925373 -3.082023
1769099949.954118 5.176040 -12.925688 -3.082679
1769099950.004077 5.166264 -12.926226 -3.082894
1769099950.054069 5.159694 -12.926538 -3.080406
1769099950.104050 5.150653 -12.927049 -3.084825
1769099950.154096 5.144083 -12.927361 -3.083521
1769099950.204066 5.137995 -12.927669 -3.083595
1769099950.254084 5.128343 -12.928178 -3.080112
1769099950.304067 5.128343 -12.928102 -3.076712
1769099950.354062 5.128344 -12.928003 -3.073339
1769099950.404064 5.106482 -12.929419 -3.069988
1769099950.454048 5.106483 -12.929317 -3.066925
1769099950.504059 5.091370 -12.930335 -3.066280
1769099950.554091 5.091374 -12.930218 -3.065731
1769099950.604075 5.091378 -12.930099 -3.065187
1769099950.654111 5.068943 -12.931657 -3.064878
1769099950.704082 5.068947 -12.931503 -3.063558
1769099950.754182 5.055700 -12.932367 -3.060501
1769099950.804071 5.055702 -12.932176 -3.057446
1769099950.854087 5.040092 -12.933292 -3.055145
1769099950.904057 5.033742 -12.933631 -3.053204
1769099950.954069 5.024139 -12.934284 -3.052357
1769099951.004125 5.018093 -12.934620 -3.052118
1769099951.054068 5.011824 -12.935010 -3.053284
1769099951.104079 5.011830 -12.934846 -3.054482
1769099951.154060 4.996533 -12.936050 -3.055961
1769099951.204077 4.996539 -12.935929 -3.057520
1769099951.254088 4.996544 -12.935821 -3.059065
1769099951.304182 4.996548 -12.935723 -3.060601
1769099951.354064 4.996553 -12.935638 -3.062118
1769099951.404085 4.996557 -12.935563 -3.063626
1769099951.454062 4.996560 -12.935500 -3.065121
1769099951.504095 4.996564 -12.935446 -3.066605
1769099951.554067 4.996567 -12.935404 -3.068076
1769099951.604082 4.996570 -12.935371 -3.069536
1769099951.654076 4.919838 -12.940873 -3.066532
1769099951.704124 4.913529 -12.941315 -3.064221
1769099951.754142 4.904450 -12.941997 -3.065574
1769099951.804078 4.898190 -12.942439 -3.063629
1769099951.854070 4.892239 -12.942873 -3.065502
1769099951.904121 4.883029 -12.943552 -3.066130
1769099951.954112 4.876546 -12.944025 -3.068791
1769099952.004110 4.870112 -12.944494 -3.069697
1769099952.054084 4.860637 -12.945147 -3.066223
1769099952.104117 4.854181 -12.945633 -3.068090
1769099952.154087 4.848046 -12.946071 -3.067123
1769099952.204102 4.838153 -12.946806 -3.069553
1769099952.254080 4.832090 -12.947258 -3.070097
1769099952.304100 4.822461 -12.947931 -3.066324
1769099952.354082 4.816072 -12.948406 -3.064432
1769099952.404100 4.809652 -12.948890 -3.060057
1769099952.454086 4.800402 -12.949656 -3.061134
1769099952.504108 4.793963 -12.950167 -3.056561
1769099952.554117 4.787614 -12.950704 -3.056187
1769099952.604088 4.778211 -12.951516 -3.057190
1769099952.654095 4.771703 -12.952064 -3.058267
1769099952.704085 4.765306 -12.952617 -3.063455
1769099952.754088 4.755939 -12.953366 -3.064804
1769099952.804105 4.749814 -12.953874 -3.068532
1769099952.854097 4.743136 -12.954394 -3.065178
1769099952.904099 4.733246 -12.955189 -3.066464
1769099952.954110 4.726733 -12.955734 -3.065204
1769099953.004119 4.720624 -12.956240 -3.062533
1769099953.054095 4.711042 -12.957056 -3.063926
1769099953.104119 4.705107 -12.957560 -3.062053
1769099953.154094 4.698881 -12.958103 -3.063342
1769099953.204119 4.689692 -12.958857 -3.060826
1769099953.254093 4.683355 -12.959382 -3.058173
1769099953.304097 4.674101 -12.960176 -3.058114
1769099953.354128 4.667944 -12.960702 -3.055651
1769099953.404119 4.661523 -12.961288 -3.058719
1769099953.454103 4.651809 -12.962116 -3.058096
1769099953.504127 4.645650 -12.962634 -3.057430
1769099953.554102 4.639161 -12.963186 -3.056953
1769099953.604126 4.629785 -12.963950 -3.052531
1769099953.654158 4.623332 -12.964523 -3.054175
1769099953.704173 4.613884 -12.965318 -3.048416
1769099953.754210 4.607565 -12.965903 -3.049338
1769099953.804152 4.601431 -12.966460 -3.044190
1769099953.854149 4.592224 -12.967355 -3.044537
1769099953.904127 4.586060 -12.967983 -3.046746
1769099953.954113 4.580040 -12.968563 -3.046245
1769099954.004123 4.570873 -12.969461 -3.048347
1769099954.054133 4.564493 -12.970056 -3.048416
1769099954.104132 4.555177 -12.970951 -3.052863
1769099954.154138 4.548872 -12.971539 -3.053092
1769099954.204125 4.539663 -12.972360 -3.051802
1769099954.254132 4.533130 -12.972966 -3.050574
1769099954.304133 4.526925 -12.973533 -3.049097
1769099954.354143 4.517627 -12.974414 -3.050448
1769099954.404135 4.511192 -12.975013 -3.048310
1769099954.454120 4.502050 -12.975886 -3.049766
1769099954.504148 4.496045 -12.976451 -3.047458
1769099954.554127 4.490094 -12.977007 -3.044434
1769099954.604150 4.480905 -12.977913 -3.043932
1769099954.654122 4.474532 -12.978531 -3.041661
1769099954.704141 4.468220 -12.979181 -3.043605
1769099954.754123 4.458872 -12.980104 -3.042367
1769099954.804134 4.452464 -12.980777 -3.047279
1769099954.854117 4.445984 -12.981414 -3.047319
1769099954.904193 4.436278 -12.982335 -3.047384
1769099954.954161 4.430158 -12.982950 -3.050883
1769099955.004153 4.420258 -12.983862 -3.046227
1769099955.054135 4.413818 -12.984518 -3.047570
1769099955.104160 4.407249 -12.985155 -3.042242
1769099955.154134 4.400955 -12.985800 -3.040241
1769099955.204149 4.391485 -12.986785 -3.038027
1769099955.254162 4.385145 -12.987457 -3.038353
1769099955.304230 4.378842 -12.988162 -3.042333
1769099955.354184 4.369291 -12.989139 -3.040588
1769099955.404164 4.363282 -12.989789 -3.043270
1769099955.454133 4.353908 -12.990746 -3.041657
1769099955.504203 4.347324 -12.991452 -3.044607
1769099955.554147 4.341262 -12.992117 -3.047758
1769099955.604158 4.331830 -12.993055 -3.046225
1769099955.654156 4.325360 -12.993744 -3.049053
1769099955.704154 4.318826 -12.994402 -3.047303
1769099955.754156 4.309109 -12.995391 -3.050349
1769099955.804169 4.303048 -12.996000 -3.046999
1769099955.854169 4.296691 -12.996643 -3.042928
1769099955.904166 4.287173 -12.997631 -3.040689
1769099955.954149 4.281129 -12.998278 -3.036752
1769099956.004162 4.272409 -12.999246 -3.037894
1769099956.054183 4.266390 -12.999903 -3.035936
1769099956.104193 4.260108 -13.000609 -3.038939
1769099956.154163 4.250813 -13.001601 -3.038025
1769099956.204179 4.244637 -13.002250 -3.037422
1769099956.254145 4.235246 -13.003253 -3.038335
1769099956.304178 4.228686 -13.003921 -3.035109
1769099956.354148 4.222118 -13.004638 -3.036005
1769099956.404174 4.212332 -13.005684 -3.031326
1769099956.454158 4.205853 -13.006423 -3.032001
1769099956.504171 4.199885 -13.007113 -3.031143
1769099956.554149 4.190716 -13.008137 -3.027672
1769099956.604180 4.184426 -13.008877 -3.026051
1769099956.654161 4.178135 -13.009602 -3.023259
1769099956.704177 4.168973 -13.010714 -3.025786
1769099956.754159 4.162837 -13.011440 -3.023843
1769099956.804171 4.153244 -13.012587 -3.024759
1769099956.854185 4.147187 -13.013314 -3.024482
1769099956.904183 4.140703 -13.014073 -3.024802
1769099956.954163 4.131411 -13.015185 -3.029916
1769099957.004197 4.125232 -13.015878 -3.028506
1769099957.054167 4.115811 -13.016966 -3.032974
1769099957.104179 4.109682 -13.017639 -3.030845
1769099957.154162 4.103159 -13.018351 -3.029937
1769099957.204188 4.093905 -13.019388 -3.030663
1769099957.254165 4.087479 -13.020079 -3.029793
1769099957.304188 4.081243 -13.020798 -3.037077
1769099957.354190 4.072149 -13.021757 -3.039441
1769099957.404191 4.066217 -13.022362 -3.045352
1769099957.454175 4.056692 -13.023299 -3.050701
1769099957.504201 4.050212 -13.023902 -3.056049
1769099957.554172 4.043783 -13.024465 -3.060931
1769099957.604182 4.034268 -13.025275 -3.071774
1769099957.654176 4.027836 -13.025736 -3.073302
1769099957.704201 4.021162 -13.026200 -3.079879
1769099957.754183 4.011396 -13.026818 -3.084287
1769099957.804223 4.005335 -13.027177 -3.089904
1769099957.854210 3.998876 -13.027537 -3.096698
1769099957.904206 3.989653 -13.027959 -3.098179
1769099957.954239 3.983368 -13.028257 -3.104023
1769099958.004223 3.976959 -13.028503 -3.105622
1769099958.054195 3.967408 -13.028866 -3.111095
1769099958.104204 3.961084 -13.029081 -3.113275
1769099958.154191 3.954452 -13.029257 -3.115925
1769099958.204257 3.945182 -13.029497 -3.120611
1769099958.254192 3.938479 -13.029628 -3.126226
1769099958.304204 3.932073 -13.029704 -3.133041
1769099958.354187 3.922135 -13.029772 -3.139834
1769099958.404281 3.915926 -13.029757 3.139462
1769099958.454182 3.909485 -13.029703 3.136067
1769099958.504192 3.900247 -13.029639 3.131150
1769099958.554185 3.893828 -13.029521 3.131910
1769099958.604225 3.884502 -13.029397 3.125639
1769099958.654191 3.878579 -13.029266 3.122730
1769099958.704212 3.872158 -13.029092 3.116812
1769099958.754189 3.862635 -13.028810 3.112156
1769099958.804221 3.856237 -13.028574 3.106893
1769099958.854224 3.849764 -13.028313 3.101786
1769099958.904294 3.840457 -13.027879 3.103965
1769099958.954228 3.834015 -13.027598 3.100099
1769099959.004200 3.827760 -13.027280 3.100646
1769099959.054204 3.817845 -13.026821 3.098737
1769099959.104228 3.811725 -13.026531 3.097263
1769099959.154200 3.802001 -13.026051 3.099670
1769099959.204286 3.795972 -13.025752 3.101113
1769099959.254196 3.789913 -13.025453 3.104974
1769099959.304225 3.780462 -13.025071 3.103464
1769099959.354204 3.774123 -13.024780 3.107960
1769099959.404240 3.767800 -13.024516 3.108679
1769099959.454203 3.758462 -13.024158 3.110354
1769099959.504230 3.751888 -13.023898 3.108772
1769099959.554204 3.745427 -13.023660 3.103730
1769099959.604209 3.735549 -13.023245 3.104588
1769099959.654278 3.729479 -13.022973 3.101633
1769099959.704301 3.719982 -13.022550 3.101784
1769099959.754226 3.713810 -13.022260 3.100420
1769099959.804282 3.707513 -13.021982 3.099859
1769099959.854225 3.697762 -13.021533 3.103760
1769099959.904261 3.691366 -13.021266 3.103984
1769099959.954240 3.684935 -13.020987 3.107267
1769099960.004240 3.675659 -13.020637 3.106234
1769099960.054218 3.669410 -13.020384 3.106986
1769099960.104228 3.663359 -13.020122 3.108149
1769099960.154211 3.654229 -13.019771 3.107126
1769099960.204249 3.647795 -13.019489 3.109827
1769099960.254223 3.638496 -13.019163 3.104904
1769099960.304332 3.632241 -13.018888 3.106743
1769099960.354224 3.625714 -13.018610 3.104939
1769099960.404221 3.616152 -13.018215 3.103980
1769099960.454223 3.609534 -13.017892 3.107083
1769099960.504285 3.600226 -13.017525 3.104025
1769099960.554237 3.594062 -13.017220 3.107888
1769099960.604222 3.587811 -13.016951 3.108072
1769099960.654234 3.578646 -13.016580 3.112578
1769099960.704310 3.572493 -13.016323 3.115807
1769099960.754321 3.563255 -13.016013 3.117303
1769099960.804338 3.556900 -13.015774 3.118044
1769099960.854242 3.550373 -13.015545 3.117101
1769099960.904233 3.543835 -13.015290 3.117944
1769099960.954227 3.534555 -13.014997 3.113160
1769099961.004237 3.527993 -13.014740 3.113379
1769099961.054308 3.518320 -13.014377 3.113719
1769099961.104353 3.511758 -13.014115 3.114617
1769099961.154233 3.505139 -13.013834 3.118794
1769099961.204242 3.495753 -13.013545 3.116122
1769099961.254233 3.489238 -13.013284 3.119756
1769099961.304227 3.482831 -13.013054 3.120511
1769099961.354239 3.473312 -13.012770 3.122512
1769099961.404331 3.467339 -13.012571 3.122700
1769099961.454308 3.461066 -13.012390 3.121331
1769099961.504246 3.451599 -13.012127 3.122858
1769099961.554231 3.445179 -13.011952 3.120095
1769099961.604247 3.438568 -13.011750 3.121139
1769099961.654235 3.429108 -13.011500 3.118526
1769099961.704252 3.422579 -13.011302 3.117504
1769099961.754250 3.416014 -13.011065 3.119189
1769099961.804307 3.406346 -13.010791 3.115853
1769099961.854294 3.399729 -13.010535 3.119570
1769099961.904278 3.393399 -13.010325 3.119439
1769099961.954281 3.383798 -13.010041 3.123427
1769099962.004385 3.377318 -13.009854 3.124242
1769099962.054236 3.370996 -13.009717 3.124082
1769099962.104329 3.361299 -13.009500 3.126825
1769099962.154244 3.354872 -13.009369 3.127112
1769099962.204315 3.348518 -13.009234 3.127456
1769099962.254235 3.339158 -13.009076 3.123475
1769099962.304335 3.332799 -13.008929 3.125517
1769099962.354234 3.326267 -13.008773 3.126143
1769099962.404226 3.316622 -13.008578 3.126022
1769099962.454233 3.309930 -13.008398 3.129658
1769099962.504240 3.303654 -13.008270 3.126121
1769099962.554302 3.293826 -13.008048 3.128514
1769099962.604378 3.287725 -13.007901 3.126554
1769099962.654262 3.281318 -13.007745 3.127663
1769099962.704278 3.272157 -13.007560 3.127159
1769099962.754226 3.265877 -13.007427 3.130034
1769099962.804227 3.256738 -13.007265 3.132759
1769099962.854236 3.250418 -13.007167 3.131177
1769099962.904250 3.243909 -13.007055 3.132714
1769099962.954254 3.234450 -13.006940 3.129177
1769099963.004260 3.228024 -13.006840 3.127105
1769099963.054251 3.221542 -13.006709 3.126674
1769099963.104243 3.212177 -13.006547 3.124674
1769099963.154230 3.205664 -13.006386 3.127860
1769099963.204319 3.199285 -13.006263 3.126124
1769099963.254229 3.189558 -13.006060 3.130460
1769099963.304265 3.182975 -13.005937 3.132181
1769099963.354226 3.176517 -13.005834 3.134889
1769099963.404302 3.166869 -13.005710 3.138070
1769099963.454226 3.160446 -13.005674 3.134886
1769099963.504370 3.154517 -13.005596 3.139128
1769099963.554220 3.144954 -13.005559 3.135617
1769099963.604223 3.138953 -13.005510 3.137514
1769099963.654228 3.132580 -13.005486 3.134110
1769099963.704278 3.123266 -13.005416 3.135733
1769099963.754329 3.116554 -13.005352 3.138155
1769099963.804257 3.107092 -13.005328 3.133182
1769099963.854323 3.100380 -13.005267 3.134373
1769099963.904310 3.094253 -13.005201 3.133619
1769099963.954343 3.084555 -13.005108 3.134159
1769099964.004348 3.078480 -13.005046 3.133512
1769099964.054316 3.072203 -13.005007 3.134146
1769099964.104295 3.062657 -13.004921 3.139609
1769099964.154378 3.056358 -13.004923 3.139419
1769099964.204325 3.056359 -13.004939 3.139140
1769099964.254286 3.056360 -13.004958 3.138863
1769099964.304293 3.034527 -13.004937 3.137277
1769099964.354282 3.025261 -13.004911 3.138117
1769099964.404287 3.018809 -13.004917 3.136180
1769099964.454325 3.018813 -13.004958 3.134297
1769099964.504289 3.002741 -13.004888 3.132432
1769099964.554317 2.996158 -13.004866 3.134907
1769099964.604286 2.989550 -13.004839 3.136605
1769099964.654333 2.989547 -13.004845 3.138304
1769099964.704288 2.973875 -13.004808 -3.140614
1769099964.754316 2.967452 -13.004865 3.138527
1769099964.804378 2.957929 -13.004865 -3.139999
1769099964.854293 2.951678 -13.004906 -3.139155
1769099964.904330 2.951678 -13.004932 -3.138354
1769099964.954299 2.936550 -13.005036 -3.139351
1769099965.004321 2.930123 -13.005125 -3.139313
1769099965.054303 2.923516 -13.005191 -3.136431
1769099965.104325 2.914183 -13.005317 -3.139334
1769099965.154300 2.907525 -13.005392 -3.138868
1769099965.204307 2.898014 -13.005492 3.138693
1769099965.254307 2.891914 -13.005559 3.137197
1769099965.304300 2.891918 -13.005653 3.135832
1769099965.354336 2.876121 -13.005647 3.137766
1769099965.404313 2.870044 -13.005690 -3.140878
1769099965.454309 2.870039 -13.005725 -3.136398
1769099965.504306 2.853940 -13.005838 -3.131816
1769099965.554314 2.847591 -13.005938 -3.131394
1769099965.604307 2.838331 -13.006076 -3.131309
1769099965.654312 2.832005 -13.006173 -3.131673
1769099965.704331 2.825608 -13.006286 -3.135523
1769099965.754316 2.815987 -13.006380 -3.133973
1769099965.804336 2.809691 -13.006488 -3.137684
1769099965.854319 2.809698 -13.006573 -3.141400
1769099965.904340 2.809705 -13.006684 3.138097
1769099965.954338 2.787405 -13.006700 3.139065
1769099966.004381 2.780721 -13.006751 -3.140897
1769099966.054362 2.771080 -13.006847 3.139452
1769099966.104323 2.764547 -13.006902 -3.140745
1769099966.154331 2.758296 -13.006981 -3.140717
1769099966.204319 2.749158 -13.007063 -3.136430
1769099966.254324 2.742779 -13.007156 -3.132168
1769099966.304398 2.733517 -13.007312 -3.129807
1769099966.354321 2.727114 -13.007433 -3.127058
1769099966.404321 2.727112 -13.007459 -3.124419
1769099966.454310 2.727109 -13.007467 -3.121802
1769099966.504335 2.727106 -13.007456 -3.119206
1769099966.554308 2.727102 -13.007428 -3.116633
1769099966.604340 2.727099 -13.007382 -3.114078
1769099966.654393 2.727094 -13.007319 -3.111544
1769099966.704338 2.727090 -13.007240 -3.109036
1769099966.754311 2.727085 -13.007146 -3.106547
1769099966.804356 2.727080 -13.007035 -3.104075
1769099966.854336 2.727074 -13.006910 -3.101627
1769099966.904308 2.727068 -13.006769 -3.099199
1769099966.954352 2.727062 -13.006614 -3.096787
1769099967.004337 2.631428 -13.010751 -3.099386
1769099967.054426 2.621939 -13.010985 -3.097596
1769099967.104337 2.615718 -13.011108 -3.099368
1769099967.154337 2.609163 -13.011230 -3.098434
1769099967.204336 2.599680 -13.011491 -3.101366
1769099967.254340 2.593227 -13.011603 -3.101366
1769099967.304374 2.586519 -13.011697 -3.100814
1769099967.354365 2.576879 -13.011938 -3.104469
1769099967.404362 2.570293 -13.012006 -3.101969
1769099967.454341 2.563967 -13.012098 -3.103525
1769099967.504349 2.554373 -13.012300 -3.100560
1769099967.554344 2.548047 -13.012403 -3.099538
1769099967.604327 2.542049 -13.012524 -3.097451
1769099967.654344 2.532359 -13.012800 -3.093755
1769099967.704344 2.525984 -13.012966 -3.092762
1769099967.754365 2.519635 -13.013135 -3.092244
1769099967.804396 2.510307 -13.013474 -3.096068
1769099967.854388 2.503879 -13.013635 -3.095245
1769099967.904460 2.497374 -13.013780 -3.094259
1769099967.954355 2.488114 -13.014070 -3.093689
1769099968.004354 2.481505 -13.014215 -3.090990
1769099968.054359 2.472050 -13.014551 -3.095491
1769099968.104363 2.465339 -13.014702 -3.092801
1769099968.154353 2.459194 -13.014852 -3.094798
1769099968.204377 2.449986 -13.015138 -3.093992
1769099968.254350 2.443610 -13.015297 -3.094233
1769099968.304372 2.437288 -13.015482 -3.095128
1769099968.354356 2.427877 -13.015784 -3.091785
1769099968.404356 2.421937 -13.015962 -3.093077
1769099968.454365 2.412353 -13.016310 -3.091816
1769099968.504358 2.406159 -13.016511 -3.093325
1769099968.554388 2.399688 -13.016741 -3.096300
1769099968.604366 2.389897 -13.017077 -3.096584
1769099968.654374 2.383450 -13.017285 -3.101919
1769099968.704385 2.376972 -13.017445 -3.106135
1769099968.754375 2.367559 -13.017701 -3.112626
1769099968.804363 2.361125 -13.017803 -3.113584
1769099968.854371 2.355052 -13.017905 -3.118330
1769099968.904389 2.345304 -13.018060 -3.121358
1769099968.954366 2.338752 -13.018147 -3.126470
1769099969.004487 2.332521 -13.018167 -3.127805
1769099969.054369 2.323216 -13.018251 -3.138115
1769099969.104409 2.316964 -13.018221 3.138643
1769099969.154372 2.307672 -13.018134 3.132470
1769099969.204391 2.301594 -13.018016 3.130132
1769099969.254372 2.295189 -13.017848 3.124297
1769099969.304448 2.285703 -13.017638 3.112936
1769099969.354393 2.279121 -13.017391 3.108106
1769099969.404440 2.272849 -13.017123 3.099866
1769099969.454387 2.263282 -13.016670 3.097133
1769099969.504379 2.257107 -13.016303 3.095191
1769099969.554378 2.247570 -13.015777 3.092048
1769099969.604406 2.241598 -13.015378 3.091241
1769099969.654382 2.235760 -13.015018 3.085360
1769099969.704426 2.226354 -13.014407 3.083735
1769099969.754400 2.220368 -13.013995 3.076732
1769099969.804407 2.210645 -13.013307 3.069557
1769099969.854409 2.204131 -13.012782 3.064772
1769099969.904407 2.198049 -13.012251 3.057924
1769099969.954410 2.188470 -13.011426 3.045596
1769099970.004386 2.182171 -13.010787 3.039949
1769099970.054385 2.176103 -13.010127 3.032209
1769099970.104389 2.166338 -13.009018 3.027425
1769099970.154399 2.160325 -13.008256 3.024242
1769099970.204388 2.150721 -13.007071 3.019973
1769099970.254399 2.144662 -13.006257 3.019239
1769099970.304389 2.138310 -13.005438 3.011474
1769099970.354391 2.129021 -13.004178 3.010125
1769099970.404475 2.122827 -13.003352 3.002151
1769099970.454409 2.116459 -13.002441 2.999563
1769099970.504468 2.106913 -13.001067 2.993179
1769099970.554394 2.100680 -13.000136 2.988126
1769099970.604458 2.094176 -12.999113 2.982692
1769099970.654397 2.084527 -12.997546 2.979615
1769099970.704402 2.077859 -12.996453 2.970279
1769099970.754399 2.071474 -12.995347 2.964692
1769099970.804416 2.062181 -12.993682 2.960033
1769099970.854457 2.055858 -12.992542 2.954312
1769099970.904402 2.049715 -12.991364 2.951764
1769099970.954425 2.040469 -12.989592 2.945720
1769099971.004423 2.034361 -12.988379 2.942456
1769099971.054407 2.028183 -12.987121 2.936181
1769099971.104414 2.018842 -12.985170 2.933005
1769099971.154403 2.012750 -12.983889 2.926611
1769099971.204408 2.006419 -12.982524 2.921888
1769099971.254406 1.997132 -12.980445 2.919874
1769099971.304424 1.990859 -12.979060 2.912762
1769099971.354408 1.984426 -12.977563 2.909543
1769099971.404428 1.975363 -12.975429 2.903455
1769099971.454410 1.969066 -12.973905 2.896625
1769099971.504415 1.959907 -12.971641 2.889883
1769099971.554411 1.953851 -12.970100 2.885810
1769099971.604416 1.947628 -12.968504 2.878572
1769099971.654454 1.938490 -12.966055 2.879337
1769099971.704505 1.932225 -12.964400 2.872648
1769099971.754443 1.926167 -12.962771 2.864131
1769099971.804449 1.916892 -12.960166 2.857329
1769099971.854444 1.910668 -12.958403 2.850103
1769099971.904442 1.904755 -12.956645 2.847021
1769099971.954459 1.895450 -12.953874 2.837386
1769099972.004441 1.889035 -12.951888 2.836647
1769099972.054424 1.882877 -12.949973 2.832406
1769099972.104430 1.873623 -12.947046 2.829467
1769099972.154419 1.867668 -12.945166 2.825143
1769099972.204433 1.861605 -12.943215 2.822076
1769099972.254422 1.852759 -12.940325 2.817276
1769099972.304428 1.846906 -12.938394 2.814266
1769099972.354425 1.840853 -12.936374 2.806060
1769099972.404424 1.832327 -12.933416 2.802991
1769099972.454432 1.826356 -12.931306 2.798545
1769099972.504428 1.817558 -12.928182 2.791923
1769099972.554465 1.811824 -12.926098 2.787122
1769099972.604449 1.805598 -12.923808 2.778977
1769099972.654457 1.796329 -12.920300 2.775530
1769099972.704434 1.790527 -12.918107 2.767136
1769099972.754445 1.784430 -12.915730 2.763432
1769099972.804499 1.775787 -12.912292 2.761630
1769099972.854434 1.769891 -12.909939 2.760916
1769099972.904453 1.764025 -12.907573 2.762260
1769099972.954439 1.755316 -12.904110 2.759182
1769099973.004540 1.749340 -12.901688 2.763690
1769099973.054438 1.743409 -12.899316 2.763393
1769099973.104432 1.734471 -12.895756 2.764282
1769099973.154442 1.728372 -12.893331 2.762348
1769099973.204444 1.722508 -12.891017 2.758663
1769099973.254436 1.713352 -12.887312 2.762201
1769099973.304520 1.707431 -12.884952 2.762082
1769099973.354482 1.701349 -12.882525 2.763786
1769099973.404529 1.692199 -12.878896 2.763476
1769099973.454446 1.686186 -12.876511 2.765273
1769099973.504439 1.680111 -12.874079 2.771084
1769099973.554456 1.671489 -12.870708 2.773594
1769099973.604450 1.665526 -12.868365 2.776957
1769099973.654449 1.659700 -12.866132 2.775001
1769099973.704477 1.651230 -12.862857 2.778366
1769099973.754455 1.645693 -12.860729 2.778720
1769099973.804457 1.637127 -12.857463 2.779547
1769099973.854488 1.630974 -12.855108 2.779467
1769099973.904474 1.624942 -12.852845 2.774303
1769099973.954502 1.615819 -12.849333 2.776981
1769099974.004462 1.609715 -12.847037 2.771716
1769099974.054467 1.603634 -12.844702 2.772259
1769099974.104455 1.594441 -12.841144 2.773722
1769099974.154474 1.588582 -12.838885 2.776912
1769099974.204458 1.582615 -12.836584 2.781115
1769099974.254479 1.573704 -12.833224 2.780496
1769099974.304462 1.567685 -12.830929 2.785414
1769099974.354482 1.561748 -12.828675 2.789082
1769099974.404461 1.552738 -12.825340 2.789064
1769099974.454465 1.546732 -12.823092 2.788954
1769099974.504553 1.540805 -12.820907 2.785348
1769099974.554470 1.531796 -12.817522 2.788544
1769099974.604571 1.525833 -12.815314 2.787465
1769099974.654468 1.519697 -12.813025 2.788933
1769099974.704551 1.510483 -12.809622 2.787714
1769099974.754543 1.504280 -12.807322 2.788880
1769099974.804464 1.498011 -12.805001 2.789420
1769099974.854512 1.492000 -12.802806 2.788166
1769099974.904464 1.482956 -12.799455 2.792771
1769099974.954494 1.477363 -12.797436 2.792332
1769099975.004475 1.468530 -12.794226 2.796497
1769099975.054477 1.462873 -12.792240 2.794054
1769099975.104475 1.456968 -12.790147 2.796908
1769099975.154477 1.447856 -12.786908 2.798440
1769099975.204478 1.441881 -12.784821 2.797129
1769099975.254479 1.435638 -12.782614 2.797901
1769099975.304491 1.426813 -12.779520 2.792378
1769099975.354478 1.420803 -12.777380 2.792979
1769099975.404489 1.414702 -12.775187 2.794448
1769099975.454478 1.405551 -12.771899 2.797036
1769099975.504489 1.399697 -12.769802 2.798976
1769099975.554482 1.393679 -12.767705 2.797668
1769099975.604485 1.384541 -12.764463 2.801273
1769099975.654514 1.378434 -12.762349 2.800150
1769099975.704483 1.372335 -12.760247 2.801651
1769099975.754538 1.363344 -12.757099 2.804505
1769099975.804518 1.357389 -12.755058 2.805197
1769099975.854517 1.351425 -12.752998 2.808131
1769099975.904526 1.342485 -12.749956 2.805968
1769099975.954520 1.336353 -12.747848 2.808996
1769099976.004488 1.330259 -12.745789 2.807631
1769099976.054495 1.320908 -12.742591 2.808069
1769099976.104506 1.314544 -12.740420 2.808250
1769099976.154494 1.308348 -12.738350 2.804260
1769099976.204509 1.299177 -12.735183 2.807082
1769099976.254495 1.293163 -12.733155 2.806741
1769099976.304499 1.287148 -12.731117 2.810777
1769099976.354510 1.278152 -12.728087 2.812703
1769099976.404616 1.272277 -12.726130 2.817661
1769099976.454546 1.266126 -12.724102 2.821487
1769099976.504499 1.257154 -12.721193 2.819040
1769099976.554512 1.250917 -12.719151 2.821094
1769099976.604501 1.244906 -12.717198 2.818456
1769099976.654523 1.235783 -12.714189 2.818368
1769099976.704501 1.229654 -12.712177 2.816831
1769099976.754523 1.223580 -12.710212 2.813913
1769099976.804585 1.214335 -12.707121 2.816543
1769099976.854520 1.208163 -12.705114 2.816214
1769099976.904557 1.201798 -12.703033 2.818125
1769099976.954526 1.192556 -12.699992 2.819362
1769099977.004517 1.186495 -12.698037 2.820750
1769099977.054528 1.180466 -12.696070 2.825608
1769099977.104530 1.174476 -12.694173 2.824253
1769099977.154515 1.165478 -12.691246 2.829034
1769099977.204512 1.159581 -12.689392 2.828511
1769099977.254512 1.153430 -12.687449 2.830221
1769099977.304540 1.144203 -12.684559 2.827030
1769099977.354541 1.138047 -12.682635 2.826807
1769099977.404591 1.131712 -12.680626 2.827683
1769099977.454550 1.122427 -12.677684 2.825540
1769099977.504516 1.116107 -12.675672 2.826390
1769099977.554518 1.110028 -12.673759 2.824662
1769099977.604537 1.100912 -12.670812 2.827660
1769099977.654534 1.094839 -12.668888 2.829075
1769099977.704553 1.088736 -12.666956 2.833829
1769099977.754550 1.079451 -12.664023 2.838289
1769099977.804594 1.073830 -12.662343 2.835480
1769099977.854557 1.067590 -12.660433 2.838362
1769099977.904544 1.058511 -12.657697 2.832571
1769099977.954546 1.052736 -12.655955 2.832244
1769099978.004538 1.043573 -12.653111 2.832587
1769099978.054536 1.037580 -12.651289 2.833384
1769099978.104591 1.031418 -12.649387 2.837295
1769099978.154558 1.022122 -12.646567 2.833289
1769099978.204545 1.015763 -12.644612 2.836312
1769099978.254542 1.009502 -12.642707 2.836509
1769099978.304531 1.003194 -12.640795 2.837327
1769099978.354531 0.993977 -12.637950 2.839560
1769099978.404533 0.987899 -12.636146 2.837724
1769099978.454558 0.981852 -12.634311 2.842946
1769099978.504549 0.973251 -12.631750 2.842077
1769099978.554555 0.967069 -12.629933 2.844955
1769099978.604568 0.957881 -12.627216 2.845418
1769099978.654558 0.951726 -12.625428 2.847973
1769099978.704542 0.945396 -12.623582 2.849855
1769099978.754551 0.936196 -12.620914 2.846849
1769099978.804559 0.930223 -12.619159 2.848747
1769099978.854540 0.924019 -12.617366 2.846044
1769099978.904535 0.914765 -12.614620 2.848515
1769099978.954564 0.908459 -12.612808 2.847431
1769099979.004557 0.902264 -12.611029 2.848243
1769099979.054551 0.892842 -12.608273 2.849878
1769099979.104542 0.886770 -12.606546 2.852565
1769099979.154565 0.880779 -12.604850 2.855115
1769099979.204548 0.871737 -12.602300 2.851849
1769099979.254543 0.865708 -12.600602 2.854234
1769099979.304553 0.859995 -12.598989 2.856123
1769099979.354548 0.850882 -12.596401 2.856581
1769099979.404583 0.844968 -12.594723 2.860378
1769099979.454551 0.838711 -12.593017 2.855507
1769099979.504529 0.829320 -12.590327 2.858107
1769099979.554557 0.822991 -12.588586 2.853782
1769099979.604553 0.813881 -12.585984 2.855129
1769099979.654554 0.807431 -12.584194 2.851859
1769099979.704551 0.801364 -12.582510 2.851860
1769099979.754580 0.795178 -12.580764 2.855228
1769099979.804578 0.786081 -12.578203 2.854993
1769099979.854611 0.779948 -12.576504 2.858334
1769099979.904611 0.773767 -12.574827 2.857072
1769099979.954612 0.764470 -12.572265 2.856534
1769099980.004629 0.758214 -12.570568 2.857123
1769099980.054589 0.749332 -12.568115 2.855908
1769099980.104584 0.743010 -12.566391 2.855613
1769099980.154578 0.736860 -12.564736 2.853043
1769099980.204619 0.730535 -12.562992 2.855316
1769099980.254581 0.721210 -12.560386 2.854924
1769099980.304579 0.715178 -12.558759 2.854953
1769099980.354567 0.705599 -12.556081 2.855743
1769099980.404569 0.699287 -12.554394 2.854449
1769099980.454567 0.693375 -12.552791 2.859191
1769099980.504584 0.684560 -12.550409 2.857089
1769099980.554582 0.678829 -12.548889 2.860442
1769099980.604568 0.672752 -12.547283 2.861709
1769099980.654593 0.664022 -12.544921 2.864088
1769099980.704568 0.657830 -12.543289 2.866141
1769099980.754576 0.648824 -12.540899 2.863322
1769099980.804570 0.642485 -12.539216 2.866098
1769099980.854573 0.636517 -12.537663 2.863665
1769099980.904573 0.627112 -12.535121 2.863432
1769099980.954578 0.620783 -12.533461 2.860412
1769099981.004607 0.614864 -12.531902 2.859742
1769099981.054577 0.605408 -12.529282 2.863820
1769099981.104599 0.599290 -12.527670 2.865073
1769099981.154579 0.593037 -12.526023 2.867517
1769099981.204648 0.583687 -12.523523 2.868563
1769099981.254581 0.577523 -12.521923 2.871921
1769099981.304579 0.571322 -12.520298 2.876215
1769099981.354610 0.562417 -12.517982 2.875921
1769099981.404647 0.556186 -12.516382 2.875937
1769099981.454613 0.547325 -12.514089 2.872802
1769099981.504599 0.541128 -12.512490 2.874271
1769099981.554608 0.535213 -12.510983 2.873451
1769099981.604583 0.525639 -12.508468 2.873959
1769099981.654586 0.519139 -12.506795 2.873722
1769099981.704662 0.513060 -12.505269 2.870273
1769099981.754616 0.503594 -12.502763 2.872356
1769099981.804624 0.497399 -12.501197 2.870967
1769099981.854633 0.491527 -12.499707 2.874138
1769099981.904625 0.482587 -12.497409 2.874546
1769099981.954593 0.476667 -12.495927 2.879218
1769099982.004597 0.470475 -12.494389 2.882966
1769099982.054622 0.461222 -12.492078 2.883590
1769099982.104622 0.455175 -12.490601 2.885495
1769099982.154613 0.445776 -12.488282 2.880960
1769099982.204623 0.439902 -12.486854 2.880957
1769099982.254618 0.433678 -12.485300 2.882514
1769099982.304598 0.424603 -12.483013 2.882273
1769099982.354601 0.418238 -12.481429 2.882288
1769099982.404597 0.411998 -12.479908 2.879657
1769099982.454627 0.402459 -12.477480 2.880615
1769099982.504657 0.396031 -12.475905 2.880287
1769099982.554677 0.389724 -12.474366 2.879697
1769099982.604635 0.380430 -12.471996 2.882358
1769099982.654624 0.374298 -12.470502 2.882429
1769099982.704692 0.368147 -12.468996 2.883374
1769099982.754647 0.359004 -12.466723 2.880887
1769099982.804689 0.353167 -12.465301 2.880964
1769099982.854688 0.346961 -12.463778 2.880311
1769099982.904622 0.337821 -12.461468 2.880835
1769099982.954646 0.331334 -12.459856 2.881495
1769099983.004608 0.322118 -12.457538 2.878666
1769099983.054640 0.315708 -12.455928 2.880235
1769099983.104615 0.309419 -12.454373 2.878809
1769099983.154616 0.300402 -12.452074 2.880520
1769099983.204633 0.294162 -12.450537 2.881214
1769099983.254631 0.288386 -12.449134 2.884606
1769099983.304740 0.278959 -12.446770 2.888663
1769099983.354638 0.272882 -12.445317 2.891241
1769099983.404646 0.266610 -12.443824 2.892741
1769099983.454619 0.257292 -12.441591 2.888389
1769099983.504621 0.251102 -12.440121 2.888031
1769099983.554650 0.244922 -12.438611 2.890040
1769099983.604619 0.235629 -12.436326 2.890048
1769099983.654640 0.229369 -12.434796 2.891878
1769099983.704633 0.223131 -12.433323 2.887086
1769099983.754640 0.213563 -12.430941 2.887221
1769099983.804668 0.207133 -12.429406 2.881423
1769099983.854739 0.200681 -12.427828 2.877152
1769099983.904670 0.191195 -12.425387 2.875723
1769099983.954668 0.185083 -12.423874 2.870681
1769099984.004678 0.178838 -12.422287 2.865122
1769099984.054670 0.169954 -12.419896 2.863471
1769099984.104663 0.163846 -12.418302 2.856369
1769099984.154653 0.157670 -12.416660 2.848077
1769099984.204663 0.148292 -12.413987 2.841503
1769099984.254651 0.142016 -12.412249 2.832855
1769099984.304706 0.135753 -12.410413 2.828564
1769099984.354650 0.126249 -12.407519 2.819261
1769099984.404663 0.120021 -12.405616 2.815116
1769099984.454658 0.113881 -12.403660 2.814741
1769099984.504601 0.107786 -12.401739 2.811294
1769099984.554676 0.098611 -12.398707 2.809923
1769099984.604658 0.092613 -12.396785 2.805633
1769099984.654667 0.086459 -12.394757 2.807233
1769099984.704660 0.077501 -12.391793 2.803684
1769099984.754661 0.071412 -12.389793 2.800309
1769099984.804640 0.065393 -12.387803 2.795120
1769099984.854658 0.056400 -12.384709 2.789930
1769099984.904670 0.050269 -12.382637 2.778447
1769099984.954665 0.044345 -12.380522 2.774816
1769099985.004717 0.035163 -12.377166 2.765331
1769099985.054688 0.029161 -12.374929 2.761738
1769099985.104669 0.022963 -12.372586 2.756511
1769099985.154704 0.014185 -12.369155 2.753642
1769099985.204730 0.008149 -12.366790 2.752091
1769099985.254717 0.002100 -12.364441 2.746484
1769099985.304669 -0.006671 -12.360892 2.745171
1769099985.354667 -0.012483 -12.358566 2.740210
1769099985.404679 -0.018389 -12.356179 2.735910
1769099985.454681 -0.027109 -12.352562 2.729439
1769099985.504732 -0.032933 -12.350151 2.724376
1769099985.554721 -0.041705 -12.346368 2.722523
1769099985.604725 -0.047589 -12.343892 2.715853
1769099985.654679 -0.053803 -12.341200 2.710344
1769099985.704736 -0.062518 -12.337317 2.705690
1769099985.754685 -0.068430 -12.334708 2.697511
1769099985.804679 -0.074349 -12.332038 2.690806
1769099985.854661 -0.083039 -12.327954 2.687138
1769099985.904687 -0.088894 -12.325275 2.679611
1769099985.954693 -0.094579 -12.322589 2.678225
1769099986.004689 -0.100348 -12.319870 2.674181
1769099986.054692 -0.108956 -12.315688 2.672138
1769099986.104665 -0.114638 -12.312943 2.670135
1769099986.154695 -0.120348 -12.310198 2.664226
1769099986.204743 -0.128961 -12.305876 2.661067
1769099986.254676 -0.134742 -12.303060 2.649863
1769099986.304664 -0.143044 -12.298756 2.646874
1769099986.354676 -0.148787 -12.295843 2.640031
1769099986.404724 -0.154553 -12.292850 2.633141
1769099986.454697 -0.162943 -12.288343 2.627986
1769099986.504680 -0.168553 -12.285349 2.623927
1769099986.554690 -0.174296 -12.282277 2.616817
1769099986.604677 -0.182586 -12.277649 2.614689
1769099986.654690 -0.187860 -12.274789 2.608406
1769099986.704707 -0.193341 -12.271758 2.603002
1769099986.754694 -0.201658 -12.267008 2.595663
1769099986.804703 -0.206898 -12.264042 2.591490
1769099986.854691 -0.212369 -12.260845 2.589442
1769099986.904675 -0.220690 -12.255912 2.583201
1769099986.954657 -0.226280 -12.252575 2.581292
1769099987.004703 -0.231886 -12.249230 2.574087
1769099987.054688 -0.240054 -12.244182 2.570538
1769099987.104700 -0.245545 -12.240776 2.567520
1769099987.154701 -0.253409 -12.235831 2.562428
1769099987.204693 -0.259000 -12.232313 2.559205
1769099987.254683 -0.264146 -12.229067 2.557037
1769099987.304716 -0.269635 -12.225588 2.552224
1769099987.354688 -0.277282 -12.220584 2.553049
1769099987.404706 -0.282680 -12.217143 2.546363
1769099987.454686 -0.288067 -12.213665 2.539581
1769099987.504715 -0.296064 -12.208319 2.533570
1769099987.554688 -0.301511 -12.204724 2.524866
1769099987.604688 -0.306788 -12.201132 2.519677
1769099987.654719 -0.314763 -12.195578 2.511027
1769099987.704719 -0.320046 -12.191859 2.507365
1769099987.754729 -0.327591 -12.186410 2.504860
1769099987.804815 -0.332557 -12.182868 2.501422
1769099987.854739 -0.337817 -12.179030 2.500539
1769099987.904804 -0.345506 -12.173413 2.494546
1769099987.954727 -0.350677 -12.169592 2.494447
1769099988.004726 -0.355719 -12.165870 2.490739
1769099988.054716 -0.363224 -12.160249 2.486763
1769099988.104738 -0.368327 -12.156462 2.480828
1769099988.154700 -0.373371 -12.152618 2.477100
1769099988.204707 -0.381056 -12.146745 2.466243
1769099988.254701 -0.386163 -12.142755 2.461442
1769099988.304708 -0.391373 -12.138641 2.453936
1769099988.354724 -0.399007 -12.132458 2.448173
1769099988.404786 -0.404126 -12.128326 2.441141
1769099988.454705 -0.409200 -12.124161 2.434966
1769099988.504726 -0.416453 -12.118027 2.433604
1769099988.554739 -0.421259 -12.114037 2.428378
1769099988.604726 -0.426070 -12.109952 2.427571
1769099988.654741 -0.430799 -12.105974 2.421891
1769099988.704712 -0.437976 -12.099782 2.419966
1769099988.754719 -0.442881 -12.095622 2.413909
1769099988.804709 -0.447723 -12.091447 2.408956
1769099988.854711 -0.455109 -12.084897 2.406292
1769099988.904743 -0.459822 -12.080773 2.400786
1769099988.954712 -0.464824 -12.076332 2.392850
1769099989.004717 -0.471742 -12.069988 2.388355
1769099989.054735 -0.476501 -12.065643 2.381285
1769099989.104720 -0.481321 -12.061226 2.372123
1769099989.154707 -0.488348 -12.054523 2.368604
1769099989.204723 -0.492776 -12.050366 2.364005
1769099989.254741 -0.497389 -12.045944 2.362275
1769099989.304742 -0.504287 -12.039290 2.356236
1769099989.354744 -0.508824 -12.034913 2.352489
1769099989.404707 -0.515217 -12.028604 2.348954
1769099989.454754 -0.519746 -12.024155 2.344684
1769099989.504723 -0.524244 -12.019623 2.342180
1769099989.554749 -0.530998 -12.012793 2.334328
1769099989.604757 -0.535576 -12.008097 2.332104
1769099989.654758 -0.540154 -12.003375 2.328436
1769099989.704755 -0.546981 -11.996235 2.325677
1769099989.754742 -0.551524 -11.991463 2.326399
1769099989.804746 -0.555754 -11.987089 2.323845
1769099989.854758 -0.562264 -11.980215 2.325017
1769099989.904746 -0.566614 -11.975672 2.325070
1769099989.954735 -0.570971 -11.971097 2.326623
1769099990.004787 -0.577470 -11.964308 2.326117
1769099990.054734 -0.581883 -11.959709 2.326511
1769099990.104814 -0.586357 -11.955078 2.325387
1769099990.154820 -0.592995 -11.948105 2.326440
1769099990.204734 -0.597601 -11.943311 2.326830
1769099990.254745 -0.601716 -11.939093 2.324014
1769099990.304826 -0.608413 -11.932070 2.321116
1769099990.354750 -0.612644 -11.927656 2.319734
1769099990.404745 -0.617117 -11.922904 2.319014
1769099990.454752 -0.623919 -11.915671 2.317035
1769099990.504755 -0.628185 -11.911097 2.319219
1769099990.554751 -0.632850 -11.906211 2.316831
1769099990.604748 -0.639228 -11.899355 2.320770
1769099990.654744 -0.643708 -11.894696 2.316881
1769099990.704766 -0.648009 -11.890200 2.313017
1769099990.754744 -0.654497 -11.883237 2.311749
1769099990.804764 -0.658996 -11.878488 2.307502
1769099990.854774 -0.663178 -11.873970 2.306639
1769099990.904748 -0.669725 -11.866838 2.305587
1769099990.954762 -0.673928 -11.862275 2.305617
1769099991.004747 -0.678440 -11.857363 2.305024
1769099991.054756 -0.685173 -11.849995 2.304324
1769099991.104771 -0.689262 -11.845577 2.302580
1769099991.154780 -0.693695 -11.840748 2.299918
1769099991.204775 -0.700082 -11.833684 2.298784
1769099991.254771 -0.704430 -11.828928 2.296548
1769099991.304839 -0.708654 -11.824250 2.297471
1769099991.354833 -0.714994 -11.817214 2.298745
1769099991.404785 -0.719308 -11.812460 2.299866
1769099991.454784 -0.723529 -11.807796 2.301751
1769099991.504779 -0.730072 -11.800618 2.300165
1769099991.554780 -0.733961 -11.796316 2.301218
1769099991.604837 -0.738422 -11.791430 2.297932
1769099991.654763 -0.744607 -11.784546 2.296110
1769099991.704803 -0.748858 -11.779760 2.296039
1769099991.754782 -0.755583 -11.772268 2.291555
1769099991.804768 -0.759780 -11.767478 2.293248
1769099991.854790 -0.764192 -11.762490 2.293258
1769099991.904788 -0.770542 -11.755311 2.293893
1769099991.954816 -0.774826 -11.750521 2.292038
1769099992.004787 -0.779044 -11.745821 2.288759
1769099992.054801 -0.785297 -11.738713 2.289549
1769099992.104788 -0.789658 -11.733862 2.284944
1769099992.154791 -0.793728 -11.729224 2.284135
1769099992.204782 -0.798072 -11.724284 2.282398
1769099992.254771 -0.804377 -11.717042 2.281529
1769099992.304773 -0.808672 -11.712151 2.278870
1769099992.354789 -0.812914 -11.707263 2.278275
1769099992.404770 -0.819281 -11.699890 2.277592
1769099992.454789 -0.823647 -11.694896 2.273352
1769099992.504773 -0.827811 -11.690026 2.272548
1769099992.554790 -0.834092 -11.682641 2.270619
1769099992.604794 -0.838215 -11.677766 2.272030
1769099992.654804 -0.842365 -11.672876 2.272866
1769099992.704776 -0.848714 -11.665410 2.274403
1769099992.754778 -0.852752 -11.660687 2.276218
1769099992.804779 -0.856962 -11.655784 2.277604
1769099992.854797 -0.863003 -11.648765 2.278127
1769099992.904797 -0.866974 -11.644174 2.276096
1769099992.954797 -0.871161 -11.639350 2.272376
1769099993.004787 -0.877427 -11.631983 2.270033
1769099993.054802 -0.881706 -11.626970 2.268264
1769099993.104796 -0.885834 -11.622031 2.270443
1769099993.154806 -0.892294 -11.614414 2.267183
1769099993.204856 -0.896413 -11.609449 2.269902
1769099993.254822 -0.900580 -11.604477 2.270754
1769099993.304788 -0.906781 -11.597137 2.268682
1769099993.354825 -0.910871 -11.592261 2.267643
1769099993.404789 -0.915056 -11.587348 2.263052
1769099993.454823 -0.920990 -11.580170 2.265159
1769099993.504791 -0.925216 -11.575170 2.262452
1769099993.554816 -0.929261 -11.570314 2.262147
1769099993.604793 -0.935458 -11.562859 2.261013
1769099993.654843 -0.939641 -11.557806 2.261036
1769099993.704855 -0.943700 -11.552924 2.259470
1769099993.754820 -0.949946 -11.545369 2.256648
1769099993.804817 -0.953787 -11.540683 2.255720
1769099993.854826 -0.958076 -11.535443 2.253210
1769099993.904826 -0.963921 -11.528193 2.254220
1769099993.954834 -0.968003 -11.523147 2.254961
1769099994.004825 -0.972108 -11.518100 2.255274
1769099994.054801 -0.978214 -11.510608 2.256858
1769099994.104801 -0.982027 -11.505913 2.259272
1769099994.154863 -0.987728 -11.499020 2.258853
1769099994.204824 -0.991755 -11.494108 2.258632
1769099994.254815 -0.995813 -11.489241 2.254730
1769099994.304804 -1.001863 -11.481829 2.254052
1769099994.354811 -1.006131 -11.476661 2.251241
1769099994.404805 -1.010143 -11.471675 2.252542
1769099994.454833 -1.016371 -11.464033 2.250051
1769099994.504833 -1.020448 -11.458974 2.250884
1769099994.554816 -1.024333 -11.454166 2.249358
1769099994.604852 -1.030424 -11.446602 2.247371
1769099994.654881 -1.034374 -11.441659 2.246826
1769099994.704845 -1.038538 -11.436519 2.242699
1769099994.754826 -1.044320 -11.429146 2.247097
1769099994.804834 -1.048318 -11.424254 2.241948
1769099994.854828 -1.052211 -11.419334 2.242840
1769099994.904837 -1.058226 -11.411796 2.241275
1769099994.954837 -1.062167 -11.406838 2.240988
1769099995.004883 -1.066131 -11.401834 2.239414
1769099995.054840 -1.072073 -11.394294 2.237512
1769099995.104837 -1.076003 -11.389273 2.235797
1769099995.154845 -1.079967 -11.384242 2.231098
1769099995.204820 -1.085877 -11.376537 2.231814
1769099995.254821 -1.089734 -11.371539 2.230381
1769099995.304831 -1.093756 -11.366289 2.230999
1769099995.354843 -1.099682 -11.358626 2.231291
1769099995.404845 -1.103627 -11.353492 2.232419
1769099995.454852 -1.109125 -11.346394 2.232758
1769099995.504830 -1.112993 -11.341350 2.234310
1769099995.554848 -1.116858 -11.336420 2.232073
1769099995.604896 -1.122673 -11.328904 2.231863
1769099995.654835 -1.126744 -11.323678 2.229851
1769099995.704893 -1.130577 -11.318656 2.230692
1769099995.754873 -1.136620 -11.310870 2.228070
1769099995.804856 -1.140317 -11.306035 2.228078
1769099995.854878 -1.144278 -11.300880 2.225087
1769099995.904885 -1.150255 -11.293080 2.221652
1769099995.954851 -1.154165 -11.287922 2.218496
1769099996.004844 -1.158129 -11.282690 2.214549
1769099996.054866 -1.163784 -11.275039 2.216707
1769099996.104849 -1.167668 -11.269982 2.209452
1769099996.154855 -1.171437 -11.264866 2.207794
1769099996.204864 -1.176951 -11.257433 2.202752
1769099996.254855 -1.180876 -11.252210 2.193196
1769099996.304908 -1.184397 -11.247362 2.186962
1769099996.354867 -1.189971 -11.239605 2.178211
1769099996.404914 -1.193631 -11.234354 2.173606
1769099996.454842 -1.198969 -11.226665 2.164264
1769099996.504846 -1.202420 -11.221508 2.162250
1769099996.554863 -1.206004 -11.216090 2.159480
1769099996.604845 -1.211457 -11.207859 2.154941
1769099996.654876 -1.215034 -11.202368 2.152985
1769099996.704847 -1.218466 -11.197191 2.145282
1769099996.754882 -1.223601 -11.189134 2.144235
1769099996.804862 -1.227052 -11.183854 2.137337
1769099996.854873 -1.230445 -11.178515 2.133039
1769099996.904856 -1.235504 -11.170469 2.128716
1769099996.954855 -1.238825 -11.165196 2.123936
1769099997.004860 -1.242340 -11.159604 2.116139
1769099997.054880 -1.247206 -11.151512 2.114471
1769099997.104878 -1.250670 -11.145904 2.106234
1769099997.154945 -1.254025 -11.140350 2.097974
1769099997.204873 -1.258973 -11.131895 2.089161
1769099997.254855 -1.262217 -11.126256 2.083428
1769099997.304857 -1.265201 -11.120897 2.080354
1769099997.354887 -1.269940 -11.112456 2.073034
1769099997.404881 -1.272971 -11.106815 2.073851
1769099997.454887 -1.276038 -11.101206 2.072390
1769099997.504926 -1.280530 -11.092942 2.071613
1769099997.554883 -1.283533 -11.087542 2.067056
1769099997.604888 -1.286590 -11.082001 2.062302
1769099997.654905 -1.291049 -11.073677 2.058506
1769099997.704931 -1.293965 -11.068208 2.054238
1769099997.754907 -1.296952 -11.062431 2.053362
1769099997.804911 -1.301174 -11.054296 2.048135
1769099997.854907 -1.304011 -11.048767 2.042189
1769099997.904925 -1.308418 -11.040097 2.034760
1769099997.954887 -1.311186 -11.034528 2.030274
1769099998.004908 -1.314120 -11.028595 2.024830
1769099998.054912 -1.318349 -11.019797 2.022956
1769099998.104950 -1.321012 -11.014282 2.018255
1769099998.154893 -1.324945 -11.006008 2.014030
1769099998.204893 -1.327614 -11.000340 2.010687
1769099998.254902 -1.330304 -10.994648 2.005364
1769099998.304894 -1.334180 -10.986093 2.005130
1769099998.354894 -1.336787 -10.980574 1.997944
1769099998.404914 -1.339452 -10.974613 1.995619
1769099998.454896 -1.343316 -10.966044 1.988612
1769099998.504917 -1.345961 -10.960018 1.985459
1769099998.554898 -1.348603 -10.954051 1.977167
1769099998.604928 -1.352228 -10.945408 1.972961
1769099998.654907 -1.354897 -10.939284 1.963330
1769099998.704969 -1.358244 -10.930931 1.963052
1769099998.754889 -1.360693 -10.925004 1.956847
1769099998.804887 -1.362973 -10.919381 1.953054
1769099998.854885 -1.366528 -10.910438 1.949788
1769099998.904885 -1.368940 -10.904440 1.945104
1769099998.954908 -1.371260 -10.898430 1.943925
1769099999.004889 -1.374686 -10.889685 1.938719
1769099999.054909 -1.376926 -10.883685 1.938555
1769099999.104872 -1.379200 -10.877708 1.936108
1769099999.154912 -1.382582 -10.868726 1.935164
1769099999.204887 -1.384867 -10.862584 1.934244
1769099999.254910 -1.387238 -10.856375 1.930498
1769099999.305006 -1.390491 -10.847475 1.932626
1769099999.354909 -1.392643 -10.841723 1.932630
1769099999.404921 -1.394873 -10.835673 1.934852
1769099999.454913 -1.398272 -10.826723 1.934897
1769099999.504917 -1.400373 -10.821187 1.935692
1769099999.554914 -1.402630 -10.815199 1.937784
1769099999.604918 -1.405911 -10.806804 1.936178
1769099999.654960 -1.408148 -10.800859 1.937806
1769099999.704921 -1.411589 -10.792047 1.934804
1769099999.750002 -1.413935 -10.785923 1.934263
1769099999.804937 -1.416123 -10.780153 1.933968
1769099999.850039 -1.419524 -10.771285 1.932340
1769099999.904916 -1.421609 -10.765586 1.934223
1769099999.954933 -1.425080 -10.756527 1.930486
1769100000.004919 -1.427269 -10.750521 1.933190
1769100000.054941 -1.429364 -10.744895 1.933867
1769100000.104886 -1.432727 -10.735840 1.938101
1769100000.154906 -1.434909 -10.730085 1.939036
1769100000.204926 -1.437226 -10.724147 1.939377
1769100000.254923 -1.440641 -10.715196 1.942842
1769100000.300003 -1.443032 -10.709191 1.941466
1769100000.354909 -1.445177 -10.703630 1.942258
1769100000.404914 -1.448724 -10.694695 1.937401
1769100000.454915 -1.451019 -10.688748 1.935614
1769100000.504932 -1.453386 -10.682593 1.930702
1769100000.554936 -1.456773 -10.673555 1.925298
1769100000.604922 -1.459056 -10.667227 1.922478
1769100000.650020 -1.462261 -10.658374 1.915341
1769100000.704935 -1.464415 -10.652227 1.912655
1769100000.754938 -1.466576 -10.646133 1.907353
1769100000.805000 -1.468613 -10.640224 1.904461
1769100000.854975 -1.471623 -10.631523 1.900412
1769100000.904934 -1.473605 -10.625673 1.897953
1769100000.954944 -1.476661 -10.616887 1.889247
1769100001.004930 -1.478645 -10.610831 1.886467
1769100001.054941 -1.480732 -10.604582 1.878517
1769100001.104930 -1.483650 -10.595299 1.873750
1769100001.155004 -1.485584 -10.589385 1.865166
1769100001.205013 -1.487460 -10.583374 1.857173
1769100001.250007 -1.490070 -10.574265 1.854136
1769100001.304950 -1.491930 -10.568009 1.845555
1769100001.354961 -1.494378 -10.559054 1.842234
1769100001.404948 -1.496081 -10.553073 1.836311
1769100001.454954 -1.497737 -10.546891 1.835046
1769100001.504935 -1.500292 -10.537474 1.832443
1769100001.554984 -1.501906 -10.531434 1.830551
1769100001.604936 -1.503578 -10.525200 1.827554
1769100001.654941 -1.505989 -10.516202 1.822398
1769100001.704976 -1.507621 -10.510288 1.813250
1769100001.754970 -1.509161 -10.504326 1.806055
1769100001.800005 -1.511400 -10.494958 1.799492
1769100001.854982 -1.512979 -10.488491 1.791688
1769100001.900001 -1.514259 -10.482529 1.789107
1769100001.954992 -1.516384 -10.473083 1.781105
1769100002.004957 -1.517697 -10.466712 1.778596
1769100002.050038 -1.519589 -10.457618 1.774223
1769100002.104960 -1.520837 -10.451398 1.772567
1769100002.150030 -1.521988 -10.445501 1.770561
1769100002.204940 -1.523819 -10.436281 1.765420
1769100002.254965 -1.524928 -10.430391 1.762691
1769100002.304946 -1.526685 -10.421408 1.755535
1769100002.354948 -1.527857 -10.414984 1.752046
1769100002.404948 -1.528918 -10.408994 1.748823
1769100002.454950 -1.530627 -10.399391 1.743817
1769100002.504964 -1.531806 -10.392863 1.737185
1769100002.554952 -1.532841 -10.386483 1.733645
1769100002.604959 -1.534420 -10.376839 1.726391
1769100002.654966 -1.535317 -10.370454 1.726614
1769100002.704949 -1.536249 -10.364047 1.725714
1769100002.754955 -1.537686 -10.354538 1.724326
1769100002.804949 -1.538615 -10.348163 1.725548
1769100002.854980 -1.539626 -10.341803 1.724431
1769100002.905023 -1.540977 -10.332493 1.729655
1769100002.950023 -1.542065 -10.326010 1.727143
1769100003.004956 -1.543074 -10.319731 1.724328
1769100003.054976 -1.544550 -10.310226 1.720681
1769100003.105032 -1.545494 -10.303783 1.719652
1769100003.154971 -1.546373 -10.297464 1.718934
1769100003.204958 -1.547851 -10.287665 1.713618
1769100003.254996 -1.548637 -10.281273 1.716888
1769100003.305055 -1.549673 -10.274557 1.712517
1769100003.354982 -1.550553 -10.268184 1.711276
1769100003.404989 -1.551916 -10.258501 1.709458
1769100003.454983 -1.552805 -10.252091 1.708420
1769100003.500010 -1.553598 -10.245885 1.709758
1769100003.550032 -1.554978 -10.236379 1.705898
1769100003.604971 -1.555773 -10.230204 1.707609
1769100003.654997 -1.556659 -10.223878 1.705373
1769100003.705004 -1.557874 -10.214452 1.708327
1769100003.755008 -1.558673 -10.208383 1.709036
1769100003.800023 -1.560010 -10.198920 1.705784
1769100003.850113 -1.560877 -10.192509 1.703103
1769100003.900053 -1.561746 -10.185927 1.697972
1769100003.950031 -1.562860 -10.176409 1.697817
1769100004.005006 -1.563713 -10.169870 1.691588
1769100004.050007 -1.564441 -10.163684 1.689022
1769100004.100016 -1.565509 -10.154064 1.689992
1769100004.150003 -1.566310 -10.147573 1.688305
1769100004.200004 -1.566914 -10.141622 1.692244
1769100004.250002 -1.568106 -10.131992 1.690789
1769100004.300026 -1.568705 -10.126096 1.693751
1769100004.350007 -1.569486 -10.119703 1.691415
1769100004.400005 -1.570580 -10.110190 1.690147
1769100004.450010 -1.571213 -10.104184 1.689436
1769100004.500005 -1.572372 -10.094400 1.685714
1769100004.550077 -1.573018 -10.087964 1.686291
1769100004.600051 -1.573742 -10.081349 1.684666
1769100004.650010 -1.574825 -10.071599 1.682409
1769100004.704999 -1.575523 -10.065021 1.679732
1769100004.750022 -1.576219 -10.058457 1.676423
1769100004.800020 -1.577115 -10.048945 1.677324
1769100004.855012 -1.577829 -10.042492 1.673035
1769100004.905094 -1.578368 -10.036300 1.674386
1769100004.950011 -1.578987 -10.029884 1.675227
1769100005.000010 -1.579909 -10.020524 1.678385
1769100005.050026 -1.580516 -10.014535 1.678414
1769100005.100023 -1.581605 -10.004817 1.675103
1769100005.150016 -1.582217 -9.998753 1.673504
1769100005.200021 -1.582898 -9.992143 1.669935
1769100005.250019 -1.583773 -9.982505 1.669624
1769100005.300073 -1.584409 -9.976084 1.664357
1769100005.350075 -1.585007 -9.969539 1.661274
1769100005.400025 -1.585821 -9.959764 1.660984
1769100005.450054 -1.586400 -9.953249 1.659710
1769100005.500024 -1.586900 -9.946855 1.662079
1769100005.550023 -1.587748 -9.937223 1.661405
1769100005.600029 -1.588201 -9.930943 1.664945
1769100005.650030 -1.588744 -9.924656 1.663725
1769100005.700031 -1.589653 -9.915066 1.660655
1769100005.750030 -1.590219 -9.908777 1.658786
1769100005.800100 -1.590787 -9.902310 1.656778
1769100005.850044 -1.591533 -9.892722 1.660611
1769100005.900061 -1.592182 -9.886109 1.657061
1769100005.950059 -1.592661 -9.879704 1.657920
1769100006.000051 -1.593190 -9.873128 1.656107
1769100006.050042 -1.593996 -9.863314 1.652744
1769100006.100079 -1.594369 -9.857242 1.654832
1769100006.150027 -1.595204 -9.847383 1.650222
1769100006.200006 -1.595541 -9.841225 1.653210
1769100006.250024 -1.596035 -9.834714 1.653032
1769100006.300041 -1.596740 -9.825231 1.654344
1769100006.350042 -1.597240 -9.818928 1.654104
1769100006.400039 -1.597807 -9.812438 1.651209
1769100006.450024 -1.598498 -9.803321 1.650588
1769100006.500042 -1.599005 -9.797184 1.646746
1769100006.550045 -1.599437 -9.790785 1.646192
1769100006.600054 -1.600146 -9.781089 1.642641
1769100006.650049 -1.600520 -9.774922 1.642807
1769100006.700060 -1.600879 -9.768417 1.642691
1769100006.750046 -1.601582 -9.758539 1.639621
1769100006.800050 -1.601959 -9.752054 1.639166
1769100006.850046 -1.602333 -9.745499 1.638058
1769100006.900027 -1.602863 -9.735929 1.638768
1769100006.950049 -1.603227 -9.729566 1.637786
1769100007.000050 -1.603631 -9.723210 1.636031
1769100007.050050 -1.604176 -9.713761 1.636989
1769100007.100096 -1.604598 -9.707579 1.634991
1769100007.150055 -1.605076 -9.698519 1.640330
1769100007.200053 -1.605543 -9.692203 1.637279
1769100007.250058 -1.605936 -9.686176 1.635118
1769100007.300055 -1.606542 -9.676436 1.632143
1769100007.350059 -1.606997 -9.669697 1.626598
1769100007.400065 -1.607292 -9.663341 1.626278
1769100007.450064 -1.607824 -9.653785 1.620868
1769100007.500074 -1.608046 -9.647435 1.622723
1769100007.550116 -1.608518 -9.637973 1.622242
1769100007.600069 -1.608770 -9.631612 1.624535
1769100007.650104 -1.609082 -9.625262 1.625158
1769100007.700123 -1.609651 -9.615617 1.622643
1769100007.750079 -1.609983 -9.609326 1.621363
1769100007.800066 -1.610326 -9.602949 1.618675
1769100007.850081 -1.610714 -9.593834 1.619757
1769100007.900069 -1.611060 -9.587708 1.615378
1769100007.950074 -1.611361 -9.581235 1.613864
1769100008.000114 -1.611823 -9.571385 1.612322
1769100008.050088 -1.612096 -9.565100 1.611648
1769100008.100070 -1.612324 -9.558731 1.612654
1769100008.150069 -1.612786 -9.548797 1.607889
1769100008.200078 -1.612998 -9.542658 1.606091
1769100008.250068 -1.613304 -9.532965 1.605267
1769100008.300086 -1.613486 -9.526842 1.604923
1769100008.350073 -1.613577 -9.520606 1.609444
1769100008.400069 -1.614013 -9.510983 1.607146
1769100008.450074 -1.614120 -9.504763 1.612164
1769100008.500119 -1.614404 -9.498230 1.611740
1769100008.550073 -1.614772 -9.488645 1.611305
1769100008.600079 -1.615012 -9.482275 1.608565
1769100008.650085 -1.615324 -9.475682 1.602869
1769100008.700081 -1.615613 -9.466058 1.599923
1769100008.750085 -1.615812 -9.459779 1.596297
1769100008.800077 -1.615882 -9.453326 1.598157
1769100008.850083 -1.616133 -9.443454 1.596564
1769100008.900083 -1.616250 -9.436838 1.597966
1769100008.950083 -1.616370 -9.430386 1.598477
1769100009.000085 -1.616701 -9.420589 1.594307
1769100009.050086 -1.616826 -9.414327 1.593489
1769100009.100098 -1.616951 -9.407965 1.592778
1769100009.150089 -1.617104 -9.398910 1.594999
1769100009.200095 -1.617282 -9.392593 1.592125
1769100009.250088 -1.617430 -9.386186 1.591316
1769100009.300093 -1.617622 -9.376461 1.591396
1769100009.350139 -1.617779 -9.369862 1.590243
1769100009.400136 -1.617870 -9.363463 1.590548
1769100009.450087 -1.618080 -9.353598 1.586292
1769100009.500090 -1.618097 -9.347198 1.586530
1769100009.550101 -1.618137 -9.340632 1.583916
1769100009.600093 -1.618159 -9.330949 1.582864
1769100009.650124 -1.618160 -9.324579 1.583402
1769100009.700071 -1.618208 -9.318084 1.582740
1769100009.750140 -1.618210 -9.308917 1.588256
1769100009.800090 -1.618357 -9.302328 1.585559
1769100009.850101 -1.618460 -9.296318 1.583575
1769100009.900110 -1.618569 -9.286684 1.581959
1769100009.950118 -1.618615 -9.280238 1.581204
1769100010.000117 -1.618625 -9.273942 1.579781
1769100010.050079 -1.618740 -9.264132 1.574236
1769100010.100110 -1.618724 -9.257614 1.572718
1769100010.150102 -1.618709 -9.251388 1.570644
1769100010.200104 -1.618651 -9.241531 1.571412
1769100010.250113 -1.618642 -9.234985 1.569162
1769100010.300103 -1.618667 -9.228297 1.564996
1769100010.350109 -1.618562 -9.219077 1.564967
1769100010.400114 -1.618577 -9.212541 1.560715
1769100010.450113 -1.618435 -9.206329 1.563202
1769100010.500113 -1.618355 -9.196878 1.562814
1769100010.550104 -1.618211 -9.190606 1.566787
1769100010.600130 -1.618148 -9.184224 1.567637
1769100010.650111 -1.618140 -9.174547 1.565910
1769100010.700132 -1.618077 -9.168088 1.565758
1769100010.750119 -1.618074 -9.161429 1.561197
1769100010.800120 -1.617911 -9.151825 1.560626
1769100010.850118 -1.617799 -9.145313 1.557167
1769100010.900136 -1.617650 -9.135815 1.552506
1769100010.950123 -1.617468 -9.129342 1.551478
1769100011.000093 -1.617302 -9.122789 1.550638
1769100011.050103 -1.617082 -9.116352 1.554482
1769100011.100100 -1.616912 -9.106731 1.553799
1769100011.150129 -1.616814 -9.100306 1.552172
1769100011.200168 -1.616660 -9.091083 1.549880
1769100011.250105 -1.616556 -9.084610 1.547693
1769100011.300127 -1.616332 -9.078381 1.549254
1769100011.350124 -1.616202 -9.068993 1.543918
1769100011.400120 -1.616000 -9.062907 1.544133
1769100011.450123 -1.615821 -9.056299 1.543376
1769100011.500163 -1.615549 -9.046586 1.543247
1769100011.550127 -1.615360 -9.040033 1.541417
1769100011.600104 -1.615201 -9.033317 1.536867
1769100011.650108 -1.614817 -9.024022 1.536766
1769100011.700103 -1.614603 -9.017716 1.534583
1769100011.750110 -1.614135 -9.008298 1.537865
1769100011.800184 -1.613929 -9.002148 1.536287
1769100011.850157 -1.613707 -8.995800 1.536375
1769100011.900174 -1.613397 -8.986624 1.536500
1769100011.950177 -1.613198 -8.980544 1.537044
1769100012.000162 -1.612970 -8.974246 1.537760
1769100012.050128 -1.612717 -8.964518 1.533584
1769100012.100143 -1.612437 -8.958112 1.533153
1769100012.150185 -1.612209 -8.951508 1.528767
1769100012.200226 -1.611805 -8.941741 1.525097
1769100012.250152 -1.611543 -8.935318 1.520518
1769100012.300159 -1.611239 -8.928670 1.517171
1769100012.350211 -1.610644 -8.918971 1.520439
1769100012.400124 -1.610354 -8.912425 1.516928
1769100012.450187 -1.610022 -8.905922 1.515354
1769100012.500148 -1.609493 -8.896320 1.513863
1769100012.550203 -1.609146 -8.890279 1.513500
1769100012.600146 -1.608714 -8.884086 1.515975
1769100012.650146 -1.608268 -8.874401 1.511682
1769100012.700203 -1.607854 -8.868103 1.513121
1769100012.750171 -1.607470 -8.861613 1.512731
1769100012.800156 -1.606889 -8.851953 1.514174
1769100012.850154 -1.606547 -8.845458 1.511184
1769100012.900190 -1.606213 -8.838815 1.505546
1769100012.950155 -1.605515 -8.829154 1.504345
1769100013.000150 -1.605131 -8.822460 1.498837
1769100013.050225 -1.604619 -8.816154 1.499519
1769100013.100166 -1.603895 -8.806418 1.497954
1769100013.150152 -1.603345 -8.800045 1.501839
1769100013.200128 -1.602878 -8.793707 1.503035
1769100013.250203 -1.602270 -8.784120 1.501199
1769100013.300157 -1.601827 -8.777822 1.501318
1769100013.350221 -1.601418 -8.771405 1.497812
1769100013.400154 -1.600684 -8.762036 1.498711
1769100013.450177 -1.600268 -8.755519 1.493769
1769100013.500204 -1.599789 -8.749042 1.490835
1769100013.550167 -1.599027 -8.739358 1.488597
1769100013.600207 -1.598520 -8.732701 1.485744
1769100013.650210 -1.597965 -8.726304 1.486475
1769100013.700219 -1.597162 -8.716463 1.482560
1769100013.750202 -1.596534 -8.710026 1.483530
1769100013.800199 -1.595923 -8.703610 1.482425
1769100013.850251 -1.595042 -8.694065 1.481229
1769100013.900208 -1.594451 -8.687694 1.480889
1769100013.950213 -1.593924 -8.681596 1.478609
1769100014.000205 -1.592994 -8.672622 1.484711
1769100014.050174 -1.592444 -8.666012 1.483114
1769100014.100222 -1.591912 -8.659730 1.482066
1769100014.150213 -1.591056 -8.650052 1.480357
1769100014.200178 -1.590456 -8.643501 1.478921
1769100014.250168 -1.589808 -8.637215 1.478118
1769100014.300221 -1.588882 -8.627405 1.473280
1769100014.350186 -1.588149 -8.621088 1.474305
1769100014.400180 -1.587434 -8.614376 1.472853
1769100014.450182 -1.586390 -8.604698 1.473419
1769100014.500250 -1.585729 -8.598310 1.472513
1769100014.550177 -1.585089 -8.591876 1.471032
1769100014.600293 -1.584059 -8.582383 1.473242
1769100014.650159 -1.583469 -8.575982 1.468892
1769100014.700254 -1.582768 -8.569788 1.470154
1769100014.750186 -1.581793 -8.560413 1.468718
1769100014.800185 -1.581032 -8.554058 1.471105
1769100014.850195 -1.580315 -8.547728 1.471871
1769100014.900163 -1.579332 -8.538188 1.470393
1769100014.950165 -1.578665 -8.532200 1.470023
1769100015.000164 -1.577969 -8.525566 1.466454
1769100015.050174 -1.576881 -8.516249 1.466367
1769100015.100169 -1.576107 -8.509712 1.463421
1769100015.150244 -1.575004 -8.500407 1.460971
1769100015.200194 -1.574239 -8.494352 1.460533
1769100015.250199 -1.573468 -8.487976 1.458660
1769100015.300249 -1.572222 -8.478591 1.465690
1769100015.350195 -1.571485 -8.472168 1.466018
1769100015.400224 -1.570788 -8.465827 1.464708
1769100015.450251 -1.569766 -8.456568 1.463342
1769100015.500200 -1.569068 -8.450111 1.460652
1769100015.550266 -1.568281 -8.443868 1.460195
1769100015.600248 -1.567208 -8.434052 1.454234
1769100015.650253 -1.566375 -8.427758 1.453854
1769100015.700296 -1.565525 -8.421177 1.452373
1769100015.750247 -1.564298 -8.411787 1.453493
1769100015.800194 -1.563466 -8.405337 1.452901
1769100015.850183 -1.562646 -8.398788 1.450296
1769100015.900259 -1.561373 -8.389264 1.451747
1769100015.950222 -1.560586 -8.382738 1.447609
1769100016.000208 -1.559729 -8.376974 1.449669
1769100016.050224 -1.558548 -8.367883 1.449032
1769100016.100204 -1.557758 -8.361878 1.447993
1769100016.150266 -1.556523 -8.352501 1.448663
1769100016.200208 -1.555706 -8.346306 1.448725
1769100016.250211 -1.554862 -8.340319 1.451087
1769100016.300222 -1.553656 -8.330564 1.448293
1769100016.350219 -1.552751 -8.324191 1.448227
1769100016.400222 -1.551871 -8.317669 1.443636
1769100016.450272 -1.550568 -8.308332 1.440818
1769100016.500212 -1.549590 -8.302318 1.442261
1769100016.550212 -1.548253 -8.292875 1.439867
1769100016.600272 -1.547232 -8.286641 1.443749
1769100016.650235 -1.546318 -8.280512 1.444530
1769100016.700281 -1.544973 -8.271128 1.447263
1769100016.750204 -1.544100 -8.265114 1.446680
1769100016.800225 -1.543242 -8.258710 1.442953
1769100016.850227 -1.541934 -8.249275 1.441401
1769100016.900306 -1.541056 -8.242851 1.436242
1769100016.950234 -1.539661 -8.233774 1.438726
1769100017.000309 -1.538778 -8.227537 1.435516
1769100017.050267 -1.537835 -8.221426 1.435457
1769100017.100282 -1.536425 -8.211737 1.434260
1769100017.150297 -1.535463 -8.205106 1.431010
1769100017.200248 -1.534416 -8.198676 1.432158
1769100017.250279 -1.532995 -8.188995 1.427764
1769100017.300234 -1.531960 -8.183084 1.430356
1769100017.350212 -1.530952 -8.176745 1.428850
1769100017.400239 -1.529447 -8.167483 1.430838
1769100017.450248 -1.528390 -8.161294 1.434845
1769100017.500287 -1.527069 -8.151997 1.431895
1769100017.550275 -1.526053 -8.145741 1.432544
1769100017.600248 -1.525099 -8.139256 1.428117
1769100017.650242 -1.524064 -8.132894 1.427098
1769100017.700256 -1.522582 -8.123281 1.422717
1769100017.750304 -1.521640 -8.117045 1.415073
1769100017.800275 -1.519999 -8.107513 1.413380
1769100017.850295 -1.518881 -8.100935 1.409892
1769100017.900271 -1.517730 -8.094965 1.413394
1769100017.950297 -1.516103 -8.085289 1.411752
1769100018.000263 -1.514996 -8.079282 1.413895
1769100018.050323 -1.513846 -8.072966 1.414344
1769100018.100251 -1.512313 -8.063879 1.413099
1769100018.150285 -1.511221 -8.057607 1.410970
1769100018.200294 -1.510174 -8.051214 1.405618
1769100018.250316 -1.508546 -8.042312 1.408476
1769100018.300348 -1.507432 -8.035776 1.405394
1769100018.350268 -1.506253 -8.029467 1.407626
1769100018.400311 -1.504605 -8.019895 1.406437
1769100018.450349 -1.503496 -8.013350 1.401633
1769100018.500279 -1.501719 -8.003776 1.401849
1769100018.550307 -1.500556 -7.997217 1.397244
1769100018.600266 -1.499352 -7.990962 1.396203
1769100018.650254 -1.497646 -7.981742 1.393673
1769100018.700265 -1.496455 -7.975836 1.396355
1769100018.750266 -1.495285 -7.969912 1.398526
1769100018.800263 -1.493594 -7.960425 1.397890
1769100018.850250 -1.492444 -7.954209 1.397986
1769100018.900334 -1.491340 -7.948196 1.396431
1769100018.950249 -1.489625 -7.938928 1.397088
1769100019.000249 -1.488437 -7.932572 1.395036
1769100019.050267 -1.486711 -7.923251 1.392359
1769100019.100316 -1.485538 -7.916906 1.388282
1769100019.150259 -1.484361 -7.910685 1.384023
1769100019.200257 -1.482449 -7.901225 1.386625
1769100019.250317 -1.481212 -7.894678 1.382734
1769100019.300336 -1.479989 -7.888593 1.381486
1769100019.350308 -1.478086 -7.879095 1.380253
1769100019.400250 -1.476797 -7.872767 1.379693
1769100019.450330 -1.475524 -7.866971 1.382975
1769100019.500338 -1.473714 -7.857542 1.378934
1769100019.550322 -1.472457 -7.851779 1.381346
1769100019.600281 -1.471179 -7.845374 1.380995
1769100019.650367 -1.469266 -7.836030 1.384430
1769100019.700299 -1.468019 -7.829780 1.383146
1769100019.750250 -1.466795 -7.823217 1.376824
1769100019.800385 -1.464881 -7.813714 1.374134
1769100019.850303 -1.463616 -7.807557 1.369994
1769100019.900228 -1.461559 -7.798110 1.371352
1769100019.950297 -1.460274 -7.791945 1.367217
1769100020.000303 -1.458923 -7.785594 1.365160
1769100020.050262 -1.456864 -7.776078 1.365902
1769100020.100342 -1.455536 -7.769807 1.366020
1769100020.150274 -1.454159 -7.763679 1.369850
1769100020.200261 -1.452257 -7.754253 1.366248
1769100020.250316 -1.450973 -7.748460 1.367985
1769100020.300325 -1.449622 -7.742276 1.367786
1769100020.350250 -1.447625 -7.732943 1.368546
1769100020.400246 -1.446269 -7.726674 1.369054
1769100020.450250 -1.444901 -7.720137 1.368930
1769100020.500310 -1.442913 -7.710711 1.373831
1769100020.550255 -1.441567 -7.704292 1.376568
1769100020.600321 -1.440239 -7.697948 1.380152
1769100020.650341 -1.438292 -7.688391 1.385330
1769100020.700233 -1.436977 -7.681984 1.388788
1769100020.750238 -1.435747 -7.675727 1.391248
1769100020.800232 -1.433908 -7.666308 1.398309
1769100020.850227 -1.432790 -7.660325 1.401859
1769100020.900273 -1.431589 -7.654065 1.411364
1769100020.950261 -1.430002 -7.644569 1.417891
1769100021.000389 -1.428941 -7.638411 1.424704
1769100021.050258 -1.427902 -7.632168 1.430950
1769100021.100286 -1.426541 -7.622494 1.430424
1769100021.150245 -1.425568 -7.616256 1.433327
1769100021.200331 -1.424630 -7.609804 1.433931
1769100021.250371 -1.423218 -7.600145 1.438405
1769100021.300350 -1.422302 -7.593589 1.438580
1769100021.350316 -1.421394 -7.586948 1.439269
1769100021.400280 -1.420051 -7.577314 1.444100
1769100021.450264 -1.419139 -7.570856 1.449148
1769100021.500312 -1.418349 -7.564935 1.451259
1769100021.550387 -1.417157 -7.555499 1.455760
1769100021.600310 -1.416429 -7.549482 1.456534
1769100021.650293 -1.415645 -7.543162 1.460387
1769100021.700363 -1.414552 -7.533556 1.464229
1769100021.750420 -1.413836 -7.527294 1.466681
1769100021.800353 -1.413121 -7.520842 1.468247
1769100021.850332 -1.412116 -7.511167 1.466002
1769100021.900327 -1.411411 -7.504880 1.466375
1769100021.950291 -1.410683 -7.498523 1.465237
1769100022.000308 -1.409603 -7.488902 1.463336
1769100022.050330 -1.408821 -7.482540 1.463046
1769100022.100321 -1.408064 -7.476024 1.461454
1769100022.150381 -1.406879 -7.466315 1.464724
1769100022.200295 -1.406165 -7.459837 1.462269
1769100022.250311 -1.405401 -7.453438 1.465742
1769100022.300350 -1.404341 -7.443997 1.468727
1769100022.350314 -1.403637 -7.437890 1.471669
1769100022.400297 -1.402919 -7.431677 1.474766
1769100022.450307 -1.401977 -7.422194 1.472515
1769100022.500298 -1.401239 -7.415919 1.476423
1769100022.550373 -1.400607 -7.409914 1.475689
1769100022.600329 -1.399602 -7.400218 1.476356
1769100022.650330 -1.398908 -7.393451 1.474103
1769100022.700311 -1.398299 -7.387394 1.469999
1769100022.750384 -1.397265 -7.377979 1.470882
1769100022.800325 -1.396614 -7.371920 1.468052
1769100022.850300 -1.395580 -7.362726 1.468679
1769100022.900317 -1.394911 -7.356167 1.464165
1769100022.950309 -1.394179 -7.349807 1.466062
1769100023.000343 -1.393149 -7.340640 1.469255
1769100023.050337 -1.392486 -7.334595 1.471601
1769100023.100326 -1.391811 -7.328293 1.474378
1769100023.150321 -1.390878 -7.318804 1.474334
1769100023.200320 -1.390274 -7.312728 1.473516
1769100023.250314 -1.389316 -7.303275 1.472265
1769100023.300310 -1.388683 -7.297291 1.471665
1769100023.350314 -1.387947 -7.290884 1.473463
1769100023.400323 -1.386948 -7.281191 1.470792
1769100023.450312 -1.386188 -7.274605 1.472701
1769100023.500352 -1.385489 -7.268494 1.472866
1769100023.550323 -1.384433 -7.258802 1.474626
1769100023.600356 -1.383763 -7.252658 1.474288
1769100023.650355 -1.383124 -7.246458 1.472227
1769100023.700323 -1.382100 -7.237083 1.476295
1769100023.750350 -1.381455 -7.230816 1.476330
1769100023.800354 -1.380784 -7.224543 1.478855
1769100023.850363 -1.379874 -7.214835 1.477195
1769100023.900452 -1.379234 -7.208503 1.478327
1769100023.950459 -1.378551 -7.202051 1.480371
1769100024.000373 -1.377640 -7.192424 1.479159
1769100024.050316 -1.376964 -7.186012 1.480481
1769100024.100307 -1.376328 -7.179591 1.477172
1769100024.150322 -1.375313 -7.170015 1.478920
1769100024.200340 -1.374707 -7.163753 1.473802
1769100024.250397 -1.374011 -7.157317 1.475126
1769100024.300324 -1.373011 -7.147705 1.477359
1769100024.350331 -1.372408 -7.141619 1.476919
1769100024.400345 -1.371433 -7.132110 1.480887
1769100024.450335 -1.370853 -7.125868 1.480311
1769100024.500330 -1.370268 -7.119589 1.480075
1769100024.550319 -1.369396 -7.110129 1.478897
1769100024.600336 -1.368789 -7.103766 1.478407
1769100024.650355 -1.368125 -7.097362 1.479340
1769100024.700316 -1.367252 -7.087975 1.476363
1769100024.750456 -1.366605 -7.081696 1.476899
1769100024.800405 -1.365983 -7.075573 1.475253
1769100024.850346 -1.364983 -7.065727 1.475811
1769100024.900338 -1.364283 -7.059324 1.477055
1769100024.950416 -1.363616 -7.053089 1.476991
1769100025.000432 -1.362607 -7.043534 1.478910
1769100025.050346 -1.361985 -7.037196 1.476352
1769100025.100360 -1.361316 -7.031254 1.480589
1769100025.150325 -1.360390 -7.021590 1.480663
1769100025.200351 -1.359763 -7.015258 1.482469
1769100025.250346 -1.358903 -7.005981 1.482960
1769100025.300348 -1.358325 -6.999901 1.483558
1769100025.350347 -1.357685 -6.993579 1.485302
1769100025.400351 -1.356832 -6.984046 1.481915
1769100025.450389 -1.356172 -6.977589 1.482677
1769100025.500351 -1.355541 -6.971100 1.479403
1769100025.550362 -1.354546 -6.961275 1.480279
1769100025.600339 -1.353867 -6.955148 1.483661
1769100025.650362 -1.353199 -6.948688 1.483938
1769100025.700376 -1.352234 -6.939100 1.487170
1769100025.750395 -1.351641 -6.932896 1.485680
1769100025.800381 -1.351003 -6.926696 1.487893
1769100025.850395 -1.350159 -6.917307 1.486691
1769100025.900387 -1.349557 -6.911057 1.486397
1769100025.950403 -1.348920 -6.904671 1.487541
1769100026.000392 -1.348033 -6.895039 1.487569
1769100026.050361 -1.347370 -6.888561 1.488657
1769100026.100363 -1.346751 -6.882141 1.486809
1769100026.150374 -1.345855 -6.872723 1.486795
1769100026.200357 -1.345195 -6.866714 1.487830
1769100026.250384 -1.344551 -6.860336 1.485182
1769100026.300365 -1.343562 -6.850704 1.486031
1769100026.350377 -1.342896 -6.844357 1.484833
1769100026.400368 -1.342190 -6.837928 1.487490
1769100026.450373 -1.341283 -6.828284 1.486904
1769100026.500456 -1.340671 -6.822243 1.489002
1769100026.550385 -1.340017 -6.815978 1.493332
1769100026.600386 -1.339174 -6.806556 1.495065
1769100026.650373 -1.338589 -6.800306 1.495061
1769100026.700382 -1.338018 -6.793906 1.492050
1769100026.750372 -1.337133 -6.784355 1.493152
1769100026.800382 -1.336534 -6.778279 1.492065
1769100026.850367 -1.335882 -6.771658 1.492331
1769100026.900392 -1.334981 -6.762171 1.492394
1769100026.950375 -1.334367 -6.755618 1.489311
1769100027.000378 -1.333445 -6.745889 1.490528
1769100027.050401 -1.332862 -6.740029 1.490279
1769100027.100393 -1.332238 -6.733987 1.492966
1769100027.150398 -1.331411 -6.724525 1.490673
1769100027.200447 -1.330836 -6.718622 1.490616
1769100027.250406 -1.330209 -6.712305 1.492470
1769100027.300385 -1.329391 -6.702630 1.490869
1769100027.350383 -1.328777 -6.696192 1.492104
1769100027.400424 -1.328209 -6.689717 1.489237
1769100027.450384 -1.327333 -6.680167 1.491064
1769100027.500395 -1.326730 -6.673815 1.489846
1769100027.550488 -1.326137 -6.667430 1.486689
1769100027.600431 -1.325190 -6.657795 1.487682
1769100027.650433 -1.324556 -6.651375 1.485274
1769100027.700391 -1.323869 -6.644878 1.486688
1769100027.750390 -1.322961 -6.635112 1.484978
1769100027.800391 -1.322311 -6.628738 1.487582
1769100027.850410 -1.321660 -6.622327 1.491280
1769100027.900396 -1.320826 -6.612958 1.493005
1769100027.950405 -1.320268 -6.607056 1.494479
1769100028.000389 -1.319714 -6.600764 1.493418
1769100028.050406 -1.318873 -6.591274 1.494979
1769100028.100396 -1.318320 -6.584876 1.492288
1769100028.150473 -1.317739 -6.578381 1.492268
1769100028.200421 -1.316871 -6.568624 1.493344
1769100028.250393 -1.316325 -6.562083 1.489237
1769100028.300408 -1.315704 -6.555518 1.490921
1769100028.350394 -1.314884 -6.545907 1.487917
1769100028.400412 -1.314288 -6.539550 1.487863
1769100028.450406 -1.313718 -6.533178 1.484341
1769100028.500404 -1.312827 -6.523689 1.486346
1769100028.550404 -1.312209 -6.517348 1.489268
1769100028.600405 -1.311658 -6.511307 1.489998
1769100028.650421 -1.310832 -6.502063 1.493378
1769100028.700408 -1.310286 -6.495753 1.493416
1769100028.750426 -1.309743 -6.489276 1.492930
1769100028.800407 -1.308957 -6.479855 1.491455
1769100028.850409 -1.308438 -6.473420 1.486797
1769100028.900410 -1.307848 -6.466974 1.485574
1769100028.950412 -1.306989 -6.457409 1.483311
1769100029.000503 -1.306330 -6.450818 1.484577
1769100029.050422 -1.305718 -6.444334 1.482186
1769100029.100427 -1.304767 -6.434579 1.485211
1769100029.150414 -1.304120 -6.428199 1.489033
1769100029.200423 -1.303530 -6.421941 1.489987
1769100029.250434 -1.302675 -6.412515 1.492384
1769100029.300408 -1.302159 -6.406531 1.489338
1769100029.350411 -1.301557 -6.400275 1.492363
1769100029.400418 -1.300744 -6.390617 1.491300
1769100029.450451 -1.300175 -6.384310 1.492137
1769100029.500423 -1.299604 -6.377796 1.491279
1769100029.550491 -1.298822 -6.368062 1.487241
1769100029.600424 -1.298229 -6.361890 1.491031
1769100029.650429 -1.297438 -6.352195 1.486622
1769100029.700416 -1.296883 -6.346115 1.485607
1769100029.750461 -1.296276 -6.339648 1.484256
1769100029.800503 -1.295390 -6.330380 1.485635
1769100029.850422 -1.294758 -6.324320 1.490481
1769100029.900450 -1.293952 -6.315113 1.490237
1769100029.950463 -1.293326 -6.308742 1.494581
1769100030.000462 -1.292783 -6.302444 1.494669
1769100030.050458 -1.292022 -6.293302 1.496531
1769100030.100501 -1.291491 -6.286941 1.495285
1769100030.150432 -1.290993 -6.280615 1.491512
1769100030.200436 -1.290168 -6.271029 1.491430
1769100030.250453 -1.289612 -6.264571 1.489972
1769100030.300435 -1.289042 -6.258425 1.491183
1769100030.350447 -1.288213 -6.248542 1.488050
1769100030.400432 -1.287611 -6.241978 1.488585
1769100030.450436 -1.287011 -6.235826 1.491043
1769100030.500432 -1.286203 -6.226616 1.492034
1769100030.550446 -1.285607 -6.220307 1.494612
1769100030.600485 -1.284852 -6.211084 1.491873
1769100030.650440 -1.284264 -6.204828 1.495499
1769100030.700445 -1.283735 -6.198840 1.496507
1769100030.750439 -1.282942 -6.189268 1.500012
1769100030.800447 -1.282425 -6.183064 1.500430
1769100030.850443 -1.281936 -6.176718 1.498800
1769100030.900446 -1.281154 -6.167068 1.501821
1769100030.950442 -1.280678 -6.160765 1.499424
1769100031.000444 -1.280166 -6.154608 1.500119
1769100031.050456 -1.279410 -6.144817 1.496720
1769100031.100453 -1.278897 -6.138386 1.493745
1769100031.150455 -1.278045 -6.128621 1.497727
1769100031.200446 -1.277539 -6.122445 1.497719
1769100031.250449 -1.276989 -6.116056 1.501722
1769100031.300447 -1.276307 -6.106822 1.500876
1769100031.350449 -1.275797 -6.100599 1.504337
1769100031.400455 -1.275334 -6.094707 1.506034
1769100031.450460 -1.274680 -6.085299 1.506119
1769100031.500466 -1.274234 -6.079211 1.505243
1769100031.550457 -1.273793 -6.072820 1.501572
1769100031.600466 -1.273078 -6.063332 1.502993
1769100031.650458 -1.272630 -6.056860 1.499348
1769100031.700460 -1.272134 -6.050297 1.498793
1769100031.750488 -1.271384 -6.040622 1.499312
1769100031.800488 -1.270937 -6.034463 1.495951
1769100031.850489 -1.270164 -6.024812 1.497217
1769100031.900494 -1.269704 -6.018798 1.495367
1769100031.950492 -1.269188 -6.012693 1.499385
1769100032.000501 -1.268473 -6.003011 1.498893
1769100032.050515 -1.267980 -5.996781 1.502918
1769100032.100465 -1.267503 -5.990655 1.507073
1769100032.150503 -1.266863 -5.981121 1.507795
1769100032.200566 -1.266438 -5.975122 1.508929
1769100032.250468 -1.265853 -5.965910 1.505858
1769100032.300482 -1.265396 -5.959486 1.506808
1769100032.350549 -1.264950 -5.953121 1.504599
1769100032.400474 -1.264277 -5.943725 1.504926
1769100032.450474 -1.263763 -5.937005 1.505255
1769100032.500477 -1.263333 -5.930784 1.501813
1769100032.550473 -1.262590 -5.920910 1.504505
1769100032.600554 -1.262154 -5.914546 1.502583
1769100032.650495 -1.261678 -5.908138 1.505368
1769100032.700484 -1.261043 -5.898837 1.505113
1769100032.750490 -1.260595 -5.892595 1.507683
1769100032.800475 -1.260145 -5.886218 1.509335
1769100032.850543 -1.259543 -5.876728 1.508330
1769100032.900562 -1.259084 -5.870182 1.511221
1769100032.950481 -1.258671 -5.863749 1.509789
1769100033.000584 -1.258046 -5.854050 1.509809
1769100033.050483 -1.257612 -5.847580 1.508522
1769100033.100504 -1.257216 -5.841183 1.503721
1769100033.150483 -1.256522 -5.831545 1.504459
1769100033.200490 -1.256082 -5.825123 1.501178
1769100033.250551 -1.255575 -5.818628 1.504414
1769100033.300485 -1.254890 -5.808855 1.504010
1769100033.350505 -1.254411 -5.802564 1.508873
1769100033.400488 -1.253933 -5.796057 1.514324
1769100033.450569 -1.253364 -5.786595 1.513825
1769100033.500524 -1.252933 -5.780342 1.517769
1769100033.550510 -1.252578 -5.774048 1.514806
1769100033.600506 -1.252025 -5.764568 1.514055
1769100033.650494 -1.251651 -5.758111 1.511122
1769100033.700498 -1.251272 -5.751740 1.509896
1769100033.750501 -1.250659 -5.742262 1.512134
1769100033.800517 -1.250287 -5.735991 1.510595
1769100033.850528 -1.249854 -5.729402 1.512934
1769100033.900529 -1.249276 -5.719590 1.510343
1769100033.950538 -1.248885 -5.713203 1.509966
1769100034.000504 -1.248494 -5.707283 1.511374
1769100034.050495 -1.247889 -5.697730 1.513543
1769100034.100498 -1.247481 -5.691752 1.517331
1769100034.150503 -1.246940 -5.682270 1.516691
1769100034.200517 -1.246529 -5.675741 1.520114
1769100034.250518 -1.246183 -5.669775 1.520142
1769100034.300505 -1.245663 -5.660158 1.520613
1769100034.350514 -1.245296 -5.653980 1.521177
1769100034.400506 -1.244980 -5.647960 1.517133
1769100034.450507 -1.244412 -5.638376 1.516388
1769100034.500507 -1.244032 -5.631896 1.512807
1769100034.550596 -1.243621 -5.625696 1.512727
1769100034.600528 -1.243007 -5.615875 1.510677
1769100034.650510 -1.242584 -5.609684 1.512564
1769100034.700518 -1.241926 -5.599921 1.517425
1769100034.750511 -1.241523 -5.593589 1.519229
1769100034.800519 -1.241123 -5.587271 1.521842
1769100034.850504 -1.240628 -5.577845 1.519298
1769100034.900597 -1.240252 -5.571539 1.520033
1769100034.950517 -1.239872 -5.565230 1.520782
1769100035.000517 -1.239496 -5.558797 1.521346
1769100035.050561 -1.238965 -5.549146 1.521335
1769100035.100524 -1.238624 -5.542653 1.517735
1769100035.150531 -1.238229 -5.536051 1.519319
1769100035.200524 -1.237708 -5.526258 1.516116
1769100035.250523 -1.237338 -5.519790 1.514740
1769100035.300589 -1.236938 -5.513415 1.515164
1769100035.350584 -1.236354 -5.503815 1.515937
1769100035.400617 -1.235926 -5.497425 1.518995
1769100035.450525 -1.235542 -5.491040 1.518944
1769100035.500535 -1.234961 -5.481394 1.523820
1769100035.550603 -1.234594 -5.475139 1.528311
1769100035.600531 -1.234255 -5.468697 1.532325
1769100035.650575 -1.233833 -5.459225 1.535219
1769100035.700559 -1.233577 -5.452933 1.535814
1769100035.750591 -1.233293 -5.446600 1.539969
1769100035.800576 -1.232949 -5.436898 1.541637
1769100035.850581 -1.232726 -5.430476 1.544553
1769100035.900634 -1.232506 -5.423823 1.547501
1769100035.950571 -1.232251 -5.413997 1.549557
1769100036.000650 -1.232042 -5.407471 1.557135
1769100036.050542 -1.231915 -5.400907 1.557559
1769100036.100550 -1.231709 -5.391520 1.566301
1769100036.150606 -1.231612 -5.385068 1.569991
1769100036.200571 -1.231544 -5.378860 1.574967
1769100036.250563 -1.231513 -5.369317 1.580003
1769100036.300554 -1.231488 -5.362889 1.589285
1769100036.350608 -1.231522 -5.356533 1.596112
1769100036.400553 -1.231672 -5.346799 1.602667
1769100036.450563 -1.231807 -5.340445 1.604488
1769100036.500618 -1.231923 -5.334300 1.610461
1769100036.550547 -1.232235 -5.324700 1.611105
1769100036.600603 -1.232414 -5.318637 1.613735
1769100036.650557 -1.232605 -5.312152 1.616883
1769100036.700547 -1.232969 -5.302382 1.620877
1769100036.750561 -1.233204 -5.295801 1.625910
1769100036.800597 -1.233479 -5.289218 1.628805
1769100036.850552 -1.233949 -5.279618 1.632706
1769100036.900546 -1.234256 -5.273294 1.638691
1769100036.950562 -1.234586 -5.267003 1.645213
1769100037.000562 -1.235183 -5.257621 1.651983
1769100037.050554 -1.235588 -5.251356 1.659398
1769100037.100586 -1.236040 -5.245110 1.663795
1769100037.150560 -1.236812 -5.235543 1.669316
1769100037.200560 -1.237336 -5.229078 1.672306
1769100037.250556 -1.237889 -5.222570 1.675657
1769100037.300560 -1.238788 -5.213027 1.676641
1769100037.350561 -1.239393 -5.206561 1.676910
1769100037.400556 -1.239973 -5.200160 1.681063
1769100037.450588 -1.240903 -5.190883 1.684713
1769100037.500564 -1.241523 -5.184809 1.689238
1769100037.550576 -1.242531 -5.175544 1.694600
1769100037.600642 -1.243255 -5.169072 1.699431
1769100037.650611 -1.243965 -5.162716 1.706770
1769100037.700623 -1.245164 -5.153399 1.706739
1769100037.750575 -1.245889 -5.147298 1.712548
1769100037.800626 -1.246734 -5.140781 1.714335
1769100037.850664 -1.247948 -5.131885 1.716812
1769100037.900599 -1.248752 -5.125859 1.721033
1769100037.950622 -1.249618 -5.119565 1.727388
1769100038.000567 -1.251049 -5.110037 1.731620
1769100038.050634 -1.252022 -5.103552 1.736020
1769100038.100608 -1.253528 -5.094182 1.734812
1769100038.150640 -1.254509 -5.087735 1.740849
1769100038.200601 -1.255514 -5.081362 1.745305
1769100038.250597 -1.257116 -5.071843 1.748910
1769100038.300624 -1.258190 -5.065424 1.752970
1769100038.350605 -1.259285 -5.059129 1.757544
1769100038.400593 -1.260381 -5.052923 1.766557
1769100038.450592 -1.262201 -5.043501 1.767627
1769100038.500596 -1.263358 -5.037374 1.771489
1769100038.550607 -1.264569 -5.031146 1.770918
1769100038.600635 -1.266415 -5.021745 1.771391
1769100038.650612 -1.267606 -5.015619 1.769855
1769100038.700659 -1.268821 -5.009296 1.769179
1769100038.750661 -1.270664 -4.999774 1.770853
1769100038.800582 -1.271844 -4.993575 1.770377
1769100038.850605 -1.273695 -4.984101 1.768713
1769100038.900594 -1.274907 -4.977679 1.768633
1769100038.950563 -1.276056 -4.971602 1.766519
1769100039.000604 -1.277799 -4.962423 1.767014
1769100039.050686 -1.278982 -4.956121 1.766135
1769100039.100585 -1.280130 -4.949992 1.766984
1769100039.150621 -1.281933 -4.940586 1.766990
1769100039.200663 -1.283104 -4.934358 1.768631
1769100039.250592 -1.284292 -4.928082 1.769730
1769100039.300595 -1.286131 -4.918606 1.769770
1769100039.350612 -1.287308 -4.912406 1.769681
1769100039.400621 -1.288514 -4.906033 1.768424
1769100039.450614 -1.290310 -4.896704 1.765375
1769100039.500606 -1.291488 -4.890325 1.764961
1769100039.550598 -1.292675 -4.883920 1.763135
1769100039.600621 -1.294470 -4.874259 1.763861
1769100039.650605 -1.295680 -4.867678 1.763830
1769100039.700636 -1.296810 -4.861495 1.764258
1769100039.750658 -1.298581 -4.852059 1.764851
1769100039.800641 -1.299725 -4.845852 1.764809
1769100039.850692 -1.300812 -4.839918 1.765058
1769100039.900653 -1.302568 -4.830583 1.764755
1769100039.950647 -1.303689 -4.824525 1.763086
1769100040.000659 -1.304866 -4.818117 1.762157
1769100040.050633 -1.306607 -4.808751 1.762488
1769100040.100626 -1.307780 -4.802367 1.761499
1769100040.150668 -1.308880 -4.796355 1.759789
1769100040.200625 -1.310657 -4.786761 1.757879
1769100040.250615 -1.311823 -4.780347 1.754473
1769100040.300694 -1.312857 -4.774349 1.754699
1769100040.350631 -1.314592 -4.764670 1.751903
1769100040.400639 -1.315663 -4.758395 1.752321
1769100040.450696 -1.316694 -4.752343 1.753951
1769100040.500638 -1.318369 -4.742937 1.755628
1769100040.550618 -1.319477 -4.736646 1.755683
1769100040.600631 -1.320585 -4.730429 1.754670
1769100040.650652 -1.322263 -4.721099 1.754688
1769100040.700613 -1.323323 -4.715078 1.753722
1769100040.750686 -1.324947 -4.706070 1.750292
1769100040.800615 -1.326057 -4.699747 1.747055
1769100040.850627 -1.327136 -4.693366 1.747215
1769100040.900638 -1.328803 -4.683719 1.747725
1769100040.950694 -1.329938 -4.677141 1.746904
1769100041.000645 -1.331031 -4.670812 1.746909
1769100041.050692 -1.332713 -4.661143 1.746883
1769100041.100647 -1.333810 -4.654790 1.745116
1769100041.150638 -1.334878 -4.648555 1.746145
1769100041.200630 -1.336464 -4.639408 1.746137
1769100041.250645 -1.337499 -4.633377 1.746397
1769100041.300697 -1.338573 -4.627067 1.749520
1769100041.350625 -1.340228 -4.617731 1.749922
1769100041.400628 -1.341337 -4.611404 1.751557
1769100041.450659 -1.342455 -4.605186 1.749610
1769100041.500632 -1.344166 -4.595598 1.747727
1769100041.550656 -1.345289 -4.589222 1.745757
1769100041.600648 -1.346392 -4.582836 1.745082
1769100041.650654 -1.348066 -4.573189 1.742787
1769100041.700628 -1.349126 -4.566820 1.745037
1769100041.750679 -1.350214 -4.560309 1.746333
1769100041.800702 -1.351861 -4.550761 1.747384
1769100041.850650 -1.352868 -4.544830 1.748695
1769100041.900686 -1.353970 -4.538561 1.746230
1769100041.950699 -1.355578 -4.529237 1.748190
1769100042.000662 -1.356674 -4.522883 1.748656
1769100042.050695 -1.357753 -4.516734 1.745947
1769100042.100758 -1.359385 -4.507391 1.743984
1769100042.150658 -1.360471 -4.501056 1.743108
1769100042.200665 -1.361554 -4.494673 1.743120
1769100042.250676 -1.363172 -4.485167 1.744004
1769100042.300669 -1.364238 -4.478905 1.744638
1769100042.350661 -1.365345 -4.472371 1.744227
1769100042.400658 -1.366927 -4.463089 1.743786
1769100042.450669 -1.368003 -4.456674 1.744429
1769100042.500728 -1.369049 -4.450304 1.747065
1769100042.550646 -1.370664 -4.440902 1.748530
1769100042.600688 -1.371691 -4.434787 1.751137
1769100042.650666 -1.372754 -4.428692 1.751570
1769100042.700649 -1.374399 -4.419319 1.756997
1769100042.750675 -1.375524 -4.413134 1.755828
1769100042.800664 -1.376668 -4.406818 1.754804
1769100042.850660 -1.378399 -4.397314 1.752862
1769100042.900669 -1.379469 -4.391335 1.751895
1769100042.950668 -1.381196 -4.381721 1.750722
1769100043.000653 -1.382304 -4.375381 1.752343
1769100043.050687 -1.383429 -4.368902 1.752950
1769100043.100655 -1.385177 -4.359141 1.752907
1769100043.150686 -1.386261 -4.352908 1.754638
1769100043.200658 -1.387403 -4.346515 1.753973
1769100043.250680 -1.388490 -4.340304 1.756610
1769100043.300659 -1.390201 -4.330935 1.755124
1769100043.350746 -1.391245 -4.325112 1.753836
1769100043.400698 -1.392937 -4.315729 1.752714
1769100043.450732 -1.394052 -4.309488 1.751782
1769100043.500669 -1.395171 -4.303109 1.752149
1769100043.550683 -1.396847 -4.293723 1.752405
1769100043.600684 -1.397942 -4.287524 1.751923
1769100043.650686 -1.399074 -4.281071 1.751128
1769100043.700741 -1.400760 -4.271549 1.749475
1769100043.750668 -1.401881 -4.265036 1.749336
1769100043.800732 -1.402978 -4.258597 1.749941
1769100043.850811 -1.404589 -4.249374 1.749631
1769100043.900737 -1.405686 -4.242907 1.752379
1769100043.950712 -1.406755 -4.236727 1.755124
1769100044.000686 -1.408363 -4.227707 1.759774
1769100044.050704 -1.409497 -4.221497 1.759392
1769100044.100706 -1.410586 -4.215583 1.758999
1769100044.150676 -1.412342 -4.206162 1.757422
1769100044.200682 -1.413414 -4.200291 1.756726
1769100044.250747 -1.415191 -4.190636 1.755669
1769100044.300705 -1.416235 -4.184822 1.757145
1769100044.350677 -1.417418 -4.178251 1.757628
1769100044.400683 -1.419192 -4.168651 1.756773
1769100044.450712 -1.420345 -4.162221 1.757869
1769100044.500700 -1.421510 -4.155775 1.758033
1769100044.550700 -1.423241 -4.146300 1.760547
1769100044.600700 -1.424401 -4.139931 1.760485
1769100044.650722 -1.425540 -4.133784 1.760404
1769100044.700686 -1.427291 -4.124385 1.761168
1769100044.750710 -1.428461 -4.118100 1.761193
1769100044.800685 -1.429607 -4.111823 1.763400
1769100044.850706 -1.431401 -4.102309 1.764782
1769100044.900710 -1.432567 -4.096101 1.763938
1769100044.950711 -1.433764 -4.089692 1.762070
1769100045.000709 -1.435521 -4.080342 1.759719
1769100045.050768 -1.436692 -4.073941 1.758963
1769100045.100726 -1.437798 -4.067842 1.757619
1769100045.150697 -1.439498 -4.058514 1.758598
1769100045.200775 -1.440709 -4.051812 1.760336
1769100045.250716 -1.441777 -4.045938 1.761371
1769100045.300762 -1.443520 -4.036529 1.765332
1769100045.350715 -1.444696 -4.030275 1.764942
1769100045.400727 -1.445882 -4.023978 1.767043
1769100045.450724 -1.447603 -4.015066 1.766620
1769100045.500788 -1.448728 -4.009182 1.765974
1769100045.550728 -1.450548 -3.999742 1.765925
1769100045.600718 -1.451717 -3.993572 1.766559
1769100045.650709 -1.452960 -3.987039 1.766848
1769100045.700715 -1.454743 -3.977882 1.765597
1769100045.750727 -1.455952 -3.971548 1.764673
1769100045.800718 -1.457110 -3.965445 1.762436
1769100045.850729 -1.458926 -3.955805 1.763078
1769100045.900738 -1.460147 -3.949329 1.760113
1769100045.950731 -1.461286 -3.943151 1.759732
1769100046.000726 -1.463046 -3.933698 1.759144
1769100046.050700 -1.464192 -3.927424 1.760876
1769100046.100724 -1.465272 -3.921440 1.764017
1769100046.150749 -1.467071 -3.911967 1.764141
1769100046.200727 -1.468208 -3.905853 1.764536
1769100046.250744 -1.469403 -3.899500 1.762339
1769100046.300724 -1.471097 -3.890528 1.759828
1769100046.350743 -1.472269 -3.884192 1.757245
1769100046.400737 -1.473416 -3.877816 1.755833
1769100046.450734 -1.475152 -3.868243 1.755670
1769100046.500787 -1.476346 -3.861588 1.754989
1769100046.550722 -1.477478 -3.855232 1.756218
1769100046.600730 -1.479229 -3.845628 1.756470
1769100046.650779 -1.480379 -3.839262 1.755425
1769100046.700756 -1.481506 -3.833033 1.756201
1769100046.750782 -1.483236 -3.823600 1.755787
1769100046.800728 -1.484344 -3.817475 1.756433
1769100046.850786 -1.485468 -3.811186 1.759307
1769100046.900725 -1.487191 -3.801938 1.759517
1769100046.950728 -1.488354 -3.795592 1.760906
1769100047.000721 -1.489528 -3.789333 1.759978
1769100047.050832 -1.491311 -3.779809 1.761072
1769100047.100793 -1.492520 -3.773376 1.759189
1769100047.150760 -1.493635 -3.767376 1.757840
1769100047.200745 -1.495429 -3.757747 1.755574
1769100047.250749 -1.496572 -3.751375 1.757213
1769100047.300741 -1.497740 -3.744874 1.757723
1769100047.350754 -1.499478 -3.735376 1.758817
1769100047.400733 -1.500550 -3.729393 1.761089
1769100047.450797 -1.501721 -3.723117 1.760216
1769100047.500762 -1.503461 -3.713799 1.761684
1769100047.550753 -1.504643 -3.707469 1.760299
1769100047.600758 -1.505775 -3.701379 1.758483
1769100047.650804 -1.507518 -3.692030 1.757373
1769100047.700794 -1.508678 -3.685760 1.755276
1769100047.750758 -1.509822 -3.679442 1.754166
1769100047.800757 -1.511613 -3.669535 1.755551
1769100047.850775 -1.512743 -3.663255 1.756854
1769100047.900762 -1.513928 -3.656708 1.756812
1769100047.950775 -1.515700 -3.647042 1.756271
1769100048.000770 -1.516784 -3.641078 1.753449
1769100048.050766 -1.517897 -3.634682 1.756076
1769100048.100808 -1.519540 -3.625599 1.758099
1769100048.150746 -1.520609 -3.619557 1.761376
1769100048.200763 -1.522314 -3.610413 1.761386
1769100048.250830 -1.523448 -3.604091 1.766770
1769100048.300768 -1.524621 -3.597864 1.766482
1769100048.350773 -1.526414 -3.588534 1.766521
1769100048.400769 -1.527641 -3.582110 1.763902
1769100048.450823 -1.528823 -3.575874 1.761441
1769100048.500827 -1.530630 -3.566263 1.760666
1769100048.550777 -1.531797 -3.559927 1.761442
1769100048.600775 -1.532972 -3.553480 1.760992
1769100048.650848 -1.534799 -3.543695 1.760858
1769100048.700756 -1.535924 -3.537456 1.763749
1769100048.750830 -1.537120 -3.531040 1.764549
1769100048.800773 -1.538883 -3.521703 1.767562
1769100048.850833 -1.540076 -3.515405 1.766595
1769100048.900757 -1.541169 -3.509606 1.766485
1769100048.950783 -1.542958 -3.500293 1.766250
1769100049.000798 -1.544151 -3.494039 1.764509
1769100049.050775 -1.545249 -3.488114 1.764406
1769100049.100783 -1.547099 -3.478375 1.763799
1769100049.150779 -1.548236 -3.472204 1.763718
1769100049.200786 -1.549436 -3.465710 1.763113
1769100049.250832 -1.551230 -3.456186 1.761289
1769100049.300827 -1.552356 -3.450038 1.759085
1769100049.350790 -1.553518 -3.443604 1.758520
1769100049.400784 -1.555273 -3.434068 1.757415
1769100049.450786 -1.556351 -3.427976 1.758831
1769100049.500793 -1.557453 -3.421851 1.760260
1769100049.550778 -1.559134 -3.412708 1.763833
1769100049.600814 -1.560264 -3.406568 1.765934
1769100049.650831 -1.562046 -3.397260 1.766643
1769100049.700836 -1.563185 -3.391257 1.764868
1769100049.750836 -1.564355 -3.385073 1.762628
1769100049.800847 -1.566163 -3.375462 1.762475
1769100049.850819 -1.567319 -3.369232 1.761971
1769100049.900862 -1.568516 -3.362742 1.760658
1769100049.950834 -1.570307 -3.353166 1.759331
1769100050.000820 -1.571469 -3.346733 1.760039
1769100050.050780 -1.572660 -3.340274 1.759164
1769100050.100796 -1.574409 -3.330770 1.761647
1769100050.150797 -1.575575 -3.324458 1.759996
1769100050.200799 -1.576715 -3.318290 1.759275
1769100050.250799 -1.578446 -3.308932 1.759997
1769100050.300781 -1.579604 -3.302693 1.758988
1769100050.350800 -1.580674 -3.296731 1.761394
1769100050.400826 -1.582462 -3.287171 1.761084
1769100050.450804 -1.583593 -3.280998 1.761010
1769100050.500784 -1.584770 -3.274579 1.760962
1769100050.550856 -1.586544 -3.265137 1.757786
1769100050.600792 -1.587692 -3.258801 1.756951
1769100050.650835 -1.588860 -3.252351 1.754703
1769100050.700799 -1.590601 -3.242728 1.753716
1769100050.750815 -1.591775 -3.236108 1.754652
1769100050.800832 -1.592874 -3.229864 1.757199
1769100050.850800 -1.594595 -3.220396 1.760584
1769100050.900816 -1.595729 -3.214147 1.762478
1769100050.950791 -1.596893 -3.207904 1.763700
1769100051.000792 -1.598667 -3.198532 1.764659
1769100051.050882 -1.599812 -3.192474 1.763600
1769100051.100807 -1.601011 -3.186022 1.763786
1769100051.150826 -1.602761 -3.176799 1.762399
1769100051.200815 -1.603945 -3.170398 1.762869
1769100051.250829 -1.605136 -3.164033 1.762190
1769100051.300796 -1.606331 -3.157586 1.762588
1769100051.350821 -1.608175 -3.147877 1.760704
1769100051.400823 -1.609350 -3.141562 1.757175
1769100051.450825 -1.610538 -3.135078 1.753181
1769100051.500840 -1.612225 -3.125688 1.750708
1769100051.550822 -1.613320 -3.119408 1.746150
1769100051.600823 -1.614367 -3.113208 1.744670
1769100051.650830 -1.615977 -3.103762 1.738564
1769100051.700918 -1.617036 -3.097432 1.729629
1769100051.750853 -1.618010 -3.091216 1.725526
1769100051.800828 -1.619496 -3.081743 1.717003
1769100051.850875 -1.620419 -3.075352 1.711894
1769100051.900859 -1.621309 -3.069038 1.702552
1769100051.950852 -1.622585 -3.059348 1.696939
1769100052.000865 -1.623356 -3.052805 1.694564
1769100052.050818 -1.624127 -3.046324 1.687802
1769100052.100881 -1.625217 -3.036540 1.687384
1769100052.150811 -1.625914 -3.030237 1.682010
1769100052.200825 -1.626598 -3.023730 1.681174
1769100052.250842 -1.627625 -3.014198 1.676234
1769100052.300844 -1.628283 -3.007888 1.671113
1769100052.350885 -1.628905 -3.001620 1.666856
1769100052.400821 -1.629815 -2.992237 1.659185
1769100052.450893 -1.630383 -2.985886 1.653854
1769100052.500830 -1.630906 -2.979607 1.650176
1769100052.550883 -1.631684 -2.970067 1.640793
1769100052.600840 -1.632158 -2.963566 1.633861
1769100052.650841 -1.632562 -2.957092 1.630593
1769100052.700819 -1.633149 -2.947425 1.626723
1769100052.750854 -1.633503 -2.940911 1.623938
1769100052.800843 -1.633826 -2.934774 1.617574
1769100052.850843 -1.634262 -2.925492 1.615296
1769100052.900831 -1.634517 -2.919107 1.613580
1769100052.950857 -1.634888 -2.910063 1.611249
1769100053.000853 -1.635138 -2.903621 1.606712
1769100053.050848 -1.635348 -2.897704 1.602552
1769100053.100845 -1.635652 -2.887992 1.598824
1769100053.150911 -1.635827 -2.881895 1.594065
1769100053.200838 -1.635974 -2.875391 1.585970
1769100053.250907 -1.636124 -2.865865 1.578715
1769100053.300896 -1.636136 -2.859474 1.574283
1769100053.350899 -1.636159 -2.850385 1.565838
1769100053.400900 -1.636096 -2.844021 1.561680
1769100053.450869 -1.635997 -2.834700 1.555057
1769100053.500862 -1.635880 -2.828208 1.553429
1769100053.550868 -1.635731 -2.821740 1.551739
1769100053.600836 -1.635538 -2.812428 1.547310
1769100053.650861 -1.635358 -2.806024 1.544304
1769100053.700863 -1.635177 -2.799744 1.535914
1769100053.750869 -1.634832 -2.790293 1.532918
1769100053.800880 -1.634601 -2.784069 1.524192
1769100053.850874 -1.634317 -2.777998 1.519343
1769100053.900893 -1.633831 -2.768540 1.513471
1769100053.950959 -1.633475 -2.762074 1.508150
1769100054.000894 -1.633072 -2.755445 1.499825
1769100054.050894 -1.632400 -2.746054 1.498267
1769100054.100873 -1.631936 -2.739480 1.490956
1769100054.150886 -1.631443 -2.733191 1.487710
1769100054.200845 -1.630691 -2.724034 1.482507
1769100054.250887 -1.630152 -2.717698 1.476182
1769100054.300851 -1.629270 -2.708310 1.474171
1769100054.350886 -1.628677 -2.701970 1.469451
1769100054.400870 -1.628033 -2.695601 1.466307
1769100054.450887 -1.627076 -2.686245 1.458552
1769100054.500877 -1.626378 -2.679856 1.456002
1769100054.550878 -1.625603 -2.673284 1.454589
1769100054.600885 -1.624489 -2.663669 1.450253
1769100054.650878 -1.623704 -2.657165 1.443789
1769100054.700890 -1.622883 -2.650813 1.437588
1769100054.750857 -1.621589 -2.641147 1.430429
1769100054.800879 -1.620668 -2.634795 1.428597
1769100054.850889 -1.619728 -2.628456 1.424233
1769100054.900863 -1.618303 -2.618886 1.419776
1769100054.950882 -1.617404 -2.613060 1.415998
1769100055.000882 -1.616419 -2.606764 1.411073
1769100055.050880 -1.614912 -2.597419 1.407448
1769100055.100860 -1.613900 -2.591166 1.398920
1769100055.150879 -1.612812 -2.584835 1.392043
1769100055.200885 -1.611096 -2.575316 1.386073
1769100055.250939 -1.609900 -2.568848 1.380673
1769100055.300896 -1.608629 -2.562377 1.379083
1769100055.350898 -1.606764 -2.552760 1.371261
1769100055.400879 -1.605461 -2.546401 1.371696
1769100055.450872 -1.604238 -2.540398 1.366349
1769100055.500887 -1.602277 -2.530975 1.363835
1769100055.550916 -1.600965 -2.524734 1.361408
1769100055.600872 -1.599658 -2.518615 1.361282
1769100055.650872 -1.597679 -2.509309 1.358681
1769100055.700900 -1.596343 -2.503169 1.360935
1769100055.750966 -1.594959 -2.496756 1.362792
1769100055.800905 -1.592962 -2.487298 1.360678
1769100055.850998 -1.591634 -2.481089 1.357008
1769100055.900894 -1.590239 -2.474706 1.356948
1769100055.950905 -1.588160 -2.465157 1.356150
1769100056.000909 -1.586749 -2.458679 1.352171
1769100056.050925 -1.585355 -2.452427 1.351514
1769100056.100896 -1.583229 -2.442916 1.348308
1769100056.150910 -1.581805 -2.436669 1.349841
1769100056.200913 -1.580385 -2.430444 1.351782
1769100056.250949 -1.578266 -2.421005 1.353857
1769100056.300919 -1.576919 -2.414973 1.355471
1769100056.350949 -1.575601 -2.409038 1.356243
1769100056.400888 -1.573594 -2.399887 1.355210
1769100056.450886 -1.572200 -2.393581 1.353654
1769100056.500911 -1.570792 -2.387302 1.353119
1769100056.550908 -1.568679 -2.377812 1.351854
1769100056.600915 -1.567232 -2.371337 1.349297
1769100056.650927 -1.565806 -2.365089 1.349292
1769100056.700912 -1.563708 -2.355854 1.348177
1769100056.750921 -1.562330 -2.349828 1.346096
1769100056.800890 -1.560212 -2.340649 1.345439
1769100056.850917 -1.558729 -2.334209 1.343227
1769100056.900897 -1.557363 -2.328466 1.345880
1769100056.950925 -1.555215 -2.319158 1.341917
1769100057.000900 -1.553765 -2.313097 1.344939
1769100057.050927 -1.552260 -2.306753 1.344980
1769100057.100981 -1.550154 -2.297772 1.346112
1769100057.150928 -1.548774 -2.291922 1.345469
1769100057.200920 -1.547278 -2.285577 1.343858
1769100057.250928 -1.545063 -2.276157 1.342900
1769100057.300923 -1.543527 -2.269695 1.340387
1769100057.350924 -1.542041 -2.263537 1.339503
1769100057.400934 -1.539720 -2.253882 1.337872
1769100057.450926 -1.538252 -2.247823 1.336539
1769100057.500923 -1.536050 -2.238765 1.337877
1769100057.550933 -1.534514 -2.232431 1.337907
1769100057.600912 -1.533127 -2.226718 1.338641
1769100057.650919 -1.530893 -2.217431 1.340047
1769100057.700925 -1.529426 -2.211318 1.339659
1769100057.750982 -1.527950 -2.205184 1.339793
1769100057.801027 -1.525722 -2.195844 1.338780
1769100057.850945 -1.524315 -2.190030 1.338264
1769100057.900942 -1.522766 -2.183627 1.339100
1769100057.950915 -1.520591 -2.174561 1.340545
1769100058.000921 -1.519115 -2.168403 1.342685
1769100058.050936 -1.516889 -2.158982 1.345073
1769100058.100928 -1.515396 -2.152672 1.348246
1769100058.150944 -1.513916 -2.146365 1.354526
1769100058.200949 -1.511774 -2.136877 1.359597
1769100058.250952 -1.510348 -2.130576 1.366347
1769100058.300942 -1.509010 -2.124387 1.371775
1769100058.350930 -1.507041 -2.114964 1.381526
1769100058.400941 -1.505822 -2.108945 1.386764
1769100058.451007 -1.504650 -2.102793 1.390530
1769100058.500985 -1.502892 -2.093401 1.396005
1769100058.550925 -1.501809 -2.087386 1.397093
1769100058.600962 -1.500677 -2.081138 1.403249
1769100058.650950 -1.499042 -2.071586 1.402821
1769100058.700960 -1.497937 -2.065185 1.408534
1769100058.750953 -1.496839 -2.058633 1.410397
1769100058.800944 -1.495206 -2.048743 1.415723
1769100058.851001 -1.494181 -2.042446 1.420894
1769100058.900999 -1.493162 -2.035963 1.424259
1769100058.950954 -1.491746 -2.026644 1.427455
1769100059.000952 -1.490777 -2.020372 1.434598
1769100059.050966 -1.489881 -2.014072 1.436645
1769100059.100961 -1.488608 -2.004948 1.444767
1769100059.150944 -1.487762 -1.998580 1.452482
1769100059.200960 -1.486977 -1.992243 1.457631
1769100059.250974 -1.485837 -1.982605 1.463876
1769100059.301008 -1.485120 -1.976206 1.466577
1769100059.350969 -1.484421 -1.969917 1.472119
1769100059.400973 -1.483446 -1.960459 1.473393
1769100059.451010 -1.482760 -1.953998 1.478455
1769100059.500976 -1.482107 -1.947603 1.482215
1769100059.550941 -1.481189 -1.937705 1.483244
1769100059.600964 -1.480583 -1.931604 1.491505
1769100059.651012 -1.479988 -1.924996 1.496204
1769100059.700948 -1.479196 -1.915280 1.501344
1769100059.750967 -1.478681 -1.909079 1.507430
1769100059.801054 -1.478211 -1.902774 1.514125
1769100059.851045 -1.477628 -1.893726 1.519507
1769100059.900975 -1.477202 -1.887325 1.527602
1769100059.951017 -1.476872 -1.880994 1.527868
1769100060.000977 -1.476403 -1.871308 1.531543
1769100060.050972 -1.476116 -1.865052 1.530104
1769100060.100974 -1.475839 -1.858616 1.527075
1769100060.150974 -1.475376 -1.848835 1.527456
1769100060.200992 -1.475082 -1.842383 1.524644
1769100060.250973 -1.474760 -1.835948 1.525470
1769100060.301003 -1.474305 -1.826263 1.522527
1769100060.351029 -1.473971 -1.819832 1.525603
1769100060.400980 -1.473630 -1.813376 1.529346
1769100060.451035 -1.473192 -1.803721 1.530987
1769100060.500985 -1.472883 -1.797256 1.533908
1769100060.550982 -1.472615 -1.790801 1.532862
1769100060.600985 -1.472221 -1.781422 1.535586
1769100060.651012 -1.471972 -1.775167 1.534720
1769100060.700986 -1.471726 -1.768913 1.533534
1769100060.751038 -1.471333 -1.759357 1.534435
1769100060.800964 -1.471070 -1.752913 1.535228
1769100060.851032 -1.470786 -1.746375 1.537047
1769100060.900988 -1.470424 -1.736527 1.533527
1769100060.950990 -1.470139 -1.729934 1.534233
1769100061.001004 -1.469844 -1.723418 1.534752
1769100061.050991 -1.469456 -1.714207 1.537684
1769100061.100991 -1.469176 -1.707788 1.538929
1769100061.150989 -1.468948 -1.701535 1.536810
1769100061.201053 -1.468582 -1.692295 1.541755
1769100061.250974 -1.468367 -1.685914 1.541460
1769100061.300969 -1.468146 -1.679473 1.544900
1769100061.350975 -1.467871 -1.669821 1.543294
1769100061.400990 -1.467676 -1.663447 1.544132
1769100061.451008 -1.467464 -1.656976 1.545025
1769100061.500994 -1.467205 -1.647709 1.542391
1769100061.551008 -1.466988 -1.641314 1.542486
1769100061.601010 -1.466783 -1.634880 1.538700
1769100061.651015 -1.466451 -1.625385 1.539198
1769100061.701011 -1.466190 -1.618842 1.539499
1769100061.751006 -1.465845 -1.609009 1.536373
1769100061.801031 -1.465582 -1.602874 1.535271
1769100061.851012 -1.465331 -1.596796 1.529352
1769100061.901009 -1.464890 -1.587279 1.529456
1769100061.951018 -1.464620 -1.581121 1.523338
1769100062.001037 -1.464290 -1.574755 1.521202
1769100062.051004 -1.463811 -1.565318 1.514354
1769100062.101012 -1.463458 -1.559374 1.507776
1769100062.151005 -1.462858 -1.549794 1.500099
1769100062.201008 -1.462437 -1.543805 1.494489
1769100062.251006 -1.461923 -1.537187 1.487349
1769100062.300986 -1.461112 -1.527459 1.481679
1769100062.351015 -1.460547 -1.521050 1.475010
1769100062.401014 -1.459941 -1.514624 1.468824
1769100062.451072 -1.458966 -1.505095 1.466222
1769100062.501018 -1.458333 -1.498740 1.459058
1769100062.551060 -1.457638 -1.492436 1.457953
1769100062.601019 -1.456576 -1.482822 1.452846
1769100062.651024 -1.455859 -1.476518 1.451862
1769100062.701028 -1.455097 -1.470113 1.450823
1769100062.751072 -1.453974 -1.460670 1.446998
1769100062.801018 -1.453185 -1.454236 1.442077
1769100062.851023 -1.452398 -1.447973 1.433782
1769100062.901028 -1.451090 -1.438326 1.426662
1769100062.951076 -1.450168 -1.431817 1.421695
1769100063.001087 -1.449175 -1.425309 1.415743
1769100063.051032 -1.447664 -1.415585 1.409176
1769100063.101026 -1.446620 -1.409196 1.406152
1769100063.151040 -1.445591 -1.402899 1.402125
1769100063.201036 -1.444533 -1.396687 1.400058
1769100063.251099 -1.442938 -1.387381 1.394881
1769100063.301025 -1.441842 -1.381205 1.392835
1769100063.351028 -1.440711 -1.375025 1.388077
1769100063.401030 -1.438966 -1.365621 1.383310
1769100063.451030 -1.437725 -1.359239 1.380393
1769100063.501038 -1.436488 -1.352834 1.371605
1769100063.551018 -1.434547 -1.343307 1.370341
1769100063.601038 -1.433261 -1.336942 1.363490
1769100063.651026 -1.431923 -1.330546 1.357029
1769100063.701066 -1.429847 -1.320902 1.349246
1769100063.751035 -1.428486 -1.314771 1.342852
1769100063.801046 -1.427035 -1.308422 1.334859
1769100063.851070 -1.424816 -1.299247 1.335174
1769100063.901097 -1.423328 -1.292973 1.327745
1769100063.951055 -1.421839 -1.286905 1.323888
1769100064.001071 -1.419530 -1.277665 1.319123
1769100064.051044 -1.417943 -1.271351 1.313755
1769100064.101044 -1.416329 -1.265187 1.310539
1769100064.151041 -1.413944 -1.256104 1.302564
1769100064.201046 -1.412231 -1.249816 1.298721
1769100064.251047 -1.410486 -1.243603 1.293121
1769100064.301054 -1.407798 -1.234187 1.288621
1769100064.351045 -1.405922 -1.227806 1.287294
1769100064.401081 -1.403330 -1.218981 1.284838
1769100064.451056 -1.401456 -1.212663 1.281001
1769100064.501055 -1.399649 -1.206673 1.277812
1769100064.551038 -1.396968 -1.197831 1.273381
1769100064.601050 -1.395206 -1.192146 1.269809
1769100064.651067 -1.393315 -1.186135 1.261972
1769100064.701050 -1.390508 -1.177357 1.254807
1769100064.751057 -1.388552 -1.171408 1.249072
1769100064.801055 -1.386517 -1.165257 1.239049
1769100064.851058 -1.383355 -1.156108 1.236698
1769100064.901102 -1.381197 -1.149816 1.228097
1769100064.951056 -1.378999 -1.143611 1.221523
1769100065.001061 -1.375635 -1.134378 1.217090
1769100065.051057 -1.373394 -1.128240 1.210929
1769100065.101064 -1.371124 -1.122242 1.208512
1769100065.151110 -1.367779 -1.113393 1.202380
1769100065.201046 -1.365511 -1.107524 1.201365
1769100065.251062 -1.363264 -1.101704 1.195941
1769100065.301064 -1.359767 -1.092808 1.192185
1769100065.351055 -1.357399 -1.086752 1.185060
1769100065.401063 -1.354991 -1.080816 1.180522
1769100065.451083 -1.351440 -1.072109 1.171971
1769100065.501063 -1.348948 -1.066165 1.166965
1769100065.551075 -1.346355 -1.060101 1.159085
1769100065.601067 -1.342483 -1.051241 1.153789
1769100065.651074 -1.339867 -1.045343 1.148838
1769100065.701086 -1.337223 -1.039458 1.143887
1769100065.751101 -1.333187 -1.030645 1.142407
1769100065.801107 -1.330532 -1.024807 1.137182
1769100065.851117 -1.327785 -1.018894 1.135839
1769100065.901080 -1.323749 -1.010200 1.130595
1769100065.951085 -1.321114 -1.004588 1.127007
1769100066.001103 -1.318373 -0.998887 1.124542
1769100066.051108 -1.314470 -0.990758 1.118975
1769100066.101079 -1.311638 -0.984941 1.112404
1769100066.151135 -1.308822 -0.979286 1.105730
1769100066.201084 -1.304416 -0.970581 1.100640
1769100066.251100 -1.301396 -0.964698 1.095987
1769100066.301082 -1.298300 -0.958801 1.092784
1769100066.351090 -1.293723 -0.950061 1.087494
1769100066.401087 -1.290691 -0.944386 1.084697
1769100066.451089 -1.287663 -0.938740 1.079265
1769100066.501096 -1.283159 -0.930453 1.076576
1769100066.551088 -1.280132 -0.924882 1.069155
1769100066.601094 -1.277062 -0.919362 1.064615
1769100066.651095 -1.272386 -0.911040 1.061312
1769100066.701103 -1.269224 -0.905449 1.056696
1769100066.751093 -1.265943 -0.899758 1.052950
1769100066.801140 -1.261097 -0.891317 1.044796
1769100066.851094 -1.257795 -0.885724 1.042888
1769100066.901140 -1.254476 -0.880104 1.036191
1769100066.951121 -1.249505 -0.871791 1.030000
1769100067.001103 -1.246082 -0.866094 1.021987
1769100067.051109 -1.242723 -0.860762 1.022101
1769100067.101093 -1.237602 -0.852474 1.016714
1769100067.151098 -1.234225 -0.847175 1.017397
1769100067.201092 -1.230738 -0.841673 1.014269
1769100067.251099 -1.225706 -0.833690 1.010657
1769100067.301098 -1.222512 -0.828680 1.005092
1769100067.351098 -1.219229 -0.823517 0.995090
1769100067.401114 -1.213996 -0.815542 0.989753
1769100067.451109 -1.210598 -0.810422 0.980656
1769100067.501090 -1.205202 -0.802458 0.975509
1769100067.551103 -1.201684 -0.797283 0.967623
1769100067.601089 -1.198172 -0.792236 0.963355
1769100067.651099 -1.192493 -0.784173 0.962134
1769100067.701129 -1.188839 -0.778951 0.956383
1769100067.751116 -1.185058 -0.773589 0.950173
1769100067.801149 -1.179601 -0.766014 0.947661
1769100067.851122 -1.175845 -0.760799 0.940056
1769100067.901108 -1.172107 -0.755632 0.931364
1769100067.951109 -1.166473 -0.748025 0.922406
1769100068.001137 -1.162641 -0.742929 0.914143
1769100068.051118 -1.158728 -0.737862 0.912327
1769100068.101158 -1.152821 -0.730177 0.904080
1769100068.151117 -1.148802 -0.725046 0.897740
1769100068.201128 -1.142909 -0.717660 0.891149
1769100068.251171 -1.139028 -0.712846 0.885857
1769100068.301135 -1.134883 -0.707836 0.883194
1769100068.351117 -1.128990 -0.700665 0.875999
1769100068.401116 -1.124846 -0.695778 0.876331
1769100068.451120 -1.120831 -0.690971 0.872790
1769100068.501112 -1.114741 -0.683761 0.872915
1769100068.551140 -1.110654 -0.678846 0.867934
1769100068.601126 -1.106565 -0.674005 0.864376
1769100068.651138 -1.100248 -0.666548 0.856249
1769100068.701117 -1.096166 -0.661806 0.849738
1769100068.751125 -1.091776 -0.656767 0.841481
1769100068.801123 -1.085418 -0.649671 0.837374
1769100068.851131 -1.081120 -0.644832 0.827604
1769100068.901128 -1.076753 -0.640048 0.821441
1769100068.951179 -1.070151 -0.632966 0.817614
1769100069.001145 -1.065706 -0.628170 0.811515
1769100069.051130 -1.061256 -0.623510 0.810387
1769100069.101137 -1.054641 -0.616517 0.803299
1769100069.151149 -1.050338 -0.612041 0.801220
1769100069.201107 -1.045956 -0.607550 0.798513
1769100069.251106 -1.039361 -0.600777 0.794990
1769100069.301132 -1.034872 -0.596212 0.792429
1769100069.351132 -1.030507 -0.591726 0.785110
1769100069.401139 -1.023920 -0.585153 0.782423
1769100069.451154 -1.019290 -0.580523 0.776187
1769100069.501134 -1.012555 -0.573891 0.768648
1769100069.551188 -1.007761 -0.569227 0.762806
1769100069.601140 -1.003079 -0.564766 0.758890
1769100069.651190 -0.996300 -0.558329 0.752278
1769100069.701185 -0.992000 -0.554342 0.751254
1769100069.751206 -0.987365 -0.549991 0.745566
1769100069.801147 -0.980409 -0.543630 0.744599
1769100069.851159 -0.975783 -0.539335 0.740317
1769100069.901158 -0.971115 -0.535033 0.735110
1769100069.951245 -0.964272 -0.528888 0.733957
1769100070.001142 -0.959472 -0.524447 0.724069
1769100070.051136 -0.952556 -0.518358 0.721553
1769100070.101161 -0.947869 -0.514144 0.713827
1769100070.151207 -0.943292 -0.510106 0.708108
1769100070.201145 -0.935846 -0.503652 0.699656
1769100070.251167 -0.931022 -0.499521 0.693771
1769100070.301148 -0.925962 -0.495191 0.685261
1769100070.351162 -0.918518 -0.489115 0.684202
1769100070.401206 -0.913512 -0.484922 0.677144
1769100070.451161 -0.908631 -0.480903 0.671885
1769100070.501152 -0.901236 -0.474951 0.667025
1769100070.551174 -0.896417 -0.471064 0.663077
1769100070.601151 -0.891545 -0.467223 0.660029
1769100070.651206 -0.884011 -0.461302 0.652689
1769100070.701160 -0.878878 -0.457332 0.648715
1769100070.751180 -0.873774 -0.453433 0.643449
1769100070.801160 -0.865861 -0.447481 0.638581
1769100070.851208 -0.860537 -0.443498 0.633735
1769100070.901158 -0.855320 -0.439599 0.626697
1769100070.951167 -0.847521 -0.433970 0.623584
1769100071.001212 -0.842394 -0.430179 0.616243
1769100071.051179 -0.837487 -0.426681 0.613564
1769100071.101163 -0.829811 -0.421228 0.608779
1769100071.151163 -0.824613 -0.417541 0.604208
1769100071.201140 -0.819774 -0.414074 0.597033
1769100071.251167 -0.811909 -0.408656 0.592886
1769100071.301143 -0.806881 -0.405140 0.585725
1769100071.351184 -0.798988 -0.399870 0.583915
1769100071.401181 -0.793657 -0.396176 0.573286
1769100071.451173 -0.788292 -0.392623 0.566726
1769100071.501161 -0.780185 -0.387447 0.562044
1769100071.551229 -0.774736 -0.383925 0.555959
1769100071.601161 -0.769274 -0.380542 0.553938
1769100071.651178 -0.761328 -0.375587 0.549007
1769100071.701154 -0.756131 -0.372374 0.547752
1769100071.751185 -0.750747 -0.369004 0.542853
1769100071.801159 -0.742614 -0.363992 0.538169
1769100071.851298 -0.737190 -0.360656 0.533165
1769100071.901224 -0.731860 -0.357431 0.527160
1769100071.951191 -0.723657 -0.352533 0.517725
1769100072.001153 -0.718168 -0.349325 0.512277
1769100072.051190 -0.712613 -0.346102 0.504771
1769100072.101188 -0.704118 -0.341390 0.500151
1769100072.151178 -0.698445 -0.338205 0.494467
1769100072.201178 -0.692662 -0.334960 0.486808
1769100072.251263 -0.684019 -0.330370 0.483296
1769100072.301166 -0.678260 -0.327206 0.475877
1769100072.351164 -0.672631 -0.324249 0.471796
1769100072.401166 -0.664172 -0.319874 0.466657
1769100072.451189 -0.658657 -0.317029 0.463656
1769100072.501169 -0.653079 -0.314250 0.463905
1769100072.551192 -0.644724 -0.310014 0.460592
1769100072.601185 -0.638998 -0.307132 0.458908
1769100072.651200 -0.633387 -0.304268 0.453044
1769100072.701194 -0.624607 -0.299965 0.447699
1769100072.751204 -0.618771 -0.297074 0.441067
1769100072.801191 -0.612933 -0.294280 0.435034
1769100072.851191 -0.604110 -0.290103 0.425283
1769100072.901263 -0.598243 -0.287430 0.421174
1769100072.951202 -0.592386 -0.284770 0.416830
1769100073.001270 -0.583980 -0.281074 0.415507
1769100073.051182 -0.578182 -0.278444 0.410778
1769100073.101181 -0.572285 -0.275784 0.405651
1769100073.151179 -0.563590 -0.272053 0.403916
1769100073.201187 -0.557744 -0.269469 0.399307
1769100073.251183 -0.551902 -0.266951 0.394536
1769100073.301186 -0.543138 -0.263190 0.384125
1769100073.351299 -0.537247 -0.260807 0.381902
1769100073.401201 -0.531439 -0.258402 0.375845
1769100073.451203 -0.522509 -0.254864 0.370944
1769100073.501220 -0.516319 -0.252364 0.363987
1769100073.551212 -0.510333 -0.250056 0.359930
1769100073.601213 -0.501108 -0.246568 0.354824
1769100073.651211 -0.495098 -0.244314 0.352523
1769100073.701210 -0.489068 -0.242026 0.346618
1769100073.751270 -0.480157 -0.238748 0.340920
1769100073.801304 -0.474394 -0.236593 0.335348
1769100073.851245 -0.468567 -0.234434 0.328342
1769100073.901252 -0.459636 -0.231349 0.324789
1769100073.951233 -0.453547 -0.229126 0.316425
1769100074.001209 -0.447384 -0.227033 0.312312
1769100074.051232 -0.438188 -0.224008 0.306176
1769100074.101241 -0.431987 -0.221969 0.300731
1769100074.151228 -0.425808 -0.220064 0.298727
1769100074.201228 -0.416674 -0.217269 0.293871
1769100074.251234 -0.410524 -0.215390 0.290700
1769100074.301220 -0.404463 -0.213479 0.283657
1769100074.351233 -0.395327 -0.210766 0.278154
1769100074.401227 -0.389110 -0.208899 0.274388
1769100074.451222 -0.383059 -0.207180 0.272609
1769100074.501233 -0.373809 -0.204430 0.263957
1769100074.551286 -0.367771 -0.202760 0.261522
1769100074.601256 -0.361595 -0.200976 0.254733
1769100074.651201 -0.352479 -0.198596 0.250370
1769100074.701250 -0.346347 -0.196904 0.242534
1769100074.751235 -0.340044 -0.195226 0.233203
1769100074.801247 -0.330641 -0.193057 0.229914
1769100074.851289 -0.324283 -0.191467 0.222979
1769100074.901241 -0.317875 -0.190010 0.220429
1769100074.951233 -0.308498 -0.187900 0.215709
1769100075.001234 -0.302387 -0.186569 0.215841
1769100075.051256 -0.296284 -0.185211 0.214028
1769100075.101238 -0.287155 -0.183214 0.210969
1769100075.151250 -0.280876 -0.181804 0.207172
1769100075.201283 -0.274848 -0.180455 0.201285
1769100075.251263 -0.265513 -0.178482 0.193610
1769100075.301245 -0.259172 -0.177209 0.190494
1769100075.351218 -0.252707 -0.175889 0.183442
1769100075.401238 -0.243204 -0.174092 0.175961
1769100075.451253 -0.236807 -0.172862 0.169887
1769100075.501312 -0.230405 -0.171685 0.161706
1769100075.551240 -0.220857 -0.170223 0.158341
1769100075.601243 -0.214500 -0.169132 0.151221
1769100075.651304 -0.208174 -0.168198 0.148781
1769100075.701334 -0.201992 -0.167353 0.148598
1769100075.751325 -0.192563 -0.166021 0.147990
1769100075.801266 -0.186175 -0.165078 0.146418
1769100075.851336 -0.179969 -0.164104 0.141447
1769100075.901300 -0.170533 -0.162799 0.139962
1769100075.951340 -0.164159 -0.161851 0.134172
1769100076.001305 -0.157761 -0.160968 0.128923
1769100076.051337 -0.148104 -0.159670 0.119712
1769100076.101275 -0.141658 -0.158823 0.111422
1769100076.151256 -0.135042 -0.157979 0.101374
1769100076.201271 -0.125415 -0.157094 0.099402
1769100076.251253 -0.118943 -0.156348 0.093284
1769100076.301257 -0.112619 -0.155737 0.089560
1769100076.351254 -0.103107 -0.154841 0.085027
1769100076.401252 -0.096765 -0.154233 0.080536
1769100076.451231 -0.090553 -0.153752 0.078922
1769100076.501253 -0.081187 -0.152930 0.071851
1769100076.551328 -0.074746 -0.152433 0.068308
1769100076.601246 -0.068480 -0.151954 0.062847
1769100076.651270 -0.058881 -0.151329 0.059393
1769100076.701317 -0.052374 -0.150854 0.053184
1769100076.751335 -0.045869 -0.150407 0.045719
1769100076.801247 -0.035960 -0.149891 0.038513
1769100076.851258 -0.029476 -0.149559 0.031755
1769100076.901346 -0.022997 -0.149304 0.025838
1769100076.951256 -0.013811 -0.149085 0.022102
1769100077.001244 -0.007487 -0.148872 0.016613
1769100077.051330 -0.001153 -0.148658 0.010800
1769100077.101312 0.008211 -0.148547 0.008867
1769100077.151320 0.014610 -0.148358 0.004114
1769100077.201323 0.020939 -0.148277 0.000718
1769100077.251331 0.030662 -0.148161 -0.006099
1769100077.301250 0.037110 -0.148133 -0.010270
1769100077.351244 0.043547 -0.148213 -0.013510
1769100077.401251 0.053200 -0.148361 -0.020172
1769100077.451284 0.059662 -0.148534 -0.023308
1769100077.501317 0.066012 -0.148630 -0.029366
1769100077.551260 0.075719 -0.148947 -0.034231
1769100077.601244 0.082177 -0.149145 -0.037623
1769100077.651261 0.088675 -0.149330 -0.041850
1769100077.701255 0.098384 -0.149721 -0.047012
1769100077.751262 0.104603 -0.149884 -0.053150
1769100077.801274 0.110971 -0.150088 -0.060505
1769100077.851325 0.120199 -0.150658 -0.062783
1769100077.901275 0.126521 -0.150911 -0.070537
1769100077.951297 0.132855 -0.151303 -0.075844
1769100078.001374 0.142439 -0.152019 -0.081388
1769100078.051366 0.149009 -0.152507 -0.086121
1769100078.101321 0.155527 -0.153096 -0.088146
1769100078.151325 0.165346 -0.153933 -0.094289
1769100078.201254 0.171785 -0.154584 -0.095227
1769100078.251248 0.178127 -0.155216 -0.095285
1769100078.301334 0.187543 -0.156136 -0.094161
1769100078.351269 0.193853 -0.156709 -0.094137
1769100078.401315 0.200135 -0.157218 -0.096256
1769100078.451254 0.209623 -0.158154 -0.093436
1769100078.501253 0.216014 -0.158615 -0.095733
1769100078.551252 0.222489 -0.159219 -0.094290
1769100078.601346 0.232224 -0.160055 -0.094811
1769100078.651253 0.238528 -0.160630 -0.094528
1769100078.701338 0.244954 -0.161318 -0.092167
1769100078.751254 0.254474 -0.162135 -0.095006
1769100078.801300 0.260925 -0.162826 -0.093017
1769100078.851318 0.267334 -0.163473 -0.092843
1769100078.901321 0.277037 -0.164438 -0.091360
1769100078.951328 0.283653 -0.165028 -0.091345
1769100079.001333 0.289936 -0.165688 -0.087347
1769100079.051304 0.296387 -0.166305 -0.084887
1769100079.101315 0.305763 -0.167049 -0.085768
1769100079.151286 0.311984 -0.167649 -0.082742
1769100079.201286 0.318194 -0.168066 -0.085625
1769100079.251322 0.327605 -0.168874 -0.084889
1769100079.301290 0.334097 -0.169345 -0.088171
1769100079.351329 0.340554 -0.169885 -0.089100
1769100079.401310 0.350379 -0.170798 -0.087895
1769100079.451310 0.356906 -0.171319 -0.089743
1769100079.501329 0.363505 -0.171906 -0.090225
1769100079.551290 0.373189 -0.172764 -0.092391
1769100079.601319 0.379518 -0.173366 -0.091421
1769100079.651362 0.385872 -0.173978 -0.090680
1769100079.701331 0.395305 -0.174856 -0.090727
1769100079.751308 0.401669 -0.175498 -0.087592
1769100079.801313 0.408031 -0.175978 -0.089073
1769100079.851322 0.417648 -0.176847 -0.086602
1769100079.901329 0.424142 -0.177278 -0.089544
1769100079.951366 0.430460 -0.177823 -0.088946
1769100080.001350 0.439945 -0.178714 -0.086960
1769100080.051323 0.446202 -0.179300 -0.085556
1769100080.101302 0.452612 -0.179885 -0.084876
1769100080.151301 0.462342 -0.180708 -0.087864
1769100080.201320 0.468855 -0.181362 -0.085774
1769100080.251380 0.475375 -0.182009 -0.083901
1769100080.301314 0.485142 -0.182892 -0.082844
1769100080.351300 0.491619 -0.183540 -0.079244
1769100080.401312 0.497897 -0.183988 -0.080931
1769100080.451308 0.507293 -0.184834 -0.077092
1769100080.501308 0.513197 -0.185162 -0.079664
1769100080.551338 0.519113 -0.185663 -0.078032
1769100080.601310 0.528647 -0.186317 -0.078962
1769100080.651334 0.535060 -0.186714 -0.081529
1769100080.701313 0.544495 -0.187544 -0.078625
1769100080.751351 0.550933 -0.187945 -0.080826
1769100080.801321 0.557083 -0.188450 -0.079219
1769100080.851316 0.566381 -0.189105 -0.082571
1769100080.901320 0.572448 -0.189538 -0.083934
1769100080.951319 0.582010 -0.190357 -0.084205
1769100081.001332 0.588046 -0.190878 -0.083408
1769100081.051307 0.594500 -0.191458 -0.080523
1769100081.101321 0.604138 -0.192151 -0.082113
1769100081.151322 0.610520 -0.192707 -0.079055
1769100081.201320 0.616820 -0.193205 -0.077477
1769100081.251322 0.626272 -0.193944 -0.074791
1769100081.301322 0.632549 -0.194464 -0.072116
1769100081.351328 0.638864 -0.194835 -0.073222
1769100081.401319 0.648446 -0.195566 -0.068876
1769100081.451347 0.654879 -0.195972 -0.066547
1769100081.501327 0.661450 -0.196426 -0.061505
1769100081.551338 0.671333 -0.197023 -0.056340
1769100081.601395 0.677904 -0.197372 -0.053241
1769100081.651331 0.684349 -0.197813 -0.046104
1769100081.701394 0.694202 -0.198163 -0.044392
1769100081.751346 0.700298 -0.198579 -0.035354
1769100081.801410 0.706840 -0.198704 -0.033941
1769100081.851301 0.712987 -0.198926 -0.029104
1769100081.901340 0.722588 -0.199131 -0.024550
1769100081.951374 0.729040 -0.199276 -0.019897
1769100082.001361 0.735487 -0.199359 -0.016421
1769100082.051452 0.745101 -0.199595 -0.007819
1769100082.101337 0.751444 -0.199615 -0.005430
1769100082.151407 0.757929 -0.199668 -0.000470
1769100082.201336 0.767566 -0.199641 0.003679
1769100082.251359 0.773805 -0.199717 0.011204
1769100082.301340 0.780327 -0.199699 0.016687
1769100082.351335 0.790215 -0.199518 0.020239
1769100082.401343 0.796742 -0.199476 0.026256
1769100082.451343 0.803321 -0.199307 0.029292
1769100082.501325 0.812963 -0.199046 0.033885
1769100082.551413 0.819337 -0.198841 0.036972
1769100082.601392 0.825730 -0.198529 0.038484
1769100082.651349 0.835020 -0.198232 0.047564
1769100082.701354 0.841697 -0.197749 0.047891
1769100082.751352 0.847537 -0.197479 0.052794
1769100082.801362 0.857275 -0.196907 0.057634
1769100082.851353 0.863795 -0.196519 0.062053
1769100082.901353 0.870201 -0.196120 0.066291
1769100082.951357 0.879981 -0.195476 0.070751
1769100083.001353 0.886411 -0.194936 0.070468
1769100083.051372 0.892851 -0.194577 0.078275
1769100083.101334 0.902633 -0.193733 0.080804
1769100083.151366 0.909048 -0.193186 0.085704
1769100083.201354 0.915416 -0.192652 0.092399
1769100083.251358 0.924999 -0.191641 0.095446
1769100083.301330 0.931203 -0.191105 0.102672
1769100083.351362 0.937482 -0.190410 0.105623
1769100083.401416 0.946864 -0.189422 0.113164
1769100083.451440 0.953089 -0.188705 0.117969
1769100083.501359 0.959316 -0.187996 0.123421
1769100083.551364 0.968637 -0.186755 0.127413
1769100083.601365 0.975055 -0.185961 0.133617
1769100083.651366 0.984656 -0.184545 0.134695
1769100083.701367 0.991106 -0.183731 0.140295
1769100083.751401 0.997522 -0.182748 0.139918
1769100083.801399 1.004003 -0.181839 0.143380
1769100083.851411 1.013713 -0.180412 0.146824
1769100083.901387 1.019978 -0.179424 0.149813
1769100083.951484 1.029512 -0.178045 0.160294
1769100084.001470 1.035857 -0.176943 0.164518
1769100084.051373 1.042081 -0.175921 0.172468
1769100084.101375 1.048315 -0.174751 0.176014
1769100084.151376 1.057751 -0.172993 0.181514
1769100084.201398 1.063937 -0.171824 0.186214
1769100084.251376 1.073063 -0.169946 0.187160
1769100084.301378 1.079292 -0.168751 0.192715
1769100084.351376 1.085977 -0.167286 0.192768
1769100084.401379 1.095343 -0.165421 0.198364
1769100084.451380 1.101795 -0.164026 0.201240
1769100084.501383 1.108155 -0.162695 0.206178
1769100084.551450 1.117553 -0.160664 0.209985
1769100084.601382 1.123952 -0.159287 0.214893
1769100084.651398 1.130154 -0.157829 0.215751
1769100084.701381 1.139052 -0.155923 0.225065
1769100084.751396 1.145305 -0.154434 0.230621
1769100084.801383 1.151234 -0.152979 0.237110
1769100084.851383 1.160565 -0.150628 0.243722
1769100084.901387 1.166844 -0.148919 0.246605
1769100084.951451 1.172843 -0.147370 0.252935
1769100085.001447 1.182192 -0.144760 0.253357
1769100085.051456 1.188341 -0.143060 0.256116
1769100085.101480 1.194635 -0.141297 0.257269
1769100085.151461 1.203663 -0.138835 0.260799
1769100085.201395 1.209906 -0.137148 0.266295
1769100085.251395 1.219357 -0.134423 0.266097
1769100085.301394 1.225496 -0.132754 0.271705
1769100085.351408 1.231797 -0.130974 0.277379
1769100085.401395 1.240927 -0.128276 0.279742
1769100085.451414 1.246961 -0.126494 0.283760
1769100085.501395 1.253064 -0.124719 0.289673
1769100085.551434 1.262233 -0.121892 0.290437
1769100085.601399 1.268290 -0.120106 0.295886
1769100085.651400 1.274500 -0.118066 0.292380
1769100085.701401 1.283776 -0.115207 0.293674
1769100085.751404 1.290104 -0.113130 0.288900
1769100085.801424 1.296155 -0.111244 0.288983
1769100085.851434 1.305296 -0.108472 0.289220
1769100085.901453 1.311444 -0.106570 0.288010
1769100085.951414 1.317620 -0.104746 0.291074
1769100086.001501 1.327053 -0.101848 0.288175
1769100086.051437 1.333282 -0.099996 0.291042
1769100086.101409 1.339543 -0.098024 0.289764
1769100086.151414 1.345768 -0.096083 0.291126
1769100086.201408 1.354884 -0.093306 0.294603
1769100086.251428 1.360832 -0.091455 0.296734
1769100086.301412 1.366730 -0.089598 0.299658
1769100086.351422 1.375790 -0.086680 0.297448
1769100086.401415 1.381796 -0.084829 0.300709
1769100086.451415 1.387958 -0.082863 0.300810
1769100086.501416 1.397336 -0.079903 0.300870
1769100086.551416 1.403590 -0.077915 0.299893
1769100086.601431 1.409895 -0.075853 0.294918
1769100086.651419 1.419097 -0.073105 0.298718
1769100086.701422 1.424873 -0.071313 0.299062
1769100086.751420 1.433943 -0.068537 0.302437
1769100086.801448 1.440132 -0.066598 0.303267
1769100086.851421 1.446255 -0.064606 0.302842
1769100086.901423 1.455318 -0.061799 0.308992
1769100086.951546 1.461447 -0.059734 0.307766
1769100087.001423 1.467575 -0.057770 0.311635
1769100087.051445 1.473626 -0.055752 0.311231
1769100087.101424 1.482587 -0.052858 0.314083
1769100087.151432 1.488775 -0.050739 0.310986
1769100087.201427 1.494785 -0.048707 0.307650
1769100087.251432 1.504020 -0.045756 0.308380
1769100087.301430 1.510241 -0.043680 0.305285
1769100087.351494 1.516572 -0.041654 0.305730
1769100087.401449 1.525988 -0.038618 0.302301
1769100087.451429 1.532150 -0.036640 0.300410
1769100087.501475 1.538277 -0.034752 0.300290
1769100087.551434 1.547288 -0.031912 0.296507
1769100087.601440 1.553340 -0.030061 0.296159
1769100087.651538 1.559312 -0.028160 0.291367
1769100087.701548 1.568283 -0.025434 0.287908
1769100087.751525 1.574457 -0.023547 0.284008
1769100087.801437 1.580733 -0.021631 0.277307
1769100087.851557 1.590176 -0.018904 0.270958
1769100087.901475 1.596403 -0.017063 0.264396
1769100087.951486 1.602651 -0.015263 0.255825
1769100088.001478 1.611978 -0.012796 0.250981
1769100088.051446 1.618251 -0.011078 0.242751
1769100088.101441 1.624248 -0.009542 0.239264
1769100088.151443 1.633446 -0.007322 0.237041
1769100088.201461 1.639753 -0.005743 0.235005
1769100088.251443 1.645926 -0.004271 0.234900
1769100088.301448 1.655304 -0.001940 0.229408
1769100088.351444 1.661415 -0.000500 0.229971
1769100088.401451 1.667502 0.000978 0.226411
1769100088.451485 1.676731 0.003090 0.223550
1769100088.501451 1.683159 0.004670 0.216204
1769100088.551520 1.689269 0.006031 0.211181
1769100088.601450 1.698936 0.008178 0.201739
1769100088.651467 1.704944 0.009405 0.198733
1769100088.701455 1.711508 0.010751 0.192780
1769100088.751465 1.720980 0.012564 0.188943
1769100088.801455 1.727327 0.013836 0.183492
1769100088.851478 1.733621 0.015052 0.178113
1769100088.901457 1.742819 0.016659 0.176333
1769100088.951458 1.749037 0.017835 0.170530
1769100089.001474 1.755330 0.018915 0.168156
1769100089.051461 1.764739 0.020522 0.163332
1769100089.101462 1.771012 0.021579 0.160075
1769100089.151513 1.777437 0.022550 0.159219
1769100089.201467 1.786926 0.024124 0.151867
1769100089.251462 1.793330 0.025043 0.150318
1769100089.301485 1.799798 0.026037 0.143117
1769100089.351480 1.809389 0.027357 0.137039
1769100089.401463 1.815852 0.028236 0.131163
1769100089.451484 1.822194 0.028988 0.128399
1769100089.501465 1.831776 0.030222 0.119973
1769100089.551534 1.838127 0.030914 0.118495
1769100089.601487 1.844425 0.031660 0.114316
1769100089.651507 1.853920 0.032701 0.111953
1769100089.701506 1.860254 0.033439 0.105636
1769100089.751525 1.866699 0.034130 0.099737
1769100089.801504 1.876154 0.035004 0.095962
1769100089.851478 1.882625 0.035667 0.088018
1769100089.901498 1.889110 0.036153 0.084638
1769100089.951500 1.898798 0.036934 0.077633
1769100090.001505 1.905269 0.037378 0.075360
1769100090.051478 1.911848 0.037898 0.068395
1769100090.101475 1.921494 0.038519 0.063513
1769100090.151481 1.928060 0.038923 0.059876
1769100090.201480 1.934341 0.039262 0.056566
1769100090.251539 1.943769 0.039780 0.050425
1769100090.301481 1.950058 0.040061 0.048034
1769100090.351496 1.956321 0.040334 0.043353
1769100090.401480 1.965774 0.040717 0.037409
1769100090.451485 1.972201 0.040952 0.033305
1769100090.501482 1.978362 0.041209 0.025349
1769100090.551486 1.988200 0.041434 0.019725
1769100090.601504 1.994775 0.041617 0.011414
1769100090.651553 2.001386 0.041694 0.005037
1769100090.701494 2.011084 0.041642 0.001227
1769100090.751560 2.017421 0.041589 -0.001531
1769100090.801494 2.023756 0.041495 -0.002931
1769100090.851491 2.031459 0.041389 -0.003746
1769100090.901491 2.034256 0.041350 -0.005142
1769100090.951491 2.035446 0.041281 -0.004626
1769100091.001553 2.036197 0.041257 -0.004193
1769100091.051518 2.036279 0.041225 -0.004221
1769100091.101493 2.036259 0.041194 -0.004248
1769100091.151512 2.036260 0.041160 -0.004288
1769100091.201495 2.036262 0.041126 -0.004328
1769100091.251501 2.036263 0.041093 -0.004367
1769100091.301500 2.036264 0.041060 -0.004406
1769100091.351574 2.036235 0.041025 -0.004458
1769100091.401522 2.036266 0.040997 -0.004483
1769100091.451530 2.036267 0.040966 -0.004521
1769100091.501512 2.036268 0.040936 -0.004558
1769100091.551502 2.036269 0.040906 -0.004596
1769100091.601505 2.036270 0.040877 -0.004632
1769100091.651537 2.036270 0.040848 -0.004669
1769100091.701581 2.036241 0.040817 -0.004718
1769100091.751556 2.036272 0.040792 -0.004741
1769100091.801507 2.036273 0.040764 -0.004776
1769100091.851526 2.036273 0.040737 -0.004812
1769100091.901536 2.036274 0.040710 -0.004847
1769100091.951541 2.036275 0.040684 -0.004881
1769100092.001559 2.036275 0.040659 -0.004915
1769100092.051545 2.036276 0.040634 -0.004949
1769100092.101514 2.036276 0.040609 -0.004983
1769100092.151514 2.036277 0.040584 -0.005017
1769100092.201530 2.036277 0.040561 -0.005049
1769100092.251532 2.036277 0.040537 -0.005082
1769100092.301523 2.036278 0.040514 -0.005115
1769100092.351591 2.036249 0.040489 -0.005161
1769100092.401616 2.036279 0.040468 -0.005180
1769100092.451536 2.036279 0.040446 -0.005212
1769100092.501539 2.036279 0.040425 -0.005243
1769100092.551545 2.036279 0.040403 -0.005275
1769100092.601522 2.036280 0.040382 -0.005306
1769100092.651540 2.036280 0.040362 -0.005336
1769100092.701539 2.036250 0.040341 -0.005380
1769100092.751569 2.036280 0.040322 -0.005397
1769100092.801550 2.036280 0.040302 -0.005428
1769100092.851526 2.036280 0.040283 -0.005458
1769100092.901527 2.036281 0.040264 -0.005487
1769100092.951529 2.036281 0.040245 -0.005517
1769100093.001586 2.036281 0.040227 -0.005546
1769100093.051549 2.036281 0.040209 -0.005576
1769100093.101559 2.036281 0.040191 -0.005604
1769100093.151531 2.036281 0.040174 -0.005633
1769100093.201555 2.036281 0.040156 -0.005662
1769100093.251553 2.036281 0.040140 -0.005690
1769100093.301555 2.036251 0.040123 -0.005731
1769100093.351600 2.036281 0.040107 -0.005746
1769100093.401567 2.036280 0.040091 -0.005773
1769100093.451570 2.036280 0.040075 -0.005801
1769100093.501564 2.036280 0.040060 -0.005828
1769100093.551568 2.036280 0.040045 -0.005855
1769100093.601562 2.036280 0.040030 -0.005882
1769100093.651578 2.036280 0.040015 -0.005909
1769100093.701563 2.036280 0.040001 -0.005935
1769100093.751548 2.036280 0.039987 -0.005961
1769100093.801603 2.036279 0.039973 -0.005988
1769100093.851574 2.036279 0.039959 -0.006014
1769100093.901572 2.036249 0.039947 -0.006053
1769100093.951586 2.036279 0.039932 -0.006066
1769100094.001599 2.036278 0.039919 -0.006091
1769100094.051615 2.036278 0.039906 -0.006117
1769100094.101551 2.036278 0.039893 -0.006142
1769100094.151607 2.036278 0.039881 -0.006167
1769100094.201550 2.036277 0.039869 -0.006192
1769100094.251572 2.036277 0.039857 -0.006217
1769100094.301551 2.036277 0.039845 -0.006241
1769100094.351578 2.036277 0.039834 -0.006266
1769100094.401553 2.036276 0.039822 -0.006290
1769100094.451576 2.036276 0.039811 -0.006314
1769100094.501555 2.036276 0.039801 -0.006338
1769100094.551557 2.036275 0.039790 -0.006362
1769100094.601595 2.036275 0.039779 -0.006386
1769100094.651557 2.036245 0.039771 -0.006423
1769100094.701583 2.036274 0.039759 -0.006433
1769100094.751572 2.036274 0.039749 -0.006456
1769100094.801561 2.036274 0.039739 -0.006479
1769100094.851561 2.036273 0.039729 -0.006502
1769100094.901579 2.036273 0.039720 -0.006525
1769100094.951565 2.036272 0.039711 -0.006547
1769100095.001584 2.036272 0.039702 -0.006570
1769100095.051595 2.036272 0.039693 -0.006592
1769100095.101586 2.036242 0.039687 -0.006628
1769100095.151615 2.036241 0.039678 -0.006651
1769100095.201568 2.036270 0.039667 -0.006659
1769100095.251569 2.036241 0.039661 -0.006695
1769100095.301589 2.036240 0.039653 -0.006716
1769100095.351646 2.036269 0.039642 -0.006724
1769100095.401609 2.036269 0.039635 -0.006746
1769100095.451592 2.036268 0.039627 -0.006767
1769100095.501602 2.036268 0.039619 -0.006788
1769100095.551573 2.036268 0.039612 -0.006809
1769100095.601580 2.036267 0.039605 -0.006830
1769100095.651649 2.036267 0.039598 -0.006851
1769100095.701604 2.036237 0.039594 -0.006885
1769100095.751676 2.036266 0.039584 -0.006892
1769100095.801641 2.036266 0.039577 -0.006913
1769100095.851694 2.036265 0.039570 -0.006933
1769100095.901648 2.036265 0.039564 -0.006953
1769100095.951603 2.036264 0.039558 -0.006974
1769100096.001586 2.036264 0.039551 -0.006994
1769100096.051637 2.036263 0.039545 -0.007014
1769100096.101607 2.036263 0.039539 -0.007034
1769100096.151592 2.036263 0.039533 -0.007053
1769100096.201602 2.036262 0.039528 -0.007073
1769100096.251585 2.036262 0.039522 -0.007092
1769100096.301597 2.036261 0.039516 -0.007112
1769100096.351613 2.036261 0.039511 -0.007131
1769100096.401617 2.036231 0.039510 -0.007164
1769100096.451655 2.036260 0.039500 -0.007169
1769100096.501596 2.036260 0.039495 -0.007188
1769100096.551650 2.036259 0.039490 -0.007207
1769100096.601617 2.036230 0.039490 -0.007240
1769100096.651626 2.036229 0.039485 -0.007259
1769100096.701614 2.036229 0.039480 -0.007277
1769100096.751620 2.036258 0.039471 -0.007282
1769100096.801593 2.036257 0.039467 -0.007300
1769100096.851594 2.036257 0.039462 -0.007318
1769100096.901595 2.036227 0.039462 -0.007351
1769100096.951621 2.036256 0.039454 -0.007354
