timestamp x y theta
1769099704.059884 0.000000 0.000000 0.000000
1769099704.084881 0.000000 0.000000 0.000000
1769099704.144869 0.000025 0.000000 0.000316
1769099704.184866 0.000000 -0.000000 0.000000
1769099704.234885 0.000000 -0.000000 0.000000
1769099704.284856 0.000025 -0.000000 0.000316
1769099704.339857 0.000000 -0.000000 0.000000
1769099704.384880 0.000000 -0.000000 0.000000
1769099704.449878 0.000000 -0.000000 0.000000
1769099704.484867 0.000000 -0.000000 0.000000
1769099704.534872 0.000000 -0.000000 0.000000
1769099704.584887 0.000000 -0.000000 0.000000
1769099704.639884 0.000000 -0.000000 0.000000
1769099704.684889 0.000000 -0.000000 0.000000
1769099704.734887 0.000000 -0.000000 0.000000
1769099704.789890 0.000000 -0.000000 0.000000
1769099704.834898 0.000000 -0.000000 0.000000
1769099704.884897 0.000025 -0.000000 0.000316
1769099704.939893 0.000000 -0.000000 0.000000
1769099704.979899 0.000000 -0.000000 0.000000
1769099705.029892 0.000000 -0.000000 0.000000
1769099705.089895 0.000000 -0.000000 0.000000
1769099705.134895 0.000000 -0.000000 0.000000
1769099705.184896 0.000000 -0.000000 0.000000
1769099705.239907 0.000025 -0.000000 0.000316
1769099705.284928 0.000000 -0.000000 0.000000
1769099705.334925 0.000000 -0.000000 0.000000
1769099705.389912 0.000025 -0.000000 0.000316
1769099705.429923 0.000000 -0.000000 -0.000000
1769099705.484917 0.000000 -0.000000 -0.000000
1769099705.544923 0.000000 -0.000000 -0.000000
1769099705.584925 0.000000 -0.000000 -0.000000
1769099705.629920 0.000000 -0.000000 -0.000000
1769099705.689927 0.000025 -0.000000 0.000316
1769099705.734923 0.000000 -0.000000 -0.000000
1769099705.784959 0.000000 -0.000000 -0.000000
1769099705.839938 0.000025 -0.000000 0.000316
1769099705.884941 0.000000 -0.000000 -0.000000
1769099705.944913 0.000000 -0.000000 -0.000000
1769099705.989933 0.000025 -0.000000 0.000316
1769099706.029930 0.000000 -0.000000 -0.000000
1769099706.089923 0.000000 -0.000000 -0.000000
1769099706.139901 0.000000 -0.000000 -0.000000
1769099706.179915 0.000000 -0.000000 -0.000000
1769099706.239975 0.000025 -0.000000 0.000316
1769099706.284941 0.000000 -0.000000 -0.000000
1769099706.334920 0.000000 -0.000000 -0.000000
1769099706.394934 0.000000 -0.000000 -0.000000
1769099706.434929 0.000000 -0.000000 -0.000000
1769099706.484942 0.000000 -0.000000 -0.000000
1769099706.544922 0.000000 -0.000000 -0.000000
1769099706.584931 0.000025 -0.000000 0.000316
1769099706.629936 0.000000 -0.000000 -0.000000
1769099706.694910 0.000000 -0.000000 -0.000000
1769099706.734936 0.000000 -0.000000 -0.000000
1769099706.784940 0.000000 -0.000000 -0.000000
1769099706.844937 0.000000 -0.000000 -0.000000
1769099706.884911 0.000000 -0.000000 -0.000000
1769099706.944940 0.000000 -0.000000 -0.000000
1769099706.984930 0.000025 -0.000000 0.000316
1769099707.029940 0.000000 -0.000000 -0.000000
1769099707.094940 0.000000 -0.000000 -0.000000
1769099707.134948 0.000000 -0.000000 -0.000000
1769099707.184952 0.000000 -0.000000 -0.000000
1769099707.239945 0.000000 -0.000000 -0.000000
1769099707.284935 0.000000 -0.000000 -0.000000
1769099707.334944 0.000025 -0.000000 0.000316
1769099707.389940 0.000000 -0.000000 -0.000000
1769099707.434945 0.000000 -0.000000 -0.000000
1769099707.479945 0.000000 -0.000000 -0.000000
1769099707.539938 0.000000 -0.000000 -0.000000
1769099707.584949 0.000000 -0.000000 -0.000000
1769099707.629975 0.000000 -0.000000 -0.000000
1769099707.689951 0.000000 -0.000000 -0.000000
1769099707.734925 0.000000 -0.000000 -0.000000
1769099707.784984 0.000000 -0.000000 -0.000000
1769099707.834953 0.000000 -0.000000 -0.000000
1769099707.889980 0.000000 -0.000000 -0.000000
1769099707.934957 0.000000 -0.000000 -0.000000
1769099707.984945 0.000000 -0.000000 -0.000000
1769099708.029942 0.000000 -0.000000 -0.000000
1769099708.089931 0.000000 -0.000000 -0.000000
1769099708.139963 0.000025 -0.000000 0.000316
1769099708.184951 0.000000 -0.000000 -0.000000
1769099708.239936 0.000000 -0.000000 -0.000000
1769099708.284932 0.000000 -0.000000 -0.000000
1769099708.334938 0.000000 -0.000000 -0.000000
1769099708.389932 0.000000 -0.000000 -0.000000
1769099708.429936 0.000000 -0.000000 -0.000000
1769099708.484936 0.000000 -0.000000 -0.000000
1769099708.539933 0.000000 -0.000000 -0.000000
1769099708.584948 0.000000 -0.000000 -0.000000
1769099708.634939 0.000000 -0.000000 -0.000000
1769099708.689954 0.000000 -0.000000 -0.000000
1769099708.734938 0.000000 -0.000000 -0.000000
1769099708.784944 0.000000 -0.000000 -0.000000
1769099708.839959 0.000025 -0.000000 0.000316
1769099708.884944 0.000000 -0.000000 -0.000000
1769099708.934978 0.000000 -0.000000 -0.000000
1769099708.984969 0.000000 -0.000000 -0.000000
1769099709.029962 0.000000 -0.000000 -0.000000
1769099709.090021 0.000000 -0.000000 -0.000000
1769099709.139962 0.000000 -0.000000 -0.000000
1769099709.184968 0.000000 -0.000000 -0.000000
1769099709.239970 0.000000 -0.000000 -0.000000
1769099709.289980 0.000000 -0.000000 -0.000000
1769099709.334976 0.000000 -0.000000 -0.000000
1769099709.384977 0.000000 -0.000000 -0.000000
1769099709.434960 0.000000 -0.000000 -0.000000
1769099709.484978 0.000000 -0.000000 -0.000000
1769099709.534963 0.000000 -0.000000 -0.000000
1769099709.589995 0.000000 -0.000000 -0.000000
1769099709.629960 0.000000 -0.000000 -0.000000
1769099709.694973 0.000000 -0.000000 -0.000000
1769099709.739987 0.000000 -0.000000 -0.000000
1769099709.784991 0.000000 -0.000000 -0.000000
1769099709.840018 0.000000 -0.000000 -0.000000
1769099709.889980 0.000000 -0.000000 -0.000000
1769099709.934986 0.000000 -0.000000 -0.000000
1769099709.989972 0.000000 -0.000000 -0.000000
1769099710.034972 0.000000 -0.000000 -0.000000
1769099710.084974 0.000000 -0.000000 -0.000000
1769099710.134964 0.000000 -0.000000 -0.000000
1769099710.184985 0.000000 -0.000000 -0.000000
1769099710.234986 0.000000 -0.000000 -0.000000
1769099710.284972 0.000000 -0.000000 -0.000000
1769099710.339984 0.000000 -0.000000 -0.000000
1769099710.385000 0.000000 -0.000000 -0.000000
1769099710.435001 0.000000 -0.000000 -0.000000
1769099710.490000 0.000000 -0.000000 -0.000000
1769099710.535001 0.000000 -0.000000 -0.000000
1769099710.595010 0.000000 -0.000000 -0.000000
1769099710.634995 0.000000 -0.000000 -0.000000
1769099710.684986 0.000000 -0.000000 -0.000000
1769099710.735001 0.000000 -0.000000 -0.000000
1769099710.789999 0.000000 -0.000000 -0.000000
1769099710.830020 0.000000 -0.000000 -0.000000
1769099710.885018 0.000000 -0.000000 -0.000000
1769099710.940031 0.000025 -0.000000 0.000316
1769099710.984998 0.000000 -0.000000 -0.000000
1769099711.034991 0.000000 -0.000000 -0.000000
1769099711.090004 0.000000 -0.000000 -0.000000
1769099711.145011 0.000000 -0.000000 -0.000000
1769099711.185006 0.000025 -0.000000 0.000316
1769099711.240025 0.000025 -0.000000 0.000316
1769099711.284993 0.000127 -0.000000 0.000949
1769099711.335011 0.000329 0.000000 0.000949
1769099711.390017 0.000633 0.000000 0.000949
1769099711.430011 0.001266 0.000001 -0.001266
1769099711.485009 0.001671 0.000000 -0.001898
1769099711.545017 0.002151 -0.000000 -0.002215
1769099711.585019 0.002784 -0.000002 -0.001266
1769099711.635010 0.003164 -0.000002 -0.000949
1769099711.690000 0.003695 -0.000003 -0.001266
1769099711.735005 0.004758 -0.000004 -0.001898
1769099711.785020 0.005568 -0.000006 -0.001898
1769099711.840024 0.006429 -0.000007 -0.001898
1769099711.885026 0.007796 -0.000010 -0.002531
1769099711.935027 0.008555 -0.000012 -0.001898
1769099711.985017 0.009441 -0.000014 -0.002215
1769099712.035012 0.010706 -0.000016 -0.002215
1769099712.085013 0.011516 -0.000018 -0.000949
1769099712.140034 0.012301 -0.000019 -0.000633
1769099712.185027 0.013592 -0.000020 -0.000316
1769099712.245015 0.014376 -0.000020 0.000000
1769099712.285018 0.015642 -0.000020 -0.000633
1769099712.335032 0.016477 -0.000020 -0.000316
1769099712.390018 0.017312 -0.000021 -0.000633
1769099712.435030 0.018603 -0.000022 -0.001582
1769099712.485034 0.019439 -0.000023 -0.001266
1769099712.545007 0.020274 -0.000024 -0.000949
1769099712.585030 0.021666 -0.000025 -0.001266
1769099712.635002 0.022704 -0.000027 -0.001582
1769099712.690025 0.023868 -0.000028 -0.001582
1769099712.735064 0.025589 -0.000031 -0.001582
1769099712.785018 0.026829 -0.000033 -0.001266
1769099712.835023 0.028019 -0.000035 -0.000949
1769099712.885015 0.029816 -0.000036 -0.001266
1769099712.935038 0.031056 -0.000038 -0.001582
1769099712.985016 0.032347 -0.000040 -0.002531
1769099713.035053 0.034169 -0.000045 -0.002531
1769099713.095031 0.035561 -0.000048 -0.002215
1769099713.135047 0.038042 -0.000054 -0.002215
1769099713.185046 0.040143 -0.000058 -0.002531
1769099713.240043 0.042421 -0.000064 -0.003164
1769099713.285037 0.046546 -0.000077 -0.003480
1769099713.335046 0.049811 -0.000088 -0.003164
1769099713.390035 0.053329 -0.000100 -0.003480
1769099713.435042 0.059328 -0.000120 -0.003797
1769099713.485027 0.063656 -0.000137 -0.003480
1769099713.545039 0.068187 -0.000153 -0.004429
1769099713.585081 0.075198 -0.000184 -0.005379
1769099713.635050 0.079981 -0.000209 -0.005695
1769099713.690053 0.085170 -0.000239 -0.006644
1769099713.735117 0.092966 -0.000291 -0.006644
1769099713.785049 0.098205 -0.000326 -0.006960
1769099713.840050 0.103267 -0.000361 -0.006960
1769099713.885050 0.111239 -0.000416 -0.006644
1769099713.935062 0.116681 -0.000452 -0.005695
1769099713.990096 0.122123 -0.000483 -0.004113
1769099714.035058 0.130551 -0.000518 -0.002531
1769099714.085113 0.136423 -0.000533 -0.000633
1769099714.140054 0.142346 -0.000537 0.000000
1769099714.185049 0.151508 -0.000537 0.000633
1769099714.230027 0.157861 -0.000533 -0.000316
1769099714.290032 0.164214 -0.000535 -0.000633
1769099714.335051 0.173934 -0.000541 -0.002531
1769099714.385044 0.180439 -0.000557 -0.004113
1769099714.440032 0.187146 -0.000585 -0.005062
1769099714.485060 0.196789 -0.000634 -0.006644
1769099714.535048 0.203775 -0.000680 -0.006011
1769099714.590038 0.210735 -0.000722 -0.005062
1769099714.635068 0.221365 -0.000776 -0.004429
1769099714.685033 0.228478 -0.000807 -0.002847
1769099714.740069 0.235261 -0.000827 -0.002847
1769099714.785067 0.245992 -0.000857 -0.002215
1769099714.830061 0.253358 -0.000873 -0.001898
1769099714.890060 0.260850 -0.000888 -0.003164
1769099714.935051 0.272467 -0.000924 -0.002847
1769099714.985070 0.280364 -0.000947 -0.004113
1769099715.040048 0.288489 -0.000980 -0.006960
1769099715.085062 0.300739 -0.001066 -0.008226
1769099715.135037 0.308889 -0.001133 -0.008859
1769099715.190046 0.317013 -0.001205 -0.007910
1769099715.240076 0.329288 -0.001302 -0.006960
1769099715.285072 0.337565 -0.001359 -0.005379
1769099715.340052 0.345993 -0.001405 -0.002531
1769099715.385052 0.358623 -0.001437 -0.000949
1769099715.430053 0.366773 -0.001444 -0.002215
1769099715.490067 0.375278 -0.001463 -0.002215
1769099715.535075 0.388186 -0.001492 -0.002847
1769099715.595083 0.396463 -0.001515 -0.003797
1769099715.635059 0.409244 -0.001564 -0.004113
1769099715.685066 0.417369 -0.001597 -0.005062
1769099715.740079 0.425468 -0.001638 -0.004429
1769099715.790094 0.438124 -0.001694 -0.003797
1769099715.835085 0.446299 -0.001725 -0.000949
1769099715.890093 0.454575 -0.001733 -0.001266
1769099715.935071 0.467459 -0.001750 -0.001582
1769099715.985059 0.476090 -0.001763 -0.001898
1769099716.040092 0.484822 -0.001780 -0.002847
1769099716.085087 0.497857 -0.001817 -0.005695
1769099716.140098 0.506437 -0.001866 -0.006011
1769099716.190095 0.514916 -0.001917 -0.005062
1769099716.235098 0.527697 -0.001981 -0.005379
1769099716.285088 0.536328 -0.002028 -0.003164
1769099716.340088 0.544706 -0.002054 -0.002215
1769099716.390071 0.557311 -0.002082 -0.001582
1769099716.435067 0.565765 -0.002096 -0.000316
1769099716.495088 0.574244 -0.002098 -0.000633
1769099716.535091 0.587127 -0.002106 -0.000316
1769099716.585086 0.595707 -0.002109 -0.000633
1769099716.645099 0.604389 -0.002115 -0.002215
1769099716.780104 0.617196 -0.002143 -0.002215
1769099716.790092 0.634129 -0.002181 -0.003164
1769099716.840102 0.646733 -0.002220 -0.001266
1769099717.180099 0.655238 -0.002231 0.001266
1769099717.185085 0.714920 -0.002156 -0.002531
1769099717.245098 0.723475 -0.002177 -0.002531
1769099717.300102 0.736282 -0.002210 -0.001266
1769099717.450100 0.744761 -0.002220 -0.000316
1769099717.485106 0.774248 -0.002230 0.002531
1769099717.545114 0.782879 -0.002208 0.002847
1769099717.680146 0.795838 -0.002171 0.002847
1769099717.685128 0.803938 -0.002148 0.002215
1769099717.690123 0.812088 -0.002130 0.000949
1769099717.750114 0.824895 -0.002118 -0.000316
1769099717.840120 0.833349 -0.002120 -0.000316
1769099717.885129 0.854534 -0.002127 0.003797
1769099718.225124 0.863038 -0.002095 0.005062
1769099718.240115 0.922517 -0.001794 0.000000
1769099718.285126 0.934920 -0.001794 0.000633
1769099718.350120 0.942943 -0.001789 0.000949
1769099718.390118 0.951017 -0.001781 0.000633
1769099718.435132 0.963673 -0.001773 0.002531
1769099718.485133 0.972025 -0.001752 0.005062
1769099718.625129 0.980580 -0.001709 0.006328
1769099718.635139 1.002068 -0.001573 0.006644
1769099718.705135 1.009813 -0.001521 0.005379
1769099718.735135 1.022367 -0.001454 0.003480
1769099718.795126 1.030644 -0.001425 0.002531
1769099718.860146 1.038895 -0.001404 0.001266
1769099718.910141 1.051247 -0.001388 0.003164
1769099718.940142 1.059371 -0.001363 0.004746
1769099718.990139 1.067547 -0.001324 0.006328
1769099719.035145 1.079695 -0.001247 0.006328
1769099719.085148 1.087668 -0.001196 0.006011
1769099719.140141 1.095767 -0.001148 0.005379
1769099719.185143 1.107764 -0.001083 0.004113
1769099719.235134 1.116066 -0.001049 0.002847
1769099719.290117 1.124469 -0.001025 0.002215
1769099719.335123 1.136897 -0.000998 -0.000000
1769099719.395134 1.144693 -0.000998 -0.000000
1769099719.435155 1.156741 -0.000998 0.000633
1769099719.485138 1.164232 -0.000993 0.003164
1769099719.540143 1.172332 -0.000967 0.005695
1769099719.585154 1.184506 -0.000898 0.007277
1769099719.640153 1.192302 -0.000841 0.007277
1769099719.690180 1.200477 -0.000782 0.006328
1769099719.735167 1.212297 -0.000707 0.004746
1769099719.785144 1.220345 -0.000669 0.003480
1769099719.840164 1.227761 -0.000643 0.001898
1769099719.885183 1.239657 -0.000620 0.001898
1769099719.945146 1.247124 -0.000606 0.001582
1769099719.985165 1.258767 -0.000588 0.002847
1769099720.040150 1.266309 -0.000566 0.004113
1769099720.095125 1.273953 -0.000535 0.004746
1769099720.135141 1.284862 -0.000483 0.005695
1769099720.190146 1.292075 -0.000442 0.006011
1769099720.240139 1.299871 -0.000395 0.006011
1769099720.290131 1.311615 -0.000325 0.004113
1769099720.335143 1.319486 -0.000292 0.003164
1769099720.390143 1.327409 -0.000267 0.000949
1769099720.430144 1.339102 -0.000256 -0.000316
1769099720.485151 1.346695 -0.000258 -0.000949
1769099720.540149 1.354339 -0.000266 -0.000316
1769099720.585143 1.365881 -0.000269 0.002847
1769099720.635139 1.373018 -0.000249 0.005379
1769099720.690137 1.380763 -0.000207 0.006644
1769099720.740138 1.392330 -0.000130 0.007593
1769099720.785144 1.399923 -0.000073 0.006328
1769099720.840149 1.407592 -0.000024 0.006011
1769099720.885142 1.419134 0.000045 0.005379
1769099720.935153 1.427005 0.000087 0.003797
1769099720.990143 1.434877 0.000117 0.002847
1769099721.035145 1.446747 0.000151 0.002531
1769099721.085144 1.454543 0.000171 0.001898
1769099721.145146 1.462237 0.000185 0.001898
1769099721.185146 1.473551 0.000207 0.003480
1769099721.235147 1.481220 0.000234 0.005695
1769099721.295174 1.488813 0.000277 0.006328
1769099721.335167 1.500456 0.000351 0.007593
1769099721.385183 1.508277 0.000410 0.007910
1769099721.440167 1.516072 0.000472 0.006644
1769099721.485160 1.527816 0.000550 0.002847
1769099721.535178 1.535182 0.000571 0.001266
1769099721.590149 1.542522 0.000580 0.000000
1769099721.640197 1.554165 0.000580 -0.000633
1769099721.685198 1.561910 0.000575 0.000633
1769099721.740179 1.569655 0.000580 0.001266
1769099721.785175 1.581045 0.000594 0.004429
1769099721.835187 1.588663 0.000628 0.005379
1769099721.890209 1.596307 0.000669 0.004746
1769099721.935171 1.607696 0.000723 0.005379
1769099721.985188 1.615340 0.000764 0.006011
1769099722.040171 1.623212 0.000812 0.005695
1769099722.085186 1.634601 0.000876 0.004429
1769099722.135176 1.642447 0.000911 0.003164
1769099722.190174 1.650344 0.000936 0.002531
1769099722.235189 1.661861 0.000965 -0.000316
1769099722.285162 1.669429 0.000963 0.001266
1769099722.345185 1.677072 0.000973 0.003164
1769099722.385200 1.688589 0.001009 0.006011
1769099722.430203 1.696182 0.001055 0.007277
1769099722.490190 1.703952 0.001111 0.008226
1769099722.535197 1.715544 0.001207 0.006960
1769099722.585193 1.723263 0.001260 0.004746
1769099722.645187 1.731034 0.001297 0.002531
1769099722.685187 1.742702 0.001327 0.000949
1769099722.735173 1.750624 0.001334 0.000000
1769099722.790186 1.758445 0.001334 -0.000316
1769099722.835174 1.770113 0.001331 0.000633
1769099722.885260 1.777808 0.001335 0.001266
1769099722.945218 1.785274 0.001345 0.003480
1769099722.985254 1.796563 0.001384 0.004746
1769099723.035301 1.804156 0.001420 0.005379
1769099723.090172 1.811800 0.001461 0.006644
1769099723.140201 1.823493 0.001539 0.007277
1769099723.185200 1.831516 0.001597 0.006328
1769099723.240202 1.839135 0.001646 0.005379
1769099723.285197 1.850955 0.001709 0.001898
1769099723.335208 1.858396 0.001723 0.001898
1769099723.390198 1.865989 0.001738 0.000633
1769099723.435210 1.877506 0.001745 0.001582
1769099723.485204 1.885276 0.001757 0.004429
1769099723.540281 1.892565 0.001790 0.005695
1769099723.590328 1.904006 0.001855 0.007593
1769099723.635275 1.911700 0.001913 0.006960
1769099723.690239 1.919369 0.001967 0.005379
1769099723.735312 1.930885 0.002029 0.004429
1769099723.785340 1.938655 0.002063 0.002847
1769099723.840237 1.946628 0.002086 0.001266
1769099723.880219 1.958524 0.002101 0.000000
1769099723.935273 1.966320 0.002101 0.000633
1769099723.990276 1.974090 0.002106 -0.000316
1769099724.035202 1.985429 0.002102 0.000316
1769099724.085219 1.992871 0.002104 0.003480
1769099724.145209 2.000439 0.002131 0.004429
1769099724.190228 2.011955 0.002182 0.007277
1769099724.235210 2.019674 0.002238 0.007593
1769099724.290198 2.027546 0.002298 0.007910
1769099724.335230 2.039188 0.002390 0.005379
1769099724.385216 2.046857 0.002431 0.003797
1769099724.440238 2.054628 0.002461 0.002215
1769099724.485225 2.066346 0.002486 0.002531
1769099724.535213 2.074091 0.002506 0.001266
1769099724.595213 2.081862 0.002516 0.002215
1769099724.635217 2.093125 0.002541 0.005062
1769099724.685237 2.100743 0.002579 0.004746
1769099724.745255 2.108337 0.002615 0.006011
1769099724.785239 2.119676 0.002684 0.006011
1769099724.835234 2.127345 0.002730 0.005695
1769099724.895225 2.135115 0.002774 0.006644
1769099724.940246 2.146859 0.002852 0.007910
1769099724.985230 2.154983 0.002916 0.008859
1769099725.045240 2.162728 0.002985 0.012655
1769099725.085229 2.174370 0.003132 0.015819
1769099725.135239 2.182114 0.003255 0.019616
1769099725.195283 2.189529 0.003400 0.025627
1769099725.240308 2.200991 0.003694 0.034802
1769099725.285249 2.208706 0.003963 0.041446
1769099725.340236 2.215913 0.004261 0.047458
1769099725.385263 2.226987 0.004787 0.053152
1769099725.435290 2.234721 0.005199 0.056316
1769099725.490348 2.242403 0.005632 0.060113
1769099725.535331 2.253974 0.006328 0.066441
1769099725.585335 2.261753 0.006846 0.069604
1769099725.640341 2.269656 0.007397 0.072452
1769099725.685338 2.281344 0.008245 0.080361
1769099725.735297 2.289064 0.008867 0.082260
1769099725.790332 2.296733 0.009499 0.086056
1769099725.835289 2.308105 0.010480 0.093333
1769099725.885294 2.315741 0.011195 0.099344
1769099725.945265 2.323171 0.011936 0.105988
1769099725.985267 2.334749 0.013167 0.112949
1769099726.035322 2.342394 0.014035 0.118011
1769099726.090339 2.350085 0.014946 0.119277
1769099726.135320 2.361294 0.016290 0.123706
1769099726.190324 2.369155 0.017267 0.125288
1769099726.240301 2.376865 0.018238 0.128135
1769099726.285261 2.388412 0.019726 0.135096
1769099726.340315 2.396112 0.020773 0.140474
1769099726.390255 2.403680 0.021843 0.145536
1769099726.435296 2.415025 0.023506 0.154079
1769099726.485328 2.422428 0.024655 0.157875
1769099726.545327 2.429902 0.025845 0.163254
1769099726.585317 2.441340 0.027729 0.170847
1769099726.640318 2.448997 0.029050 0.174327
1769099726.690251 2.456550 0.030381 0.180971
1769099726.735260 2.468078 0.032490 0.186350
1769099726.785349 2.475888 0.033962 0.189514
1769099726.845321 2.483419 0.035407 0.191096
1769099726.885224 2.494925 0.037633 0.195841
1769099726.935296 2.502249 0.039086 0.199954
1769099726.990322 2.509765 0.040609 0.204700
1769099727.030327 2.520595 0.042857 0.213243
1769099727.090261 2.527670 0.044389 0.218937
1769099727.140255 2.538368 0.046770 0.225581
1769099727.190305 2.545818 0.048479 0.229378
1769099727.245326 2.553262 0.050217 0.233807
1769099727.285254 2.564760 0.052956 0.239186
1769099727.335250 2.572481 0.054839 0.242983
1769099727.390253 2.579680 0.056623 0.246463
1769099727.435263 2.590652 0.059383 0.251209
1769099727.485358 2.598154 0.061309 0.253740
1769099727.540354 2.605577 0.063234 0.256587
1769099727.585337 2.616692 0.066150 0.262915
1769099727.635334 2.624171 0.068163 0.269242
1769099727.685289 2.631466 0.070176 0.275254
1769099727.735316 2.642135 0.073189 0.284745
1769099727.795376 2.649082 0.075223 0.289175
1769099727.835332 2.660024 0.078478 0.296451
1769099727.885269 2.667407 0.080733 0.299299
1769099727.945257 2.674831 0.083024 0.302146
1769099727.985262 2.686213 0.086571 0.307525
1769099728.035244 2.693715 0.088954 0.311638
1769099728.095244 2.701111 0.091337 0.315118
1769099728.140255 2.712181 0.094945 0.319547
1769099728.185251 2.719318 0.097307 0.324293
1769099728.235263 2.726491 0.099718 0.329039
1769099728.290262 2.733629 0.102155 0.334734
1769099728.335276 2.744578 0.105964 0.342960
1769099728.395253 2.751943 0.108594 0.348971
1769099728.440270 2.762861 0.112566 0.355615
1769099728.485283 2.770050 0.115236 0.358463
1769099728.535230 2.777374 0.117980 0.360677
1769099728.590251 2.784550 0.120687 0.364158
1769099728.635237 2.795476 0.124851 0.368587
1769099728.690253 2.802866 0.127706 0.371434
1769099728.740259 2.810178 0.130554 0.376496
1769099728.790227 2.820958 0.134816 0.383457
1769099728.840235 2.827976 0.137647 0.388203
1769099728.890265 2.834934 0.140492 0.393581
1769099728.940278 2.845383 0.144831 0.402756
1769099728.980253 2.852439 0.147837 0.407502
1769099729.040261 2.859433 0.150857 0.413513
1769099729.085332 2.870303 0.155627 0.419525
1769099729.135256 2.877516 0.158843 0.423954
1769099729.195345 2.884437 0.161967 0.426485
1769099729.235333 2.895152 0.166836 0.428700
1769099729.290327 2.901828 0.169887 0.431864
1769099729.340279 2.908770 0.173086 0.435660
1769099729.385295 2.919302 0.177989 0.442937
1769099729.430358 2.926345 0.181330 0.448632
1769099729.490327 2.933187 0.184624 0.454960
1769099729.535355 2.943487 0.189662 0.462869
1769099729.590283 2.950349 0.193086 0.466982
1769099729.640387 2.957152 0.196516 0.471095
1769099729.690321 2.967504 0.201789 0.477739
1769099729.735324 2.974382 0.205350 0.481536
1769099729.790338 2.981403 0.209019 0.485016
1769099729.840349 2.991860 0.214530 0.488496
1769099729.885324 2.998811 0.218224 0.490078
1769099729.945352 3.005198 0.221631 0.493242
1769099729.985323 3.015274 0.227048 0.499570
1769099730.035297 3.021806 0.230613 0.505265
1769099730.090362 3.028318 0.234215 0.512225
1769099730.135290 3.037981 0.239648 0.522349
1769099730.190384 3.044320 0.243298 0.528361
1769099730.240319 3.054266 0.249103 0.533106
1769099730.285307 3.060806 0.252962 0.536270
1769099730.345384 3.067486 0.256932 0.539118
1769099730.385321 3.077542 0.262949 0.544496
1769099730.445325 3.083907 0.266803 0.548293
1769099730.490321 3.093584 0.272713 0.552722
1769099730.540340 3.100176 0.276780 0.556519
1769099730.595392 3.106731 0.280858 0.560632
1769099730.640317 3.116206 0.286806 0.566959
1769099730.690324 3.122568 0.290857 0.572654
1769099730.745310 3.129057 0.295040 0.578033
1769099730.790328 3.138681 0.301318 0.587524
1769099730.840304 3.144727 0.305345 0.592270
1769099730.895317 3.151153 0.309669 0.596067
1769099730.940332 3.160872 0.316262 0.601129
1769099730.985408 3.167155 0.320571 0.600812
1769099731.045314 3.173689 0.325049 0.601129
1769099731.085337 3.183437 0.331734 0.602711
1769099731.135317 3.189547 0.335938 0.603660
1769099731.190349 3.195881 0.340306 0.605558
1769099731.235313 3.205038 0.346645 0.606824
1769099731.295313 3.211192 0.350918 0.608722
1769099731.340337 3.220245 0.357228 0.609988
1769099731.390329 3.226573 0.361650 0.610304
1769099731.445336 3.232858 0.366046 0.611253
1769099731.485315 3.242330 0.372684 0.611569
1769099731.540315 3.248734 0.377174 0.611886
1769099731.585330 3.255094 0.381638 0.610937
1769099731.640344 3.261459 0.386095 0.608089
1769099731.690338 3.271098 0.392804 0.605558
1769099731.735340 3.277570 0.397285 0.603976
1769099731.790356 3.283924 0.401669 0.602394
1769099731.835347 3.293392 0.408180 0.601762
1769099731.890358 3.299693 0.412508 0.600496
1769099731.945362 3.305916 0.416769 0.597965
1769099731.985350 3.315434 0.423253 0.591954
1769099732.035334 3.321820 0.427546 0.587524
1769099732.095325 3.328203 0.431797 0.580880
1769099732.135337 3.338084 0.438284 0.571705
1769099732.185353 3.344768 0.442584 0.567909
1769099732.240324 3.351361 0.446790 0.562530
1769099732.290330 3.361232 0.453013 0.556519
1769099732.335357 3.367700 0.457038 0.552406
1769099732.390344 3.374164 0.461022 0.548609
1769099732.435355 3.383883 0.466962 0.542914
1769099732.485336 3.390362 0.470872 0.540700
1769099732.545331 3.396916 0.474806 0.538168
1769099732.590345 3.406869 0.480748 0.533739
1769099732.640340 3.413603 0.484727 0.529626
1769099732.695339 3.420287 0.488640 0.523298
1769099732.740357 3.430503 0.494534 0.513174
1769099732.785347 3.437294 0.498362 0.506846
1769099732.840354 3.443955 0.502060 0.500835
1769099732.885336 3.454146 0.507638 0.496089
1769099732.940356 3.460913 0.511301 0.494824
1769099732.990343 3.467662 0.514942 0.491344
1769099733.035358 3.477370 0.520137 0.485332
1769099733.095349 3.483885 0.523573 0.478688
1769099733.140358 3.493702 0.528668 0.466349
1769099733.185417 3.500643 0.532162 0.456542
1769099733.235346 3.507595 0.535576 0.446417
1769099733.290366 3.514695 0.538975 0.437242
1769099733.335348 3.525380 0.543969 0.423321
1769099733.385375 3.532511 0.547182 0.414779
1769099733.435353 3.539599 0.550303 0.405920
1769099733.485360 3.549714 0.554650 0.394847
1769099733.545383 3.556700 0.557562 0.386937
1769099733.585387 3.567248 0.561860 0.376180
1769099733.635380 3.573886 0.564482 0.368587
1769099733.695374 3.581087 0.567263 0.361310
1769099733.740465 3.592121 0.571433 0.349287
1769099733.785404 3.599636 0.574170 0.339796
1769099733.845462 3.606914 0.576743 0.329988
1769099733.890354 3.617833 0.580483 0.315434
1769099733.935384 3.625076 0.582846 0.306259
1769099733.995386 3.632388 0.585158 0.297084
1769099734.040364 3.643013 0.588411 0.286011
1769099734.090475 3.650370 0.590575 0.278101
1769099734.140368 3.657501 0.592611 0.272090
1769099734.185382 3.668765 0.595753 0.260700
1769099734.235362 3.676028 0.597691 0.253423
1769099734.290366 3.683550 0.599639 0.244248
1769099734.335369 3.694995 0.602491 0.227796
1769099734.390363 3.702540 0.604240 0.217039
1769099734.440365 3.709757 0.605832 0.207548
1769099734.485431 3.721126 0.608226 0.195841
1769099734.535382 3.728698 0.609728 0.188565
1769099734.590373 3.736156 0.611151 0.183502
1769099734.640372 3.747380 0.613234 0.173062
1769099734.685375 3.754860 0.614542 0.164203
1769099734.745371 3.762501 0.615808 0.155344
1769099734.785375 3.773878 0.617590 0.142373
1769099734.830377 3.781645 0.618703 0.132881
1769099734.895380 3.789397 0.619739 0.123706
1769099734.940378 3.800951 0.621176 0.111683
1769099734.985394 3.808874 0.622064 0.104407
1769099735.045381 3.816376 0.622851 0.094282
1769099735.085387 3.827791 0.623930 0.081943
1769099735.135381 3.835409 0.624556 0.073717
1769099735.195381 3.843007 0.625117 0.065175
1769099735.240384 3.854372 0.625859 0.053785
1769099735.290414 3.862106 0.626275 0.045559
1769099735.345405 3.869995 0.626635 0.035435
1769099735.385384 3.881883 0.627056 0.021514
1769099735.435387 3.889652 0.627223 0.011706
1769099735.495393 3.897498 0.627315 0.001582
1769099735.540393 3.908938 0.627333 -0.011073
1769099735.585496 3.916556 0.627249 -0.018983
1769099735.650409 3.924123 0.627105 -0.025627
1769099735.690469 3.935635 0.626810 -0.036068
1769099735.735393 3.943350 0.626532 -0.042712
1769099735.795423 3.951189 0.626197 -0.050938
1769099735.840414 3.962640 0.625613 -0.063909
1769099735.885401 3.970142 0.625133 -0.072452
1769099735.945472 3.977917 0.624568 -0.082576
1769099735.990391 3.989546 0.623606 -0.098079
1769099736.035390 3.997329 0.622840 -0.106621
1769099736.090391 4.005081 0.622010 -0.114214
1769099736.135414 4.016296 0.620724 -0.125604
1769099736.185400 4.023854 0.619770 -0.132248
1769099736.245400 4.031281 0.618782 -0.139209
1769099736.290404 4.042636 0.617191 -0.151548
1769099736.335411 4.050217 0.616033 -0.159457
1769099736.395409 4.057889 0.614799 -0.169898
1769099736.435400 4.069563 0.612796 -0.185084
1769099736.490419 4.077226 0.611362 -0.193943
1769099736.545395 4.084875 0.609859 -0.202169
1769099736.590407 4.096182 0.607542 -0.215457
1769099736.640481 4.103748 0.605886 -0.224316
1769099736.685412 4.111151 0.604197 -0.231909
1769099736.735407 4.118541 0.602452 -0.239502
1769099736.785401 4.129655 0.599738 -0.250892
1769099736.845403 4.136667 0.597940 -0.257853
1769099736.890411 4.147485 0.595088 -0.267977
1769099736.935422 4.154685 0.593111 -0.276519
1769099736.990486 4.162282 0.590955 -0.286011
1769099737.040414 4.173524 0.587648 -0.300881
1769099737.090413 4.180777 0.585398 -0.311005
1769099737.140423 4.188150 0.583028 -0.320497
1769099737.190423 4.199032 0.579416 -0.332203
1769099737.235416 4.205875 0.577055 -0.338530
1769099737.285483 4.213228 0.574466 -0.345491
1769099737.335418 4.223659 0.570712 -0.355615
1769099737.395419 4.230872 0.568033 -0.363841
1769099737.435420 4.241895 0.563835 -0.377762
1769099737.490423 4.248600 0.561175 -0.388203
1769099737.540422 4.255417 0.558387 -0.397378
1769099737.585473 4.266200 0.553861 -0.410666
1769099737.640483 4.273417 0.550719 -0.419841
1769099737.690433 4.280142 0.547717 -0.427118
1769099737.735439 4.290164 0.543156 -0.438824
1769099737.795457 4.297083 0.539908 -0.447050
1769099737.835429 4.307331 0.534995 -0.458123
1769099737.890445 4.314028 0.531693 -0.466033
1769099737.945437 4.320585 0.528395 -0.473626
1769099737.985471 4.330563 0.523280 -0.485332
1769099738.045499 4.337481 0.519632 -0.493875
1769099738.085432 4.347487 0.514245 -0.508112
1769099738.135434 4.353989 0.510624 -0.516338
1769099738.195439 4.360724 0.506800 -0.525830
1769099738.235433 4.370269 0.501261 -0.537219
1769099738.295465 4.376466 0.497570 -0.543863
1769099738.335450 4.385844 0.491899 -0.553039
1769099738.385456 4.392413 0.487844 -0.556519
1769099738.440462 4.398603 0.483993 -0.560948
1769099738.485431 4.408269 0.477921 -0.566959
1769099738.545438 4.414823 0.473747 -0.570440
1769099738.590433 4.424367 0.467624 -0.581197
1769099738.640438 4.430862 0.463358 -0.586575
1769099738.685456 4.437354 0.459043 -0.591637
1769099738.735449 4.443762 0.454738 -0.593852
1769099738.785443 4.453076 0.448449 -0.593219
1769099738.845508 4.459435 0.444162 -0.590372
1769099738.890540 4.468854 0.437850 -0.587208
1769099738.935454 4.475133 0.433671 -0.586575
1769099738.990452 4.481162 0.429664 -0.585942
1769099739.035449 4.490420 0.423520 -0.589423
1769099739.095448 4.496837 0.419228 -0.589739
1769099739.135447 4.506324 0.412880 -0.590688
1769099739.185449 4.512904 0.408468 -0.591637
1769099739.245455 4.519375 0.404120 -0.591005
1769099739.290451 4.528686 0.397872 -0.590688
1769099739.335460 4.535076 0.393587 -0.591321
1769099739.395444 4.541275 0.389425 -0.590372
1769099739.435460 4.550800 0.383042 -0.590688
1769099739.485455 4.557128 0.378799 -0.588473
1769099739.545453 4.563549 0.374514 -0.587524
1769099739.590494 4.573197 0.368088 -0.586259
1769099739.635505 4.579649 0.363803 -0.585626
1769099739.695485 4.586167 0.359480 -0.585942
1769099739.735491 4.595994 0.352958 -0.587208
1769099739.785558 4.602484 0.348639 -0.584677
1769099739.850514 4.609006 0.344322 -0.581197
1769099739.895502 4.618779 0.337902 -0.573603
1769099739.935474 4.625221 0.333741 -0.567592
1769099739.985474 4.631645 0.329645 -0.560315
1769099740.045471 4.637949 0.325690 -0.555253
1769099740.085484 4.647541 0.319739 -0.548926
1769099740.135482 4.654062 0.315751 -0.544496
1769099740.195463 4.660774 0.311687 -0.540700
1769099740.240460 4.670712 0.305720 -0.534372
1769099740.285517 4.677530 0.301685 -0.530259
1769099740.340461 4.684277 0.297729 -0.525513
1769099740.385469 4.694327 0.291901 -0.521400
1769099740.435466 4.701021 0.288056 -0.519185
1769099740.495470 4.707724 0.284226 -0.515705
1769099740.535548 4.717830 0.278497 -0.508428
1769099740.595476 4.724153 0.274973 -0.503366
1769099740.640473 4.734219 0.269430 -0.495140
1769099740.685551 4.740878 0.265834 -0.489762
1769099740.740547 4.747668 0.262214 -0.484067
1769099740.785477 4.757436 0.257078 -0.479638
1769099740.835552 4.763970 0.253680 -0.476157
1769099740.890553 4.770696 0.250211 -0.473310
1769099740.935509 4.781307 0.244777 -0.468564
1769099740.995479 4.787833 0.241473 -0.465084
1769099741.040486 4.798240 0.236251 -0.458123
1769099741.090501 4.805141 0.232848 -0.451163
1769099741.145528 4.811860 0.229593 -0.445152
1769099741.190482 4.822094 0.224710 -0.432496
1769099741.235483 4.829057 0.221496 -0.422688
1769099741.300491 4.836005 0.218371 -0.413513
1769099741.335485 4.846087 0.213946 -0.401807
1769099741.385507 4.853146 0.210947 -0.393898
1769099741.445446 4.860321 0.207965 -0.384722
1769099741.490482 4.871042 0.203624 -0.372383
1769099741.535509 4.878375 0.200760 -0.362576
1769099741.590510 4.885332 0.198121 -0.353084
1769099741.640541 4.896019 0.194182 -0.337265
1769099741.700514 4.903328 0.191619 -0.325242
1769099741.735605 4.913857 0.188069 -0.309107
1769099741.785510 4.920994 0.185789 -0.297717
1769099741.845518 4.928229 0.183569 -0.284745
1769099741.890494 4.939087 0.180391 -0.264813
1769099741.935503 4.946440 0.178397 -0.249943
1769099741.995514 4.953773 0.176525 -0.238870
1769099742.035494 4.964544 0.173902 -0.221152
1769099742.093057 4.971977 0.172231 -0.209446
1769099742.140549 4.979281 0.170679 -0.199638
1769099742.190506 4.990742 0.168360 -0.183186
1769099742.235510 4.998332 0.166954 -0.173378
1769099742.295510 5.005986 0.165613 -0.161039
1769099742.335500 5.016954 0.163831 -0.144904
1769099742.395499 5.024167 0.162779 -0.133514
1769099742.435504 5.035330 0.161279 -0.114214
1769099742.490503 5.042446 0.160463 -0.103141
1769099742.540522 5.049999 0.159681 -0.089220
1769099742.590513 5.060940 0.158703 -0.068972
1769099742.635515 5.068541 0.158178 -0.056000
1769099742.690515 5.075743 0.157774 -0.043661
1769099742.735549 5.087097 0.157278 -0.026260
1769099742.790537 5.094712 0.157078 -0.013921
1769099742.840529 5.102457 0.156970 -0.003164
1769099742.890534 5.114176 0.156933 0.012972
1769099742.940530 5.121971 0.157034 0.023729
1769099742.990532 5.129789 0.157220 0.034802
1769099743.035534 5.140793 0.157603 0.050938
1769099743.095532 5.148300 0.157985 0.062644
1769099743.135528 5.159188 0.158668 0.081943
1769099743.190534 5.166756 0.159290 0.094599
1769099743.245541 5.174340 0.160009 0.106938
1769099743.285556 5.185589 0.161217 0.121808
1769099743.340551 5.193101 0.162137 0.129717
1769099743.395526 5.200781 0.163138 0.137310
1769099743.435546 5.212340 0.164736 0.147751
1769099743.485550 5.220100 0.165891 0.154712
1769099743.545542 5.227878 0.167104 0.161356
1769099743.590535 5.239595 0.169011 0.169265
1769099743.640561 5.247304 0.170328 0.173378
1769099743.700561 5.254933 0.171664 0.177175
1769099743.740552 5.266244 0.173690 0.184135
1769099743.790578 5.273833 0.175103 0.188881
1769099743.850593 5.281341 0.176538 0.196474
1769099743.890567 5.292487 0.178757 0.205017
1769099743.935554 5.299971 0.180313 0.208813
1769099743.985540 5.307473 0.181903 0.211028
1769099744.040544 5.314997 0.183514 0.211028
1769099744.085531 5.326431 0.185964 0.209130
1769099744.140625 5.334082 0.187588 0.208813
1769099744.190603 5.341807 0.189225 0.206915
1769099744.235560 5.353276 0.191632 0.207231
1769099744.290534 5.360979 0.193252 0.207548
1769099744.340536 5.368385 0.194811 0.207864
1769099744.390612 5.379504 0.197156 0.206915
1769099744.435542 5.386911 0.198711 0.207864
1769099744.495543 5.394316 0.200273 0.208813
1769099744.540538 5.405632 0.202671 0.209130
1769099744.590541 5.413332 0.204305 0.210711
1769099744.645635 5.420955 0.205936 0.211977
1769099744.690541 5.432486 0.208417 0.208813
1769099744.740543 5.440087 0.210028 0.207231
1769099744.795560 5.447667 0.211621 0.204700
1769099744.840558 5.459091 0.213993 0.203751
1769099744.885611 5.466627 0.215550 0.203751
1769099744.945568 5.474236 0.217123 0.205333
1769099744.985566 5.484916 0.219347 0.209446
1769099745.035581 5.492269 0.220910 0.211028
1769099745.090542 5.499743 0.222511 0.211028
1769099745.140565 5.510955 0.224913 0.210711
1769099745.190566 5.518504 0.226527 0.209130
1769099745.245576 5.526253 0.228172 0.208180
1769099745.290562 5.537769 0.230604 0.208497
1769099745.335552 5.545420 0.232223 0.207548
1769099745.390554 5.553049 0.233830 0.207548
1769099745.435554 5.564045 0.236145 0.206915
1769099745.495554 5.571080 0.237622 0.205649
1769099745.545564 5.582181 0.239938 0.205649
1769099745.590635 5.589738 0.241514 0.206598
1769099745.650604 5.597244 0.243087 0.209446
1769099745.690560 5.608112 0.245397 0.210395
1769099745.740577 5.615687 0.247015 0.211661
1769099745.795575 5.623308 0.248653 0.211028
1769099745.840585 5.634371 0.251023 0.208180
1769099745.890614 5.641677 0.252566 0.205333
1769099745.945682 5.649333 0.254160 0.204384
1769099745.985593 5.660808 0.256539 0.202802
1769099746.040565 5.668395 0.258099 0.204700
1769099746.090584 5.675829 0.259642 0.207231
1769099746.140567 5.686901 0.261970 0.208813
1769099746.185586 5.694230 0.263523 0.209446
1769099746.245570 5.701707 0.265113 0.209446
1769099746.285587 5.712997 0.267512 0.210079
1769099746.340583 5.720621 0.269138 0.210079
1769099746.390584 5.728319 0.270780 0.209762
1769099746.440607 5.739757 0.273214 0.210395
1769099746.485588 5.747380 0.274843 0.207864
1769099746.540598 5.754711 0.276389 0.206598
1769099746.585598 5.765611 0.278673 0.205333
1769099746.645601 5.773020 0.280216 0.205017
1769099746.690595 5.783899 0.282478 0.206598
1769099746.740606 5.791405 0.284052 0.208180
1769099746.790609 5.798784 0.285610 0.210079
1769099746.835604 5.809602 0.287917 0.211661
1769099746.885581 5.817149 0.289539 0.210711
1769099746.945604 5.824723 0.291159 0.209446
1769099746.985614 5.836161 0.293590 0.207548
1769099747.040614 5.844037 0.295249 0.204384
1769099747.090587 5.851696 0.296836 0.205333
1769099747.140600 5.863119 0.299215 0.205017
1769099747.185585 5.870652 0.300781 0.205649
1769099747.245610 5.878085 0.302332 0.206282
1769099747.285606 5.889159 0.304649 0.206598
1769099747.335624 5.896541 0.306197 0.207231
1769099747.390607 5.904096 0.307785 0.209446
1769099747.435603 5.915484 0.310206 0.211344
1769099747.490603 5.923032 0.311825 0.212293
1769099747.545608 5.930653 0.313468 0.212293
1769099747.590616 5.942059 0.315926 0.210711
1769099747.640640 5.949683 0.317557 0.207548
1769099747.695626 5.957361 0.319174 0.205649
1769099747.740607 5.968832 0.321567 0.205333
1769099747.785625 5.976340 0.323130 0.205649
1769099747.845661 5.983898 0.324707 0.206598
1769099747.890629 5.994996 0.327033 0.209762
1769099747.940631 6.002373 0.328603 0.210395
1769099748.000690 6.009799 0.330189 0.210395
1769099748.035631 6.021135 0.332610 0.209762
1769099748.090618 6.028834 0.334249 0.209446
1769099748.145626 6.036088 0.335791 0.207864
1769099748.190614 6.047753 0.338251 0.206915
1769099748.245616 6.054912 0.339754 0.206598
1769099748.295619 6.062467 0.341338 0.204384
1769099748.340619 6.073719 0.343670 0.204384
1769099748.390622 6.081204 0.345221 0.204384
1769099748.440630 6.088590 0.346752 0.205017
1769099748.490627 6.099840 0.349092 0.208180
1769099748.535632 6.107344 0.350677 0.210395
1769099748.595634 6.114844 0.352278 0.211977
1769099748.640629 6.126127 0.354707 0.211344
1769099748.690628 6.133279 0.356241 0.210395
1769099748.740612 6.140829 0.357853 0.208180
1769099748.790638 6.152344 0.360286 0.205966
1769099748.835633 6.160148 0.361916 0.205017
1769099748.895617 6.167781 0.363503 0.206282
1769099748.940635 6.179078 0.365867 0.207548
1769099748.985628 6.186508 0.367432 0.208180
1769099749.045635 6.193937 0.369001 0.208813
1769099749.090643 6.205005 0.371347 0.208497
1769099749.140698 6.212533 0.372939 0.208497
1769099749.190645 6.220086 0.374537 0.209446
1769099749.235654 6.231152 0.376890 0.209762
1769099749.295697 6.238752 0.378508 0.210711
1769099749.340637 6.250261 0.380969 0.207864
1769099749.385639 6.257889 0.382578 0.205966
1769099749.435642 6.265421 0.384152 0.203435
1769099749.490702 6.273031 0.385722 0.202485
1769099749.540637 6.284288 0.388033 0.205017
1769099749.590653 6.291747 0.389584 0.205966
1769099749.645679 6.299229 0.391147 0.208497
1769099749.690667 6.310322 0.393494 0.212293
1769099749.740670 6.317770 0.395099 0.211977
1769099749.795687 6.325292 0.396718 0.210711
1769099749.835654 6.336702 0.399159 0.208497
1769099749.890651 6.344304 0.400767 0.208180
1769099749.945661 6.352056 0.402404 0.207231
1769099749.990730 6.363648 0.404841 0.206598
1769099750.040655 6.371228 0.406430 0.207864
1769099750.095658 6.378707 0.408008 0.206598
1769099750.135698 6.389855 0.410344 0.207231
1769099750.185704 6.397310 0.411912 0.207548
1769099750.240655 6.404741 0.413476 0.208180
1769099750.285671 6.416033 0.415862 0.209446
1769099750.335704 6.423634 0.417477 0.211028
1769099750.395700 6.431207 0.419100 0.211661
1769099750.435718 6.442664 0.421562 0.210079
1769099750.485658 6.450338 0.423198 0.206915
1769099750.545666 6.457943 0.424794 0.204067
1769099750.585662 6.468997 0.427082 0.202169
1769099750.635673 6.476683 0.428657 0.202802
1769099750.695658 6.484096 0.430182 0.205649
1769099750.740663 6.495197 0.432497 0.208180
1769099750.785667 6.502551 0.434051 0.209762
1769099750.845711 6.509904 0.435616 0.210711
1769099750.890685 6.521017 0.437993 0.210395
1769099750.940668 6.528715 0.439637 0.208180
1769099750.990672 6.536268 0.441233 0.211028
1769099751.035673 6.547207 0.443576 0.209130
1769099751.095670 6.554487 0.445121 0.209762
1769099751.140676 6.565577 0.447482 0.207864
1769099751.185718 6.573106 0.449070 0.206598
1769099751.245730 6.580191 0.450555 0.205966
1769099751.285669 6.591439 0.452905 0.205333
1769099751.340681 6.598947 0.454468 0.206915
1769099751.390673 6.606354 0.456023 0.209130
1769099751.435678 6.617594 0.458409 0.211661
1769099751.490721 6.625117 0.460025 0.211661
1769099751.540690 6.632566 0.461626 0.211344
1769099751.585754 6.644048 0.464090 0.208813
1769099751.640678 6.651799 0.465732 0.205966
1769099751.695666 6.659479 0.467336 0.204700
1769099751.740712 6.671052 0.469739 0.204384
1769099751.785771 6.678636 0.471311 0.205017
1769099751.840784 6.685674 0.472775 0.205649
1769099751.885762 6.696799 0.475095 0.207231
1769099751.940713 6.704230 0.476658 0.208497
1769099751.990724 6.711609 0.478219 0.208497
1769099752.035686 6.722901 0.480608 0.209130
1769099752.090671 6.730551 0.482231 0.209446
1769099752.140693 6.738152 0.483847 0.211028
1769099752.185689 6.749512 0.486281 0.210711
1769099752.235698 6.757160 0.487916 0.208497
1769099752.290693 6.764811 0.489535 0.207548
1769099752.335759 6.776229 0.491940 0.204700
1769099752.390678 6.783813 0.493514 0.204700
1769099752.440670 6.791371 0.495083 0.205649
1769099752.485743 6.802570 0.497419 0.208180
1769099752.535695 6.810000 0.498989 0.210711
1769099752.590766 6.817376 0.500566 0.210079
1769099752.640698 6.828639 0.502968 0.210395
1769099752.690695 6.836163 0.504575 0.209130
1769099752.745707 6.843913 0.506220 0.208180
1769099752.785702 6.855503 0.508668 0.206282
1769099752.835700 6.863183 0.510275 0.205649
1769099752.895674 6.870888 0.511882 0.205333
1769099752.940711 6.882212 0.514241 0.204384
1769099752.985743 6.889623 0.515777 0.204067
1769099753.045692 6.897058 0.517315 0.204700
1769099753.090678 6.908210 0.519631 0.207231
1769099753.135700 6.915716 0.521209 0.208813
1769099753.195768 6.923193 0.522793 0.210711
1769099753.240754 6.934529 0.525218 0.211977
1769099753.285706 6.942150 0.526858 0.212610
1769099753.345709 6.949696 0.528487 0.209762
1769099753.390706 6.961109 0.530917 0.206915
1769099753.435685 6.968837 0.532539 0.206282
1769099753.500686 6.976418 0.534125 0.205017
1769099753.540715 6.987941 0.536521 0.206598
1769099753.585708 6.995398 0.538084 0.208180
1769099753.650694 7.002777 0.539643 0.208813
1769099753.695734 7.013895 0.541999 0.209130
1769099753.740757 7.021348 0.543581 0.208813
1769099753.785799 7.028825 0.545165 0.208180
1769099753.840755 7.036453 0.546776 0.209446
1769099753.885765 7.048064 0.549245 0.207864
1769099753.935735 7.055741 0.550864 0.208497
1769099753.990708 7.063393 0.552483 0.207548
1769099754.035747 7.074786 0.554882 0.205017
1769099754.090728 7.082344 0.556453 0.204067
1769099754.145696 7.089805 0.557997 0.203118
1769099754.185715 7.101059 0.560315 0.204384
1769099754.240719 7.108544 0.561867 0.208180
1769099754.295702 7.115949 0.563431 0.209762
1769099754.340721 7.127114 0.565808 0.212610
1769099754.395704 7.134635 0.567431 0.211977
1769099754.440717 7.145646 0.569801 0.211028
1769099754.490729 7.153145 0.571408 0.208813
1769099754.535730 7.160920 0.573055 0.207548
1769099754.590777 7.168573 0.574667 0.205966
1769099754.635743 7.180118 0.577079 0.206598
1769099754.700712 7.187724 0.578673 0.206915
1769099754.745777 7.198895 0.581018 0.207231
1769099754.790754 7.206227 0.582559 0.207864
1769099754.835732 7.213681 0.584132 0.207548
1769099754.895744 7.221112 0.585696 0.208813
1769099754.940736 7.232477 0.588105 0.209130
1769099754.985797 7.240078 0.589718 0.210711
1769099755.045797 7.247726 0.591354 0.211661
1769099755.090789 7.259183 0.593816 0.208180
1769099755.140751 7.266910 0.595448 0.206282
1769099755.190785 7.274540 0.597044 0.203118
1769099755.235736 7.285894 0.599383 0.202485
1769099755.290790 7.293035 0.600849 0.203751
1769099755.345758 7.300669 0.602426 0.205649
1769099755.385782 7.311720 0.604731 0.210711
1769099755.435747 7.319071 0.606304 0.211661
1769099755.495745 7.326569 0.607915 0.211977
1769099755.540748 7.337778 0.610327 0.210395
1769099755.595757 7.345352 0.611945 0.209762
1769099755.640765 7.356468 0.614311 0.208813
1769099755.690844 7.364218 0.615953 0.207864
1769099755.750780 7.371870 0.617567 0.208180
1769099755.790771 7.383262 0.619974 0.206915
1769099755.835856 7.390867 0.621570 0.205966
1769099755.890793 7.398324 0.623128 0.206282
1769099755.940764 7.405707 0.624673 0.205649
1769099755.985793 7.416510 0.626927 0.207548
1769099756.045760 7.423593 0.628418 0.210079
1769099756.085806 7.434832 0.630815 0.210711
1769099756.140768 7.442430 0.632440 0.211661
1769099756.190811 7.449928 0.634051 0.211344
1769099756.235765 7.461460 0.636525 0.208180
1769099756.290755 7.469137 0.638147 0.205649
1769099756.345765 7.476794 0.639744 0.204700
1769099756.385805 7.487822 0.642033 0.204384
1769099756.445809 7.494984 0.643518 0.205333
1769099756.490826 7.506110 0.645835 0.207548
1769099756.540805 7.513515 0.647395 0.209762
1769099756.585772 7.520843 0.648955 0.209762
1769099756.640763 7.528295 0.650541 0.209446
1769099756.685768 7.539609 0.652946 0.210395
1769099756.740767 7.547257 0.654579 0.210079
1769099756.790767 7.554956 0.656221 0.209762
1769099756.835763 7.566393 0.658656 0.210395
1769099756.890771 7.574042 0.660289 0.207548
1769099756.945771 7.581621 0.661885 0.206282
1769099756.985811 7.593066 0.664280 0.205017
1769099757.035770 7.600525 0.665831 0.205333
1769099757.090772 7.608008 0.667390 0.206598
1769099757.140775 7.619230 0.669742 0.208813
1769099757.190756 7.626659 0.671316 0.211344
1769099757.245767 7.634108 0.672914 0.211661
1769099757.290772 7.645417 0.675344 0.210711
1769099757.340820 7.653040 0.676975 0.210079
1769099757.390785 7.660714 0.678611 0.207548
1769099757.435777 7.672330 0.681057 0.205333
1769099757.485781 7.680036 0.682662 0.205017
1769099757.545762 7.687594 0.684234 0.204700
1769099757.585784 7.698870 0.686575 0.205017
1769099757.640800 7.706354 0.688131 0.205649
1769099757.695828 7.713688 0.689661 0.206282
1769099757.740805 7.724365 0.691895 0.208497
1769099757.790803 7.731918 0.693493 0.208813
1769099757.845790 7.739445 0.695088 0.210711
1769099757.890778 7.750831 0.697523 0.212610
1769099757.940799 7.758426 0.699163 0.211661
1769099757.990770 7.766023 0.700795 0.210079
1769099758.040834 7.777459 0.703234 0.206915
1769099758.085775 7.785089 0.704835 0.205017
1769099758.145787 7.792845 0.706448 0.205966
1769099758.185805 7.804143 0.708808 0.206598
1769099758.240774 7.811550 0.710361 0.208180
1769099758.295840 7.818954 0.711925 0.209762
1769099758.340797 7.830045 0.714286 0.211028
1769099758.390844 7.837470 0.715877 0.210395
1769099758.440814 7.845069 0.717499 0.210079
1769099758.490842 7.856530 0.719943 0.209762
1769099758.540798 7.864279 0.721593 0.208813
1769099758.595842 7.872053 0.723240 0.206282
1769099758.640800 7.883499 0.725636 0.206282
1769099758.690794 7.891055 0.727217 0.204700
1769099758.745801 7.898564 0.728776 0.204384
1769099758.785796 7.909816 0.731108 0.203751
1769099758.835806 7.917203 0.732634 0.206282
1769099758.895810 7.924660 0.734195 0.207864
1769099758.945844 7.936027 0.736592 0.210711
1769099758.985810 7.943477 0.738186 0.212293
1769099759.050801 7.950999 0.739807 0.212293
1769099759.090813 7.962380 0.742260 0.209762
1769099759.140808 7.969956 0.743873 0.208497
1769099759.195802 7.977632 0.745497 0.206598
1769099759.240824 7.989201 0.747922 0.205649
1769099759.290851 7.996907 0.749529 0.206598
1769099759.350854 8.004388 0.751097 0.207231
1769099759.390807 8.015484 0.753430 0.207864
1769099759.435809 8.022914 0.754997 0.207864
1769099759.490868 8.030294 0.756554 0.208497
1769099759.540815 8.037773 0.758136 0.207864
1769099759.590800 8.049215 0.760549 0.209762
1769099759.650853 8.056493 0.762098 0.210395
1769099759.695824 8.068003 0.764556 0.210711
1769099759.740851 8.075675 0.766198 0.208180
1769099759.795838 8.083328 0.767814 0.206598
1769099759.835844 8.094624 0.770182 0.203435
1769099759.890855 8.102184 0.771741 0.203118
1769099759.955842 8.109745 0.773298 0.204700
1769099759.995862 8.120947 0.775624 0.208497
1769099760.035891 8.128277 0.777175 0.211028
1769099760.095825 8.135306 0.778680 0.212293
1769099760.140823 8.146588 0.781112 0.212293
1769099760.190827 8.154085 0.782728 0.210711
1769099760.250804 8.161659 0.784348 0.209446
1769099760.290866 8.173221 0.786806 0.208497
1769099760.340816 8.180922 0.788435 0.206915
1769099760.395832 8.188749 0.790078 0.207548
1769099760.440835 8.200019 0.792451 0.207864
1769099760.490843 8.207498 0.794029 0.206598
1769099760.550890 8.214905 0.795581 0.206915
1769099760.590876 8.226027 0.797916 0.206598
1769099760.640806 8.233459 0.799474 0.207864
1769099760.700808 8.241111 0.801088 0.209446
1769099760.740810 8.252500 0.803508 0.211344
1769099760.790813 8.260023 0.805122 0.211344
1769099760.835809 8.267645 0.806758 0.210079
1769099760.895813 8.275270 0.808383 0.207548
1769099760.940845 8.286836 0.810819 0.204067
1769099760.985833 8.294396 0.812384 0.202485
1769099761.045839 8.302082 0.813961 0.203118
1769099761.090835 8.313386 0.816290 0.206282
1769099761.140844 8.320719 0.817824 0.208180
1769099761.195840 8.328148 0.819394 0.209446
1769099761.240850 8.339215 0.821746 0.210395
1769099761.290828 8.346690 0.823342 0.208497
1769099761.340819 8.354317 0.824956 0.205333
1769099761.390834 8.365815 0.827351 0.202169
1769099761.435826 8.373451 0.828916 0.198373
1769099761.495825 8.381144 0.830462 0.194576
1769099761.540828 8.392666 0.832733 0.186983
1769099761.590880 8.400276 0.834173 0.182553
1769099761.645887 8.407818 0.835565 0.177808
1769099761.690847 8.418630 0.837508 0.173378
1769099761.735861 8.426109 0.838818 0.169582
1769099761.795872 8.433618 0.840104 0.168632
1769099761.840833 8.444947 0.842032 0.164203
1769099761.890844 8.452562 0.843294 0.160090
1769099761.940910 8.460208 0.844529 0.155661
1769099761.990891 8.471886 0.846361 0.146486
1769099762.040885 8.479648 0.847506 0.140791
1769099762.095856 8.487442 0.848611 0.135412
1769099762.140853 8.498953 0.850179 0.130034
1769099762.190862 8.506557 0.851174 0.127819
1769099762.240858 8.514239 0.852161 0.125921
1769099762.290909 8.525438 0.853579 0.122124
1769099762.340858 8.532925 0.854498 0.118960
1769099762.395873 8.540464 0.855399 0.115164
1769099762.435909 8.551980 0.856731 0.108836
1769099762.490906 8.559604 0.857564 0.105356
1769099762.545914 8.567406 0.858389 0.101559
1769099762.590860 8.579191 0.859590 0.094599
1769099762.640868 8.587128 0.860343 0.089853
1769099762.695867 8.594741 0.861029 0.084158
1769099762.740870 8.606242 0.861999 0.077830
1769099762.790852 8.613837 0.862592 0.074983
1769099762.845866 8.621384 0.863158 0.072768
1769099762.890881 8.632769 0.863988 0.069921
1769099762.940866 8.640444 0.864526 0.066757
1769099762.995869 8.648248 0.865048 0.063277
1769099763.040892 8.659767 0.865777 0.055051
1769099763.090925 8.667576 0.866208 0.049039
1769099763.150853 8.675514 0.866597 0.042712
1769099763.190924 8.687197 0.867097 0.036384
1769099763.240949 8.694962 0.867379 0.032904
1769099763.300874 8.702703 0.867634 0.030373
1769099763.340887 8.714239 0.867985 0.028475
1769099763.390924 8.721804 0.868200 0.028158
1769099763.445876 8.729369 0.868413 0.027842
1769099763.495879 8.740704 0.868729 0.027842
1769099763.540881 8.748420 0.868944 0.028158
1769099763.595884 8.755606 0.869146 0.028791
1769099763.640883 8.767370 0.869485 0.027842
1769099763.690919 8.774935 0.869696 0.028158
1769099763.745898 8.782703 0.869914 0.025943
1769099763.790929 8.793937 0.870206 0.024045
1769099763.835896 8.801781 0.870395 0.023412
1769099763.895911 8.809245 0.870569 0.023096
1769099763.940926 8.820582 0.870831 0.026260
1769099763.995903 8.828400 0.871037 0.029740
1769099764.040906 8.839481 0.871366 0.030373
1769099764.085876 8.847096 0.871598 0.030056
1769099764.145900 8.854357 0.871816 0.029740
1769099764.185866 8.865995 0.872162 0.027209
1769099764.240901 8.873610 0.872369 0.025627
1769099764.295890 8.881530 0.872572 0.024678
1769099764.340874 8.893321 0.872863 0.023412
1769099764.390877 8.901090 0.873045 0.023096
1769099764.445951 8.908858 0.873225 0.023412
1769099764.490883 8.920295 0.873493 0.024045
1769099764.540875 8.927810 0.873673 0.025627
1769099764.595875 8.935350 0.873867 0.026893
1769099764.640894 8.946711 0.874172 0.029107
1769099764.690898 8.954351 0.874395 0.030373
1769099764.745906 8.962143 0.874631 0.029740
1769099764.790906 8.973882 0.874981 0.029107
1769099764.845901 8.981751 0.875210 0.028158
1769099764.900877 8.989518 0.875428 0.024678
1769099764.940909 9.001157 0.875716 0.022780
1769099764.985911 9.008926 0.875893 0.023729
1769099765.050905 9.016491 0.876072 0.024045
1769099765.090901 9.028080 0.876351 0.027209
1769099765.140907 9.035823 0.876562 0.029107
1769099765.195900 9.042932 0.876769 0.029424
1769099765.235914 9.054342 0.877105 0.029740
1769099765.290914 9.062084 0.877335 0.028475
1769099765.345905 9.069623 0.877550 0.027209
1769099765.390916 9.081363 0.877869 0.025943
1769099765.435911 9.089308 0.878075 0.025311
1769099765.495907 9.097177 0.878274 0.024362
1769099765.540885 9.108842 0.878559 0.023412
1769099765.590905 9.116509 0.878738 0.022463
1769099765.645935 9.124176 0.878910 0.022780
1769099765.690944 9.135285 0.879164 0.023096
1769099765.740924 9.142876 0.879339 0.023729
1769099765.800926 9.150669 0.879524 0.023096
1769099765.835940 9.162132 0.879789 0.017717
1769099765.890919 9.169926 0.879927 0.013288
1769099765.945936 9.177772 0.880031 0.008859
1769099765.990941 9.189313 0.880133 -0.000633
1769099766.035913 9.196932 0.880128 -0.005379
1769099766.095937 9.204778 0.880086 -0.009175
1769099766.140967 9.216319 0.879980 -0.016136
1769099766.190981 9.224114 0.879855 -0.018034
1769099766.245932 9.231756 0.879717 -0.020565
1769099766.285928 9.243118 0.879483 -0.024678
1769099766.340928 9.250709 0.879296 -0.027209
1769099766.395924 9.258173 0.879093 -0.031322
1769099766.440937 9.269608 0.878734 -0.036384
1769099766.490930 9.277044 0.878464 -0.038915
1769099766.545931 9.284961 0.878155 -0.040497
1769099766.590985 9.296721 0.877679 -0.043977
1769099766.635930 9.304256 0.877347 -0.044610
1769099766.690980 9.312018 0.877001 -0.044294
1769099766.740934 9.323372 0.876498 -0.043345
1769099766.790937 9.330933 0.876170 -0.041763
1769099766.840942 9.338519 0.875853 -0.039232
1769099766.890998 9.349976 0.875403 -0.037650
1769099766.940936 9.357640 0.875114 -0.036068
1769099766.990988 9.365456 0.874832 -0.035751
1769099767.035924 9.377015 0.874419 -0.036700
1769099767.090987 9.384730 0.874136 -0.038915
1769099767.145951 9.392545 0.873831 -0.039864
1769099767.190934 9.404229 0.873365 -0.041763
1769099767.250944 9.411588 0.873058 -0.043345
1769099767.300956 9.423245 0.872552 -0.042395
1769099767.335953 9.431034 0.872222 -0.040497
1769099767.390947 9.438469 0.871920 -0.041130
1769099767.440940 9.446107 0.871606 -0.039864
1769099767.496012 9.457462 0.871153 -0.037650
1769099767.541029 9.465075 0.870866 -0.038599
1769099767.595996 9.472865 0.870566 -0.038599
1769099767.635974 9.484626 0.870111 -0.042712
1769099767.690984 9.492541 0.869773 -0.045559
1769099767.746026 9.500329 0.869418 -0.051254
1769099767.786043 9.511956 0.868822 -0.058847
1769099767.835976 9.519688 0.868366 -0.062011
1769099767.895975 9.527292 0.867894 -0.065491
1769099767.940963 9.538657 0.867149 -0.069288
1769099767.990965 9.546384 0.866612 -0.070554
1769099768.045963 9.553958 0.866077 -0.070554
1769099768.090958 9.565446 0.865265 -0.072135
1769099768.140939 9.573171 0.864707 -0.074034
1769099768.195935 9.580693 0.864149 -0.074034
1769099768.235948 9.592304 0.863288 -0.077198
1769099768.290938 9.600227 0.862675 -0.077198
1769099768.345964 9.608000 0.862074 -0.079096
1769099768.395970 9.619733 0.861144 -0.079412
1769099768.440966 9.627554 0.860521 -0.078147
1769099768.495943 9.635074 0.859933 -0.078147
1769099768.541013 9.646328 0.859051 -0.076248
1769099768.590981 9.653949 0.858469 -0.075616
1769099768.645962 9.661597 0.857890 -0.074667
1769099768.691014 9.673182 0.857023 -0.073717
1769099768.750964 9.680906 0.856453 -0.073717
1769099768.795961 9.688857 0.855865 -0.075932
1769099768.835951 9.700492 0.854980 -0.079412
1769099768.890971 9.708162 0.854370 -0.080045
1769099768.945985 9.715504 0.853781 -0.080994
1769099768.990948 9.727033 0.852845 -0.081943
1769099769.040976 9.734701 0.852215 -0.080045
1769099769.095978 9.742321 0.851604 -0.078780
1769099769.140978 9.753776 0.850700 -0.075616
1769099769.190989 9.761196 0.850138 -0.074350
1769099769.245954 9.768718 0.849577 -0.073717
1769099769.291039 9.780228 0.848727 -0.073717
1769099769.340922 9.787776 0.848170 -0.074667
1769099769.395960 9.795676 0.847579 -0.075616
1769099769.435977 9.807487 0.846684 -0.076248
1769099769.490982 9.815311 0.846086 -0.078147
1769099769.545991 9.822982 0.845486 -0.078780
1769099769.591026 9.834437 0.844581 -0.078147
1769099769.635986 9.841553 0.844024 -0.078147
1769099769.690987 9.849073 0.843435 -0.078147
1769099769.740989 9.860201 0.842564 -0.074667
1769099769.795992 9.867823 0.841994 -0.074667
1769099769.836004 9.879005 0.841157 -0.071819
1769099769.890993 9.886275 0.840634 -0.073085
1769099769.946069 9.894050 0.840065 -0.075616
1769099769.990968 9.905483 0.839199 -0.077198
1769099770.035996 9.913230 0.838600 -0.080678
1769099770.095973 9.921102 0.837963 -0.082576
1769099770.135970 9.932755 0.836999 -0.081943
1769099770.190977 9.940348 0.836375 -0.080361
1769099770.240971 9.948119 0.835749 -0.078463
1769099770.290971 9.959373 0.834865 -0.076565
1769099770.340989 9.966792 0.834295 -0.074034
1769099770.395996 9.974365 0.833734 -0.074034
1769099770.436000 9.985976 0.832872 -0.074034
1769099770.485997 9.993699 0.832300 -0.074034
1769099770.545999 10.001575 0.831716 -0.073401
1769099770.590996 10.013338 0.830851 -0.075932
1769099770.636008 10.021061 0.830263 -0.077830
1769099770.696057 10.028681 0.829669 -0.078463
1769099770.741002 10.040263 0.828758 -0.078780
1769099770.791051 10.047858 0.828159 -0.078463
1769099770.846004 10.055579 0.827551 -0.077830
1769099770.891012 10.067086 0.826654 -0.074034
1769099770.941009 10.074759 0.826085 -0.073401
1769099770.991054 10.082383 0.825524 -0.072768
1769099771.040983 10.093414 0.824720 -0.074350
1769099771.091056 10.101087 0.824149 -0.076248
1769099771.145998 10.108810 0.823559 -0.078780
1769099771.191015 10.120114 0.822666 -0.080678
1769099771.251005 10.128061 0.822024 -0.082260
1769099771.296006 10.139690 0.821065 -0.080678
1769099771.341021 10.147233 0.820455 -0.079096
1769099771.401017 10.154828 0.819853 -0.078147
1769099771.441015 10.166006 0.818978 -0.077198
1769099771.491014 10.173476 0.818400 -0.074667
1769099771.541022 10.181149 0.817826 -0.074667
1769099771.596035 10.188897 0.817246 -0.074350
1769099771.641057 10.200584 0.816376 -0.074034
1769099771.691057 10.208358 0.815799 -0.076565
1769099771.746036 10.216106 0.815205 -0.080678
1769099771.881029 10.227610 0.814275 -0.087005
1769099771.886082 10.235427 0.813593 -0.091435
1769099771.891026 10.243038 0.812895 -0.096497
1769099771.941002 10.254652 0.811771 -0.099977
1769099772.076002 10.262233 0.811010 -0.102192
1769099772.091004 10.269761 0.810238 -0.104407
1769099772.101004 10.280661 0.809096 -0.108520
1769099772.146040 10.287908 0.808307 -0.111683
1769099772.276026 10.299377 0.807020 -0.119277
1769099772.281025 10.307068 0.806099 -0.125604
1769099772.296036 10.315003 0.805097 -0.130666
1769099772.341071 10.326747 0.803553 -0.138260
1769099772.391035 10.334393 0.802489 -0.143005
1769099772.541027 10.342059 0.801386 -0.146169
1769099772.551032 10.353353 0.799723 -0.150915
1769099772.566030 10.360684 0.798608 -0.153130
1769099772.626035 10.368164 0.797454 -0.155977
1769099772.641024 10.379565 0.795661 -0.159774
1769099772.776061 10.387162 0.794437 -0.162305
1769099772.786094 10.394880 0.793173 -0.165785
1769099772.796031 10.405939 0.791322 -0.171164
1769099772.841049 10.413571 0.790003 -0.177491
1769099772.956025 10.421269 0.788622 -0.183502
1769099772.966031 10.432642 0.786512 -0.190779
1769099772.986034 10.440271 0.785038 -0.195525
1769099773.326053 10.447869 0.783534 -0.198056
1769099773.331029 10.459160 0.781268 -0.200904
1769099773.336028 10.466551 0.779762 -0.202802
1769099773.341031 10.474063 0.778218 -0.205649
1769099773.346030 10.485287 0.775876 -0.211661
1769099773.351037 10.492686 0.774286 -0.216406
1769099773.356052 10.500497 0.772569 -0.220836
1769099773.386052 10.511586 0.770080 -0.230011
1769099773.446096 10.519078 0.768325 -0.235073
1769099773.501043 10.526708 0.766498 -0.238870
1769099773.541023 10.537922 0.763767 -0.245830
1769099773.586038 10.545263 0.761925 -0.249310
1769099773.646060 10.552645 0.760046 -0.251525
1769099773.696079 10.563554 0.757242 -0.255638
1769099773.761088 10.570999 0.755297 -0.258169
1769099773.801165 10.578463 0.753326 -0.259751
1769099773.851089 10.589495 0.750394 -0.264497
1769099774.301054 10.597093 0.748336 -0.269242
1769099774.306062 10.604608 0.746263 -0.274305
1769099774.311050 10.615791 0.743116 -0.283480
1769099774.321059 10.623275 0.740935 -0.289175
1769099774.326057 10.630747 0.738712 -0.292971
1769099774.331057 10.641264 0.735540 -0.298033
1769099774.336040 10.648184 0.733414 -0.299299
1769099774.341060 10.659212 0.730011 -0.301830
1769099774.346073 10.666462 0.727754 -0.303728
1769099774.351063 10.673781 0.725460 -0.308474
1769099774.391063 10.684826 0.721941 -0.314802
1769099774.466064 10.692262 0.719519 -0.318915
1769099774.501066 10.699641 0.717083 -0.321129
1769099774.541071 10.710881 0.713344 -0.323028
1769099774.586078 10.718417 0.710821 -0.324293
1769099774.636070 10.725711 0.708369 -0.324926
1769099774.691073 10.733026 0.705905 -0.325242
1769099774.736069 10.743771 0.702282 -0.325242
1769099774.796076 10.750894 0.699879 -0.323660
1769099774.841072 10.761285 0.696394 -0.321446
1769099774.891083 10.768585 0.693963 -0.318282
1769099774.951072 10.775941 0.691539 -0.317649
1769099774.991078 10.787002 0.687903 -0.317016
1769099775.041075 10.794433 0.685465 -0.318598
1769099775.096122 10.801836 0.683023 -0.321762
1769099775.141049 10.812930 0.679325 -0.324926
1769099775.191049 10.820270 0.676852 -0.324926
1769099775.246083 10.827561 0.674396 -0.324926
1769099775.291072 10.838499 0.670711 -0.323028
1769099775.341084 10.845748 0.668285 -0.321762
1769099775.401082 10.853047 0.665852 -0.321129
1769099775.441083 10.863807 0.662273 -0.319864
1769099775.486097 10.871039 0.659877 -0.320180
1769099775.536088 10.878414 0.657431 -0.321129
1769099775.591189 10.885739 0.654995 -0.320180
1769099775.636122 10.897007 0.651259 -0.321762
1769099775.686083 10.904594 0.648729 -0.321762
1769099775.746166 10.911942 0.646280 -0.324293
1769099775.791095 10.922810 0.642627 -0.325875
1769099775.846110 10.929740 0.640285 -0.326824
1769099775.891171 10.940407 0.636669 -0.326508
1769099775.941168 10.947479 0.634274 -0.323028
1769099775.996111 10.954752 0.631840 -0.320180
1769099776.041081 10.965707 0.628207 -0.317016
1769099776.086092 10.972633 0.625935 -0.317649
1769099776.146093 10.979967 0.623523 -0.318598
1769099776.186098 10.991000 0.619884 -0.320813
1769099776.246162 10.997965 0.617570 -0.322711
1769099776.291090 11.008623 0.614006 -0.323344
1769099776.336087 11.016111 0.611497 -0.322711
1769099776.396106 11.023072 0.609169 -0.323977
1769099776.446098 11.033605 0.605632 -0.323660
1769099776.496106 11.040804 0.603217 -0.321762
1769099776.541100 11.051225 0.599743 -0.321762
1769099776.591101 11.058357 0.597366 -0.320813
1769099776.641108 11.065683 0.594931 -0.320497
1769099776.691103 11.073033 0.592491 -0.319864
1769099776.741102 11.084158 0.588806 -0.319547
1769099776.796155 11.091655 0.586326 -0.320180
1769099776.841117 11.102466 0.582741 -0.322711
1769099776.891106 11.109883 0.580261 -0.325559
1769099776.951114 11.117150 0.577808 -0.327141
1769099776.991107 11.127935 0.574148 -0.326508
1769099777.041112 11.135199 0.571688 -0.325559
1769099777.096169 11.142370 0.569267 -0.322711
1769099777.141109 11.153243 0.565631 -0.319231
1769099777.186083 11.160525 0.563224 -0.318915
1769099777.251107 11.167784 0.560828 -0.318915
1769099777.291172 11.178719 0.557217 -0.319864
1769099777.341114 11.186192 0.554742 -0.320180
1769099777.391118 11.193543 0.552304 -0.320180
1769099777.441116 11.201063 0.549811 -0.321762
1769099777.491119 11.212204 0.546097 -0.321762
1769099777.536154 11.219528 0.543655 -0.323344
1769099777.596119 11.226823 0.541211 -0.324610
1769099777.641155 11.237618 0.537578 -0.322711
1769099777.691151 11.244772 0.535186 -0.321446
1769099777.746148 11.251976 0.532787 -0.317016
1769099777.791203 11.263015 0.529165 -0.311005
1769099777.841130 11.270509 0.526757 -0.306892
1769099777.891148 11.277868 0.524424 -0.303412
1769099777.936151 11.288979 0.520946 -0.299615
1769099777.991159 11.296645 0.518578 -0.296768
1769099778.046103 11.303979 0.516335 -0.295819
1769099778.091127 11.315092 0.512948 -0.289175
1769099778.136126 11.322539 0.510732 -0.284429
1769099778.201128 11.329925 0.508573 -0.279999
1769099778.236128 11.340798 0.505447 -0.271457
1769099778.286129 11.348186 0.503390 -0.266079
1769099778.346117 11.355537 0.501387 -0.260067
1769099778.391126 11.366690 0.498419 -0.253107
1769099778.436122 11.374189 0.496479 -0.248677
1769099778.501125 11.381695 0.494573 -0.243615
1769099778.541132 11.393044 0.491753 -0.237288
1769099778.591128 11.400670 0.489908 -0.236022
1769099778.651104 11.408176 0.488103 -0.233175
1769099778.691132 11.419504 0.485413 -0.228745
1769099778.746201 11.427220 0.483616 -0.224632
1769099778.796134 11.434647 0.481919 -0.220519
1769099778.841117 11.445390 0.479511 -0.211344
1769099778.891152 11.452913 0.477897 -0.203751
1769099778.946141 11.460226 0.476386 -0.200904
1769099778.991141 11.471386 0.474113 -0.193310
1769099779.041148 11.479062 0.472611 -0.189830
1769099779.096144 11.486643 0.471154 -0.185717
1769099779.141146 11.498235 0.468976 -0.180655
1769099779.191140 11.506028 0.467553 -0.177808
1769099779.246149 11.513676 0.466178 -0.173695
1769099779.286143 11.525094 0.464175 -0.170531
1769099779.341151 11.532627 0.462878 -0.167367
1769099779.401192 11.540164 0.461604 -0.162938
1769099779.441149 11.551528 0.459736 -0.154395
1769099779.491149 11.559080 0.458561 -0.148068
1769099779.546144 11.566666 0.457429 -0.142689
1769099779.591135 11.577940 0.455810 -0.137627
1769099779.641182 11.585561 0.454754 -0.136361
1769099779.701156 11.593159 0.453711 -0.136045
1769099779.741180 11.604695 0.452132 -0.139209
1769099779.791170 11.612590 0.451026 -0.138892
1769099779.851181 11.620261 0.449954 -0.141423
1769099779.891186 11.631938 0.448291 -0.141423
1769099779.941180 11.639706 0.447185 -0.140791
1769099779.996309 11.647099 0.446138 -0.141107
1769099780.046227 11.658400 0.444532 -0.139525
1769099780.091227 11.665970 0.443469 -0.138260
1769099780.151136 11.673441 0.442430 -0.138260
1769099780.196167 11.684997 0.440821 -0.136678
1769099780.241143 11.692720 0.439759 -0.136045
1769099780.301139 11.700494 0.438695 -0.136678
1769099780.341165 11.711928 0.437123 -0.139209
1769099780.391150 11.719699 0.436034 -0.141740
1769099780.436162 11.727491 0.434922 -0.144587
1769099780.491150 11.735080 0.433817 -0.145536
1769099780.541165 11.746600 0.432128 -0.144271
1769099780.596166 11.754365 0.431000 -0.142373
1769099780.641146 11.765189 0.429449 -0.137943
1769099780.686172 11.772559 0.428426 -0.136678
1769099780.751147 11.780107 0.427388 -0.135729
1769099780.796169 11.791517 0.425829 -0.137310
1769099780.836227 11.799039 0.424790 -0.137310
1769099780.901229 11.806887 0.423705 -0.137627
1769099780.941176 11.818645 0.422077 -0.137943
1769099780.991149 11.826292 0.421015 -0.139525
1769099781.046174 11.834037 0.419928 -0.140474
1769099781.096191 11.845465 0.418312 -0.141740
1769099781.141228 11.852957 0.417243 -0.141423
1769099781.191162 11.860499 0.416169 -0.141107
1769099781.246188 11.868217 0.415072 -0.140474
1769099781.286227 11.879545 0.413471 -0.137310
1769099781.341185 11.887192 0.412414 -0.135729
1769099781.396234 11.895016 0.411345 -0.135096
1769099781.441183 11.906403 0.409798 -0.136361
1769099781.491241 11.913976 0.408759 -0.138892
1769099781.546175 11.921847 0.407658 -0.142056
1769099781.596187 11.933497 0.405992 -0.144271
1769099781.641190 11.941162 0.404878 -0.144271
1769099781.696179 11.948877 0.403758 -0.143638
1769099781.741217 11.960300 0.402106 -0.141107
1769099781.791213 11.967642 0.401063 -0.138260
1769099781.851195 11.975138 0.400020 -0.137943
1769099781.891224 11.986444 0.398450 -0.137627
1769099781.941267 11.993966 0.397408 -0.136994
1769099781.996210 12.001814 0.396326 -0.137310
1769099782.041197 12.013472 0.394715 -0.137627
1769099782.086167 12.021144 0.393653 -0.137627
1769099782.146243 12.028866 0.392583 -0.140158
1769099782.191194 12.040295 0.390971 -0.141423
1769099782.241204 12.048088 0.389861 -0.141740
1769099782.296197 12.055605 0.388789 -0.142373
1769099782.341210 12.067080 0.387144 -0.140474
1769099782.396193 12.074799 0.386052 -0.137943
1769099782.446206 12.082270 0.385015 -0.136678
1769099782.491188 12.093578 0.383460 -0.135096
1769099782.541269 12.101253 0.382417 -0.135096
1769099782.596195 12.108802 0.381391 -0.137310
1769099782.641202 12.120034 0.379838 -0.139842
1769099782.691254 12.127904 0.378731 -0.142373
1769099782.746200 12.135671 0.377617 -0.143638
1769099782.796204 12.147119 0.375962 -0.143322
1769099782.841206 12.154735 0.374863 -0.142689
1769099782.896190 12.162276 0.373779 -0.141740
1769099782.941277 12.173476 0.372181 -0.139525
1769099782.986294 12.180946 0.371132 -0.138892
1769099783.046204 12.188616 0.370060 -0.136994
1769099783.086272 12.200075 0.368480 -0.136678
1769099783.141273 12.207848 0.367411 -0.136045
1769099783.201209 12.215546 0.366357 -0.135096
1769099783.236264 12.226958 0.364806 -0.137943
1769099783.291271 12.234629 0.363741 -0.140474
1769099783.346291 12.242499 0.362628 -0.141740
1769099783.391274 12.254050 0.360980 -0.142689
1769099783.441220 12.261666 0.359886 -0.142056
1769099783.501212 12.269233 0.358803 -0.139525
1769099783.541230 12.280587 0.357209 -0.136678
1769099783.591302 12.287959 0.356195 -0.136045
1769099783.651252 12.295633 0.355145 -0.136678
1769099783.691267 12.307092 0.353569 -0.135729
1769099783.741220 12.314816 0.352514 -0.138260
1769099783.801248 12.322562 0.351436 -0.138576
1769099783.841281 12.334344 0.349793 -0.141107
1769099783.891205 12.342062 0.348696 -0.142373
1769099783.951241 12.349654 0.347608 -0.142689
1769099783.991203 12.361078 0.345967 -0.143322
1769099784.041260 12.368744 0.344860 -0.143322
1769099784.101228 12.376184 0.343787 -0.141107
1769099784.146233 12.387611 0.342164 -0.137943
1769099784.191236 12.395333 0.341092 -0.136678
1769099784.251207 12.402755 0.340071 -0.134779
1769099784.291235 12.414192 0.338520 -0.135412
1769099784.341287 12.421991 0.337457 -0.136994
1769099784.396243 12.429488 0.336424 -0.138576
1769099784.441242 12.440719 0.334857 -0.141740
1769099784.486231 12.448587 0.333735 -0.140474
1769099784.551218 12.456255 0.332650 -0.141740
1769099784.596242 12.467706 0.331016 -0.140791
1769099784.641205 12.475224 0.329951 -0.138892
1769099784.696241 12.482719 0.328903 -0.138576
1769099784.741243 12.493900 0.327344 -0.137943
1769099784.791283 12.501170 0.326334 -0.136045
1769099784.846244 12.508417 0.325342 -0.136361
1769099784.891231 12.520002 0.323753 -0.136994
1769099784.946297 12.527800 0.322678 -0.137310
1769099784.991288 12.535548 0.321607 -0.139525
1769099785.046290 12.546576 0.320058 -0.143322
1769099785.096232 12.553791 0.319017 -0.144587
1769099785.141309 12.565287 0.317343 -0.144271
1769099785.196325 12.572476 0.316299 -0.142689
1769099785.246313 12.580092 0.315205 -0.140791
1769099785.291310 12.591369 0.313606 -0.136994
1769099785.341295 12.598891 0.312569 -0.135096
1769099785.396311 12.606365 0.311554 -0.134463
1769099785.441327 12.617903 0.309993 -0.136994
1769099785.491342 12.625601 0.308932 -0.137943
1769099785.546338 12.633247 0.307870 -0.138892
1769099785.591256 12.644602 0.306283 -0.140474
1769099785.641299 12.652522 0.305163 -0.141740
1769099785.696341 12.660014 0.304094 -0.143322
1769099785.741257 12.670986 0.302510 -0.146486
1769099785.801273 12.678573 0.301391 -0.147435
1769099785.846338 12.689839 0.299718 -0.153130
1769099785.891252 12.697319 0.298563 -0.155344
1769099785.951286 12.704621 0.297420 -0.157243
1769099785.991274 12.716170 0.295589 -0.162305
1769099786.041262 12.723788 0.294341 -0.165785
1769099786.101254 12.731452 0.293059 -0.170531
1769099786.146331 12.742976 0.291075 -0.181921
1769099786.191331 12.750668 0.289660 -0.187932
1769099786.246322 12.758252 0.288217 -0.193310
1769099786.291225 12.769231 0.286068 -0.198373
1769099786.341254 12.776824 0.284542 -0.199638
1769099786.396324 12.784192 0.283051 -0.198689
1769099786.441364 12.795407 0.280793 -0.202485
1769099786.491253 12.802771 0.279281 -0.205333
1769099786.551326 12.810353 0.277702 -0.209762
1769099786.596315 12.821617 0.275304 -0.218305
1769099786.641324 12.829351 0.273588 -0.223050
1769099786.701228 12.837151 0.271819 -0.228113
1769099786.746336 12.848493 0.269186 -0.236971
1769099786.791320 12.855997 0.267374 -0.244248
1769099786.851317 12.863561 0.265488 -0.251209
1769099786.891344 12.874569 0.262663 -0.263548
1769099786.941318 12.881900 0.260685 -0.271773
1769099787.001316 12.889190 0.258654 -0.279050
1769099787.041250 12.900236 0.255489 -0.289175
1769099787.091330 12.907636 0.253287 -0.295186
1769099787.156332 12.914997 0.251049 -0.303412
1769099787.196269 12.926302 0.247510 -0.319231
1769099787.246307 12.933728 0.245055 -0.328406
1769099787.301241 12.941083 0.242549 -0.339480
1769099787.346252 12.951989 0.238697 -0.354350
1769099787.391310 12.959206 0.236027 -0.362576
1769099787.436339 12.966305 0.233334 -0.369536
1769099787.496243 12.973457 0.230564 -0.375547
1769099787.541314 12.984171 0.226340 -0.386621
1769099787.596264 12.991180 0.223487 -0.393898
1769099787.646379 12.998379 0.220495 -0.403389
1769099787.691332 13.008994 0.215964 -0.416677
1769099787.741317 13.015961 0.212881 -0.425220
1769099787.796318 13.023108 0.209644 -0.436609
1769099787.841399 13.033728 0.204689 -0.448948
1769099787.891249 13.040842 0.201261 -0.457807
1769099787.946337 13.047744 0.197860 -0.466033
1769099787.991344 13.057965 0.192720 -0.477423
1769099788.046263 13.064754 0.189207 -0.484383
1769099788.096270 13.071451 0.185683 -0.492293
1769099788.141237 13.081533 0.180276 -0.504315
1769099788.191317 13.088269 0.176558 -0.513174
1769099788.246319 13.095083 0.172718 -0.522349
1769099788.286256 13.105129 0.166935 -0.538168
1769099788.341319 13.111758 0.162978 -0.546078
1769099788.396261 13.118333 0.158982 -0.555570
1769099788.436231 13.128161 0.152881 -0.568541
1769099788.491235 13.134559 0.148793 -0.576767
1769099788.546255 13.140882 0.144680 -0.583728
1769099788.596258 13.150027 0.138640 -0.594168
1769099788.651285 13.156402 0.134332 -0.601762
1769099788.696289 13.165896 0.127813 -0.612202
1769099788.746296 13.172234 0.123362 -0.620428
1769099788.806289 13.178536 0.118859 -0.630552
1769099788.841304 13.188001 0.111950 -0.646055
1769099788.891365 13.193902 0.107500 -0.654914
1769099788.951285 13.200045 0.102783 -0.664406
1769099788.991388 13.208833 0.095900 -0.676112
1769099789.046331 13.214795 0.091117 -0.682439
1769099789.101318 13.220746 0.086280 -0.689083
1769099789.146381 13.229655 0.078942 -0.699840
1769099789.191371 13.235444 0.074067 -0.708383
1769099789.246294 13.241229 0.069111 -0.716292
1769099789.291295 13.250125 0.061366 -0.732744
1769099789.341287 13.255902 0.056168 -0.743185
1769099789.396295 13.261642 0.050894 -0.751411
1769099789.446288 13.270205 0.042894 -0.765015
1769099789.491308 13.275810 0.037512 -0.772292
1769099789.551326 13.281431 0.032037 -0.779253
1769099789.591302 13.289498 0.024069 -0.793174
1769099789.641328 13.294772 0.018712 -0.800450
1769099789.696324 13.300060 0.013262 -0.808676
1769099789.746334 13.307941 0.005005 -0.819117
1769099789.791359 13.313213 -0.000635 -0.827027
1769099789.856377 13.318542 -0.006427 -0.836202
1769099789.896367 13.326414 -0.015143 -0.850755
1769099789.941360 13.331588 -0.021042 -0.860880
1769099790.001353 13.336273 -0.026493 -0.869738
1769099790.046314 13.343718 -0.035313 -0.883027
1769099790.096328 13.348538 -0.041180 -0.891253
1769099790.156310 13.353390 -0.047185 -0.898529
1769099790.196308 13.360546 -0.056175 -0.908021
1769099790.241309 13.365296 -0.062261 -0.915298
1769099790.296318 13.370017 -0.068401 -0.922891
1769099790.346311 13.376799 -0.077361 -0.937445
1769099790.391303 13.381383 -0.083604 -0.946936
1769099790.446329 13.385982 -0.089993 -0.958009
1769099790.491315 13.392664 -0.099497 -0.972880
1769099790.541338 13.396824 -0.105605 -0.982371
1769099790.596315 13.401067 -0.111964 -0.989964
1769099790.641308 13.407414 -0.121634 -0.999139
1769099790.696329 13.411494 -0.127977 -1.004834
1769099790.746388 13.415566 -0.134386 -1.011795
1769099790.791331 13.421660 -0.144128 -1.022552
1769099790.841300 13.425618 -0.150609 -1.032676
1769099790.896348 13.429600 -0.157281 -1.043117
1769099790.946321 13.435514 -0.167427 -1.057670
1769099790.991327 13.439366 -0.174263 -1.065896
1769099791.051322 13.443161 -0.181131 -1.072857
1769099791.096304 13.448686 -0.191293 -1.085828
1769099791.141320 13.452273 -0.198100 -1.094687
1769099791.196326 13.455718 -0.204781 -1.103230
1769099791.241350 13.460669 -0.214587 -1.114619
1769099791.301327 13.463858 -0.221086 -1.123478
1769099791.341324 13.468806 -0.231401 -1.134235
1769099791.396325 13.471910 -0.238052 -1.140563
1769099791.466346 13.475267 -0.245368 -1.150054
1769099791.491334 13.479898 -0.255718 -1.163975
1769099791.556365 13.482993 -0.262901 -1.175049
1769099791.596340 13.487276 -0.273153 -1.188653
1769099791.641340 13.490117 -0.280222 -1.197195
1769099791.701358 13.492722 -0.286867 -1.204156
1769099791.741376 13.496815 -0.297524 -1.213964
1769099791.796382 13.499308 -0.304212 -1.219659
1769099791.851373 13.501981 -0.311508 -1.226936
1769099791.891426 13.505880 -0.322398 -1.238642
1769099791.941378 13.508406 -0.329720 -1.248766
1769099791.991343 13.510857 -0.337067 -1.257625
1769099792.041357 13.514413 -0.348047 -1.273444
1769099792.091337 13.516697 -0.355500 -1.283568
1769099792.151341 13.518819 -0.362685 -1.291161
1769099792.196344 13.522019 -0.373827 -1.302551
1769099792.241346 13.524065 -0.381271 -1.310461
1769099792.301411 13.526045 -0.388706 -1.316788
1769099792.341434 13.528806 -0.399339 -1.326280
1769099792.396337 13.530668 -0.406804 -1.331975
1769099792.446347 13.532482 -0.414256 -1.339252
1769099792.491360 13.535166 -0.425637 -1.348110
1769099792.541412 13.536938 -0.433463 -1.354122
1769099792.596313 13.538603 -0.441027 -1.359184
1769099792.641350 13.541091 -0.452608 -1.364879
1769099792.696351 13.542659 -0.460115 -1.367726
1769099792.751330 13.544201 -0.467602 -1.370890
1769099792.796351 13.546437 -0.478641 -1.374370
1769099792.841358 13.547924 -0.486113 -1.377218
1769099792.901349 13.549390 -0.493589 -1.380698
1769099792.941360 13.551580 -0.504972 -1.385127
1769099792.986357 13.553019 -0.512634 -1.388291
1769099793.046355 13.554420 -0.520225 -1.392404
1769099793.091357 13.556495 -0.531733 -1.400630
1769099793.141359 13.557820 -0.539442 -1.406009
1769099793.201357 13.559086 -0.547057 -1.412020
1769099793.241359 13.560931 -0.558578 -1.418664
1769099793.291373 13.562116 -0.566309 -1.419613
1769099793.356381 13.563267 -0.573865 -1.423410
1769099793.396363 13.564933 -0.585082 -1.425308
1769099793.446369 13.566059 -0.592770 -1.426890
1769099793.496367 13.567137 -0.600210 -1.432268
1769099793.546379 13.568686 -0.611315 -1.438913
1769099793.591429 13.569727 -0.619168 -1.444924
1769099793.651366 13.570703 -0.626877 -1.450935
1769099793.691401 13.572110 -0.638562 -1.457579
1769099793.741412 13.572997 -0.646358 -1.462009
1769099793.801398 13.573840 -0.654083 -1.466122
1769099793.841418 13.575038 -0.665486 -1.470235
1769099793.896465 13.575803 -0.673066 -1.473082
1769099793.951416 13.576499 -0.680169 -1.476246
1769099793.991388 13.577582 -0.691584 -1.480359
1769099794.041440 13.578279 -0.699272 -1.482573
1769099794.101376 13.578953 -0.706886 -1.485737
1769099794.141377 13.579952 -0.718613 -1.491749
1769099794.191379 13.580570 -0.726410 -1.495862
1769099794.246370 13.581146 -0.734082 -1.502189
1769099794.291377 13.581944 -0.745698 -1.511681
1769099794.341372 13.582400 -0.753404 -1.516427
1769099794.396371 13.582821 -0.761138 -1.519590
1769099794.441393 13.583407 -0.772563 -1.521489
1769099794.491376 13.583790 -0.780324 -1.522438
1769099794.551382 13.584154 -0.787858 -1.525602
1769099794.591436 13.584679 -0.799464 -1.531613
1769099794.646378 13.584965 -0.806748 -1.535410
1769099794.701385 13.585242 -0.814564 -1.540788
1769099794.741377 13.585581 -0.825873 -1.548698
1769099794.791410 13.585755 -0.833768 -1.553127
1769099794.841386 13.585895 -0.841638 -1.559138
1769099794.901384 13.586026 -0.852900 -1.565150
1769099794.951382 13.586069 -0.860494 -1.568946
1769099794.996401 13.586090 -0.871807 -1.574325
1769099795.041409 13.586063 -0.879350 -1.576223
1769099795.101393 13.586022 -0.886867 -1.577805
1769099795.146399 13.585942 -0.898358 -1.581602
1769099795.191393 13.585857 -0.906153 -1.584765
1769099795.241407 13.585748 -0.914024 -1.588246
1769099795.296396 13.585611 -0.921844 -1.593624
1769099795.336418 13.585342 -0.933610 -1.602799
1769099795.391397 13.585091 -0.941478 -1.608178
1769099795.446399 13.584809 -0.949015 -1.613240
1769099795.496409 13.584319 -0.960546 -1.618302
1769099795.541422 13.583951 -0.968283 -1.619568
1769099795.596439 13.583580 -0.975892 -1.622415
1769099795.641425 13.582989 -0.987317 -1.624946
1769099795.696398 13.582566 -0.995127 -1.627794
1769099795.746403 13.582132 -1.002733 -1.633172
1769099795.796408 13.581414 -1.014227 -1.640449
1769099795.841444 13.580896 -1.021650 -1.645511
1769099795.896441 13.580305 -1.029550 -1.651522
1769099795.941450 13.579342 -1.041458 -1.659116
1769099795.991414 13.578656 -1.049198 -1.662596
1769099796.041426 13.577953 -1.056835 -1.666076
1769099796.091405 13.576908 -1.067770 -1.671138
1769099796.156412 13.576165 -1.075149 -1.672087
1769099796.196409 13.575021 -1.086405 -1.677466
1769099796.241412 13.574243 -1.093678 -1.679680
1769099796.301412 13.573379 -1.101578 -1.682844
1769099796.341416 13.572077 -1.113148 -1.687274
1769099796.396420 13.571159 -1.120992 -1.692969
1769099796.451501 13.570212 -1.128704 -1.697714
1769099796.496418 13.568742 -1.140228 -1.706889
1769099796.541420 13.567753 -1.147450 -1.711319
1769099796.601480 13.566661 -1.155169 -1.715748
1769099796.641418 13.565005 -1.166515 -1.719228
1769099796.696409 13.563867 -1.174125 -1.721127
1769099796.751422 13.562707 -1.181782 -1.723025
1769099796.796435 13.560964 -1.193141 -1.727454
1769099796.841417 13.559768 -1.200716 -1.732200
1769099796.901418 13.558600 -1.207885 -1.736313
1769099796.941428 13.556674 -1.219419 -1.742008
1769099796.991424 13.555315 -1.227276 -1.746121
1769099797.051425 13.553916 -1.235176 -1.748336
1769099797.091487 13.551851 -1.246686 -1.749601
1769099797.141427 13.550536 -1.253959 -1.748336
1769099797.201426 13.549186 -1.261482 -1.747070
1769099797.246504 13.547233 -1.272446 -1.746437
1769099797.291443 13.545920 -1.279848 -1.744855
1769099797.346429 13.544583 -1.287451 -1.744539
1769099797.391435 13.542666 -1.298370 -1.743906
1769099797.441432 13.541297 -1.306199 -1.743274
1769099797.491507 13.539955 -1.313904 -1.741692
1769099797.541433 13.538053 -1.324928 -1.743590
1769099797.601434 13.536712 -1.332608 -1.745488
1769099797.646544 13.534755 -1.343700 -1.748336
1769099797.691494 13.533373 -1.351398 -1.748652
1769099797.751531 13.532012 -1.358971 -1.748652
1769099797.791439 13.529979 -1.370281 -1.746754
1769099797.841473 13.528610 -1.377981 -1.743274
1769099797.901456 13.527333 -1.385312 -1.742641
1769099797.941491 13.525450 -1.396160 -1.742957
1769099797.991514 13.524115 -1.403840 -1.742324
1769099798.046510 13.522797 -1.411447 -1.745172
1769099798.096447 13.520825 -1.422639 -1.746121
1769099798.141443 13.519421 -1.430564 -1.746121
1769099798.196444 13.518057 -1.438266 -1.747703
1769099798.241456 13.516008 -1.449727 -1.748968
1769099798.291458 13.514636 -1.457349 -1.747703
1769099798.351465 13.513299 -1.464824 -1.747703
1769099798.391463 13.511331 -1.475837 -1.747703
1769099798.441455 13.509972 -1.483436 -1.745488
1769099798.501448 13.508643 -1.490963 -1.744223
1769099798.541453 13.506643 -1.502382 -1.742324
1769099798.596452 13.505338 -1.509913 -1.741692
1769099798.651451 13.504004 -1.517645 -1.741692
1769099798.696462 13.502033 -1.529069 -1.744223
1769099798.741467 13.500683 -1.536773 -1.746437
1769099798.801502 13.499308 -1.544523 -1.748652
1769099798.841446 13.497225 -1.556107 -1.747703
1769099798.891480 13.495867 -1.563706 -1.748019
1769099798.946457 13.494582 -1.570881 -1.746121
1769099798.991469 13.492604 -1.582047 -1.743590
1769099799.051464 13.491377 -1.589078 -1.744223
1769099799.096497 13.489494 -1.599823 -1.743274
1769099799.141465 13.488143 -1.607578 -1.742957
1769099799.201460 13.486821 -1.615184 -1.743906
1769099799.246460 13.484772 -1.626902 -1.745172
1769099799.296459 13.483397 -1.634704 -1.746121
1769099799.351461 13.482051 -1.642306 -1.747703
1769099799.396466 13.480006 -1.653742 -1.749918
1769099799.441466 13.478622 -1.661388 -1.750234
1769099799.491467 13.477266 -1.668859 -1.749601
1769099799.546548 13.475911 -1.676356 -1.748019
1769099799.591480 13.473890 -1.687642 -1.745172
1769099799.641474 13.472564 -1.695170 -1.743274
1769099799.696480 13.471269 -1.702601 -1.742008
1769099799.741502 13.469303 -1.713974 -1.742641
1769099799.796570 13.467970 -1.721655 -1.743274
1769099799.846579 13.466636 -1.729310 -1.744855
1769099799.891556 13.464585 -1.740976 -1.746754
1769099799.946526 13.463203 -1.748751 -1.748019
1769099799.996474 13.461837 -1.756375 -1.748019
1769099800.046478 13.459883 -1.767288 -1.748019
1769099800.091476 13.458535 -1.774812 -1.746121
1769099800.146483 13.457215 -1.782264 -1.746437
1769099800.196478 13.455225 -1.793478 -1.745805
1769099800.251474 13.453951 -1.800681 -1.744855
1769099800.291474 13.452009 -1.811724 -1.742641
1769099800.341475 13.450681 -1.819380 -1.742957
1769099800.401502 13.449332 -1.827136 -1.743906
1769099800.446482 13.447314 -1.838679 -1.745488
1769099800.491511 13.445963 -1.846331 -1.748336
1769099800.546561 13.444577 -1.854054 -1.751500
1769099800.596482 13.442476 -1.865557 -1.750867
1769099800.646486 13.441102 -1.873103 -1.748652
1769099800.701484 13.439750 -1.880626 -1.747387
1769099800.746506 13.437767 -1.891739 -1.743590
1769099800.791493 13.436474 -1.899144 -1.742641
1769099800.851483 13.435172 -1.906650 -1.742957
1769099800.896491 13.433194 -1.918022 -1.743590
1769099800.941496 13.431832 -1.925826 -1.743906
1769099800.996493 13.430489 -1.933505 -1.743906
1769099801.041495 13.428510 -1.944824 -1.745172
1769099801.096507 13.427145 -1.952577 -1.746754
1769099801.146495 13.425820 -1.960028 -1.747703
1769099801.191545 13.423793 -1.971364 -1.748652
1769099801.241496 13.422427 -1.978962 -1.747070
1769099801.301494 13.421122 -1.986288 -1.747703
1769099801.341573 13.419091 -1.997650 -1.745172
1769099801.391499 13.417734 -2.005352 -1.743590
1769099801.446502 13.416403 -2.012982 -1.742957
1769099801.491499 13.414508 -2.023879 -1.743906
1769099801.541507 13.413152 -2.031633 -1.744855
1769099801.601530 13.411815 -2.039236 -1.747070
1769099801.646543 13.409742 -2.050873 -1.749285
1769099801.691546 13.408345 -2.058620 -1.750867
1769099801.746555 13.406912 -2.066489 -1.748336
1769099801.796545 13.404963 -2.077351 -1.747703
1769099801.841509 13.403640 -2.084751 -1.745488
1769099801.896537 13.402400 -2.091780 -1.742324
1769099801.941522 13.400469 -2.102927 -1.738211
1769099801.991544 13.399195 -2.110464 -1.733782
1769099802.046510 13.397918 -2.118232 -1.729669
1769099802.096518 13.396080 -2.129703 -1.723025
1769099802.151517 13.394874 -2.137559 -1.719228
1769099802.201512 13.393216 -2.148648 -1.715115
1769099802.241512 13.392099 -2.156338 -1.712268
1769099802.296529 13.390985 -2.164156 -1.708471
1769099802.346550 13.389926 -2.171802 -1.705624
1769099802.396517 13.388368 -2.183289 -1.698663
1769099802.441533 13.387377 -2.190996 -1.691387
1769099802.501518 13.386466 -2.198509 -1.687274
1769099802.541525 13.385146 -2.209797 -1.678731
1769099802.596519 13.384328 -2.217346 -1.674302
1769099802.651565 13.383527 -2.225049 -1.669873
1769099802.696544 13.382381 -2.236585 -1.665443
1769099802.741525 13.381637 -2.244421 -1.661963
1769099802.801523 13.380904 -2.252437 -1.656901
1769099802.846613 13.379890 -2.264188 -1.653104
1769099802.891533 13.379257 -2.271856 -1.651206
1769099802.946541 13.378639 -2.279526 -1.647409
1769099802.991528 13.377775 -2.290781 -1.640449
1769099803.041605 13.377245 -2.298381 -1.635070
1769099803.101559 13.376759 -2.305933 -1.628426
1769099803.141552 13.376091 -2.317506 -1.619568
1769099803.191592 13.375711 -2.325293 -1.613873
1769099803.251564 13.375384 -2.332879 -1.609443
1769099803.296531 13.374938 -2.344412 -1.604381
1769099803.341539 13.374680 -2.352102 -1.600585
1769099803.401543 13.374448 -2.359869 -1.595839
1769099803.441571 13.374152 -2.371711 -1.587613
1769099803.496543 13.374019 -2.379607 -1.581285
1769099803.551554 13.373937 -2.387402 -1.573059
1769099803.596617 13.373911 -2.398868 -1.561353
1769099803.641558 13.373982 -2.406334 -1.553443
1769099803.701566 13.374112 -2.413825 -1.545217
1769099803.741603 13.374404 -2.425236 -1.529715
1769099803.791546 13.374704 -2.432545 -1.520539
1769099803.851562 13.375093 -2.440280 -1.511048
1769099803.891561 13.375784 -2.451826 -1.495545
1769099803.946593 13.376339 -2.459196 -1.484155
1769099803.996639 13.376992 -2.466711 -1.472766
1769099804.046552 13.378057 -2.477542 -1.453150
1769099804.096545 13.378919 -2.484831 -1.434800
1769099804.146609 13.379907 -2.492053 -1.415184
1769099804.191546 13.381551 -2.502530 -1.385127
1769099804.241548 13.382831 -2.509346 -1.364879
1769099804.296555 13.384239 -2.516085 -1.342732
1769099804.341549 13.386482 -2.525750 -1.310461
1769099804.401567 13.388222 -2.532281 -1.287365
1769099804.446551 13.391095 -2.542147 -1.250032
1769099804.496557 13.393170 -2.548392 -1.227252
1769099804.551579 13.395319 -2.554397 -1.205105
1769099804.596553 13.398876 -2.563687 -1.168721
1769099804.641634 13.401481 -2.569813 -1.143727
1769099804.701617 13.404175 -2.575733 -1.118732
1769099804.741631 13.408332 -2.584294 -1.082032
1769099804.796582 13.411446 -2.590149 -1.056088
1769099804.851579 13.414710 -2.595921 -1.029512
1769099804.896557 13.419744 -2.604294 -0.990281
1769099804.946584 13.423242 -2.609628 -0.964337
1769099804.996575 13.426719 -2.614640 -0.938710
1769099805.041565 13.432252 -2.622196 -0.898213
1769099805.096567 13.436305 -2.627284 -0.870055
1769099805.146647 13.440450 -2.632198 -0.841580
1769099805.196664 13.446841 -2.639351 -0.801400
1769099805.246575 13.451296 -2.643951 -0.773241
1769099805.296570 13.455861 -2.648406 -0.746032
1769099805.346642 13.462906 -2.654917 -0.703321
1769099805.401590 13.467809 -2.659075 -0.674846
1769099805.451576 13.475102 -2.664910 -0.634665
1769099805.496657 13.480360 -2.668782 -0.606824
1769099805.541594 13.485704 -2.672491 -0.579931
1769099805.596572 13.490976 -2.675945 -0.553039
1769099805.641595 13.498988 -2.680890 -0.515705
1769099805.706594 13.504734 -2.684148 -0.488813
1769099805.746596 13.513539 -2.688831 -0.448948
1769099805.796670 13.519490 -2.691698 -0.425852
1769099805.856614 13.525576 -2.694459 -0.401807
1769099805.896654 13.534707 -2.698339 -0.365739
1769099805.946725 13.541018 -2.700756 -0.341378
1769099806.001615 13.547315 -2.702993 -0.316067
1769099806.046680 13.556889 -2.706124 -0.279367
1769099806.091635 13.563410 -2.707994 -0.254689
1769099806.146598 13.569558 -2.709595 -0.232226
1769099806.191598 13.579016 -2.711832 -0.196791
1769099806.256580 13.585073 -2.713039 -0.175909
1769099806.296599 13.594916 -2.714789 -0.143322
1769099806.341594 13.601905 -2.715798 -0.122124
1769099806.401593 13.608613 -2.716621 -0.103457
1769099806.441630 13.619086 -2.717708 -0.076881
1769099806.491658 13.625950 -2.718237 -0.062328
1769099806.546655 13.633428 -2.718704 -0.048407
1769099806.591655 13.644501 -2.719240 -0.035751
1769099806.651602 13.652215 -2.719516 -0.029107
1769099806.691607 13.663702 -2.719850 -0.024045
1769099806.741611 13.671647 -2.720042 -0.024678
1769099806.801588 13.679137 -2.720226 -0.028475
1769099806.841612 13.690749 -2.720557 -0.040181
1769099806.896587 13.697957 -2.720847 -0.049356
1769099806.951618 13.705566 -2.721223 -0.061062
1769099806.991661 13.716556 -2.721895 -0.080361
1769099807.046609 13.724175 -2.722508 -0.092384
1769099807.101611 13.731534 -2.723190 -0.108203
1769099807.141623 13.742606 -2.724393 -0.131616
1769099807.206614 13.749757 -2.725339 -0.147118
1769099807.246624 13.760223 -2.726890 -0.174327
1769099807.296619 13.767377 -2.728150 -0.194260
1769099807.356602 13.774504 -2.729553 -0.214824
1769099807.396623 13.785064 -2.731857 -0.244248
1769099807.441624 13.791793 -2.733534 -0.262598
1769099807.496608 13.798612 -2.735367 -0.280632
1769099807.551621 13.805422 -2.737330 -0.299615
1769099807.596678 13.815434 -2.740422 -0.329988
1769099807.651628 13.821636 -2.742547 -0.349920
1769099807.696625 13.831289 -2.746069 -0.383457
1769099807.741659 13.837627 -2.748626 -0.407502
1769099807.796656 13.843553 -2.751184 -0.430598
1769099807.846620 13.852408 -2.755252 -0.467615
1769099807.891612 13.857875 -2.758013 -0.493558
1769099807.951668 13.863671 -2.761130 -0.521400
1769099807.991636 13.871945 -2.765883 -0.564745
1769099808.041661 13.877204 -2.769216 -0.595750
1769099808.096714 13.882128 -2.772553 -0.627705
1769099808.141645 13.888950 -2.777503 -0.676112
1769099808.201628 13.893471 -2.781130 -0.713129
1769099808.246680 13.899596 -2.786429 -0.768812
1769099808.291637 13.903617 -2.790318 -0.810891
1769099808.351697 13.907296 -2.794189 -0.854236
1769099808.396689 13.912250 -2.799877 -0.919411
1769099808.441679 13.915303 -2.803883 -0.964654
1769099808.501640 13.918057 -2.807856 -1.010529
1769099808.546698 13.921891 -2.813966 -1.079817
1769099808.596647 13.924134 -2.818163 -1.129173
1769099808.646627 13.926190 -2.822510 -1.177263
1769099808.696641 13.928801 -2.828798 -1.248450
1769099808.746664 13.930292 -2.833264 -1.298438
1769099808.801632 13.931524 -2.837676 -1.348110
1769099808.846653 13.933062 -2.844465 -1.426257
1769099808.896647 13.933710 -2.848923 -1.478777
1769099808.951643 13.934124 -2.853409 -1.531929
1769099808.996651 13.934382 -2.860036 -1.612923
1769099809.046652 13.934199 -2.864385 -1.666076
1769099809.101650 13.933782 -2.868744 -1.718279
1769099809.146699 13.932871 -2.874878 -1.793895
1769099809.196636 13.931908 -2.879123 -1.847680
1769099809.251701 13.930725 -2.883287 -1.901782
1769099809.296666 13.928611 -2.889439 -1.983092
1769099809.346700 13.926795 -2.893590 -2.039725
1769099809.401657 13.924816 -2.897496 -2.095092
1769099809.441658 13.921712 -2.902864 -2.179566
1769099809.491658 13.919396 -2.906186 -2.237148
1769099809.551668 13.916909 -2.909349 -2.294414
1769099809.591657 13.912870 -2.913921 -2.378888
1769099809.651696 13.909960 -2.916701 -2.429826
1769099809.696694 13.905226 -2.920785 -2.507973
1769099809.741668 13.901738 -2.923347 -2.560809
1769099809.791677 13.897993 -2.925805 -2.613012
1769099809.846682 13.893950 -2.928167 -2.663317
1769099809.891704 13.887703 -2.931405 -2.734187
1769099809.951682 13.882985 -2.933441 -2.780695
1769099809.991681 13.875858 -2.936131 -2.844288
1769099810.046721 13.870800 -2.937681 -2.884469
1769099810.101698 13.865659 -2.939032 -2.924333
1769099810.146719 13.857750 -2.940778 -2.983181
1769099810.196671 13.852551 -2.941609 -3.021147
1769099810.246666 13.847049 -2.942275 -3.060062
1769099810.296671 13.838825 -2.942947 -3.114480
1769099810.346731 13.833107 -2.943102 3.132005
1769099810.401675 13.827311 -2.943046 3.094988
1769099810.441689 13.818537 -2.942637 3.039621
1769099810.501674 13.812973 -2.942068 3.005768
1769099810.546726 13.804271 -2.940879 2.954830
1769099810.596682 13.798775 -2.939840 2.920977
1769099810.656680 13.794156 -2.938804 2.894717
1769099810.701684 13.790818 -2.937963 2.871938
1769099810.746680 13.789940 -2.937720 2.867508
1769099810.791673 13.789526 -2.937604 2.865926
1769099810.846727 13.789404 -2.937569 2.865610
1769099810.896689 13.789331 -2.937549 2.866559
1769099810.946680 13.789331 -2.937549 2.866559
1769099810.996688 13.789307 -2.937542 2.866875
1769099811.041725 13.789307 -2.937542 2.866875
1769099811.101676 13.789307 -2.937542 2.866875
1769099811.146692 13.789307 -2.937542 2.866875
1769099811.196682 13.789307 -2.937542 2.866875
1769099811.246684 13.789307 -2.937542 2.866875
1769099811.301680 13.789307 -2.937542 2.866875
1769099811.341696 13.789307 -2.937542 2.866875
1769099811.391688 13.789307 -2.937542 2.866875
1769099811.451684 13.789307 -2.937542 2.866875
1769099811.496691 13.789307 -2.937542 2.866875
1769099811.556746 13.789307 -2.937542 2.866875
1769099811.596677 13.789307 -2.937542 2.866875
1769099811.646671 13.789307 -2.937542 2.866875
1769099811.706695 13.789307 -2.937542 2.866875
1769099811.746776 13.789307 -2.937542 2.866875
1769099811.791700 13.789307 -2.937542 2.866875
1769099811.856728 13.789307 -2.937542 2.866875
1769099811.896696 13.789307 -2.937542 2.866875
1769099811.946702 13.789307 -2.937542 2.866875
1769099812.006697 13.789307 -2.937542 2.866875
1769099812.046730 13.789307 -2.937542 2.866875
1769099812.096728 13.789307 -2.937542 2.866875
1769099812.156701 13.789307 -2.937542 2.866875
1769099812.196703 13.789307 -2.937542 2.866875
1769099812.246700 13.789307 -2.937542 2.866875
1769099812.306688 13.789307 -2.937542 2.866875
1769099812.346706 13.789307 -2.937542 2.866875
1769099812.396712 13.789307 -2.937542 2.866875
1769099812.441704 13.789307 -2.937542 2.866875
1769099812.496685 13.789307 -2.937542 2.866875
1769099812.546755 13.789307 -2.937542 2.866875
1769099812.606702 13.789307 -2.937542 2.866875
1769099812.651711 13.789307 -2.937542 2.866875
1769099812.696700 13.789282 -2.937535 2.867192
1769099812.751717 13.789185 -2.937507 2.868457
1769099812.796711 13.788990 -2.937453 2.870988
1769099812.846745 13.788892 -2.937426 2.873519
1769099812.901702 13.788770 -2.937392 2.875734
1769099812.941719 13.788672 -2.937366 2.879531
1769099812.991711 13.788599 -2.937346 2.883644
1769099813.051765 13.788526 -2.937327 2.887757
1769099813.096714 13.788403 -2.937295 2.893768
1769099813.146726 13.788379 -2.937289 2.897248
1769099813.196717 13.788330 -2.937276 2.901045
1769099813.246720 13.788379 -2.937288 2.906740
1769099813.296728 13.788428 -2.937300 2.911169
1769099813.346723 13.788453 -2.937306 2.915282
1769099813.396724 13.788453 -2.937306 2.921610
1769099813.451732 13.788453 -2.937306 2.926039
1769099813.496718 13.788428 -2.937301 2.931418
1769099813.546724 13.788453 -2.937306 2.934898
1769099813.601733 13.788527 -2.937321 2.939011
1769099813.646728 13.788601 -2.937337 2.945655
1769099813.706759 13.788626 -2.937342 2.949768
1769099813.751735 13.788552 -2.937327 2.957045
1769099813.791807 13.788527 -2.937323 2.961158
1769099813.851767 13.788527 -2.937323 2.964954
1769099813.896776 13.788577 -2.937331 2.971282
1769099813.946735 13.788626 -2.937340 2.975079
1769099814.001739 13.788676 -2.937348 2.978875
1769099814.041729 13.788651 -2.937344 2.986152
1769099814.096744 13.788626 -2.937340 2.990898
1769099814.151726 13.788576 -2.937333 2.995960
1769099814.191782 13.788626 -2.937340 3.001655
1769099814.251735 13.788677 -2.937347 3.006084
1769099814.301732 13.788752 -2.937357 3.011463
1769099814.346745 13.788802 -2.937364 3.015892
1769099814.401739 13.788777 -2.937361 3.020005
1769099814.441751 13.788702 -2.937352 3.027282
1769099814.496740 13.788676 -2.937349 3.032028
1769099814.551810 13.788676 -2.937349 3.036457
1769099814.591740 13.788727 -2.937354 3.042152
1769099814.646790 13.788777 -2.937359 3.045949
1769099814.696741 13.788802 -2.937361 3.049429
1769099814.746793 13.788752 -2.937357 3.056389
1769099814.796752 13.788651 -2.937348 3.061451
1769099814.851763 13.788651 -2.937348 3.065881
1769099814.896766 13.788676 -2.937350 3.071259
1769099814.946794 13.788701 -2.937352 3.074739
1769099815.001743 13.788727 -2.937354 3.078220
1769099815.046745 13.788803 -2.937358 3.083598
1769099815.096753 13.788803 -2.937358 3.088028
1769099815.151758 13.788752 -2.937356 3.093090
1769099815.191762 13.788651 -2.937351 3.100050
1769099815.246736 13.788701 -2.937353 3.103847
1769099815.301749 13.788752 -2.937355 3.107643
1769099815.341764 13.788803 -2.937357 3.113338
1769099815.401763 13.788803 -2.937357 3.117135
1769099815.446736 13.788752 -2.937355 3.124095
1769099815.496776 13.788676 -2.937354 3.128841
1769099815.546760 13.788625 -2.937353 3.133903
1769099815.596766 13.788676 -2.937354 3.138333
1769099815.646817 13.788727 -2.937354 -3.139158
1769099815.706842 13.788727 -2.937354 -3.135361
1769099815.746853 13.788752 -2.937354 -3.129350
1769099815.791762 13.788676 -2.937355 -3.123971
1769099815.851848 13.788625 -2.937356 -3.119542
1769099815.896762 13.788651 -2.937355 -3.112898
1769099815.946776 13.788701 -2.937354 -3.109101
1769099816.001757 13.788727 -2.937353 -3.104988
1769099816.046763 13.788803 -2.937350 -3.098977
1769099816.096815 13.788777 -2.937351 -3.094864
1769099816.156770 13.788727 -2.937353 -3.089802
1769099816.191773 13.788600 -2.937360 -3.083158
1769099816.241771 13.788626 -2.937358 -3.079045
1769099816.301782 13.788626 -2.937358 -3.074616
1769099816.346817 13.788651 -2.937357 -3.069237
1769099816.406758 13.788676 -2.937355 -3.065757
1769099816.446776 13.788600 -2.937361 -3.059113
1769099816.496784 13.788550 -2.937365 -3.054051
1769099816.556775 13.788525 -2.937367 -3.049938
1769099816.596778 13.788525 -2.937367 -3.044876
1769099816.646755 13.788550 -2.937365 -3.041395
1769099816.701776 13.788625 -2.937357 -3.037915
1769099816.746795 13.788651 -2.937354 -3.031904
1769099816.791782 13.788625 -2.937357 -3.027158
1769099816.846772 13.788600 -2.937360 -3.022412
1769099816.896825 13.788550 -2.937366 -3.016085
1769099816.946780 13.788575 -2.937363 -3.011972
1769099817.001785 13.788625 -2.937356 -3.008175
1769099817.041835 13.788676 -2.937350 -3.002480
1769099817.096793 13.788676 -2.937350 -2.998684
1769099817.146847 13.788650 -2.937353 -2.993938
1769099817.191774 13.788550 -2.937368 -2.986977
1769099817.256796 13.788550 -2.937368 -2.982548
1769099817.296794 13.788550 -2.937368 -2.976853
1769099817.346783 13.788575 -2.937364 -2.972740
1769099817.401788 13.788600 -2.937360 -2.969260
1769099817.446784 13.788575 -2.937364 -2.961983
1769099817.496790 13.788526 -2.937373 -2.957554
1769099817.551794 13.788476 -2.937382 -2.952492
1769099817.591795 13.788426 -2.937392 -2.946797
1769099817.656848 13.788476 -2.937382 -2.943000
1769099817.696825 13.788476 -2.937382 -2.937305
1769099817.746880 13.788500 -2.937377 -2.933825
1769099817.801813 13.788500 -2.937377 -2.928763
1769099817.841838 13.788426 -2.937393 -2.921486
1769099817.896807 13.788402 -2.937398 -2.917373
1769099817.951873 13.788352 -2.937410 -2.913576
1769099817.996852 13.788377 -2.937404 -2.908198
1769099818.061807 13.788401 -2.937398 -2.904085
1769099818.096801 13.788377 -2.937404 -2.897441
1769099818.146801 13.788377 -2.937404 -2.893011
1769099818.201805 13.788328 -2.937417 -2.888582
1769099818.246873 13.788279 -2.937429 -2.883520
1769099818.296806 13.788303 -2.937423 -2.880040
1769099818.351814 13.788303 -2.937423 -2.876876
1769099818.391810 13.788328 -2.937416 -2.870865
1769099818.451811 13.788352 -2.937409 -2.866119
1769099818.501809 13.788303 -2.937423 -2.859158
1769099818.541814 13.788279 -2.937430 -2.855045
1769099818.601810 13.788255 -2.937437 -2.850932
1769099818.646812 13.788206 -2.937452 -2.845238
1769099818.696819 13.788206 -2.937452 -2.842074
1769099818.751813 13.788182 -2.937459 -2.837961
1769099818.791828 13.788206 -2.937452 -2.830684
1769099818.856829 13.788230 -2.937444 -2.825938
1769099818.896822 13.788182 -2.937460 -2.819610
1769099818.946823 13.788182 -2.937460 -2.815181
1769099818.991813 13.788158 -2.937468 -2.811701
1769099819.051817 13.788110 -2.937484 -2.808537
1769099819.091814 13.788110 -2.937484 -2.801577
1769099819.146833 13.788110 -2.937484 -2.796514
1769099819.196815 13.788158 -2.937467 -2.791452
1769099819.246825 13.788134 -2.937476 -2.784808
1769099819.296824 13.788063 -2.937502 -2.780695
1769099819.351822 13.788063 -2.937502 -2.776899
1769099819.396826 13.787992 -2.937529 -2.771520
1769099819.446836 13.787969 -2.937539 -2.767407
1769099819.501830 13.788016 -2.937520 -2.761712
1769099819.546829 13.788016 -2.937520 -2.754752
1769099819.596842 13.788016 -2.937520 -2.750322
1769099819.651828 13.787992 -2.937530 -2.746842
1769099819.696864 13.787992 -2.937530 -2.741147
1769099819.746826 13.787969 -2.937540 -2.737667
1769099819.801844 13.787946 -2.937550 -2.733554
1769099819.841861 13.788015 -2.937519 -2.726277
1769099819.896863 13.788039 -2.937509 -2.721532
1769099819.951852 13.788039 -2.937509 -2.717735
1769099819.991882 13.788039 -2.937509 -2.712673
1769099820.041933 13.788039 -2.937509 -2.709509
1769099820.101830 13.788016 -2.937520 -2.706029
1769099820.146842 13.787993 -2.937530 -2.699385
1769099820.201839 13.787993 -2.937530 -2.694323
1769099820.256836 13.788038 -2.937509 -2.689260
1769099820.296833 13.788084 -2.937486 -2.682933
1769099820.346886 13.788084 -2.937486 -2.679136
1769099820.401823 13.788038 -2.937509 -2.675972
1769099820.441839 13.788016 -2.937520 -2.669961
1769099820.496848 13.787971 -2.937543 -2.665532
1769099820.551828 13.787993 -2.937532 -2.660153
1769099820.596843 13.788016 -2.937520 -2.652876
1769099820.651857 13.788038 -2.937508 -2.648763
1769099820.701842 13.788038 -2.937508 -2.644967
1769099820.746871 13.787994 -2.937532 -2.639905
1769099820.796861 13.787971 -2.937545 -2.635792
1769099820.856831 13.787971 -2.937545 -2.630097
1769099820.896850 13.787993 -2.937532 -2.622187
1769099820.946859 13.788037 -2.937507 -2.617758
1769099820.996857 13.788015 -2.937520 -2.613645
1769099821.046857 13.788037 -2.937507 -2.608266
1769099821.096864 13.788016 -2.937520 -2.604786
1769099821.151850 13.788016 -2.937520 -2.599724
1769099821.196859 13.788037 -2.937507 -2.591814
1769099821.246832 13.788037 -2.937507 -2.586752
1769099821.296860 13.788059 -2.937493 -2.582639
1769099821.346854 13.788059 -2.937493 -2.577577
1769099821.396860 13.788059 -2.937493 -2.574413
1769099821.446916 13.788059 -2.937493 -2.570617
1769099821.496863 13.788059 -2.937493 -2.564289
1769099821.546873 13.788059 -2.937493 -2.559860
1769099821.596858 13.788080 -2.937479 -2.555747
1769099821.646873 13.788122 -2.937451 -2.549419
1769099821.706846 13.788101 -2.937466 -2.545939
1769099821.746855 13.788101 -2.937466 -2.540877
1769099821.796901 13.788080 -2.937480 -2.536764
1769099821.846925 13.788080 -2.937480 -2.531701
1769099821.896878 13.788080 -2.937480 -2.524741
1769099821.956873 13.788080 -2.937480 -2.519679
1769099821.991962 13.788142 -2.937436 -2.513668
1769099822.046930 13.788162 -2.937421 -2.510187
1769099822.101892 13.788162 -2.937421 -2.507023
1769099822.146878 13.788162 -2.937421 -2.500696
1769099822.201874 13.788142 -2.937436 -2.495317
1769099822.246929 13.788122 -2.937451 -2.488040
1769099822.296875 13.788142 -2.937436 -2.483295
1769099822.356866 13.788182 -2.937405 -2.479498
1769099822.396880 13.788202 -2.937389 -2.473487
1769099822.446871 13.788242 -2.937358 -2.470323
1769099822.501867 13.788262 -2.937342 -2.465577
1769099822.546935 13.788242 -2.937358 -2.458300
1769099822.601881 13.788222 -2.937374 -2.453555
1769099822.646885 13.788242 -2.937358 -2.446911
1769099822.696890 13.788261 -2.937342 -2.442798
1769099822.756877 13.788261 -2.937342 -2.439634
1769099822.796885 13.788338 -2.937276 -2.433306
1769099822.841883 13.788338 -2.937276 -2.428877
1769099822.901882 13.788281 -2.937326 -2.423498
1769099822.946880 13.788262 -2.937343 -2.416854
1769099822.996879 13.788300 -2.937309 -2.413058
1769099823.051878 13.788300 -2.937309 -2.409894
1769099823.096932 13.788356 -2.937258 -2.404515
1769099823.146901 13.788394 -2.937224 -2.401351
1769099823.206898 13.788394 -2.937224 -2.396922
1769099823.246893 13.788338 -2.937276 -2.389645
1769099823.296894 13.788320 -2.937293 -2.384267
1769099823.351892 13.788356 -2.937258 -2.380470
1769099823.401895 13.788375 -2.937241 -2.375092
1769099823.441868 13.788393 -2.937223 -2.370979
1769099823.506891 13.788466 -2.937153 -2.365916
1769099823.546890 13.788429 -2.937188 -2.355792
1769099823.596901 13.788376 -2.937242 -2.347883
1769099823.656901 13.788376 -2.937242 -2.339657
1769099823.701903 13.788411 -2.937206 -2.327634
1769099823.746959 13.788359 -2.937261 -2.318459
1769099823.796898 13.788393 -2.937224 -2.309600
1769099823.846888 13.788393 -2.937224 -2.301374
1769099823.896928 13.788410 -2.937205 -2.288402
1769099823.946947 13.788393 -2.937224 -2.279227
1769099823.996938 13.788410 -2.937205 -2.270052
1769099824.046903 13.788426 -2.937185 -2.257713
1769099824.096906 13.788378 -2.937244 -2.247905
1769099824.151913 13.788378 -2.937244 -2.239679
1769099824.196910 13.788378 -2.937244 -2.228290
1769099824.256890 13.788378 -2.937244 -2.219431
1769099824.301915 13.788393 -2.937224 -2.207725
1769099824.346910 13.788423 -2.937183 -2.199499
1769099824.406913 13.788438 -2.937163 -2.190956
1769099824.446913 13.788438 -2.937163 -2.177668
1769099824.496917 13.788424 -2.937183 -2.169126
1769099824.556916 13.788424 -2.937183 -2.160267
1769099824.601916 13.788424 -2.937183 -2.146346
1769099824.646904 13.788424 -2.937183 -2.138120
1769099824.696891 13.788424 -2.937183 -2.129262
1769099824.751920 13.788397 -2.937226 -2.120403
1769099824.796919 13.788410 -2.937205 -2.106798
1769099824.846925 13.788423 -2.937183 -2.098889
1769099824.901915 13.788423 -2.937183 -2.090663
1769099824.946983 13.788398 -2.937227 -2.078007
1769099824.996968 13.788386 -2.937249 -2.070098
1769099825.056903 13.788398 -2.937227 -2.062188
1769099825.096933 13.788374 -2.937271 -2.048900
1769099825.146924 13.788362 -2.937294 -2.040990
1769099825.201928 13.788362 -2.937294 -2.032132
1769099825.246934 13.788374 -2.937271 -2.019160
1769099825.296932 13.788374 -2.937271 -2.010934
1769099825.351927 13.788374 -2.937271 -2.002708
1769099825.396923 13.788384 -2.937248 -1.989736
1769099825.441928 13.788384 -2.937248 -1.980245
1769099825.501925 13.788364 -2.937295 -1.972652
1769099825.541924 13.788374 -2.937271 -1.959680
1769099825.596932 13.788355 -2.937318 -1.950821
1769099825.651937 13.788336 -2.937365 -1.941962
1769099825.696970 13.788345 -2.937342 -1.930256
1769099825.746938 13.788354 -2.937318 -1.921714
1769099825.801937 13.788345 -2.937342 -1.913804
1769099825.846937 13.788328 -2.937389 -1.902414
1769099825.896935 13.788337 -2.937366 -1.893872
1769099825.956941 13.788345 -2.937342 -1.885330
1769099825.991999 13.788337 -2.937366 -1.872991
1769099826.056943 13.788337 -2.937366 -1.864765
1769099826.101933 13.788344 -2.937341 -1.851160
1769099826.151951 13.788337 -2.937366 -1.842618
1769099826.206933 13.788337 -2.937366 -1.835025
1769099826.251939 13.788344 -2.937341 -1.821420
1769099826.296937 13.788350 -2.937317 -1.812245
1769099826.356942 13.788350 -2.937317 -1.804019
1769099826.401936 13.788362 -2.937267 -1.790731
1769099826.446950 13.788356 -2.937292 -1.781556
1769099826.506948 13.788351 -2.937317 -1.773646
1769099826.551940 13.788366 -2.937243 -1.761940
1769099826.596946 13.788357 -2.937292 -1.753714
1769099826.651946 13.788361 -2.937267 -1.745805
1769099826.696943 13.788357 -2.937292 -1.734731
1769099826.746951 13.788357 -2.937292 -1.726505
1769099826.801955 13.788353 -2.937317 -1.717330
1769099826.846929 13.788360 -2.937267 -1.704675
1769099826.896930 13.788367 -2.937217 -1.696449
1769099826.951960 13.788367 -2.937217 -1.687590
1769099826.991954 13.788364 -2.937242 -1.674618
1769099827.041950 13.788367 -2.937217 -1.666076
1769099827.101956 13.788369 -2.937192 -1.658166
1769099827.146972 13.788369 -2.937192 -1.644878
1769099827.196939 13.788367 -2.937217 -1.636336
1769099827.251959 13.788367 -2.937217 -1.628743
1769099827.296964 13.788367 -2.937217 -1.617353
1769099827.346963 13.788366 -2.937242 -1.611342
1769099827.401968 13.788366 -2.937242 -1.606279
1769099827.446964 13.788366 -2.937242 -1.599952
1769099827.501944 13.788367 -2.937192 -1.596788
1769099827.551973 13.788367 -2.937192 -1.592359
1769099827.596997 13.788365 -2.937293 -1.586031
1769099827.646958 13.788365 -2.937318 -1.581285
1769099827.701954 13.788365 -2.937344 -1.577172
1769099827.746981 13.788365 -2.937293 -1.571477
1769099827.796999 13.788365 -2.937318 -1.567997
1769099827.851995 13.788365 -2.937445 -1.563884
1769099827.901977 13.788369 -2.937926 -1.556607
1769099827.947060 13.788373 -2.938229 -1.552178
1769099827.996973 13.788379 -2.938558 -1.547432
1769099828.041987 13.788393 -2.939140 -1.540155
1769099828.106979 13.788405 -2.939545 -1.535093
1769099828.151998 13.788422 -2.940026 -1.529082
1769099828.196976 13.788439 -2.940430 -1.524020
1769099828.251973 13.788458 -2.940835 -1.518958
1769099828.301997 13.788486 -2.941366 -1.512314
1769099828.346982 13.788509 -2.941770 -1.507251
1769099828.407029 13.788537 -2.942199 -1.501873
1769099828.446980 13.788580 -2.942831 -1.494596
1769099828.501954 13.788624 -2.943411 -1.488585
1769099828.556969 13.788681 -2.944092 -1.483839
1769099828.601957 13.788777 -2.945202 -1.477511
1769099828.646984 13.788855 -2.946033 -1.472766
1769099828.707031 13.788939 -2.946890 -1.467703
1769099828.746995 13.789067 -2.948123 -1.461059
1769099828.796985 13.789167 -2.949029 -1.455997
1769099828.851979 13.789254 -2.949783 -1.452201
1769099828.896982 13.789415 -2.951141 -1.445240
1769099828.946982 13.789558 -2.952271 -1.440494
1769099829.001989 13.789736 -2.953626 -1.436065
1769099829.046992 13.790069 -2.956084 -1.429737
1769099829.096992 13.790354 -2.958088 -1.424675
1769099829.152030 13.790667 -2.960217 -1.420562
1769099829.196996 13.791258 -2.964121 -1.414235
1769099829.261979 13.791716 -2.967021 -1.410438
1769099829.297000 13.792536 -2.972093 -1.404427
1769099829.346994 13.793110 -2.975513 -1.401579
1769099829.401996 13.793703 -2.978981 -1.399997
1769099829.442019 13.794645 -2.984443 -1.399681
1769099829.497003 13.795356 -2.988559 -1.400630
1769099829.552019 13.796050 -2.992600 -1.399997
1769099829.597034 13.797139 -2.998910 -1.400946
1769099829.657021 13.797849 -3.003051 -1.402212
1769099829.702023 13.798991 -3.009763 -1.402528
1769099829.752008 13.799771 -3.014355 -1.402528
1769099829.802005 13.800530 -3.018821 -1.403478
1769099829.842016 13.801706 -3.025784 -1.404427
1769099829.897021 13.802536 -3.030727 -1.405059
1769099829.957032 13.803375 -3.035744 -1.404743
1769099829.997034 13.804631 -3.043233 -1.405376
1769099830.046999 13.805489 -3.048376 -1.406009
1769099830.102011 13.806315 -3.053345 -1.406325
1769099830.146981 13.807629 -3.061260 -1.406009
1769099830.207063 13.808497 -3.066478 -1.405692
1769099830.247032 13.809861 -3.074667 -1.405059
1769099830.297008 13.810805 -3.080309 -1.403161
1769099830.347069 13.811785 -3.086099 -1.401263
1769099830.401983 13.812793 -3.091986 -1.399997
1769099830.447018 13.814307 -3.100766 -1.398099
1769099830.497011 13.815377 -3.106900 -1.398099
1769099830.547012 13.816447 -3.113034 -1.398099
1769099830.597017 13.818117 -3.122608 -1.401263
1769099830.657012 13.819138 -3.128571 -1.402845
1769099830.702015 13.820783 -3.138278 -1.405059
1769099830.746989 13.821878 -3.144819 -1.405692
1769099830.807023 13.822955 -3.151285 -1.406009
1769099830.847017 13.824558 -3.160923 -1.405376
1769099830.897022 13.825591 -3.167114 -1.403478
1769099830.946999 13.826645 -3.173353 -1.403478
1769099830.997018 13.827686 -3.179518 -1.405059
1769099831.047009 13.829256 -3.188904 -1.408856
1769099831.097023 13.830297 -3.195274 -1.411704
1769099831.152037 13.831295 -3.201497 -1.416449
1769099831.197022 13.832801 -3.211175 -1.422461
1769099831.247026 13.833748 -3.217509 -1.426574
1769099831.307036 13.834708 -3.224121 -1.432268
1769099831.347035 13.836043 -3.233697 -1.439229
1769099831.402037 13.836890 -3.240096 -1.445240
1769099831.452033 13.837711 -3.246600 -1.451884
1769099831.497041 13.838846 -3.256100 -1.459477
1769099831.547033 13.839529 -3.262212 -1.464223
1769099831.602032 13.840202 -3.268504 -1.467387
1769099831.647053 13.841190 -3.278020 -1.471184
1769099831.707041 13.841789 -3.284014 -1.472449
1769099831.752031 13.842716 -3.293410 -1.475929
1769099831.797067 13.843320 -3.299759 -1.478460
1769099831.857059 13.843913 -3.306161 -1.484155
1769099831.897067 13.844743 -3.315717 -1.492065
1769099831.947078 13.845262 -3.322303 -1.498076
1769099832.007063 13.845729 -3.328715 -1.504404
1769099832.047053 13.846378 -3.338463 -1.512630
1769099832.097039 13.846763 -3.345084 -1.515794
1769099832.157041 13.847111 -3.351402 -1.520223
1769099832.202048 13.847597 -3.361007 -1.525285
1769099832.247044 13.847892 -3.367480 -1.528449
1769099832.297051 13.848163 -3.373878 -1.530664
1769099832.352041 13.848415 -3.380150 -1.533828
1769099832.397114 13.848762 -3.389534 -1.536042
1769099832.447051 13.848988 -3.396035 -1.536991
1769099832.502027 13.849201 -3.402334 -1.537308
1769099832.547050 13.849528 -3.412098 -1.535410
1769099832.597057 13.849755 -3.418498 -1.536359
1769099832.652050 13.849987 -3.425252 -1.536042
1769099832.697051 13.850328 -3.435041 -1.538890
1769099832.762066 13.850536 -3.441568 -1.541421
1769099832.802047 13.850810 -3.450903 -1.543003
1769099832.847042 13.850986 -3.457203 -1.543952
1769099832.907048 13.851155 -3.463529 -1.543952
1769099832.952062 13.851411 -3.473042 -1.542054
1769099832.997052 13.851591 -3.479317 -1.539523
1769099833.052049 13.851779 -3.485312 -1.536675
1769099833.102054 13.852107 -3.494925 -1.534777
1769099833.147054 13.852339 -3.501375 -1.534460
1769099833.212057 13.852572 -3.507774 -1.534777
1769099833.252040 13.852917 -3.517361 -1.536991
1769099833.297058 13.853136 -3.523837 -1.538257
1769099833.357062 13.853346 -3.530287 -1.539206
1769099833.402056 13.853654 -3.540027 -1.539523
1769099833.447064 13.853858 -3.546529 -1.539839
1769099833.507053 13.854062 -3.553132 -1.540155
1769099833.552060 13.854351 -3.562568 -1.539839
1769099833.597065 13.854547 -3.568893 -1.540472
1769099833.652070 13.854741 -3.575268 -1.540472
1769099833.697064 13.855025 -3.584654 -1.539523
1769099833.747067 13.855214 -3.590700 -1.539206
1769099833.807062 13.855413 -3.596974 -1.537941
1769099833.847099 13.855718 -3.606258 -1.535726
1769099833.897109 13.855944 -3.612709 -1.535410
1769099833.957086 13.856165 -3.618956 -1.534460
1769099833.997103 13.856518 -3.628669 -1.536359
1769099834.057084 13.856733 -3.634892 -1.538257
1769099834.102075 13.857052 -3.644707 -1.541421
1769099834.147072 13.857240 -3.651108 -1.543635
1769099834.207076 13.857415 -3.657535 -1.544901
1769099834.247060 13.857663 -3.667099 -1.543635
1769099834.302075 13.857825 -3.673070 -1.542370
1769099834.357073 13.858008 -3.679496 -1.540472
1769099834.402073 13.858299 -3.689110 -1.537308
1769099834.447079 13.858515 -3.695561 -1.536359
1769099834.507077 13.858731 -3.701834 -1.535726
1769099834.547087 13.859056 -3.711092 -1.535726
1769099834.597131 13.859284 -3.717593 -1.536675
1769099834.652129 13.859500 -3.723917 -1.536675
1769099834.697092 13.859832 -3.733630 -1.537941
1769099834.747078 13.860047 -3.740182 -1.536991
1769099834.807075 13.860269 -3.746734 -1.537941
1769099834.847062 13.860590 -3.756524 -1.538890
1769099834.902134 13.860797 -3.763000 -1.540155
1769099834.957090 13.860986 -3.769148 -1.541104
1769099834.997090 13.861270 -3.778736 -1.542054
1769099835.047078 13.861443 -3.784758 -1.541421
1769099835.102131 13.861626 -3.790982 -1.540155
1769099835.147120 13.861912 -3.800292 -1.535726
1769099835.207092 13.862133 -3.806590 -1.534777
1769099835.247093 13.862485 -3.816379 -1.535093
1769099835.297066 13.862706 -3.822551 -1.535726
1769099835.357146 13.862933 -3.829026 -1.536359
1769099835.407102 13.863270 -3.838816 -1.538573
1769099835.447137 13.863478 -3.845267 -1.541421
1769099835.507120 13.863674 -3.851921 -1.542370
1769099835.547147 13.863936 -3.861155 -1.543319
1769099835.602143 13.864113 -3.867582 -1.543319
1769099835.652082 13.864283 -3.873755 -1.542686
1769099835.697130 13.864552 -3.883319 -1.540788
1769099835.747198 13.864744 -3.889745 -1.540788
1769099835.802134 13.864921 -3.895640 -1.539206
1769099835.852122 13.865212 -3.904848 -1.537941
1769099835.907130 13.865420 -3.911172 -1.537941
1769099835.952156 13.865735 -3.920735 -1.536675
1769099835.997105 13.865944 -3.926882 -1.536991
1769099836.052112 13.866163 -3.933332 -1.536042
1769099836.102165 13.866494 -3.942868 -1.536359
1769099836.147108 13.866720 -3.949420 -1.537308
1769099836.202088 13.866930 -3.955694 -1.538573
1769099836.252106 13.867242 -3.965383 -1.542054
1769099836.297097 13.867428 -3.971834 -1.543003
1769099836.352114 13.867598 -3.977957 -1.543635
1769099836.397116 13.867853 -3.987344 -1.541421
1769099836.457114 13.868030 -3.993365 -1.539523
1769099836.497087 13.868332 -4.003029 -1.536991
1769099836.552114 13.868538 -4.009100 -1.535726
1769099836.607094 13.868762 -4.015500 -1.534777
1769099836.652127 13.869110 -4.025162 -1.536675
1769099836.697123 13.869330 -4.031587 -1.537941
1769099836.757115 13.869543 -4.038089 -1.538890
1769099836.797117 13.869856 -4.047879 -1.539839
1769099836.847119 13.870046 -4.054026 -1.540788
1769099836.907176 13.870243 -4.060579 -1.540472
1769099836.947119 13.870530 -4.070041 -1.542370
1769099836.997167 13.870715 -4.076543 -1.542686
1769099837.057111 13.870894 -4.082919 -1.543319
1769099837.102122 13.871154 -4.092381 -1.542686
1769099837.147129 13.871333 -4.098732 -1.541737
1769099837.202127 13.871514 -4.104956 -1.540472
1769099837.247124 13.871792 -4.114139 -1.538257
1769099837.297127 13.872002 -4.120590 -1.536042
1769099837.352129 13.872223 -4.126939 -1.535093
1769099837.402101 13.872573 -4.136754 -1.534460
1769099837.447162 13.872811 -4.143279 -1.535093
1769099837.507175 13.873045 -4.149831 -1.537308
1769099837.547198 13.873370 -4.159545 -1.540472
1769099837.607125 13.873557 -4.165692 -1.541421
1769099837.652190 13.873832 -4.175053 -1.543319
1769099837.697160 13.874005 -4.181378 -1.542686
1769099837.757164 13.874177 -4.187476 -1.541104
1769099837.797169 13.874463 -4.197115 -1.538257
1769099837.847179 13.874661 -4.203186 -1.538257
1769099837.907176 13.874868 -4.209561 -1.536359
1769099837.952177 13.875197 -4.219098 -1.536675
1769099837.997148 13.875415 -4.225498 -1.537624
1769099838.052129 13.875627 -4.231872 -1.538257
1769099838.102149 13.875933 -4.241283 -1.536991
1769099838.157131 13.876149 -4.247658 -1.537624
1769099838.202155 13.876464 -4.257144 -1.538573
1769099838.247119 13.876680 -4.263848 -1.539523
1769099838.297122 13.876885 -4.270400 -1.541104
1769099838.352153 13.877076 -4.276851 -1.543319
1769099838.402147 13.877342 -4.286516 -1.543319
1769099838.447154 13.877517 -4.292892 -1.543952
1769099838.502150 13.877685 -4.299142 -1.544268
1769099838.552150 13.877929 -4.308326 -1.540788
1769099838.607126 13.878118 -4.314651 -1.538257
1769099838.652149 13.878421 -4.323961 -1.535726
1769099838.702155 13.878648 -4.330411 -1.534144
1769099838.757133 13.878871 -4.336507 -1.533828
1769099838.802154 13.879229 -4.346169 -1.536991
1769099838.847127 13.879437 -4.352316 -1.537308
1769099838.902155 13.879654 -4.358792 -1.539839
1769099838.947209 13.879954 -4.368506 -1.542370
1769099838.997135 13.880128 -4.374604 -1.542054
1769099839.052165 13.880315 -4.381131 -1.541421
1769099839.097160 13.880593 -4.390593 -1.543319
1769099839.157158 13.880771 -4.397070 -1.545217
1769099839.197203 13.881015 -4.406609 -1.549330
1769099839.247164 13.881143 -4.412556 -1.552811
1769099839.307174 13.881259 -4.418984 -1.556607
1769099839.347167 13.881394 -4.428500 -1.562302
1769099839.402152 13.881445 -4.434523 -1.565466
1769099839.452224 13.881478 -4.440674 -1.568946
1769099839.497251 13.881496 -4.450570 -1.574957
1769099839.562181 13.881469 -4.457024 -1.580336
1769099839.602243 13.881376 -4.466769 -1.588246
1769099839.652242 13.881270 -4.472842 -1.595206
1769099839.707200 13.881109 -4.479446 -1.601217
1769099839.752176 13.880823 -4.488858 -1.607545
1769099839.802237 13.880592 -4.495130 -1.611342
1769099839.857224 13.880336 -4.501453 -1.614505
1769099839.897202 13.879937 -4.510556 -1.619568
1769099839.952209 13.879624 -4.516977 -1.620833
1769099840.002157 13.879323 -4.522994 -1.622731
1769099840.052176 13.878814 -4.532776 -1.628110
1769099840.102157 13.878443 -4.539245 -1.633172
1769099840.152173 13.878042 -4.545661 -1.638234
1769099840.197179 13.877416 -4.554929 -1.645511
1769099840.257174 13.876938 -4.561315 -1.650257
1769099840.297179 13.876193 -4.570675 -1.660065
1769099840.352180 13.875633 -4.576927 -1.663861
1769099840.402184 13.875071 -4.582950 -1.667974
1769099840.447185 13.874121 -4.592699 -1.673986
1769099840.497236 13.873461 -4.599069 -1.677466
1769099840.552242 13.872785 -4.605386 -1.680313
1769099840.602237 13.871747 -4.614821 -1.685692
1769099840.652159 13.871045 -4.620905 -1.687590
1769099840.707181 13.870296 -4.627290 -1.692019
1769099840.747198 13.869136 -4.636813 -1.699296
1769099840.797191 13.868306 -4.643239 -1.703093
1769099840.852184 13.867434 -4.649787 -1.709104
1769099840.903521 13.866063 -4.659639 -1.717646
1769099840.947191 13.865107 -4.666099 -1.722709
1769099841.002201 13.864119 -4.672554 -1.727771
1769099841.047206 13.862620 -4.682029 -1.733782
1769099841.102204 13.861601 -4.688223 -1.738211
1769099841.157188 13.860530 -4.694562 -1.742008
1769099841.202199 13.858930 -4.703815 -1.747387
1769099841.252197 13.857805 -4.710119 -1.750234
1769099841.307232 13.856676 -4.716345 -1.753398
1769099841.347250 13.854938 -4.725753 -1.759093
1769099841.397209 13.853725 -4.732118 -1.762257
1769099841.452202 13.852550 -4.738181 -1.765420
1769099841.497248 13.850690 -4.747618 -1.772381
1769099841.547226 13.849469 -4.753594 -1.777759
1769099841.607303 13.848116 -4.760034 -1.784087
1769099841.647197 13.846059 -4.769534 -1.791680
1769099841.702194 13.844623 -4.775930 -1.797692
1769099841.752238 13.843165 -4.782243 -1.802121
1769099841.797251 13.840960 -4.791605 -1.807183
1769099841.847183 13.839484 -4.797732 -1.809398
1769099841.907306 13.837983 -4.803905 -1.810980
1769099841.952260 13.835725 -4.813124 -1.816991
1769099841.997185 13.834158 -4.819359 -1.821420
1769099842.057229 13.832595 -4.825465 -1.826166
1769099842.097270 13.830172 -4.834746 -1.833443
1769099842.152204 13.828443 -4.841175 -1.838821
1769099842.202185 13.826828 -4.847057 -1.844200
1769099842.252196 13.824108 -4.856756 -1.850528
1769099842.307210 13.822347 -4.862887 -1.855590
1769099842.352222 13.819702 -4.871923 -1.863183
1769099842.402221 13.817841 -4.878103 -1.867929
1769099842.447271 13.815989 -4.884154 -1.871092
1769099842.507222 13.814102 -4.890247 -1.875522
1769099842.547191 13.811285 -4.899204 -1.880268
1769099842.597271 13.809365 -4.905207 -1.883115
1769099842.652279 13.807413 -4.911253 -1.885330
1769099842.697273 13.804453 -4.920351 -1.889759
1769099842.747220 13.802437 -4.926456 -1.893556
1769099842.807289 13.800366 -4.932649 -1.898618
1769099842.847289 13.797220 -4.941898 -1.907477
1769099842.912225 13.795188 -4.947703 -1.912855
1769099842.952246 13.791911 -4.956907 -1.921714
1769099842.997227 13.789666 -4.963039 -1.927409
1769099843.057297 13.787555 -4.968708 -1.931522
1769099843.097285 13.784151 -4.977731 -1.936268
1769099843.147243 13.781862 -4.983712 -1.937849
1769099843.207273 13.779583 -4.989641 -1.940697
1769099843.247292 13.776234 -4.998279 -1.945759
1769099843.297237 13.773907 -5.004190 -1.949239
1769099843.357217 13.771522 -5.010188 -1.953985
1769099843.402300 13.768068 -5.018756 -1.962527
1769099843.447290 13.765614 -5.024698 -1.967589
1769099843.502236 13.763129 -5.030627 -1.972652
1769099843.547267 13.759268 -5.039712 -1.980245
1769099843.597270 13.756648 -5.045749 -1.984674
1769099843.657248 13.753992 -5.051797 -1.990053
1769099843.697222 13.750014 -5.060721 -1.995748
1769099843.747337 13.747416 -5.066463 -2.000493
1769099843.807271 13.744770 -5.072238 -2.004606
1769099843.847347 13.740833 -5.080736 -2.010301
1769099843.897318 13.738098 -5.086554 -2.010934
1769099843.952324 13.735510 -5.092049 -2.014731
1769099843.997313 13.731520 -5.100438 -2.018844
1769099844.057287 13.728834 -5.106027 -2.022957
1769099844.102230 13.724620 -5.114701 -2.029601
1769099844.152293 13.721717 -5.120579 -2.034346
1769099844.202333 13.718820 -5.126375 -2.038776
1769099844.252313 13.715909 -5.132135 -2.041623
1769099844.297249 13.711477 -5.140842 -2.044787
1769099844.347250 13.708577 -5.146494 -2.044471
1769099844.407315 13.705644 -5.152215 -2.044471
1769099844.447225 13.701234 -5.160820 -2.042572
1769099844.497257 13.698324 -5.166524 -2.040990
1769099844.557345 13.695434 -5.172210 -2.040358
1769099844.602355 13.691070 -5.180809 -2.038776
1769099844.662298 13.688364 -5.186163 -2.038459
1769099844.697325 13.684051 -5.194703 -2.039092
1769099844.752252 13.681332 -5.200079 -2.039725
1769099844.807331 13.678450 -5.205768 -2.040358
1769099844.847329 13.674063 -5.214413 -2.041307
1769099844.897310 13.671218 -5.220008 -2.042572
1769099844.957255 13.668181 -5.225960 -2.043838
1769099844.997248 13.663695 -5.234725 -2.044154
1769099845.047332 13.660764 -5.240447 -2.045420
1769099845.102323 13.657861 -5.246098 -2.045103
1769099845.147307 13.653584 -5.254429 -2.044471
1769099845.202338 13.650871 -5.259722 -2.042889
1769099845.247267 13.648051 -5.265245 -2.040674
1769099845.297324 13.643845 -5.273527 -2.038459
1769099845.357351 13.640969 -5.279220 -2.037827
1769099845.402367 13.636605 -5.287876 -2.036877
1769099845.447344 13.633659 -5.293733 -2.035296
1769099845.507255 13.630779 -5.299480 -2.034030
1769099845.552324 13.626459 -5.308130 -2.030866
1769099845.607357 13.623638 -5.313822 -2.028652
1769099845.657253 13.620796 -5.319589 -2.025488
1769099845.697250 13.616661 -5.328048 -2.021058
1769099845.747360 13.613819 -5.333927 -2.015996
1769099845.807333 13.611007 -5.339821 -2.010934
1769099845.847288 13.606898 -5.348545 -2.002392
1769099845.897353 13.604240 -5.354316 -1.998279
1769099845.957256 13.601764 -5.359752 -1.994482
1769099845.997294 13.597893 -5.368335 -1.986889
1769099846.052277 13.595295 -5.374215 -1.982460
1769099846.107267 13.592773 -5.379991 -1.977081
1769099846.152262 13.588922 -5.388942 -1.970437
1769099846.202322 13.586410 -5.394888 -1.966324
1769099846.252265 13.584011 -5.400634 -1.962527
1769099846.297256 13.580214 -5.409827 -1.957782
1769099846.367258 13.577778 -5.415804 -1.956832
1769099846.407256 13.575319 -5.421854 -1.954301
1769099846.447323 13.571692 -5.430843 -1.948923
1769099846.497317 13.569487 -5.436395 -1.945126
1769099846.557247 13.567136 -5.442379 -1.940064
1769099846.602260 13.563701 -5.451254 -1.929940
1769099846.672301 13.561406 -5.457367 -1.923612
1769099846.707248 13.559246 -5.463234 -1.918234
1769099846.752320 13.556023 -5.472135 -1.911273
1769099846.802299 13.553876 -5.478194 -1.906844
1769099846.857242 13.551789 -5.484168 -1.903680
1769099846.897314 13.548630 -5.493306 -1.899251
1769099846.947308 13.546588 -5.499296 -1.894189
1769099847.007326 13.544489 -5.505559 -1.889443
1769099847.047239 13.541444 -5.514789 -1.881850
1769099847.097331 13.539446 -5.521006 -1.879318
1769099847.157249 13.537447 -5.527276 -1.876787
1769099847.202327 13.534512 -5.536568 -1.872042
1769099847.257233 13.532627 -5.542635 -1.868561
1769099847.302328 13.530756 -5.548733 -1.864132
1769099847.352333 13.528077 -5.557601 -1.857804
1769099847.402260 13.526293 -5.563645 -1.850528
1769099847.452254 13.524532 -5.569775 -1.844833
1769099847.497286 13.521977 -5.578864 -1.835658
1769099847.547310 13.520347 -5.584873 -1.831861
1769099847.607296 13.518727 -5.590938 -1.828697
1769099847.652358 13.516280 -5.600213 -1.823951
1769099847.697362 13.514626 -5.606609 -1.821737
1769099847.752345 13.513036 -5.612812 -1.818256
1769099847.827333 13.510574 -5.622554 -1.813511
1769099847.857298 13.509114 -5.628451 -1.809081
1769099847.897334 13.506826 -5.637871 -1.801804
1769099847.952360 13.505343 -5.644178 -1.797375
1769099848.007308 13.503927 -5.650319 -1.794528
1769099848.052289 13.501815 -5.659599 -1.787567
1769099848.122293 13.500444 -5.665828 -1.783138
1769099848.162313 13.499126 -5.671939 -1.778392
1769099848.202309 13.497170 -5.681227 -1.769217
1769099848.247331 13.495898 -5.687555 -1.763838
1769099848.307308 13.494737 -5.693492 -1.759093
1769099848.352385 13.492922 -5.703014 -1.751816
1769099848.402340 13.491802 -5.709139 -1.748019
1769099848.457342 13.490655 -5.715542 -1.744539
1769099848.497337 13.488979 -5.725090 -1.740426
1769099848.547302 13.487872 -5.731551 -1.738211
1769099848.612317 13.486776 -5.738040 -1.735048
1769099848.652308 13.485174 -5.747703 -1.728404
1769099848.697303 13.484153 -5.754128 -1.723658
1769099848.762304 13.483186 -5.760407 -1.718912
1769099848.802329 13.481796 -5.769719 -1.711319
1769099848.847398 13.480913 -5.775959 -1.705940
1769099848.907368 13.480071 -5.782154 -1.701827
1769099848.952300 13.478824 -5.791614 -1.695183
1769099849.002373 13.478011 -5.798119 -1.689805
1769099849.067321 13.477251 -5.804477 -1.685059
1769099849.102350 13.476131 -5.814234 -1.678099
1769099849.152323 13.475440 -5.820651 -1.674618
1769099849.202333 13.474768 -5.827096 -1.672087
1769099849.252319 13.474121 -5.833467 -1.669240
1769099849.297318 13.473171 -5.843088 -1.664810
1769099849.362320 13.472588 -5.849262 -1.661330
1769099849.402332 13.471710 -5.858942 -1.655635
1769099849.452345 13.471165 -5.865347 -1.651206
1769099849.507323 13.470653 -5.871705 -1.646144
1769099849.552358 13.469927 -5.881321 -1.638234
1769099849.602399 13.469507 -5.887533 -1.633172
1769099849.657353 13.469138 -5.893445 -1.628110
1769099849.702374 13.468622 -5.902440 -1.620517
1769099849.762450 13.468304 -5.908836 -1.615138
1769099849.802349 13.467890 -5.918167 -1.608494
1769099849.847358 13.467643 -5.924692 -1.604065
1769099849.907356 13.467427 -5.931193 -1.599952
1769099849.952367 13.467141 -5.941010 -1.595522
1769099850.002369 13.466978 -5.947588 -1.592991
1769099850.047336 13.466836 -5.953990 -1.590144
1769099850.102333 13.466708 -5.960595 -1.587929
1769099850.152328 13.466547 -5.969984 -1.585082
1769099850.202329 13.466456 -5.976387 -1.582867
1769099850.257339 13.466379 -5.982765 -1.580969
1769099850.302345 13.466281 -5.992357 -1.578121
1769099850.352333 13.466234 -5.998811 -1.575907
1769099850.407341 13.466202 -6.005164 -1.574957
1769099850.447332 13.466162 -6.014757 -1.576539
1769099850.502341 13.466125 -6.021186 -1.576539
1769099850.557337 13.466088 -6.027640 -1.578121
1769099850.602345 13.466017 -6.037333 -1.577172
1769099850.652336 13.465976 -6.043712 -1.578438
1769099850.702342 13.465925 -6.050393 -1.578438
1769099850.752321 13.465850 -6.060188 -1.580652
1769099850.802334 13.465785 -6.066769 -1.582551
1769099850.857342 13.465710 -6.073147 -1.585082
1769099850.902314 13.465574 -6.082688 -1.587929
1769099850.952353 13.465465 -6.089065 -1.590460
1769099851.007312 13.465344 -6.095215 -1.593308
1769099851.052430 13.465131 -6.104678 -1.595839
1769099851.102339 13.464974 -6.110928 -1.598053
1769099851.157345 13.464794 -6.117532 -1.600268
1769099851.202339 13.464507 -6.127272 -1.606912
1769099851.252346 13.464276 -6.133672 -1.612291
1769099851.307356 13.464005 -6.140196 -1.618618
1769099851.347322 13.463543 -6.149854 -1.625579
1769099851.407372 13.463189 -6.156298 -1.631590
1769099851.457342 13.462800 -6.162690 -1.636969
1769099851.502362 13.462154 -6.172439 -1.642664
1769099851.552435 13.461694 -6.178826 -1.643613
1769099851.607387 13.461219 -6.185339 -1.643613
1769099851.652387 13.460549 -6.194527 -1.643613
1769099851.702390 13.460089 -6.200838 -1.641714
1769099851.757379 13.459642 -6.207125 -1.640765
1769099851.802404 13.458975 -6.216643 -1.641082
1769099851.852393 13.458530 -6.222955 -1.641082
1769099851.907369 13.458086 -6.229268 -1.641714
1769099851.952389 13.457397 -6.238962 -1.642347
1769099851.997391 13.456932 -6.245451 -1.643296
1769099852.057366 13.456452 -6.252065 -1.644562
1769099852.102362 13.455719 -6.261985 -1.645511
1769099852.152361 13.455237 -6.268421 -1.647093
1769099852.207370 13.454749 -6.274806 -1.647409
1769099852.247355 13.454030 -6.284169 -1.647726
1769099852.302367 13.453556 -6.290326 -1.646460
1769099852.357379 13.453083 -6.296560 -1.645511
1769099852.402366 13.452377 -6.306000 -1.643613
1769099852.447366 13.451907 -6.312437 -1.641398
1769099852.507368 13.451455 -6.318824 -1.639816
1769099852.547364 13.450787 -6.328495 -1.636336
1769099852.602440 13.450359 -6.335012 -1.634438
1769099852.657377 13.449957 -6.341326 -1.631907
1769099852.702370 13.449365 -6.351002 -1.627161
1769099852.752383 13.449010 -6.357295 -1.624313
1769099852.812378 13.448660 -6.363815 -1.620517
1769099852.847375 13.448172 -6.373624 -1.615455
1769099852.902372 13.447883 -6.380097 -1.610392
1769099852.957372 13.447625 -6.386597 -1.606912
1769099852.997375 13.447283 -6.396082 -1.600268
1769099853.047376 13.447093 -6.402508 -1.595839
1769099853.107376 13.446938 -6.408707 -1.590460
1769099853.152378 13.446753 -6.418121 -1.582867
1769099853.202379 13.446676 -6.424499 -1.577172
1769099853.262387 13.446635 -6.430826 -1.572743
1769099853.302382 13.446616 -6.440622 -1.564833
1769099853.347381 13.446655 -6.447126 -1.561353
1769099853.407422 13.446717 -6.453631 -1.557873
1769099853.447414 13.446843 -6.463425 -1.553760
1769099853.502383 13.446954 -6.469904 -1.552494
1769099853.562531 13.447072 -6.476357 -1.549647
1769099853.602418 13.447274 -6.485922 -1.543952
1769099853.652424 13.447445 -6.492298 -1.538890
1769099853.712440 13.447650 -6.498724 -1.533828
1769099853.752388 13.448001 -6.508209 -1.525918
1769099853.802413 13.448288 -6.514606 -1.519907
1769099853.862402 13.448605 -6.520825 -1.515477
1769099853.902420 13.449131 -6.530327 -1.507884
1769099853.952435 13.449537 -6.536768 -1.503138
1769099854.007426 13.449965 -6.543081 -1.499342
1769099854.057417 13.450657 -6.552751 -1.492698
1769099854.102404 13.451157 -6.559135 -1.487952
1769099854.162395 13.451699 -6.565668 -1.483839
1769099854.207467 13.452550 -6.575426 -1.480992
1769099854.252412 13.453135 -6.581930 -1.481624
1769099854.307399 13.453712 -6.588384 -1.482890
1769099854.357400 13.454568 -6.598091 -1.483206
1769099854.402397 13.455128 -6.604470 -1.484788
1769099854.457400 13.455674 -6.610799 -1.483839
1769099854.507425 13.456494 -6.620204 -1.480359
1769099854.552477 13.457072 -6.626582 -1.478777
1769099854.602413 13.457656 -6.632908 -1.477195
1769099854.657486 13.458250 -6.639233 -1.476246
1769099854.702409 13.459167 -6.648909 -1.476879
1769099854.752403 13.459770 -6.655310 -1.478144
1769099854.807406 13.460363 -6.661686 -1.477828
1769099854.847403 13.461265 -6.671363 -1.482257
1769099854.902409 13.461849 -6.677943 -1.483206
1769099854.957432 13.462416 -6.684398 -1.483839
1769099854.997408 13.463262 -6.694106 -1.483523
1769099855.052418 13.463831 -6.700611 -1.483523
1769099855.107409 13.464385 -6.706940 -1.485105
1769099855.152413 13.465200 -6.716422 -1.483839
1769099855.202410 13.465751 -6.722751 -1.482257
1769099855.257417 13.466302 -6.728953 -1.481624
1769099855.302374 13.467154 -6.738482 -1.480359
1769099855.352412 13.467732 -6.744860 -1.478144
1769099855.412424 13.468322 -6.751211 -1.476879
1769099855.447419 13.469196 -6.760484 -1.475613
1769099855.502435 13.469812 -6.766934 -1.476246
1769099855.557473 13.470421 -6.773359 -1.477828
1769099855.602416 13.471323 -6.783037 -1.480992
1769099855.652439 13.471898 -6.789415 -1.482573
1769099855.707423 13.472473 -6.795919 -1.484472
1769099855.752457 13.473313 -6.805628 -1.484155
1769099855.802458 13.473856 -6.811881 -1.483523
1769099855.852458 13.474419 -6.818311 -1.480675
1769099855.902421 13.475273 -6.827764 -1.479093
1769099855.952523 13.475848 -6.834015 -1.478460
1769099856.002460 13.476429 -6.840290 -1.477511
1769099856.047436 13.477323 -6.849841 -1.479093
1769099856.107481 13.477911 -6.856243 -1.479093
1769099856.152491 13.478762 -6.865493 -1.479410
1769099856.202439 13.479360 -6.872021 -1.480359
1769099856.262434 13.479945 -6.878474 -1.479726
1769099856.302458 13.480834 -6.888204 -1.480992
1769099856.352497 13.481420 -6.894707 -1.482257
1769099856.412435 13.481993 -6.901162 -1.484155
1769099856.452435 13.482818 -6.910668 -1.485737
1769099856.502435 13.483358 -6.916998 -1.485421
1769099856.562437 13.483895 -6.923277 -1.485105
1769099856.602505 13.484712 -6.932784 -1.482257
1769099856.657443 13.485274 -6.939113 -1.479410
1769099856.712471 13.485851 -6.945414 -1.477511
1769099856.757443 13.486735 -6.954864 -1.475297
1769099856.802439 13.487346 -6.961238 -1.474980
1769099856.862440 13.487963 -6.967663 -1.476562
1769099856.907452 13.488878 -6.977339 -1.479093
1769099856.952443 13.489469 -6.983766 -1.481308
1769099857.012436 13.490055 -6.990296 -1.482890
1769099857.057436 13.490915 -7.000053 -1.483206
1769099857.107447 13.491471 -7.006382 -1.482890
1769099857.162472 13.492044 -7.012887 -1.481624
1769099857.207451 13.492896 -7.022416 -1.480992
1769099857.252449 13.493463 -7.028718 -1.480992
1769099857.297450 13.494031 -7.035020 -1.479726
1769099857.362461 13.494606 -7.041322 -1.480359
1769099857.402450 13.495464 -7.050775 -1.480675
1769099857.452462 13.496044 -7.057203 -1.479726
1769099857.507451 13.496634 -7.063655 -1.479093
1769099857.552454 13.497512 -7.073208 -1.476879
1769099857.612448 13.498132 -7.079785 -1.477195
1769099857.657449 13.498740 -7.086261 -1.478777
1769099857.702452 13.499637 -7.095990 -1.481308
1769099857.752456 13.500228 -7.102569 -1.484788
1769099857.812459 13.500776 -7.108924 -1.486686
1769099857.852461 13.501584 -7.118508 -1.487319
1769099857.902478 13.502113 -7.124839 -1.485737
1769099857.987485 13.502655 -7.131194 -1.483206
1769099858.002497 13.503488 -7.140675 -1.480042
1769099858.052492 13.504064 -7.147001 -1.477828
1769099858.112455 13.504649 -7.153277 -1.476246
1769099858.147462 13.505550 -7.162776 -1.477828
1769099858.207509 13.506144 -7.169152 -1.478144
1769099858.257469 13.506739 -7.175553 -1.479410
1769099858.302467 13.507633 -7.185308 -1.481624
1769099858.347481 13.508214 -7.191812 -1.480992
1769099858.472524 13.508793 -7.198240 -1.481308
1769099858.487472 13.509664 -7.207946 -1.481624
1769099858.502471 13.510250 -7.214500 -1.482257
1769099858.872479 13.510814 -7.220854 -1.482890
1769099858.887482 13.511661 -7.230460 -1.482573
1769099858.897499 13.512220 -7.236788 -1.482890
1769099858.912485 13.512774 -7.243066 -1.482573
1769099858.922476 13.513612 -7.252546 -1.480675
1769099858.937481 13.514179 -7.258823 -1.478460
1769099858.947478 13.514779 -7.265300 -1.477511
1769099858.957484 13.515687 -7.275002 -1.475929
1769099858.972482 13.516298 -7.281427 -1.475613
1769099859.012483 13.516917 -7.287903 -1.477828
1769099859.137483 13.517826 -7.297656 -1.482573
1769099859.147501 13.518395 -7.304085 -1.484155
1769099859.162513 13.518953 -7.310515 -1.486370
1769099859.222485 13.519771 -7.320174 -1.487319
1769099859.372491 13.520277 -7.326228 -1.485421
1769099859.382484 13.520819 -7.332557 -1.483839
1769099859.392548 13.521621 -7.341761 -1.480359
1769099859.427560 13.522186 -7.347987 -1.479410
1769099859.542486 13.522761 -7.354263 -1.479093
1769099859.552486 13.523630 -7.363715 -1.478144
1769099859.562526 13.524218 -7.370041 -1.477195
1769099859.627510 13.524821 -7.376467 -1.476246
1769099859.652489 13.525703 -7.385764 -1.471500
1769099859.717517 13.526310 -7.391859 -1.467071
1769099859.757508 13.527322 -7.401577 -1.461376
1769099859.817532 13.528029 -7.408018 -1.458845
1769099859.877500 13.528756 -7.414482 -1.456630
1769099859.937492 13.529852 -7.424037 -1.451568
1769099859.952509 13.530607 -7.430345 -1.448720
1769099860.007540 13.531390 -7.436726 -1.444291
1769099860.067600 13.532616 -7.446368 -1.435432
1769099860.127498 13.533453 -7.452512 -1.429421
1769099860.187500 13.534355 -7.458852 -1.423410
1769099860.807594 13.538571 -7.487243 -1.403794
1769099860.817555 13.540178 -7.496777 -1.399365
1769099860.827549 13.541283 -7.503162 -1.396201
1769099860.842543 13.542422 -7.509618 -1.393353
1769099860.852507 13.544164 -7.519334 -1.388291
1769099860.862547 13.545331 -7.525656 -1.383862
1769099860.877571 13.546521 -7.531948 -1.379749
1769099860.887511 13.548343 -7.541366 -1.373738
1769099860.897512 13.549572 -7.547522 -1.368675
1769099860.912524 13.551482 -7.556845 -1.362348
1769099860.922511 13.552802 -7.563085 -1.356653
1769099860.937577 13.554168 -7.569367 -1.350325
1769099860.952514 13.556178 -7.578333 -1.343048
1769099860.997512 13.557623 -7.584571 -1.337037
1769099861.062531 13.559124 -7.590874 -1.332608
1769099861.107588 13.561358 -7.600073 -1.326913
1769099861.152514 13.562904 -7.606287 -1.324698
1769099861.212523 13.564483 -7.612571 -1.321534
1769099861.252518 13.566911 -7.622113 -1.316788
1769099861.302517 13.568584 -7.628556 -1.313308
1769099861.347518 13.570241 -7.634847 -1.309195
1769099861.402521 13.571936 -7.641179 -1.304450
1769099861.447601 13.574474 -7.650482 -1.297805
1769099861.497522 13.576153 -7.656478 -1.294009
1769099861.552533 13.577896 -7.662614 -1.287048
1769099861.597553 13.580511 -7.671580 -1.281037
1769099861.652527 13.582340 -7.677716 -1.275659
1769099861.707567 13.584188 -7.683795 -1.270913
1769099861.752573 13.587074 -7.693129 -1.263320
1769099861.802551 13.589066 -7.699401 -1.259523
1769099861.857596 13.591012 -7.705449 -1.256043
1769099861.902568 13.594029 -7.714714 -1.253195
1769099861.952540 13.596028 -7.720798 -1.249715
1769099862.007564 13.598081 -7.726970 -1.245602
1769099862.047580 13.601203 -7.736228 -1.241173
1769099862.102532 13.603300 -7.742359 -1.236743
1769099862.152616 13.605433 -7.748504 -1.231998
1769099862.202533 13.608655 -7.757647 -1.224088
1769099862.247535 13.610831 -7.763670 -1.218710
1769099862.307543 13.612987 -7.769538 -1.214597
1769099862.352539 13.616296 -7.778433 -1.207320
1769099862.397532 13.618492 -7.784206 -1.201625
1769099862.457602 13.620803 -7.790178 -1.196246
1769099862.502544 13.624275 -7.799011 -1.189602
1769099862.547613 13.626723 -7.805120 -1.183275
1769099862.612540 13.629172 -7.811119 -1.180111
1769099862.652540 13.632931 -7.820246 -1.175049
1769099862.702542 13.635439 -7.826248 -1.172201
1769099862.757545 13.637954 -7.832220 -1.170303
1769099862.802544 13.641723 -7.841124 -1.166506
1769099862.852545 13.644202 -7.846918 -1.161761
1769099862.912548 13.646779 -7.852863 -1.156066
1769099862.952561 13.650655 -7.861665 -1.147840
1769099863.002553 13.653283 -7.867505 -1.142461
1769099863.062547 13.655922 -7.873284 -1.137083
1769099863.102549 13.659932 -7.881942 -1.129806
1769099863.147567 13.662622 -7.887642 -1.126326
1769099863.207567 13.665365 -7.893400 -1.123162
1769099863.252553 13.669528 -7.902071 -1.118100
1769099863.302564 13.672351 -7.907875 -1.112721
1769099863.362589 13.675216 -7.913687 -1.107659
1769099863.407557 13.679638 -7.922540 -1.101648
1769099863.452555 13.682601 -7.928388 -1.098800
1769099863.512652 13.685559 -7.934181 -1.096585
1769099863.552631 13.689997 -7.942828 -1.092156
1769099863.602563 13.692970 -7.948557 -1.088676
1769099863.652555 13.695857 -7.954074 -1.084879
1769099863.707628 13.698847 -7.959736 -1.079501
1769099863.747656 13.703182 -7.967837 -1.070958
1769099863.812596 13.706202 -7.973368 -1.063682
1769099863.852571 13.710837 -7.981710 -1.053874
1769099863.902561 13.713914 -7.987123 -1.049444
1769099863.957600 13.716977 -7.992456 -1.045964
1769099863.997611 13.721872 -8.000911 -1.041535
1769099864.052593 13.725067 -8.006373 -1.038371
1769099864.107591 13.728408 -8.012043 -1.035840
1769099864.147567 13.733363 -8.020404 -1.029512
1769099864.202577 13.736701 -8.025957 -1.025083
1769099864.252583 13.739907 -8.031236 -1.021286
1769099864.307603 13.744732 -8.039115 -1.014642
1769099864.357571 13.748126 -8.044575 -1.011478
1769099864.402592 13.753014 -8.052384 -1.006416
1769099864.447567 13.756372 -8.057687 -1.002620
1769099864.507637 13.759559 -8.062680 -0.998190
1769099864.547575 13.764770 -8.070763 -0.990597
1769099864.602650 13.768294 -8.076140 -0.984269
1769099864.657579 13.771684 -8.081242 -0.979207
1769099864.697649 13.777034 -8.089204 -0.970032
1769099864.747593 13.780668 -8.094507 -0.966868
1769099864.802597 13.784348 -8.099841 -0.964337
1769099864.847613 13.789859 -8.107785 -0.960541
1769099864.902577 13.793586 -8.113116 -0.958959
1769099864.952600 13.797410 -8.118565 -0.956111
1769099864.997604 13.803175 -8.126733 -0.950733
1769099865.052662 13.806823 -8.131841 -0.947569
1769099865.107651 13.810649 -8.137164 -0.943456
1769099865.152582 13.816117 -8.144705 -0.939026
1769099865.202605 13.819854 -8.149812 -0.938394
1769099865.262603 13.823549 -8.154854 -0.936812
1769099865.302613 13.829141 -8.162461 -0.935230
1769099865.357602 13.833003 -8.167695 -0.934281
1769099865.407650 13.836779 -8.172804 -0.935230
1769099865.452670 13.842609 -8.180707 -0.935863
1769099865.502615 13.846467 -8.185944 -0.934281
1769099865.557629 13.850363 -8.191216 -0.935230
1769099865.602608 13.856073 -8.198956 -0.935863
1769099865.652612 13.859901 -8.204152 -0.938077
1769099865.712611 13.863748 -8.209398 -0.939026
1769099865.752594 13.869398 -8.217119 -0.941558
1769099865.802631 13.873197 -8.222337 -0.941874
1769099865.857630 13.877023 -8.227597 -0.940292
1769099865.902625 13.882649 -8.235304 -0.938710
1769099865.952613 13.886447 -8.240491 -0.936179
1769099866.007611 13.890139 -8.245505 -0.934913
1769099866.057610 13.895851 -8.253244 -0.934281
1769099866.102630 13.899597 -8.258312 -0.933964
1769099866.157634 13.903450 -8.263521 -0.935863
1769099866.207608 13.909230 -8.271367 -0.936812
1769099866.252634 13.913098 -8.276628 -0.938710
1769099866.312631 13.917061 -8.282039 -0.938394
1769099866.357605 13.922821 -8.289899 -0.940608
1769099866.402630 13.926669 -8.295175 -0.940608
1769099866.462626 13.930383 -8.300267 -0.940292
1769099866.507637 13.935949 -8.307893 -0.940608
1769099866.552632 13.939722 -8.313066 -0.939659
1769099866.612681 13.943411 -8.318114 -0.939343
1769099866.657629 13.948895 -8.325612 -0.936495
1769099866.707674 13.952645 -8.330708 -0.935230
1769099866.757610 13.956521 -8.335963 -0.934597
1769099866.807632 13.962236 -8.343700 -0.933964
1769099866.847686 13.965983 -8.348767 -0.933648
1769099866.912689 13.969793 -8.353914 -0.933964
1769099866.957644 13.975557 -8.361708 -0.936179
1769099866.997640 13.979474 -8.367028 -0.937128
1769099867.062636 13.983251 -8.372168 -0.939659
1769099867.102638 13.988836 -8.379810 -0.940925
1769099867.152647 13.992593 -8.384965 -0.940925
1769099867.207644 13.996410 -8.390201 -0.940925
1769099867.252617 14.002046 -8.397932 -0.940925
1769099867.302685 14.005654 -8.402882 -0.942190
1769099867.362636 14.009404 -8.408041 -0.944089
1769099867.402641 14.014926 -8.415667 -0.949151
1769099867.462635 14.018479 -8.420626 -0.953264
1769099867.507632 14.023872 -8.428220 -0.960224
1769099867.557640 14.027558 -8.433488 -0.964654
1769099867.612635 14.031163 -8.438688 -0.969716
1769099867.652651 14.036674 -8.446725 -0.976992
1769099867.702696 14.040172 -8.451906 -0.981738
1769099867.757650 14.043729 -8.457230 -0.987117
1769099867.802651 14.048834 -8.464960 -0.994710
1769099867.857678 14.052323 -8.470331 -0.999456
1769099867.902679 14.057277 -8.478038 -1.005151
1769099867.952683 14.060655 -8.483359 -1.008631
1769099868.007696 14.064015 -8.488691 -1.010213
1769099868.047758 14.068900 -8.496473 -1.014326
1769099868.102655 14.072295 -8.501931 -1.017490
1769099868.157640 14.075421 -8.506992 -1.019704
1769099868.202669 14.080484 -8.515229 -1.026665
1769099868.262677 14.083655 -8.520470 -1.031727
1769099868.307657 14.088657 -8.528833 -1.040902
1769099868.352660 14.091983 -8.534511 -1.045964
1769099868.412639 14.095179 -8.540031 -1.052925
1769099868.452662 14.100015 -8.548519 -1.059252
1769099868.502708 14.103212 -8.554214 -1.062416
1769099868.562655 14.106267 -8.559697 -1.064947
1769099868.607659 14.110891 -8.568044 -1.069693
1769099868.652677 14.113907 -8.573549 -1.073489
1769099868.702672 14.116937 -8.579133 -1.077602
1769099868.757657 14.119909 -8.584662 -1.082032
1769099868.802662 14.124449 -8.593198 -1.088992
1769099868.847671 14.127428 -8.598895 -1.094054
1769099868.907653 14.130459 -8.604765 -1.098167
1769099868.952665 14.134895 -8.613441 -1.104179
1769099869.002676 14.137867 -8.619341 -1.109557
1769099869.057659 14.140785 -8.625212 -1.114303
1769099869.102681 14.145080 -8.633958 -1.122845
1769099869.152673 14.147854 -8.639730 -1.128224
1769099869.207673 14.150575 -8.645471 -1.131704
1769099869.252677 14.154599 -8.654039 -1.138032
1769099869.307728 14.157199 -8.659669 -1.140246
1769099869.357677 14.159830 -8.665396 -1.142461
1769099869.407675 14.163804 -8.674099 -1.145625
1769099869.447661 14.166487 -8.680025 -1.148472
1769099869.512739 14.169132 -8.685912 -1.153218
1769099869.552741 14.173064 -8.694773 -1.161128
1769099869.602687 14.175675 -8.700786 -1.167139
1769099869.662710 14.178230 -8.706768 -1.172518
1769099869.702753 14.181989 -8.715703 -1.181693
1769099869.752678 14.184428 -8.721652 -1.186755
1769099869.812767 14.186828 -8.727589 -1.190235
1769099869.852686 14.190428 -8.736589 -1.195614
1769099869.902734 14.192831 -8.742689 -1.197195
1769099869.962699 14.195112 -8.748509 -1.201308
1769099870.002717 14.198558 -8.757407 -1.206054
1769099870.057701 14.200788 -8.763248 -1.210167
1769099870.112700 14.203048 -8.769239 -1.214280
1769099870.152681 14.206378 -8.778182 -1.222190
1769099870.202693 14.208557 -8.784176 -1.227252
1769099870.257666 14.210765 -8.790349 -1.232630
1769099870.302694 14.213939 -8.799374 -1.239591
1769099870.352698 14.216096 -8.805645 -1.245286
1769099870.412698 14.218232 -8.811976 -1.250348
1769099870.447711 14.221254 -8.821081 -1.256359
1769099870.502698 14.223211 -8.827098 -1.260156
1769099870.562690 14.225153 -8.833147 -1.264269
1769099870.602708 14.227948 -8.841979 -1.268698
1769099870.652705 14.229831 -8.848020 -1.271862
1769099870.712692 14.231680 -8.854019 -1.274393
1769099870.752701 14.234511 -8.863290 -1.279772
1769099870.807697 14.236377 -8.869521 -1.284517
1769099870.857702 14.238207 -8.875737 -1.288947
1769099870.902706 14.240960 -8.885243 -1.295591
1769099870.952692 14.242679 -8.891333 -1.301286
1769099871.007696 14.244411 -8.897603 -1.306664
1769099871.052715 14.246949 -8.906985 -1.315523
1769099871.102706 14.248572 -8.913206 -1.319952
1769099871.162757 14.250168 -8.919433 -1.325014
1769099871.207700 14.252520 -8.928811 -1.329444
1769099871.257693 14.254039 -8.934980 -1.331658
1769099871.312704 14.255568 -8.941251 -1.335139
1769099871.357707 14.257784 -8.950480 -1.338619
1769099871.402713 14.259228 -8.956589 -1.342416
1769099871.462695 14.260672 -8.962801 -1.347478
1769099871.512695 14.262797 -8.972156 -1.355387
1769099871.552716 14.264203 -8.978584 -1.361715
1769099871.612789 14.265448 -8.984452 -1.367093
1769099871.652755 14.267450 -8.994144 -1.375636
1769099871.707734 14.268731 -9.000625 -1.380382
1769099871.762714 14.269953 -9.006963 -1.384495
1769099871.807737 14.271734 -9.016414 -1.388924
1769099871.852746 14.272870 -9.022588 -1.392088
1769099871.907742 14.273986 -9.028765 -1.395252
1769099871.957757 14.275572 -9.037712 -1.399997
1769099872.002718 14.276635 -9.043872 -1.404743
1769099872.057732 14.277639 -9.049863 -1.408540
1769099872.102769 14.279148 -9.059080 -1.413918
1769099872.162760 14.280152 -9.065430 -1.417082
1769099872.207726 14.281648 -9.075085 -1.423410
1769099872.252785 14.282589 -9.081419 -1.428155
1769099872.312727 14.283524 -9.087933 -1.433850
1769099872.357727 14.284844 -9.097511 -1.442076
1769099872.402728 14.285673 -9.103912 -1.447455
1769099872.462730 14.286470 -9.110343 -1.449986
1769099872.507726 14.287623 -9.119840 -1.451884
1769099872.552739 14.288385 -9.126224 -1.449986
1769099872.612775 14.289145 -9.132480 -1.448404
1769099872.657727 14.290313 -9.141976 -1.445240
1769099872.707733 14.291105 -9.148254 -1.443975
1769099872.752737 14.291919 -9.154631 -1.443975
1769099872.807800 14.292729 -9.160983 -1.444924
1769099872.852741 14.293949 -9.170626 -1.447455
1769099872.907748 14.294765 -9.177207 -1.449353
1769099872.957724 14.295537 -9.183538 -1.450619
1769099873.002755 14.296715 -9.193288 -1.451884
1769099873.057725 14.297489 -9.199772 -1.451884
1769099873.107731 14.298258 -9.206206 -1.452517
1769099873.152745 14.299393 -9.215757 -1.451884
1769099873.202741 14.300141 -9.222014 -1.451568
1769099873.257750 14.300905 -9.228398 -1.450935
1769099873.307737 14.302025 -9.237695 -1.448404
1769099873.357735 14.302798 -9.243976 -1.448404
1769099873.407795 14.303576 -9.250306 -1.447139
1769099873.452750 14.304766 -9.259876 -1.445557
1769099873.502748 14.305581 -9.266355 -1.445557
1769099873.562738 14.306378 -9.272683 -1.443658
1769099873.602742 14.307614 -9.282349 -1.445873
1769099873.652777 14.308415 -9.288728 -1.447771
1769099873.712747 14.309216 -9.295209 -1.449670
1769099873.757849 14.310400 -9.304933 -1.452517
1769099873.802788 14.311152 -9.311266 -1.453150
1769099873.857833 14.311919 -9.317751 -1.452517
1769099873.907851 14.313048 -9.327252 -1.449353
1769099873.957755 14.313821 -9.333583 -1.446822
1769099874.012778 14.314597 -9.339812 -1.446189
1769099874.052755 14.315780 -9.349255 -1.446189
1769099874.102802 14.316531 -9.355257 -1.445873
1769099874.162809 14.317323 -9.361561 -1.446189
1769099874.202754 14.318534 -9.371230 -1.446506
1769099874.257760 14.319287 -9.377258 -1.447771
1769099874.307808 14.320101 -9.383839 -1.448404
1769099874.357755 14.321288 -9.393486 -1.449670
1769099874.412760 14.322028 -9.399566 -1.449670
1769099874.452765 14.323208 -9.409264 -1.452201
1769099874.507770 14.323915 -9.415196 -1.453466
1769099874.562746 14.324670 -9.421605 -1.453783
1769099874.602777 14.325773 -9.430982 -1.452833
1769099874.652769 14.326526 -9.437341 -1.451884
1769099874.712765 14.327277 -9.443624 -1.448720
1769099874.752774 14.328439 -9.453095 -1.445873
1769099874.802767 14.329199 -9.459147 -1.444924
1769099874.857786 14.329987 -9.465375 -1.443658
1769099874.907786 14.331206 -9.474915 -1.444924
1769099874.952774 14.332020 -9.481343 -1.446189
1769099875.007779 14.332832 -9.487823 -1.448088
1769099875.052787 14.334024 -9.497494 -1.450935
1769099875.102772 14.334805 -9.503978 -1.452201
1769099875.162755 14.335587 -9.510537 -1.452517
1769099875.202772 14.336719 -9.520063 -1.450302
1769099875.252772 14.337491 -9.526445 -1.449037
1769099875.307784 14.338266 -9.532776 -1.449037
1769099875.352844 14.339404 -9.542072 -1.447771
1769099875.402787 14.340189 -9.548427 -1.448088
1769099875.462773 14.340955 -9.554632 -1.447771
1769099875.502848 14.342141 -9.564227 -1.446506
1769099875.552791 14.342882 -9.570155 -1.447139
1769099875.607841 14.343700 -9.576735 -1.445873
1769099875.657785 14.344901 -9.586304 -1.446189
1769099875.702789 14.345706 -9.592733 -1.446822
1769099875.757793 14.346505 -9.599138 -1.449037
1769099875.802796 14.347651 -9.608509 -1.451884
1769099875.867812 14.348417 -9.614917 -1.454099
1769099875.902816 14.349531 -9.624420 -1.455364
1769099875.957776 14.350222 -9.630378 -1.453783
1769099876.012780 14.350969 -9.636738 -1.452833
1769099876.057800 14.352092 -9.646214 -1.448720
1769099876.107804 14.352881 -9.652645 -1.446822
1769099876.162791 14.353645 -9.658774 -1.444291
1769099876.202799 14.354839 -9.668164 -1.444924
1769099876.252797 14.355650 -9.674567 -1.445873
1769099876.312804 14.356454 -9.680971 -1.446822
1769099876.357777 14.357668 -9.690717 -1.449986
1769099876.402803 14.358443 -9.697099 -1.449986
1769099876.462853 14.359242 -9.703682 -1.450619
1769099876.507797 14.360404 -9.713306 -1.450302
1769099876.557856 14.361189 -9.719789 -1.449670
1769099876.612843 14.361963 -9.726145 -1.450619
1769099876.662799 14.363110 -9.735644 -1.451251
1769099876.707796 14.363880 -9.742052 -1.450935
1769099876.767802 14.364621 -9.748208 -1.450619
1769099876.807813 14.365765 -9.757682 -1.449037
1769099876.852780 14.366534 -9.763963 -1.447771
1769099876.902846 14.367338 -9.770469 -1.444924
1769099876.962802 14.368136 -9.776771 -1.445240
1769099877.002793 14.369356 -9.786439 -1.444924
1769099877.052803 14.370176 -9.792918 -1.446822
1769099877.107789 14.370968 -9.799272 -1.449037
1769099877.152852 14.372170 -9.809095 -1.452517
1769099877.202796 14.372929 -9.815479 -1.454415
1769099877.262864 14.373684 -9.821940 -1.455364
1769099877.307810 14.374800 -9.831570 -1.454415
1769099877.362811 14.375532 -9.837829 -1.451568
1769099877.402808 14.376634 -9.847027 -1.447771
1769099877.452798 14.377395 -9.853182 -1.446822
1769099877.517798 14.378181 -9.859486 -1.447139
1769099877.557812 14.379348 -9.868880 -1.449037
1769099877.602789 14.380123 -9.875211 -1.451568
1769099877.657845 14.380888 -9.881594 -1.455364
1769099877.707835 14.381634 -9.888030 -1.459161
1769099877.752858 14.382728 -9.897790 -1.465489
1769099877.802949 14.383409 -9.904234 -1.469285
1769099877.852862 14.384071 -9.910730 -1.474347
1769099877.907849 14.384980 -9.920127 -1.482890
1769099877.967836 14.385553 -9.926632 -1.487319
1769099878.002821 14.386349 -9.936141 -1.495862
1769099878.052844 14.386796 -9.942097 -1.499025
1769099878.112884 14.387243 -9.948308 -1.502189
1769099878.152864 14.387895 -9.957802 -1.506619
1769099878.202823 14.388296 -9.964041 -1.508201
1769099878.262871 14.388700 -9.970483 -1.511681
1769099878.302811 14.389274 -9.980185 -1.517376
1769099878.352834 14.389613 -9.986529 -1.522754
1769099878.407867 14.389928 -9.993077 -1.528133
1769099878.452845 14.390341 -10.002762 -1.537941
1769099878.507843 14.390546 -10.008985 -1.543635
1769099878.557832 14.390719 -10.015361 -1.549963
1769099878.602846 14.390920 -10.025002 -1.555974
1769099878.657841 14.391014 -10.031329 -1.558506
1769099878.707831 14.391092 -10.037682 -1.561986
1769099878.757837 14.391173 -10.046920 -1.565466
1769099878.807822 14.391207 -10.053273 -1.568313
1769099878.852819 14.391230 -10.062385 -1.574008
1769099878.907836 14.391211 -10.068383 -1.578121
1769099878.957833 14.391163 -10.074812 -1.581918
1769099879.002843 14.391061 -10.083999 -1.587929
1769099879.062823 14.390950 -10.090478 -1.592359
1769099879.107840 14.390747 -10.099891 -1.599952
1769099879.157843 14.390557 -10.106419 -1.605014
1769099879.207910 14.390341 -10.112717 -1.609760
1769099879.252846 14.389966 -10.122353 -1.617669
1769099879.312891 14.389676 -10.128522 -1.622731
1769099879.352823 14.389206 -10.137571 -1.628426
1769099879.402838 14.388844 -10.143838 -1.630957
1769099879.457833 14.388475 -10.149977 -1.634438
1769099879.507855 14.387885 -10.159222 -1.638867
1769099879.557848 14.387450 -10.165611 -1.642347
1769099879.607903 14.387010 -10.171746 -1.645827
1769099879.657876 14.386287 -10.181362 -1.651206
1769099879.717824 14.385783 -10.187619 -1.656901
1769099879.757870 14.384947 -10.197302 -1.666392
1769099879.802886 14.384321 -10.203828 -1.672404
1769099879.867931 14.383672 -10.210198 -1.677149
1769099879.907883 14.382646 -10.219812 -1.684743
1769099879.957885 14.381906 -10.226275 -1.688856
1769099880.002837 14.381158 -10.232584 -1.692969
1769099880.057871 14.380371 -10.238990 -1.695816
1769099880.102856 14.379194 -10.248357 -1.699296
1769099880.157856 14.378377 -10.254683 -1.701827
1769099880.207852 14.377563 -10.260856 -1.705624
1769099880.252838 14.376291 -10.270236 -1.711319
1769099880.307857 14.375394 -10.276577 -1.715432
1769099880.357846 14.374463 -10.282963 -1.720178
1769099880.402850 14.372994 -10.292725 -1.728404
1769099880.452843 14.371957 -10.299249 -1.734415
1769099880.512866 14.370890 -10.305717 -1.739793
1769099880.557866 14.369242 -10.315372 -1.745805
1769099880.602878 14.368114 -10.321753 -1.750234
1769099880.662865 14.366989 -10.327954 -1.753081
1769099880.707856 14.365273 -10.337263 -1.756878
1769099880.757868 14.364121 -10.343382 -1.758144
1769099880.807887 14.362919 -10.349724 -1.758460
1769099880.852871 14.361162 -10.358974 -1.759093
1769099880.902885 14.359950 -10.365339 -1.758460
1769099880.962872 14.358727 -10.371779 -1.758144
1769099881.002890 14.356902 -10.381403 -1.757827
1769099881.057881 14.355660 -10.387969 -1.758460
1769099881.112875 14.354503 -10.394061 -1.760042
1769099881.157863 14.352655 -10.403706 -1.762573
1769099881.207880 14.351425 -10.410042 -1.764788
1769099881.262933 14.350171 -10.416425 -1.765737
1769099881.302877 14.348269 -10.426059 -1.764471
1769099881.357887 14.347066 -10.432194 -1.764155
1769099881.412944 14.345811 -10.438603 -1.762257
1769099881.452895 14.344038 -10.447747 -1.759093
1769099881.507886 14.342873 -10.453863 -1.757827
1769099881.562883 14.341710 -10.460006 -1.757511
1769099881.607891 14.339944 -10.469357 -1.757511
1769099881.657954 14.338708 -10.475898 -1.758460
1769099881.712925 14.337528 -10.482115 -1.759725
1769099881.757931 14.335669 -10.491835 -1.760042
1769099881.812917 14.334493 -10.497975 -1.759725
1769099881.857894 14.333266 -10.504389 -1.760991
1769099881.907886 14.331463 -10.513759 -1.761307
1769099881.952893 14.330288 -10.519848 -1.760991
1769099882.007900 14.329140 -10.525813 -1.761624
1769099882.057907 14.327349 -10.535083 -1.761940
1769099882.117895 14.326142 -10.541320 -1.760358
1769099882.152888 14.324421 -10.550294 -1.760042
1769099882.202878 14.323287 -10.556210 -1.758776
1769099882.257885 14.322095 -10.562476 -1.757511
1769099882.307858 14.320287 -10.572051 -1.756562
1769099882.367898 14.319141 -10.578146 -1.756245
1769099882.407908 14.317456 -10.587126 -1.757827
1769099882.452955 14.316256 -10.593468 -1.759409
1769099882.517965 14.315032 -10.599882 -1.761307
1769099882.557901 14.313182 -10.609475 -1.764471
1769099882.607902 14.311871 -10.616157 -1.765420
1769099882.662907 14.310667 -10.622266 -1.764788
1769099882.707891 14.308862 -10.631455 -1.763522
1769099882.757881 14.307655 -10.637640 -1.761307
1769099882.812889 14.306524 -10.643506 -1.760042
1769099882.852978 14.304771 -10.652654 -1.758144
1769099882.902889 14.303621 -10.658722 -1.758144
1769099882.957913 14.302499 -10.664640 -1.758144
1769099883.002885 14.300717 -10.674040 -1.758776
1769099883.062908 14.299521 -10.680331 -1.758460
1769099883.107910 14.297726 -10.689780 -1.758460
1769099883.157902 14.296508 -10.696196 -1.758460
1769099883.217913 14.295346 -10.702313 -1.758460
1769099883.252892 14.293552 -10.711762 -1.760358
1769099883.307893 14.292379 -10.717877 -1.761624
1769099883.357894 14.291179 -10.724090 -1.762257
1769099883.407916 14.289425 -10.733134 -1.763522
1769099883.462921 14.288213 -10.739345 -1.762889
1769099883.507906 14.286387 -10.748736 -1.760991
1769099883.557947 14.285143 -10.755198 -1.759725
1769099883.612959 14.283964 -10.761364 -1.757827
1769099883.657949 14.282199 -10.770690 -1.756878
1769099883.707943 14.281024 -10.776933 -1.757194
1769099883.752995 14.279823 -10.783300 -1.757827
1769099883.812943 14.278627 -10.789617 -1.759093
1769099883.852954 14.276789 -10.799264 -1.761624
1769099883.907898 14.275527 -10.805800 -1.763838
1769099883.957922 14.274279 -10.812184 -1.764155
1769099884.002980 14.272377 -10.821896 -1.764471
1769099884.057920 14.271144 -10.828180 -1.762889
1769099884.112928 14.269922 -10.834466 -1.761940
1769099884.157990 14.268138 -10.843685 -1.760991
1769099884.212918 14.266975 -10.849725 -1.761307
1769099884.262935 14.265782 -10.855913 -1.760358
1769099884.307919 14.263984 -10.865284 -1.759409
1769099884.357908 14.262759 -10.871698 -1.758776
1769099884.407934 14.261563 -10.877989 -1.757827
1769099884.452929 14.259803 -10.887290 -1.757194
1769099884.507921 14.258606 -10.893633 -1.757511
1769099884.557943 14.257413 -10.899950 -1.758144
1769099884.607934 14.255589 -10.909574 -1.760358
1769099884.657939 14.254377 -10.915888 -1.762257
1769099884.707981 14.253120 -10.922373 -1.763206
1769099884.752947 14.251281 -10.931814 -1.763838
1769099884.807945 14.250038 -10.938173 -1.762573
1769099884.857940 14.248822 -10.944434 -1.761940
1769099884.907942 14.247014 -10.953778 -1.758776
1769099884.957943 14.245822 -10.960044 -1.757511
1769099885.007997 14.244690 -10.966037 -1.757827
1769099885.052943 14.242911 -10.975438 -1.757827
1769099885.107945 14.241711 -10.981780 -1.758776
1769099885.163033 14.240500 -10.988145 -1.759409
1769099885.207946 14.238611 -10.998040 -1.759409
1769099885.252991 14.237420 -11.004280 -1.760991
1769099885.312945 14.236133 -11.010966 -1.762573
1769099885.352938 14.234304 -11.020383 -1.762889
1769099885.407953 14.233067 -11.026743 -1.762889
1769099885.457958 14.231864 -11.032930 -1.763206
1769099885.507936 14.230112 -11.041923 -1.763206
1769099885.567951 14.228955 -11.047861 -1.762257
1769099885.608045 14.227168 -11.057080 -1.761307
1769099885.653032 14.226028 -11.062994 -1.759409
1769099885.712991 14.224832 -11.069260 -1.758144
1769099885.757950 14.223045 -11.078685 -1.756562
1769099885.802947 14.221867 -11.084953 -1.756562
1769099885.862970 14.220689 -11.091222 -1.756562
1769099885.907971 14.218884 -11.100823 -1.757827
1769099885.957991 14.217689 -11.107140 -1.759725
1769099886.012951 14.216453 -11.113604 -1.761624
1769099886.057969 14.214590 -11.123246 -1.762889
1769099886.107959 14.213344 -11.129656 -1.762889
1769099886.167971 14.212102 -11.136041 -1.762573
1769099886.207960 14.210278 -11.145434 -1.760675
1769099886.257962 14.209089 -11.151623 -1.759093
1769099886.317971 14.207942 -11.157640 -1.759093
1769099886.357965 14.206161 -11.166988 -1.758460
1769099886.407992 14.204985 -11.173180 -1.758144
1769099886.452966 14.203778 -11.179546 -1.758776
1769099886.512947 14.202558 -11.185961 -1.758144
1769099886.557968 14.200729 -11.195610 -1.758144
1769099886.602981 14.199465 -11.202274 -1.758776
1769099886.657969 14.198288 -11.208466 -1.759093
1769099886.707963 14.196473 -11.217988 -1.761940
1769099886.757973 14.195237 -11.224375 -1.763522
1769099886.812976 14.194001 -11.230709 -1.764471
1769099886.857993 14.192126 -11.240272 -1.764155
1769099886.907959 14.190924 -11.246407 -1.764471
1769099886.962965 14.189663 -11.252840 -1.762257
1769099887.002955 14.187885 -11.262009 -1.760042
1769099887.057963 14.186700 -11.268199 -1.758460
1769099887.112989 14.185529 -11.274366 -1.757194
1769099887.157982 14.183774 -11.283668 -1.756562
1769099887.208035 14.182559 -11.290136 -1.757194
1769099887.257983 14.181461 -11.295956 -1.758460
1769099887.302960 14.179691 -11.305280 -1.759409
1769099887.368083 14.178457 -11.311745 -1.760675
1769099887.402980 14.176589 -11.321463 -1.762257
1769099887.452963 14.175327 -11.327973 -1.762257
1769099887.517992 14.174132 -11.334136 -1.761624
1769099887.563102 14.172323 -11.343505 -1.761307
1769099887.608001 14.171129 -11.349693 -1.761624
1769099887.668010 14.169924 -11.355931 -1.760042
1769099887.708018 14.168124 -11.365327 -1.760675
1769099887.758013 14.166940 -11.371492 -1.759409
1769099887.808030 14.165734 -11.377806 -1.757511
1769099887.858042 14.164531 -11.384173 -1.758144
1769099887.908004 14.162707 -11.393797 -1.757194
1769099887.968014 14.161520 -11.400090 -1.757511
1769099888.008058 14.159721 -11.409615 -1.759725
1769099888.057998 14.158499 -11.416004 -1.761307
1769099888.108008 14.157272 -11.422367 -1.763206
1769099888.162992 14.156019 -11.428801 -1.764788
1769099888.208002 14.154150 -11.438313 -1.765737
1769099888.262998 14.152875 -11.444770 -1.763838
1769099888.313050 14.151049 -11.454110 -1.762573
1769099888.357996 14.149848 -11.460296 -1.760358
1769099888.407987 14.148684 -11.466362 -1.759093
1769099888.458018 14.147524 -11.472453 -1.757511
1769099888.507987 14.145733 -11.481929 -1.757194
1769099888.558011 14.144570 -11.488097 -1.758460
1769099888.613010 14.143314 -11.494712 -1.759093
1769099888.653080 14.141523 -11.504110 -1.758460
1769099888.708012 14.140286 -11.510625 -1.759093
1769099888.763054 14.139054 -11.517089 -1.759093
1769099888.808007 14.137230 -11.526662 -1.760675
1769099888.852989 14.136007 -11.533025 -1.761307
1769099888.913013 14.134809 -11.539238 -1.761940
1769099888.958009 14.132996 -11.548606 -1.762889
1769099889.003029 14.131788 -11.554818 -1.762889
1769099889.062997 14.130570 -11.561079 -1.761624
1769099889.108014 14.128703 -11.570746 -1.758776
1769099889.153022 14.127610 -11.576490 -1.758460
1769099889.218019 14.126378 -11.582980 -1.756245
1769099889.253019 14.124642 -11.592234 -1.756245
1769099889.308015 14.123466 -11.598503 -1.757511
1769099889.358039 14.122263 -11.604870 -1.758776
1769099889.408062 14.120513 -11.614070 -1.761307
1769099889.452998 14.119252 -11.620606 -1.763522
1769099889.513011 14.118011 -11.626965 -1.764788
1769099889.557998 14.116084 -11.636776 -1.764471
1769099889.608030 14.114861 -11.643010 -1.764155
1769099889.658029 14.113611 -11.649393 -1.763206
1769099889.708052 14.111816 -11.658610 -1.760358
1769099889.758054 14.110657 -11.664651 -1.760042
1769099889.813048 14.109476 -11.670816 -1.758776
1769099889.853016 14.107702 -11.680140 -1.759093
1769099889.908054 14.106494 -11.686480 -1.758776
1769099889.963018 14.105364 -11.692423 -1.758460
1769099890.003053 14.103527 -11.702096 -1.758144
1769099890.053027 14.102306 -11.708537 -1.757827
1769099890.113030 14.101101 -11.714903 -1.757827
1769099890.158036 14.099303 -11.724403 -1.759725
1769099890.208022 14.098077 -11.730817 -1.761624
1769099890.263031 14.096848 -11.737179 -1.762889
1769099890.303027 14.095016 -11.746595 -1.764471
1769099890.358032 14.093774 -11.752929 -1.763522
1769099890.413040 14.092548 -11.759214 -1.762573
1769099890.453031 14.090734 -11.768556 -1.760042
1769099890.508050 14.089500 -11.774995 -1.757827
1769099890.563089 14.088366 -11.780988 -1.756878
1769099890.608039 14.086605 -11.790341 -1.756878
1769099890.653041 14.085416 -11.796659 -1.757511
1769099890.713040 14.084227 -11.802951 -1.758460
1769099890.758042 14.082353 -11.812823 -1.759409
1769099890.808101 14.081157 -11.819088 -1.761307
1769099890.858043 14.079863 -11.825798 -1.762573
1769099890.908027 14.078097 -11.834892 -1.763206
1769099890.958047 14.076858 -11.841252 -1.762573
1769099891.013034 14.075657 -11.847439 -1.762257
1769099891.053061 14.073846 -11.856782 -1.762257
1769099891.108021 14.072622 -11.863093 -1.761624
1769099891.163093 14.071470 -11.869058 -1.760991
1769099891.208060 14.069661 -11.878453 -1.759725
1769099891.253104 14.068459 -11.884742 -1.758776
1769099891.313049 14.067257 -11.891058 -1.758144
1769099891.353050 14.065424 -11.900732 -1.757194
1769099891.408047 14.064270 -11.906850 -1.756562
1769099891.463049 14.063068 -11.913243 -1.756878
1769099891.508039 14.061275 -11.922770 -1.759093
1769099891.558035 14.060067 -11.929110 -1.761307
1769099891.613058 14.058825 -11.935547 -1.762889
1769099891.653031 14.056965 -11.945112 -1.763206
1769099891.708068 14.055692 -11.951646 -1.763522
1769099891.763055 14.054553 -11.957484 -1.761940
1769099891.808094 14.052735 -11.966877 -1.760042
1769099891.853095 14.051578 -11.972918 -1.758460
1769099891.913092 14.050388 -11.979184 -1.757194
1769099891.958081 14.048634 -11.988486 -1.757194
1769099892.003058 14.047456 -11.994729 -1.758144
1769099892.063058 14.046250 -12.001095 -1.758776
1769099892.108056 14.044414 -12.010743 -1.759409
1769099892.158121 14.043166 -12.017282 -1.759093
1769099892.213065 14.041953 -12.023647 -1.760358
1769099892.253068 14.040117 -12.033217 -1.761307
1769099892.308067 14.038900 -12.039529 -1.762573
1769099892.368069 14.037660 -12.045915 -1.763522
1769099892.408060 14.035818 -12.055355 -1.763522
1769099892.453051 14.034620 -12.061491 -1.764471
1769099892.518083 14.033364 -12.067899 -1.763206
1769099892.558066 14.031573 -12.077091 -1.760675
1769099892.603068 14.030369 -12.083355 -1.758776
1769099892.663116 14.029182 -12.089596 -1.757194
1769099892.713079 14.027418 -12.098948 -1.756562
1769099892.758077 14.026217 -12.105341 -1.758144
1769099892.818074 14.025033 -12.111582 -1.760358
1769099892.858063 14.023202 -12.121128 -1.766053
1769099892.908063 14.021925 -12.127583 -1.771115
1769099892.963061 14.020696 -12.133636 -1.775545
1769099893.003150 14.018679 -12.143350 -1.783138
1769099893.053082 14.017399 -12.149288 -1.786934
1769099893.113080 14.016031 -12.155518 -1.790098
1769099893.158079 14.013955 -12.164832 -1.794211
1769099893.218100 14.012648 -12.170583 -1.798324
1769099893.258098 14.010513 -12.179805 -1.804019
1769099893.308132 14.009062 -12.185912 -1.807816
1769099893.358098 14.007547 -12.192186 -1.812562
1769099893.413131 14.005977 -12.198551 -1.816042
1769099893.453092 14.003630 -12.207930 -1.822369
1769099893.518099 14.001973 -12.214377 -1.827748
1769099893.563087 13.999471 -12.223900 -1.833126
1769099893.608097 13.997817 -12.230060 -1.840087
1769099893.653088 13.996073 -12.236379 -1.846731
1769099893.708102 13.994328 -12.242540 -1.852109
1769099893.758092 13.991644 -12.251829 -1.857804
1769099893.808098 13.989874 -12.257825 -1.862550
1769099893.863077 13.988010 -12.264031 -1.864448
1769099893.908112 13.985292 -12.273019 -1.867929
1769099893.958133 13.983462 -12.278997 -1.869511
1769099894.008139 13.981562 -12.285165 -1.872991
1769099894.053097 13.978723 -12.294275 -1.880268
1769099894.108103 13.976765 -12.300398 -1.885963
1769099894.168100 13.974756 -12.306559 -1.891657
1769099894.208150 13.971675 -12.315830 -1.900516
1769099894.253105 13.969569 -12.321985 -1.905895
1769099894.313110 13.967396 -12.328223 -1.910008
1769099894.358104 13.964171 -12.337365 -1.916019
1769099894.408176 13.961995 -12.343414 -1.919183
1769099894.463101 13.959800 -12.349457 -1.922347
1769099894.508161 13.956523 -12.358392 -1.928042
1769099894.558155 13.954328 -12.364273 -1.932471
1769099894.618162 13.952089 -12.370191 -1.935635
1769099894.653105 13.948666 -12.379152 -1.942279
1769099894.708106 13.946388 -12.385001 -1.946708
1769099894.763177 13.944009 -12.391028 -1.949872
1769099894.808095 13.940515 -12.399799 -1.956516
1769099894.853106 13.938135 -12.405662 -1.960945
1769099894.913113 13.935661 -12.411678 -1.966957
1769099894.958124 13.931852 -12.420784 -1.977081
1769099895.008089 13.929301 -12.426713 -1.981194
1769099895.058100 13.926736 -12.432608 -1.986256
1769099895.108101 13.922956 -12.441177 -1.991951
1769099895.158112 13.920349 -12.446998 -1.995115
1769099895.213174 13.917785 -12.452672 -1.997013
1769099895.258104 13.913861 -12.461314 -2.000493
1769099895.308131 13.911120 -12.467297 -2.003024
1769099895.363119 13.908480 -12.473019 -2.006505
1769099895.408113 13.904378 -12.481831 -2.014098
1769099895.453101 13.901642 -12.487592 -2.019160
1769099895.513125 13.898778 -12.493546 -2.025171
1769099895.558167 13.894579 -12.502142 -2.033397
1769099895.608123 13.891710 -12.507895 -2.039725
1769099895.663097 13.888747 -12.513743 -2.045103
1769099895.708127 13.884285 -12.522435 -2.049533
1769099895.758150 13.881289 -12.528208 -2.053646
1769099895.813160 13.878304 -12.533902 -2.056177
1769099895.853206 13.873887 -12.542275 -2.060606
1769099895.908165 13.870886 -12.547903 -2.064403
1769099895.968158 13.867912 -12.553431 -2.067567
1769099896.003128 13.863413 -12.561731 -2.074211
1769099896.058209 13.860263 -12.567451 -2.079906
1769099896.118152 13.857105 -12.573109 -2.084968
1769099896.158144 13.852287 -12.581637 -2.092245
1769099896.208128 13.848971 -12.587409 -2.097623
1769099896.263141 13.845675 -12.593076 -2.103634
1769099896.308135 13.840661 -12.601579 -2.110595
1769099896.358122 13.837435 -12.606963 -2.115024
1769099896.418141 13.834172 -12.612355 -2.117872
1769099896.458123 13.829208 -12.620505 -2.124516
1769099896.508126 13.825934 -12.625801 -2.127047
1769099896.568121 13.822606 -12.631153 -2.129894
1769099896.613127 13.817518 -12.639285 -2.134007
1769099896.658138 13.814085 -12.644721 -2.137804
1769099896.713154 13.810564 -12.650250 -2.141917
1769099896.763198 13.805310 -12.658427 -2.147612
1769099896.808161 13.801859 -12.663731 -2.153307
1769099896.868146 13.798309 -12.669121 -2.158685
1769099896.908156 13.792890 -12.677251 -2.168177
1769099896.958123 13.789402 -12.682378 -2.173555
1769099897.013141 13.785815 -12.687590 -2.178617
1769099897.058150 13.780496 -12.695236 -2.184312
1769099897.108149 13.776794 -12.700493 -2.187476
1769099897.163160 13.773120 -12.705676 -2.189691
1769099897.208150 13.767599 -12.713427 -2.192855
1769099897.258161 13.763942 -12.718529 -2.196018
1769099897.318139 13.760179 -12.723741 -2.200448
1769099897.353137 13.754500 -12.731535 -2.207725
1769099897.408151 13.750692 -12.736683 -2.213103
1769099897.463201 13.746765 -12.741933 -2.219747
1769099897.508142 13.740799 -12.749797 -2.227340
1769099897.558162 13.736767 -12.755030 -2.232086
1769099897.618140 13.732741 -12.760203 -2.236199
1769099897.663233 13.726834 -12.767730 -2.242527
1769099897.708143 13.722849 -12.772742 -2.247273
1769099897.768270 13.718935 -12.777617 -2.251386
1769099897.808166 13.712963 -12.784994 -2.256764
1769099897.853167 13.708955 -12.789890 -2.259928
1769099897.918164 13.704963 -12.794735 -2.263725
1769099897.963155 13.698771 -12.802193 -2.267205
1769099898.008197 13.694696 -12.807067 -2.270685
1769099898.063197 13.690506 -12.812043 -2.274165
1769099898.108221 13.684137 -12.819552 -2.281442
1769099898.158178 13.679993 -12.824367 -2.286821
1769099898.213213 13.675657 -12.829351 -2.293465
1769099898.258177 13.669430 -12.836413 -2.301691
1769099898.308154 13.665172 -12.841162 -2.307385
1769099898.363240 13.661040 -12.845718 -2.312131
1769099898.408170 13.654648 -12.852700 -2.317193
1769099898.453151 13.650334 -12.857364 -2.319408
1769099898.518186 13.646027 -12.862000 -2.321939
1769099898.558170 13.639481 -12.869011 -2.326685
1769099898.608179 13.635053 -12.873708 -2.330165
1769099898.668170 13.630732 -12.878260 -2.335227
1769099898.708182 13.624040 -12.885239 -2.342188
1769099898.758158 13.619435 -12.889975 -2.348832
1769099898.818159 13.614940 -12.894536 -2.353577
1769099898.853181 13.608032 -12.901481 -2.361487
1769099898.908181 13.603354 -12.906109 -2.365916
1769099898.968237 13.598674 -12.910700 -2.370662
1769099899.008234 13.591648 -12.917525 -2.377306
1769099899.058162 13.587080 -12.921904 -2.381736
1769099899.118184 13.582512 -12.926245 -2.385216
1769099899.158171 13.575737 -12.932637 -2.389012
1769099899.208254 13.571174 -12.936911 -2.392493
1769099899.278195 13.566503 -12.941254 -2.393758
1769099899.308189 13.559488 -12.947760 -2.400719
1769099899.353246 13.554688 -12.952151 -2.404199
1769099899.418178 13.549855 -12.956541 -2.408628
1769099899.458191 13.542537 -12.963129 -2.416538
1769099899.508249 13.537612 -12.967493 -2.422233
1769099899.568176 13.532776 -12.971729 -2.428560
1769099899.613239 13.525405 -12.978103 -2.434572
1769099899.658220 13.520652 -12.982164 -2.439950
1769099899.718198 13.515684 -12.986363 -2.442798
1769099899.763191 13.508456 -12.992436 -2.448176
1769099899.813212 13.503531 -12.996529 -2.451024
1769099899.853288 13.498575 -13.000624 -2.454820
1769099899.913203 13.493643 -13.004669 -2.457351
1769099899.958225 13.486190 -13.010748 -2.464944
1769099900.003304 13.481157 -13.014790 -2.470956
1769099900.063268 13.476260 -13.018675 -2.474436
1769099900.108179 13.468624 -13.024689 -2.482029
1769099900.158179 13.463344 -13.028783 -2.487724
1769099900.213200 13.458181 -13.032740 -2.493735
1769099900.258209 13.450249 -13.038743 -2.501012
1769099900.308193 13.445034 -13.042631 -2.504492
1769099900.368192 13.439866 -13.046455 -2.508922
1769099900.413211 13.432232 -13.052052 -2.513984
1769099900.458224 13.427192 -13.055709 -2.515882
1769099900.513205 13.422166 -13.059340 -2.518730
1769099900.558225 13.414539 -13.064818 -2.524108
1769099900.608199 13.409648 -13.068291 -2.527588
1769099900.663270 13.404352 -13.072025 -2.532651
1769099900.708193 13.396276 -13.077656 -2.539295
1769099900.758283 13.390874 -13.081370 -2.544040
1769099900.813224 13.385413 -13.085087 -2.548786
1769099900.853222 13.377373 -13.090503 -2.556696
1769099900.908299 13.371928 -13.094108 -2.560492
1769099900.963217 13.366681 -13.097554 -2.566820
1769099901.008341 13.358609 -13.102783 -2.573780
1769099901.058219 13.353253 -13.106199 -2.577893
1769099901.118232 13.347840 -13.109621 -2.580741
1769099901.163248 13.339631 -13.114777 -2.584854
1769099901.208200 13.334345 -13.118067 -2.588018
1769099901.263276 13.329091 -13.121314 -2.591182
1769099901.308224 13.320937 -13.126318 -2.596244
1769099901.368210 13.315484 -13.129627 -2.601306
1769099901.408210 13.307474 -13.134431 -2.610481
1769099901.458218 13.302127 -13.137572 -2.617758
1769099901.513234 13.296473 -13.140838 -2.623453
1769099901.558227 13.288447 -13.145414 -2.631362
1769099901.618238 13.282859 -13.148541 -2.635475
1769099901.663248 13.274713 -13.153057 -2.639272
1769099901.708282 13.269144 -13.156115 -2.640854
1769099901.768304 13.263949 -13.158959 -2.644018
1769099901.813247 13.255831 -13.163368 -2.647498
1769099901.868288 13.250438 -13.166273 -2.651294
1769099901.908240 13.242310 -13.170611 -2.658888
1769099901.958285 13.236661 -13.173572 -2.662684
1769099902.018276 13.231202 -13.176406 -2.668063
1769099902.063235 13.222800 -13.180711 -2.674707
1769099902.108230 13.217037 -13.183617 -2.678187
1769099902.163237 13.211127 -13.186569 -2.682933
1769099902.213210 13.202322 -13.190917 -2.690526
1769099902.263210 13.196513 -13.193731 -2.695272
1769099902.313232 13.190760 -13.196484 -2.700967
1769099902.353267 13.182312 -13.200468 -2.706978
1769099902.413327 13.176664 -13.203089 -2.710775
1769099902.463329 13.170915 -13.205732 -2.714571
1769099902.508330 13.162276 -13.209663 -2.718051
1769099902.558243 13.156230 -13.212388 -2.719317
1769099902.613252 13.150482 -13.214971 -2.724063
1769099902.658309 13.141620 -13.218902 -2.730074
1769099902.708233 13.135659 -13.221504 -2.736085
1769099902.763350 13.129681 -13.224070 -2.742729
1769099902.813236 13.120632 -13.227884 -2.752854
1769099902.853245 13.114682 -13.230321 -2.758548
1769099902.913245 13.108743 -13.232714 -2.763927
1769099902.958256 13.099756 -13.236280 -2.768356
1769099903.003277 13.093769 -13.238624 -2.771520
1769099903.068246 13.087752 -13.240958 -2.773735
1769099903.108314 13.078919 -13.244362 -2.777531
1769099903.158251 13.072935 -13.246643 -2.780379
1769099903.218248 13.067063 -13.248861 -2.784808
1769099903.258235 13.058146 -13.252185 -2.791769
1769099903.308245 13.052130 -13.254380 -2.796514
1769099903.368248 13.046128 -13.256537 -2.800311
1769099903.413240 13.036850 -13.259832 -2.807588
1769099903.458333 13.030561 -13.262015 -2.812334
1769099903.518331 13.024429 -13.264110 -2.818029
1769099903.563272 13.015118 -13.267232 -2.824989
1769099903.618324 13.009081 -13.269210 -2.830368
1769099903.668254 13.002937 -13.271187 -2.834481
1769099903.708264 12.993938 -13.274041 -2.839859
1769099903.758290 12.988017 -13.275883 -2.843339
1769099903.818313 12.981944 -13.277750 -2.845554
1769099903.858234 12.972769 -13.280549 -2.850932
1769099903.908242 12.966537 -13.282413 -2.854413
1769099903.958327 12.960298 -13.284256 -2.858526
1769099904.008249 12.954052 -13.286072 -2.862639
1769099904.058261 12.944612 -13.288776 -2.870865
1769099904.118243 12.938319 -13.290523 -2.875294
1769099904.163248 12.929040 -13.293054 -2.880989
1769099904.208244 12.922779 -13.294723 -2.883520
1769099904.258250 12.916612 -13.296351 -2.884785
1769099904.308329 12.910370 -13.297991 -2.884469
1769099904.358314 12.901019 -13.300449 -2.882571
1769099904.413326 12.895245 -13.301979 -2.881305
1769099904.458275 12.885951 -13.304455 -2.878774
1769099904.508249 12.879938 -13.306072 -2.877509
1769099904.568341 12.873732 -13.307750 -2.876876
1769099904.608301 12.864596 -13.310227 -2.876243
1769099904.658261 12.858490 -13.311887 -2.876243
1769099904.718240 12.852212 -13.313592 -2.877192
1769099904.763249 12.842733 -13.316159 -2.878458
1769099904.813348 12.836281 -13.317897 -2.879723
1769099904.868327 12.829998 -13.319581 -2.880673
1769099904.908249 12.820583 -13.322095 -2.882254
1769099904.963241 12.814394 -13.323737 -2.882571
1769099905.008272 12.808326 -13.325345 -2.881938
1769099905.063327 12.802210 -13.326969 -2.881305
1769099905.108346 12.793137 -13.329386 -2.880356
1769099905.158270 12.786828 -13.331072 -2.879091
1769099905.213336 12.780693 -13.332721 -2.878141
1769099905.258271 12.771333 -13.335246 -2.877192
1769099905.308344 12.765079 -13.336939 -2.875927
1769099905.363316 12.758851 -13.338633 -2.876876
1769099905.408248 12.749397 -13.341196 -2.879091
1769099905.453230 12.743335 -13.342825 -2.882887
1769099905.513292 12.736900 -13.344528 -2.885735
1769099905.558288 12.727570 -13.346969 -2.894910
1769099905.608274 12.721238 -13.348563 -2.899339
1769099905.663317 12.715316 -13.350026 -2.903452
1769099905.703265 12.705920 -13.352307 -2.908514
1769099905.768316 12.700084 -13.353693 -2.911994
1769099905.808300 12.691285 -13.355749 -2.915475
1769099905.858315 12.685143 -13.357162 -2.917689
1769099905.913333 12.679146 -13.358528 -2.921170
1769099905.958293 12.669785 -13.360625 -2.927181
1769099906.008307 12.663726 -13.361945 -2.932559
1769099906.063291 12.657388 -13.363289 -2.936356
1769099906.108326 12.647773 -13.365291 -2.944582
1769099906.158303 12.641245 -13.366594 -2.949961
1769099906.213291 12.634884 -13.367828 -2.955023
1769099906.253299 12.625334 -13.369631 -2.961350
1769099906.303308 12.619059 -13.370774 -2.965780
1769099906.368330 12.612854 -13.371876 -2.971158
1769099906.408310 12.603400 -13.373503 -2.975904
1769099906.453290 12.597284 -13.374526 -2.980650
1769099906.513303 12.590788 -13.375581 -2.983181
1769099906.558296 12.581465 -13.377070 -2.987294
1769099906.613304 12.575038 -13.378070 -2.990774
1769099906.663365 12.568607 -13.379047 -2.994887
1769099906.708344 12.559117 -13.380449 -3.002164
1769099906.758326 12.552700 -13.381350 -3.008491
1769099906.818364 12.546178 -13.382223 -3.014186
1769099906.853373 12.536763 -13.383429 -3.023362
1769099906.908390 12.530329 -13.384193 -3.029056
1769099906.968315 12.523765 -13.384935 -3.031271
1769099907.008322 12.514255 -13.385989 -3.033169
1769099907.058308 12.507940 -13.386676 -3.032220
1769099907.113343 12.501700 -13.387361 -3.030955
1769099907.163305 12.492367 -13.388398 -3.029373
1769099907.208339 12.486155 -13.389098 -3.029056
1769099907.268377 12.479867 -13.389809 -3.029689
1769099907.308342 12.470309 -13.390883 -3.030322
1769099907.363372 12.463794 -13.391611 -3.030638
1769099907.418307 12.457330 -13.392331 -3.029689
1769099907.458315 12.447545 -13.393430 -3.030006
1769099907.508305 12.441056 -13.394158 -3.030638
1769099907.568311 12.434490 -13.394889 -3.030955
1769099907.613312 12.424931 -13.395951 -3.032220
1769099907.658335 12.418515 -13.396656 -3.033802
1769099907.713334 12.412526 -13.397304 -3.033802
1769099907.758389 12.403065 -13.398327 -3.033802
1769099907.813341 12.396824 -13.399003 -3.032537
1769099907.863349 12.390660 -13.399678 -3.031587
1769099907.908360 12.381100 -13.400734 -3.027791
1769099907.958336 12.374838 -13.401449 -3.026842
1769099908.013378 12.368376 -13.402194 -3.025893
1769099908.058337 12.358898 -13.403296 -3.028107
1769099908.108339 12.352385 -13.404038 -3.030322
1769099908.168369 12.345945 -13.404757 -3.032220
1769099908.208338 12.336158 -13.405832 -3.036333
1769099908.258319 12.329563 -13.406529 -3.035700
1769099908.313325 12.323171 -13.407208 -3.035700
1769099908.358329 12.313531 -13.408233 -3.034119
1769099908.413327 12.307265 -13.408909 -3.032537
1769099908.463323 12.300975 -13.409598 -3.031904
1769099908.508329 12.291616 -13.410628 -3.030638
1769099908.558346 12.285377 -13.411324 -3.030638
1769099908.618359 12.279114 -13.412021 -3.030955
1769099908.663402 12.269881 -13.413047 -3.030638
1769099908.708318 12.263366 -13.413773 -3.029689
1769099908.768329 12.256927 -13.414496 -3.029056
1769099908.813345 12.247194 -13.415596 -3.028107
1769099908.858333 12.240731 -13.416333 -3.027791
1769099908.908350 12.234620 -13.417031 -3.030638
1769099908.963336 12.225212 -13.418080 -3.032537
1769099909.013337 12.218897 -13.418771 -3.034119
1769099909.063339 12.209561 -13.419778 -3.036333
1769099909.103410 12.203268 -13.420443 -3.035068
1769099909.168315 12.197128 -13.421100 -3.033802
1769099909.208344 12.187641 -13.422126 -3.029689
1769099909.258366 12.181428 -13.422825 -3.028107
1769099909.313344 12.175015 -13.423555 -3.026525
1769099909.358365 12.165612 -13.424642 -3.028424
1769099909.408347 12.159199 -13.425371 -3.029373
1769099909.463413 12.152810 -13.426091 -3.030006
1769099909.508316 12.143076 -13.427182 -3.032853
1769099909.558352 12.136434 -13.427907 -3.033486
1769099909.618344 12.129967 -13.428609 -3.034435
1769099909.663370 12.120052 -13.429675 -3.033802
1769099909.708373 12.113761 -13.430356 -3.033802
1769099909.768385 12.107293 -13.431056 -3.033486
1769099909.813390 12.097857 -13.432080 -3.033169
1769099909.858360 12.091995 -13.432718 -3.033486
1769099909.913387 12.085729 -13.433398 -3.033169
1769099909.958395 12.076268 -13.434428 -3.030638
1769099910.008398 12.070004 -13.435126 -3.030322
1769099910.063347 12.063590 -13.435843 -3.028740
1769099910.108441 12.053933 -13.436937 -3.026842
1769099910.158354 12.047546 -13.437673 -3.026842
1769099910.213357 12.041084 -13.438418 -3.029056
1769099910.263440 12.031401 -13.439512 -3.031271
1769099910.308373 12.024961 -13.440226 -3.033169
1769099910.368366 12.018469 -13.440932 -3.034435
1769099910.413373 12.009057 -13.441945 -3.035068
1769099910.458362 12.002640 -13.442631 -3.034119
1769099910.513377 11.996348 -13.443310 -3.033486
1769099910.563373 11.987214 -13.444301 -3.030006
1769099910.608365 11.980876 -13.445011 -3.028740
1769099910.663372 11.974664 -13.445715 -3.029056
1769099910.708374 11.965408 -13.446761 -3.029689
1769099910.758445 11.959095 -13.447471 -3.029373
1769099910.813366 11.952681 -13.448194 -3.031587
1769099910.858348 11.943121 -13.449249 -3.030322
1769099910.913368 11.936707 -13.449966 -3.030638
1769099910.963366 11.927224 -13.451023 -3.032220
1769099911.008371 11.920808 -13.451727 -3.032537
1769099911.068373 11.914266 -13.452443 -3.033802
1769099911.108376 11.904629 -13.453486 -3.034751
1769099911.158376 11.898387 -13.454156 -3.035384
1769099911.218358 11.891995 -13.454837 -3.035384
1769099911.263372 11.882909 -13.455806 -3.033802
1769099911.308389 11.876568 -13.456492 -3.031271
1769099911.363376 11.870278 -13.457189 -3.029373
1769099911.408399 11.861149 -13.458218 -3.027791
1769099911.458381 11.854837 -13.458939 -3.027474
1769099911.513380 11.848399 -13.459677 -3.027474
1769099911.558452 11.838693 -13.460789 -3.029373
1769099911.613406 11.832229 -13.461518 -3.030955
1769099911.663415 11.826116 -13.462197 -3.031904
1769099911.713406 11.816531 -13.463253 -3.034751
1769099911.768417 11.809962 -13.463957 -3.034435
1769099911.813495 11.800752 -13.464948 -3.033169
1769099911.858411 11.794738 -13.465602 -3.031587
1769099911.913407 11.788373 -13.466305 -3.031271
1769099911.958424 11.779040 -13.467339 -3.030955
1769099912.013410 11.772675 -13.468046 -3.031271
1769099912.068418 11.766311 -13.468751 -3.030955
1769099912.113393 11.756802 -13.469808 -3.029689
1769099912.158390 11.750262 -13.470543 -3.029689
1769099912.218392 11.744200 -13.471224 -3.029373
1769099912.258393 11.734416 -13.472326 -3.029056
1769099912.313393 11.728330 -13.473014 -3.028424
1769099912.368406 11.721816 -13.473754 -3.031271
1769099912.408396 11.712081 -13.474833 -3.034119
1769099912.458422 11.705613 -13.475531 -3.036333
1769099912.518397 11.699547 -13.476172 -3.036650
1769099912.558412 11.690033 -13.477174 -3.035384
1769099912.613400 11.683615 -13.477858 -3.033802
1769099912.663398 11.677324 -13.478539 -3.031904
1769099912.713435 11.667914 -13.479575 -3.028740
1769099912.763401 11.662004 -13.480245 -3.027791
1769099912.818409 11.655718 -13.480963 -3.028424
1769099912.858406 11.646136 -13.482052 -3.028740
1769099912.908427 11.639723 -13.482779 -3.029689
1769099912.968417 11.633259 -13.483506 -3.030006
1769099913.008435 11.623449 -13.484605 -3.030638
1769099913.073406 11.617235 -13.485297 -3.032853
1769099913.113407 11.607498 -13.486360 -3.031271
1769099913.158410 11.601385 -13.487037 -3.031587
1769099913.208414 11.595272 -13.487712 -3.032537
1769099913.263423 11.586466 -13.488677 -3.033169
1769099913.318412 11.580427 -13.489334 -3.032537
1769099913.363412 11.571344 -13.490328 -3.032220
1769099913.408417 11.565305 -13.490991 -3.032853
1769099913.463417 11.558965 -13.491684 -3.030322
1769099913.508415 11.549356 -13.492757 -3.027791
1769099913.558424 11.542893 -13.493496 -3.027474
1769099913.613445 11.536582 -13.494219 -3.027158
1769099913.663444 11.526800 -13.495344 -3.030006
1769099913.713442 11.520411 -13.496060 -3.031904
1769099913.763444 11.513769 -13.496791 -3.035068
1769099913.813456 11.504004 -13.497835 -3.036333
1769099913.858456 11.497561 -13.498516 -3.036966
1769099913.923423 11.491066 -13.499198 -3.034435
1769099913.958459 11.481654 -13.500210 -3.033169
1769099914.008464 11.475288 -13.500903 -3.032220
1769099914.068424 11.469200 -13.501572 -3.030955
1769099914.113425 11.459741 -13.502623 -3.030322
1769099914.163426 11.453453 -13.503325 -3.030322
1769099914.218481 11.447214 -13.504022 -3.030322
1769099914.263426 11.437404 -13.505118 -3.031587
1769099914.308434 11.430989 -13.505827 -3.030638
1769099914.368441 11.424449 -13.506556 -3.030006
1769099914.413434 11.414765 -13.507641 -3.029689
1769099914.458425 11.408376 -13.508359 -3.029689
1769099914.518428 11.401862 -13.509091 -3.031904
1769099914.563432 11.392377 -13.510135 -3.033486
1769099914.608455 11.385860 -13.510843 -3.033802
1769099914.668440 11.379619 -13.511518 -3.031271
1769099914.708466 11.370110 -13.512571 -3.024943
1769099914.763449 11.363649 -13.513328 -3.018932
1769099914.818472 11.357419 -13.514096 -3.013870
1769099914.858454 11.347905 -13.515318 -3.005328
1769099914.908434 11.341560 -13.516188 -3.000582
1769099914.973435 11.335220 -13.517088 -2.997734
1769099915.013438 11.325752 -13.518460 -2.992040
1769099915.063473 11.319244 -13.519440 -2.989508
1769099915.113459 11.312740 -13.520437 -2.986977
1769099915.168443 11.306187 -13.521458 -2.983814
1769099915.213461 11.296464 -13.523005 -2.977802
1769099915.258446 11.289896 -13.524091 -2.973057
1769099915.318435 11.283758 -13.525135 -2.969260
1769099915.363445 11.274332 -13.526776 -2.962299
1769099915.418452 11.268479 -13.527837 -2.958819
1769099915.463471 11.259470 -13.529502 -2.951859
1769099915.513449 11.253280 -13.530691 -2.946480
1769099915.568517 11.246973 -13.531937 -2.942051
1769099915.613469 11.237521 -13.533849 -2.935407
1769099915.663446 11.231154 -13.535180 -2.932559
1769099915.718557 11.224865 -13.536514 -2.931294
1769099915.763566 11.215533 -13.538506 -2.931610
1769099915.813499 11.209295 -13.539836 -2.931610
1769099915.868538 11.202933 -13.541192 -2.933825
1769099915.908592 11.193373 -13.543207 -2.936356
1769099915.963535 11.186832 -13.544569 -2.937622
1769099916.018489 11.180809 -13.545815 -2.936672
1769099916.058467 11.171293 -13.547792 -2.936672
1769099916.113480 11.165023 -13.549095 -2.935723
1769099916.168483 11.158854 -13.550384 -2.934141
1769099916.208454 11.149665 -13.552318 -2.932559
1769099916.263478 11.143475 -13.553631 -2.932559
1769099916.318459 11.137384 -13.554923 -2.931927
1769099916.358469 11.128125 -13.556893 -2.931294
1769099916.413463 11.122085 -13.558182 -2.931927
1769099916.463465 11.115723 -13.559536 -2.931610
1769099916.508466 11.106292 -13.561546 -2.932559
1769099916.568528 11.100201 -13.562839 -2.934458
1769099916.613467 11.090986 -13.564775 -2.935723
1769099916.668466 11.085040 -13.566017 -2.936989
1769099916.713491 11.078696 -13.567333 -2.937622
1769099916.763470 11.069723 -13.569189 -2.938887
1769099916.823508 11.063401 -13.570488 -2.937938
1769099916.858472 11.054403 -13.572347 -2.935723
1769099916.908577 11.048506 -13.573578 -2.934458
1769099916.963473 11.042562 -13.574827 -2.933192
1769099917.008477 11.033424 -13.576760 -2.930977
1769099917.073475 11.027286 -13.578072 -2.930345
1769099917.113477 11.018178 -13.580025 -2.930345
1769099917.163494 11.011917 -13.581368 -2.932559
1769099917.218477 11.005876 -13.582649 -2.933825
1769099917.263483 10.996440 -13.584639 -2.935407
1769099917.308481 10.989974 -13.585991 -2.935723
1769099917.363475 10.983854 -13.587269 -2.936672
1769099917.413478 10.974660 -13.589180 -2.935723
1769099917.468497 10.968466 -13.590473 -2.935723
1769099917.513494 10.959522 -13.592341 -2.934774
1769099917.558486 10.953701 -13.593562 -2.935090
1769099917.613560 10.947458 -13.594870 -2.934458
1769099917.663549 10.938343 -13.596786 -2.932559
1769099917.718486 10.932326 -13.598062 -2.932243
1769099917.763486 10.922819 -13.600082 -2.931610
1769099917.813514 10.916432 -13.601443 -2.930977
1769099917.868504 10.910071 -13.602803 -2.932559
1769099917.913513 10.900588 -13.604815 -2.934141
1769099917.958519 10.894223 -13.606155 -2.935723
1769099918.008615 10.887806 -13.607495 -2.936672
1769099918.068526 10.881536 -13.608798 -2.938887
1769099918.113494 10.872041 -13.610749 -2.939203
1769099918.158500 10.865743 -13.612042 -2.937938
1769099918.218511 10.859447 -13.613342 -2.937938
1769099918.258497 10.850102 -13.615272 -2.935090
1769099918.313514 10.844033 -13.616543 -2.932876
1769099918.368495 10.837966 -13.617828 -2.931927
1769099918.413500 10.828658 -13.619809 -2.930661
1769099918.458501 10.822346 -13.621160 -2.931610
1769099918.518492 10.816034 -13.622505 -2.931294
1769099918.563582 10.806331 -13.624577 -2.933192
1769099918.613507 10.799892 -13.625938 -2.933192
1769099918.663512 10.793825 -13.627221 -2.934141
1769099918.708507 10.784265 -13.629233 -2.936040
1769099918.773504 10.778071 -13.630525 -2.936040
1769099918.818504 10.768977 -13.632421 -2.936989
1769099918.863530 10.762682 -13.633727 -2.936989
1769099918.913507 10.756387 -13.635033 -2.936356
1769099918.963512 10.750168 -13.636328 -2.934774
1769099919.008507 10.740779 -13.638298 -2.933192
1769099919.068528 10.734787 -13.639565 -2.931927
1769099919.113544 10.725206 -13.641604 -2.930345
1769099919.158527 10.719019 -13.642931 -2.930977
1769099919.218534 10.713054 -13.644206 -2.931294
1769099919.263512 10.703846 -13.646172 -2.933825
1769099919.313515 10.697481 -13.647513 -2.935407
1769099919.368532 10.691064 -13.648855 -2.937622
1769099919.413589 10.681348 -13.650865 -2.939520
1769099919.458529 10.675000 -13.652166 -2.939520
1769099919.518532 10.668653 -13.653466 -2.938887
1769099919.558527 10.659256 -13.655397 -2.937305
1769099919.613517 10.653159 -13.656660 -2.936672
1769099919.673556 10.647138 -13.657912 -2.935090
1769099919.713522 10.637972 -13.659832 -2.933192
1769099919.758563 10.631682 -13.661162 -2.933192
1769099919.818573 10.625466 -13.662477 -2.932876
1769099919.858537 10.615735 -13.664538 -2.931927
1769099919.913572 10.609645 -13.665834 -2.931927
1769099919.968532 10.603258 -13.667193 -2.931927
1769099920.013545 10.593801 -13.669205 -2.933825
1769099920.063572 10.587510 -13.670531 -2.934458
1769099920.118529 10.581491 -13.671796 -2.935407
1769099920.158555 10.572077 -13.673765 -2.937305
1769099920.213547 10.565757 -13.675075 -2.938254
1769099920.268575 10.559783 -13.676306 -2.937938
1769099920.308571 10.550363 -13.678252 -2.934774
1769099920.368545 10.544344 -13.679515 -2.933825
1769099920.413560 10.534958 -13.681493 -2.931610
1769099920.458567 10.528843 -13.682797 -2.931294
1769099920.523548 10.522630 -13.684123 -2.930977
1769099920.563601 10.513225 -13.686134 -2.932243
1769099920.608544 10.507233 -13.687406 -2.933509
1769099920.663549 10.501141 -13.688693 -2.934774
1769099920.713569 10.492000 -13.690611 -2.936356
1769099920.763548 10.485830 -13.691895 -2.937305
1769099920.813544 10.476511 -13.693826 -2.937938
1769099920.868541 10.470538 -13.695059 -2.937622
1769099920.908559 10.461615 -13.696905 -2.937622
1769099920.958620 10.455468 -13.698177 -2.936356
1769099921.018542 10.449570 -13.699404 -2.936989
1769099921.063597 10.440450 -13.701297 -2.935090
1769099921.113625 10.434158 -13.702615 -2.934458
1769099921.163644 10.427767 -13.703958 -2.932559
1769099921.213545 10.418532 -13.705917 -2.931610
1769099921.258567 10.412145 -13.707278 -2.931610
1769099921.318549 10.405857 -13.708618 -2.930977
1769099921.358552 10.396774 -13.710560 -2.932559
1769099921.413549 10.390509 -13.711889 -2.934141
1769099921.463551 10.384417 -13.713172 -2.935407
1769099921.513575 10.375151 -13.715109 -2.938571
1769099921.568553 10.368780 -13.716421 -2.937622
1769099921.613567 10.359237 -13.718395 -2.937305
1769099921.663554 10.352917 -13.719704 -2.936356
1769099921.718596 10.346697 -13.720999 -2.934141
1769099921.758611 10.337731 -13.722886 -2.932876
1769099921.813589 10.331566 -13.724192 -2.931927
1769099921.863616 10.325698 -13.725441 -2.931610
1769099921.908582 10.316589 -13.727382 -2.932876
1769099921.968572 10.310547 -13.728662 -2.932876
1769099922.008601 10.301261 -13.730628 -2.933825
1769099922.058611 10.294773 -13.731996 -2.933825
1769099922.118579 10.288606 -13.733296 -2.935407
1769099922.158638 10.279291 -13.735245 -2.936040
1769099922.213642 10.273022 -13.736552 -2.936989
1769099922.268565 10.266702 -13.737863 -2.937938
1769099922.313592 10.257754 -13.739711 -2.938887
1769099922.368582 10.251878 -13.740919 -2.937938
1769099922.413576 10.242781 -13.742797 -2.936989
1769099922.458568 10.236833 -13.744032 -2.935090
1769099922.513641 10.230541 -13.745350 -2.933192
1769099922.558598 10.221725 -13.747214 -2.931294
1769099922.623648 10.215487 -13.748546 -2.931294
1769099922.663660 10.206056 -13.750559 -2.930977
1769099922.713624 10.199794 -13.751897 -2.931927
1769099922.768590 10.193407 -13.753257 -2.933825
1769099922.813592 10.184046 -13.755230 -2.936356
1769099922.858598 10.177900 -13.756509 -2.936989
1769099922.918586 10.171457 -13.757846 -2.937622
1769099922.958591 10.162236 -13.759754 -2.937622
1769099923.008648 10.155965 -13.761051 -2.936040
1769099923.063581 10.150118 -13.762270 -2.936040
1769099923.113596 10.141198 -13.764130 -2.934141
1769099923.163645 10.135328 -13.765365 -2.933825
1769099923.213593 10.126288 -13.767271 -2.932876
1769099923.268596 10.120246 -13.768551 -2.932876
1769099923.308598 10.111085 -13.770491 -2.932243
1769099923.358597 10.105044 -13.771775 -2.931610
1769099923.413586 10.098583 -13.773152 -2.932559
1769099923.458596 10.089347 -13.775111 -2.933509
1769099923.523662 10.083453 -13.776355 -2.935407
1769099923.558588 10.073965 -13.778340 -2.937622
1769099923.613603 10.067942 -13.779586 -2.939203
1769099923.668649 10.061619 -13.780883 -2.939520
1769099923.708598 10.052197 -13.782813 -2.938887
1769099923.758631 10.045949 -13.784097 -2.936989
1769099923.818635 10.039679 -13.785398 -2.936040
1769099923.858609 10.031007 -13.787207 -2.933509
1769099923.913632 10.024865 -13.788503 -2.932243
1769099923.963609 10.018601 -13.789834 -2.930661
1769099924.013621 10.009246 -13.791837 -2.931294
1769099924.063608 10.003206 -13.793127 -2.931927
1769099924.118602 9.996943 -13.794459 -2.932876
1769099924.158602 9.987212 -13.796520 -2.933825
1769099924.223620 9.980772 -13.797878 -2.935090
1769099924.263623 9.971433 -13.799834 -2.936040
1769099924.313679 9.965139 -13.801147 -2.936672
1769099924.368621 9.959217 -13.802378 -2.936356
1769099924.408619 9.949900 -13.804317 -2.935723
1769099924.458665 9.944028 -13.805543 -2.936040
1769099924.518625 9.937808 -13.806840 -2.935090
1769099924.558616 9.928816 -13.808724 -2.934141
1769099924.618617 9.922797 -13.809991 -2.932559
1769099924.663628 9.913611 -13.811939 -2.930977
1769099924.713631 9.907572 -13.813230 -2.930977
1769099924.763616 9.901285 -13.814574 -2.930977
1769099924.813628 9.892177 -13.816522 -2.934141
1769099924.858625 9.885787 -13.817867 -2.934774
1769099924.913622 9.879718 -13.819140 -2.936356
1769099924.958616 9.870425 -13.821074 -2.939836
1769099925.018621 9.864350 -13.822317 -2.939520
1769099925.058630 9.854754 -13.824283 -2.939203
1769099925.123636 9.848828 -13.825499 -2.937622
1769099925.163640 9.839831 -13.827360 -2.936040
1769099925.213632 9.834082 -13.828559 -2.935407
1769099925.273633 9.827938 -13.829844 -2.933509
1769099925.313636 9.818998 -13.831731 -2.932559
1769099925.368693 9.813031 -13.832997 -2.932243
1769099925.418655 9.803697 -13.834980 -2.932559
1769099925.463640 9.797309 -13.836335 -2.932559
1769099925.523643 9.790897 -13.837696 -2.932876
1769099925.563637 9.781611 -13.839662 -2.933825
1769099925.613639 9.775296 -13.840994 -2.935407
1769099925.678674 9.768978 -13.842315 -2.936356
1769099925.713667 9.759537 -13.844280 -2.937305
1769099925.763639 9.753341 -13.845564 -2.937938
1769099925.818638 9.747070 -13.846859 -2.937622
1769099925.858657 9.737998 -13.848736 -2.935090
1769099925.913637 9.731731 -13.850049 -2.934774
1769099925.963647 9.725736 -13.851306 -2.932876
1769099926.008642 9.716624 -13.853236 -2.931610
1769099926.073677 9.710584 -13.854524 -2.930345
1769099926.113650 9.701600 -13.856450 -2.931927
1769099926.158655 9.695634 -13.857720 -2.933509
1769099926.213649 9.689566 -13.859001 -2.934458
1769099926.263636 9.680154 -13.860979 -2.936356
1769099926.318662 9.673662 -13.862330 -2.938254
1769099926.363635 9.664316 -13.864257 -2.938571
1769099926.413710 9.658267 -13.865502 -2.939203
1769099926.463699 9.652341 -13.866718 -2.938254
1769099926.513691 9.643417 -13.868558 -2.936356
1769099926.568650 9.637272 -13.869838 -2.935723
1769099926.613661 9.628427 -13.871685 -2.934774
1769099926.663660 9.622160 -13.873000 -2.934458
1769099926.718643 9.615819 -13.874332 -2.932559
1769099926.763660 9.606633 -13.876281 -2.931610
1769099926.813661 9.600221 -13.877647 -2.931927
1769099926.868658 9.593810 -13.879012 -2.931610
1769099926.908656 9.584353 -13.881027 -2.932876
1769099926.963673 9.578361 -13.882296 -2.934141
1769099927.013723 9.572070 -13.883620 -2.935407
1769099927.063720 9.562755 -13.885569 -2.937938
1769099927.123682 9.556806 -13.886797 -2.937938
1769099927.163648 9.547609 -13.888697 -2.937622
1769099927.213657 9.541314 -13.889999 -2.936356
1769099927.268664 9.534970 -13.891319 -2.934458
1769099927.313665 9.525880 -13.893230 -2.932876
1769099927.363675 9.519764 -13.894525 -2.931927
1769099927.423725 9.513624 -13.895832 -2.931294
1769099927.458721 9.504267 -13.897829 -2.931927
1769099927.513674 9.497905 -13.899183 -2.932876
1769099927.568681 9.491541 -13.900530 -2.933825
1769099927.613658 9.482081 -13.902525 -2.935090
1769099927.663672 9.475590 -13.903885 -2.935723
1769099927.718700 9.469148 -13.905230 -2.936356
1769099927.763726 9.459608 -13.907216 -2.937305
1769099927.813729 9.453437 -13.908494 -2.938254
1769099927.868717 9.447240 -13.909772 -2.937622
1769099927.913737 9.437994 -13.911684 -2.937938
1769099927.963675 9.431723 -13.912980 -2.936989
1769099928.018714 9.425577 -13.914255 -2.935723
1769099928.063729 9.416063 -13.916242 -2.932559
1769099928.113765 9.409725 -13.917586 -2.932559
1769099928.168703 9.403386 -13.918931 -2.930661
1769099928.213669 9.394328 -13.920870 -2.930661
1769099928.263798 9.388091 -13.922206 -2.931294
1769099928.318685 9.382076 -13.923490 -2.932876
1769099928.363770 9.372493 -13.925519 -2.935723
1769099928.413738 9.366076 -13.926859 -2.937938
1769099928.463742 9.359953 -13.928124 -2.937622
1769099928.513674 9.350337 -13.930113 -2.937622
1769099928.563721 9.343991 -13.931426 -2.936356
1769099928.618687 9.337722 -13.932731 -2.936040
1769099928.663742 9.328529 -13.934647 -2.933192
1769099928.713717 9.322289 -13.935967 -2.933192
1769099928.768692 9.316445 -13.937203 -2.933825
1769099928.813695 9.307083 -13.939176 -2.932559
1769099928.858696 9.300745 -13.940521 -2.932559
1769099928.918715 9.294283 -13.941892 -2.932876
1769099928.963693 9.284972 -13.943864 -2.934141
1769099929.018694 9.278508 -13.945224 -2.934458
1769099929.063720 9.269219 -13.947176 -2.936040
1769099929.113662 9.263248 -13.948421 -2.936989
1769099929.173699 9.256928 -13.949733 -2.938571
1769099929.218707 9.247483 -13.951677 -2.940153
1769099929.263679 9.241333 -13.952933 -2.939520
1769099929.323718 9.235084 -13.954213 -2.938254
1769099929.368705 9.225888 -13.956109 -2.935407
1769099929.413687 9.219694 -13.957405 -2.934774
1769099929.468791 9.213427 -13.958720 -2.932559
1769099929.513786 9.204142 -13.960690 -2.930977
1769099929.563704 9.197880 -13.962028 -2.931294
1769099929.623710 9.191617 -13.963365 -2.930977
1769099929.668761 9.182038 -13.965413 -2.933192
1769099929.723753 9.175625 -13.966769 -2.934774
1769099929.763716 9.169110 -13.968136 -2.935723
1769099929.813811 9.162742 -13.969466 -2.936672
1769099929.863763 9.153103 -13.971469 -2.937622
1769099929.913763 9.146757 -13.972782 -2.936356
1769099929.968747 9.140637 -13.974056 -2.936040
1769099930.013756 9.131345 -13.975993 -2.935723
1769099930.063740 9.125077 -13.977302 -2.934141
1769099930.118720 9.118885 -13.978605 -2.934141
1769099930.163717 9.109547 -13.980571 -2.933192
1769099930.213720 9.103158 -13.981922 -2.931927
1769099930.268721 9.096722 -13.983292 -2.931927
1769099930.313785 9.087191 -13.985320 -2.931610
1769099930.363715 9.080754 -13.986691 -2.932876
1769099930.418729 9.074762 -13.987961 -2.934141
1769099930.458721 9.065573 -13.989895 -2.936989
1769099930.523724 9.059204 -13.991216 -2.939203
1769099930.568738 9.049931 -13.993119 -2.939836
1769099930.613720 9.043608 -13.994413 -2.940153
1769099930.673776 9.037358 -13.995689 -2.938254
1769099930.713708 9.027963 -13.997626 -2.936672
1769099930.763742 9.021867 -13.998893 -2.935407
1769099930.828747 9.015797 -14.000162 -2.933825
1769099930.863745 9.006559 -14.002110 -2.931610
1769099930.913728 9.000272 -14.003450 -2.931610
1769099930.973787 8.993984 -14.004790 -2.932243
1769099931.013796 8.984774 -14.006747 -2.932243
1769099931.058740 8.978238 -14.008135 -2.933509
1769099931.118724 8.971873 -14.009479 -2.933825
1769099931.163734 8.962586 -14.011437 -2.934774
1769099931.213737 8.956170 -14.012783 -2.936356
1769099931.268720 8.950372 -14.013990 -2.936356
1769099931.313738 8.941228 -14.015894 -2.937305
1769099931.373745 8.935255 -14.017131 -2.936989
1769099931.413726 8.926011 -14.019049 -2.936040
1769099931.463743 8.920040 -14.020294 -2.935090
1769099931.518745 8.913995 -14.021561 -2.933192
1769099931.558730 8.904882 -14.023488 -2.931294
1769099931.618729 8.898867 -14.024772 -2.930977
1769099931.663748 8.889734 -14.026724 -2.931294
1769099931.713732 8.883818 -14.027987 -2.932243
1769099931.768769 8.877480 -14.029334 -2.933509
1769099931.813741 8.867871 -14.031362 -2.936672
1769099931.858752 8.861379 -14.032712 -2.937938
1769099931.918733 8.854934 -14.034043 -2.939203
1769099931.963761 8.845314 -14.036017 -2.939203
1769099932.008771 8.839041 -14.037304 -2.938887
1769099932.068761 8.832793 -14.038588 -2.936989
1769099932.113755 8.823673 -14.040481 -2.935723
1769099932.163756 8.817553 -14.041759 -2.934141
1769099932.223753 8.811386 -14.043057 -2.933825
1769099932.263779 8.801950 -14.045046 -2.932876
1769099932.308755 8.795537 -14.046404 -2.931927
1769099932.368760 8.789125 -14.047769 -2.931610
1769099932.413760 8.779916 -14.049731 -2.932243
1769099932.458763 8.773826 -14.051025 -2.932876
1769099932.518824 8.767759 -14.052310 -2.933825
1769099932.563758 8.758323 -14.054299 -2.935407
1769099932.633814 8.752278 -14.055564 -2.936040
1769099932.668742 8.743160 -14.057465 -2.937938
1769099932.713838 8.736914 -14.058755 -2.938571
1769099932.768770 8.730914 -14.059990 -2.937305
1769099932.813773 8.721422 -14.061956 -2.935090
1769099932.858812 8.715179 -14.063264 -2.933192
1769099932.918765 8.708914 -14.064589 -2.929712
1769099932.963766 8.699610 -14.066590 -2.924650
1769099933.013767 8.693455 -14.067947 -2.921170
1769099933.068787 8.687157 -14.069358 -2.918322
1769099933.113765 8.677753 -14.071493 -2.914209
1769099933.163781 8.671243 -14.073000 -2.910413
1769099933.218781 8.664911 -14.074490 -2.906932
1769099933.263781 8.655237 -14.076803 -2.902187
1769099933.318774 8.648918 -14.078345 -2.898706
1769099933.373780 8.642677 -14.079892 -2.894910
1769099933.413756 8.633400 -14.082228 -2.889215
1769099933.458819 8.627419 -14.083770 -2.884153
1769099933.518758 8.621374 -14.085362 -2.879407
1769099933.563764 8.612402 -14.087769 -2.871497
1769099933.623779 8.606499 -14.089404 -2.865170
1769099933.668757 8.597855 -14.091856 -2.857260
1769099933.713759 8.591563 -14.093695 -2.851249
1769099933.768791 8.585767 -14.095427 -2.849034
1769099933.808784 8.576436 -14.098237 -2.843023
1769099933.858809 8.570412 -14.100091 -2.839543
1769099933.918791 8.564226 -14.102018 -2.835746
1769099933.963796 8.554861 -14.104975 -2.831317
1769099934.013784 8.548619 -14.106977 -2.827836
1769099934.068816 8.542672 -14.108906 -2.823723
1769099934.113835 8.533416 -14.111952 -2.820243
1769099934.163789 8.527268 -14.113999 -2.817079
1769099934.213787 8.521271 -14.116016 -2.815814
1769099934.263769 8.512638 -14.118932 -2.815181
1769099934.313790 8.506717 -14.120937 -2.814232
1769099934.368773 8.501036 -14.122866 -2.812650
1769099934.408854 8.491838 -14.126006 -2.810752
1769099934.468791 8.485806 -14.128078 -2.810752
1769099934.518789 8.476805 -14.131169 -2.810119
1769099934.563794 8.470631 -14.133294 -2.811385
1769099934.623779 8.464453 -14.135411 -2.813283
1769099934.668801 8.455349 -14.138513 -2.816447
1769099934.713795 8.449401 -14.140518 -2.817712
1769099934.773803 8.443258 -14.142580 -2.818978
1769099934.813794 8.434184 -14.145613 -2.818345
1769099934.863802 8.428112 -14.147647 -2.817396
1769099934.923819 8.422018 -14.149695 -2.816130
1769099934.963800 8.412881 -14.152779 -2.813283
1769099935.013804 8.407083 -14.154754 -2.811385
1769099935.068807 8.401169 -14.156781 -2.811701
1769099935.113824 8.392429 -14.159774 -2.812017
1769099935.173810 8.386753 -14.161715 -2.810435
1769099935.213809 8.378017 -14.164719 -2.811385
1769099935.263790 8.371887 -14.166820 -2.811385
1769099935.318789 8.365877 -14.168880 -2.811701
1769099935.363861 8.356419 -14.172118 -2.812650
1769099935.423810 8.350646 -14.174089 -2.814232
1769099935.463823 8.341730 -14.177116 -2.816130
1769099935.513800 8.335951 -14.179067 -2.816447
1769099935.573817 8.330242 -14.180991 -2.817079
1769099935.613815 8.321198 -14.184033 -2.815497
1769099935.663816 8.315252 -14.186044 -2.813599
1769099935.713816 8.309405 -14.188034 -2.812334
1769099935.763864 8.300639 -14.191029 -2.810435
1769099935.813882 8.294440 -14.193161 -2.809486
1769099935.868818 8.288338 -14.195265 -2.810435
1769099935.913946 8.279147 -14.198425 -2.811068
1769099935.958905 8.273330 -14.200421 -2.812650
1769099936.018858 8.267245 -14.202498 -2.813916
1769099936.063868 8.257947 -14.205659 -2.815814
1769099936.113870 8.251833 -14.207724 -2.818029
1769099936.168817 8.245521 -14.209841 -2.817079
1769099936.213816 8.236381 -14.212915 -2.818029
1769099936.268865 8.230646 -14.214839 -2.817712
1769099936.313826 8.221672 -14.217851 -2.815814
1769099936.363913 8.216181 -14.219706 -2.814865
1769099936.418825 8.210068 -14.221778 -2.813916
1769099936.463881 8.201561 -14.224670 -2.811068
1769099936.513814 8.195887 -14.226617 -2.812017
1769099936.568882 8.189756 -14.228714 -2.810752
1769099936.613834 8.180468 -14.231904 -2.810752
1769099936.673890 8.174555 -14.233935 -2.811068
1769099936.713822 8.165578 -14.237015 -2.812650
1769099936.763814 8.159350 -14.239141 -2.814548
1769099936.818838 8.153309 -14.241190 -2.816447
1769099936.863835 8.144147 -14.244278 -2.817712
1769099936.908835 8.138149 -14.246292 -2.817712
1769099936.973841 8.132150 -14.248306 -2.817079
1769099937.008829 8.122842 -14.251437 -2.813283
1769099937.063894 8.117212 -14.253355 -2.812966
1769099937.118836 8.110959 -14.255487 -2.810752
1769099937.163848 8.102102 -14.258529 -2.810752
1769099937.213815 8.096309 -14.260519 -2.811385
1769099937.263848 8.090563 -14.262489 -2.812017
1769099937.313827 8.081726 -14.265511 -2.812334
1769099937.368837 8.075858 -14.267516 -2.813283
1769099937.418862 8.067208 -14.270463 -2.815497
1769099937.468897 8.061190 -14.272498 -2.814548
1769099937.513846 8.052202 -14.275547 -2.818029
1769099937.573852 8.046299 -14.277526 -2.818661
1769099937.613839 8.037658 -14.280418 -2.818661
1769099937.663829 8.032089 -14.282282 -2.818661
1769099937.723860 8.025921 -14.284346 -2.817712
1769099937.763891 8.017162 -14.287286 -2.814232
1769099937.808903 8.011434 -14.289231 -2.813283
1769099937.863933 8.005708 -14.291182 -2.810435
1769099937.913849 7.996804 -14.294243 -2.809803
1769099937.968861 7.990941 -14.296263 -2.810119
1769099938.008883 7.982326 -14.299228 -2.810119
1769099938.073908 7.976342 -14.301288 -2.812650
1769099938.113843 7.967551 -14.304288 -2.814232
1769099938.173916 7.961680 -14.306282 -2.815181
1769099938.208838 7.953145 -14.309171 -2.816447
1769099938.263856 7.947388 -14.311112 -2.816447
1769099938.313872 7.941464 -14.313109 -2.816763
1769099938.363901 7.932613 -14.316090 -2.815181
1769099938.418847 7.926643 -14.318111 -2.813599
1769099938.463906 7.918353 -14.320932 -2.812334
1769099938.523861 7.912652 -14.322880 -2.812334
1769099938.568903 7.903791 -14.325908 -2.811701
1769099938.608915 7.898211 -14.327818 -2.812650
1769099938.668853 7.892462 -14.329780 -2.812017
1769099938.713867 7.883218 -14.332942 -2.812650
1769099938.773859 7.877158 -14.335011 -2.811068
1769099938.818852 7.867869 -14.338198 -2.814865
1769099938.863867 7.861612 -14.340318 -2.815814
1769099938.913850 7.855450 -14.342400 -2.817396
1769099938.968869 7.849332 -14.344456 -2.818978
1769099939.013856 7.840498 -14.347409 -2.819610
1769099939.078873 7.834663 -14.349356 -2.818029
1769099939.113940 7.825616 -14.352389 -2.815814
1769099939.163861 7.819933 -14.354309 -2.812966
1769099939.213868 7.814088 -14.356302 -2.811068
1769099939.263874 7.805517 -14.359243 -2.810435
1769099939.323881 7.799485 -14.361317 -2.809170
1769099939.368945 7.790633 -14.364373 -2.811701
1769099939.408949 7.784862 -14.366349 -2.811385
1769099939.468884 7.779020 -14.368352 -2.813283
1769099939.513863 7.769892 -14.371461 -2.814865
1769099939.578859 7.763683 -14.373565 -2.815181
1769099939.613929 7.754501 -14.376673 -2.814865
1769099939.663884 7.748796 -14.378607 -2.816763
1769099939.723915 7.742463 -14.380739 -2.814865
1769099939.768970 7.733546 -14.383761 -2.814865
1769099939.813888 7.727601 -14.385776 -2.814865
1769099939.868948 7.721608 -14.387807 -2.814232
1769099939.913923 7.712932 -14.390753 -2.812334
1769099939.963896 7.707064 -14.392758 -2.811385
1769099940.018909 7.701078 -14.394809 -2.810752
1769099940.063904 7.692077 -14.397901 -2.810119
1769099940.118881 7.685903 -14.400026 -2.810752
1769099940.173895 7.679535 -14.402213 -2.812017
1769099940.213876 7.670171 -14.405416 -2.815497
1769099940.263877 7.664153 -14.407451 -2.817712
1769099940.318890 7.657914 -14.409545 -2.819610
1769099940.363880 7.649319 -14.412413 -2.818978
1769099940.423895 7.643270 -14.414435 -2.818345
1769099940.468955 7.634414 -14.417402 -2.816130
1769099940.518872 7.628394 -14.419433 -2.813916
1769099940.573900 7.622595 -14.421404 -2.812017
1769099940.613885 7.613590 -14.424485 -2.810752
1769099940.678899 7.607702 -14.426507 -2.812017
1769099940.718901 7.599080 -14.429456 -2.811385
1769099940.768902 7.593382 -14.431409 -2.811385
1769099940.818917 7.587659 -14.433371 -2.811701
1769099940.863910 7.578632 -14.436462 -2.813283
1769099940.918904 7.572259 -14.438633 -2.813283
1769099940.968919 7.566461 -14.440608 -2.814548
1769099941.013910 7.557113 -14.443779 -2.815181
1769099941.063925 7.551023 -14.445840 -2.815814
1769099941.118921 7.544932 -14.447898 -2.817079
1769099941.163922 7.536200 -14.450835 -2.815181
1769099941.223925 7.530326 -14.452824 -2.814865
1769099941.268976 7.521481 -14.455821 -2.811385
1769099941.313890 7.515543 -14.457856 -2.811385
1769099941.373910 7.509294 -14.459998 -2.809170
1769099941.413917 7.500178 -14.463145 -2.809486
1769099941.463912 7.493981 -14.465283 -2.810435
1769099941.523916 7.488165 -14.467282 -2.811385
1769099941.563915 7.478923 -14.470450 -2.814548
1769099941.613921 7.472978 -14.472467 -2.816447
1769099941.673941 7.466982 -14.474488 -2.817712
1769099941.713929 7.457792 -14.477573 -2.819294
1769099941.768970 7.451622 -14.479634 -2.817712
1769099941.818930 7.445528 -14.481680 -2.817079
1769099941.863908 7.436484 -14.484722 -2.815497
1769099941.923914 7.430993 -14.486579 -2.813916
1769099941.968926 7.422246 -14.489552 -2.812966
1769099942.013933 7.416281 -14.491586 -2.811385
1769099942.073926 7.410582 -14.493539 -2.812017
1769099942.118911 7.401530 -14.496636 -2.811385
1769099942.163981 7.395353 -14.498753 -2.810752
1769099942.218938 7.389057 -14.500915 -2.811068
1769099942.263927 7.380438 -14.503873 -2.811701
1769099942.323923 7.374404 -14.505939 -2.812334
1769099942.368927 7.365590 -14.508951 -2.816130
1769099942.413906 7.359474 -14.511014 -2.817079
1769099942.468926 7.353693 -14.512959 -2.817396
1769099942.518980 7.344960 -14.515894 -2.816763
1769099942.563916 7.339203 -14.517833 -2.813599
1769099942.618936 7.333236 -14.519863 -2.813916
1769099942.683913 7.324346 -14.522885 -2.811068
1769099942.718917 7.318624 -14.524848 -2.810119
1769099942.768948 7.309793 -14.527888 -2.809803
1769099942.818917 7.303643 -14.530007 -2.810119
1769099942.868939 7.297540 -14.532107 -2.811701
1769099942.913936 7.288273 -14.535280 -2.812650
1769099942.968937 7.282644 -14.537202 -2.814232
1769099943.018961 7.276317 -14.539350 -2.814232
1769099943.063925 7.267353 -14.542394 -2.817396
1769099943.118993 7.261427 -14.544386 -2.817712
1769099943.163938 7.252717 -14.547310 -2.817396
1769099943.223920 7.247151 -14.549180 -2.817396
1769099943.268943 7.238106 -14.552220 -2.815814
1769099943.318943 7.232518 -14.554107 -2.814232
1769099943.373959 7.226743 -14.556069 -2.812650
1769099943.413942 7.217832 -14.559110 -2.810119
1769099943.478948 7.212160 -14.561062 -2.810435
1769099943.513949 7.202992 -14.564214 -2.809486
1769099943.568954 7.197226 -14.566203 -2.809803
1769099943.623964 7.191243 -14.568264 -2.811068
1769099943.663944 7.182481 -14.571271 -2.813599
1769099943.724041 7.176610 -14.573268 -2.815181
1769099943.763978 7.167284 -14.576425 -2.816763
1769099943.818989 7.161695 -14.578307 -2.817079
1769099943.868969 7.155842 -14.580277 -2.816447
1769099943.914058 7.146680 -14.583365 -2.815181
1769099943.969044 7.140566 -14.585435 -2.812966
1769099944.018995 7.134553 -14.587485 -2.812650
1769099944.068966 7.125786 -14.590478 -2.811385
1769099944.118959 7.119801 -14.592529 -2.811385
1769099944.173971 7.113743 -14.594606 -2.811068
1769099944.218966 7.104502 -14.597776 -2.810435
1769099944.263970 7.098925 -14.599694 -2.812650
1769099944.313944 7.092601 -14.601852 -2.811385
1769099944.363969 7.083646 -14.604922 -2.814548
1769099944.423941 7.077654 -14.606954 -2.815814
1769099944.463967 7.068230 -14.610138 -2.817396
1769099944.518952 7.062280 -14.612138 -2.818661
1769099944.578970 7.056136 -14.614194 -2.818661
1769099944.613952 7.047639 -14.617037 -2.818029
1769099944.663966 7.041687 -14.619033 -2.816130
1769099944.723971 7.035740 -14.621040 -2.814232
1769099944.763967 7.026656 -14.624125 -2.810119
1769099944.823974 7.020769 -14.626151 -2.808221
1769099944.863963 7.011944 -14.629207 -2.804108
1769099944.913973 7.006044 -14.631277 -2.802526
1769099944.968978 7.000316 -14.633298 -2.799362
1769099945.013969 6.991422 -14.636466 -2.794616
1769099945.078984 6.985686 -14.638540 -2.792401
1769099945.119035 6.976577 -14.641857 -2.787023
1769099945.169024 6.970714 -14.644027 -2.782277
1769099945.223987 6.964577 -14.646332 -2.778797
1769099945.263983 6.955751 -14.649683 -2.771520
1769099945.318997 6.949663 -14.652045 -2.766458
1769099945.373980 6.943752 -14.654372 -2.762978
1769099945.413967 6.935309 -14.657731 -2.756334
1769099945.464026 6.929351 -14.660147 -2.751904
1769099945.523973 6.923521 -14.662541 -2.746526
1769099945.569028 6.914551 -14.666282 -2.737034
1769099945.613986 6.908710 -14.668783 -2.732921
1769099945.668968 6.902927 -14.671287 -2.728808
1769099945.718988 6.894256 -14.675085 -2.723113
1769099945.774001 6.888359 -14.677707 -2.722164
1769099945.819004 6.879644 -14.681593 -2.719950
1769099945.864096 6.873801 -14.684214 -2.716469
1769099945.924010 6.867806 -14.686928 -2.714571
1769099945.969015 6.859305 -14.690796 -2.707294
1769099946.014001 6.853863 -14.693320 -2.700650
1769099946.068997 6.847981 -14.696097 -2.694639
1769099946.118996 6.839672 -14.700079 -2.685780
1769099946.178996 6.834014 -14.702853 -2.681667
1769099946.219048 6.825735 -14.706954 -2.674390
1769099946.263990 6.820063 -14.709815 -2.669645
1769099946.324002 6.814359 -14.712726 -2.666164
1769099946.363995 6.805988 -14.717036 -2.661102
1769099946.414079 6.800579 -14.719855 -2.655091
1769099946.469046 6.794806 -14.722909 -2.650662
1769099946.519048 6.786257 -14.727479 -2.644650
1769099946.563985 6.780739 -14.730471 -2.642119
1769099946.624000 6.775074 -14.733563 -2.640537
1769099946.669004 6.766571 -14.738219 -2.635792
1769099946.719002 6.760881 -14.741371 -2.632311
1769099946.773966 6.755666 -14.744283 -2.629780
1769099946.819045 6.747192 -14.749043 -2.625351
1769099946.874092 6.741953 -14.752017 -2.622187
1769099946.914012 6.733691 -14.756741 -2.618391
1769099946.968981 6.728364 -14.759814 -2.616809
1769099947.019004 6.722909 -14.762971 -2.617758
1769099947.064054 6.714932 -14.767580 -2.619023
1769099947.124013 6.709602 -14.770649 -2.619972
1769099947.169006 6.701351 -14.775392 -2.623769
1769099947.219010 6.695985 -14.778449 -2.624402
1769099947.279058 6.690199 -14.781740 -2.625984
1769099947.314053 6.681589 -14.786619 -2.625035
1769099947.369020 6.676241 -14.789657 -2.624085
1769099947.419015 6.670632 -14.792850 -2.623769
1769099947.464022 6.662626 -14.797411 -2.623769
1769099947.529038 6.657370 -14.800405 -2.624085
1769099947.569034 6.649407 -14.804938 -2.623453
1769099947.619020 6.643954 -14.808046 -2.621554
1769099947.674028 6.638331 -14.811266 -2.620922
1769099947.714032 6.630054 -14.816013 -2.618707
1769099947.769053 6.624462 -14.819236 -2.617758
1769099947.824048 6.619136 -14.822313 -2.617441
1769099947.864031 6.611007 -14.827012 -2.619656
1769099947.914031 6.605412 -14.830230 -2.621238
1769099947.969027 6.599702 -14.833502 -2.623136
1769099948.014038 6.591502 -14.838180 -2.625351
1769099948.074037 6.586109 -14.841241 -2.626300
1769099948.119028 6.577563 -14.846081 -2.626300
1769099948.169040 6.572035 -14.849212 -2.623453
1769099948.224028 6.566758 -14.852220 -2.621554
1769099948.264035 6.559092 -14.856609 -2.618707
1769099948.319031 6.553676 -14.859731 -2.619656
1769099948.374091 6.548081 -14.862949 -2.618707
1769099948.419034 6.539880 -14.867677 -2.619972
1769099948.464041 6.534284 -14.870893 -2.620289
1769099948.519042 6.528928 -14.873968 -2.620922
1769099948.564035 6.520321 -14.878904 -2.622187
1769099948.619054 6.514696 -14.882120 -2.622187
1769099948.674039 6.509006 -14.885374 -2.623136
1769099948.714042 6.500498 -14.890228 -2.625351
1769099948.764023 6.494840 -14.893439 -2.626300
1769099948.824037 6.489268 -14.896594 -2.625984
1769099948.864040 6.480901 -14.901337 -2.626616
1769099948.924043 6.475724 -14.904266 -2.625667
1769099948.969059 6.467622 -14.908861 -2.621871
1769099949.014057 6.462130 -14.912004 -2.619972
1769099949.069048 6.456622 -14.915170 -2.618391
1769099949.119041 6.448641 -14.919773 -2.617125
1769099949.164064 6.443339 -14.922840 -2.617758
1769099949.219024 6.437794 -14.926043 -2.619340
1769099949.264049 6.429634 -14.930740 -2.621238
1769099949.324058 6.424188 -14.933861 -2.621238
1769099949.369047 6.415953 -14.938580 -2.624085
1769099949.419064 6.410234 -14.941836 -2.624718
1769099949.469044 6.404556 -14.945063 -2.623453
1769099949.514088 6.396201 -14.949826 -2.622187
1769099949.564053 6.390927 -14.952841 -2.622187
1769099949.619051 6.385456 -14.955970 -2.621871
1769099949.659056 6.377504 -14.960520 -2.620605
1769099949.714053 6.371950 -14.963707 -2.620289
1769099949.769075 6.366660 -14.966745 -2.619340
1769099949.819085 6.358302 -14.971556 -2.619656
1769099949.864097 6.352554 -14.974862 -2.619656
1769099949.919082 6.347310 -14.977878 -2.619972
1769099949.964090 6.338817 -14.982758 -2.619656
1769099950.019077 6.333113 -14.986039 -2.622187
1769099950.064098 6.325246 -14.990537 -2.624718
1769099950.114072 6.319525 -14.993789 -2.626616
1769099950.189078 6.314216 -14.996793 -2.627566
1769099950.224065 6.305797 -15.001547 -2.626300
1769099950.359068 6.300423 -15.004591 -2.624402
1769099950.379048 6.294923 -15.007719 -2.623136
1769099950.399065 6.286745 -15.012385 -2.619972
1769099950.474063 6.281610 -15.015336 -2.618074
1769099950.509069 6.273609 -15.019955 -2.617758
1769099950.609067 6.268064 -15.023158 -2.618707
1769099950.634118 6.262406 -15.026419 -2.620605
1769099950.654111 6.254108 -15.031181 -2.621238
1769099950.704082 6.248333 -15.034491 -2.622187
1769099950.719074 6.242576 -15.037782 -2.622187
1769099950.844078 6.234644 -15.042318 -2.622504
1769099950.864074 6.228974 -15.045557 -2.623136
1769099950.884073 6.223434 -15.048718 -2.622504
1769099950.914066 6.215061 -15.053502 -2.624085
1769099950.999081 6.209782 -15.056507 -2.624085
1769099951.029073 6.204304 -15.059625 -2.623136
1769099951.134059 6.196170 -15.064266 -2.621871
1769099951.154060 6.190964 -15.067245 -2.620922
1769099951.639097 6.182554 -15.072067 -2.618074
1769099951.674072 6.177249 -15.075129 -2.618074
1769099951.704124 6.171988 -15.078166 -2.618074
1769099951.734100 6.163637 -15.082987 -2.619656
1769099951.754142 6.157976 -15.086243 -2.621554
1769099951.779141 6.152331 -15.089475 -2.624402
1769099951.799083 6.143751 -15.094356 -2.627566
1769099951.829069 6.138043 -15.097579 -2.627882
1769099951.849107 6.132598 -15.100651 -2.626933
1769099951.869077 6.124182 -15.105411 -2.625035
1769099951.889124 6.118680 -15.108536 -2.622504
1769099951.909095 6.110768 -15.113056 -2.621238
1769099951.929096 6.105322 -15.116177 -2.619972
1769099951.949134 6.100143 -15.119153 -2.619972
1769099951.969090 6.092133 -15.123757 -2.619656
1769099951.989132 6.086494 -15.127000 -2.620605
1769099952.019132 6.080896 -15.130212 -2.620289
1769099952.039075 6.072666 -15.134939 -2.620605
1769099952.059094 6.067046 -15.138164 -2.619972
1769099952.119105 6.061713 -15.141229 -2.619656
1769099952.159097 6.053112 -15.146176 -2.621554
1769099952.224149 6.047841 -15.149194 -2.624085
1769099952.279104 6.039460 -15.153965 -2.625035
1769099952.319103 6.033892 -15.157128 -2.624718
1769099952.374080 6.028303 -15.160305 -2.624718
1769099952.414086 6.020227 -15.164895 -2.622504
1769099952.464115 6.014623 -15.168097 -2.620289
1769099952.524110 6.009092 -15.171273 -2.617125
1769099952.569098 6.000920 -15.176001 -2.616809
1769099952.619100 5.995269 -15.179273 -2.618074
1769099952.669104 5.989701 -15.182487 -2.619340
1769099952.714092 5.981563 -15.187171 -2.622820
1769099952.764089 5.976221 -15.190220 -2.623769
1769099952.824111 5.970415 -15.193528 -2.626300
1769099952.864123 5.961782 -15.198417 -2.626300
1769099952.914093 5.956100 -15.201635 -2.625667
1769099952.969130 5.950772 -15.204657 -2.623769
1769099953.009120 5.942415 -15.209418 -2.623136
1769099953.064130 5.937248 -15.212365 -2.623453
1769099953.119111 5.931817 -15.215461 -2.622504
1769099953.159117 5.923818 -15.220032 -2.621871
1769099953.224113 5.918304 -15.223187 -2.620922
1769099953.259117 5.910246 -15.227808 -2.619972
1769099953.309118 5.904891 -15.230885 -2.618707
1769099953.369118 5.899299 -15.234109 -2.618391
1769099953.414106 5.890858 -15.238977 -2.618707
1769099953.464120 5.885508 -15.242062 -2.619972
1769099953.519120 5.879868 -15.245303 -2.622187
1769099953.564102 5.871716 -15.249964 -2.624402
1769099953.624131 5.866084 -15.253168 -2.625667
1769099953.664105 5.857850 -15.257838 -2.626300
1769099953.709142 5.852322 -15.260968 -2.624718
1769099953.764172 5.846975 -15.264008 -2.623136
1769099953.814108 5.838928 -15.268598 -2.618707
1769099953.859120 5.833556 -15.271695 -2.618391
1769099953.914177 5.828316 -15.274717 -2.617441
1769099953.964174 5.820340 -15.279328 -2.618074
1769099954.019157 5.814794 -15.282530 -2.619656
1769099954.059152 5.806676 -15.287199 -2.621554
1769099954.124153 5.801184 -15.290343 -2.622820
1769099954.164136 5.793162 -15.294924 -2.623769
1769099954.214113 5.787466 -15.298169 -2.624085
1769099954.269130 5.782054 -15.301249 -2.624085
1769099954.314128 5.773938 -15.305869 -2.625035
1769099954.374124 5.768326 -15.309057 -2.625351
1769099954.414136 5.760335 -15.313592 -2.625035
1769099954.459126 5.755097 -15.316567 -2.625035
1769099954.519188 5.749903 -15.319518 -2.623136
1769099954.559128 5.741879 -15.324096 -2.620922
1769099954.614151 5.736324 -15.327281 -2.618707
1769099954.664154 5.730820 -15.330454 -2.617758
1769099954.714126 5.722689 -15.335151 -2.617441
1769099954.764205 5.717101 -15.338381 -2.618391
1769099954.824147 5.711466 -15.341631 -2.619972
1769099954.864151 5.703018 -15.346487 -2.621554
1769099954.924158 5.697680 -15.349543 -2.624402
1769099954.969142 5.689056 -15.354449 -2.625667
1769099955.009203 5.683420 -15.357645 -2.624402
1769099955.059127 5.677700 -15.360899 -2.624402
1769099955.119163 5.672200 -15.364028 -2.621871
1769099955.164140 5.663940 -15.368754 -2.620605
1769099955.209159 5.658408 -15.371929 -2.619972
1769099955.264153 5.652899 -15.375094 -2.619656
1769099955.314151 5.644584 -15.379877 -2.619972
1769099955.374144 5.639339 -15.382891 -2.620289
1769099955.414137 5.631174 -15.387580 -2.620289
1769099955.459149 5.625424 -15.390883 -2.619656
1769099955.519165 5.620136 -15.393924 -2.621238
1769099955.564223 5.611923 -15.398631 -2.622504
1769099955.614140 5.606275 -15.401858 -2.624718
1769099955.669146 5.600576 -15.405097 -2.625667
1769099955.714141 5.592077 -15.409917 -2.626933
1769099955.764167 5.586790 -15.412907 -2.627566
1769099955.819191 5.581236 -15.416043 -2.626300
1769099955.864273 5.572911 -15.420758 -2.623769
1769099955.919210 5.567632 -15.423765 -2.620605
1769099955.964252 5.560015 -15.428136 -2.618391
1769099956.009158 5.554775 -15.431159 -2.617441
1769099956.064207 5.549297 -15.434326 -2.618074
1769099956.114143 5.541208 -15.438995 -2.619023
1769099956.169168 5.535834 -15.442090 -2.620605
1769099956.219211 5.527646 -15.446789 -2.622187
1769099956.259213 5.521933 -15.450055 -2.622820
1769099956.319161 5.516196 -15.453331 -2.623769
1769099956.364178 5.507663 -15.458192 -2.624402
1769099956.414159 5.501987 -15.461421 -2.622504
1769099956.469174 5.496779 -15.464397 -2.623453
1769099956.514156 5.488775 -15.468959 -2.623453
1769099956.559176 5.483278 -15.472093 -2.622820
1769099956.619182 5.477783 -15.475231 -2.621554
1769099956.664179 5.469766 -15.479821 -2.621238
1769099956.719164 5.464407 -15.482892 -2.619972
1769099956.764236 5.456024 -15.487710 -2.618707
1769099956.814157 5.450739 -15.490756 -2.618391
1769099956.864155 5.445083 -15.494019 -2.618391
1769099956.914168 5.436971 -15.498698 -2.621554
1769099956.974175 5.431589 -15.501779 -2.624402
1769099957.014155 5.423339 -15.506472 -2.626616
1769099957.059185 5.417986 -15.509502 -2.628198
1769099957.119249 5.412276 -15.512721 -2.629148
1769099957.164179 5.404158 -15.517288 -2.629148
1769099957.214165 5.398533 -15.520453 -2.630729
1769099957.264190 5.393035 -15.523534 -2.631679
1769099957.314167 5.385061 -15.527994 -2.635792
1769099957.374168 5.379835 -15.530888 -2.638955
1769099957.414177 5.371451 -15.535497 -2.645283
1769099957.459184 5.365731 -15.538595 -2.651294
1769099957.519171 5.360037 -15.541634 -2.656040
1769099957.564188 5.351576 -15.546099 -2.662368
1769099957.614174 5.345871 -15.549063 -2.668696
1769099957.669284 5.339900 -15.552118 -2.670910
1769099957.714232 5.331192 -15.556549 -2.679136
1769099957.774159 5.325756 -15.559259 -2.684198
1769099957.819273 5.319942 -15.562120 -2.688628
1769099957.864227 5.311658 -15.566152 -2.694955
1769099957.914205 5.305974 -15.568875 -2.698436
1769099957.969200 5.300189 -15.571620 -2.702549
1769099958.009242 5.291529 -15.575687 -2.705712
1769099958.059210 5.285793 -15.578359 -2.708243
1769099958.119200 5.279775 -15.581143 -2.711407
1769099958.164201 5.271355 -15.585007 -2.718368
1769099958.214285 5.265239 -15.587761 -2.723113
1769099958.269186 5.259388 -15.590364 -2.730390
1769099958.314208 5.250294 -15.594330 -2.741147
1769099958.364187 5.244583 -15.596747 -2.746526
1769099958.414195 5.238649 -15.599221 -2.752221
1769099958.459282 5.230102 -15.602728 -2.756967
1769099958.524192 5.224167 -15.605131 -2.759181
1769099958.559266 5.215502 -15.608616 -2.761396
1769099958.609210 5.210002 -15.610814 -2.763927
1769099958.669210 5.204026 -15.613185 -2.767091
1769099958.714191 5.195169 -15.616666 -2.773418
1769099958.764315 5.189194 -15.618971 -2.776899
1769099958.824249 5.183141 -15.621282 -2.780695
1769099958.864203 5.174450 -15.624562 -2.784176
1769099958.914201 5.168404 -15.626820 -2.785125
1769099958.969225 5.162545 -15.629002 -2.786074
1769099959.009218 5.153244 -15.632455 -2.787339
1769099959.074208 5.147499 -15.634580 -2.788605
1769099959.119236 5.138379 -15.637940 -2.789238
1769099959.164269 5.132725 -15.640019 -2.789870
1769099959.224200 5.127046 -15.642103 -2.789554
1769099959.264276 5.118161 -15.645367 -2.787656
1769099959.309212 5.112225 -15.647560 -2.787023
1769099959.374211 5.106291 -15.649757 -2.785125
1769099959.409227 5.097539 -15.653016 -2.783543
1769099959.464219 5.091375 -15.655322 -2.782910
1769099959.524233 5.085308 -15.657597 -2.782910
1769099959.559225 5.076065 -15.661062 -2.785441
1769099959.624268 5.070372 -15.663180 -2.787339
1769099959.664261 5.061469 -15.666473 -2.790820
1769099959.714226 5.055670 -15.668595 -2.791452
1769099959.769235 5.049750 -15.670757 -2.791769
1769099959.809235 5.040595 -15.674097 -2.792085
1769099959.864233 5.034579 -15.676289 -2.790503
1769099959.929288 5.028542 -15.678500 -2.788605
1769099959.964288 5.019826 -15.681712 -2.786390
1769099960.009374 5.013964 -15.683886 -2.785441
1769099960.064225 5.008295 -15.685995 -2.785125
1769099960.114228 4.999732 -15.689184 -2.784808
1769099960.174231 4.993708 -15.691429 -2.784176
1769099960.214224 4.984982 -15.694688 -2.784808
1769099960.259295 4.979124 -15.696871 -2.784492
1769099960.319218 4.973006 -15.699154 -2.785757
1769099960.364240 4.964038 -15.702487 -2.786390
1769099960.419222 4.957844 -15.704784 -2.787972
1769099960.464238 4.949106 -15.708010 -2.789870
1769099960.514227 4.943332 -15.710129 -2.791452
1769099960.569288 4.937460 -15.712273 -2.791136
1769099960.614229 4.928854 -15.715419 -2.788605
1769099960.674250 4.923083 -15.717545 -2.785757
1769099960.714244 4.914423 -15.720764 -2.784176
1769099960.764272 4.908472 -15.722986 -2.783226
1769099960.814225 4.902357 -15.725277 -2.782594
1769099960.864254 4.896243 -15.727571 -2.783859
1769099960.914232 4.887542 -15.730824 -2.784808
1769099960.974248 4.881399 -15.733113 -2.787023
1769099961.014233 4.872332 -15.736470 -2.788289
1769099961.064276 4.866181 -15.738738 -2.789870
1769099961.119324 4.859980 -15.741014 -2.790187
1769099961.164345 4.851163 -15.744246 -2.790503
1769099961.214235 4.845055 -15.746484 -2.790820
1769099961.274236 4.839041 -15.748684 -2.790503
1769099961.314229 4.830105 -15.751957 -2.788605
1769099961.364325 4.824500 -15.754022 -2.787339
1769099961.419262 4.818613 -15.756199 -2.786074
1769099961.459304 4.809739 -15.759494 -2.784808
1769099961.514235 4.803715 -15.761740 -2.782910
1769099961.569310 4.797529 -15.764059 -2.783859
1769099961.614235 4.788662 -15.767373 -2.783226
1769099961.664254 4.782547 -15.769664 -2.783859
1769099961.724255 4.776406 -15.771959 -2.786074
1769099961.764297 4.767342 -15.775325 -2.789238
1769099961.814248 4.761142 -15.777605 -2.790187
1769099961.869261 4.755201 -15.779783 -2.790820
1769099961.914337 4.746192 -15.783079 -2.790503
1769099961.964332 4.740108 -15.785307 -2.789238
1769099962.019385 4.734169 -15.787491 -2.786707
1769099962.069243 4.725079 -15.790860 -2.785125
1769099962.114233 4.719054 -15.793103 -2.783859
1769099962.169312 4.713104 -15.795328 -2.783543
1769099962.214227 4.704333 -15.798610 -2.784808
1769099962.264288 4.698380 -15.800828 -2.785757
1769099962.319355 4.692259 -15.803103 -2.785757
1769099962.364240 4.683219 -15.806463 -2.786707
1769099962.414238 4.676954 -15.808785 -2.787339
1769099962.469247 4.671066 -15.810962 -2.789238
1769099962.514238 4.661849 -15.814351 -2.790503
1769099962.559311 4.656121 -15.816449 -2.792085
1769099962.619316 4.650105 -15.818642 -2.792401
1769099962.664285 4.641496 -15.821777 -2.791136
1769099962.719286 4.635600 -15.823932 -2.789870
1769099962.764272 4.627022 -15.827080 -2.787023
1769099962.814230 4.621088 -15.829277 -2.783859
1769099962.869251 4.614995 -15.831554 -2.784176
1769099962.914228 4.606127 -15.834866 -2.782910
1769099962.964230 4.600107 -15.837123 -2.783543
1769099963.019336 4.594039 -15.839394 -2.784808
1769099963.064316 4.585264 -15.842665 -2.787339
1769099963.114240 4.579163 -15.844921 -2.788289
1769099963.174298 4.573178 -15.847128 -2.790187
1769099963.214232 4.564053 -15.850473 -2.790187
1769099963.259297 4.557874 -15.852739 -2.789554
1769099963.324268 4.551816 -15.854964 -2.788605
1769099963.364255 4.542767 -15.858298 -2.787023
1769099963.414231 4.536738 -15.860530 -2.786390
1769099963.469260 4.531185 -15.862590 -2.785757
1769099963.514285 4.522217 -15.865923 -2.785757
1769099963.564240 4.516594 -15.868013 -2.785441
1769099963.619251 4.510616 -15.870237 -2.785441
1769099963.664418 4.501886 -15.873484 -2.783543
1769099963.724369 4.495604 -15.875835 -2.783859
1769099963.764363 4.486737 -15.879149 -2.786390
1769099963.814281 4.480449 -15.881482 -2.788605
1769099963.869352 4.474701 -15.883599 -2.790503
1769099963.909327 4.465599 -15.886933 -2.792085
1769099963.964361 4.459891 -15.889014 -2.792718
1769099964.014333 4.453992 -15.891159 -2.792718
1769099964.059364 4.445025 -15.894421 -2.789870
1769099964.109304 4.439109 -15.896592 -2.787656
1769099964.279319 4.433387 -15.898707 -2.785441
1769099964.299304 4.424633 -15.901963 -2.783226
1769099964.319336 4.418636 -15.904209 -2.782910
1769099964.339288 4.409962 -15.907461 -2.784176
1769099964.364294 4.403916 -15.909719 -2.785125
1769099964.484307 4.397915 -15.911954 -2.785441
1769099964.499313 4.388853 -15.915325 -2.787339
1769099964.529324 4.382681 -15.917608 -2.787972
1769099964.574295 4.376484 -15.919895 -2.788289
1769099964.679368 4.367626 -15.923162 -2.789238
1769099964.709291 4.361782 -15.925311 -2.787972
1769099964.729322 4.355751 -15.927537 -2.788605
1769099964.769297 4.346821 -15.930827 -2.789238
1769099964.814308 4.340953 -15.932985 -2.788289
1769099964.944328 4.335301 -15.935069 -2.787023
1769099964.979314 4.326756 -15.938232 -2.784492
1769099964.999306 4.320733 -15.940480 -2.784492
1769099965.029304 4.314543 -15.942789 -2.782910
1769099965.079294 4.305798 -15.946068 -2.782594
1769099965.144318 4.299566 -15.948406 -2.784176
1769099965.164320 4.290650 -15.951736 -2.786707
1769099965.224310 4.284931 -15.953855 -2.789554
1769099965.329318 4.278801 -15.956107 -2.791452
1769099965.349303 4.270099 -15.959285 -2.792085
1769099965.374312 4.264392 -15.961365 -2.791452
1769099965.489340 4.255405 -15.964647 -2.790187
1769099965.509311 4.249274 -15.966895 -2.788921
1769099965.529307 4.243312 -15.969089 -2.786074
1769099965.564321 4.234628 -15.972313 -2.784176
1769099965.644324 4.228700 -15.974527 -2.784176
1769099965.694310 4.222701 -15.976768 -2.783859
1769099965.724366 4.213692 -15.980135 -2.785757
1769099965.764316 4.207784 -15.982331 -2.784808
1769099965.919327 4.201926 -15.984514 -2.785125
1769099965.939361 4.192960 -15.987853 -2.785125
1769099965.959375 4.186888 -15.990114 -2.786390
1769099965.979329 4.180623 -15.992438 -2.787023
1769099966.029330 4.171580 -15.995786 -2.789238
1769099966.089337 4.165451 -15.998040 -2.790503
1769099966.114328 4.159580 -16.000190 -2.790820
1769099966.164309 4.150999 -16.003330 -2.789238
1769099966.224323 4.145013 -16.005531 -2.786707
1769099966.284319 4.136327 -16.008750 -2.784808
1769099966.309337 4.130326 -16.010986 -2.782594
1769099966.974341 4.103525 -16.021044 -2.786074
1769099966.994336 4.094413 -16.024427 -2.789238
1769099967.014339 4.088356 -16.026654 -2.790820
1769099967.029351 4.082247 -16.028890 -2.791136
1769099967.049387 4.073166 -16.032209 -2.791769
1769099967.069335 4.067055 -16.034439 -2.792085
1769099967.089313 4.061062 -16.036623 -2.790187
1769099967.119339 4.052341 -16.039820 -2.788605
1769099967.144347 4.046427 -16.041999 -2.787023
1769099967.164418 4.040541 -16.044178 -2.786390
1769099967.184355 4.031642 -16.047479 -2.786074
1769099967.199410 4.025805 -16.049646 -2.784808
1769099967.219325 4.019662 -16.051936 -2.784492
1769099967.239317 4.010769 -16.055254 -2.784176
1769099967.254340 4.004723 -16.057512 -2.784492
1769099967.274377 3.998439 -16.059857 -2.785441
1769099967.309358 3.989400 -16.063219 -2.788921
1769099967.364341 3.983225 -16.065492 -2.790820
1769099967.419331 3.977282 -16.067666 -2.791452
1769099967.464359 3.968272 -16.070957 -2.791136
1769099967.514346 3.962329 -16.073129 -2.789870
1769099967.569347 3.956697 -16.075196 -2.788289
1769099967.609318 3.947602 -16.078550 -2.785441
1769099967.659409 3.941624 -16.080774 -2.784176
1769099967.714407 3.935672 -16.082997 -2.783226
1769099967.759344 3.926926 -16.086272 -2.784176
1769099967.809369 3.920903 -16.088522 -2.784808
1769099967.874395 3.914808 -16.090794 -2.785757
1769099967.909400 3.906125 -16.094021 -2.787023
1769099967.969352 3.899930 -16.096314 -2.787972
1769099968.009373 3.891049 -16.099592 -2.789870
1769099968.064338 3.884752 -16.101903 -2.791452
1769099968.114359 3.878975 -16.104013 -2.791769
1769099968.164359 3.870320 -16.107171 -2.791136
1769099968.214358 3.864329 -16.109361 -2.791136
1769099968.269381 3.858386 -16.111533 -2.790503
1769099968.309370 3.849545 -16.114771 -2.787972
1769099968.369373 3.843965 -16.116831 -2.785757
1769099968.414359 3.834973 -16.120173 -2.783543
1769099968.459379 3.829166 -16.122346 -2.783226
1769099968.519369 3.823098 -16.124619 -2.783226
1769099968.564362 3.813925 -16.128054 -2.785441
1769099968.609379 3.807876 -16.130305 -2.788289
1769099968.664364 3.801796 -16.132547 -2.792085
1769099968.714404 3.792950 -16.135771 -2.799678
1769099968.764366 3.786893 -16.137926 -2.804108
1769099968.819373 3.781161 -16.139938 -2.807904
1769099968.859370 3.771954 -16.143129 -2.813283
1769099968.909382 3.765749 -16.145243 -2.815497
1769099968.964369 3.759850 -16.147238 -2.819294
1769099969.009454 3.751016 -16.150188 -2.821825
1769099969.074373 3.745081 -16.152153 -2.827204
1769099969.114373 3.736247 -16.155026 -2.833848
1769099969.159381 3.730458 -16.156866 -2.837644
1769099969.214373 3.724348 -16.158782 -2.842390
1769099969.259380 3.715278 -16.161580 -2.849667
1769099969.309375 3.708976 -16.163474 -2.855995
1769099969.364381 3.702953 -16.165242 -2.861689
1769099969.409379 3.693758 -16.167886 -2.869283
1769099969.469457 3.687810 -16.169547 -2.873712
1769099969.509381 3.678608 -16.172072 -2.879091
1769099969.559386 3.672839 -16.173622 -2.882887
1769099969.619421 3.667187 -16.175118 -2.885735
1769099969.664428 3.658078 -16.177501 -2.890164
1769099969.719437 3.652268 -16.178993 -2.893011
1769099969.764399 3.642823 -16.181391 -2.897757
1769099969.814398 3.636486 -16.182967 -2.901554
1769099969.869400 3.630561 -16.184418 -2.906932
1769099969.909413 3.621206 -16.186654 -2.912627
1769099969.959436 3.615044 -16.188090 -2.918322
1769099970.014385 3.609095 -16.189441 -2.923701
1769099970.059427 3.599507 -16.191564 -2.931927
1769099970.119464 3.593590 -16.192823 -2.937305
1769099970.159401 3.584123 -16.194784 -2.943633
1769099970.214387 3.578142 -16.195984 -2.947746
1769099970.264406 3.571858 -16.197217 -2.949961
1769099970.309396 3.562665 -16.199001 -2.955023
1769099970.359394 3.556521 -16.200161 -2.956605
1769099970.414395 3.550202 -16.201343 -2.960401
1769099970.459392 3.540717 -16.203081 -2.965780
1769099970.509402 3.534511 -16.204183 -2.971791
1769099970.569459 3.528025 -16.205295 -2.977486
1769099970.614397 3.518387 -16.206891 -2.986977
1769099970.659400 3.511709 -16.207932 -2.991090
1769099970.714397 3.505303 -16.208904 -2.997418
1769099970.759410 3.495960 -16.210260 -3.003429
1769099970.814475 3.489592 -16.211146 -3.005960
1769099970.864405 3.483398 -16.211991 -3.010073
1769099970.909405 3.474064 -16.213226 -3.015136
1769099970.964404 3.467887 -16.214011 -3.018299
1769099971.019413 3.461633 -16.214786 -3.022412
1769099971.059408 3.452158 -16.215921 -3.028424
1769099971.109410 3.445972 -16.216624 -3.032220
1769099971.164405 3.439531 -16.217331 -3.035384
1769099971.214427 3.430068 -16.218340 -3.040446
1769099971.259410 3.423671 -16.218989 -3.044876
1769099971.309417 3.417096 -16.219627 -3.050887
1769099971.364482 3.407820 -16.220471 -3.059746
1769099971.419406 3.401362 -16.221000 -3.065441
1769099971.464502 3.391949 -16.221719 -3.073350
1769099971.509414 3.385712 -16.222145 -3.076830
1769099971.574412 3.379296 -16.222561 -3.080627
1769099971.614488 3.369848 -16.223138 -3.083158
1769099971.664449 3.363379 -16.223516 -3.084424
1769099971.719464 3.357112 -16.223875 -3.087587
1769099971.764413 3.347483 -16.224395 -3.094864
1769099971.809448 3.341011 -16.224698 -3.100559
1769099971.869464 3.334840 -16.224951 -3.106254
1769099971.909437 3.325127 -16.225295 -3.114480
1769099971.959458 3.318397 -16.225477 -3.122073
1769099972.019424 3.311944 -16.225603 -3.126186
1769099972.064425 3.302225 -16.225753 -3.132514
1769099972.109448 3.295974 -16.225810 -3.135361
1769099972.169445 3.289596 -16.225849 -3.138525
1769099972.214430 3.280281 -16.225878 3.140231
1769099972.259431 3.274106 -16.225870 3.135801
1769099972.314425 3.267728 -16.225833 3.133270
1769099972.359428 3.258692 -16.225757 3.126626
1769099972.419429 3.252365 -16.225663 3.123462
1769099972.459458 3.243027 -16.225493 3.117451
1769099972.509426 3.236929 -16.225346 3.113971
1769099972.569478 3.230300 -16.225163 3.108276
1769099972.609436 3.220384 -16.224833 3.101316
1769099972.659435 3.214187 -16.224583 3.096570
1769099972.714443 3.207639 -16.224288 3.090559
1769099972.759441 3.198336 -16.223813 3.084231
1769099972.814441 3.191994 -16.223448 3.082016
1769099972.864438 3.185677 -16.223072 3.080751
1769099972.919442 3.176330 -16.222502 3.080751
1769099972.959439 3.169888 -16.222110 3.081700
1769099973.014455 3.163521 -16.221728 3.082965
1769099973.054438 3.153919 -16.221164 3.084231
1769099973.109452 3.147374 -16.220789 3.083915
1769099973.169448 3.141083 -16.220425 3.082333
1769099973.209446 3.131204 -16.219839 3.079485
1769099973.259527 3.124838 -16.219443 3.078220
1769099973.314465 3.118295 -16.219028 3.077903
1769099973.359494 3.108469 -16.218402 3.076954
1769099973.414512 3.102003 -16.217983 3.076321
1769099973.464445 3.095462 -16.217555 3.077270
1769099973.509523 3.086217 -16.216960 3.077270
1769099973.559453 3.079827 -16.216548 3.078852
1769099973.614457 3.073613 -16.216158 3.079485
1769099973.659453 3.064544 -16.215594 3.080434
1769099973.719476 3.058632 -16.215232 3.081700
1769099973.759454 3.049486 -16.214684 3.082965
1769099973.814470 3.042917 -16.214298 3.083598
1769099973.864468 3.036498 -16.213925 3.082333
1769099973.909497 3.026720 -16.213345 3.080751
1769099973.964479 3.020228 -16.212950 3.080434
1769099974.014481 3.013710 -16.212551 3.078536
1769099974.064477 3.003858 -16.211929 3.077270
1769099974.109560 2.997569 -16.211523 3.075689
1769099974.169464 2.991179 -16.211102 3.077270
1769099974.214474 2.981682 -16.210490 3.077903
1769099974.264453 2.975241 -16.210079 3.079485
1769099974.314472 2.968900 -16.209685 3.081067
1769099974.359473 2.959325 -16.209105 3.083282
1769099974.409473 2.952932 -16.208731 3.083598
1769099974.469543 2.946640 -16.208366 3.082649
1769099974.514480 2.937014 -16.207798 3.081067
1769099974.559469 2.930672 -16.207414 3.080751
1769099974.619470 2.924129 -16.207015 3.080434
1769099974.664561 2.914327 -16.206415 3.079169
1769099974.709470 2.907708 -16.206001 3.077270
1769099974.759469 2.901040 -16.205572 3.077903
1769099974.814462 2.894650 -16.205164 3.076321
1769099974.854512 2.885001 -16.204534 3.076321
1769099974.919472 2.879066 -16.204146 3.076005
1769099974.959483 2.869671 -16.203528 3.077270
1769099975.009479 2.863710 -16.203145 3.079802
1769099975.069475 2.857445 -16.202757 3.081700
1769099975.114487 2.847793 -16.202178 3.084231
1769099975.159478 2.841476 -16.201815 3.084231
1769099975.219477 2.834856 -16.201435 3.084231
1769099975.254479 2.825531 -16.200900 3.082016
1769099975.309553 2.819139 -16.200518 3.079802
1769099975.369529 2.812647 -16.200117 3.078220
1769099975.409495 2.802922 -16.199500 3.077903
1769099975.459476 2.796708 -16.199103 3.078536
1769099975.514498 2.790342 -16.198701 3.077270
1769099975.564484 2.780643 -16.198077 3.077903
1769099975.609494 2.774202 -16.197666 3.078852
1769099975.669488 2.767760 -16.197261 3.081067
1769099975.709450 2.758236 -16.196684 3.082016
1769099975.759611 2.751945 -16.196309 3.082333
1769099975.819524 2.745628 -16.195934 3.082965
1769099975.859541 2.736203 -16.195381 3.082016
1769099975.909543 2.729710 -16.194994 3.082333
1769099975.969529 2.723292 -16.194613 3.082333
1769099976.009551 2.713413 -16.194027 3.081383
1769099976.059491 2.706693 -16.193622 3.080751
1769099976.119498 2.700175 -16.193225 3.078220
1769099976.159509 2.690450 -16.192607 3.075372
1769099976.214514 2.684111 -16.192187 3.075056
1769099976.264512 2.677746 -16.191763 3.075689
1769099976.314494 2.668276 -16.191138 3.078536
1769099976.359491 2.662061 -16.190745 3.079169
1769099976.424576 2.655595 -16.190341 3.082965
1769099976.459591 2.646195 -16.189790 3.083598
1769099976.509503 2.639625 -16.189408 3.083598
1769099976.569500 2.633334 -16.189043 3.083915
1769099976.614585 2.623732 -16.188488 3.082649
1769099976.659518 2.617289 -16.188108 3.081067
1769099976.719506 2.610922 -16.187722 3.079802
1769099976.764568 2.601171 -16.187119 3.079802
1769099976.814523 2.594678 -16.186717 3.078220
1769099976.869508 2.587984 -16.186293 3.079169
1769099976.909522 2.578259 -16.185685 3.078852
1769099976.959511 2.571893 -16.185285 3.079485
1769099977.004517 2.565527 -16.184889 3.079485
1769099977.064536 2.559262 -16.184499 3.079485
1769099977.109512 2.549789 -16.183910 3.080434
1769099977.159596 2.543625 -16.183533 3.081067
1769099977.214519 2.537182 -16.183142 3.082649
1769099977.259529 2.527556 -16.182574 3.083598
1769099977.309520 2.521112 -16.182200 3.083282
1769099977.364520 2.514467 -16.181812 3.082965
1769099977.409583 2.504739 -16.181241 3.080751
1769099977.459525 2.498095 -16.180836 3.078536
1769099977.514534 2.491729 -16.180435 3.076638
1769099977.559525 2.482131 -16.179810 3.074739
1769099977.609548 2.475767 -16.179384 3.075372
1769099977.664604 2.469352 -16.178959 3.076638
1769099977.709538 2.459628 -16.178326 3.080118
1769099977.759551 2.453793 -16.177967 3.080434
1769099977.814606 2.447275 -16.177568 3.082965
1769099977.859559 2.437850 -16.177015 3.083282
1769099977.919518 2.431811 -16.176662 3.081067
1769099977.964566 2.422236 -16.176082 3.082016
1769099978.009578 2.415970 -16.175708 3.081383
1769099978.069566 2.409502 -16.175318 3.081383
1769099978.114543 2.399826 -16.174735 3.080434
1769099978.164532 2.393156 -16.174327 3.079802
1769099978.214533 2.386613 -16.173922 3.078852
1769099978.259597 2.380020 -16.173508 3.077903
1769099978.309591 2.370371 -16.172892 3.077270
1769099978.359533 2.364056 -16.172485 3.077270
1769099978.414562 2.357717 -16.172077 3.078220
1769099978.459602 2.348775 -16.171510 3.079485
1769099978.519536 2.342333 -16.171109 3.081067
1769099978.564574 2.332783 -16.170530 3.083598
1769099978.609545 2.326365 -16.170158 3.083598
1769099978.669595 2.319770 -16.169775 3.083915
1769099978.709570 2.310218 -16.169223 3.082649
1769099978.754551 2.303977 -16.168855 3.081067
1769099978.819528 2.297535 -16.168465 3.078852
1769099978.859558 2.287860 -16.167857 3.076005
1769099978.909539 2.281319 -16.167427 3.075689
1769099978.964550 2.274878 -16.167002 3.075372
1769099979.009551 2.265079 -16.166352 3.076638
1769099979.059559 2.258765 -16.165941 3.077270
1769099979.119606 2.252551 -16.165541 3.079802
1769099979.159575 2.243204 -16.164963 3.080434
1769099979.209582 2.236939 -16.164579 3.081067
1769099979.264559 2.231002 -16.164220 3.081383
1769099979.309598 2.221553 -16.163650 3.082649
1769099979.359550 2.215388 -16.163286 3.082649
1769099979.414554 2.208945 -16.162906 3.081700
1769099979.459553 2.199167 -16.162320 3.080751
1769099979.519551 2.192649 -16.161922 3.080751
1769099979.559579 2.183175 -16.161345 3.079802
1769099979.609579 2.176506 -16.160933 3.077903
1769099979.654554 2.170216 -16.160532 3.076954
1769099979.714556 2.163776 -16.160115 3.076638
1769099979.759571 2.154355 -16.159502 3.077587
1769099979.809586 2.147989 -16.159094 3.078852
1769099979.864583 2.141624 -16.158694 3.080751
1769099979.909600 2.132023 -16.158109 3.083282
1769099979.969597 2.125555 -16.157732 3.083915
1769099980.009659 2.116357 -16.157201 3.082649
1769099980.059600 2.109813 -16.156814 3.081700
1769099980.109574 2.103471 -16.156434 3.080751
1769099980.164579 2.096903 -16.156034 3.080118
1769099980.209582 2.087227 -16.155438 3.077903
1769099980.269591 2.080988 -16.155040 3.076954
1769099980.309579 2.071062 -16.154398 3.077270
1769099980.354567 2.064545 -16.153978 3.076005
1769099980.414583 2.058408 -16.153575 3.076954
1769099980.454567 2.049315 -16.152987 3.076954
1769099980.509591 2.043379 -16.152602 3.077270
1769099980.559592 2.037115 -16.152199 3.079169
1769099980.609576 2.028097 -16.151635 3.082016
1769099980.669574 2.021705 -16.151254 3.083598
1769099980.709570 2.012431 -16.150715 3.083915
1769099980.759584 2.005861 -16.150336 3.083282
1769099980.819578 1.999721 -16.149978 3.082333
1769099980.859577 1.989994 -16.149401 3.081383
1769099980.909640 1.983476 -16.149008 3.079485
1769099980.964577 1.977362 -16.148627 3.077587
1769099981.009594 1.967537 -16.147998 3.076638
1769099981.059599 1.961222 -16.147587 3.077270
1769099981.114594 1.954756 -16.147170 3.077270
1769099981.159589 1.945107 -16.146549 3.079169
1769099981.209607 1.938742 -16.146151 3.080434
1769099981.264603 1.932325 -16.145758 3.081700
1769099981.309591 1.923153 -16.145208 3.082649
1769099981.369585 1.916736 -16.144829 3.082649
1769099981.414584 1.907614 -16.144291 3.081067
1769099981.459606 1.901222 -16.143904 3.081383
1769099981.519612 1.895134 -16.143537 3.080434
1769099981.559612 1.885256 -16.142932 3.080751
1769099981.609678 1.878561 -16.142524 3.080434
1769099981.664603 1.872321 -16.142142 3.078220
1769099981.709616 1.862520 -16.141520 3.075689
1769099981.754616 1.856155 -16.141100 3.075056
1769099981.814607 1.850094 -16.140696 3.075056
1769099981.859625 1.840902 -16.140084 3.076954
1769099981.909705 1.834789 -16.139688 3.077587
1769099981.959651 1.828424 -16.139280 3.080751
1769099982.004597 1.818925 -16.138701 3.083282
1769099982.064618 1.812709 -16.138338 3.083915
1769099982.114625 1.803082 -16.137782 3.083598
1769099982.159649 1.797042 -16.137432 3.082016
1769099982.219616 1.790625 -16.137049 3.080751
1769099982.259621 1.781277 -16.136480 3.078852
1769099982.309606 1.774735 -16.136069 3.078536
1769099982.364620 1.768344 -16.135665 3.077587
1769099982.409698 1.758518 -16.135035 3.077270
1769099982.459622 1.751926 -16.134611 3.077587
1769099982.519625 1.745459 -16.134196 3.077587
1769099982.554677 1.735886 -16.133583 3.079169
1769099982.614619 1.729596 -16.133190 3.079485
1769099982.669677 1.723281 -16.132797 3.080118
1769099982.709685 1.713908 -16.132220 3.081067
1769099982.759639 1.707921 -16.131857 3.081383
1769099982.814674 1.701554 -16.131473 3.081383
1769099982.854688 1.692155 -16.130907 3.082649
1769099982.919676 1.685485 -16.130513 3.082649
1769099982.959635 1.676010 -16.129954 3.080434
1769099983.009682 1.669391 -16.129549 3.077903
1769099983.064642 1.662925 -16.129136 3.075372
1769099983.109615 1.653631 -16.128520 3.074739
1769099983.159629 1.647216 -16.128090 3.074107
1769099983.214634 1.641282 -16.127689 3.075689
1769099983.254631 1.631583 -16.127049 3.078852
1769099983.309623 1.625344 -16.126657 3.079802
1769099983.369659 1.618927 -16.126260 3.082965
1769099983.409639 1.609402 -16.125701 3.083282
1769099983.459639 1.603059 -16.125331 3.082965
1769099983.514636 1.596692 -16.124957 3.081700
1769099983.559641 1.587142 -16.124384 3.081067
1769099983.614646 1.580699 -16.123994 3.080751
1769099983.669641 1.574333 -16.123606 3.079485
1769099983.709618 1.564481 -16.122994 3.076954
1769099983.754640 1.557914 -16.122568 3.074423
1769099983.819654 1.551297 -16.122123 3.070626
1769099983.859673 1.541501 -16.121427 3.064299
1769099983.909658 1.535243 -16.120942 3.061135
1769099983.964686 1.528835 -16.120426 3.056706
1769099984.009704 1.519655 -16.119645 3.052276
1769099984.059745 1.513403 -16.119085 3.049745
1769099984.119655 1.507077 -16.118502 3.046265
1769099984.159648 1.497376 -16.117574 3.040254
1769099984.209656 1.490930 -16.116919 3.035824
1769099984.264679 1.484437 -16.116230 3.030762
1769099984.314635 1.474576 -16.115132 3.023169
1769099984.359657 1.468091 -16.114361 3.016208
1769099984.409642 1.461662 -16.113550 3.010514
1769099984.459667 1.455314 -16.112713 3.005135
1769099984.509643 1.445710 -16.111395 2.999124
1769099984.554676 1.439471 -16.110500 2.994378
1769099984.614666 1.433037 -16.109546 2.992163
1769099984.659637 1.423701 -16.108140 2.988050
1769099984.709647 1.417373 -16.107161 2.985836
1769099984.759663 1.411122 -16.106179 2.982672
1769099984.809721 1.401725 -16.104673 2.976977
1769099984.859665 1.395383 -16.103620 2.972548
1769099984.909666 1.389171 -16.102559 2.967802
1769099984.959664 1.379548 -16.100870 2.960209
1769099985.009684 1.373224 -16.099710 2.953881
1769099985.059718 1.366709 -16.098473 2.948819
1769099985.109654 1.357419 -16.096659 2.940593
1769099985.154704 1.351045 -16.095360 2.936480
1769099985.209672 1.344701 -16.094041 2.933316
1769099985.259682 1.335415 -16.092078 2.928570
1769099985.309673 1.329304 -16.090756 2.925723
1769099985.359672 1.323074 -16.089390 2.921293
1769099985.404679 1.313861 -16.087327 2.915915
1769099985.464675 1.307719 -16.085917 2.912435
1769099985.509681 1.298377 -16.083738 2.905791
1769099985.559662 1.292175 -16.082248 2.901361
1769099985.619692 1.285586 -16.080634 2.895666
1769099985.664765 1.276307 -16.078304 2.888706
1769099985.709716 1.270058 -16.076690 2.883327
1769099985.764712 1.263769 -16.075028 2.876683
1769099985.814685 1.254462 -16.072503 2.868774
1769099985.859679 1.248271 -16.070771 2.864977
1769099985.904687 1.242184 -16.069043 2.859915
1769099985.959763 1.236057 -16.067270 2.858017
1769099986.004689 1.226847 -16.064586 2.855169
1769099986.059735 1.220777 -16.062798 2.852638
1769099986.114683 1.214712 -16.060995 2.850107
1769099986.154695 1.205451 -16.058217 2.844412
1769099986.219740 1.199328 -16.056342 2.839666
1769099986.264675 1.190338 -16.053542 2.830175
1769099986.309691 1.184195 -16.051564 2.824164
1769099986.364674 1.178015 -16.049534 2.818785
1769099986.409699 1.168941 -16.046499 2.810559
1769099986.459677 1.162909 -16.044426 2.806763
1769099986.519691 1.156766 -16.042288 2.803915
1769099986.559695 1.147763 -16.039127 2.798537
1769099986.609675 1.142113 -16.037109 2.795689
1769099986.664697 1.136208 -16.034981 2.791892
1769099986.709691 1.127196 -16.031694 2.786514
1769099986.759706 1.121524 -16.029591 2.782401
1769099986.819699 1.115553 -16.027349 2.777972
1769099986.854691 1.106493 -16.023901 2.772593
1769099986.909687 1.100379 -16.021537 2.767847
1769099986.959698 1.094299 -16.019153 2.763418
1769099987.004703 1.085314 -16.015583 2.754559
1769099987.069703 1.079290 -16.013128 2.748548
1769099987.114690 1.070663 -16.009551 2.740006
1769099987.159701 1.064559 -16.006958 2.736209
1769099987.209712 1.058930 -16.004543 2.731780
1769099987.259705 1.052964 -16.001951 2.728932
1769099987.309709 1.044547 -15.998266 2.726085
1769099987.359694 1.038712 -15.995692 2.724819
1769099987.414698 1.032856 -15.993099 2.721972
1769099987.459702 1.024049 -15.989171 2.715960
1769099987.509713 1.018102 -15.986474 2.710266
1769099987.564708 1.012285 -15.983797 2.705520
1769099987.609705 1.003452 -15.979681 2.696977
1769099987.669715 0.997580 -15.976883 2.690966
1769099987.709737 0.989150 -15.972805 2.684006
1769099987.759721 0.983655 -15.970099 2.680209
1769099987.819728 0.977785 -15.967180 2.676096
1769099987.859745 0.969258 -15.962897 2.670085
1769099987.914739 0.963485 -15.959954 2.666288
1769099987.964730 0.957904 -15.957081 2.663124
1769099988.009752 0.949546 -15.952746 2.656797
1769099988.059719 0.943925 -15.949786 2.653316
1769099988.114718 0.938314 -15.946805 2.649836
1769099988.164718 0.929814 -15.942252 2.644458
1769099988.209710 0.924096 -15.939150 2.639079
1769099988.269742 0.918284 -15.935956 2.634017
1769099988.314702 0.909658 -15.931158 2.625158
1769099988.364734 0.903935 -15.927909 2.620096
1769099988.419729 0.898229 -15.924630 2.614401
1769099988.459747 0.889961 -15.919817 2.607441
1769099988.504726 0.884580 -15.916634 2.603961
1769099988.559726 0.879123 -15.913380 2.600480
1769099988.614710 0.873830 -15.910199 2.597317
1769099988.659731 0.865688 -15.905272 2.593520
1769099988.709800 0.860201 -15.901922 2.590356
1769099988.764720 0.854746 -15.898568 2.586876
1769099988.809734 0.846312 -15.893342 2.581181
1769099988.859717 0.840995 -15.890006 2.576752
1769099988.914797 0.835351 -15.886429 2.571690
1769099988.959734 0.827402 -15.881335 2.563780
1769099989.009725 0.821995 -15.877810 2.557769
1769099989.064724 0.816547 -15.874210 2.552074
1769099989.109727 0.808426 -15.868779 2.545113
1769099989.159748 0.803380 -15.865352 2.541000
1769099989.214722 0.798076 -15.861719 2.537836
1769099989.259752 0.790179 -15.856273 2.533723
1769099989.314723 0.784985 -15.852659 2.530560
1769099989.359733 0.777604 -15.847489 2.526763
1769099989.404707 0.772394 -15.843810 2.522334
1769099989.464745 0.767159 -15.840079 2.517272
1769099989.509744 0.759335 -15.834442 2.508096
1769099989.559744 0.754011 -15.830531 2.503351
1769099989.619751 0.748705 -15.826595 2.498605
1769099989.664784 0.740764 -15.820646 2.493543
1769099989.709794 0.735478 -15.816643 2.491644
1769099989.769853 0.730641 -15.812967 2.491644
1769099989.809758 0.723085 -15.807224 2.491961
1769099989.854758 0.718067 -15.803411 2.492277
1769099989.914778 0.713006 -15.799570 2.491961
1769099989.959762 0.705529 -15.793890 2.493543
1769099990.009787 0.700444 -15.790040 2.494808
1769099990.069759 0.695313 -15.786166 2.496074
1769099990.114742 0.687610 -15.780364 2.497023
1769099990.159809 0.682289 -15.776364 2.497972
1769099990.219748 0.677592 -15.772841 2.498605
1769099990.254745 0.669813 -15.767013 2.496074
1769099990.309810 0.664921 -15.763328 2.495441
1769099990.364744 0.659687 -15.759381 2.493226
1769099990.409767 0.651758 -15.753374 2.491012
1769099990.459760 0.646743 -15.749557 2.490063
1769099990.519751 0.641410 -15.745490 2.492910
1769099990.564754 0.633907 -15.739801 2.493543
1769099990.609755 0.628801 -15.735936 2.495757
1769099990.664779 0.623869 -15.732219 2.497023
1769099990.709763 0.616262 -15.726501 2.497023
1769099990.759836 0.611062 -15.722592 2.497339
1769099990.819772 0.606125 -15.718883 2.496074
1769099990.854774 0.598381 -15.713051 2.495125
1769099990.909754 0.593411 -15.709300 2.494492
1769099990.969759 0.588080 -15.705272 2.493859
1769099991.009758 0.580107 -15.699239 2.492910
1769099991.059764 0.575327 -15.695615 2.493859
1769099991.114779 0.570099 -15.691660 2.492277
1769099991.159782 0.562499 -15.685890 2.490695
1769099991.209787 0.557385 -15.681995 2.490695
1769099991.264750 0.552351 -15.678161 2.490695
1769099991.309783 0.544820 -15.672426 2.493226
1769099991.359782 0.539696 -15.668543 2.494492
1769099991.414753 0.534667 -15.664744 2.496074
1769099991.454784 0.526944 -15.658927 2.498605
1769099991.509780 0.522285 -15.655436 2.498605
1769099991.564792 0.517019 -15.651491 2.498605
1769099991.609783 0.509605 -15.645936 2.496707
1769099991.669772 0.504467 -15.642072 2.494808
1769099991.709800 0.496468 -15.636032 2.494176
1769099991.759817 0.491340 -15.632154 2.491644
1769099991.819814 0.486041 -15.628126 2.491961
1769099991.859763 0.478402 -15.622323 2.492277
1769099991.909847 0.473322 -15.618467 2.494176
1769099991.969793 0.468315 -15.614681 2.494176
1769099992.009861 0.460764 -15.608972 2.495441
1769099992.059804 0.455611 -15.605085 2.496390
1769099992.109794 0.450677 -15.601371 2.495757
1769099992.164788 0.445442 -15.597426 2.496074
1769099992.209794 0.437779 -15.591655 2.496390
1769099992.259842 0.432602 -15.587758 2.496390
1769099992.309838 0.427425 -15.583862 2.495757
1769099992.354789 0.419643 -15.577997 2.495441
1769099992.409792 0.414369 -15.574019 2.493859
1769099992.459855 0.409242 -15.570140 2.491961
1769099992.509779 0.401502 -15.564261 2.488797
1769099992.554790 0.396415 -15.560371 2.489113
1769099992.614795 0.391307 -15.556468 2.489113
1769099992.659800 0.383524 -15.550521 2.491328
1769099992.709787 0.378588 -15.546767 2.494176
1769099992.759781 0.373440 -15.542874 2.496390
1769099992.809793 0.366059 -15.537318 2.498605
1769099992.854797 0.361218 -15.533691 2.498289
1769099992.914804 0.356135 -15.529880 2.497339
1769099992.959794 0.348404 -15.524073 2.495441
1769099993.004787 0.343150 -15.520111 2.494808
1769099993.064810 0.337979 -15.516206 2.494176
1769099993.109859 0.330045 -15.510207 2.493859
1769099993.159820 0.324857 -15.506282 2.492910
1769099993.214807 0.319694 -15.502367 2.494176
1769099993.254822 0.312042 -15.496582 2.493226
1769099993.304788 0.306979 -15.492745 2.492910
1769099993.364813 0.301896 -15.488892 2.493543
1769099993.409809 0.294450 -15.483254 2.493859
1769099993.454823 0.289283 -15.479345 2.495757
1769099993.514802 0.284250 -15.475551 2.496707
1769099993.559816 0.276523 -15.469740 2.497339
1769099993.609888 0.271281 -15.465802 2.497656
1769099993.664859 0.266221 -15.462003 2.497656
1769099993.709892 0.258387 -15.456123 2.495441
1769099993.754820 0.253537 -15.452465 2.493543
1769099993.809813 0.248149 -15.448386 2.491961
1769099993.854826 0.240692 -15.442721 2.489430
1769099993.909830 0.235522 -15.438773 2.489113
1769099993.964812 0.230353 -15.434824 2.489430
1769099994.004825 0.222689 -15.428971 2.492277
1769099994.064810 0.217851 -15.425298 2.492910
1769099994.104801 0.210771 -15.419931 2.496390
1769099994.154863 0.205695 -15.416111 2.496074
1769099994.214827 0.200681 -15.412334 2.496074
1769099994.259883 0.193039 -15.406578 2.495441
1769099994.309819 0.187724 -15.402570 2.495757
1769099994.369812 0.182590 -15.398701 2.495125
1769099994.409831 0.174751 -15.392785 2.495125
1769099994.454833 0.169559 -15.388867 2.495441
1769099994.514836 0.164648 -15.385164 2.495757
1769099994.559879 0.156886 -15.379314 2.493226
1769099994.604852 0.151843 -15.375493 2.492594
1769099994.664834 0.146620 -15.371531 2.492277
1769099994.704845 0.139101 -15.365822 2.491961
1769099994.759844 0.134163 -15.362071 2.494176
1769099994.814816 0.129156 -15.358286 2.494808
1769099994.854828 0.121500 -15.352505 2.496390
1769099994.909838 0.116465 -15.348715 2.497972
1769099994.964839 0.111383 -15.344902 2.498289
1769099995.004883 0.103708 -15.339148 2.496707
1769099995.059837 0.098610 -15.335314 2.494808
1769099995.114848 0.093561 -15.331501 2.494808
1769099995.159840 0.085764 -15.325613 2.491644
1769099995.204820 0.080747 -15.321800 2.490695
1769099995.259840 0.075471 -15.317782 2.490063
1769099995.304831 0.067783 -15.311918 2.491328
1769099995.369859 0.062626 -15.307996 2.491961
1769099995.404845 0.055491 -15.302576 2.493226
1769099995.454852 0.050407 -15.298724 2.493226
1769099995.519834 0.045464 -15.294979 2.494808
1769099995.564829 0.037890 -15.289260 2.495125
1769099995.604896 0.032637 -15.285296 2.495757
1769099995.669847 0.027584 -15.281487 2.495757
1769099995.709937 0.019761 -15.275592 2.496707
1769099995.754873 0.014907 -15.271940 2.497339
1769099995.819844 0.009746 -15.268064 2.497023
1769099995.854878 0.001916 -15.262178 2.495441
1769099995.904885 -0.003237 -15.258292 2.493226
1769099995.964892 -0.008442 -15.254349 2.491328
1769099996.004844 -0.016077 -15.248541 2.488481
1769099996.059869 -0.021042 -15.244742 2.488797
1769099996.114852 -0.026109 -15.240868 2.485633
1769099996.159843 -0.033410 -15.235249 2.483102
1769099996.204864 -0.038475 -15.231330 2.481520
1769099996.259842 -0.043173 -15.227683 2.478040
1769099996.309863 -0.050671 -15.221822 2.471712
1769099996.369862 -0.055691 -15.217846 2.466967
1769099996.404914 -0.062984 -15.212012 2.459057
1769099996.459850 -0.067855 -15.208053 2.452729
1769099996.514859 -0.072896 -15.203902 2.447667
1769099996.559856 -0.080523 -15.197556 2.440074
1769099996.604845 -0.085550 -15.193309 2.436277
1769099996.664844 -0.090233 -15.189322 2.432164
1769099996.709852 -0.097550 -15.183040 2.425520
1769099996.754882 -0.102266 -15.178936 2.422040
1769099996.814871 -0.107025 -15.174766 2.417611
1769099996.854873 -0.114155 -15.168462 2.412549
1769099996.909868 -0.118780 -15.164331 2.409701
1769099996.964858 -0.123638 -15.159967 2.406537
1769099997.004860 -0.130679 -15.153602 2.401792
1769099997.059874 -0.135483 -15.149217 2.398944
1769099997.114859 -0.140219 -15.144870 2.394515
1769099997.159893 -0.147406 -15.138214 2.385972
1769099997.204873 -0.152159 -15.133736 2.379012
1769099997.264886 -0.156624 -15.129470 2.373317
1769099997.304857 -0.163595 -15.122733 2.365407
1769099997.354887 -0.168237 -15.118176 2.360029
1769099997.414888 -0.172782 -15.113666 2.357814
1769099997.459883 -0.179487 -15.106983 2.353385
1769099997.509881 -0.183806 -15.102639 2.352119
1769099997.559885 -0.188244 -15.098165 2.349272
1769099997.604888 -0.194891 -15.091425 2.344210
1769099997.654905 -0.199241 -15.086970 2.338515
1769099997.709922 -0.203793 -15.082253 2.334402
1769099997.759925 -0.210165 -15.075598 2.326176
1769099997.809890 -0.214416 -15.071084 2.320797
1769099997.854907 -0.221058 -15.063954 2.312255
1769099997.909913 -0.225263 -15.059362 2.307193
1769099997.964899 -0.229700 -15.054467 2.302447
1769099998.004908 -0.236261 -15.047160 2.296752
1769099998.064945 -0.240311 -15.042598 2.293272
1769099998.109897 -0.246386 -15.035706 2.287261
1769099998.159896 -0.250492 -15.030991 2.284413
1769099998.214894 -0.254584 -15.026265 2.281566
1769099998.259899 -0.260760 -15.019091 2.276504
1769099998.304894 -0.264667 -15.014506 2.273973
1769099998.364905 -0.268906 -15.009505 2.269860
1769099998.404914 -0.274948 -15.002318 2.263216
1769099998.454896 -0.279166 -14.997233 2.258470
1769099998.514901 -0.283279 -14.992226 2.252775
1769099998.554898 -0.289245 -14.984877 2.242651
1769099998.614886 -0.293342 -14.979727 2.238854
1769099998.659904 -0.298970 -14.972593 2.232843
1769099998.704969 -0.302891 -14.967563 2.228413
1769099998.764914 -0.306589 -14.962775 2.225566
1769099998.804887 -0.312461 -14.955126 2.220820
1769099998.854885 -0.316352 -14.950008 2.218289
1769099998.914891 -0.320245 -14.944860 2.216074
1769099998.959918 -0.325878 -14.937378 2.212278
1769099999.004889 -0.329740 -14.932207 2.208798
1769099999.064907 -0.333538 -14.927083 2.206899
1769099999.109900 -0.339252 -14.919346 2.204368
1769099999.154912 -0.343133 -14.914063 2.202786
1769099999.209926 -0.347036 -14.908733 2.201204
1769099999.254910 -0.352661 -14.901025 2.198990
1769099999.309903 -0.356260 -14.896069 2.199622
1769099999.359915 -0.360072 -14.890829 2.199622
1769099999.404921 -0.365684 -14.883112 2.201204
1769099999.454913 -0.369175 -14.878328 2.201837
1769099999.509921 -0.372953 -14.873158 2.203419
1769099999.559934 -0.378236 -14.865952 2.206266
1769099999.609921 -0.382022 -14.860819 2.206266
1769099999.659935 -0.387596 -14.853262 2.207216
1769099999.709913 -0.391492 -14.847989 2.206899
1769099999.759938 -0.395161 -14.843022 2.206266
1769099999.804937 -0.400779 -14.835403 2.206266
1769099999.865016 -0.404415 -14.830474 2.204368
1769099999.909934 -0.410139 -14.822682 2.202470
1769099999.959932 -0.413950 -14.817473 2.201521
1769100000.009907 -0.417503 -14.812608 2.200888
1769100000.054941 -0.423230 -14.804755 2.201521
1769100000.109930 -0.426857 -14.799788 2.202470
1769100000.164912 -0.430608 -14.794661 2.204052
1769100000.204926 -0.436300 -14.786907 2.205317
1769100000.254923 -0.440096 -14.781750 2.206899
1769100000.314931 -0.443644 -14.776945 2.206899
1769100000.359936 -0.449313 -14.769269 2.205950
1769100000.404914 -0.453097 -14.764135 2.204052
1769100000.459941 -0.456977 -14.758851 2.201204
1769100000.509937 -0.462676 -14.751040 2.194877
1769100000.569919 -0.466625 -14.745556 2.190131
1769100000.609925 -0.472105 -14.737869 2.181589
1769100000.659982 -0.475865 -14.732499 2.176210
1769100000.704935 -0.479538 -14.727192 2.171464
1769100000.759938 -0.483086 -14.722013 2.167035
1769100000.805000 -0.488259 -14.714390 2.162606
1769100000.859944 -0.491705 -14.709264 2.160074
1769100000.909944 -0.496825 -14.701605 2.156278
1769100000.959943 -0.500350 -14.696289 2.153114
1769100001.014942 -0.503927 -14.690856 2.149634
1769100001.054941 -0.509272 -14.682678 2.142673
1769100001.109938 -0.512587 -14.677527 2.139510
1769100001.160042 -0.515954 -14.672260 2.134131
1769100001.205013 -0.521063 -14.664171 2.126538
1769100001.269954 -0.524481 -14.658666 2.120843
1769100001.309950 -0.529390 -14.650661 2.111668
1769100001.359958 -0.532582 -14.645345 2.106922
1769100001.414948 -0.535879 -14.639796 2.102809
1769100001.454954 -0.540835 -14.631377 2.099645
1769100001.509952 -0.544002 -14.625957 2.096481
1769100001.564951 -0.547241 -14.620374 2.093634
1769100001.604936 -0.551880 -14.612326 2.090154
1769100001.659947 -0.554882 -14.607075 2.086041
1769100001.714966 -0.557900 -14.601745 2.080979
1769100001.760000 -0.562622 -14.593307 2.072753
1769100001.804991 -0.565812 -14.587494 2.067058
1769100001.854982 -0.568741 -14.582085 2.061679
1769100001.904994 -0.573299 -14.573558 2.054719
1769100001.964967 -0.576349 -14.567756 2.049340
1769100002.004957 -0.580638 -14.559488 2.043645
1769100002.059978 -0.583543 -14.553809 2.039849
1769100002.114965 -0.586266 -14.548436 2.036685
1769100002.159967 -0.590495 -14.540024 2.030357
1769100002.214980 -0.593156 -14.534648 2.026877
1769100002.254965 -0.597169 -14.526467 2.021815
1769100002.304946 -0.600016 -14.520590 2.018018
1769100002.364947 -0.602643 -14.515113 2.014854
1769100002.404948 -0.606829 -14.506313 2.010109
1769100002.454950 -0.609628 -14.500357 2.006312
1769100002.514951 -0.612351 -14.494506 2.002832
1769100002.559950 -0.616431 -14.485656 1.996821
1769100002.604959 -0.619119 -14.479733 1.993340
1769100002.664951 -0.621776 -14.473823 1.991442
1769100002.709970 -0.625704 -14.465044 1.989544
1769100002.754955 -0.628318 -14.459170 1.990809
1769100002.814970 -0.630919 -14.453346 1.992708
1769100002.854980 -0.634785 -14.444733 1.995555
1769100002.909972 -0.637445 -14.438853 1.998402
1769100002.969978 -0.640058 -14.433118 1.998719
1769100003.009970 -0.644029 -14.424413 1.997453
1769100003.054976 -0.646720 -14.418491 1.996504
1769100003.114960 -0.649354 -14.412682 1.995239
1769100003.159967 -0.653409 -14.403710 1.993024
1769100003.209976 -0.656075 -14.397776 1.992075
1769100003.254996 -0.658807 -14.391679 1.993340
1769100003.309994 -0.661444 -14.385815 1.992075
1769100003.354982 -0.665428 -14.376923 1.991758
1769100003.404989 -0.668066 -14.371032 1.991442
1769100003.459993 -0.670629 -14.365302 1.991442
1769100003.509978 -0.674515 -14.356615 1.992075
1769100003.560003 -0.677061 -14.350933 1.993340
1769100003.614971 -0.679656 -14.345162 1.993973
1769100003.660012 -0.683565 -14.336484 1.995871
1769100003.714972 -0.686070 -14.330950 1.998402
1769100003.759998 -0.689995 -14.322336 1.999035
1769100003.809994 -0.692654 -14.316511 1.999352
1769100003.865002 -0.695389 -14.310525 1.996821
1769100003.910023 -0.699364 -14.301767 1.994289
1769100003.960006 -0.702037 -14.295837 1.992708
1769100004.010074 -0.704576 -14.290180 1.991126
1769100004.060080 -0.708532 -14.281329 1.990809
1769100004.110008 -0.711174 -14.275413 1.992075
1769100004.159991 -0.713638 -14.269916 1.993340
1769100004.209994 -0.717582 -14.261144 1.995871
1769100004.259984 -0.720045 -14.255702 1.995871
1769100004.310002 -0.722665 -14.249914 1.997453
1769100004.354986 -0.726624 -14.241205 1.996188
1769100004.414995 -0.729110 -14.235717 1.995555
1769100004.454991 -0.733136 -14.226816 1.995555
1769100004.509997 -0.735807 -14.220912 1.994922
1769100004.570008 -0.738525 -14.214891 1.995239
1769100004.609989 -0.742549 -14.205988 1.994606
1769100004.660014 -0.745255 -14.199990 1.993340
1769100004.715015 -0.747943 -14.194011 1.991758
1769100004.760007 -0.751863 -14.185255 1.990176
1769100004.805074 -0.754471 -14.179407 1.990493
1769100004.855012 -0.757018 -14.173698 1.989544
1769100004.910022 -0.759632 -14.167824 1.990809
1769100004.960055 -0.763461 -14.159250 1.994289
1769100005.015001 -0.765916 -14.153804 1.996188
1769100005.060013 -0.769906 -14.144997 1.998086
1769100005.110001 -0.772413 -14.139492 1.998402
1769100005.170022 -0.775142 -14.133504 1.997770
1769100005.209990 -0.779156 -14.124680 1.996188
1769100005.255002 -0.781789 -14.118870 1.994289
1769100005.314998 -0.784472 -14.112917 1.993024
1769100005.355038 -0.788497 -14.103959 1.991758
1769100005.405008 -0.791155 -14.098022 1.992075
1769100005.465021 -0.793784 -14.092155 1.993340
1769100005.510004 -0.797738 -14.083360 1.993657
1769100005.560023 -0.800345 -14.077566 1.993973
1769100005.615016 -0.802923 -14.071843 1.993973
1769100005.660156 -0.806852 -14.063120 1.993973
1769100005.705083 -0.809419 -14.057419 1.994922
1769100005.765109 -0.812075 -14.051537 1.994606
1769100005.810094 -0.816041 -14.042747 1.996821
1769100005.855030 -0.818740 -14.036800 1.998719
1769100005.905039 -0.821418 -14.030928 1.997770
1769100005.960043 -0.824143 -14.024938 1.996504
1769100006.005105 -0.828209 -14.015971 1.993024
1769100006.065032 -0.830730 -14.010361 1.991442
1769100006.110030 -0.834740 -14.001396 1.990176
1769100006.160022 -0.837286 -13.995686 1.988595
1769100006.215015 -0.839915 -13.989764 1.990493
1769100006.260025 -0.843793 -13.981073 1.991126
1769100006.310033 -0.846344 -13.975366 1.993973
1769100006.365023 -0.848973 -13.969527 1.996188
1769100006.405024 -0.852734 -13.961227 1.996821
1769100006.455036 -0.855244 -13.955696 1.996821
1769100006.515038 -0.857890 -13.949864 1.996504
1769100006.555090 -0.861883 -13.941059 1.995239
1769100006.610047 -0.864426 -13.935431 1.995239
1769100006.665054 -0.867116 -13.929480 1.993973
1769100006.705050 -0.871148 -13.920526 1.994606
1769100006.755043 -0.873813 -13.914619 1.994606
1769100006.815042 -0.876509 -13.908644 1.993657
1769100006.855025 -0.880456 -13.899873 1.992391
1769100006.910027 -0.883056 -13.894076 1.992075
1769100006.965037 -0.885643 -13.888302 1.992075
1769100007.005045 -0.889514 -13.879663 1.992708
1769100007.065049 -0.892022 -13.874075 1.993973
1769100007.105049 -0.895764 -13.865767 1.997137
1769100007.160045 -0.898339 -13.860098 1.999035
1769100007.210047 -0.900830 -13.854641 1.998719
1769100007.255038 -0.904864 -13.845798 1.997453
1769100007.305063 -0.907618 -13.839738 1.996504
1769100007.365051 -0.910252 -13.833929 1.995239
1769100007.410045 -0.914182 -13.825234 1.991126
1769100007.465097 -0.916805 -13.819365 1.989227
1769100007.510107 -0.920641 -13.810738 1.990176
1769100007.555111 -0.923249 -13.804890 1.990493
1769100007.615057 -0.925827 -13.799111 1.992391
1769100007.660086 -0.929743 -13.790381 1.994289
1769100007.710088 -0.932312 -13.784682 1.995239
1769100007.770084 -0.934917 -13.778916 1.995239
1769100007.810066 -0.938680 -13.770589 1.995555
1769100007.855128 -0.941173 -13.765078 1.995239
1769100007.915087 -0.943831 -13.759196 1.994922
1769100007.960063 -0.947862 -13.750269 1.996504
1769100008.005134 -0.950454 -13.744552 1.996504
1769100008.065061 -0.953088 -13.738743 1.997137
1769100008.105084 -0.957170 -13.729755 1.995871
1769100008.165082 -0.959707 -13.724152 1.993657
1769100008.210073 -0.963695 -13.715289 1.991758
1769100008.255113 -0.966209 -13.709675 1.990176
1769100008.315067 -0.968785 -13.703896 1.990176
1769100008.360080 -0.972660 -13.695204 1.993340
1769100008.405092 -0.975245 -13.689456 1.994289
1769100008.465079 -0.977897 -13.683572 1.997770
1769100008.510055 -0.981859 -13.674863 1.998402
1769100008.555078 -0.984483 -13.669105 1.997770
1769100008.615058 -0.987167 -13.663208 1.997770
1769100008.660075 -0.991150 -13.654453 1.995239
1769100008.710072 -0.993724 -13.648756 1.993024
1769100008.765093 -0.996400 -13.642799 1.991126
1769100008.810089 -1.000418 -13.633811 1.990809
1769100008.855074 -1.003122 -13.627755 1.991442
1769100008.915076 -1.005758 -13.621864 1.991758
1769100008.960076 -1.009719 -13.613016 1.992708
1769100009.005086 -1.012279 -13.607313 1.992391
1769100009.060135 -1.014879 -13.601516 1.992075
1769100009.110071 -1.018584 -13.593247 1.993973
1769100009.160089 -1.021152 -13.587547 1.994289
1769100009.215066 -1.023773 -13.581732 1.994922
1769100009.260100 -1.027762 -13.572897 1.996504
1769100009.305089 -1.030469 -13.566926 1.997453
1769100009.365078 -1.033109 -13.561120 1.998719
1769100009.410087 -1.037174 -13.552208 1.997770
1769100009.455093 -1.039836 -13.546356 1.996504
1769100009.515102 -1.042543 -13.540386 1.994289
1769100009.560082 -1.046548 -13.531502 1.990176
1769100009.610117 -1.049145 -13.525677 1.990176
1769100009.665087 -1.051783 -13.519759 1.990176
1769100009.705152 -1.055535 -13.511344 1.993340
1769100009.760131 -1.058192 -13.505434 1.995871
1769100009.815109 -1.060645 -13.500015 1.996821
1769100009.855121 -1.064609 -13.491280 1.997137
1769100009.905103 -1.067268 -13.485427 1.997137
1769100009.965126 -1.069863 -13.479712 1.996504
1769100010.005110 -1.073877 -13.470860 1.995239
1769100010.055092 -1.076556 -13.464932 1.994289
1769100010.115097 -1.079104 -13.459279 1.993340
1769100010.160096 -1.083152 -13.450276 1.993340
1769100010.215091 -1.085820 -13.444343 1.993024
1769100010.255115 -1.088527 -13.438317 1.992708
1769100010.305105 -1.092310 -13.429889 1.991758
1769100010.355095 -1.094948 -13.423998 1.991442
1769100010.410104 -1.097511 -13.418268 1.990809
1769100010.455093 -1.101350 -13.409671 1.992075
1769100010.505107 -1.103938 -13.403897 1.993340
1769100010.560118 -1.106543 -13.398102 1.995555
1769100010.610154 -1.110496 -13.389362 1.997770
1769100010.655155 -1.113159 -13.383510 1.999035
1769100010.710112 -1.115881 -13.377547 1.999352
1769100010.755113 -1.119878 -13.368799 1.998086
1769100010.815115 -1.122563 -13.362902 1.996188
1769100010.855103 -1.126469 -13.354279 1.993024
1769100010.905109 -1.129125 -13.348369 1.991758
1769100010.955116 -1.131803 -13.342385 1.990809
1769100011.010162 -1.134446 -13.336469 1.992708
1769100011.055115 -1.138364 -13.327741 1.994606
1769100011.115104 -1.140987 -13.321927 1.995239
1769100011.160163 -1.144760 -13.313577 1.995871
1769100011.205104 -1.147411 -13.307720 1.995871
1769100011.260120 -1.150000 -13.302002 1.995239
1769100011.310120 -1.153814 -13.293560 1.995871
1769100011.355127 -1.156330 -13.288003 1.995555
1769100011.415124 -1.159042 -13.282007 1.996188
1769100011.455183 -1.163042 -13.273177 1.997137
1769100011.510171 -1.165743 -13.267231 1.996504
1769100011.560140 -1.168492 -13.261169 1.994922
1769100011.610124 -1.172346 -13.252634 1.991758
1769100011.665127 -1.174911 -13.246905 1.991126
1769100011.710123 -1.178805 -13.238193 1.988911
1769100011.755179 -1.181281 -13.232619 1.989860
1769100011.815132 -1.183856 -13.226839 1.991126
1769100011.855159 -1.187585 -13.218497 1.993340
1769100011.910149 -1.190065 -13.212980 1.995555
1769100011.960165 -1.192652 -13.207260 1.997453
1769100012.005165 -1.196632 -13.198504 1.998719
1769100012.055169 -1.199300 -13.192655 1.997453
1769100012.110142 -1.202003 -13.186710 1.996821
1769100012.160136 -1.206030 -13.177837 1.994606
1769100012.205142 -1.208642 -13.172046 1.993657
1769100012.260141 -1.211353 -13.166022 1.992708
1769100012.305138 -1.215354 -13.157109 1.993340
1769100012.355138 -1.218011 -13.151199 1.993340
1769100012.415147 -1.220668 -13.145289 1.993340
1769100012.455131 -1.224602 -13.136540 1.993024
1769100012.510141 -1.227081 -13.131022 1.992708
1769100012.565182 -1.229641 -13.125319 1.993024
1769100012.610140 -1.233562 -13.116591 1.994922
1769100012.655149 -1.236166 -13.110824 1.995555
1769100012.715161 -1.238836 -13.104921 1.996188
1769100012.760150 -1.242826 -13.096114 1.998086
1769100012.805144 -1.245490 -13.090263 1.998719
1769100012.860157 -1.248211 -13.084298 1.997770
1769100012.905240 -1.252246 -13.075429 1.993657
1769100012.955155 -1.254967 -13.069381 1.991758
1769100013.010152 -1.257574 -13.063560 1.989860
1769100013.055141 -1.261549 -13.054635 1.987962
1769100013.105227 -1.264164 -13.048735 1.988911
1769100013.165165 -1.266734 -13.042952 1.991442
1769100013.210157 -1.270620 -13.034265 1.993973
1769100013.255148 -1.273198 -13.028542 1.995871
1769100013.310150 -1.275817 -13.022754 1.996188
1769100013.355167 -1.279703 -13.014178 1.996188
1769100013.410144 -1.282356 -13.008322 1.996188
1769100013.465146 -1.285020 -13.002443 1.995239
1769100013.510143 -1.289001 -12.993632 1.995239
1769100013.555151 -1.291732 -12.987589 1.994606
1769100013.615149 -1.294366 -12.981752 1.996188
1769100013.655163 -1.298418 -12.972806 1.994922
1769100013.705181 -1.301095 -12.966878 1.993973
1769100013.765164 -1.303746 -12.960993 1.992391
1769100013.810163 -1.307671 -12.952240 1.990809
1769100013.855182 -1.310272 -12.946416 1.991442
1769100013.915184 -1.312753 -12.940871 1.991442
1769100013.960187 -1.316463 -12.932577 1.994289
1769100014.005209 -1.319157 -12.926601 1.996504
1769100014.060219 -1.321739 -12.920907 1.998086
1769100014.105228 -1.325746 -12.912107 1.998719
1769100014.165167 -1.328466 -12.906143 1.998402
1769100014.215178 -1.331090 -12.900385 1.997137
1769100014.255236 -1.335151 -12.891444 1.993973
1769100014.310170 -1.337791 -12.885582 1.991442
1769100014.365182 -1.340541 -12.879436 1.990809
1769100014.405166 -1.344524 -12.870515 1.989544
1769100014.455225 -1.347118 -12.864688 1.990809
1769100014.515181 -1.349729 -12.858841 1.992391
1769100014.560175 -1.353644 -12.850111 1.993657
1769100014.605177 -1.356241 -12.844341 1.994289
1769100014.665188 -1.358810 -12.838642 1.994606
1769100014.710180 -1.362672 -12.830082 1.994922
1769100014.755181 -1.365328 -12.824200 1.994606
1769100014.815180 -1.367940 -12.818409 1.996188
1769100014.855191 -1.371878 -12.809717 1.997137
1769100014.905167 -1.374359 -12.804255 1.998086
1769100014.960170 -1.377097 -12.798243 1.997770
1769100015.005166 -1.380996 -12.789673 1.995871
1769100015.065165 -1.383699 -12.783701 1.994289
1769100015.105235 -1.387558 -12.775140 1.990809
1769100015.155245 -1.390045 -12.769571 1.990493
1769100015.210199 -1.392655 -12.763723 1.989544
1769100015.255286 -1.396545 -12.754982 1.991442
1769100015.300249 -1.399160 -12.749137 1.994922
1769100015.365253 -1.401764 -12.743369 1.996188
1769100015.405206 -1.405587 -12.734931 1.997453
1769100015.455194 -1.408247 -12.729079 1.998086
1769100015.515200 -1.410859 -12.723343 1.997137
1769100015.555186 -1.414899 -12.714448 1.996504
1769100015.605272 -1.417533 -12.708639 1.994606
1769100015.660192 -1.420260 -12.702594 1.993340
1769100015.705213 -1.424163 -12.693914 1.992075
1769100015.755248 -1.426813 -12.688001 1.992708
1769100015.810197 -1.429497 -12.682021 1.992391
1769100015.855267 -1.433443 -12.673222 1.992075
1769100015.905244 -1.436093 -12.667309 1.992708
1769100015.960259 -1.438508 -12.661928 1.991126
1769100016.005256 -1.442237 -12.653587 1.992075
1769100016.060201 -1.444700 -12.648089 1.992708
1769100016.110206 -1.448566 -12.639476 1.994289
1769100016.155288 -1.451125 -12.633800 1.995555
1769100016.210199 -1.453618 -12.628288 1.997770
1769100016.255261 -1.457653 -12.619418 1.999352
1769100016.305200 -1.460335 -12.613548 1.998402
1769100016.360223 -1.463043 -12.607606 1.996504
1769100016.405288 -1.466942 -12.599007 1.993024
1769100016.460209 -1.469462 -12.593397 1.991442
1769100016.510294 -1.473349 -12.584710 1.990176
1769100016.555238 -1.475946 -12.578884 1.990809
1769100016.610287 -1.478464 -12.573245 1.992708
1769100016.655293 -1.482351 -12.564586 1.994922
1769100016.705204 -1.484840 -12.559073 1.995871
1769100016.760206 -1.487471 -12.553262 1.996504
1769100016.805282 -1.491390 -12.544618 1.996821
1769100016.860221 -1.494037 -12.538787 1.995871
1769100016.910212 -1.497847 -12.530370 1.995555
1769100016.960206 -1.500412 -12.524697 1.996188
1769100017.010204 -1.502972 -12.519049 1.995239
1769100017.055293 -1.506995 -12.510146 1.995239
1769100017.105228 -1.509736 -12.504080 1.994289
1769100017.160231 -1.512430 -12.498103 1.993340
1769100017.205230 -1.516426 -12.489216 1.991126
1769100017.255267 -1.518905 -12.483670 1.989860
1769100017.315230 -1.521500 -12.477844 1.990493
1769100017.355231 -1.525347 -12.469222 1.989544
1769100017.415234 -1.527910 -12.463464 1.992391
1769100017.460291 -1.531701 -12.455012 1.996188
1769100017.505294 -1.534312 -12.449248 1.997453
1769100017.555237 -1.536983 -12.443372 1.998402
1769100017.615256 -1.539649 -12.437522 1.998402
1769100017.655317 -1.543659 -12.428724 1.997137
1769100017.715335 -1.546213 -12.423101 1.996504
1769100017.760305 -1.550216 -12.414272 1.993657
1769100017.810298 -1.552937 -12.408225 1.992391
1769100017.865245 -1.555454 -12.402613 1.992075
1769100017.910236 -1.559449 -12.393697 1.992708
1769100017.955265 -1.561958 -12.388109 1.993973
1769100018.010244 -1.564598 -12.382247 1.993973
1769100018.055342 -1.568371 -12.373870 1.994289
1769100018.105233 -1.570971 -12.368101 1.994289
1769100018.160248 -1.573592 -12.362287 1.994289
1769100018.205230 -1.577326 -12.354003 1.995239
1769100018.255316 -1.580026 -12.348029 1.996188
1769100018.310302 -1.582690 -12.342150 1.996504
1769100018.355273 -1.586682 -12.333344 1.997770
1769100018.415323 -1.589397 -12.327377 1.997453
1769100018.460231 -1.593451 -12.318460 1.994606
1769100018.505312 -1.596167 -12.312439 1.993024
1769100018.565230 -1.598791 -12.306597 1.990176
1769100018.605261 -1.602605 -12.298044 1.988278
1769100018.660316 -1.605068 -12.292491 1.988278
1769100018.710259 -1.607521 -12.286961 1.989860
1769100018.755296 -1.611414 -12.278222 1.993024
1769100018.805251 -1.613986 -12.272496 1.995555
1769100018.855358 -1.616489 -12.266961 1.996188
1769100018.905250 -1.620375 -12.258385 1.997453
1769100018.965299 -1.623035 -12.252532 1.997453
1769100019.005252 -1.626953 -12.243915 1.995555
1769100019.060236 -1.629581 -12.238103 1.995555
1769100019.110253 -1.632168 -12.232384 1.994289
1769100019.155254 -1.636152 -12.223546 1.994606
1769100019.205329 -1.638858 -12.217548 1.995239
1769100019.260224 -1.641412 -12.211897 1.994289
1769100019.305357 -1.645395 -12.203059 1.992708
1769100019.355247 -1.648038 -12.197171 1.992391
1769100019.410336 -1.650493 -12.191698 1.992075
1769100019.455252 -1.654385 -12.183013 1.992708
1769100019.505273 -1.656821 -12.177586 1.992391
1769100019.560275 -1.659472 -12.171674 1.994922
1769100019.605282 -1.663409 -12.162955 1.996821
1769100019.655276 -1.666024 -12.157192 1.998086
1769100019.710380 -1.668741 -12.151226 1.998402
1769100019.755298 -1.672750 -12.142428 1.997137
1769100019.815308 -1.675336 -12.136736 1.994922
1769100019.855297 -1.679346 -12.127855 1.992075
1769100019.905346 -1.681902 -12.122150 1.990493
1769100019.965321 -1.684543 -12.116233 1.989227
1769100020.005336 -1.688502 -12.107329 1.989544
1769100020.055236 -1.691096 -12.101501 1.991442
1769100020.115240 -1.693680 -12.095725 1.992708
1769100020.160253 -1.697577 -12.087043 1.994606
1769100020.205259 -1.700023 -12.081621 1.995555
1769100020.260231 -1.702631 -12.075856 1.995555
1769100020.305241 -1.706563 -12.067162 1.996504
1769100020.355224 -1.709197 -12.061353 1.999035
1769100020.415246 -1.711951 -12.055320 2.001566
1769100020.455247 -1.715956 -12.046604 2.008843
1769100020.510327 -1.718726 -12.040690 2.013272
1769100020.565252 -1.721501 -12.034835 2.017069
1769100020.610321 -1.725717 -12.026022 2.021498
1769100020.655278 -1.728573 -12.020121 2.024346
1769100020.715242 -1.731368 -12.014387 2.026877
1769100020.760231 -1.735615 -12.005730 2.031623
1769100020.805232 -1.738316 -12.000289 2.036052
1769100020.860226 -1.741212 -11.994521 2.041431
1769100020.905285 -1.745550 -11.985993 2.051555
1769100020.960258 -1.748453 -11.980428 2.057250
1769100021.010360 -1.751423 -11.974812 2.062628
1769100021.055317 -1.755977 -11.966311 2.069272
1769100021.105252 -1.759002 -11.960754 2.071803
1769100021.165277 -1.762114 -11.955071 2.074967
1769100021.205250 -1.766834 -11.946516 2.079397
1769100021.255246 -1.770026 -11.940791 2.083510
1769100021.315290 -1.773292 -11.934990 2.086990
1769100021.360316 -1.778089 -11.926537 2.092685
1769100021.410282 -1.781344 -11.920876 2.097747
1769100021.460300 -1.784348 -11.915713 2.100278
1769100021.505373 -1.789142 -11.907521 2.106289
1769100021.555331 -1.792216 -11.902340 2.109453
1769100021.610317 -1.795501 -11.896844 2.111668
1769100021.655330 -1.800453 -11.888598 2.118628
1769100021.705370 -1.803736 -11.883218 2.121476
1769100021.760323 -1.807126 -11.877697 2.124007
1769100021.805331 -1.812206 -11.869470 2.125272
1769100021.855318 -1.815538 -11.864091 2.125905
1769100021.915360 -1.818913 -11.858649 2.124956
1769100021.955327 -1.824014 -11.850405 2.122741
1769100022.005329 -1.827398 -11.844909 2.120527
1769100022.060308 -1.830823 -11.839320 2.119577
1769100022.105299 -1.835973 -11.830898 2.118312
1769100022.155306 -1.839346 -11.825366 2.118312
1769100022.215296 -1.842732 -11.819812 2.118628
1769100022.255304 -1.847689 -11.811688 2.121159
1769100022.300350 -1.850932 -11.806402 2.121476
1769100022.360321 -1.854230 -11.801032 2.122425
1769100022.410316 -1.859204 -11.792948 2.122741
1769100022.455306 -1.862561 -11.787495 2.122425
1769100022.515301 -1.865718 -11.782365 2.123058
1769100022.555301 -1.870844 -11.774047 2.123058
1769100022.605349 -1.874389 -11.768294 2.124007
1769100022.660302 -1.877568 -11.763147 2.122425
1769100022.705312 -1.882555 -11.755042 2.121159
1769100022.760321 -1.885732 -11.749864 2.119894
1769100022.805304 -1.890593 -11.741919 2.117363
1769100022.855314 -1.893988 -11.736340 2.116730
1769100022.910311 -1.897339 -11.730824 2.115781
1769100022.955320 -1.902141 -11.722903 2.117046
1769100023.000343 -1.905310 -11.717690 2.118628
1769100023.060313 -1.908619 -11.712267 2.120843
1769100023.105305 -1.913580 -11.704176 2.123690
1769100023.165314 -1.916770 -11.699006 2.124956
1769100023.205312 -1.921765 -11.690935 2.124640
1769100023.255306 -1.924933 -11.685812 2.124007
1769100023.310321 -1.928351 -11.680277 2.123058
1769100023.355312 -1.933463 -11.671981 2.120843
1769100023.410334 -1.936956 -11.666285 2.120210
1769100023.460316 -1.940181 -11.661018 2.119577
1769100023.505326 -1.945291 -11.652661 2.119261
1769100023.555306 -1.948511 -11.647391 2.119894
1769100023.610504 -1.951760 -11.642080 2.118628
1769100023.655365 -1.956704 -11.633977 2.119577
1769100023.705346 -1.959991 -11.628600 2.119894
1769100023.760332 -1.963307 -11.623181 2.120210
1769100023.805380 -1.968369 -11.614914 2.122425
1769100023.855405 -1.971712 -11.609482 2.123058
1769100023.910355 -1.975138 -11.603922 2.123058
1769100023.955362 -1.980197 -11.595712 2.124007
1769100024.005369 -1.983601 -11.590199 2.124007
1769100024.060328 -1.986979 -11.584729 2.122741
1769100024.105352 -1.992075 -11.576453 2.119577
1769100024.155335 -1.995337 -11.571120 2.117363
1769100024.210341 -1.998731 -11.565541 2.115464
1769100024.255335 -2.003754 -11.557250 2.116414
1769100024.315408 -2.006919 -11.552035 2.117363
1769100024.360345 -2.011918 -11.543819 2.117995
1769100024.405333 -2.015158 -11.538501 2.120527
1769100024.465336 -2.018437 -11.533149 2.122425
1769100024.510328 -2.023398 -11.525087 2.123690
1769100024.555360 -2.026748 -11.519659 2.124323
1769100024.615339 -2.030154 -11.514147 2.123058
1769100024.655336 -2.035080 -11.506153 2.122741
1769100024.705424 -2.038398 -11.500765 2.122741
1769100024.760340 -2.041623 -11.495527 2.121792
1769100024.805325 -2.046818 -11.487074 2.121159
1769100024.850346 -2.050206 -11.481551 2.120527
1769100024.910336 -2.053499 -11.476177 2.118945
1769100024.955332 -2.058537 -11.467925 2.117679
1769100025.000432 -2.061828 -11.462521 2.118312
1769100025.060353 -2.064977 -11.457356 2.118628
1769100025.105350 -2.070026 -11.449080 2.120210
1769100025.165348 -2.073357 -11.443641 2.121476
1769100025.205361 -2.078217 -11.435725 2.124323
1769100025.255372 -2.081424 -11.430536 2.125905
1769100025.310350 -2.084799 -11.425094 2.124956
1769100025.355367 -2.089820 -11.416980 2.124007
1769100025.405353 -2.093251 -11.411424 2.122741
1769100025.460344 -2.096662 -11.405885 2.121159
1769100025.505356 -2.101864 -11.397406 2.117679
1769100025.555360 -2.105102 -11.392088 2.117679
1769100025.615381 -2.108498 -11.386510 2.116414
1769100025.655397 -2.113529 -11.378224 2.116730
1769100025.700376 -2.116749 -11.372924 2.118312
1769100025.765369 -2.120016 -11.367565 2.118312
1769100025.805366 -2.124904 -11.359547 2.120527
1769100025.850395 -2.128184 -11.354195 2.121159
1769100025.915368 -2.131546 -11.348715 2.122425
1769100025.955383 -2.136613 -11.340481 2.123690
1769100026.005383 -2.140056 -11.334902 2.122741
1769100026.060340 -2.143427 -11.329428 2.123374
1769100026.100363 -2.148396 -11.321370 2.124007
1769100026.155375 -2.151601 -11.316180 2.122425
1769100026.210363 -2.154957 -11.310726 2.121476
1769100026.255399 -2.160056 -11.302422 2.119261
1769100026.300365 -2.163394 -11.296958 2.117679
1769100026.360359 -2.166790 -11.291380 2.117046
1769100026.405363 -2.171813 -11.283119 2.118945
1769100026.450373 -2.174992 -11.277912 2.119894
1769100026.505388 -2.178307 -11.272493 2.121476
1769100026.555371 -2.183261 -11.264427 2.124007
1769100026.605366 -2.186559 -11.259086 2.125272
1769100026.660372 -2.189930 -11.253642 2.124956
1769100026.705376 -2.195005 -11.245441 2.123374
1769100026.755373 -2.198220 -11.240228 2.122108
1769100026.805413 -2.201720 -11.234536 2.121476
1769100026.850367 -2.206726 -11.226383 2.120210
1769100026.915381 -2.210163 -11.220770 2.118312
1769100026.955391 -2.215275 -11.212385 2.117046
1769100027.005382 -2.218339 -11.207346 2.117363
1769100027.060388 -2.221522 -11.202113 2.117363
1769100027.100393 -2.226442 -11.194026 2.118628
1769100027.155386 -2.229540 -11.188949 2.118312
1769100027.210393 -2.232861 -11.183503 2.118945
1769100027.255388 -2.237899 -11.175251 2.121476
1769100027.305405 -2.241290 -11.169729 2.122741
1769100027.360385 -2.244674 -11.164233 2.124323
1769100027.405424 -2.249730 -11.156051 2.124956
1769100027.455390 -2.253086 -11.150628 2.124956
1769100027.510386 -2.256456 -11.145182 2.123374
1769100027.560404 -2.261571 -11.136888 2.120527
1769100027.605410 -2.264943 -11.131385 2.118945
1769100027.660404 -2.268372 -11.125768 2.117679
1769100027.700391 -2.273466 -11.117401 2.117995
1769100027.755424 -2.276824 -11.111890 2.117679
1769100027.810407 -2.280194 -11.106355 2.119577
1769100027.855433 -2.285105 -11.098322 2.121476
1769100027.905401 -2.288218 -11.093253 2.122425
1769100027.960394 -2.291521 -11.087886 2.123374
1769100028.005402 -2.296542 -11.079742 2.122741
1769100028.055403 -2.299900 -11.074290 2.122425
1769100028.105457 -2.303322 -11.068728 2.122425
1769100028.155413 -2.308469 -11.060364 2.122425
1769100028.205403 -2.311891 -11.054803 2.121792
1769100028.265426 -2.315363 -11.049153 2.121159
1769100028.305418 -2.320407 -11.040933 2.118945
1769100028.355402 -2.323744 -11.035468 2.117995
1769100028.410470 -2.327062 -11.030021 2.116730
1769100028.455419 -2.332030 -11.021844 2.116097
1769100028.505408 -2.335351 -11.016369 2.117046
1769100028.560406 -2.338507 -11.011179 2.117679
1769100028.605410 -2.343337 -11.003244 2.121159
1769100028.655409 -2.346647 -10.997851 2.122425
1769100028.710411 -2.350042 -10.992333 2.124323
1769100028.755404 -2.355005 -10.984302 2.124640
1769100028.805410 -2.358373 -10.978855 2.124956
1769100028.855412 -2.361783 -10.973345 2.123690
1769100028.905431 -2.366834 -10.965160 2.120527
1769100028.955411 -2.370312 -10.959484 2.119577
1769100029.005463 -2.373705 -10.953935 2.118628
1769100029.055414 -2.378833 -10.945530 2.118312
1769100029.100427 -2.382193 -10.940019 2.119261
1769100029.160443 -2.385479 -10.934641 2.119577
1769100029.210414 -2.390430 -10.926543 2.120527
1769100029.250434 -2.393551 -10.921450 2.121159
1769100029.305414 -2.396860 -10.916057 2.121159
1769100029.355417 -2.401917 -10.907816 2.123058
1769100029.405413 -2.405250 -10.902407 2.122741
1769100029.455494 -2.408674 -10.896847 2.123374
1769100029.500423 -2.413776 -10.888574 2.124007
1769100029.565432 -2.417060 -10.883255 2.123690
1769100029.605429 -2.422151 -10.875005 2.122741
1769100029.655428 -2.425363 -10.869789 2.120210
1769100029.710426 -2.428760 -10.864242 2.118628
1769100029.755465 -2.433637 -10.856247 2.115464
1769100029.815448 -2.436824 -10.850987 2.115781
1769100029.855439 -2.441613 -10.843087 2.116730
1769100029.900450 -2.444964 -10.837571 2.117046
1769100029.960467 -2.448238 -10.832186 2.119894
1769100030.000462 -2.453020 -10.824370 2.123690
1769100030.055476 -2.456370 -10.818942 2.123690
1769100030.110433 -2.459680 -10.813579 2.124640
1769100030.155449 -2.464752 -10.805377 2.123058
1769100030.205498 -2.468151 -10.799861 2.122425
1769100030.265435 -2.471401 -10.794579 2.121476
1769100030.305439 -2.476579 -10.786146 2.121159
1769100030.355438 -2.480034 -10.780515 2.120843
1769100030.410455 -2.483289 -10.775207 2.119577
1769100030.450436 -2.488121 -10.767304 2.119577
1769100030.510450 -2.491449 -10.761862 2.118945
1769100030.555443 -2.496263 -10.753977 2.118628
1769100030.605459 -2.499559 -10.748575 2.118628
1769100030.665451 -2.502696 -10.743433 2.119261
1769100030.700445 -2.507711 -10.735226 2.122425
1769100030.755441 -2.510974 -10.729923 2.123690
1769100030.810442 -2.514310 -10.724516 2.124007
1769100030.855514 -2.519417 -10.716247 2.124007
1769100030.900446 -2.522728 -10.710885 2.124323
1769100030.960455 -2.525988 -10.705609 2.123374
1769100031.000444 -2.531143 -10.697250 2.120843
1769100031.065449 -2.534516 -10.691748 2.117995
1769100031.105462 -2.539652 -10.683318 2.115464
1769100031.160455 -2.542865 -10.678015 2.115781
1769100031.215449 -2.546211 -10.672495 2.116097
1769100031.255449 -2.551003 -10.664597 2.118312
1769100031.305456 -2.554271 -10.659237 2.118945
1769100031.360450 -2.557357 -10.654182 2.120210
1769100031.405456 -2.562274 -10.646152 2.122741
1769100031.455459 -2.565472 -10.640958 2.123058
1769100031.505462 -2.568818 -10.635528 2.123058
1769100031.555457 -2.573824 -10.627405 2.122108
1769100031.605462 -2.577205 -10.621907 2.122425
1769100031.660467 -2.580654 -10.616302 2.122425
1769100031.705455 -2.585747 -10.608024 2.121792
1769100031.765457 -2.588967 -10.602784 2.121476
1769100031.800488 -2.594053 -10.594502 2.118945
1769100031.855550 -2.597192 -10.589360 2.118312
1769100031.910567 -2.600407 -10.584087 2.117046
1769100031.955472 -2.605443 -10.575804 2.118628
1769100032.005499 -2.608713 -10.570445 2.119894
1769100032.060502 -2.611936 -10.565177 2.121159
1769100032.105479 -2.616926 -10.557044 2.124007
1769100032.165552 -2.620091 -10.551919 2.124640
1769100032.205479 -2.624937 -10.544083 2.124007
1769100032.255471 -2.628328 -10.538592 2.123690
1769100032.310488 -2.631678 -10.533164 2.122425
1769100032.355472 -2.636626 -10.525123 2.120843
1769100032.405510 -2.640158 -10.519362 2.119894
1769100032.460493 -2.643408 -10.514051 2.117995
1769100032.510470 -2.648583 -10.505556 2.115781
1769100032.555488 -2.651877 -10.500124 2.117363
1769100032.610481 -2.655231 -10.494610 2.117046
1769100032.655489 -2.660070 -10.486651 2.118312
1769100032.705483 -2.663338 -10.481291 2.118945
1769100032.765478 -2.666675 -10.475826 2.119894
1769100032.805482 -2.671628 -10.467730 2.121476
1769100032.855553 -2.675072 -10.462122 2.122741
1769100032.910484 -2.678443 -10.456647 2.124007
1769100032.955483 -2.683550 -10.448378 2.124640
1769100033.005493 -2.686958 -10.442867 2.124640
1769100033.060483 -2.690312 -10.437442 2.124007
1769100033.105502 -2.695406 -10.429194 2.121159
1769100033.155485 -2.698768 -10.423714 2.119261
1769100033.215487 -2.702186 -10.418120 2.117679
1769100033.255494 -2.707280 -10.409754 2.117995
1769100033.305556 -2.710585 -10.404329 2.117679
1769100033.365489 -2.713994 -10.398729 2.119894
1769100033.405490 -2.718935 -10.390655 2.121792
1769100033.455500 -2.722234 -10.385285 2.122108
1769100033.510491 -2.725522 -10.379938 2.123374
1769100033.555507 -2.730504 -10.371859 2.123690
1769100033.605554 -2.733894 -10.366366 2.122741
1769100033.660539 -2.737238 -10.360935 2.122108
1769100033.705603 -2.742223 -10.352828 2.122108
1769100033.755493 -2.745511 -10.347481 2.121476
1769100033.815520 -2.748981 -10.341830 2.120210
1769100033.850528 -2.754109 -10.333455 2.118945
1769100033.905545 -2.757446 -10.327990 2.117995
1769100033.960535 -2.760541 -10.322910 2.117679
1769100034.000504 -2.765529 -10.314716 2.117363
1769100034.060518 -2.768660 -10.309570 2.117363
1769100034.110503 -2.773594 -10.301461 2.118312
1769100034.150503 -2.777006 -10.295864 2.120527
1769100034.215525 -2.780127 -10.290771 2.121792
1769100034.255515 -2.785162 -10.282576 2.124956
1769100034.305506 -2.788426 -10.277303 2.124640
1769100034.360506 -2.791581 -10.272201 2.125589
1769100034.405507 -2.796647 -10.264026 2.123058
1769100034.450507 -2.800046 -10.258510 2.121792
1769100034.510523 -2.803306 -10.253205 2.120527
1769100034.555510 -2.808450 -10.244809 2.118312
1769100034.615512 -2.811691 -10.239493 2.117679
1769100034.660511 -2.816798 -10.231105 2.118312
1769100034.710557 -2.820105 -10.225681 2.119894
1769100034.760541 -2.823421 -10.220262 2.120210
1769100034.810514 -2.828338 -10.212232 2.122108
1769100034.855524 -2.831652 -10.206842 2.122108
1769100034.905593 -2.834967 -10.201451 2.122741
1769100034.960527 -2.838351 -10.195956 2.122425
1769100035.000517 -2.843418 -10.187721 2.123058
1769100035.055527 -2.846817 -10.182205 2.123690
1769100035.110528 -2.850300 -10.176561 2.123058
1769100035.155526 -2.855439 -10.168222 2.122108
1769100035.205525 -2.858833 -10.162703 2.120843
1769100035.255522 -2.862180 -10.157244 2.119261
1769100035.305547 -2.867208 -10.149015 2.116414
1769100035.350584 -2.870544 -10.143519 2.116414
1769100035.410589 -2.873867 -10.138045 2.116097
1769100035.450525 -2.878895 -10.129757 2.117046
1769100035.505598 -2.882156 -10.124394 2.120843
1769100035.560551 -2.885530 -10.118892 2.125589
1769100035.605604 -2.890516 -10.110845 2.132549
1769100035.655591 -2.893860 -10.105533 2.137611
1769100035.710558 -2.897271 -10.100173 2.140459
1769100035.755566 -2.902500 -10.092010 2.145837
1769100035.805573 -2.905996 -10.086615 2.149001
1769100035.860584 -2.909634 -10.081041 2.153114
1769100035.905545 -2.915035 -10.072839 2.157543
1769100035.960574 -2.918665 -10.067379 2.161656
1769100036.010634 -2.922316 -10.061935 2.165137
1769100036.050542 -2.927589 -10.054134 2.170832
1769100036.105552 -2.931233 -10.048808 2.176210
1769100036.165558 -2.934777 -10.043688 2.179374
1769100036.205548 -2.940232 -10.035859 2.186651
1769100036.255555 -2.943960 -10.030590 2.193295
1769100036.315607 -2.947679 -10.025409 2.198357
1769100036.355608 -2.953401 -10.017521 2.206266
1769100036.405601 -2.957172 -10.012408 2.211012
1769100036.460559 -2.960861 -10.007455 2.214176
1769100036.500618 -2.966616 -9.999780 2.220187
1769100036.555569 -2.970289 -9.994942 2.223351
1769100036.610556 -2.974239 -9.989774 2.226199
1769100036.655565 -2.980209 -9.982008 2.229679
1769100036.705548 -2.984253 -9.976785 2.233792
1769100036.760547 -2.988319 -9.971578 2.236639
1769100036.805565 -2.994261 -9.964015 2.242967
1769100036.850552 -2.998217 -9.959044 2.247713
1769100036.910566 -3.002180 -9.954111 2.252142
1769100036.955555 -3.008111 -9.946798 2.260368
1769100037.000562 -3.012120 -9.941935 2.267012
1769100037.060563 -3.016146 -9.937119 2.273340
1769100037.105563 -3.022361 -9.929779 2.280300
1769100037.155558 -3.026598 -9.924843 2.285046
1769100037.215631 -3.030892 -9.919890 2.288526
1769100037.255565 -3.037201 -9.912664 2.293905
1769100037.305566 -3.041506 -9.907787 2.296119
1769100037.360574 -3.045787 -9.902957 2.298967
1769100037.405561 -3.052003 -9.895986 2.304345
1769100037.460567 -3.056104 -9.891437 2.308142
1769100037.510561 -3.062383 -9.884523 2.314153
1769100037.555570 -3.066802 -9.879715 2.319215
1769100037.610590 -3.071177 -9.875004 2.324278
1769100037.655599 -3.077602 -9.868156 2.331554
1769100037.705627 -3.081860 -9.863683 2.335351
1769100037.760617 -3.086415 -9.858934 2.341046
1769100037.805586 -3.092672 -9.852484 2.347057
1769100037.850664 -3.096945 -9.848132 2.351170
1769100037.910607 -3.101433 -9.843599 2.356232
1769100037.955617 -3.108252 -9.836781 2.364142
1769100038.010652 -3.112942 -9.832164 2.367306
1769100038.060677 -3.119728 -9.825528 2.371419
1769100038.105578 -3.124433 -9.820964 2.372368
1769100038.165639 -3.129088 -9.816457 2.374899
1769100038.210573 -3.136052 -9.809749 2.379961
1769100038.250597 -3.140778 -9.805242 2.383758
1769100038.300624 -3.145429 -9.800841 2.389769
1769100038.360578 -3.150051 -9.796519 2.396097
1769100038.405576 -3.157099 -9.790012 2.405905
1769100038.450592 -3.161734 -9.785817 2.410650
1769100038.510592 -3.166464 -9.781575 2.414130
1769100038.555597 -3.173629 -9.775197 2.416978
1769100038.605606 -3.178310 -9.771053 2.417927
1769100038.660580 -3.183146 -9.766779 2.417611
1769100038.705602 -3.190428 -9.760341 2.417611
1769100038.765613 -3.195168 -9.756150 2.418876
1769100038.810598 -3.202420 -9.749755 2.418243
1769100038.850605 -3.207334 -9.745416 2.417927
1769100038.910604 -3.211981 -9.741310 2.416345
1769100038.955605 -3.218989 -9.735098 2.413814
1769100039.000604 -3.223789 -9.730821 2.413814
1769100039.060591 -3.228457 -9.726662 2.413498
1769100039.105603 -3.235618 -9.720279 2.415080
1769100039.155596 -3.240366 -9.716059 2.416662
1769100039.210675 -3.245160 -9.711813 2.418876
1769100039.255593 -3.252411 -9.705418 2.421407
1769100039.305617 -3.257168 -9.701244 2.420775
1769100039.365611 -3.262055 -9.696951 2.420458
1769100039.405615 -3.269202 -9.690668 2.417294
1769100039.450614 -3.274074 -9.686358 2.415080
1769100039.515601 -3.278955 -9.682020 2.413181
1769100039.555599 -3.286303 -9.675466 2.411599
1769100039.605665 -3.291301 -9.670993 2.412549
1769100039.665631 -3.296001 -9.666794 2.413498
1769100039.705617 -3.303181 -9.660394 2.414763
1769100039.750658 -3.307909 -9.656189 2.415396
1769100039.810635 -3.312432 -9.652172 2.415712
1769100039.850692 -3.319550 -9.645855 2.416345
1769100039.905657 -3.324172 -9.641759 2.416978
1769100039.965717 -3.329061 -9.637430 2.416978
1769100040.005631 -3.336206 -9.631105 2.417927
1769100040.055646 -3.341080 -9.626798 2.418876
1769100040.110615 -3.345674 -9.622747 2.419509
1769100040.155673 -3.353006 -9.616289 2.418876
1769100040.205632 -3.357904 -9.611970 2.417611
1769100040.260618 -3.362474 -9.607930 2.416029
1769100040.305634 -3.369840 -9.601397 2.413814
1769100040.350631 -3.374602 -9.597154 2.413181
1769100040.410633 -3.379192 -9.593059 2.412232
1769100040.450696 -3.386325 -9.586684 2.414763
1769100040.500638 -3.391110 -9.582428 2.417611
1769100040.560626 -3.395851 -9.578237 2.418876
1769100040.605633 -3.402970 -9.571959 2.420458
1769100040.665678 -3.407570 -9.567915 2.420458
1769100040.705621 -3.414452 -9.561866 2.418560
1769100040.750686 -3.419272 -9.557612 2.417294
1769100040.810624 -3.424125 -9.553319 2.416029
1769100040.850627 -3.431453 -9.546819 2.414447
1769100040.905660 -3.436445 -9.542377 2.413814
1769100040.965707 -3.441245 -9.538100 2.414447
1769100041.005641 -3.448582 -9.531572 2.414447
1769100041.055640 -3.453404 -9.527282 2.414130
1769100041.110640 -3.458130 -9.523074 2.413498
1769100041.150638 -3.465063 -9.516893 2.413814
1769100041.205631 -3.469637 -9.512818 2.414447
1769100041.260641 -3.474421 -9.508562 2.415396
1769100041.305652 -3.481518 -9.502259 2.418243
1769100041.355650 -3.486337 -9.498004 2.420142
1769100041.415659 -3.491088 -9.493824 2.421407
1769100041.455635 -3.498413 -9.487398 2.420458
1769100041.505631 -3.503279 -9.483120 2.419825
1769100041.565649 -3.508143 -9.478838 2.417294
1769100041.605650 -3.515479 -9.472348 2.415080
1769100041.655628 -3.520304 -9.468061 2.413498
1769100041.715653 -3.525235 -9.463665 2.413814
1769100041.750679 -3.532473 -9.457216 2.414130
1769100041.805681 -3.536972 -9.453210 2.416029
1769100041.860684 -3.541744 -9.448978 2.417294
1769100041.905701 -3.548833 -9.442706 2.418560
1769100041.955677 -3.553673 -9.438435 2.419509
1769100042.010649 -3.558364 -9.434303 2.418560
1769100042.055659 -3.565481 -9.428023 2.418243
1769100042.105689 -3.570300 -9.423767 2.416978
1769100042.160663 -3.575152 -9.419473 2.417611
1769100042.205661 -3.582376 -9.413085 2.417294
1769100042.255654 -3.587134 -9.408875 2.416978
1769100042.310663 -3.592100 -9.404480 2.416345
1769100042.350661 -3.599146 -9.398234 2.413814
1769100042.405655 -3.604003 -9.393907 2.412865
1769100042.460658 -3.608818 -9.389609 2.412549
1769100042.505682 -3.615934 -9.383253 2.412232
1769100042.550646 -3.620558 -9.379120 2.412549
1769100042.610657 -3.625183 -9.374989 2.415396
1769100042.655664 -3.632298 -9.368670 2.418560
1769100042.705671 -3.637024 -9.364500 2.420775
1769100042.755671 -3.641854 -9.360257 2.421407
1769100042.805661 -3.649122 -9.353880 2.420775
1769100042.860650 -3.653685 -9.349871 2.418876
1769100042.905661 -3.661013 -9.343409 2.416978
1769100042.950668 -3.665826 -9.339147 2.415080
1769100043.015740 -3.670746 -9.334776 2.415080
1769100043.060673 -3.678162 -9.328185 2.415080
1769100043.105660 -3.682892 -9.323982 2.415080
1769100043.150686 -3.687754 -9.319661 2.416029
1769100043.210676 -3.692469 -9.315479 2.415712
1769100043.255678 -3.699606 -9.309145 2.417927
1769100043.310677 -3.704044 -9.305223 2.417294
1769100043.355678 -3.711191 -9.298901 2.416978
1769100043.405681 -3.715948 -9.294690 2.418560
1769100043.460662 -3.720806 -9.290402 2.418560
1769100043.500669 -3.727961 -9.284089 2.419509
1769100043.550683 -3.732690 -9.279923 2.419825
1769100043.615752 -3.737611 -9.275592 2.418876
1769100043.655694 -3.744863 -9.269197 2.415712
1769100043.705680 -3.749804 -9.264812 2.413498
1769100043.760683 -3.754678 -9.260466 2.412232
1769100043.805711 -3.761661 -9.254226 2.410967
1769100043.855704 -3.766543 -9.249851 2.411283
1769100043.910712 -3.771219 -9.245663 2.413814
1769100043.950712 -3.778060 -9.239568 2.416978
1769100044.000686 -3.782798 -9.235374 2.418876
1769100044.060713 -3.787316 -9.231390 2.420142
1769100044.105729 -3.794519 -9.225054 2.419825
1769100044.165694 -3.799003 -9.221107 2.419825
1769100044.205700 -3.806374 -9.214619 2.418560
1769100044.250747 -3.810796 -9.210717 2.416978
1769100044.310696 -3.815799 -9.206288 2.417611
1769100044.355680 -3.823119 -9.199816 2.417611
1769100044.405689 -3.828011 -9.195491 2.416978
1769100044.460711 -3.832919 -9.191146 2.417294
1769100044.505708 -3.840123 -9.184773 2.415396
1769100044.550700 -3.844968 -9.180470 2.415396
1769100044.615722 -3.849642 -9.176319 2.414447
1769100044.655718 -3.856790 -9.169959 2.415712
1769100044.705748 -3.861579 -9.165708 2.417294
1769100044.760702 -3.866356 -9.161482 2.417927
1769100044.805690 -3.873621 -9.155063 2.420775
1769100044.850706 -3.878375 -9.150887 2.421407
1769100044.915708 -3.883283 -9.146580 2.420775
1769100044.955707 -3.890433 -9.140299 2.418243
1769100045.000709 -3.895309 -9.135993 2.416029
1769100045.060755 -3.899948 -9.131878 2.414447
1769100045.105716 -3.907020 -9.125586 2.411283
1769100045.150697 -3.912092 -9.121044 2.411599
1769100045.210759 -3.916543 -9.117060 2.412232
1769100045.255720 -3.923677 -9.110685 2.414763
1769100045.305715 -3.928443 -9.106446 2.416662
1769100045.355729 -3.933237 -9.102200 2.416978
1769100045.405765 -3.940040 -9.096177 2.417927
1769100045.460716 -3.944536 -9.092205 2.418243
1769100045.505718 -3.951745 -9.085839 2.418243
1769100045.550728 -3.956450 -9.081684 2.417611
1769100045.610742 -3.961437 -9.077275 2.418560
1769100045.660735 -3.968440 -9.071096 2.418876
1769100045.705735 -3.973281 -9.066827 2.418560
1769100045.760776 -3.977950 -9.062707 2.418560
1769100045.805710 -3.985294 -9.056226 2.415712
1769100045.850729 -3.990235 -9.051841 2.415396
1769100045.910768 -3.994928 -9.047672 2.413498
1769100045.955703 -4.002108 -9.041272 2.412865
1769100046.000726 -4.006866 -9.037025 2.414130
1769100046.060738 -4.011403 -9.032985 2.415396
1769100046.105775 -4.018632 -9.026565 2.419825
1769100046.150749 -4.023306 -9.022451 2.421091
1769100046.210709 -4.028175 -9.018176 2.421091
1769100046.250744 -4.035042 -9.012148 2.419509
1769100046.305725 -4.039885 -9.007882 2.418560
1769100046.360734 -4.044743 -9.003595 2.416662
1769100046.405720 -4.052019 -8.997150 2.414130
1769100046.450734 -4.057066 -8.992656 2.412549
1769100046.510795 -4.061880 -8.988356 2.412865
1769100046.550722 -4.069168 -8.981850 2.414130
1769100046.605732 -4.074008 -8.977542 2.414763
1769100046.660737 -4.078736 -8.973337 2.414763
1769100046.705731 -4.085905 -8.966962 2.414447
1769100046.750782 -4.090556 -8.962824 2.415080
1769100046.810745 -4.095324 -8.958587 2.415712
1769100046.850786 -4.102366 -8.952337 2.416978
1769100046.905732 -4.107199 -8.948058 2.418560
1769100046.955756 -4.111981 -8.943838 2.419193
1769100047.000721 -4.119254 -8.937429 2.420775
1769100047.055756 -4.124179 -8.933102 2.420458
1769100047.110733 -4.128760 -8.929075 2.418243
1769100047.150760 -4.136102 -8.922591 2.416029
1769100047.205731 -4.140931 -8.918308 2.413814
1769100047.255754 -4.145864 -8.913914 2.414130
1769100047.305766 -4.153066 -8.907501 2.412549
1769100047.350754 -4.157596 -8.903455 2.413814
1769100047.410811 -4.162378 -8.899195 2.416029
1769100047.450797 -4.169478 -8.892897 2.419509
1769100047.505757 -4.174322 -8.888631 2.420458
1769100047.555758 -4.178979 -8.884537 2.419509
1769100047.605759 -4.186121 -8.878247 2.419509
1769100047.655798 -4.190907 -8.874031 2.417611
1769100047.710765 -4.195724 -8.869773 2.417611
1769100047.750758 -4.203252 -8.863117 2.415396
1769100047.805855 -4.208021 -8.858881 2.416029
1769100047.855793 -4.213001 -8.854464 2.416345
1769100047.905762 -4.220350 -8.847950 2.414447
1769100047.955752 -4.224888 -8.843912 2.413814
1769100048.005777 -4.229726 -8.839602 2.413814
1769100048.050766 -4.236605 -8.833473 2.412549
1769100048.110823 -4.241173 -8.829393 2.413814
1769100048.155754 -4.248128 -8.823197 2.415712
1769100048.205761 -4.252917 -8.818946 2.417294
1769100048.260765 -4.257675 -8.814737 2.419509
1769100048.305770 -4.264817 -8.808446 2.422040
1769100048.355766 -4.269747 -8.804126 2.421724
1769100048.415762 -4.274524 -8.799938 2.420142
1769100048.455770 -4.281860 -8.793485 2.417611
1769100048.505788 -4.286676 -8.789227 2.415712
1769100048.560771 -4.291579 -8.784875 2.415396
1769100048.605772 -4.299017 -8.778270 2.413814
1769100048.655779 -4.303741 -8.774061 2.414447
1769100048.715769 -4.308620 -8.769720 2.415712
1769100048.755777 -4.315719 -8.763419 2.416662
1769100048.805761 -4.320531 -8.759156 2.418560
1769100048.860774 -4.324953 -8.755254 2.417611
1769100048.905782 -4.332064 -8.748967 2.418560
1769100048.955781 -4.336846 -8.744747 2.418560
1769100049.005788 -4.341363 -8.740761 2.417927
1769100049.055764 -4.348798 -8.734192 2.418560
1769100049.105757 -4.353505 -8.730039 2.418560
1769100049.160787 -4.358458 -8.725668 2.418243
1769100049.205783 -4.365725 -8.719251 2.416662
1769100049.255809 -4.370404 -8.715106 2.414447
1769100049.305829 -4.375283 -8.710765 2.412549
1769100049.355851 -4.382513 -8.704307 2.410967
1769100049.400784 -4.387112 -8.700186 2.410334
1769100049.450786 -4.391747 -8.696028 2.412232
1769100049.505790 -4.398673 -8.689838 2.414447
1769100049.560789 -4.403343 -8.685682 2.417927
1769100049.605820 -4.410456 -8.679397 2.420775
1769100049.655815 -4.415058 -8.675354 2.421407
1769100049.710811 -4.419795 -8.671198 2.420458
1769100049.755826 -4.427133 -8.664747 2.418560
1769100049.800847 -4.431877 -8.660561 2.416662
1769100049.860827 -4.436822 -8.656180 2.416345
1769100049.905801 -4.444114 -8.649716 2.415396
1769100049.955910 -4.448997 -8.645380 2.414763
1769100050.010828 -4.453915 -8.641007 2.416029
1769100050.055795 -4.461129 -8.634608 2.415080
1769100050.105776 -4.465935 -8.630338 2.415080
1769100050.160791 -4.470627 -8.626168 2.415080
1769100050.205799 -4.477741 -8.619847 2.415712
1769100050.250799 -4.482492 -8.615629 2.416029
1769100050.310805 -4.487018 -8.611615 2.416978
1769100050.355802 -4.494314 -8.605156 2.419825
1769100050.405790 -4.499026 -8.601009 2.419825
1769100050.460802 -4.503928 -8.596694 2.420458
1769100050.505811 -4.511151 -8.590344 2.419193
1769100050.555806 -4.515974 -8.586093 2.416662
1769100050.610785 -4.520881 -8.581747 2.414447
1769100050.655805 -4.528180 -8.575252 2.411916
1769100050.705804 -4.533180 -8.570781 2.410334
1769100050.760821 -4.537890 -8.566555 2.410967
1769100050.805808 -4.545053 -8.560137 2.413498
1769100050.850800 -4.549795 -8.555909 2.415712
1769100050.915819 -4.554547 -8.551692 2.417294
1769100050.955824 -4.561693 -8.545369 2.418876
1769100051.000792 -4.566325 -8.541285 2.419509
1769100051.060814 -4.571245 -8.536952 2.418560
1769100051.105816 -4.578285 -8.530739 2.417611
1769100051.155820 -4.583159 -8.526430 2.417294
1769100051.200815 -4.588012 -8.522136 2.417294
1769100051.255818 -4.592922 -8.517793 2.417611
1769100051.305835 -4.600336 -8.511238 2.417927
1769100051.355819 -4.605153 -8.506981 2.415396
1769100051.410805 -4.610093 -8.502594 2.413814
1769100051.450825 -4.617199 -8.496263 2.407486
1769100051.505827 -4.621934 -8.491990 2.403690
1769100051.560808 -4.626578 -8.487768 2.400526
1769100051.605792 -4.633655 -8.481292 2.396413
1769100051.655834 -4.638399 -8.476915 2.393566
1769100051.710829 -4.643019 -8.472628 2.391351
1769100051.755850 -4.650055 -8.466071 2.387554
1769100051.805849 -4.654759 -8.461652 2.382176
1769100051.855855 -4.659403 -8.457243 2.377430
1769100051.905893 -4.666439 -8.450501 2.366989
1769100051.955832 -4.671124 -8.445916 2.359713
1769100052.005856 -4.675758 -8.441314 2.354018
1769100052.050818 -4.682669 -8.434373 2.346108
1769100052.105849 -4.687116 -8.429836 2.343261
1769100052.160832 -4.691673 -8.425159 2.340730
1769100052.205828 -4.698350 -8.418272 2.337249
1769100052.255842 -4.702757 -8.413695 2.333769
1769100052.310836 -4.707112 -8.409140 2.330289
1769100052.355837 -4.713613 -8.402293 2.324910
1769100052.405885 -4.717979 -8.397644 2.319848
1769100052.460840 -4.722271 -8.393029 2.316368
1769100052.500830 -4.728779 -8.385981 2.310357
1769100052.550883 -4.733180 -8.381157 2.305295
1769100052.610889 -4.737522 -8.376348 2.300865
1769100052.655841 -4.743971 -8.369144 2.293905
1769100052.705836 -4.748275 -8.364267 2.287893
1769100052.755830 -4.752317 -8.359631 2.282515
1769100052.805829 -4.758368 -8.352616 2.274922
1769100052.860825 -4.762497 -8.347755 2.271758
1769100052.905899 -4.768324 -8.340849 2.267012
1769100052.955845 -4.772464 -8.335897 2.264165
1769100053.005841 -4.776249 -8.331342 2.260368
1769100053.055849 -4.782433 -8.323843 2.257204
1769100053.105855 -4.786298 -8.319125 2.252458
1769100053.155859 -4.790413 -8.314054 2.249295
1769100053.205839 -4.796386 -8.306645 2.239803
1769100053.255918 -4.800342 -8.301642 2.234108
1769100053.305857 -4.805937 -8.294482 2.225566
1769100053.365856 -4.809805 -8.289443 2.220187
1769100053.405850 -4.815438 -8.282024 2.212594
1769100053.450869 -4.819317 -8.276834 2.208798
1769100053.510862 -4.823161 -8.271649 2.205317
1769100053.550868 -4.828682 -8.264148 2.201521
1769100053.605819 -4.832459 -8.258977 2.199306
1769100053.660866 -4.836164 -8.253879 2.195826
1769100053.700863 -4.841688 -8.246222 2.189815
1769100053.755867 -4.845316 -8.241131 2.186334
1769100053.810864 -4.848823 -8.236171 2.180639
1769100053.850874 -4.854245 -8.228411 2.173679
1769100053.905890 -4.857919 -8.223074 2.168617
1769100053.960885 -4.861665 -8.217572 2.163238
1769100054.000894 -4.866909 -8.209782 2.155961
1769100054.050894 -4.870558 -8.204275 2.151849
1769100054.105855 -4.874017 -8.199007 2.146470
1769100054.150886 -4.879019 -8.191300 2.140459
1769100054.215856 -4.882459 -8.185929 2.137928
1769100054.255889 -4.887517 -8.177987 2.131600
1769100054.305861 -4.890910 -8.172586 2.128436
1769100054.360871 -4.894298 -8.167153 2.125589
1769100054.405858 -4.899258 -8.159149 2.119261
1769100054.450887 -4.902610 -8.153663 2.115464
1769100054.515878 -4.906033 -8.148013 2.111984
1769100054.555858 -4.911014 -8.139726 2.103758
1769100054.605881 -4.914344 -8.134080 2.098380
1769100054.660878 -4.917568 -8.128547 2.092368
1769100054.705885 -4.922423 -8.120098 2.082560
1769100054.755922 -4.925559 -8.114515 2.077815
1769100054.810878 -4.928669 -8.108917 2.074967
1769100054.850889 -4.933340 -8.100451 2.069272
1769100054.905868 -4.936159 -8.095271 2.067690
1769100054.960884 -4.939200 -8.089664 2.065159
1769100055.000882 -4.943691 -8.081332 2.061996
1769100055.055883 -4.946688 -8.075730 2.059148
1769100055.110894 -4.949704 -8.070052 2.053453
1769100055.155878 -4.954191 -8.061488 2.045227
1769100055.200885 -4.957198 -8.055634 2.039532
1769100055.260886 -4.960171 -8.049763 2.034470
1769100055.305893 -4.964551 -8.041002 2.025928
1769100055.355892 -4.967400 -8.035182 2.022764
1769100055.410940 -4.970075 -8.029672 2.018967
1769100055.450872 -4.974243 -8.021004 2.013272
1769100055.500887 -4.976974 -8.015240 2.012007
1769100055.560900 -4.979643 -8.009587 2.009792
1769100055.600872 -4.983688 -8.000972 2.009160
1769100055.655890 -4.986353 -7.995289 2.009160
1769100055.710913 -4.989135 -7.989353 2.010741
1769100055.755910 -4.993253 -7.980605 2.012007
1769100055.800905 -4.995966 -7.974861 2.012956
1769100055.860986 -4.998760 -7.968959 2.012323
1769100055.905924 -5.002935 -7.960126 2.009792
1769100055.955905 -5.005753 -7.954123 2.007894
1769100056.010914 -5.008464 -7.948321 2.005047
1769100056.055969 -5.012564 -7.939481 2.003465
1769100056.105917 -5.015249 -7.933668 2.003148
1769100056.165913 -5.017922 -7.927876 2.004414
1769100056.205910 -5.021984 -7.919102 2.007578
1769100056.250949 -5.024596 -7.913506 2.009476
1769100056.310915 -5.027177 -7.908007 2.010741
1769100056.355907 -5.031165 -7.899534 2.011374
1769100056.400888 -5.033918 -7.893696 2.011691
1769100056.460921 -5.036661 -7.887882 2.011058
1769100056.505901 -5.040803 -7.879089 2.009792
1769100056.555914 -5.043622 -7.873087 2.009160
1769100056.610911 -5.046340 -7.867289 2.010109
1769100056.655923 -5.050366 -7.858721 2.008843
1769100056.715894 -5.052986 -7.853129 2.008843
1769100056.760958 -5.056979 -7.844602 2.007578
1769100056.800890 -5.059774 -7.838616 2.006628
1769100056.860901 -5.062264 -7.833270 2.005679
1769100056.906000 -5.066284 -7.824616 2.007261
1769100056.955916 -5.068916 -7.818973 2.006628
1769100057.010910 -5.071662 -7.813077 2.009476
1769100057.050927 -5.075575 -7.804736 2.011374
1769100057.105912 -5.078133 -7.799310 2.012323
1769100057.160908 -5.080913 -7.793429 2.013272
1769100057.200920 -5.085053 -7.784692 2.011374
1769100057.255917 -5.087881 -7.778693 2.010109
1769100057.310921 -5.090572 -7.772967 2.007578
1769100057.355942 -5.094769 -7.763976 2.004414
1769100057.410985 -5.097386 -7.758326 2.003148
1769100057.450926 -5.101288 -7.749869 2.003781
1769100057.505917 -5.104018 -7.743964 2.005996
1769100057.560926 -5.106493 -7.738640 2.006628
1769100057.600912 -5.110522 -7.729989 2.008843
1769100057.655918 -5.113184 -7.724305 2.009476
1769100057.710937 -5.115861 -7.718599 2.009160
1769100057.750982 -5.119933 -7.709914 2.009476
1769100057.801027 -5.122470 -7.704506 2.009476
1769100057.856017 -5.125265 -7.698548 2.010109
1769100057.905969 -5.129227 -7.690118 2.012007
1769100057.965959 -5.131929 -7.684397 2.013272
1769100058.006037 -5.136069 -7.675659 2.017069
1769100058.055962 -5.138865 -7.669814 2.018967
1769100058.115940 -5.141673 -7.663975 2.020866
1769100058.155942 -5.145901 -7.655223 2.024662
1769100058.200949 -5.148731 -7.649422 2.028775
1769100058.265937 -5.151529 -7.643747 2.032572
1769100058.305922 -5.155814 -7.635136 2.041431
1769100058.355931 -5.158591 -7.629677 2.048391
1769100058.415952 -5.161465 -7.624125 2.054402
1769100058.451007 -5.165902 -7.615677 2.061679
1769100058.505960 -5.168777 -7.610297 2.065792
1769100058.560930 -5.171795 -7.604707 2.069272
1769100058.600962 -5.176418 -7.596215 2.074967
1769100058.655992 -5.179560 -7.590519 2.077182
1769100058.710957 -5.182776 -7.584720 2.081611
1769100058.755930 -5.187676 -7.575976 2.086041
1769100058.800944 -5.190819 -7.570426 2.090470
1769100058.860963 -5.194075 -7.564736 2.094583
1769100058.905929 -5.198784 -7.556583 2.099645
1769100058.955955 -5.201989 -7.551098 2.103125
1769100059.005939 -5.205214 -7.545624 2.107238
1769100059.055976 -5.209922 -7.537705 2.114199
1769100059.105965 -5.213247 -7.532202 2.119894
1769100059.166008 -5.216575 -7.526761 2.126221
1769100059.200960 -5.221687 -7.518525 2.134764
1769100059.250974 -5.225124 -7.513091 2.139826
1769100059.310965 -5.228533 -7.507761 2.144888
1769100059.356004 -5.233688 -7.499791 2.150267
1769100059.400973 -5.237250 -7.494348 2.152481
1769100059.460963 -5.240782 -7.488976 2.155645
1769100059.505964 -5.246259 -7.480704 2.161340
1769100059.556009 -5.249684 -7.475595 2.163555
1769100059.605965 -5.253389 -7.470095 2.168617
1769100059.656030 -5.258873 -7.462040 2.174628
1769100059.706016 -5.262409 -7.456915 2.179057
1769100059.761003 -5.266025 -7.451722 2.184120
1769100059.801054 -5.271240 -7.444312 2.191080
1769100059.851045 -5.274977 -7.439081 2.195509
1769100059.911015 -5.278678 -7.433948 2.199306
1769100059.955999 -5.284377 -7.426107 2.204052
1769100060.006011 -5.288077 -7.421067 2.205634
1769100060.055984 -5.291890 -7.415891 2.206266
1769100060.105993 -5.297704 -7.408008 2.205950
1769100060.155973 -5.301533 -7.402812 2.204368
1769100060.210971 -5.305354 -7.397611 2.202153
1769100060.255973 -5.311076 -7.389785 2.199939
1769100060.306025 -5.314874 -7.384567 2.198990
1769100060.361057 -5.318682 -7.379325 2.198990
1769100060.400980 -5.324364 -7.371502 2.199622
1769100060.451035 -5.328175 -7.366262 2.200888
1769100060.511026 -5.331978 -7.361047 2.201837
1769100060.556000 -5.337518 -7.353465 2.204052
1769100060.600985 -5.341218 -7.348425 2.205634
1769100060.660989 -5.344925 -7.343392 2.206583
1769100060.706033 -5.350607 -7.335694 2.206583
1769100060.756041 -5.354439 -7.330501 2.206266
1769100060.810999 -5.358330 -7.325225 2.205317
1769100060.851032 -5.364167 -7.317295 2.204368
1769100060.905987 -5.368078 -7.311971 2.203419
1769100060.960988 -5.371939 -7.306705 2.202153
1769100061.001004 -5.377392 -7.299247 2.199939
1769100061.055986 -5.381175 -7.294049 2.200572
1769100061.105994 -5.384857 -7.288997 2.200255
1769100061.150989 -5.390311 -7.281509 2.200888
1769100061.201053 -5.394069 -7.276355 2.202786
1769100061.261007 -5.397882 -7.271148 2.203735
1769100061.305995 -5.403586 -7.263372 2.205950
1769100061.355997 -5.407370 -7.258238 2.206583
1769100061.405974 -5.411218 -7.253024 2.206583
1769100061.455977 -5.416719 -7.245571 2.205950
1769100061.500994 -5.420518 -7.240416 2.205001
1769100061.555997 -5.424327 -7.235237 2.203735
1769100061.601010 -5.429957 -7.227564 2.199939
1769100061.660999 -5.433814 -7.222264 2.198357
1769100061.706031 -5.439595 -7.214294 2.193611
1769100061.756036 -5.443183 -7.209298 2.190131
1769100061.806010 -5.446709 -7.204352 2.186967
1769100061.851012 -5.452224 -7.196564 2.182854
1769100061.901009 -5.455758 -7.191530 2.180639
1769100061.961067 -5.459411 -7.186302 2.177476
1769100062.001037 -5.464793 -7.178546 2.173363
1769100062.061029 -5.468164 -7.173645 2.168617
1769100062.101012 -5.473564 -7.165716 2.162606
1769100062.156011 -5.476910 -7.160738 2.158493
1769100062.205999 -5.480587 -7.155219 2.153430
1769100062.251006 -5.485962 -7.147061 2.145204
1769100062.305994 -5.489456 -7.141664 2.140142
1769100062.361007 -5.492935 -7.136228 2.134131
1769100062.401014 -5.498058 -7.128117 2.127487
1769100062.451072 -5.501428 -7.122702 2.123058
1769100062.516000 -5.504761 -7.117293 2.118945
1769100062.551060 -5.509799 -7.109041 2.115148
1769100062.601019 -5.513089 -7.103607 2.112301
1769100062.661016 -5.516416 -7.098076 2.110086
1769100062.706085 -5.521303 -7.089910 2.104391
1769100062.756022 -5.524598 -7.084331 2.100594
1769100062.810997 -5.527783 -7.078892 2.095216
1769100062.856041 -5.532663 -7.070457 2.086041
1769100062.906075 -5.535905 -7.064731 2.079713
1769100062.966015 -5.539112 -7.058984 2.074018
1769100063.006011 -5.543860 -7.050359 2.066109
1769100063.051032 -5.546940 -7.044658 2.061679
1769100063.101026 -5.549946 -7.039033 2.058515
1769100063.156017 -5.552900 -7.033465 2.056301
1769100063.201036 -5.557305 -7.025116 2.051555
1769100063.256071 -5.560208 -7.019550 2.048391
1769100063.311029 -5.563093 -7.013975 2.044594
1769100063.356037 -5.567459 -7.005462 2.038900
1769100063.406039 -5.570394 -6.999657 2.034154
1769100063.456035 -5.573301 -6.993838 2.030041
1769100063.506026 -5.577621 -6.985103 2.022764
1769100063.556018 -5.580450 -6.979274 2.019600
1769100063.611021 -5.583284 -6.973390 2.014538
1769100063.656089 -5.587522 -6.964475 2.005679
1769100063.706054 -5.590166 -6.958783 2.000617
1769100063.761086 -5.592877 -6.952869 1.995239
1769100063.806037 -5.596775 -6.944243 1.988911
1769100063.851070 -5.599386 -6.938368 1.986380
1769100063.911058 -5.601909 -6.932648 1.982267
1769100063.951055 -5.605716 -6.923926 1.979736
1769100064.001071 -5.608302 -6.917957 1.976888
1769100064.056074 -5.610822 -6.912098 1.972459
1769100064.106061 -5.614493 -6.903455 1.965815
1769100064.156028 -5.617006 -6.897428 1.959487
1769100064.206049 -5.619452 -6.891455 1.953476
1769100064.256043 -5.623119 -6.882345 1.942719
1769100064.311045 -5.625538 -6.876143 1.939239
1769100064.356045 -5.628856 -6.867548 1.932911
1769100064.406104 -5.631188 -6.861394 1.930380
1769100064.461054 -5.633388 -6.855542 1.927533
1769100064.506034 -5.636614 -6.846886 1.922787
1769100064.551038 -5.638664 -6.841302 1.919307
1769100064.606053 -5.640808 -6.835403 1.915510
1769100064.656054 -5.643921 -6.826732 1.908550
1769100064.706042 -5.645993 -6.820833 1.904437
1769100064.756122 -5.648107 -6.814735 1.899691
1769100064.806044 -5.651238 -6.805560 1.894312
1769100064.851058 -5.653346 -6.799273 1.890516
1769100064.911072 -5.655414 -6.793026 1.884821
1769100064.956056 -5.658456 -6.783661 1.876911
1769100065.001061 -5.660423 -6.777435 1.872482
1769100065.061058 -5.662334 -6.771296 1.866787
1769100065.101064 -5.665095 -6.762242 1.859826
1769100065.151110 -5.666891 -6.756201 1.856979
1769100065.211042 -5.668649 -6.750227 1.853815
1769100065.251062 -5.671321 -6.741041 1.848753
1769100065.301064 -5.673099 -6.734810 1.846855
1769100065.361073 -5.674844 -6.728649 1.842742
1769100065.406066 -5.677366 -6.719603 1.837363
1769100065.451083 -5.679066 -6.713377 1.831352
1769100065.511057 -5.680762 -6.707019 1.825657
1769100065.556065 -5.683206 -6.697638 1.816482
1769100065.606070 -5.684775 -6.691377 1.811103
1769100065.661069 -5.686312 -6.685108 1.805725
1769100065.706109 -5.688574 -6.675656 1.799397
1769100065.756114 -5.690025 -6.669419 1.795917
1769100065.811097 -5.691483 -6.663054 1.792753
1769100065.851117 -5.693589 -6.653721 1.790222
1769100065.901080 -5.694939 -6.647669 1.786742
1769100065.956060 -5.696295 -6.641488 1.782945
1769100066.001103 -5.698192 -6.632679 1.777883
1769100066.051108 -5.699519 -6.626363 1.773137
1769100066.111063 -5.700786 -6.620189 1.767759
1769100066.156096 -5.702697 -6.610608 1.759533
1769100066.206065 -5.703937 -6.604119 1.754787
1769100066.261086 -5.705155 -6.597575 1.750041
1769100066.306130 -5.706915 -6.587862 1.742448
1769100066.356083 -5.708013 -6.581528 1.738652
1769100066.411101 -5.709078 -6.575239 1.735488
1769100066.451089 -5.710626 -6.565926 1.729476
1769100066.506150 -5.711622 -6.559703 1.725996
1769100066.561088 -5.712596 -6.553476 1.721883
1769100066.601094 -5.714032 -6.544043 1.717137
1769100066.651095 -5.714966 -6.537707 1.713657
1769100066.711079 -5.715900 -6.531219 1.709544
1769100066.751093 -5.717244 -6.521593 1.701951
1769100066.806089 -5.718094 -6.515144 1.697205
1769100066.856110 -5.718915 -6.508691 1.691827
1769100066.906091 -5.720085 -6.499068 1.683284
1769100066.956104 -5.720829 -6.492478 1.676957
1769100067.006093 -5.721500 -6.486186 1.671262
1769100067.056098 -5.722475 -6.476516 1.666832
1769100067.106095 -5.723079 -6.470243 1.662719
1769100067.161099 -5.723674 -6.463790 1.660821
1769100067.206098 -5.724520 -6.454413 1.657657
1769100067.251099 -5.725032 -6.448538 1.655443
1769100067.306113 -5.725543 -6.442510 1.652595
1769100067.351098 -5.726323 -6.433000 1.645318
1769100067.411108 -5.726777 -6.426917 1.639940
1769100067.451109 -5.727443 -6.417297 1.630765
1769100067.501090 -5.727816 -6.411082 1.625703
1769100067.561115 -5.728154 -6.404940 1.620324
1769100067.606160 -5.728644 -6.395056 1.613680
1769100067.656090 -5.728916 -6.388709 1.609567
1769100067.706129 -5.729169 -6.382184 1.606403
1769100067.756129 -5.729503 -6.372825 1.600076
1769100067.806234 -5.729690 -6.366449 1.596912
1769100067.856160 -5.729855 -6.360123 1.593748
1769100067.906102 -5.730071 -6.350685 1.587737
1769100067.956125 -5.730179 -6.344333 1.582358
1769100068.006124 -5.730253 -6.337930 1.580143
1769100068.056115 -5.730343 -6.328262 1.575081
1769100068.116136 -5.730371 -6.321757 1.570335
1769100068.156116 -5.730367 -6.312291 1.562110
1769100068.206120 -5.730313 -6.306090 1.555465
1769100068.256095 -5.730213 -6.299560 1.549138
1769100068.306109 -5.730012 -6.290273 1.541228
1769100068.356114 -5.729821 -6.283822 1.535850
1769100068.411108 -5.729603 -6.277574 1.533002
1769100068.451120 -5.729245 -6.268115 1.529838
1769100068.506110 -5.728985 -6.261767 1.528889
1769100068.561121 -5.728720 -6.255445 1.526358
1769100068.606122 -5.728287 -6.245710 1.521612
1769100068.656129 -5.727979 -6.239466 1.516234
1769100068.711200 -5.727616 -6.232819 1.510855
1769100068.756129 -5.727043 -6.223269 1.503262
1769100068.806102 -5.726609 -6.216854 1.498200
1769100068.856106 -5.726139 -6.210392 1.492505
1769100068.906134 -5.725379 -6.200702 1.485545
1769100068.956132 -5.724823 -6.194196 1.481115
1769100069.011105 -5.724243 -6.187743 1.476686
1769100069.051130 -5.723339 -6.178167 1.470991
1769100069.106126 -5.722719 -6.171972 1.467827
1769100069.161188 -5.722071 -6.165703 1.462449
1769100069.206129 -5.721047 -6.156292 1.458019
1769100069.261124 -5.720327 -6.149929 1.455172
1769100069.311137 -5.719608 -6.143744 1.451375
1769100069.356144 -5.718496 -6.134471 1.445997
1769100069.416145 -5.717683 -6.127992 1.441567
1769100069.456136 -5.716463 -6.118604 1.433341
1769100069.506120 -5.715544 -6.111960 1.426697
1769100069.561137 -5.714613 -6.105548 1.421635
1769100069.601140 -5.713222 -6.096287 1.414042
1769100069.656146 -5.712301 -6.090462 1.409929
1769100069.711181 -5.711287 -6.084216 1.406765
1769100069.756147 -5.709737 -6.074852 1.400121
1769100069.806164 -5.708671 -6.068666 1.398856
1769100069.856168 -5.707589 -6.062432 1.395692
1769100069.906175 -5.705979 -6.053334 1.390946
1769100069.966233 -5.704825 -6.046984 1.388731
1769100070.001142 -5.703143 -6.037849 1.380822
1769100070.056250 -5.701958 -6.031685 1.376392
1769100070.111135 -5.700779 -6.025700 1.372279
1769100070.156156 -5.698832 -6.016022 1.364053
1769100070.206198 -5.697523 -6.009780 1.357726
1769100070.261206 -5.696121 -6.003299 1.353296
1769100070.306136 -5.694029 -5.993833 1.346652
1769100070.356156 -5.692583 -5.987491 1.343172
1769100070.411171 -5.691155 -5.981326 1.339375
1769100070.451161 -5.688972 -5.972063 1.334313
1769100070.506156 -5.687520 -5.966035 1.331466
1769100070.561149 -5.686044 -5.959986 1.327669
1769100070.606160 -5.683734 -5.950675 1.321025
1769100070.651206 -5.682126 -5.944372 1.316912
1769100070.711156 -5.680512 -5.938149 1.311850
1769100070.756210 -5.677965 -5.928534 1.304573
1769100070.801160 -5.676213 -5.922112 1.299828
1769100070.861171 -5.674472 -5.915844 1.294449
1769100070.911159 -5.671827 -5.906518 1.286539
1769100070.951167 -5.670046 -5.900420 1.282426
1769100071.006164 -5.668318 -5.894596 1.277364
1769100071.051179 -5.665587 -5.885559 1.271986
1769100071.106163 -5.663710 -5.879463 1.268189
1769100071.161162 -5.661945 -5.873810 1.265025
1769100071.206153 -5.659065 -5.864686 1.261229
1769100071.261171 -5.657206 -5.858876 1.258381
1769100071.311168 -5.654273 -5.849796 1.254268
1769100071.361163 -5.652272 -5.843686 1.249839
1769100071.416165 -5.650236 -5.837562 1.243828
1769100071.456150 -5.647123 -5.828381 1.235285
1769100071.506163 -5.644981 -5.822239 1.229907
1769100071.561266 -5.642806 -5.816109 1.223263
1769100071.606165 -5.639599 -5.807256 1.216302
1769100071.651178 -5.637465 -5.801488 1.213455
1769100071.711161 -5.635242 -5.795536 1.209975
1769100071.751185 -5.631874 -5.786608 1.207760
1769100071.806242 -5.629609 -5.780646 1.203963
1769100071.856250 -5.627375 -5.774834 1.199534
1769100071.906230 -5.623914 -5.765942 1.192890
1769100071.951191 -5.621560 -5.760013 1.187828
1769100072.011222 -5.619167 -5.754074 1.183082
1769100072.056188 -5.615464 -5.745006 1.174540
1769100072.106192 -5.612953 -5.739005 1.170427
1769100072.161173 -5.610378 -5.732921 1.166314
1769100072.206186 -5.606494 -5.723846 1.158720
1769100072.251263 -5.603868 -5.717840 1.154607
1769100072.316162 -5.601279 -5.711983 1.149229
1769100072.351164 -5.597364 -5.703253 1.142901
1769100072.406234 -5.594770 -5.697565 1.138788
1769100072.461245 -5.592131 -5.691841 1.135308
1769100072.506187 -5.588170 -5.683328 1.131828
1769100072.551192 -5.585438 -5.677508 1.129930
1769100072.616234 -5.582759 -5.671831 1.126766
1769100072.651200 -5.578541 -5.662963 1.119805
1769100072.706189 -5.575705 -5.657109 1.115060
1769100072.761200 -5.572854 -5.651291 1.109365
1769100072.806186 -5.568504 -5.642542 1.100506
1769100072.851191 -5.565556 -5.636744 1.093862
1769100072.911252 -5.562593 -5.631010 1.089116
1769100072.956197 -5.558302 -5.622800 1.083421
1769100073.006218 -5.555326 -5.617187 1.080574
1769100073.061184 -5.552288 -5.611493 1.077726
1769100073.106179 -5.547783 -5.603110 1.073297
1769100073.151179 -5.544739 -5.597504 1.070766
1769100073.211180 -5.541693 -5.591929 1.067286
1769100073.251183 -5.537101 -5.583594 1.059692
1769100073.311184 -5.533957 -5.577986 1.053997
1769100073.361210 -5.530855 -5.572529 1.049568
1769100073.406278 -5.526041 -5.564144 1.041975
1769100073.451203 -5.522669 -5.558375 1.036280
1769100073.511223 -5.519382 -5.552821 1.030901
1769100073.556195 -5.514281 -5.544310 1.023308
1769100073.606210 -5.510922 -5.538799 1.019828
1769100073.661213 -5.507556 -5.533322 1.016031
1769100073.706220 -5.502543 -5.525232 1.010337
1769100073.756280 -5.499287 -5.520044 1.007805
1769100073.811232 -5.495991 -5.514822 1.004642
1769100073.851245 -5.490900 -5.506811 0.999896
1769100073.906249 -5.487426 -5.501402 0.996732
1769100073.961275 -5.483879 -5.495918 0.992935
1769100074.001209 -5.478570 -5.487777 0.985975
1769100074.051232 -5.474951 -5.482311 0.980596
1769100074.116216 -5.471317 -5.476886 0.975534
1769100074.156226 -5.465910 -5.468901 0.966359
1769100074.206207 -5.462228 -5.463569 0.961297
1769100074.266200 -5.458591 -5.458360 0.955919
1769100074.306227 -5.453072 -5.450545 0.949591
1769100074.356225 -5.449286 -5.445256 0.946743
1769100074.421241 -5.445588 -5.440121 0.943580
1769100074.456223 -5.439958 -5.432354 0.940099
1769100074.506243 -5.436242 -5.427264 0.936619
1769100074.566287 -5.432463 -5.422126 0.934088
1769100074.606327 -5.426820 -5.414494 0.926811
1769100074.651201 -5.423020 -5.409434 0.922382
1769100074.711279 -5.419092 -5.404249 0.915738
1769100074.756212 -5.413140 -5.396501 0.906246
1769100074.806230 -5.409097 -5.391341 0.900868
1769100074.861203 -5.404980 -5.386143 0.895806
1769100074.906251 -5.398938 -5.378594 0.888845
1769100074.956251 -5.394949 -5.373682 0.885681
1769100075.011221 -5.390978 -5.368821 0.883150
1769100075.056228 -5.385017 -5.361565 0.878405
1769100075.106224 -5.380913 -5.356617 0.875874
1769100075.166293 -5.376975 -5.351892 0.872393
1769100075.206306 -5.370839 -5.344584 0.865749
1769100075.251263 -5.366640 -5.339650 0.862585
1769100075.311239 -5.362376 -5.334671 0.858472
1769100075.356238 -5.356040 -5.327334 0.850563
1769100075.406237 -5.351766 -5.322463 0.847399
1769100075.461237 -5.347477 -5.317607 0.841704
1769100075.511246 -5.340969 -5.310320 0.832213
1769100075.556288 -5.336641 -5.305567 0.827150
1769100075.601243 -5.332271 -5.300816 0.821772
1769100075.656265 -5.327980 -5.296201 0.817659
1769100075.706336 -5.321419 -5.289203 0.812913
1769100075.756343 -5.316982 -5.284515 0.811331
1769100075.811247 -5.312678 -5.279981 0.808484
1769100075.851336 -5.306071 -5.273062 0.804687
1769100075.906271 -5.301613 -5.268429 0.800258
1769100075.961373 -5.297118 -5.263798 0.795512
1769100076.001305 -5.290297 -5.256838 0.786970
1769100076.051337 -5.285723 -5.252249 0.780642
1769100076.111248 -5.281011 -5.247582 0.773682
1769100076.156235 -5.274023 -5.240755 0.766088
1769100076.206276 -5.269353 -5.236263 0.762925
1769100076.256249 -5.264743 -5.231855 0.758495
1769100076.306274 -5.257798 -5.225274 0.754066
1769100076.351254 -5.253149 -5.220908 0.750269
1769100076.411249 -5.248557 -5.216628 0.746473
1769100076.451231 -5.241664 -5.210251 0.741094
1769100076.501253 -5.236884 -5.205877 0.737298
1769100076.561269 -5.232237 -5.201657 0.732868
1769100076.601246 -5.225070 -5.195206 0.728755
1769100076.651270 -5.220217 -5.190874 0.724642
1769100076.716257 -5.215346 -5.186562 0.719264
1769100076.756321 -5.207863 -5.180008 0.711987
1769100076.806245 -5.202939 -5.175759 0.705976
1769100076.856249 -5.197989 -5.171538 0.699964
1769100076.906336 -5.190903 -5.165571 0.693004
1769100076.951256 -5.186035 -5.161528 0.688574
1769100077.006263 -5.181149 -5.157507 0.684778
1769100077.051330 -5.173856 -5.151552 0.680981
1769100077.106250 -5.168901 -5.147537 0.679083
1769100077.161285 -5.163957 -5.143546 0.675603
1769100077.206315 -5.156373 -5.137468 0.670541
1769100077.251331 -5.151296 -5.133442 0.666111
1769100077.311300 -5.146202 -5.129438 0.661049
1769100077.351244 -5.138530 -5.123471 0.651558
1769100077.406345 -5.133337 -5.119511 0.645230
1769100077.456330 -5.128262 -5.115690 0.639851
1769100077.506325 -5.120424 -5.109857 0.632258
1769100077.556324 -5.115197 -5.106028 0.628462
1769100077.611272 -5.109956 -5.102218 0.625930
1769100077.651261 -5.102059 -5.096509 0.619919
1769100077.706256 -5.097032 -5.092921 0.617388
1769100077.761322 -5.091872 -5.089258 0.613592
1769100077.806336 -5.084278 -5.083910 0.609479
1769100077.851325 -5.079131 -5.080316 0.605682
1769100077.911353 -5.073908 -5.076699 0.600936
1769100077.956364 -5.065954 -5.071247 0.594292
1769100078.001374 -5.060481 -5.067548 0.589546
1769100078.056299 -5.055011 -5.063889 0.585750
1769100078.101321 -5.046785 -5.058432 0.579422
1769100078.156284 -5.041321 -5.054857 0.575626
1769100078.216271 -5.035949 -5.051371 0.574044
1769100078.251248 -5.027979 -5.046217 0.573727
1769100078.301334 -5.022665 -5.042782 0.574360
1769100078.361362 -5.017395 -5.039372 0.574360
1769100078.406323 -5.009363 -5.034174 0.575626
1769100078.451254 -5.004033 -5.030716 0.577207
1769100078.511239 -4.998561 -5.027152 0.577840
1769100078.556302 -4.990399 -5.021830 0.579422
1769100078.606336 -4.985083 -5.018351 0.579106
1769100078.661252 -4.979617 -5.014777 0.577840
1769100078.706321 -4.971624 -5.009565 0.576258
1769100078.756258 -4.966127 -5.005993 0.574676
1769100078.816283 -4.960689 -5.002471 0.572778
1769100078.856284 -4.952457 -4.997162 0.571829
1769100078.906318 -4.946880 -4.993574 0.572462
1769100078.951328 -4.941519 -4.990119 0.573094
1769100079.006309 -4.936053 -4.986591 0.574044
1769100079.056290 -4.928190 -4.981506 0.575309
1769100079.106307 -4.922923 -4.978091 0.576575
1769100079.161308 -4.917767 -4.974738 0.577524
1769100079.201286 -4.909857 -4.969583 0.578473
1769100079.256330 -4.904453 -4.966055 0.578157
1769100079.311295 -4.899027 -4.962514 0.577524
1769100079.356318 -4.890735 -4.957111 0.577207
1769100079.401310 -4.885263 -4.953547 0.576575
1769100079.456293 -4.879704 -4.949932 0.575942
1769100079.501329 -4.871552 -4.944639 0.574044
1769100079.556340 -4.866196 -4.941175 0.574044
1769100079.611366 -4.860819 -4.937698 0.573727
1769100079.656326 -4.852847 -4.932546 0.572778
1769100079.706344 -4.847444 -4.929062 0.574044
1769100079.761370 -4.842131 -4.925626 0.575309
1769100079.801313 -4.834019 -4.920365 0.577207
1769100079.851322 -4.828631 -4.916857 0.578473
1769100079.911322 -4.823312 -4.913383 0.578789
1769100079.956314 -4.815303 -4.908150 0.578789
1769100080.006336 -4.810006 -4.904689 0.578157
1769100080.061300 -4.804601 -4.901161 0.577840
1769100080.106329 -4.796417 -4.895825 0.574676
1769100080.156307 -4.790872 -4.892234 0.573727
1769100080.211309 -4.785324 -4.888649 0.572778
1769100080.251380 -4.777049 -4.883312 0.571829
1769100080.306311 -4.771537 -4.879765 0.572778
1769100080.361392 -4.766283 -4.876377 0.573094
1769100080.406341 -4.758308 -4.871230 0.574044
1769100080.451308 -4.753419 -4.868069 0.575942
1769100080.511397 -4.748410 -4.864815 0.575942
1769100080.556330 -4.740449 -4.859646 0.578157
1769100080.616332 -4.735108 -4.856160 0.578157
1769100080.656364 -4.727116 -4.850946 0.577840
1769100080.706319 -4.721752 -4.847448 0.578157
1769100080.761335 -4.716559 -4.844059 0.578473
1769100080.806317 -4.708781 -4.838981 0.576891
1769100080.861387 -4.703690 -4.835667 0.576258
1769100080.906334 -4.695604 -4.830413 0.574044
1769100080.956407 -4.690482 -4.827100 0.573094
1769100081.011302 -4.684995 -4.823560 0.573727
1769100081.051307 -4.676917 -4.818339 0.574360
1769100081.101321 -4.671498 -4.814833 0.575309
1769100081.161339 -4.666189 -4.811390 0.576575
1769100081.206329 -4.658232 -4.806215 0.578789
1769100081.256351 -4.652935 -4.802754 0.580055
1769100081.316329 -4.647685 -4.799314 0.581320
1769100081.356359 -4.639626 -4.794018 0.584168
1769100081.406309 -4.634263 -4.790473 0.587332
1769100081.461334 -4.628743 -4.786798 0.590496
1769100081.501327 -4.620522 -4.781288 0.595874
1769100081.556336 -4.615075 -4.777595 0.599038
1769100081.616340 -4.609661 -4.773898 0.601885
1769100081.661344 -4.601608 -4.768367 0.607580
1769100081.701394 -4.596496 -4.764812 0.611377
1769100081.751346 -4.591232 -4.761122 0.617705
1769100081.806380 -4.586197 -4.757545 0.621501
1769100081.851301 -4.578460 -4.752004 0.629727
1769100081.901340 -4.573264 -4.748218 0.635422
1769100081.961398 -4.568110 -4.744417 0.640801
1769100082.001361 -4.560360 -4.738637 0.647128
1769100082.056385 -4.555332 -4.734837 0.651241
1769100082.111414 -4.550158 -4.730894 0.655354
1769100082.156429 -4.542553 -4.725048 0.661365
1769100082.206341 -4.537559 -4.721161 0.665162
1769100082.261343 -4.532401 -4.717115 0.669275
1769100082.301340 -4.524679 -4.711007 0.674654
1769100082.356349 -4.519540 -4.706896 0.678450
1769100082.411377 -4.514437 -4.702782 0.682563
1769100082.451343 -4.506954 -4.696699 0.687309
1769100082.501325 -4.502043 -4.692669 0.691422
1769100082.561346 -4.497169 -4.688634 0.695851
1769100082.601392 -4.490001 -4.682647 0.703128
1769100082.656350 -4.485038 -4.678441 0.711038
1769100082.711349 -4.480589 -4.674609 0.714834
1769100082.756358 -4.473268 -4.668254 0.722111
1769100082.806378 -4.468368 -4.663938 0.726540
1769100082.856372 -4.463563 -4.659667 0.730337
1769100082.906428 -4.456266 -4.653133 0.735083
1769100082.956371 -4.451534 -4.648855 0.737614
1769100083.006368 -4.446664 -4.644429 0.740145
1769100083.056363 -4.439469 -4.637858 0.745523
1769100083.101334 -4.434727 -4.633479 0.749636
1769100083.161356 -4.430021 -4.629099 0.754699
1769100083.206422 -4.423088 -4.622579 0.762292
1769100083.251358 -4.418512 -4.618209 0.765456
1769100083.306455 -4.413986 -4.613860 0.769885
1769100083.356362 -4.407207 -4.607289 0.777162
1769100083.406373 -4.402750 -4.602905 0.782540
1769100083.456366 -4.398281 -4.598461 0.786653
1769100083.501359 -4.391739 -4.591903 0.796145
1769100083.566440 -4.387189 -4.587254 0.800891
1769100083.606371 -4.380547 -4.580403 0.808167
1769100083.661384 -4.376001 -4.575645 0.810699
1769100083.701367 -4.371589 -4.571004 0.813546
1769100083.756385 -4.367068 -4.566221 0.815444
1769100083.806458 -4.360353 -4.559090 0.819557
1769100083.861403 -4.356034 -4.554465 0.822721
1769100083.906451 -4.349406 -4.547323 0.828732
1769100083.956410 -4.345095 -4.542621 0.835060
1769100084.001470 -4.340832 -4.537912 0.841071
1769100084.056410 -4.336647 -4.533233 0.846766
1769100084.101375 -4.330326 -4.526085 0.854043
1769100084.161378 -4.326186 -4.521333 0.858156
1769100084.206396 -4.320195 -4.514400 0.864484
1769100084.251376 -4.316055 -4.509548 0.868280
1769100084.311378 -4.311738 -4.504448 0.873975
1769100084.356375 -4.305598 -4.497111 0.878405
1769100084.401379 -4.301429 -4.492084 0.883467
1769100084.456398 -4.297286 -4.487037 0.886631
1769100084.506383 -4.291223 -4.479603 0.890744
1769100084.556399 -4.287085 -4.474486 0.893907
1769100084.611383 -4.283137 -4.469574 0.896755
1769100084.651398 -4.277371 -4.462356 0.900235
1769100084.706388 -4.273392 -4.457338 0.906246
1769100084.756390 -4.269630 -4.452537 0.912258
1769100084.801383 -4.263790 -4.444990 0.921433
1769100084.851383 -4.259933 -4.439910 0.928393
1769100084.906405 -4.256203 -4.434925 0.932823
1769100084.951451 -4.250550 -4.427300 0.940732
1769100085.001447 -4.246822 -4.422187 0.944529
1769100085.056393 -4.243039 -4.416958 0.948009
1769100085.101480 -4.237606 -4.409392 0.952438
1769100085.161411 -4.233835 -4.404092 0.955919
1769100085.201395 -4.228258 -4.396194 0.961613
1769100085.256410 -4.224579 -4.390922 0.964145
1769100085.311395 -4.220827 -4.385515 0.967941
1769100085.351408 -4.215474 -4.377739 0.972687
1769100085.406399 -4.211926 -4.372530 0.975534
1769100085.456399 -4.208321 -4.367207 0.978065
1769100085.501395 -4.203004 -4.359314 0.981229
1769100085.556404 -4.199444 -4.353991 0.982811
1769100085.611422 -4.195906 -4.348684 0.984709
1769100085.656403 -4.190544 -4.340608 0.985659
1769100085.701401 -4.186951 -4.335185 0.985975
1769100085.761402 -4.183458 -4.329909 0.985342
1769100085.806415 -4.178171 -4.321935 0.984077
1769100085.851434 -4.174612 -4.316581 0.982178
1769100085.916411 -4.170987 -4.311150 0.980913
1769100085.966413 -4.165510 -4.302968 0.978065
1769100086.001501 -4.161833 -4.297510 0.976800
1769100086.056497 -4.158193 -4.292119 0.977116
1769100086.106415 -4.154554 -4.286727 0.978065
1769100086.156449 -4.149223 -4.278813 0.980280
1769100086.201408 -4.145743 -4.273620 0.980596
1769100086.256427 -4.142306 -4.268489 0.983128
1769100086.301412 -4.137085 -4.260653 0.984393
1769100086.356421 -4.133570 -4.255361 0.984077
1769100086.406459 -4.130011 -4.250008 0.985342
1769100086.451415 -4.124584 -4.241823 0.985342
1769100086.501416 -4.120976 -4.236380 0.985342
1769100086.561418 -4.117367 -4.230937 0.984077
1769100086.606428 -4.111972 -4.222822 0.981229
1769100086.661495 -4.108595 -4.217773 0.979964
1769100086.706421 -4.103265 -4.209828 0.979331
1769100086.756421 -4.099638 -4.204428 0.979015
1769100086.816422 -4.096066 -4.199113 0.979331
1769100086.856445 -4.090717 -4.191150 0.980280
1769100086.901423 -4.087166 -4.185852 0.982178
1769100086.951546 -4.083568 -4.180463 0.983444
1769100087.006430 -4.080062 -4.175196 0.984709
1769100087.051445 -4.074826 -4.167309 0.984709
1769100087.101424 -4.071270 -4.161953 0.985975
1769100087.161433 -4.067805 -4.156719 0.984709
1769100087.206432 -4.062415 -4.148601 0.982495
1769100087.251432 -4.058805 -4.143190 0.980913
1769100087.306457 -4.055088 -4.137637 0.979015
1769100087.356467 -4.049582 -4.129444 0.975851
1769100087.406513 -4.045950 -4.124078 0.972687
1769100087.456499 -4.042302 -4.118723 0.968890
1769100087.501475 -4.036956 -4.110942 0.964777
1769100087.556436 -4.033323 -4.105699 0.961613
1769100087.611522 -4.029775 -4.100614 0.959399
1769100087.651538 -4.024385 -4.092924 0.954653
1769100087.701548 -4.020669 -4.087678 0.951489
1769100087.761472 -4.016908 -4.082402 0.948325
1769100087.801437 -4.011168 -4.074402 0.940416
1769100087.851557 -4.007393 -4.069230 0.937568
1769100087.906493 -4.003589 -4.064047 0.931873
1769100087.956482 -3.997808 -4.056265 0.923964
1769100088.006489 -3.993918 -4.051115 0.917320
1769100088.061446 -3.990148 -4.046191 0.912574
1769100088.101441 -3.984296 -4.038623 0.904348
1769100088.156446 -3.980274 -4.033510 0.901501
1769100088.211458 -3.976301 -4.028488 0.898020
1769100088.256449 -3.970308 -4.020965 0.894224
1769100088.301448 -3.966346 -4.016032 0.891693
1769100088.361595 -3.962435 -4.011187 0.889794
1769100088.406458 -3.956428 -4.003773 0.882518
1769100088.451485 -3.952280 -3.998729 0.879354
1769100088.506453 -3.948277 -3.993894 0.873026
1769100088.551520 -3.941935 -3.986330 0.864800
1769100088.601450 -3.937928 -3.981630 0.859105
1769100088.656458 -3.933564 -3.976570 0.854043
1769100088.701455 -3.927179 -3.969243 0.845817
1769100088.756456 -3.922916 -3.964430 0.842653
1769100088.811468 -3.918671 -3.959670 0.838857
1769100088.851478 -3.912379 -3.952666 0.832529
1769100088.901457 -3.908154 -3.948023 0.829365
1769100088.961457 -3.903829 -3.943300 0.825885
1769100089.001474 -3.897361 -3.936285 0.821139
1769100089.056461 -3.893032 -3.931635 0.818292
1769100089.106464 -3.888551 -3.926850 0.814179
1769100089.156464 -3.881984 -3.919893 0.809749
1769100089.206465 -3.877480 -3.915164 0.804687
1769100089.256509 -3.872970 -3.910477 0.799941
1769100089.301485 -3.866180 -3.903487 0.790134
1769100089.351480 -3.861585 -3.898848 0.783806
1769100089.411549 -3.857032 -3.894309 0.778744
1769100089.451484 -3.850167 -3.887536 0.771467
1769100089.501465 -3.845559 -3.883053 0.767670
1769100089.561476 -3.841024 -3.878677 0.766088
1769100089.601487 -3.834129 -3.872043 0.762925
1769100089.656507 -3.829556 -3.867671 0.759761
1769100089.711519 -3.824876 -3.863225 0.755648
1769100089.756515 -3.817931 -3.856682 0.749004
1769100089.806556 -3.813204 -3.852287 0.744258
1769100089.861506 -3.808382 -3.847846 0.737614
1769100089.901498 -3.801171 -3.841293 0.729072
1769100089.951500 -3.796300 -3.836942 0.724009
1769100090.011492 -3.791389 -3.832600 0.719896
1769100090.051478 -3.784101 -3.826209 0.713252
1769100090.101475 -3.779124 -3.821903 0.709456
1769100090.161484 -3.774342 -3.817798 0.705343
1769100090.211490 -3.767154 -3.811677 0.699331
1769100090.256487 -3.762331 -3.807620 0.696484
1769100090.311533 -3.757535 -3.803610 0.693004
1769100090.356485 -3.750253 -3.797562 0.686676
1769100090.406523 -3.745300 -3.793502 0.684461
1769100090.461480 -3.740575 -3.789646 0.680981
1769100090.501482 -3.732925 -3.783447 0.674970
1769100090.556489 -3.727826 -3.779367 0.669908
1769100090.611488 -3.722648 -3.775265 0.663897
1769100090.656489 -3.714953 -3.769245 0.655038
1769100090.701494 -3.709895 -3.765359 0.649343
1769100090.766585 -3.704815 -3.761502 0.644914
1769100090.806492 -3.698625 -3.756847 0.641117
1769100090.851491 -3.696394 -3.755181 0.640484
1769100090.911494 -3.695420 -3.754455 0.639219
1769100090.956506 -3.694831 -3.754018 0.640801
1769100091.006531 -3.694770 -3.753972 0.641117
1769100091.061493 -3.694790 -3.753987 0.641433
1769100091.106502 -3.694790 -3.753987 0.641433
1769100091.156579 -3.694790 -3.753987 0.641433
1769100091.216507 -3.694790 -3.753987 0.641433
1769100091.256501 -3.694790 -3.753987 0.641433
1769100091.301500 -3.694811 -3.754002 0.641117
1769100091.356502 -3.694790 -3.753987 0.641433
1769100091.406524 -3.694790 -3.753987 0.641433
1769100091.451530 -3.694790 -3.753987 0.641433
1769100091.501512 -3.694790 -3.753987 0.641433
1769100091.556504 -3.694790 -3.753987 0.641433
1769100091.606596 -3.694790 -3.753987 0.641433
1769100091.651537 -3.694811 -3.754002 0.641117
1769100091.706517 -3.694790 -3.753987 0.641433
1769100091.756550 -3.694790 -3.753987 0.641433
1769100091.816568 -3.694790 -3.753987 0.641433
1769100091.856520 -3.694790 -3.753987 0.641433
1769100091.901536 -3.694790 -3.753987 0.641433
1769100091.966524 -3.694790 -3.753987 0.641433
1769100092.006544 -3.694790 -3.753987 0.641433
1769100092.056552 -3.694790 -3.753987 0.641433
1769100092.111534 -3.694790 -3.753987 0.641433
1769100092.156516 -3.694790 -3.753987 0.641433
1769100092.206537 -3.694790 -3.753987 0.641433
1769100092.261516 -3.694790 -3.753987 0.641433
1769100092.306609 -3.694811 -3.754002 0.641117
1769100092.351591 -3.694790 -3.753987 0.641433
1769100092.406525 -3.694790 -3.753987 0.641433
1769100092.456555 -3.694790 -3.753987 0.641433
1769100092.501539 -3.694790 -3.753987 0.641433
1769100092.556610 -3.694790 -3.753987 0.641433
1769100092.611594 -3.694790 -3.753987 0.641433
1769100092.656548 -3.694811 -3.754002 0.641117
1769100092.701539 -3.694790 -3.753987 0.641433
1769100092.761525 -3.694790 -3.753987 0.641433
1769100092.806533 -3.694790 -3.753987 0.641433
1769100092.851526 -3.694790 -3.753987 0.641433
1769100092.906545 -3.694790 -3.753987 0.641433
1769100092.956599 -3.694790 -3.753987 0.641433
1769100093.001586 -3.694790 -3.753987 0.641433
1769100093.061530 -3.694790 -3.753987 0.641433
1769100093.101559 -3.694790 -3.753987 0.641433
1769100093.156596 -3.694790 -3.753987 0.641433
1769100093.211534 -3.694790 -3.753987 0.641433
1769100093.251553 -3.694811 -3.754002 0.641117
1769100093.301555 -3.694790 -3.753987 0.641433
1769100093.361550 -3.694790 -3.753987 0.641433
1769100093.406543 -3.694790 -3.753987 0.641433
1769100093.451570 -3.694790 -3.753987 0.641433
1769100093.506541 -3.694790 -3.753987 0.641433
1769100093.556548 -3.694790 -3.753987 0.641433
1769100093.606609 -3.694790 -3.753987 0.641433
1769100093.661569 -3.694790 -3.753987 0.641433
1769100093.701563 -3.694790 -3.753987 0.641433
1769100093.751548 -3.694790 -3.753987 0.641433
1769100093.811549 -3.694790 -3.753987 0.641433
1769100093.851574 -3.694811 -3.754002 0.641117
1769100093.901572 -3.694790 -3.753987 0.641433
1769100093.961585 -3.694790 -3.753987 0.641433
1769100094.016591 -3.694790 -3.753987 0.641433
1769100094.051615 -3.694790 -3.753987 0.641433
1769100094.106615 -3.694790 -3.753987 0.641433
1769100094.151607 -3.694790 -3.753987 0.641433
1769100094.206633 -3.694790 -3.753987 0.641433
1769100094.256594 -3.694790 -3.753987 0.641433
1769100094.306618 -3.694790 -3.753987 0.641433
1769100094.351578 -3.694790 -3.753987 0.641433
1769100094.411633 -3.694790 -3.753987 0.641433
1769100094.451576 -3.694790 -3.753987 0.641433
1769100094.506591 -3.694790 -3.753987 0.641433
1769100094.561573 -3.694790 -3.753987 0.641433
1769100094.606576 -3.694811 -3.754002 0.641117
1769100094.656585 -3.694790 -3.753987 0.641433
1769100094.711564 -3.694790 -3.753987 0.641433
1769100094.751572 -3.694790 -3.753987 0.641433
1769100094.806625 -3.694790 -3.753987 0.641433
1769100094.861574 -3.694790 -3.753987 0.641433
1769100094.906637 -3.694790 -3.753987 0.641433
1769100094.951565 -3.694790 -3.753987 0.641433
1769100095.011575 -3.694790 -3.753987 0.641433
1769100095.056581 -3.694811 -3.754002 0.641117
1769100095.101586 -3.694811 -3.754002 0.641117
1769100095.166634 -3.694790 -3.753987 0.641433
1769100095.206592 -3.694811 -3.754002 0.641117
1769100095.251569 -3.694811 -3.754002 0.641117
1769100095.311647 -3.694790 -3.753987 0.641433
1769100095.356575 -3.694790 -3.753987 0.641433
1769100095.406592 -3.694790 -3.753987 0.641433
1769100095.456635 -3.694790 -3.753987 0.641433
1769100095.506588 -3.694790 -3.753987 0.641433
1769100095.556579 -3.694790 -3.753987 0.641433
1769100095.611586 -3.694790 -3.753987 0.641433
1769100095.656610 -3.694811 -3.754002 0.641117
1769100095.706583 -3.694790 -3.753987 0.641433
1769100095.761617 -3.694790 -3.753987 0.641433
1769100095.806614 -3.694790 -3.753987 0.641433
1769100095.851694 -3.694790 -3.753987 0.641433
1769100095.906642 -3.694790 -3.753987 0.641433
1769100095.956627 -3.694790 -3.753987 0.641433
1769100096.001586 -3.694790 -3.753987 0.641433
1769100096.056616 -3.694790 -3.753987 0.641433
1769100096.106635 -3.694790 -3.753987 0.641433
1769100096.151592 -3.694790 -3.753987 0.641433
1769100096.206590 -3.694790 -3.753987 0.641433
1769100096.251585 -3.694790 -3.753987 0.641433
1769100096.311592 -3.694790 -3.753987 0.641433
1769100096.351613 -3.694811 -3.754002 0.641117
1769100096.401617 -3.694790 -3.753987 0.641433
1769100096.456601 -3.694790 -3.753987 0.641433
1769100096.501596 -3.694790 -3.753987 0.641433
1769100096.556624 -3.694811 -3.754002 0.641117
1769100096.611655 -3.694811 -3.754002 0.641117
1769100096.656612 -3.694811 -3.754002 0.641117
1769100096.716599 -3.694790 -3.753987 0.641433
1769100096.761596 -3.694790 -3.753987 0.641433
1769100096.806594 -3.694790 -3.753987 0.641433
1769100096.861594 -3.694811 -3.754002 0.641117
1769100096.906625 -3.694790 -3.753987 0.641433
1769100096.956618 -3.694790 -3.753987 0.641433
